id,name,category,value,price,status,created_at
30000,Product_0_3,sports,716.896845233104,427.480145834205,active,2024-03-09
30001,Product_1_3,clothing,589.6477534208291,262.31929805995105,pending,2024-05-26
30002,Product_2_3,home,769.9096005727797,139.16479068856344,active,2024-05-05
30003,Product_3_3,sports,501.9247817023041,234.93072009152183,inactive,2024-03-10
30004,Product_4_3,home,380.4166472247711,204.0356731076575,pending,2024-07-14
30005,Product_5_3,home,990.3925906949543,257.01477318863454,pending,2024-06-05
30006,Product_6_3,clothing,7.123993020989836,40.11106240639093,pending,2024-02-03
30007,Product_7_3,clothing,44.27591620519878,216.01313941600972,inactive,2024-08-06
30008,Product_8_3,books,230.56262428906555,465.916690589978,archived,2024-10-11
30009,Product_9_3,clothing,646.4203651778035,440.46127908330277,archived,2024-07-23
30010,Product_10_3,home,475.75095087345215,166.08061666325509,pending,2024-10-11
30011,Product_11_3,clothing,591.8889020896364,171.30268800885796,active,2024-10-15
30012,Product_12_3,sports,342.01663654554255,305.9686707490557,active,2024-09-04
30013,Product_13_3,sports,126.80906008763783,295.2251362729832,archived,2024-09-14
30014,Product_14_3,electronics,202.8229739181888,484.26813944955444,archived,2024-05-01
30015,Product_15_3,books,116.16479252242014,453.9494655222754,pending,2024-06-28
30016,Product_16_3,clothing,239.32033559193943,460.67202398975456,active,2024-01-10
30017,Product_17_3,home,576.8410189182822,306.2433595783579,archived,2024-02-04
30018,Product_18_3,sports,715.2984075157808,102.17681477832895,inactive,2024-04-18
30019,Product_19_3,clothing,660.1537107848153,59.39832577679573,pending,2024-03-25
30020,Product_20_3,sports,232.55953186514307,116.47293350259237,pending,2024-09-07
30021,Product_21_3,electronics,884.839177305133,222.95101001509377,pending,2024-06-18
30022,Product_22_3,sports,285.8641149074881,319.1878578804622,archived,2024-10-16
30023,Product_23_3,books,415.26056375212437,428.65513606466175,pending,2024-08-11
30024,Product_24_3,electronics,48.666450583773226,437.67659491045134,inactive,2024-12-23
30025,Product_25_3,books,217.49355799220177,123.45299110018534,pending,2024-08-28
30026,Product_26_3,clothing,537.1012783203746,202.9176515591782,archived,2024-09-10
30027,Product_27_3,books,195.72935683014424,141.04400555571436,pending,2024-07-17
30028,Product_28_3,clothing,60.85899511295326,107.31038672085563,active,2024-10-06
30029,Product_29_3,clothing,758.3135362471211,308.0414185061652,archived,2024-10-28
30030,Product_30_3,home,849.9338002794066,159.81957753459702,archived,2024-08-08
30031,Product_31_3,books,718.72940479614,208.50797934155568,pending,2024-12-18
30032,Product_32_3,books,507.9547934054354,94.96741904905494,archived,2024-03-14
30033,Product_33_3,books,53.59148101128771,338.7124964187583,archived,2024-09-20
30034,Product_34_3,electronics,800.9075162411178,229.8698260408285,active,2024-10-03
30035,Product_35_3,books,970.058332249366,361.8565545204137,active,2024-11-24
30036,Product_36_3,books,920.0973587106815,31.850921153929942,active,2024-04-17
30037,Product_37_3,sports,137.85853698063363,280.4242288488905,archived,2024-01-03
30038,Product_38_3,sports,313.7094470706913,63.08517635368946,inactive,2024-08-26
30039,Product_39_3,books,47.66931368392012,217.7339746294429,active,2024-12-14
30040,Product_40_3,sports,680.0954251867593,350.1521804314383,pending,2024-02-28
30041,Product_41_3,clothing,811.9551105759483,397.16744394580815,archived,2024-12-19
30042,Product_42_3,sports,354.66350359333796,349.03446086683476,active,2024-03-12
30043,Product_43_3,electronics,714.7430832777637,148.87485734200752,active,2024-04-19
30044,Product_44_3,clothing,267.67044458387153,22.979696512718927,active,2024-07-28
30045,Product_45_3,sports,839.3109469102194,431.12935496243415,archived,2024-04-08
30046,Product_46_3,electronics,559.0411761836393,331.30791515434186,inactive,2024-01-09
30047,Product_47_3,clothing,999.1826094512917,269.72263978385854,active,2024-02-10
30048,Product_48_3,books,938.8453436922993,94.71127834108312,pending,2024-04-19
30049,Product_49_3,sports,602.0252130874455,124.6217630558668,inactive,2024-04-22
30050,Product_50_3,sports,970.2764387215877,492.55018677612657,active,2024-12-27
30051,Product_51_3,electronics,19.162726574561,356.2365588760191,archived,2024-06-20
30052,Product_52_3,electronics,560.8306208683117,386.2719272125182,pending,2024-04-11
30053,Product_53_3,sports,200.1207247549806,26.14272575123531,pending,2024-04-12
30054,Product_54_3,sports,839.7534543294257,438.48008296574534,pending,2024-09-04
30055,Product_55_3,books,228.92591466066742,488.39880656186864,inactive,2024-05-11
30056,Product_56_3,electronics,786.7482541442123,180.5701342534688,inactive,2024-11-14
30057,Product_57_3,clothing,932.4179839023053,422.32748443410986,active,2024-08-01
30058,Product_58_3,books,883.0524409184933,91.43989946919838,active,2024-11-19
30059,Product_59_3,sports,771.8374956493503,250.90194145024088,inactive,2024-04-17
30060,Product_60_3,clothing,400.27592282894904,211.5700164932731,active,2024-04-03
30061,Product_61_3,books,663.5351978328758,471.4278708942189,pending,2024-03-27
30062,Product_62_3,home,13.485315686387658,241.85799266219655,archived,2024-03-25
30063,Product_63_3,home,432.91840759744605,298.5444666316053,pending,2024-12-07
30064,Product_64_3,home,214.33891824982308,438.9976378021843,inactive,2024-01-05
30065,Product_65_3,clothing,428.52190928578875,409.48250647789223,archived,2024-06-02
30066,Product_66_3,home,500.10809433507615,245.14961559311854,inactive,2024-09-15
30067,Product_67_3,home,742.0965674502362,277.7527363785995,pending,2024-09-19
30068,Product_68_3,home,609.0239765309404,347.1632733694678,pending,2024-12-27
30069,Product_69_3,clothing,897.4770351794675,350.81923793775525,archived,2024-09-13
30070,Product_70_3,sports,823.3684334103615,248.14548765781194,pending,2024-05-22
30071,Product_71_3,sports,497.3720638054457,493.49016743844555,inactive,2024-01-18
30072,Product_72_3,sports,682.0711453049694,58.70553389656148,pending,2024-04-05
30073,Product_73_3,clothing,791.9995183084415,267.09329139847597,inactive,2024-02-06
30074,Product_74_3,clothing,747.5478160827334,400.84190506275974,inactive,2024-01-10
30075,Product_75_3,books,607.4152585164369,392.22371703553097,pending,2024-02-07
30076,Product_76_3,sports,298.3744320388282,347.32997833203825,active,2024-08-01
30077,Product_77_3,clothing,3.487488566489043,150.2763918275938,inactive,2024-09-25
30078,Product_78_3,home,107.22520158566351,490.71592658773403,inactive,2024-03-10
30079,Product_79_3,sports,612.4755052220413,363.76341544150563,inactive,2024-01-05
30080,Product_80_3,home,312.1854274545213,221.19870743521827,inactive,2024-09-22
30081,Product_81_3,clothing,724.500399590631,489.89581640876753,archived,2024-12-13
30082,Product_82_3,books,899.2722076765256,294.0916499729805,inactive,2024-07-25
30083,Product_83_3,sports,921.4317140402786,55.42611893486521,archived,2024-02-17
30084,Product_84_3,home,48.77514684352999,179.70495699115278,pending,2024-01-19
30085,Product_85_3,home,934.1616503437024,168.73171372652473,archived,2024-04-10
30086,Product_86_3,electronics,804.6117313602733,74.63408848917854,pending,2024-02-03
30087,Product_87_3,home,130.53902869532973,252.89108942883178,active,2024-01-13
30088,Product_88_3,home,429.8876940299166,64.40217583029256,pending,2024-05-13
30089,Product_89_3,home,751.8340351651706,344.1766095994867,active,2024-05-10
30090,Product_90_3,clothing,90.71428190337537,29.47960934009222,active,2024-12-07
30091,Product_91_3,books,880.1996547994934,90.05867705987045,archived,2024-01-17
30092,Product_92_3,clothing,612.7068517495694,201.9656394537916,archived,2024-10-10
30093,Product_93_3,electronics,330.331541026872,388.9557787712334,archived,2024-04-01
30094,Product_94_3,sports,266.5936135180303,278.44910323853253,archived,2024-08-08
30095,Product_95_3,home,231.14194393708797,219.38590314534167,pending,2024-11-03
30096,Product_96_3,home,921.8785062344072,447.97610163168196,archived,2024-11-22
30097,Product_97_3,clothing,161.83617169877007,410.87764317359955,pending,2024-09-04
30098,Product_98_3,electronics,926.9189903480142,127.76823453315066,active,2024-07-17
30099,Product_99_3,electronics,154.22423175880317,438.2333306515072,inactive,2024-02-22
30100,Product_100_3,home,558.1612876181683,47.85957835000853,inactive,2024-01-22
30101,Product_101_3,home,129.2213083642165,36.81031362634947,active,2024-09-12
30102,Product_102_3,electronics,12.758359880888205,56.824695533368384,inactive,2024-11-04
30103,Product_103_3,books,545.7115113093666,238.53703966607569,active,2024-03-20
30104,Product_104_3,home,584.5153649214639,339.4233155004016,active,2024-04-28
30105,Product_105_3,books,245.5709518772246,395.35279231858135,active,2024-05-01
30106,Product_106_3,electronics,776.3636155557002,355.8483514118802,pending,2024-01-16
30107,Product_107_3,sports,375.3898769618632,185.54165439543587,active,2024-03-22
30108,Product_108_3,home,239.02498703698308,470.22941080272466,archived,2024-09-22
30109,Product_109_3,clothing,874.9360131284184,415.88444646239185,inactive,2024-03-15
30110,Product_110_3,sports,17.726642924893994,415.328968202471,inactive,2024-05-10
30111,Product_111_3,clothing,260.0564866620326,303.3617670882005,inactive,2024-01-06
30112,Product_112_3,sports,953.0814551059229,87.38428776312841,active,2024-02-01
30113,Product_113_3,clothing,691.8355958272509,52.30460752386551,pending,2024-12-11
30114,Product_114_3,electronics,221.4355486682086,187.8129675346731,active,2024-07-07
30115,Product_115_3,sports,153.28445129531315,247.1795417244342,pending,2024-11-08
30116,Product_116_3,clothing,260.6218152600393,130.22143314972965,pending,2024-05-23
30117,Product_117_3,clothing,200.05726560287212,472.6976149162701,pending,2024-06-25
30118,Product_118_3,books,830.7392069985236,364.5889458729373,active,2024-12-14
30119,Product_119_3,books,41.44355348870308,426.95261933904237,active,2024-03-24
30120,Product_120_3,home,499.31622591970375,17.016143466158567,active,2024-11-02
30121,Product_121_3,electronics,454.62294131860085,252.58751953760512,pending,2024-03-08
30122,Product_122_3,books,502.07180387198576,19.318872965086797,pending,2024-06-28
30123,Product_123_3,clothing,129.65809351112026,483.4045320973156,archived,2024-12-14
30124,Product_124_3,home,349.76773016973874,254.8493950515499,inactive,2024-02-20
30125,Product_125_3,books,417.3994363622702,332.3129707842361,inactive,2024-01-18
30126,Product_126_3,clothing,144.94503376133238,58.98555693463593,pending,2024-11-06
30127,Product_127_3,electronics,284.1398476838823,238.87901896543593,archived,2024-03-14
30128,Product_128_3,clothing,754.5615326827777,485.60197522330435,archived,2024-10-17
30129,Product_129_3,electronics,149.30093605262778,367.2326992968874,pending,2024-05-27
30130,Product_130_3,clothing,828.5603182919132,143.54778850622404,inactive,2024-05-07
30131,Product_131_3,electronics,315.2854333691035,269.149856510185,inactive,2024-02-20
30132,Product_132_3,sports,583.0473200071966,453.9176286206233,active,2024-10-08
30133,Product_133_3,clothing,880.399553864191,226.34205957098735,inactive,2024-03-12
30134,Product_134_3,electronics,868.9041642067419,495.2972107117577,active,2024-11-07
30135,Product_135_3,sports,72.71161838628889,223.12544234634066,inactive,2024-01-02
30136,Product_136_3,sports,118.61644750838026,184.84822238173322,archived,2024-06-03
30137,Product_137_3,books,294.4915961170627,308.2942620955211,archived,2024-09-06
30138,Product_138_3,electronics,78.13513927571663,157.80668598376974,inactive,2024-01-25
30139,Product_139_3,electronics,540.0632203037638,284.40106912137463,pending,2024-05-28
30140,Product_140_3,sports,889.7658351594249,99.62473082385195,archived,2024-02-03
30141,Product_141_3,electronics,889.2377355977935,254.5796887392435,inactive,2024-07-21
30142,Product_142_3,sports,927.1339715996847,93.56745766850969,pending,2024-12-12
30143,Product_143_3,home,86.63944483046873,56.635060058912444,inactive,2024-04-13
30144,Product_144_3,sports,167.2009408755362,413.8866625759201,pending,2024-04-10
30145,Product_145_3,clothing,248.5357049362287,344.71635690290634,pending,2024-04-16
30146,Product_146_3,clothing,541.7450184457582,434.3957750685755,active,2024-06-26
30147,Product_147_3,sports,124.25994925830162,395.027017579047,archived,2024-07-27
30148,Product_148_3,books,610.6575308609866,124.51024239065822,pending,2024-07-22
30149,Product_149_3,home,455.11039426617424,424.3767979942219,active,2024-04-13
30150,Product_150_3,clothing,310.92311347530375,111.27769924014582,pending,2024-09-16
30151,Product_151_3,electronics,524.0050359504916,470.23494822095535,inactive,2024-12-24
30152,Product_152_3,books,485.0958174977988,329.1309083952339,active,2024-06-12
30153,Product_153_3,sports,512.676099356326,315.02412654877253,pending,2024-07-14
30154,Product_154_3,sports,58.36484935177812,338.9919291690961,archived,2024-08-22
30155,Product_155_3,electronics,815.9113925038986,248.32762642718927,pending,2024-11-27
30156,Product_156_3,clothing,246.36711186586768,310.76622930201785,archived,2024-09-07
30157,Product_157_3,books,829.6831829517246,349.29066258617297,inactive,2024-06-04
30158,Product_158_3,clothing,392.15572806172406,153.11572461209607,pending,2024-12-09
30159,Product_159_3,electronics,564.6872102799523,389.8345527765463,archived,2024-01-26
30160,Product_160_3,clothing,559.3251444352629,493.83174686146566,inactive,2024-09-08
30161,Product_161_3,sports,918.4843925650907,29.696981799376005,active,2024-01-20
30162,Product_162_3,books,488.306739487982,174.2064328402982,archived,2024-03-16
30163,Product_163_3,books,416.4605563688827,412.0814474226498,pending,2024-09-10
30164,Product_164_3,electronics,927.9781802882293,354.95983684160734,active,2024-09-09
30165,Product_165_3,electronics,325.52138387290637,357.3891926181629,inactive,2024-09-12
30166,Product_166_3,home,636.9884629372767,330.7396779542838,archived,2024-03-21
30167,Product_167_3,home,909.5781132405936,384.39455011795536,active,2024-01-21
30168,Product_168_3,electronics,54.92476245554211,220.41451571877704,inactive,2024-01-27
30169,Product_169_3,sports,807.1456526737666,267.25718835684506,active,2024-06-07
30170,Product_170_3,books,266.2469062491668,174.48495625014343,pending,2024-01-21
30171,Product_171_3,sports,788.0514529607881,345.99483151393997,active,2024-06-23
30172,Product_172_3,books,705.500742708417,65.84119127825687,archived,2024-04-15
30173,Product_173_3,home,446.63752874447266,163.34871841507004,active,2024-06-03
30174,Product_174_3,sports,107.19000002954326,326.55030585931866,active,2024-09-13
30175,Product_175_3,clothing,54.14620695623253,48.37924269248972,pending,2024-10-12
30176,Product_176_3,books,153.18020653007687,427.1467791973928,active,2024-09-27
30177,Product_177_3,clothing,560.3578424685804,415.545143833681,inactive,2024-05-15
30178,Product_178_3,electronics,380.05585374218924,304.25903803542417,inactive,2024-01-11
30179,Product_179_3,sports,712.0206114441271,11.607463262823007,inactive,2024-02-16
30180,Product_180_3,home,681.0531675152573,312.7462169711097,inactive,2024-04-26
30181,Product_181_3,sports,392.0087160108271,474.82321329180036,active,2024-08-06
30182,Product_182_3,sports,343.56403354676473,71.28689084245093,archived,2024-01-28
30183,Product_183_3,clothing,812.0491292745127,101.24050677416737,inactive,2024-09-05
30184,Product_184_3,clothing,813.3857347990898,129.06273919266243,active,2024-03-11
30185,Product_185_3,sports,489.5393387343335,283.73645486885727,archived,2024-03-06
30186,Product_186_3,clothing,443.13995565314195,124.20890621770002,active,2024-05-17
30187,Product_187_3,home,499.61701587429303,307.6194639289098,active,2024-05-19
30188,Product_188_3,home,535.098214352291,201.34911568040133,inactive,2024-10-03
30189,Product_189_3,home,626.2221578994904,417.9306657588719,pending,2024-08-09
30190,Product_190_3,electronics,902.8065829226582,384.5047099740803,pending,2024-05-01
30191,Product_191_3,books,917.3498518843119,77.9763656628804,active,2024-08-12
30192,Product_192_3,clothing,216.18400475916448,155.43573261637155,pending,2024-04-21
30193,Product_193_3,sports,773.0351769968527,359.667936673664,active,2024-04-27
30194,Product_194_3,books,836.2773573117806,253.0554960127378,active,2024-05-22
30195,Product_195_3,clothing,119.85586442894474,284.28415456003864,archived,2024-07-26
30196,Product_196_3,sports,137.21365548678156,121.05592796838066,active,2024-09-14
30197,Product_197_3,books,321.95826816876246,71.0223302422078,pending,2024-06-06
30198,Product_198_3,electronics,367.7337787346082,402.3520295350528,inactive,2024-07-26
30199,Product_199_3,clothing,578.86377801576,110.30335845704168,inactive,2024-11-17
30200,Product_200_3,clothing,457.2411314116277,240.38702920581756,pending,2024-10-28
30201,Product_201_3,home,350.73415103471814,448.069020958683,archived,2024-12-22
30202,Product_202_3,home,146.45011203164518,79.69796016190674,inactive,2024-10-15
30203,Product_203_3,clothing,596.7313882562433,273.46791459481125,inactive,2024-08-13
30204,Product_204_3,home,51.02934486335436,26.87897722349706,active,2024-07-23
30205,Product_205_3,clothing,395.8871940305885,280.82408327670527,archived,2024-05-26
30206,Product_206_3,sports,743.261784340163,241.07612209382964,archived,2024-09-01
30207,Product_207_3,clothing,222.93623265006514,29.63955503138842,active,2024-09-28
30208,Product_208_3,clothing,393.143220357484,279.18560944003167,active,2024-11-21
30209,Product_209_3,clothing,45.96460317648446,82.94620884748734,pending,2024-02-04
30210,Product_210_3,sports,751.2956148752087,35.45485514527729,pending,2024-12-28
30211,Product_211_3,electronics,837.7996218628717,323.4384164449422,pending,2024-10-26
30212,Product_212_3,books,879.9140769089736,235.1441830016438,inactive,2024-08-15
30213,Product_213_3,books,285.9341549512802,26.06445673542204,inactive,2024-01-03
30214,Product_214_3,sports,710.2806152559627,28.35182758945271,pending,2024-12-19
30215,Product_215_3,sports,968.627071716631,283.21474283666015,archived,2024-12-28
30216,Product_216_3,home,455.3208184261079,387.27607284118,archived,2024-07-07
30217,Product_217_3,sports,234.9579421930396,292.7060890937086,active,2024-01-13
30218,Product_218_3,home,13.60010484647211,153.3082605922755,inactive,2024-12-03
30219,Product_219_3,electronics,951.6355742396071,255.14563830178187,inactive,2024-04-15
30220,Product_220_3,books,512.7671017473995,436.76790675470204,archived,2024-03-21
30221,Product_221_3,clothing,114.59559898095317,445.8301410473686,pending,2024-03-20
30222,Product_222_3,home,644.2108550371796,314.8156036915374,inactive,2024-05-11
30223,Product_223_3,clothing,772.1345750467764,171.95366701045813,inactive,2024-05-16
30224,Product_224_3,books,796.4192841950207,385.5782929839853,inactive,2024-02-16
30225,Product_225_3,clothing,796.4441021844872,326.69532750446905,pending,2024-09-22
30226,Product_226_3,electronics,756.2324869614139,489.16934062112153,active,2024-02-16
30227,Product_227_3,electronics,164.95191208463564,386.1937214620388,archived,2024-08-20
30228,Product_228_3,sports,780.6977526555632,448.042245776973,pending,2024-01-16
30229,Product_229_3,clothing,162.07160719873858,227.6459228170551,inactive,2024-06-24
30230,Product_230_3,sports,805.4787278047279,64.17838395772233,active,2024-11-07
30231,Product_231_3,sports,896.0763659365194,119.83930408889994,pending,2024-02-25
30232,Product_232_3,electronics,29.121714622722585,450.4696068248281,archived,2024-07-02
30233,Product_233_3,home,809.5411359706346,324.58485244363305,pending,2024-06-03
30234,Product_234_3,books,59.70925465102593,294.5675056694526,archived,2024-09-19
30235,Product_235_3,books,358.1893941641091,138.36537004169747,inactive,2024-11-12
30236,Product_236_3,books,921.3554616307031,441.8274572717063,archived,2024-11-11
30237,Product_237_3,books,651.1663952216126,171.03277840259474,inactive,2024-02-10
30238,Product_238_3,clothing,657.3719027511141,10.962270045117696,inactive,2024-09-04
30239,Product_239_3,books,45.20598259837135,433.2306350255041,active,2024-04-28
30240,Product_240_3,clothing,123.18808171068437,122.23095075350793,archived,2024-07-27
30241,Product_241_3,books,917.2437502008418,297.74766583789597,active,2024-07-20
30242,Product_242_3,books,485.2517994189699,485.60810190500445,active,2024-09-09
30243,Product_243_3,clothing,280.88924182205324,495.4887217042645,active,2024-05-24
30244,Product_244_3,clothing,306.5644768075689,206.59890532675928,pending,2024-06-24
30245,Product_245_3,books,311.6894384746555,161.8425244716323,pending,2024-02-11
30246,Product_246_3,home,721.6142358571032,272.55239482789136,active,2024-05-27
30247,Product_247_3,clothing,845.563215320841,310.42762099090527,active,2024-11-15
30248,Product_248_3,home,720.9628978838165,335.29866977912184,archived,2024-03-21
30249,Product_249_3,clothing,287.6906578769156,107.14892421701677,inactive,2024-09-18
30250,Product_250_3,clothing,991.2530783500525,299.6331996590213,archived,2024-07-25
30251,Product_251_3,sports,270.31849150003535,312.07770430383243,pending,2024-08-19
30252,Product_252_3,electronics,159.8511278744146,179.9684908188281,pending,2024-05-23
30253,Product_253_3,books,70.88747346772676,280.87081860406096,archived,2024-10-23
30254,Product_254_3,books,717.3789497121791,277.7990782001782,active,2024-05-14
30255,Product_255_3,home,392.0831971943693,31.080930862404518,pending,2024-08-14
30256,Product_256_3,sports,4.617011746369242,206.38064217886043,pending,2024-12-06
30257,Product_257_3,electronics,915.922918078873,451.6909059142479,active,2024-09-03
30258,Product_258_3,home,75.87604225686323,56.62178079005808,pending,2024-07-06
30259,Product_259_3,home,49.91812087029308,462.7273555977667,archived,2024-02-07
30260,Product_260_3,home,522.0383054564425,439.4008045963348,active,2024-01-12
30261,Product_261_3,sports,663.7440831091061,421.62494784475285,pending,2024-08-22
30262,Product_262_3,sports,775.1146341332674,112.54472979430034,inactive,2024-05-27
30263,Product_263_3,electronics,61.09525137759653,225.02121213727148,archived,2024-06-02
30264,Product_264_3,electronics,156.1413702515382,410.61439680983364,inactive,2024-05-01
30265,Product_265_3,electronics,347.90314999965733,139.13519616727226,active,2024-01-04
30266,Product_266_3,sports,36.11216515815346,125.39831421764133,archived,2024-04-16
30267,Product_267_3,sports,824.7691493630739,372.6689486922842,inactive,2024-02-11
30268,Product_268_3,home,557.7194503184929,239.91172275434351,inactive,2024-09-12
30269,Product_269_3,sports,872.3675085975574,99.8754606347641,archived,2024-02-27
30270,Product_270_3,sports,85.15781762296766,490.95305279746884,pending,2024-11-13
30271,Product_271_3,books,471.19970115278005,144.87180170520998,inactive,2024-07-20
30272,Product_272_3,clothing,532.0640862228756,488.9288375184321,archived,2024-05-28
30273,Product_273_3,electronics,963.6743803483391,393.8264010633469,archived,2024-12-28
30274,Product_274_3,home,104.4439023403343,20.130347793724177,active,2024-08-01
30275,Product_275_3,electronics,694.9691992988269,105.94014873595685,archived,2024-08-25
30276,Product_276_3,books,590.782963103895,226.3894622439006,active,2024-04-03
30277,Product_277_3,books,917.9692332266809,57.85153994048686,archived,2024-07-15
30278,Product_278_3,sports,33.676982199396186,272.1826373067836,active,2024-09-08
30279,Product_279_3,books,690.3359015431178,452.6499411137162,inactive,2024-10-27
30280,Product_280_3,home,125.9652574253929,447.6601674845435,pending,2024-03-08
30281,Product_281_3,sports,568.0539023476558,323.7927609001634,active,2024-12-19
30282,Product_282_3,clothing,914.7983587354894,307.81948110175995,pending,2024-07-09
30283,Product_283_3,clothing,405.61989892754417,70.04265240807672,archived,2024-10-13
30284,Product_284_3,sports,230.60846094600865,155.7559848110621,active,2024-04-18
30285,Product_285_3,sports,707.4361498836954,440.8768597782176,inactive,2024-10-06
30286,Product_286_3,books,532.9480539835823,59.29664634984027,active,2024-05-04
30287,Product_287_3,sports,139.56323390341956,338.93289092886204,pending,2024-01-25
30288,Product_288_3,sports,865.1805211287761,287.74735586479477,active,2024-03-17
30289,Product_289_3,home,988.37490781184,126.58248270801946,active,2024-09-14
30290,Product_290_3,books,864.6015137775213,274.88380713559803,pending,2024-06-12
30291,Product_291_3,home,717.4485995401141,164.16079674568616,inactive,2024-04-18
30292,Product_292_3,electronics,792.742083083337,308.7263367969509,inactive,2024-02-19
30293,Product_293_3,sports,871.3765391977345,363.983878693472,archived,2024-12-19
30294,Product_294_3,home,878.9081793608716,19.76682675014563,active,2024-10-28
30295,Product_295_3,books,690.1052871951421,359.01348009156544,inactive,2024-05-10
30296,Product_296_3,sports,697.435277274613,372.2056234054946,pending,2024-07-11
30297,Product_297_3,clothing,644.0704169686408,275.40401701229695,pending,2024-09-14
30298,Product_298_3,books,104.09208371965279,271.8816534083004,active,2024-11-15
30299,Product_299_3,clothing,567.3908316470868,153.14905503954964,archived,2024-07-22
30300,Product_300_3,sports,197.00676383110127,321.28240080074,inactive,2024-01-04
30301,Product_301_3,home,663.0884899480327,71.39235803553903,active,2024-10-04
30302,Product_302_3,clothing,339.0955181042682,236.30274551998838,pending,2024-08-04
30303,Product_303_3,electronics,313.77024506220977,140.47714278666678,active,2024-03-27
30304,Product_304_3,books,622.6338910238969,65.1336153189381,pending,2024-04-26
30305,Product_305_3,electronics,699.1825626720293,172.80766680243704,pending,2024-06-26
30306,Product_306_3,clothing,8.935216469955886,104.51718460567707,pending,2024-03-25
30307,Product_307_3,home,883.5382914595651,477.0129058763147,pending,2024-05-20
30308,Product_308_3,clothing,425.74248738559373,252.8187508854906,archived,2024-12-21
30309,Product_309_3,sports,960.9820034793682,110.96676274818404,archived,2024-03-04
30310,Product_310_3,electronics,286.0601678734092,345.1524164965037,active,2024-06-09
30311,Product_311_3,home,601.3115224749154,162.54272701201546,inactive,2024-02-15
30312,Product_312_3,books,621.5912911716161,242.0049302447521,archived,2024-10-15
30313,Product_313_3,clothing,215.21628640253834,392.68045149673856,archived,2024-08-20
30314,Product_314_3,electronics,500.07878496185907,369.9532791926672,archived,2024-04-28
30315,Product_315_3,sports,70.35820195447384,466.19223759679704,archived,2024-09-12
30316,Product_316_3,electronics,454.1976547589541,121.15195753817956,archived,2024-05-28
30317,Product_317_3,books,561.0448189690104,199.9940144517694,archived,2024-01-17
30318,Product_318_3,clothing,508.3176567415489,84.9381737330639,inactive,2024-08-22
30319,Product_319_3,books,313.53794856113507,171.34548642673738,archived,2024-11-18
30320,Product_320_3,clothing,200.89844267879235,228.44600078227737,pending,2024-07-20
30321,Product_321_3,electronics,461.69238775997565,239.38034714602176,active,2024-04-20
30322,Product_322_3,home,754.189267990971,419.9787166077051,pending,2024-02-04
30323,Product_323_3,electronics,72.39497862633668,495.13286588980776,pending,2024-06-06
30324,Product_324_3,books,867.3294516632252,412.7841180805509,archived,2024-12-18
30325,Product_325_3,books,103.61296227345517,37.81832784711202,pending,2024-02-06
30326,Product_326_3,electronics,464.6593167638217,347.6863260491844,inactive,2024-05-06
30327,Product_327_3,sports,900.3532131849612,361.24200858726596,archived,2024-10-05
30328,Product_328_3,sports,373.45325012650267,308.01525347274304,archived,2024-04-18
30329,Product_329_3,books,641.0722378175686,32.17653015829548,archived,2024-09-03
30330,Product_330_3,books,754.0824094933278,204.15121012435503,archived,2024-06-19
30331,Product_331_3,books,397.19758090953263,305.3582950727587,active,2024-04-01
30332,Product_332_3,books,365.8467445663621,163.43835977414932,inactive,2024-09-17
30333,Product_333_3,electronics,956.4770122382056,439.73918424973954,active,2024-10-26
30334,Product_334_3,clothing,349.78318348685025,225.01788490968784,inactive,2024-04-13
30335,Product_335_3,sports,112.08206736067933,64.91664347045025,pending,2024-06-13
30336,Product_336_3,books,285.2815354004777,122.00733764734615,archived,2024-06-23
30337,Product_337_3,clothing,669.3719762781909,189.18251075565016,active,2024-04-06
30338,Product_338_3,home,741.545370151326,430.40013687332055,archived,2024-03-27
30339,Product_339_3,books,455.5443644259939,315.43193577737617,active,2024-11-20
30340,Product_340_3,sports,851.759956889854,126.16066518981162,active,2024-11-25
30341,Product_341_3,electronics,436.5304505322789,473.55521413666173,pending,2024-01-18
30342,Product_342_3,electronics,728.9817634139408,389.1644316109568,inactive,2024-06-21
30343,Product_343_3,books,252.8057890010041,100.82092117827077,active,2024-09-10
30344,Product_344_3,books,653.3555156456553,404.72055430567093,active,2024-04-01
30345,Product_345_3,clothing,524.4226169112432,324.95295995205544,pending,2024-02-28
30346,Product_346_3,home,99.58973793314475,184.34819142225757,inactive,2024-12-02
30347,Product_347_3,sports,283.3243882187911,422.93218084849457,archived,2024-03-09
30348,Product_348_3,clothing,133.18281848597243,185.29736890033058,pending,2024-02-01
30349,Product_349_3,home,54.47011764777555,255.04652195706106,inactive,2024-01-07
30350,Product_350_3,sports,715.5834683798744,135.5962486753288,active,2024-11-03
30351,Product_351_3,home,359.8395048535945,369.0477832683623,active,2024-10-23
30352,Product_352_3,electronics,926.5276480807787,73.0774939517362,inactive,2024-11-18
30353,Product_353_3,books,366.29101953763086,163.23999580436274,active,2024-11-22
30354,Product_354_3,books,149.82761384103426,284.545515719975,pending,2024-12-05
30355,Product_355_3,home,558.7547787815133,79.69800467954951,inactive,2024-08-13
30356,Product_356_3,books,995.9170633127941,182.50322941229524,inactive,2024-02-26
30357,Product_357_3,sports,63.97483100686352,239.24796796795596,active,2024-04-23
30358,Product_358_3,electronics,490.5144705240559,96.38027182868883,pending,2024-03-01
30359,Product_359_3,home,424.61632498016434,341.8306546658854,inactive,2024-06-08
30360,Product_360_3,home,202.89668685773032,352.3372201247623,archived,2024-07-15
30361,Product_361_3,books,594.8862201958543,151.06408139777585,inactive,2024-11-13
30362,Product_362_3,electronics,297.48962981843425,484.3102058892809,pending,2024-07-27
30363,Product_363_3,home,903.7743368818635,225.58866038632897,pending,2024-07-26
30364,Product_364_3,books,800.4885967733761,122.21413061762804,inactive,2024-02-22
30365,Product_365_3,clothing,347.8027983746061,63.63837288030919,active,2024-06-15
30366,Product_366_3,clothing,880.998478397878,314.9916370397382,archived,2024-01-05
30367,Product_367_3,electronics,530.9818896725772,292.16710347521723,active,2024-09-22
30368,Product_368_3,electronics,713.9538278890009,273.7080829614283,pending,2024-03-27
30369,Product_369_3,sports,633.0725211664563,396.7028720983091,archived,2024-02-02
30370,Product_370_3,home,424.6770053843449,57.46616239066965,inactive,2024-02-04
30371,Product_371_3,sports,952.1561944490085,164.69991311130642,pending,2024-06-13
30372,Product_372_3,electronics,849.5130406637553,150.534646286344,active,2024-12-18
30373,Product_373_3,sports,68.98066492345511,285.2053245876953,active,2024-03-09
30374,Product_374_3,books,381.60707121718815,366.54217614831225,archived,2024-09-15
30375,Product_375_3,books,999.3596533705571,142.59429560559258,inactive,2024-07-16
30376,Product_376_3,books,462.18791112847236,30.81256673504857,inactive,2024-10-17
30377,Product_377_3,clothing,824.7703233094587,417.16937302612115,pending,2024-04-03
30378,Product_378_3,sports,405.7964624461867,148.46710464656573,pending,2024-05-13
30379,Product_379_3,sports,636.8103803591301,427.29817839688985,inactive,2024-07-23
30380,Product_380_3,clothing,99.76210826917251,62.34809984008506,inactive,2024-01-20
30381,Product_381_3,clothing,536.3131618270736,292.49595398087047,pending,2024-05-01
30382,Product_382_3,books,73.61639431404828,79.60863185480117,archived,2024-04-22
30383,Product_383_3,electronics,76.12311895620778,124.7784389925294,inactive,2024-05-01
30384,Product_384_3,books,155.47371526110086,372.3306492308615,active,2024-09-21
30385,Product_385_3,electronics,457.08954405584444,462.62948996339435,inactive,2024-08-01
30386,Product_386_3,sports,658.7236783004016,347.1687079631328,archived,2024-02-14
30387,Product_387_3,books,253.0362528887182,430.4266559903872,archived,2024-04-13
30388,Product_388_3,sports,247.5857433763517,483.1727677391841,active,2024-12-15
30389,Product_389_3,electronics,720.8757458603758,215.77275466547928,pending,2024-02-10
30390,Product_390_3,electronics,1.7128035111069115,423.8736213042884,archived,2024-09-07
30391,Product_391_3,clothing,158.70204608233047,176.3698816700765,inactive,2024-10-08
30392,Product_392_3,books,81.32504240388523,86.58722097329843,pending,2024-09-23
30393,Product_393_3,clothing,503.0566797714112,127.97382698913837,archived,2024-08-04
30394,Product_394_3,books,652.5862927258256,250.10802195216723,active,2024-09-04
30395,Product_395_3,home,224.0673607484015,460.29395957200467,archived,2024-01-06
30396,Product_396_3,sports,10.419362692219865,279.8410908709838,archived,2024-04-12
30397,Product_397_3,sports,209.16031364420718,89.92034409920059,active,2024-10-04
30398,Product_398_3,electronics,504.2207220741343,472.56616821228477,inactive,2024-02-14
30399,Product_399_3,electronics,556.5209044491577,125.94431724453858,pending,2024-02-14
30400,Product_400_3,books,586.1295102725097,13.77592267838296,pending,2024-07-23
30401,Product_401_3,clothing,143.98444301692297,140.58834235626648,inactive,2024-03-26
30402,Product_402_3,sports,993.5073072127296,336.465581190224,active,2024-07-22
30403,Product_403_3,sports,646.9375199555825,112.95112820866156,archived,2024-10-14
30404,Product_404_3,clothing,349.35639368393464,150.55678357208592,inactive,2024-12-28
30405,Product_405_3,home,224.20688275258533,80.99925201598683,inactive,2024-06-04
30406,Product_406_3,home,219.58009673485589,53.277996837447795,active,2024-02-19
30407,Product_407_3,electronics,291.25245461989095,225.47889376263797,inactive,2024-04-28
30408,Product_408_3,sports,729.6760761982028,123.541449865525,archived,2024-01-17
30409,Product_409_3,sports,873.7211089349067,316.18204583203214,archived,2024-07-12
30410,Product_410_3,electronics,477.6084522617413,411.63956391046844,inactive,2024-03-28
30411,Product_411_3,clothing,301.9527777372322,224.4493524506876,active,2024-05-01
30412,Product_412_3,sports,760.1605298143594,370.37707295807917,inactive,2024-03-14
30413,Product_413_3,books,398.0075568007278,177.10772780725875,inactive,2024-05-21
30414,Product_414_3,home,710.2358115940705,169.4478328425391,active,2024-01-19
30415,Product_415_3,home,193.47631077328074,27.395901243762815,archived,2024-05-22
30416,Product_416_3,home,964.6019730282997,371.1569555465181,inactive,2024-06-10
30417,Product_417_3,books,185.56714987093534,31.581062503330436,active,2024-08-23
30418,Product_418_3,books,930.4560888002892,74.95655484539493,inactive,2024-04-16
30419,Product_419_3,books,794.5219749923398,33.26104252692896,pending,2024-10-12
30420,Product_420_3,home,922.5119056433451,64.91065668159996,active,2024-07-25
30421,Product_421_3,home,916.1534331679089,21.01500481296472,archived,2024-03-26
30422,Product_422_3,home,917.4518606916029,142.31142833981912,inactive,2024-01-06
30423,Product_423_3,books,500.60076702666555,105.9183016105747,archived,2024-11-28
30424,Product_424_3,electronics,20.70900401757062,483.79017829331303,archived,2024-03-14
30425,Product_425_3,clothing,819.0020183298172,211.4155127552041,archived,2024-09-01
30426,Product_426_3,books,870.0193410079548,144.74682206770865,archived,2024-03-25
30427,Product_427_3,sports,149.75080835359742,49.73019958056857,inactive,2024-02-04
30428,Product_428_3,sports,330.82325659230713,165.77773160415023,pending,2024-07-07
30429,Product_429_3,electronics,98.40038911063743,236.54570449984325,active,2024-04-28
30430,Product_430_3,clothing,825.3228859310866,87.86908309803209,active,2024-03-05
30431,Product_431_3,home,768.2327052234532,414.40438721810267,inactive,2024-04-02
30432,Product_432_3,sports,388.8081994278556,354.3604139714198,inactive,2024-04-05
30433,Product_433_3,clothing,779.3152456464156,443.80701822715264,archived,2024-04-06
30434,Product_434_3,books,592.6303880210108,393.08178565098694,archived,2024-02-18
30435,Product_435_3,books,553.5595454697101,344.1671352413678,archived,2024-08-28
30436,Product_436_3,electronics,375.38043059450126,238.8677615066541,pending,2024-08-20
30437,Product_437_3,home,686.1646837683204,210.91450180811043,active,2024-02-24
30438,Product_438_3,sports,428.4672861913973,140.5983108408837,inactive,2024-11-03
30439,Product_439_3,sports,583.2797802503937,361.9117351598984,pending,2024-09-07
30440,Product_440_3,electronics,45.96998491346172,290.9489610789671,pending,2024-11-24
30441,Product_441_3,sports,923.9911490018413,123.32624300427287,active,2024-08-28
30442,Product_442_3,sports,908.0672348956876,496.4133453661131,pending,2024-05-21
30443,Product_443_3,home,967.1057559756701,312.51581075012194,active,2024-11-11
30444,Product_444_3,sports,643.6061653392395,443.4129129340481,inactive,2024-05-06
30445,Product_445_3,clothing,563.9634045477617,54.384269327695336,archived,2024-05-06
30446,Product_446_3,clothing,199.78324673168834,121.88448369494255,archived,2024-05-27
30447,Product_447_3,sports,196.45948737372194,217.7516094964272,pending,2024-08-02
30448,Product_448_3,clothing,52.26531792352558,86.4362147985307,pending,2024-09-26
30449,Product_449_3,sports,63.6169801335989,52.72292827985386,inactive,2024-03-03
30450,Product_450_3,home,391.4467834473586,492.69666265066405,active,2024-04-08
30451,Product_451_3,home,772.7903306688625,359.0403736118198,active,2024-11-14
30452,Product_452_3,books,160.6286867580446,72.88246856346228,inactive,2024-02-22
30453,Product_453_3,books,731.3021971165836,120.19109064958872,pending,2024-01-28
30454,Product_454_3,books,272.7452077971682,233.64966857624657,pending,2024-03-08
30455,Product_455_3,sports,540.5420282193286,226.55906143347528,pending,2024-05-01
30456,Product_456_3,sports,169.01100937045823,187.83476957874458,pending,2024-05-21
30457,Product_457_3,clothing,526.9858332654136,354.21656672817676,archived,2024-09-01
30458,Product_458_3,clothing,389.7001127703306,323.77776276614276,inactive,2024-01-26
30459,Product_459_3,home,99.32063623213314,51.36434957307864,pending,2024-04-07
30460,Product_460_3,sports,608.3583469595283,367.6199590955503,inactive,2024-06-03
30461,Product_461_3,home,717.0338910750507,138.0618140874917,inactive,2024-05-07
30462,Product_462_3,home,490.16986643939066,167.12373071505016,archived,2024-12-22
30463,Product_463_3,books,816.5023030369578,19.62137213976752,active,2024-01-24
30464,Product_464_3,clothing,289.9877334892269,436.70217227882176,archived,2024-10-06
30465,Product_465_3,sports,834.6867903247933,40.78751371960081,active,2024-04-12
30466,Product_466_3,sports,111.59001814808859,238.69358265099953,active,2024-07-11
30467,Product_467_3,books,735.1725826005978,490.34799708075275,archived,2024-07-23
30468,Product_468_3,sports,172.35993254920916,28.033397106646483,pending,2024-11-17
30469,Product_469_3,sports,159.12997432627765,98.04034893377556,archived,2024-07-07
30470,Product_470_3,books,3.6976307151233434,133.63242152306907,pending,2024-04-21
30471,Product_471_3,books,156.13837936206002,238.73036961175018,active,2024-09-23
30472,Product_472_3,home,917.3663311791513,440.35415136192813,pending,2024-02-11
30473,Product_473_3,sports,635.5742569981131,491.7922130070246,inactive,2024-12-10
30474,Product_474_3,electronics,342.7179311786272,361.3417612042332,inactive,2024-03-06
30475,Product_475_3,sports,780.2923708111921,31.87066826421482,pending,2024-10-24
30476,Product_476_3,books,999.0583633008985,116.40683857145893,active,2024-03-20
30477,Product_477_3,electronics,44.78818811598685,408.0479451302507,pending,2024-06-17
30478,Product_478_3,books,565.9021437848769,205.3687688604076,pending,2024-02-09
30479,Product_479_3,books,837.1229926980832,331.46749594756403,active,2024-08-25
30480,Product_480_3,clothing,200.72129775766032,57.73699905646612,pending,2024-06-10
30481,Product_481_3,books,540.7702895497966,374.27563978057964,pending,2024-03-25
30482,Product_482_3,clothing,583.7174485049313,226.9433723666077,inactive,2024-04-08
30483,Product_483_3,clothing,986.3331055361708,355.0023365494608,inactive,2024-05-07
30484,Product_484_3,home,453.45750861147695,193.30991359698427,pending,2024-01-27
30485,Product_485_3,electronics,170.68488143387304,30.657699121611092,inactive,2024-09-04
30486,Product_486_3,home,147.39574551856876,320.85931696279306,inactive,2024-06-27
30487,Product_487_3,clothing,403.1138338060406,274.0682503086749,pending,2024-10-05
30488,Product_488_3,sports,727.2042244548603,23.771957606091384,inactive,2024-11-14
30489,Product_489_3,home,344.8872589054307,442.72479079491603,archived,2024-01-16
30490,Product_490_3,clothing,733.1709563980855,380.3121472030324,pending,2024-12-23
30491,Product_491_3,home,49.032577997768435,25.18625990976578,active,2024-01-04
30492,Product_492_3,home,285.04087677939896,219.3551364822882,active,2024-12-09
30493,Product_493_3,home,634.188386980275,122.16134594658561,archived,2024-06-21
30494,Product_494_3,clothing,398.79625002339105,207.93670947027073,pending,2024-04-16
30495,Product_495_3,books,306.33497634978374,482.2608345627315,pending,2024-11-28
30496,Product_496_3,electronics,732.7798536030556,417.4537390443824,inactive,2024-09-22
30497,Product_497_3,home,485.9464027164834,418.42780552707137,pending,2024-04-09
30498,Product_498_3,books,350.12130781142406,224.30283598378432,inactive,2024-05-27
30499,Product_499_3,electronics,864.3883564369594,376.0377373714175,inactive,2024-11-05
30500,Product_500_3,clothing,185.7694554155583,371.48984781498615,pending,2024-04-25
30501,Product_501_3,clothing,90.31622405514985,319.26754673913564,archived,2024-11-25
30502,Product_502_3,clothing,64.09979029749553,126.15850265735317,pending,2024-07-28
30503,Product_503_3,home,958.5999127851626,64.32810527943587,active,2024-08-09
30504,Product_504_3,clothing,694.8120452235067,154.50443753919785,archived,2024-10-21
30505,Product_505_3,books,335.9269843995871,342.8029755134049,active,2024-11-14
30506,Product_506_3,electronics,890.1579335180738,373.9803633883399,archived,2024-01-03
30507,Product_507_3,books,694.7341683070197,94.77063738337847,pending,2024-08-09
30508,Product_508_3,clothing,79.22787133888916,251.02239367139018,inactive,2024-09-16
30509,Product_509_3,sports,44.969360486970764,133.61814931130863,inactive,2024-11-06
30510,Product_510_3,home,512.0401554209092,314.9583661075947,pending,2024-05-21
30511,Product_511_3,home,882.299745903634,354.8895053787335,archived,2024-07-13
30512,Product_512_3,books,674.875799092179,205.8556481055739,active,2024-05-16
30513,Product_513_3,clothing,889.2850051341885,251.87340031622583,archived,2024-02-15
30514,Product_514_3,home,160.84183042083632,377.26963312663963,active,2024-08-18
30515,Product_515_3,books,628.0092283835598,492.4849444069139,archived,2024-12-24
30516,Product_516_3,electronics,970.8143065021673,157.1292765095695,inactive,2024-11-02
30517,Product_517_3,books,475.0187864243336,493.2886057002157,inactive,2024-04-21
30518,Product_518_3,books,400.87687893709665,73.19016248758867,pending,2024-07-14
30519,Product_519_3,home,592.6804642017905,368.4615106931184,active,2024-12-10
30520,Product_520_3,clothing,160.902145181247,208.86493831077334,pending,2024-11-16
30521,Product_521_3,clothing,506.9434737674302,405.8629126559122,active,2024-04-24
30522,Product_522_3,home,113.53925985304168,217.7476559007637,active,2024-04-15
30523,Product_523_3,sports,561.1004602516193,183.15206262341704,pending,2024-07-13
30524,Product_524_3,clothing,73.22785921289837,390.7217319710295,inactive,2024-10-06
30525,Product_525_3,clothing,212.24139417809724,351.11284865488483,active,2024-12-10
30526,Product_526_3,books,342.86116862480606,89.41276813600808,active,2024-11-06
30527,Product_527_3,home,189.1404300519055,164.86050667000038,archived,2024-03-13
30528,Product_528_3,books,548.3132749146927,438.09544676021466,inactive,2024-02-15
30529,Product_529_3,clothing,691.9188429548557,458.226227090493,pending,2024-02-26
30530,Product_530_3,books,835.8671804507903,448.89916578001385,inactive,2024-05-19
30531,Product_531_3,books,715.2205731597008,412.0060748045136,active,2024-10-16
30532,Product_532_3,sports,958.7962819488248,75.76640031020142,archived,2024-03-17
30533,Product_533_3,home,798.5095469992484,304.8237822347712,pending,2024-12-12
30534,Product_534_3,electronics,86.23199375352702,490.5772574898231,inactive,2024-11-05
30535,Product_535_3,clothing,30.228335024528523,97.72210733571961,active,2024-12-26
30536,Product_536_3,books,177.39486090487387,292.5052888802236,active,2024-12-09
30537,Product_537_3,clothing,779.3288053658316,339.0472669080186,pending,2024-07-11
30538,Product_538_3,electronics,177.2813502177384,257.7108406183486,archived,2024-01-19
30539,Product_539_3,clothing,847.9572652743665,157.1598152017525,pending,2024-12-07
30540,Product_540_3,books,135.14433636592986,53.90327349446483,pending,2024-11-24
30541,Product_541_3,home,181.76687713644532,327.5182735378315,active,2024-09-09
30542,Product_542_3,books,813.7727520913327,83.86112898892301,inactive,2024-07-12
30543,Product_543_3,books,890.40742243286,41.87564535278421,active,2024-10-18
30544,Product_544_3,clothing,498.9819130804381,411.49393274146473,inactive,2024-03-19
30545,Product_545_3,clothing,687.0583092688333,215.59074003658938,pending,2024-09-17
30546,Product_546_3,electronics,159.33875389315227,257.2241294582511,pending,2024-10-05
30547,Product_547_3,home,133.414949136068,205.92681794108745,archived,2024-09-17
30548,Product_548_3,sports,767.9820192774764,359.07036952121035,active,2024-10-03
30549,Product_549_3,clothing,553.4575592893834,58.2459983274688,active,2024-06-22
30550,Product_550_3,home,411.8726353581287,494.8573897586258,active,2024-09-10
30551,Product_551_3,home,512.7839184467983,104.00575485638524,active,2024-01-09
30552,Product_552_3,clothing,87.44691623821831,445.90768069804636,inactive,2024-02-22
30553,Product_553_3,home,8.103041166460258,97.74505625029944,archived,2024-05-28
30554,Product_554_3,electronics,744.2927292417029,55.71571662252901,pending,2024-02-25
30555,Product_555_3,home,409.3304131038143,42.7110593446304,inactive,2024-04-26
30556,Product_556_3,home,642.563231498792,401.3145114178881,inactive,2024-09-02
30557,Product_557_3,books,408.4693354316713,181.6442455819968,pending,2024-10-26
30558,Product_558_3,clothing,208.13111107375434,485.7634675153985,archived,2024-10-05
30559,Product_559_3,books,479.7131278924507,152.60894007902456,active,2024-04-03
30560,Product_560_3,home,432.9529924556626,150.63231108279248,pending,2024-07-09
30561,Product_561_3,books,665.5553346954094,22.679742360734448,pending,2024-11-01
30562,Product_562_3,electronics,119.83518201834197,137.87787485248572,pending,2024-12-25
30563,Product_563_3,electronics,385.49514642162677,495.39864605530454,active,2024-12-02
30564,Product_564_3,clothing,31.507750366457763,455.15750395041545,inactive,2024-08-15
30565,Product_565_3,clothing,289.1575496534,30.998303400253192,archived,2024-11-03
30566,Product_566_3,home,282.21458739848845,273.9295926203226,inactive,2024-03-09
30567,Product_567_3,books,551.5507078655709,365.9051864072431,inactive,2024-09-16
30568,Product_568_3,clothing,253.58967739655176,25.243363582125966,archived,2024-06-26
30569,Product_569_3,home,699.4359189906261,328.31053760667487,pending,2024-06-19
30570,Product_570_3,home,584.8702413886267,417.9636122935892,inactive,2024-12-24
30571,Product_571_3,electronics,436.0944098897675,91.63515320261034,pending,2024-09-26
30572,Product_572_3,clothing,340.92869052829724,423.6616548009243,pending,2024-06-04
30573,Product_573_3,electronics,268.2726307334735,177.15823898628176,pending,2024-09-19
30574,Product_574_3,sports,351.5332030476118,353.3707675581655,active,2024-05-17
30575,Product_575_3,electronics,45.4171034367638,314.00921633519164,inactive,2024-07-28
30576,Product_576_3,books,457.3898974759434,143.57094735761703,inactive,2024-06-27
30577,Product_577_3,clothing,57.21818053711205,47.038481855356146,inactive,2024-03-23
30578,Product_578_3,books,659.687129678679,366.08337172008487,inactive,2024-08-21
30579,Product_579_3,home,436.60906528829975,326.75503016763764,archived,2024-10-19
30580,Product_580_3,sports,40.66465113995426,143.81746170136657,inactive,2024-09-13
30581,Product_581_3,electronics,611.5432455502493,155.0878311884223,inactive,2024-05-03
30582,Product_582_3,sports,437.23128720376263,207.06236682191093,inactive,2024-10-05
30583,Product_583_3,sports,595.4057510429238,341.3631191755141,pending,2024-12-12
30584,Product_584_3,books,136.81841582357222,144.0110627029827,inactive,2024-06-24
30585,Product_585_3,home,431.19750557343997,337.45295918965843,pending,2024-06-27
30586,Product_586_3,electronics,104.8616315843013,56.670084878514125,inactive,2024-08-14
30587,Product_587_3,home,665.8187233506645,231.46513916507763,archived,2024-08-04
30588,Product_588_3,electronics,719.0568526566852,169.99037153033973,inactive,2024-09-26
30589,Product_589_3,sports,332.9642495650637,91.75636793117583,inactive,2024-09-03
30590,Product_590_3,clothing,126.07019970673313,130.2615804883114,pending,2024-02-01
30591,Product_591_3,electronics,717.9262445183019,199.84643909815475,pending,2024-06-09
30592,Product_592_3,sports,976.3169186158891,202.8428632470886,pending,2024-05-15
30593,Product_593_3,clothing,170.72475680940738,134.15552412471592,pending,2024-06-25
30594,Product_594_3,home,74.93605316204443,335.87146699210894,archived,2024-08-02
30595,Product_595_3,clothing,837.6215385347728,241.86952203169844,pending,2024-08-24
30596,Product_596_3,books,335.68710660350513,114.69029245582999,active,2024-05-19
30597,Product_597_3,clothing,549.5138383576153,95.52448767115087,pending,2024-12-24
30598,Product_598_3,books,587.0559595270497,81.13598872836387,active,2024-09-14
30599,Product_599_3,sports,136.56017146904378,110.99604894320382,active,2024-06-08
30600,Product_600_3,home,562.6965432462996,150.13360906859222,pending,2024-07-22
30601,Product_601_3,home,64.55156607337753,246.78729750171678,inactive,2024-09-08
30602,Product_602_3,home,767.1787662922965,255.01659658997676,inactive,2024-04-11
30603,Product_603_3,books,67.9501568031092,149.50791516442212,active,2024-06-08
30604,Product_604_3,clothing,900.8682709193153,177.32131079663398,active,2024-08-14
30605,Product_605_3,electronics,302.89060762788733,430.31036660438764,pending,2024-07-27
30606,Product_606_3,sports,450.99007413349955,51.179393121685585,pending,2024-06-17
30607,Product_607_3,clothing,910.0357099834796,253.1423429156687,pending,2024-06-26
30608,Product_608_3,electronics,123.13054704490327,404.02879862581483,inactive,2024-05-06
30609,Product_609_3,books,728.0643553580501,264.7338364821961,active,2024-09-02
30610,Product_610_3,books,474.0682069372878,233.71744748732846,pending,2024-05-11
30611,Product_611_3,books,509.85995795036973,191.35530048252716,inactive,2024-05-03
30612,Product_612_3,home,136.7414394905558,455.47227655504304,pending,2024-10-10
30613,Product_613_3,electronics,359.4139768619632,254.58136568163306,active,2024-02-06
30614,Product_614_3,home,909.1901769492565,110.42899095357352,pending,2024-09-16
30615,Product_615_3,clothing,957.486733258049,128.73532775926984,active,2024-07-09
30616,Product_616_3,electronics,796.5442149019677,111.42167245034261,inactive,2024-01-20
30617,Product_617_3,electronics,299.01453030286103,379.6251495326994,pending,2024-07-01
30618,Product_618_3,home,218.05540784526784,181.83680330407424,pending,2024-09-02
30619,Product_619_3,sports,587.4581879334249,429.0325181802116,archived,2024-03-17
30620,Product_620_3,electronics,120.0872995007379,59.9628543294656,inactive,2024-05-12
30621,Product_621_3,electronics,544.3425567462366,14.856219338823916,active,2024-08-22
30622,Product_622_3,electronics,243.65702278790383,95.96168994075974,archived,2024-09-13
30623,Product_623_3,clothing,32.958539250996324,476.0755891645204,pending,2024-06-08
30624,Product_624_3,home,945.9175288334203,181.08734194596784,active,2024-01-28
30625,Product_625_3,sports,904.9182189440834,179.06682639961718,archived,2024-12-22
30626,Product_626_3,home,145.98272928303788,73.78112292794842,pending,2024-02-21
30627,Product_627_3,clothing,836.2218368566317,116.23892272953098,active,2024-08-09
30628,Product_628_3,electronics,501.08453676276656,151.61291670143268,inactive,2024-05-23
30629,Product_629_3,electronics,951.4538970998092,132.13919055958888,pending,2024-01-06
30630,Product_630_3,home,998.2798122087345,290.63971348200965,pending,2024-03-16
30631,Product_631_3,sports,567.2610198432596,145.28251786533616,active,2024-07-09
30632,Product_632_3,sports,332.3869531874638,79.05301596407253,archived,2024-11-17
30633,Product_633_3,sports,877.1705648474978,61.39152790895101,inactive,2024-10-02
30634,Product_634_3,electronics,534.5646606273253,197.60374740764647,active,2024-03-26
30635,Product_635_3,clothing,48.92260544896966,208.9523008764807,active,2024-10-23
30636,Product_636_3,sports,728.1586686162292,332.12723265297285,pending,2024-06-22
30637,Product_637_3,home,894.2026777825907,380.9569912058071,archived,2024-05-04
30638,Product_638_3,sports,495.7196997221083,139.71305690453224,inactive,2024-03-25
30639,Product_639_3,clothing,544.8927631635219,444.499357069223,pending,2024-08-10
30640,Product_640_3,electronics,140.9730228453162,382.645768362948,inactive,2024-01-24
30641,Product_641_3,books,646.7287106961473,375.5270475800054,pending,2024-10-18
30642,Product_642_3,books,914.388792591393,364.1753308417089,active,2024-11-26
30643,Product_643_3,books,995.2730124227132,404.4723786717335,inactive,2024-04-15
30644,Product_644_3,clothing,240.9566851065919,126.51931978696486,pending,2024-08-24
30645,Product_645_3,sports,51.12420893951746,436.67356306885534,inactive,2024-08-24
30646,Product_646_3,books,792.6229945219616,200.571201281063,archived,2024-08-15
30647,Product_647_3,books,74.06211524317808,332.5489823010545,archived,2024-04-11
30648,Product_648_3,books,506.26838115904195,371.26609506776737,inactive,2024-04-19
30649,Product_649_3,home,961.593342509067,227.1331376918007,pending,2024-04-19
30650,Product_650_3,home,612.5257389623083,219.9910940311398,archived,2024-11-07
30651,Product_651_3,clothing,830.2377627943131,209.10872602386277,inactive,2024-03-10
30652,Product_652_3,books,52.58051938894879,249.07391529932838,inactive,2024-05-16
30653,Product_653_3,clothing,639.14922840555,161.51829117271188,pending,2024-10-21
30654,Product_654_3,sports,182.0961155059829,359.44715431405234,archived,2024-04-05
30655,Product_655_3,books,118.70739794694656,336.1926513547651,pending,2024-08-04
30656,Product_656_3,sports,347.15834837858984,494.41172247753354,archived,2024-02-21
30657,Product_657_3,electronics,603.1800021930686,327.2074498422298,inactive,2024-12-07
30658,Product_658_3,books,858.9172361414379,413.96636053735614,pending,2024-03-20
30659,Product_659_3,sports,284.9598941578418,90.45011412864707,inactive,2024-07-09
30660,Product_660_3,home,949.1533300389343,289.66615339030903,inactive,2024-02-22
30661,Product_661_3,clothing,838.7743901979211,283.55368280668785,archived,2024-02-18
30662,Product_662_3,electronics,804.8710168979936,96.87741333320025,active,2024-08-18
30663,Product_663_3,sports,34.03690101164735,268.01299654853926,inactive,2024-11-20
30664,Product_664_3,home,207.1204875293326,204.3420537387158,pending,2024-05-18
30665,Product_665_3,books,477.89211793503756,444.2036851112166,inactive,2024-12-17
30666,Product_666_3,electronics,217.95039248062795,487.4249446638751,active,2024-10-02
30667,Product_667_3,books,880.2032211922983,28.505515120815595,pending,2024-09-18
30668,Product_668_3,home,237.88932576718014,398.1187155245315,pending,2024-01-22
30669,Product_669_3,sports,30.526484557098645,64.42869492420421,inactive,2024-09-01
30670,Product_670_3,clothing,808.7116382016798,39.33821614955886,active,2024-10-07
30671,Product_671_3,clothing,451.9908112067984,224.21838808668937,archived,2024-12-02
30672,Product_672_3,electronics,107.80245392403948,251.44329542218875,inactive,2024-01-20
30673,Product_673_3,sports,33.817810362463064,342.1622789900883,archived,2024-09-19
30674,Product_674_3,clothing,855.3592009032957,360.5144711490507,pending,2024-05-10
30675,Product_675_3,electronics,316.65652527973,11.151347998165305,pending,2024-04-19
30676,Product_676_3,clothing,504.23912931227443,204.78094153961274,inactive,2024-03-03
30677,Product_677_3,sports,982.0165628640742,62.81978915109592,pending,2024-06-10
30678,Product_678_3,clothing,410.66343874920034,458.21259622813227,pending,2024-12-26
30679,Product_679_3,electronics,30.941504901887427,64.67501966170647,active,2024-06-27
30680,Product_680_3,sports,706.6757376405436,413.5710235416342,archived,2024-05-06
30681,Product_681_3,home,392.04919126229646,60.87098219545056,archived,2024-08-21
30682,Product_682_3,electronics,577.6658309473589,10.481929136869205,pending,2024-09-20
30683,Product_683_3,sports,250.20099417401389,437.58457008034844,inactive,2024-08-12
30684,Product_684_3,sports,361.5808882721036,363.4192492174386,inactive,2024-03-05
30685,Product_685_3,clothing,248.20748891840947,61.19606753478882,pending,2024-02-19
30686,Product_686_3,home,952.5060565257498,147.3900625649366,active,2024-12-16
30687,Product_687_3,books,921.8265371543645,123.02071798380157,inactive,2024-05-21
30688,Product_688_3,sports,358.7365090467445,136.9821200756418,active,2024-07-06
30689,Product_689_3,electronics,581.7052658216243,209.32363583369974,archived,2024-10-25
30690,Product_690_3,clothing,602.7653217500493,497.4384234445281,pending,2024-07-11
30691,Product_691_3,sports,10.47722618925348,143.56375131066102,archived,2024-06-19
30692,Product_692_3,home,877.5301580967772,418.08657704177216,active,2024-07-14
30693,Product_693_3,clothing,369.0033407631021,225.6116019476513,pending,2024-02-24
30694,Product_694_3,books,237.8879694152675,428.7485548814855,active,2024-11-06
30695,Product_695_3,books,428.9566353275204,57.18066437968519,active,2024-05-18
30696,Product_696_3,home,489.5919815832091,479.087514677223,archived,2024-03-21
30697,Product_697_3,home,741.1383430965151,271.1413399838622,pending,2024-04-08
30698,Product_698_3,clothing,177.66848338293894,100.45044152990134,active,2024-06-08
30699,Product_699_3,clothing,833.6456141989626,114.17763007614775,active,2024-08-05
30700,Product_700_3,clothing,675.4983560238077,61.8786904753032,active,2024-12-21
30701,Product_701_3,clothing,741.6546184849522,423.5450427605522,archived,2024-07-04
30702,Product_702_3,sports,816.5101643379008,278.3412257102968,archived,2024-02-06
30703,Product_703_3,home,789.6964739840107,468.71721686922103,inactive,2024-04-06
30704,Product_704_3,home,996.9572388398709,159.83460185156903,inactive,2024-02-02
30705,Product_705_3,clothing,412.96772220892666,73.60302049867612,pending,2024-01-24
30706,Product_706_3,books,393.03117303099884,55.35881301427144,active,2024-06-24
30707,Product_707_3,books,372.1240754596072,47.877527628630666,archived,2024-12-24
30708,Product_708_3,home,212.43879774399983,130.03555860828382,pending,2024-06-17
30709,Product_709_3,electronics,669.7057432594426,63.701792633056336,inactive,2024-02-04
30710,Product_710_3,electronics,485.3112051215636,138.38073922697177,inactive,2024-02-25
30711,Product_711_3,books,238.94391624811607,108.62116434236844,active,2024-03-04
30712,Product_712_3,books,134.46984168097944,462.4773728326214,inactive,2024-04-09
30713,Product_713_3,home,233.0303031405186,335.51152561776786,archived,2024-07-20
30714,Product_714_3,clothing,626.9780274404981,63.99331894527209,inactive,2024-02-03
30715,Product_715_3,clothing,317.5913998441151,136.3464118391513,active,2024-10-28
30716,Product_716_3,electronics,732.2854636836604,346.42081878253566,active,2024-04-03
30717,Product_717_3,electronics,707.1749064870648,214.10782591594585,inactive,2024-10-19
30718,Product_718_3,home,939.6257160327708,430.66506322104846,archived,2024-07-05
30719,Product_719_3,clothing,634.3002861416975,430.8359369901328,archived,2024-10-21
30720,Product_720_3,clothing,155.7922188204045,492.51046842261985,active,2024-05-24
30721,Product_721_3,books,927.5273643180947,214.75657788945725,inactive,2024-02-28
30722,Product_722_3,sports,691.6239215876227,418.31854641468556,pending,2024-05-15
30723,Product_723_3,sports,670.6517226397749,416.1465986432079,inactive,2024-07-10
30724,Product_724_3,home,752.1401291070306,317.1677760466371,pending,2024-11-06
30725,Product_725_3,clothing,426.38354946261245,87.71379232345106,inactive,2024-08-13
30726,Product_726_3,home,879.3589944934797,93.14584364372105,active,2024-12-04
30727,Product_727_3,sports,177.43208002535923,243.3695107041036,inactive,2024-11-14
30728,Product_728_3,books,795.8971954102359,351.31137838685993,active,2024-04-05
30729,Product_729_3,clothing,65.37948620392896,111.7521379158574,archived,2024-07-08
30730,Product_730_3,electronics,239.67758996822428,468.1937992008187,inactive,2024-09-21
30731,Product_731_3,books,75.35965045186005,250.64895162363806,inactive,2024-03-25
30732,Product_732_3,electronics,305.6268468756197,90.16732756964718,pending,2024-09-14
30733,Product_733_3,sports,483.5182644912991,22.444825196629537,pending,2024-02-11
30734,Product_734_3,clothing,46.910706178362496,479.6248009241189,pending,2024-01-18
30735,Product_735_3,sports,388.41513380112883,474.67757792631227,active,2024-08-27
30736,Product_736_3,electronics,992.2431991193645,356.659491896513,pending,2024-04-22
30737,Product_737_3,books,845.0218270188982,122.46808148606105,pending,2024-06-28
30738,Product_738_3,clothing,148.49817407455944,391.89719845424855,active,2024-06-28
30739,Product_739_3,sports,949.1308766321157,316.02338510213514,inactive,2024-10-09
30740,Product_740_3,home,756.6341441470653,433.9433907118749,archived,2024-07-05
30741,Product_741_3,books,611.9001203487657,472.3263985406904,active,2024-02-02
30742,Product_742_3,electronics,169.7909548173197,201.45083495492503,archived,2024-01-24
30743,Product_743_3,home,251.39061686058304,131.40250675787377,active,2024-02-26
30744,Product_744_3,sports,646.4253901841066,432.1820167282304,active,2024-10-02
30745,Product_745_3,clothing,532.4630885836192,291.67452357812516,archived,2024-06-24
30746,Product_746_3,electronics,663.0179152656565,381.78233615813286,active,2024-05-04
30747,Product_747_3,electronics,882.6099706012039,132.96249393794977,inactive,2024-11-13
30748,Product_748_3,electronics,686.0112254344147,191.68042620470166,active,2024-05-26
30749,Product_749_3,electronics,789.2903985079254,416.63660893018124,inactive,2024-12-19
30750,Product_750_3,home,63.35210300139455,192.49724824798767,active,2024-06-11
30751,Product_751_3,books,461.75319832474884,106.56511217066468,inactive,2024-08-05
30752,Product_752_3,clothing,225.77382523069272,443.43306755131124,inactive,2024-08-23
30753,Product_753_3,books,832.0588101241982,263.87126889291756,pending,2024-05-01
30754,Product_754_3,electronics,322.3849899014359,409.7505105866518,inactive,2024-08-26
30755,Product_755_3,electronics,499.5217453277779,406.31231284111226,active,2024-03-01
30756,Product_756_3,clothing,822.2882904525762,117.40302361718646,archived,2024-04-13
30757,Product_757_3,clothing,46.0159602316968,304.34813543443283,archived,2024-11-08
30758,Product_758_3,sports,279.6424009624412,473.1942715387135,pending,2024-10-06
30759,Product_759_3,books,42.49913629814021,199.7866250815954,archived,2024-11-08
30760,Product_760_3,clothing,975.4301218270608,110.71548754931737,active,2024-02-18
30761,Product_761_3,sports,583.5866741459431,45.511122284986854,pending,2024-02-09
30762,Product_762_3,electronics,141.6669864414397,320.4323256262183,active,2024-05-13
30763,Product_763_3,home,974.3782881714575,342.8878358406872,archived,2024-04-07
30764,Product_764_3,electronics,774.4690683810395,89.9414368702702,inactive,2024-03-11
30765,Product_765_3,sports,126.80145488192568,363.1031190618601,active,2024-08-20
30766,Product_766_3,electronics,763.18133559442,224.48107265493394,archived,2024-06-13
30767,Product_767_3,clothing,688.3381328067162,165.54797825484198,pending,2024-04-11
30768,Product_768_3,electronics,241.0711164978238,496.47507895133253,active,2024-02-06
30769,Product_769_3,home,487.26835562623245,408.3918375920421,pending,2024-05-26
30770,Product_770_3,home,224.7798912041847,473.66116711962286,pending,2024-11-07
30771,Product_771_3,home,883.1608642252663,122.81279772838697,active,2024-07-15
30772,Product_772_3,clothing,909.5465887424356,452.67910466797196,pending,2024-06-18
30773,Product_773_3,home,692.7270798837245,88.70227468412277,pending,2024-07-10
30774,Product_774_3,sports,777.425620474462,383.41170120787643,pending,2024-11-13
30775,Product_775_3,sports,948.3361470916082,406.58350764487284,active,2024-08-22
30776,Product_776_3,sports,167.80164143457077,476.8745539389908,archived,2024-08-28
30777,Product_777_3,sports,429.0846933505927,92.00491498176237,archived,2024-04-07
30778,Product_778_3,clothing,962.2374035108348,43.95051855711925,archived,2024-10-27
30779,Product_779_3,sports,644.2251647631941,147.0351157612716,pending,2024-06-07
30780,Product_780_3,home,646.9097463920532,245.09679583676808,archived,2024-01-23
30781,Product_781_3,home,180.7276691517858,97.85770316567898,archived,2024-07-28
30782,Product_782_3,books,27.797371392872037,430.7358858784366,archived,2024-07-03
30783,Product_783_3,clothing,714.1322401232818,44.1195540928314,inactive,2024-12-15
30784,Product_784_3,home,123.01772111807122,13.702655325294732,active,2024-01-16
30785,Product_785_3,home,15.944756619436095,490.3290857098688,active,2024-06-02
30786,Product_786_3,books,106.16337384192418,211.6882244783598,pending,2024-07-24
30787,Product_787_3,electronics,900.4178353681036,18.46338485131419,inactive,2024-10-12
30788,Product_788_3,books,632.126836538825,67.57885321309297,active,2024-12-13
30789,Product_789_3,electronics,49.91174079625447,245.4122166862216,active,2024-01-25
30790,Product_790_3,home,753.4635759518411,323.18848405433795,pending,2024-10-22
30791,Product_791_3,books,213.02477595618006,477.918419534835,pending,2024-08-08
30792,Product_792_3,sports,679.5046924885785,239.03174326373826,inactive,2024-02-25
30793,Product_793_3,books,655.2466558952808,414.6970304695764,inactive,2024-08-07
30794,Product_794_3,home,981.1591578740977,66.13456229111618,archived,2024-04-26
30795,Product_795_3,clothing,796.8005006565886,353.0258317695195,active,2024-06-03
30796,Product_796_3,books,636.6379881442678,343.4228832584115,pending,2024-06-15
30797,Product_797_3,clothing,756.0650367747962,198.47883674050055,active,2024-07-22
30798,Product_798_3,books,401.765446058676,262.85064452616507,pending,2024-02-19
30799,Product_799_3,home,282.2830595519357,168.16604913930894,inactive,2024-07-03
30800,Product_800_3,home,988.4192460343055,104.49905917778254,pending,2024-02-11
30801,Product_801_3,books,866.0711687896903,64.70813857131748,active,2024-07-24
30802,Product_802_3,home,232.45793240156829,54.61740072824994,pending,2024-07-17
30803,Product_803_3,home,360.3827751547597,93.0544846083755,pending,2024-07-18
30804,Product_804_3,books,383.67100474796626,154.1361511515134,active,2024-12-25
30805,Product_805_3,clothing,422.0433925700651,310.69352917991506,archived,2024-11-28
30806,Product_806_3,books,805.1007205155538,365.1652849428784,pending,2024-06-04
30807,Product_807_3,home,935.6080510481253,406.84359816732854,active,2024-04-28
30808,Product_808_3,electronics,989.7699152546923,97.51201261106033,archived,2024-07-28
30809,Product_809_3,home,398.0374943323552,386.30610303337613,active,2024-11-23
30810,Product_810_3,sports,281.0484803824463,302.50240230092226,archived,2024-10-27
30811,Product_811_3,home,520.7159782056161,405.9373612820803,active,2024-01-19
30812,Product_812_3,home,184.5685127022808,339.17708769528576,inactive,2024-12-03
30813,Product_813_3,home,843.0914505747778,329.31857640432764,archived,2024-05-04
30814,Product_814_3,books,210.28461367270612,236.1962665373123,inactive,2024-02-20
30815,Product_815_3,sports,602.846286019585,489.66014386587153,inactive,2024-05-13
30816,Product_816_3,electronics,994.4467717146259,347.35033206555096,archived,2024-04-26
30817,Product_817_3,home,957.7411954364883,134.76909954648602,active,2024-10-01
30818,Product_818_3,home,551.0261931686586,423.71730366575565,pending,2024-05-15
30819,Product_819_3,home,646.5432280509107,474.0074194463661,archived,2024-03-26
30820,Product_820_3,home,440.29394201647807,322.10497331039966,archived,2024-12-07
30821,Product_821_3,sports,823.1935850680081,97.39025709136094,active,2024-10-09
30822,Product_822_3,home,269.03573018076355,193.37145494800248,pending,2024-04-06
30823,Product_823_3,home,433.3867634296818,21.112992865742232,archived,2024-02-25
30824,Product_824_3,books,481.9200904917937,267.6252533794847,pending,2024-03-01
30825,Product_825_3,sports,33.73165633316414,344.6412623821174,pending,2024-06-01
30826,Product_826_3,sports,681.6017750471574,360.3372267116611,pending,2024-04-28
30827,Product_827_3,clothing,560.0067643552262,59.037042784343335,active,2024-04-09
30828,Product_828_3,sports,169.6837577915863,374.85399467168907,archived,2024-04-28
30829,Product_829_3,sports,32.28278230405467,411.284008798714,inactive,2024-09-14
30830,Product_830_3,clothing,248.1230881997171,412.63781315342374,pending,2024-07-13
30831,Product_831_3,clothing,781.4699265218782,22.264792810209222,archived,2024-09-10
30832,Product_832_3,home,383.24137055404395,139.50609312796396,archived,2024-06-23
30833,Product_833_3,books,360.8951032038781,336.26340500613907,archived,2024-08-01
30834,Product_834_3,clothing,426.2009729018991,41.4735017700209,pending,2024-02-06
30835,Product_835_3,sports,466.4428640239119,338.58280117259807,active,2024-11-01
30836,Product_836_3,sports,920.1880926557172,326.3660195980675,inactive,2024-10-01
30837,Product_837_3,sports,709.1351735270542,52.69937347913795,inactive,2024-10-08
30838,Product_838_3,electronics,81.03717574590262,358.2147792024304,archived,2024-08-13
30839,Product_839_3,home,18.10573388012789,345.3328807475378,inactive,2024-05-24
30840,Product_840_3,home,155.93118695387832,229.6388736523603,inactive,2024-02-25
30841,Product_841_3,clothing,802.9088572502524,44.072431189187554,pending,2024-07-22
30842,Product_842_3,sports,244.84883342870614,53.535847300765475,inactive,2024-06-19
30843,Product_843_3,sports,904.0244240125855,368.4310249453468,active,2024-11-03
30844,Product_844_3,clothing,101.37901243382458,479.8135105632168,archived,2024-02-27
30845,Product_845_3,sports,549.7919503305502,308.5085388792077,inactive,2024-04-19
30846,Product_846_3,home,976.8334202872221,21.925952408458144,active,2024-09-14
30847,Product_847_3,electronics,600.5354646595114,337.78920499740354,archived,2024-09-01
30848,Product_848_3,sports,34.207495782224186,14.520458379970023,inactive,2024-11-20
30849,Product_849_3,clothing,769.9182756874945,109.01692888609834,active,2024-08-22
30850,Product_850_3,books,853.5696250263836,454.3449270243289,archived,2024-12-03
30851,Product_851_3,electronics,587.4819390292078,243.10761074186732,inactive,2024-08-17
30852,Product_852_3,books,262.0538000233845,415.7510539569359,archived,2024-03-17
30853,Product_853_3,home,710.038637029512,465.38228156448537,inactive,2024-09-15
30854,Product_854_3,electronics,992.1959533889894,408.72132162182186,active,2024-01-01
30855,Product_855_3,home,379.75741342354655,428.23247258977744,pending,2024-09-21
30856,Product_856_3,clothing,255.85601986668888,496.05416485292204,pending,2024-02-08
30857,Product_857_3,electronics,430.16047339193125,447.7540657699415,pending,2024-02-11
30858,Product_858_3,books,516.6328106700694,41.53450987641943,pending,2024-01-02
30859,Product_859_3,books,568.0153912295882,209.70889037715847,pending,2024-10-27
30860,Product_860_3,clothing,999.8856562122712,125.30572404726323,pending,2024-10-14
30861,Product_861_3,sports,626.2502534363261,454.92124917038126,inactive,2024-12-13
30862,Product_862_3,electronics,51.81942676790806,134.06568421307543,archived,2024-12-10
30863,Product_863_3,electronics,572.7453190327009,247.9685467105866,archived,2024-09-05
30864,Product_864_3,sports,971.1113852327893,35.71188216536924,inactive,2024-08-06
30865,Product_865_3,clothing,959.5515016392263,95.67952129469855,inactive,2024-06-03
30866,Product_866_3,electronics,505.6757159058613,400.8880024320902,pending,2024-08-26
30867,Product_867_3,sports,954.6452218684852,103.7739285464013,pending,2024-04-16
30868,Product_868_3,electronics,777.4103742603058,366.6628274595182,pending,2024-01-20
30869,Product_869_3,books,138.19745418777592,60.43781295501873,active,2024-04-12
30870,Product_870_3,books,425.93319002182494,84.86784418866661,pending,2024-07-21
30871,Product_871_3,electronics,390.3324437225015,274.8241498977042,pending,2024-09-17
30872,Product_872_3,books,35.92909692581746,198.2857863520892,active,2024-11-17
30873,Product_873_3,clothing,659.9627397933436,13.94832164729501,archived,2024-02-22
30874,Product_874_3,home,736.35102350377,296.1689339063329,pending,2024-12-28
30875,Product_875_3,sports,948.7467601923933,150.18294772685735,active,2024-09-24
30876,Product_876_3,clothing,632.6070157931964,108.0555899676729,pending,2024-12-08
30877,Product_877_3,sports,339.1514983296437,130.34491124448198,inactive,2024-03-22
30878,Product_878_3,home,78.18761649722738,250.59460839680716,active,2024-08-21
30879,Product_879_3,electronics,961.6038026911662,132.0446977301508,inactive,2024-11-10
30880,Product_880_3,sports,338.06170947475067,103.29134197257264,active,2024-08-20
30881,Product_881_3,electronics,965.7357020058927,311.26490282743373,active,2024-02-19
30882,Product_882_3,electronics,487.15525940352524,346.7020271306458,active,2024-11-16
30883,Product_883_3,home,984.9519440102005,476.3676757199465,active,2024-11-26
30884,Product_884_3,clothing,520.402292079042,54.56494200065284,pending,2024-08-14
30885,Product_885_3,books,283.3706449952795,468.4443089817549,pending,2024-10-08
30886,Product_886_3,books,838.208664189339,393.7853979033123,inactive,2024-01-04
30887,Product_887_3,sports,478.6046092407883,412.43697333304095,pending,2024-04-21
30888,Product_888_3,electronics,741.8545333464506,238.18914851965278,archived,2024-05-20
30889,Product_889_3,clothing,826.2920771678064,226.98087588871581,inactive,2024-04-14
30890,Product_890_3,books,778.6684535056252,303.1136752554421,pending,2024-06-06
30891,Product_891_3,clothing,392.776650742328,348.6105658295043,archived,2024-06-12
30892,Product_892_3,books,362.9193759750937,220.4014670833993,active,2024-09-01
30893,Product_893_3,sports,372.0066880561741,337.1504455922863,inactive,2024-03-18
30894,Product_894_3,sports,467.85339495720183,223.57971600575468,inactive,2024-04-12
30895,Product_895_3,clothing,387.5082695414704,498.53330023687784,pending,2024-04-07
30896,Product_896_3,home,20.983829661121703,204.92574880246087,pending,2024-11-09
30897,Product_897_3,clothing,697.5511146136829,206.2447960110452,archived,2024-02-16
30898,Product_898_3,sports,707.2259344874683,416.7142312583869,active,2024-07-18
30899,Product_899_3,home,701.9644271396412,326.17059198395833,active,2024-12-03
30900,Product_900_3,home,410.70619474596714,301.4115722289044,inactive,2024-02-25
30901,Product_901_3,home,310.20174561194904,84.2539635809924,archived,2024-01-16
30902,Product_902_3,sports,388.22393555276636,326.3121792308672,pending,2024-09-19
30903,Product_903_3,home,904.4632876382984,72.75357325308187,inactive,2024-05-17
30904,Product_904_3,clothing,367.5306755630556,396.61169313738543,inactive,2024-10-19
30905,Product_905_3,books,317.50931066513334,235.86332850892651,pending,2024-11-27
30906,Product_906_3,books,914.1746243069473,87.36559203503953,pending,2024-04-16
30907,Product_907_3,home,225.32349792634594,315.79319005098455,pending,2024-12-22
30908,Product_908_3,sports,291.7393954780861,430.69347798450815,inactive,2024-05-12
30909,Product_909_3,clothing,533.8332391247484,375.35622318199046,active,2024-08-19
30910,Product_910_3,sports,475.9413657586951,475.0499443843244,active,2024-03-11
30911,Product_911_3,electronics,23.017605644480657,14.122102746614779,active,2024-11-11
30912,Product_912_3,home,644.204112273993,205.9161395508317,active,2024-04-12
30913,Product_913_3,books,703.3621778316133,482.69680550747614,archived,2024-10-11
30914,Product_914_3,electronics,86.98232938150093,470.90867316139423,pending,2024-04-12
30915,Product_915_3,sports,79.55278458781902,459.63165112692815,active,2024-10-06
30916,Product_916_3,sports,244.77278826253144,20.81872650873958,active,2024-11-02
30917,Product_917_3,clothing,815.1108590923144,216.24357196991954,active,2024-07-18
30918,Product_918_3,clothing,514.0228894253999,183.70986104142204,pending,2024-06-06
30919,Product_919_3,electronics,185.33653186743433,458.4458907078654,active,2024-07-12
30920,Product_920_3,home,336.5487007801637,94.19123055068124,active,2024-09-02
30921,Product_921_3,books,987.8769919384248,96.4074688532543,active,2024-09-17
30922,Product_922_3,books,47.98639899695402,309.388135718391,archived,2024-11-06
30923,Product_923_3,home,940.9294072036273,287.1068666137183,inactive,2024-02-28
30924,Product_924_3,clothing,769.6156516763942,85.18668415352231,archived,2024-01-15
30925,Product_925_3,home,551.9765236767512,138.73001163080235,archived,2024-01-23
30926,Product_926_3,clothing,98.47143992045686,82.16936140204851,archived,2024-10-13
30927,Product_927_3,electronics,553.1349519412666,195.30449918130105,inactive,2024-11-23
30928,Product_928_3,electronics,381.74811785500196,302.74836317354243,inactive,2024-07-24
30929,Product_929_3,clothing,84.47166306321509,44.703633339522746,inactive,2024-09-02
30930,Product_930_3,clothing,936.9863347835326,69.61692090843283,archived,2024-06-27
30931,Product_931_3,clothing,141.4015911355411,422.0998888000417,pending,2024-07-01
30932,Product_932_3,sports,51.28756396136595,73.21186402388349,pending,2024-04-23
30933,Product_933_3,home,872.0858425530109,414.804926334562,pending,2024-01-09
30934,Product_934_3,home,440.946407636152,316.73283973913374,pending,2024-03-10
30935,Product_935_3,home,590.5338651078017,469.7392280652317,pending,2024-05-07
30936,Product_936_3,clothing,247.43003422322593,170.54521245687613,active,2024-08-27
30937,Product_937_3,books,608.1432525754851,313.2425471755938,archived,2024-08-08
30938,Product_938_3,electronics,262.38309430172615,145.87233377206275,inactive,2024-01-27
30939,Product_939_3,clothing,595.58118278507,116.43036953122134,archived,2024-11-17
30940,Product_940_3,books,830.0780483790822,354.02680673382525,inactive,2024-10-16
30941,Product_941_3,books,239.76762773243723,335.9913506100306,archived,2024-01-25
30942,Product_942_3,home,493.9305270494346,279.81049988960547,active,2024-04-22
30943,Product_943_3,clothing,434.74329955154053,192.3114259802467,archived,2024-12-01
30944,Product_944_3,books,36.886571542734174,415.4816251738757,inactive,2024-05-03
30945,Product_945_3,sports,994.0534191191426,162.96535719399415,inactive,2024-05-27
30946,Product_946_3,clothing,934.0134457239008,198.38562261504828,archived,2024-12-27
30947,Product_947_3,sports,8.910433676194994,352.62300075762874,inactive,2024-03-09
30948,Product_948_3,sports,193.34815606996284,344.35754875702145,archived,2024-09-07
30949,Product_949_3,books,280.76854325948125,103.23090223623018,inactive,2024-11-08
30950,Product_950_3,books,74.51380701061636,434.26335371138845,inactive,2024-11-22
30951,Product_951_3,electronics,828.003911594286,443.20524323657486,pending,2024-05-16
30952,Product_952_3,electronics,369.61546316619166,248.69710543526415,archived,2024-05-03
30953,Product_953_3,sports,43.54424168802196,272.4594880240122,inactive,2024-03-20
30954,Product_954_3,sports,717.8166419427714,137.09341390620682,archived,2024-02-26
30955,Product_955_3,home,199.65949285329586,345.3957151750213,archived,2024-07-20
30956,Product_956_3,clothing,529.232916645397,25.59167202767688,pending,2024-10-10
30957,Product_957_3,electronics,696.9227923308833,249.09191136195994,pending,2024-07-09
30958,Product_958_3,home,87.17240469055916,287.36504052227957,archived,2024-03-23
30959,Product_959_3,home,803.9267983228119,491.4592771136937,active,2024-09-28
30960,Product_960_3,books,339.29524990745335,209.13486412266937,active,2024-09-08
30961,Product_961_3,electronics,441.6027827860644,277.6436298259715,pending,2024-11-09
30962,Product_962_3,books,851.822740412615,496.9435143283173,inactive,2024-05-18
30963,Product_963_3,sports,439.9909292801426,260.4347018493222,pending,2024-10-24
30964,Product_964_3,sports,284.1945087835734,398.86750718111995,pending,2024-02-22
30965,Product_965_3,sports,15.30537927095321,283.1997341156446,archived,2024-05-17
30966,Product_966_3,electronics,963.4133698171647,192.864200951152,pending,2024-04-19
30967,Product_967_3,home,974.8225578659438,451.90111096587503,pending,2024-09-06
30968,Product_968_3,sports,6.111300701052287,262.35938129925984,archived,2024-03-20
30969,Product_969_3,books,961.9145128924463,211.62173913158884,inactive,2024-05-17
30970,Product_970_3,sports,609.5752075570098,283.88431666902653,pending,2024-07-26
30971,Product_971_3,books,492.3189200104819,484.406742637072,pending,2024-11-15
30972,Product_972_3,home,947.8720440390556,228.7567388243603,archived,2024-04-02
30973,Product_973_3,books,486.721291407973,455.4411088668588,inactive,2024-09-28
30974,Product_974_3,electronics,807.3401120318475,198.53272551369938,pending,2024-03-16
30975,Product_975_3,electronics,541.410507755076,61.186302958102864,archived,2024-06-25
30976,Product_976_3,sports,80.92261481911048,411.3722201606835,pending,2024-03-13
30977,Product_977_3,electronics,170.59995039578118,264.33088734023397,active,2024-08-02
30978,Product_978_3,clothing,639.4132633451056,200.9783561287779,inactive,2024-10-13
30979,Product_979_3,electronics,833.6653764316368,323.20284361280454,inactive,2024-09-09
30980,Product_980_3,home,502.6334723978148,246.45924972138462,inactive,2024-03-14
30981,Product_981_3,books,132.86582249701908,105.26811467224499,pending,2024-08-19
30982,Product_982_3,clothing,64.87561224282767,220.25012665225915,pending,2024-11-24
30983,Product_983_3,sports,66.99682100308826,368.98427496068274,pending,2024-05-13
30984,Product_984_3,sports,946.4093361936585,357.96830645447767,inactive,2024-07-27
30985,Product_985_3,clothing,468.17891379433553,482.5732672233321,pending,2024-03-03
30986,Product_986_3,electronics,979.3392892167893,450.79929728306547,inactive,2024-04-13
30987,Product_987_3,books,61.0072930740756,211.70483736369255,pending,2024-03-19
30988,Product_988_3,books,620.3847169375989,91.79137969175342,inactive,2024-09-05
30989,Product_989_3,home,237.2356619374678,72.57791518427202,inactive,2024-10-10
30990,Product_990_3,clothing,369.4737308592329,147.69925638817446,pending,2024-02-11
30991,Product_991_3,sports,334.1333468779162,232.44048969706407,inactive,2024-05-19
30992,Product_992_3,sports,362.77812422856687,474.8600023059372,pending,2024-06-25
30993,Product_993_3,clothing,283.51840640385996,75.81258795742421,inactive,2024-05-27
30994,Product_994_3,sports,643.5526284496761,137.84871280540483,pending,2024-03-16
30995,Product_995_3,sports,513.7573412361502,243.0184382668201,inactive,2024-07-08
30996,Product_996_3,clothing,306.7184567770585,416.86052488624443,pending,2024-12-12
30997,Product_997_3,books,762.7643339379661,431.2268617724772,active,2024-04-24
30998,Product_998_3,electronics,720.041136320496,280.10620351241664,inactive,2024-03-26
30999,Product_999_3,home,613.186962031594,364.53063481345805,active,2024-02-10
31000,Product_1000_3,sports,324.20691289048125,376.2361667274121,pending,2024-07-03
31001,Product_1001_3,electronics,619.1296833108586,359.7435005774832,archived,2024-04-02
31002,Product_1002_3,clothing,133.37458671937708,188.6104242632764,archived,2024-08-23
31003,Product_1003_3,home,272.4356834736589,432.2866775636824,pending,2024-10-09
31004,Product_1004_3,books,592.7633227257088,97.85957040162502,inactive,2024-11-01
31005,Product_1005_3,clothing,696.9035407249407,173.8378221477043,active,2024-03-01
31006,Product_1006_3,sports,625.088812770052,444.31490336705764,pending,2024-03-20
31007,Product_1007_3,books,296.59202741336935,350.0682897551092,active,2024-03-20
31008,Product_1008_3,home,484.5803685284576,70.43635382653424,archived,2024-10-11
31009,Product_1009_3,clothing,438.59433490925034,492.0200904613896,pending,2024-03-06
31010,Product_1010_3,electronics,786.4128091079266,457.6641754687141,active,2024-11-23
31011,Product_1011_3,books,629.7446563963352,180.38172174183467,active,2024-09-01
31012,Product_1012_3,sports,256.53705706521106,320.9838739992205,archived,2024-01-01
31013,Product_1013_3,home,459.3041898686455,356.450419925337,active,2024-07-20
31014,Product_1014_3,home,806.4723122738073,455.97593240304195,pending,2024-08-18
31015,Product_1015_3,clothing,172.65898629622623,466.8791349005615,inactive,2024-10-18
31016,Product_1016_3,sports,861.9035744103622,331.83136454644534,archived,2024-06-06
31017,Product_1017_3,clothing,426.9670360448292,345.5998581378432,archived,2024-08-07
31018,Product_1018_3,electronics,673.8415030549959,258.81751159381037,inactive,2024-10-25
31019,Product_1019_3,home,509.9673364307807,456.1174320097503,pending,2024-05-19
31020,Product_1020_3,clothing,177.28459609697074,418.7439400480154,archived,2024-03-15
31021,Product_1021_3,sports,645.9368627522409,314.49784286829305,archived,2024-03-08
31022,Product_1022_3,books,410.9317360203206,425.74867690687,inactive,2024-07-09
31023,Product_1023_3,books,689.3909673637805,121.94527297025562,active,2024-04-21
31024,Product_1024_3,electronics,28.673528022958756,284.52406081986254,archived,2024-02-21
31025,Product_1025_3,clothing,336.5791531612981,177.3843952764841,inactive,2024-01-08
31026,Product_1026_3,books,753.9392812025643,166.02256686229026,inactive,2024-12-06
31027,Product_1027_3,books,574.2021758474826,13.511717475844794,archived,2024-07-09
31028,Product_1028_3,electronics,109.3597571625435,488.81032468868216,archived,2024-06-06
31029,Product_1029_3,sports,944.1915713248808,133.8133738683572,inactive,2024-05-22
31030,Product_1030_3,clothing,383.7689054235653,371.4868330668029,inactive,2024-02-14
31031,Product_1031_3,sports,902.0581226935536,476.40032473334986,archived,2024-09-12
31032,Product_1032_3,clothing,115.24310015074346,175.27044987493946,archived,2024-01-04
31033,Product_1033_3,clothing,882.1383226693911,298.70067763756947,pending,2024-03-16
31034,Product_1034_3,clothing,368.63842586441655,250.84677780099022,archived,2024-11-14
31035,Product_1035_3,sports,821.8819022579461,173.65131210745028,active,2024-08-27
31036,Product_1036_3,clothing,7.850172012140058,476.2784164392486,pending,2024-11-10
31037,Product_1037_3,clothing,956.3706307390613,41.828276754857846,inactive,2024-02-12
31038,Product_1038_3,home,675.5891810236811,220.91461454401852,inactive,2024-08-18
31039,Product_1039_3,electronics,879.8927660485805,204.93271527149966,inactive,2024-11-01
31040,Product_1040_3,books,293.9303167042441,359.009196300609,active,2024-12-04
31041,Product_1041_3,sports,4.223361546172123,119.23808673247389,pending,2024-01-25
31042,Product_1042_3,home,947.9478236197117,265.9845887440122,inactive,2024-11-01
31043,Product_1043_3,books,501.7767012193542,335.2664317634574,active,2024-01-25
31044,Product_1044_3,electronics,826.0912843217179,29.621340767758543,archived,2024-05-01
31045,Product_1045_3,home,666.5710008910978,326.2407556517749,active,2024-11-25
31046,Product_1046_3,clothing,350.8269915990062,198.5272246378877,active,2024-02-10
31047,Product_1047_3,home,843.9189002705056,131.78863993432972,pending,2024-12-05
31048,Product_1048_3,home,974.1114721076193,127.72316964445179,pending,2024-01-10
31049,Product_1049_3,home,208.20891121811587,59.418009353535595,archived,2024-08-12
31050,Product_1050_3,sports,307.18248537704693,44.1150118010198,archived,2024-01-04
31051,Product_1051_3,clothing,73.86573972615226,285.2703143267549,archived,2024-10-15
31052,Product_1052_3,electronics,338.2266818913429,464.4001181905747,pending,2024-10-27
31053,Product_1053_3,clothing,189.72588467350852,364.75185475381613,inactive,2024-11-23
31054,Product_1054_3,sports,629.4070665399025,67.96210946110855,inactive,2024-08-10
31055,Product_1055_3,electronics,164.72875283975227,325.5597831622684,archived,2024-02-20
31056,Product_1056_3,electronics,688.5748367933636,317.11901206265105,inactive,2024-05-18
31057,Product_1057_3,electronics,490.5994701373552,26.220447105378554,inactive,2024-01-26
31058,Product_1058_3,sports,564.1634745787603,383.96273321095924,archived,2024-04-10
31059,Product_1059_3,sports,479.83934732966856,184.8620256313682,active,2024-07-06
31060,Product_1060_3,clothing,902.7580315464699,76.55784695250289,active,2024-06-25
31061,Product_1061_3,home,886.4989713131433,96.43182538935474,inactive,2024-01-09
31062,Product_1062_3,electronics,520.5057797498879,384.2043996382731,archived,2024-07-20
31063,Product_1063_3,electronics,921.2755506771156,133.7140256730105,inactive,2024-08-14
31064,Product_1064_3,electronics,798.845007015263,399.22811239540636,pending,2024-11-05
31065,Product_1065_3,sports,789.3955683431849,117.37934549240423,pending,2024-09-14
31066,Product_1066_3,books,485.1985312353035,311.8047144035242,archived,2024-10-09
31067,Product_1067_3,books,673.9708040026188,29.040597481352645,archived,2024-07-13
31068,Product_1068_3,sports,336.92047727060213,192.31984927005252,inactive,2024-10-25
31069,Product_1069_3,home,847.2277600257338,141.80247366302206,active,2024-09-14
31070,Product_1070_3,electronics,592.6234961995424,362.5621479843322,archived,2024-09-26
31071,Product_1071_3,home,770.0717078101078,326.7852709213138,active,2024-05-28
31072,Product_1072_3,home,961.4051496263842,230.38884312653113,archived,2024-12-15
31073,Product_1073_3,books,218.52852373961503,205.8207045534736,archived,2024-04-08
31074,Product_1074_3,sports,61.47311358221421,499.6592546345658,archived,2024-01-08
31075,Product_1075_3,electronics,399.1418229327817,136.4134688393921,active,2024-10-16
31076,Product_1076_3,sports,917.3303282103282,98.13474762041368,inactive,2024-09-16
31077,Product_1077_3,sports,463.32942648835007,110.61247662163342,active,2024-06-10
31078,Product_1078_3,clothing,969.8635322269935,99.70649414102567,archived,2024-08-28
31079,Product_1079_3,clothing,364.6183145080316,375.70909568201705,pending,2024-09-24
31080,Product_1080_3,home,820.727805732293,180.6633411721882,inactive,2024-06-15
31081,Product_1081_3,sports,935.2846355109398,482.001923882207,pending,2024-06-11
31082,Product_1082_3,books,877.4743263664061,33.29412438452844,archived,2024-05-12
31083,Product_1083_3,books,936.3857192044237,47.48153332111955,active,2024-04-13
31084,Product_1084_3,electronics,746.0523520307404,391.3345773410313,active,2024-07-28
31085,Product_1085_3,clothing,921.9774116270883,293.890104077461,active,2024-05-26
31086,Product_1086_3,home,37.876270629159066,369.89039069991503,active,2024-06-20
31087,Product_1087_3,electronics,116.90825070389702,256.4076137294044,inactive,2024-05-03
31088,Product_1088_3,books,628.8547713457242,406.79131798613093,pending,2024-02-07
31089,Product_1089_3,electronics,618.8348359192182,90.12336484736987,pending,2024-12-01
31090,Product_1090_3,sports,711.6399036079837,433.86863436934516,pending,2024-05-13
31091,Product_1091_3,clothing,529.3749052211899,42.31508020934329,inactive,2024-07-09
31092,Product_1092_3,electronics,95.85606508051033,470.69742665731843,inactive,2024-09-01
31093,Product_1093_3,books,753.9140367501085,114.9179753995039,pending,2024-03-24
31094,Product_1094_3,clothing,681.5205328729687,427.53609447698364,inactive,2024-08-16
31095,Product_1095_3,electronics,505.58041407332126,406.57902156658133,active,2024-04-17
31096,Product_1096_3,sports,317.9636908026158,478.22452625561334,inactive,2024-03-06
31097,Product_1097_3,home,806.9881257347781,173.5885227704817,pending,2024-09-25
31098,Product_1098_3,books,848.5747363572837,297.6694267088146,pending,2024-12-01
31099,Product_1099_3,clothing,888.4741726892937,314.62800385862374,active,2024-01-20
31100,Product_1100_3,clothing,833.4331947919117,457.18228395144996,active,2024-01-19
31101,Product_1101_3,books,843.7502651842451,359.51302734430067,active,2024-08-20
31102,Product_1102_3,electronics,451.74082796598094,470.7703794062192,pending,2024-08-05
31103,Product_1103_3,books,157.6224390848849,422.90775784389473,pending,2024-12-18
31104,Product_1104_3,clothing,407.20698768309666,412.5080221210096,archived,2024-11-28
31105,Product_1105_3,clothing,998.5514264240828,422.2016883480704,active,2024-04-17
31106,Product_1106_3,clothing,800.172459740524,251.62423152843988,pending,2024-07-27
31107,Product_1107_3,electronics,808.1311729894142,191.7599858888333,archived,2024-04-02
31108,Product_1108_3,electronics,116.46880456991248,87.3971170132885,pending,2024-12-03
31109,Product_1109_3,home,851.2041794152151,133.3301987282885,active,2024-04-01
31110,Product_1110_3,clothing,390.7799680399524,321.97164588843617,inactive,2024-08-28
31111,Product_1111_3,electronics,375.78362158048276,159.8526653980962,pending,2024-08-16
31112,Product_1112_3,home,215.78956204677445,357.65788476493896,inactive,2024-12-22
31113,Product_1113_3,sports,794.9887308741816,313.8994582680655,inactive,2024-06-10
31114,Product_1114_3,sports,968.8525382753231,13.0290033821085,active,2024-10-02
31115,Product_1115_3,clothing,765.1605521619648,493.1895769434633,archived,2024-04-11
31116,Product_1116_3,sports,332.7514347726546,115.50547810585579,inactive,2024-10-21
31117,Product_1117_3,clothing,207.12592299585734,308.3902071978587,pending,2024-04-22
31118,Product_1118_3,electronics,561.8375208991397,365.4061186102419,pending,2024-12-19
31119,Product_1119_3,sports,134.97478822105248,143.37307392225222,inactive,2024-04-14
31120,Product_1120_3,sports,218.68668963456437,58.882084472988,inactive,2024-01-11
31121,Product_1121_3,books,208.7635229599854,364.47871804773393,active,2024-06-07
31122,Product_1122_3,books,857.6102914416891,489.0617238250464,pending,2024-04-06
31123,Product_1123_3,sports,984.3579872633505,376.54261008883344,archived,2024-12-08
31124,Product_1124_3,books,622.8655785780003,225.25492508745194,active,2024-06-16
31125,Product_1125_3,home,514.1677327413396,117.18523560893027,pending,2024-03-19
31126,Product_1126_3,clothing,906.559929061234,275.47171483138425,archived,2024-07-18
31127,Product_1127_3,home,675.4504358570621,104.1031435877915,archived,2024-10-12
31128,Product_1128_3,home,732.7162204854817,466.59776383497785,archived,2024-04-05
31129,Product_1129_3,clothing,580.2897852230443,36.24422346733236,active,2024-12-15
31130,Product_1130_3,sports,777.7083592308826,316.4495370260235,inactive,2024-03-25
31131,Product_1131_3,electronics,999.3545219978457,386.87964741745117,active,2024-11-24
31132,Product_1132_3,electronics,454.61199404405903,229.19476384055943,archived,2024-06-25
31133,Product_1133_3,sports,538.7599239795845,261.7780090304915,pending,2024-06-01
31134,Product_1134_3,electronics,212.00022737321407,496.0566968246819,archived,2024-04-27
31135,Product_1135_3,clothing,923.1644377828779,26.290266045006753,pending,2024-02-07
31136,Product_1136_3,sports,381.34402852093785,224.14155668555185,inactive,2024-07-23
31137,Product_1137_3,electronics,965.4148814322532,265.662633237047,pending,2024-09-15
31138,Product_1138_3,electronics,415.40019082196915,477.7621610615487,archived,2024-09-24
31139,Product_1139_3,sports,498.23582413396804,222.83131920717824,pending,2024-07-05
31140,Product_1140_3,clothing,901.8258707766428,280.2811716225407,active,2024-07-21
31141,Product_1141_3,books,715.5630880213023,128.83631535561295,pending,2024-02-02
31142,Product_1142_3,home,482.58297989484265,192.78657582405694,active,2024-04-24
31143,Product_1143_3,books,27.612431960289918,453.7298664227797,pending,2024-01-14
31144,Product_1144_3,clothing,878.8034592654535,245.7211279190764,active,2024-01-01
31145,Product_1145_3,books,791.4142324218183,275.05044214739024,inactive,2024-07-05
31146,Product_1146_3,books,128.20578146049172,58.921978299545316,inactive,2024-03-06
31147,Product_1147_3,clothing,909.5590300953932,157.2788502959313,archived,2024-02-22
31148,Product_1148_3,books,243.64643289463538,13.509977759780426,archived,2024-04-21
31149,Product_1149_3,clothing,371.0973135444179,144.48866768460562,active,2024-09-05
31150,Product_1150_3,home,745.0016268160383,355.4455618441843,archived,2024-06-21
31151,Product_1151_3,clothing,253.06442224318016,249.96552668026544,pending,2024-02-08
31152,Product_1152_3,sports,993.4737226859241,79.81768665764854,active,2024-01-01
31153,Product_1153_3,books,412.42769656704337,489.5200925205359,inactive,2024-06-05
31154,Product_1154_3,clothing,878.025719560049,388.8582538159589,pending,2024-05-02
31155,Product_1155_3,sports,172.7372137504911,292.70649396582115,active,2024-03-22
31156,Product_1156_3,home,886.14313131589,351.1835959583031,archived,2024-02-02
31157,Product_1157_3,home,902.7000747278215,128.0616608711153,inactive,2024-09-01
31158,Product_1158_3,books,842.807037381047,191.89969528546095,active,2024-03-02
31159,Product_1159_3,books,642.1332580586192,387.88476007748636,archived,2024-11-21
31160,Product_1160_3,books,928.4863917453831,346.0325430307531,archived,2024-09-06
31161,Product_1161_3,home,102.11024204837811,145.74871712715864,archived,2024-05-28
31162,Product_1162_3,sports,552.9426437317788,156.5020511606163,active,2024-09-10
31163,Product_1163_3,books,655.3506346446075,445.410854807111,inactive,2024-04-02
31164,Product_1164_3,sports,14.257295228497242,152.63625372095177,active,2024-04-10
31165,Product_1165_3,sports,953.0402567730474,106.76308020898993,archived,2024-11-01
31166,Product_1166_3,sports,922.1149490906308,199.00650234467318,active,2024-06-19
31167,Product_1167_3,clothing,744.3618850816584,194.63046158795794,pending,2024-11-16
31168,Product_1168_3,home,916.8481490519694,185.91311126697244,archived,2024-07-26
31169,Product_1169_3,sports,308.14988188775607,454.71874536996535,inactive,2024-10-14
31170,Product_1170_3,clothing,698.3849387483502,118.05754450129845,inactive,2024-03-15
31171,Product_1171_3,home,194.62836889280433,490.96604301124495,pending,2024-12-23
31172,Product_1172_3,clothing,360.31754227064465,85.50619476402116,pending,2024-03-03
31173,Product_1173_3,home,252.44519361178143,22.45880048718032,active,2024-02-27
31174,Product_1174_3,clothing,751.8830361963834,453.34163011733494,archived,2024-10-23
31175,Product_1175_3,clothing,350.3841093427868,163.94849176341373,archived,2024-11-20
31176,Product_1176_3,electronics,293.57457786735006,296.2898641372156,archived,2024-10-26
31177,Product_1177_3,electronics,777.0327683099916,23.280092713877025,active,2024-02-12
31178,Product_1178_3,home,748.3000368902649,497.82204323013207,pending,2024-04-16
31179,Product_1179_3,electronics,930.206224631065,103.21569829005169,pending,2024-08-08
31180,Product_1180_3,electronics,938.3485888441285,66.22565511360716,active,2024-05-07
31181,Product_1181_3,home,637.8476178233092,185.06457006234407,active,2024-10-08
31182,Product_1182_3,electronics,214.975952788396,100.01367860016413,active,2024-01-24
31183,Product_1183_3,home,403.27484249510746,414.38633823036906,active,2024-05-17
31184,Product_1184_3,books,986.955474113791,300.8129910074094,inactive,2024-05-26
31185,Product_1185_3,sports,607.2764852189076,452.1042423615775,inactive,2024-03-13
31186,Product_1186_3,home,660.7002778870346,492.54824163148345,archived,2024-10-27
31187,Product_1187_3,books,776.9136890368371,453.7161837157808,active,2024-06-19
31188,Product_1188_3,home,370.4690901863752,393.0773079537536,archived,2024-04-15
31189,Product_1189_3,books,7.160874293962587,224.40076434674137,pending,2024-01-23
31190,Product_1190_3,electronics,992.7509181205986,418.98075023233116,archived,2024-08-27
31191,Product_1191_3,clothing,134.17788933315637,394.19253336158533,inactive,2024-02-28
31192,Product_1192_3,electronics,182.4498601308418,247.33309603693013,archived,2024-10-06
31193,Product_1193_3,clothing,513.7983364817563,39.708706690256214,pending,2024-06-08
31194,Product_1194_3,books,628.4840206412763,48.20925091872685,inactive,2024-10-12
31195,Product_1195_3,sports,425.7097365182425,111.52293519446089,active,2024-02-17
31196,Product_1196_3,books,894.3841554120678,38.38450522242164,archived,2024-06-19
31197,Product_1197_3,clothing,568.1711068720856,406.0253611405481,pending,2024-06-17
31198,Product_1198_3,clothing,352.7573496743888,256.77186152476776,active,2024-06-22
31199,Product_1199_3,sports,373.35532356630364,65.8948802933021,active,2024-04-24
31200,Product_1200_3,books,313.3690851540663,459.51813608539453,pending,2024-04-03
31201,Product_1201_3,home,235.89857471078312,172.85516201459356,archived,2024-06-17
31202,Product_1202_3,sports,765.7102466675535,94.20108652847226,pending,2024-12-03
31203,Product_1203_3,electronics,958.6174994948525,144.67727336118762,archived,2024-09-17
31204,Product_1204_3,home,190.84972280801838,370.76268229759546,pending,2024-06-05
31205,Product_1205_3,sports,854.1247275249386,216.67021489405977,inactive,2024-08-09
31206,Product_1206_3,home,490.2662380242564,124.92334083470656,archived,2024-11-16
31207,Product_1207_3,electronics,887.1550959550464,90.13153596044477,inactive,2024-11-12
31208,Product_1208_3,clothing,276.3418257192109,162.20160300597996,pending,2024-07-28
31209,Product_1209_3,sports,987.7828613808961,199.57816832623757,active,2024-03-08
31210,Product_1210_3,home,214.95914832697795,273.1963980914372,archived,2024-09-26
31211,Product_1211_3,home,419.7753367763096,83.75190576462474,active,2024-08-27
31212,Product_1212_3,electronics,159.22949053837036,123.18184119076147,pending,2024-10-16
31213,Product_1213_3,home,557.0365719050654,480.689587490679,active,2024-11-08
31214,Product_1214_3,books,755.2264062284944,283.6423966111091,active,2024-06-16
31215,Product_1215_3,electronics,843.252142971251,418.4033796591889,archived,2024-08-15
31216,Product_1216_3,clothing,274.0493877945955,303.366610537283,active,2024-02-02
31217,Product_1217_3,sports,988.6307417554599,445.6181551734558,pending,2024-11-18
31218,Product_1218_3,home,667.8179502997388,430.5230381409818,pending,2024-07-04
31219,Product_1219_3,sports,948.2935239909852,188.26537424799983,active,2024-01-09
31220,Product_1220_3,clothing,436.72504547048146,324.09582453855705,archived,2024-04-11
31221,Product_1221_3,books,348.70604671130826,209.60260737313845,pending,2024-03-07
31222,Product_1222_3,home,750.422607781736,151.71681117223667,inactive,2024-11-09
31223,Product_1223_3,books,39.716928024918296,22.35839544022403,pending,2024-12-02
31224,Product_1224_3,home,487.7934992956274,204.72672081234438,pending,2024-03-26
31225,Product_1225_3,electronics,460.8338407671917,444.12260997408157,archived,2024-08-21
31226,Product_1226_3,sports,803.3328663276905,142.28689029685393,archived,2024-03-15
31227,Product_1227_3,electronics,189.59098094157702,272.59895262538305,inactive,2024-11-26
31228,Product_1228_3,clothing,874.366006888674,377.7250468702146,archived,2024-04-08
31229,Product_1229_3,electronics,707.7305066307824,302.9038254109969,inactive,2024-08-02
31230,Product_1230_3,clothing,237.20884583821396,317.91538512513034,inactive,2024-06-24
31231,Product_1231_3,home,259.33828868651307,159.13476390695237,active,2024-02-21
31232,Product_1232_3,books,932.6616533791943,450.4199309432272,inactive,2024-09-22
31233,Product_1233_3,home,512.7191903451956,321.6895145636629,pending,2024-02-26
31234,Product_1234_3,books,30.456454779764233,465.0361600513804,archived,2024-07-20
31235,Product_1235_3,clothing,413.9996312890025,60.296069860886,pending,2024-05-05
31236,Product_1236_3,sports,693.6705053002521,235.9380482721891,archived,2024-10-04
31237,Product_1237_3,sports,254.94195294345974,250.25643502376894,active,2024-01-03
31238,Product_1238_3,home,996.3923491054543,117.7536740299291,pending,2024-07-17
31239,Product_1239_3,home,940.9109242136354,109.19210899227696,inactive,2024-10-02
31240,Product_1240_3,sports,971.1655170709871,409.0345039812158,active,2024-04-10
31241,Product_1241_3,clothing,75.60423008363146,338.5932814291355,active,2024-07-21
31242,Product_1242_3,home,557.755257085402,86.57526943997671,pending,2024-02-16
31243,Product_1243_3,electronics,127.93256190381722,479.52489350061626,inactive,2024-08-14
31244,Product_1244_3,home,316.81912098558973,50.316196255469194,inactive,2024-07-23
31245,Product_1245_3,home,254.3048856266501,91.40055470619974,inactive,2024-12-03
31246,Product_1246_3,sports,444.8929487803733,174.67530903999827,pending,2024-07-14
31247,Product_1247_3,home,397.4375663834682,341.08635755397165,inactive,2024-02-09
31248,Product_1248_3,home,989.5809095781503,88.76602993339709,pending,2024-02-28
31249,Product_1249_3,clothing,463.3924405885501,403.0386368654865,inactive,2024-05-03
31250,Product_1250_3,books,980.0983260833658,285.51402470347165,archived,2024-08-22
31251,Product_1251_3,home,392.7657317656287,118.75258597056228,pending,2024-03-01
31252,Product_1252_3,sports,251.58701168985354,346.35767823833316,pending,2024-04-20
31253,Product_1253_3,electronics,328.936236623456,72.7637704660948,inactive,2024-01-21
31254,Product_1254_3,home,472.10071191563236,171.94117574499907,inactive,2024-05-08
31255,Product_1255_3,books,349.91341407668136,463.5431198167375,inactive,2024-11-05
31256,Product_1256_3,sports,53.03547678799406,180.46876850995295,pending,2024-02-27
31257,Product_1257_3,books,568.5537580954486,97.2571783577613,active,2024-11-24
31258,Product_1258_3,home,57.494512406767846,318.6080445447456,archived,2024-12-23
31259,Product_1259_3,home,662.4007380360467,52.07093610706731,active,2024-10-22
31260,Product_1260_3,electronics,3.0602323402405194,77.16555889203364,inactive,2024-02-05
31261,Product_1261_3,books,802.945525893945,406.01463127475586,pending,2024-09-15
31262,Product_1262_3,clothing,69.85665555924622,328.56543251665374,pending,2024-08-13
31263,Product_1263_3,sports,171.65407278554005,289.4661254424934,active,2024-03-06
31264,Product_1264_3,books,106.13597830465424,379.77790179290736,inactive,2024-11-21
31265,Product_1265_3,sports,287.14304368807234,387.63097114027704,pending,2024-10-13
31266,Product_1266_3,clothing,172.28671614985512,328.4472073963163,pending,2024-08-06
31267,Product_1267_3,electronics,907.4665413200572,122.79657454532719,pending,2024-05-14
31268,Product_1268_3,clothing,577.1706427065864,16.04402508235652,pending,2024-01-27
31269,Product_1269_3,books,575.9037303487273,341.65169092850476,inactive,2024-07-07
31270,Product_1270_3,clothing,117.85949260982811,120.35821967332672,inactive,2024-08-11
31271,Product_1271_3,electronics,634.1401663308343,282.39955611102187,archived,2024-04-16
31272,Product_1272_3,books,577.2636301096427,268.76460723438265,inactive,2024-03-13
31273,Product_1273_3,sports,430.53661569463486,58.209399242372086,inactive,2024-08-25
31274,Product_1274_3,sports,420.3713950696774,439.605478336922,inactive,2024-06-08
31275,Product_1275_3,books,585.6919506779418,36.821573233451055,archived,2024-07-28
31276,Product_1276_3,books,930.9594669063382,146.55760000612693,pending,2024-04-24
31277,Product_1277_3,electronics,684.3578240069851,397.9203600329334,active,2024-07-14
31278,Product_1278_3,electronics,950.5271304686211,72.74299533499334,pending,2024-06-08
31279,Product_1279_3,electronics,670.5817017269267,12.399358658576613,archived,2024-06-18
31280,Product_1280_3,sports,838.9267438693072,254.58615712220117,active,2024-02-25
31281,Product_1281_3,home,670.9783915448829,94.4169062192182,inactive,2024-12-27
31282,Product_1282_3,clothing,75.06637448978556,180.88311015899373,inactive,2024-07-09
31283,Product_1283_3,clothing,973.4561142724446,346.2752564318812,active,2024-08-09
31284,Product_1284_3,clothing,527.84786397024,452.5604270222524,inactive,2024-07-27
31285,Product_1285_3,books,88.6496951013775,485.59591327804605,active,2024-11-06
31286,Product_1286_3,clothing,422.04178985180636,68.95594645438338,pending,2024-08-18
31287,Product_1287_3,clothing,960.8849175843944,276.3385951312229,archived,2024-02-06
31288,Product_1288_3,electronics,620.0944490935578,405.91616921666434,inactive,2024-03-03
31289,Product_1289_3,electronics,738.8066721469024,302.7561537988575,active,2024-07-20
31290,Product_1290_3,clothing,21.759967283148285,374.53072794948866,pending,2024-02-17
31291,Product_1291_3,electronics,72.16155422978989,144.10135524297627,pending,2024-07-24
31292,Product_1292_3,electronics,856.7550437904705,473.5216540747114,inactive,2024-09-03
31293,Product_1293_3,sports,545.4296640556872,41.50131166692816,inactive,2024-12-24
31294,Product_1294_3,home,895.025782851657,11.936473464868481,pending,2024-08-22
31295,Product_1295_3,books,899.3311347260474,294.25411126554707,pending,2024-08-22
31296,Product_1296_3,books,168.61330022988432,384.10181143319625,pending,2024-05-07
31297,Product_1297_3,sports,813.7895579611063,239.1299071882386,archived,2024-07-12
31298,Product_1298_3,sports,355.1516543431991,270.8746940043889,active,2024-06-15
31299,Product_1299_3,sports,505.46149639415506,317.2247406409509,active,2024-03-12
31300,Product_1300_3,sports,730.8160406429563,488.8674829224139,inactive,2024-09-11
31301,Product_1301_3,books,402.699806550448,39.40842768977555,active,2024-05-28
31302,Product_1302_3,sports,768.0730445715607,25.19200322982437,archived,2024-03-07
31303,Product_1303_3,home,892.1147811776542,74.43084831903414,archived,2024-08-13
31304,Product_1304_3,electronics,954.7135099514945,388.25748345792135,pending,2024-09-05
31305,Product_1305_3,home,270.97528836921646,166.81640300311065,active,2024-05-02
31306,Product_1306_3,electronics,311.4697790349979,241.26977805830535,pending,2024-08-04
31307,Product_1307_3,books,434.2778148473739,447.9417365932799,archived,2024-05-20
31308,Product_1308_3,books,46.10882581019039,390.5312738953811,active,2024-10-09
31309,Product_1309_3,home,510.0136202724302,432.7504231566399,active,2024-09-01
31310,Product_1310_3,home,129.5211527303476,12.594669583153813,archived,2024-08-28
31311,Product_1311_3,books,791.7064601545786,341.91088437027264,inactive,2024-12-21
31312,Product_1312_3,sports,497.9623855826735,312.2330413448171,archived,2024-08-03
31313,Product_1313_3,home,108.38605697842652,335.7133550731655,active,2024-07-23
31314,Product_1314_3,books,787.0171001129958,402.0148030307558,inactive,2024-04-19
31315,Product_1315_3,sports,878.1304234978234,418.9443191206604,pending,2024-03-11
31316,Product_1316_3,home,199.981230427821,186.19455927870933,active,2024-11-12
31317,Product_1317_3,books,407.3812840532949,29.404101612786736,inactive,2024-01-24
31318,Product_1318_3,electronics,723.3823603347129,185.01228390567266,pending,2024-06-11
31319,Product_1319_3,books,428.9411682934402,365.82171854277925,active,2024-01-13
31320,Product_1320_3,books,830.484542034456,162.83591738438022,pending,2024-10-03
31321,Product_1321_3,clothing,445.92913477734515,124.07758003425054,archived,2024-01-28
31322,Product_1322_3,electronics,834.222873481197,248.7861576059873,active,2024-02-18
31323,Product_1323_3,electronics,513.8575572690982,112.70737757108813,pending,2024-12-21
31324,Product_1324_3,electronics,794.5900672851909,425.14337639055196,active,2024-11-07
31325,Product_1325_3,sports,640.6582371798597,80.85297883922426,pending,2024-10-03
31326,Product_1326_3,sports,908.1207338130163,256.7811241981768,archived,2024-03-04
31327,Product_1327_3,sports,519.0534335061388,442.64928088039636,pending,2024-02-06
31328,Product_1328_3,electronics,999.900466473313,484.70545220044687,pending,2024-12-04
31329,Product_1329_3,books,818.434941888891,204.49130268745992,active,2024-06-26
31330,Product_1330_3,clothing,486.98808331621666,112.63141501023195,pending,2024-03-20
31331,Product_1331_3,electronics,976.4580109855635,14.291871353062033,active,2024-05-02
31332,Product_1332_3,electronics,822.1000491478995,204.5476038946845,inactive,2024-11-02
31333,Product_1333_3,sports,501.2487246028326,100.0093086648854,archived,2024-10-24
31334,Product_1334_3,sports,449.39754826027166,177.16008689284322,active,2024-12-14
31335,Product_1335_3,sports,332.8050764498932,38.189807107672664,pending,2024-12-11
31336,Product_1336_3,electronics,577.5133201814394,36.67486544092091,archived,2024-05-13
31337,Product_1337_3,electronics,514.0895220143447,107.68864524791323,inactive,2024-08-01
31338,Product_1338_3,home,501.5849879486427,54.88849561049491,pending,2024-08-17
31339,Product_1339_3,home,140.46045482621528,322.5931691898704,archived,2024-12-07
31340,Product_1340_3,home,17.640822398164183,303.26347524905333,inactive,2024-12-18
31341,Product_1341_3,electronics,811.8943966399263,78.04963148703342,inactive,2024-03-12
31342,Product_1342_3,sports,511.30610300390146,83.64869435202245,active,2024-09-19
31343,Product_1343_3,sports,254.07845477136107,130.6266128811602,archived,2024-04-20
31344,Product_1344_3,sports,458.5498961001975,495.8133776844468,active,2024-11-01
31345,Product_1345_3,sports,890.343708337653,331.73252482422726,pending,2024-06-16
31346,Product_1346_3,home,922.0083579749618,113.16843567954015,inactive,2024-09-16
31347,Product_1347_3,books,393.17453751014654,460.69957987775234,pending,2024-08-28
31348,Product_1348_3,electronics,387.91761116055625,282.871325840526,inactive,2024-12-28
31349,Product_1349_3,sports,933.7551927057901,407.96802102893434,archived,2024-04-10
31350,Product_1350_3,electronics,344.9867029723895,288.9393043251124,archived,2024-10-17
31351,Product_1351_3,sports,714.005185480237,172.26415073039283,inactive,2024-09-14
31352,Product_1352_3,home,773.1851663711398,453.83361240341543,pending,2024-01-05
31353,Product_1353_3,clothing,980.2463728034139,23.557970038264102,archived,2024-04-25
31354,Product_1354_3,electronics,844.1475492419142,333.38982581120837,archived,2024-12-08
31355,Product_1355_3,sports,169.18986018772517,108.38054974254788,pending,2024-02-25
31356,Product_1356_3,electronics,55.069913440459544,314.36145871077866,active,2024-01-26
31357,Product_1357_3,clothing,868.2487608085453,80.48745877395984,pending,2024-09-15
31358,Product_1358_3,sports,16.56857151070857,33.224005554481586,inactive,2024-01-06
31359,Product_1359_3,sports,35.533722764054616,365.16086819453295,inactive,2024-02-21
31360,Product_1360_3,home,254.69455927875111,307.74778052411114,inactive,2024-04-03
31361,Product_1361_3,electronics,402.39613276141324,473.05052869095323,archived,2024-04-05
31362,Product_1362_3,electronics,546.8719977712826,243.4928144107941,archived,2024-10-08
31363,Product_1363_3,books,124.47793339262489,130.39492958186713,inactive,2024-09-27
31364,Product_1364_3,books,803.9045295052389,321.59074762845853,active,2024-04-27
31365,Product_1365_3,clothing,722.9374004887023,87.70305367042786,archived,2024-09-13
31366,Product_1366_3,sports,81.76827779109281,325.40362234631914,inactive,2024-02-23
31367,Product_1367_3,books,517.4439724571627,203.45972447353526,inactive,2024-03-26
31368,Product_1368_3,books,168.5938026700199,72.45367284642401,active,2024-04-20
31369,Product_1369_3,books,312.31431901844815,491.7759246442242,archived,2024-01-01
31370,Product_1370_3,clothing,546.326617069925,392.03163491642766,archived,2024-09-25
31371,Product_1371_3,home,829.3050409194052,436.5505674630314,archived,2024-02-07
31372,Product_1372_3,electronics,978.3939434297225,34.63463727442614,active,2024-02-18
31373,Product_1373_3,clothing,712.1241992043927,416.7476948003438,active,2024-08-19
31374,Product_1374_3,home,579.8838799371489,215.3421523573598,pending,2024-04-05
31375,Product_1375_3,clothing,563.0252792898037,85.41243813044905,pending,2024-06-25
31376,Product_1376_3,electronics,8.749003726335678,470.60425390911803,pending,2024-12-16
31377,Product_1377_3,electronics,223.4558786752678,249.75004190776718,inactive,2024-02-22
31378,Product_1378_3,clothing,355.29265650404665,74.20265358282573,pending,2024-08-22
31379,Product_1379_3,home,374.4935219059154,248.61248897109866,active,2024-01-17
31380,Product_1380_3,books,480.40024546345956,191.8306254433423,archived,2024-02-13
31381,Product_1381_3,sports,554.2806453300694,308.60397840489134,inactive,2024-04-05
31382,Product_1382_3,sports,381.760149889733,81.94547156816238,active,2024-11-26
31383,Product_1383_3,books,807.9704384396802,230.17694904063143,archived,2024-01-02
31384,Product_1384_3,books,672.1710980561305,159.83866800572568,pending,2024-09-12
31385,Product_1385_3,home,441.6137273051872,157.46188402202844,archived,2024-06-11
31386,Product_1386_3,books,704.0587037061125,225.98936358762646,inactive,2024-04-07
31387,Product_1387_3,home,337.4908924119987,96.16999672841906,archived,2024-04-20
31388,Product_1388_3,books,167.36281269330408,137.29494418330233,pending,2024-08-11
31389,Product_1389_3,sports,865.2950934405537,40.45710483507806,active,2024-02-21
31390,Product_1390_3,home,802.8721254158473,133.4819569985593,active,2024-10-28
31391,Product_1391_3,books,543.04317433809,140.84386979877053,inactive,2024-08-16
31392,Product_1392_3,home,96.02151705400605,280.4917904023656,inactive,2024-06-24
31393,Product_1393_3,sports,903.0690936841424,163.90070180203838,pending,2024-06-02
31394,Product_1394_3,electronics,505.90344303911195,322.80966221169734,active,2024-08-16
31395,Product_1395_3,books,312.62146585811,199.6434229452546,active,2024-04-22
31396,Product_1396_3,sports,631.5585202565629,409.7110152346556,archived,2024-10-18
31397,Product_1397_3,sports,224.49935739483357,99.47987278506493,pending,2024-05-08
31398,Product_1398_3,sports,824.2011244896313,92.63601060137671,pending,2024-10-26
31399,Product_1399_3,electronics,702.4447764510485,103.78043835103222,inactive,2024-06-28
31400,Product_1400_3,clothing,610.8123977915265,264.79045477620195,archived,2024-12-01
31401,Product_1401_3,home,624.3491951249382,185.2878790061058,inactive,2024-10-14
31402,Product_1402_3,electronics,728.4557649048079,135.92617534891417,active,2024-10-22
31403,Product_1403_3,books,189.43004850704406,460.86453521457935,pending,2024-05-05
31404,Product_1404_3,home,8.040319930973219,172.73361179894022,inactive,2024-08-12
31405,Product_1405_3,books,221.7908156676755,497.66778068547194,pending,2024-09-04
31406,Product_1406_3,books,626.4599146338982,321.30372412644635,pending,2024-05-03
31407,Product_1407_3,home,747.2668039008194,95.68186393817297,pending,2024-03-02
31408,Product_1408_3,electronics,16.97135116357449,116.46974389496567,inactive,2024-09-10
31409,Product_1409_3,clothing,371.9677983221205,223.30854498812656,inactive,2024-09-27
31410,Product_1410_3,sports,96.30660021410534,178.53361557431313,active,2024-04-03
31411,Product_1411_3,home,290.89905922979096,18.053381808707748,archived,2024-02-11
31412,Product_1412_3,books,581.1359673835672,161.1579509629553,inactive,2024-03-10
31413,Product_1413_3,sports,77.59205581588718,164.47532109258918,pending,2024-05-03
31414,Product_1414_3,books,27.395355794814453,224.19526332170085,pending,2024-08-18
31415,Product_1415_3,sports,513.6531263242849,48.85266833546637,archived,2024-03-04
31416,Product_1416_3,books,39.848190023945506,214.56007872417698,inactive,2024-03-15
31417,Product_1417_3,electronics,106.0546344792013,78.66240629490335,active,2024-01-17
31418,Product_1418_3,home,28.625762290383168,132.9215409243541,inactive,2024-05-15
31419,Product_1419_3,clothing,611.7308371238161,289.2195470647617,archived,2024-06-27
31420,Product_1420_3,electronics,300.07973794298044,170.87171886333726,pending,2024-02-15
31421,Product_1421_3,home,994.7684197611295,420.9103489716971,archived,2024-07-14
31422,Product_1422_3,sports,633.743389261417,258.3230868169977,archived,2024-05-14
31423,Product_1423_3,books,634.3592085853838,84.15462966365511,inactive,2024-11-05
31424,Product_1424_3,sports,146.0279308714635,89.54325617496704,archived,2024-09-08
31425,Product_1425_3,home,77.79441307787931,445.8615140936907,archived,2024-02-26
31426,Product_1426_3,books,671.4842190820209,65.43159563232578,active,2024-02-10
31427,Product_1427_3,books,922.659557952039,333.9465641680205,inactive,2024-10-12
31428,Product_1428_3,home,34.58750580782351,48.62530940244781,pending,2024-12-04
31429,Product_1429_3,sports,763.7193670290397,397.5827121275125,archived,2024-01-04
31430,Product_1430_3,home,75.01196331713248,25.24643553875986,active,2024-10-01
31431,Product_1431_3,electronics,216.4381242627286,233.41632568938516,active,2024-07-24
31432,Product_1432_3,sports,715.7452302944491,393.24433447883627,pending,2024-02-16
31433,Product_1433_3,books,977.3934101355915,55.011930156765736,pending,2024-03-22
31434,Product_1434_3,home,330.46573731553696,474.86460617655246,active,2024-04-07
31435,Product_1435_3,electronics,611.3539504555829,455.17309628446,active,2024-08-01
31436,Product_1436_3,clothing,35.53176320526119,490.2470908857076,active,2024-04-03
31437,Product_1437_3,home,555.8473451690389,26.098263541593155,inactive,2024-06-27
31438,Product_1438_3,sports,411.9480079930986,207.1137764977898,archived,2024-12-18
31439,Product_1439_3,home,306.2542469282108,117.1158116164975,pending,2024-01-14
31440,Product_1440_3,sports,431.1905066769547,241.8698834457504,active,2024-08-23
31441,Product_1441_3,clothing,895.1861365576352,37.26069807610681,active,2024-07-10
31442,Product_1442_3,home,946.8829429188152,399.20134736528377,inactive,2024-03-16
31443,Product_1443_3,clothing,370.60497524012135,461.0582866348444,inactive,2024-07-15
31444,Product_1444_3,books,329.6886461987403,190.95514027827272,inactive,2024-07-21
31445,Product_1445_3,clothing,418.27782195319315,269.3464403979844,pending,2024-05-06
31446,Product_1446_3,sports,566.0647242658824,357.38794377958783,archived,2024-09-08
31447,Product_1447_3,home,532.71062687343,437.631568021982,pending,2024-12-17
31448,Product_1448_3,books,582.0977803364824,328.3842925481607,inactive,2024-10-24
31449,Product_1449_3,sports,526.3220890302971,495.51968229883124,active,2024-01-08
31450,Product_1450_3,electronics,373.39830677975795,346.82581275139603,inactive,2024-06-07
31451,Product_1451_3,electronics,194.91482907965724,136.75319762151102,pending,2024-12-24
31452,Product_1452_3,sports,211.17548262734235,150.82252844927862,inactive,2024-09-03
31453,Product_1453_3,electronics,880.5892644734154,218.68831250302964,pending,2024-03-11
31454,Product_1454_3,electronics,17.997928623308177,103.04447220371885,inactive,2024-09-07
31455,Product_1455_3,clothing,371.18239641488077,427.8277987391432,active,2024-05-25
31456,Product_1456_3,books,689.2700628677087,239.03217769438817,archived,2024-05-25
31457,Product_1457_3,books,733.1000739409593,199.3961780831353,pending,2024-05-26
31458,Product_1458_3,sports,360.725217039215,378.8027049025626,archived,2024-04-14
31459,Product_1459_3,electronics,245.34078594075942,227.02124214047114,inactive,2024-04-16
31460,Product_1460_3,home,150.90382269321265,30.844232708477644,inactive,2024-05-04
31461,Product_1461_3,sports,396.23137902134727,414.51650639601144,active,2024-08-05
31462,Product_1462_3,home,342.35418030976325,124.43104637892704,inactive,2024-03-20
31463,Product_1463_3,clothing,866.8866115546141,364.465316973728,pending,2024-10-14
31464,Product_1464_3,clothing,755.4542705387231,377.81192269580566,archived,2024-11-07
31465,Product_1465_3,books,432.94624515255,344.7520469369215,active,2024-07-22
31466,Product_1466_3,clothing,553.0536653409806,435.75659112462364,pending,2024-03-09
31467,Product_1467_3,clothing,539.9378954151815,112.29756259059447,active,2024-11-01
31468,Product_1468_3,books,975.715667948927,444.92150311201596,archived,2024-11-27
31469,Product_1469_3,home,953.8324075300129,470.62484679432055,pending,2024-07-16
31470,Product_1470_3,electronics,828.0006370211507,473.3683596465327,archived,2024-06-11
31471,Product_1471_3,electronics,748.5354279446804,241.38090063846937,archived,2024-01-22
31472,Product_1472_3,home,833.9003567792074,195.7705791429575,inactive,2024-07-03
31473,Product_1473_3,sports,813.5577336102594,348.259622130726,inactive,2024-04-17
31474,Product_1474_3,sports,954.9008807027747,340.06393982516687,inactive,2024-08-06
31475,Product_1475_3,home,977.8877573220052,264.4686978744882,inactive,2024-01-26
31476,Product_1476_3,sports,332.8953531997927,221.33901799648663,active,2024-07-06
31477,Product_1477_3,electronics,477.7311915403164,236.43453384608836,inactive,2024-12-20
31478,Product_1478_3,books,343.79027151882093,225.3283833697566,active,2024-02-04
31479,Product_1479_3,electronics,72.3490302369525,254.64967589453875,archived,2024-11-07
31480,Product_1480_3,home,762.2462837092022,345.05623219379873,inactive,2024-03-09
31481,Product_1481_3,books,329.1649238066333,427.0114574492931,pending,2024-01-17
31482,Product_1482_3,sports,534.3731642961758,107.97023339887791,pending,2024-01-21
31483,Product_1483_3,sports,877.1617153421558,74.18480038483608,pending,2024-08-07
31484,Product_1484_3,electronics,215.40057355580666,97.40534126727816,archived,2024-02-10
31485,Product_1485_3,clothing,383.4269002207135,276.2293500741997,inactive,2024-02-02
31486,Product_1486_3,home,356.9339962216244,255.8398668002172,active,2024-01-23
31487,Product_1487_3,electronics,445.5677279293689,17.850988918816356,archived,2024-09-23
31488,Product_1488_3,books,356.2204814123821,447.7977638191385,pending,2024-09-09
31489,Product_1489_3,electronics,389.06643272480346,77.27805549678645,inactive,2024-12-28
31490,Product_1490_3,home,61.18717578844534,147.43370640626037,inactive,2024-03-03
31491,Product_1491_3,home,466.48431927742854,253.10185962702002,active,2024-06-13
31492,Product_1492_3,clothing,526.0022439629327,220.78882602714668,inactive,2024-12-04
31493,Product_1493_3,home,586.3925886092112,25.379913616846736,pending,2024-11-26
31494,Product_1494_3,clothing,219.47475639371177,126.69504862180057,archived,2024-01-02
31495,Product_1495_3,home,764.3469529180898,276.44778970707256,active,2024-03-28
31496,Product_1496_3,books,111.22925324823035,288.5562515400731,inactive,2024-12-26
31497,Product_1497_3,home,412.40973364570686,493.7057663873146,inactive,2024-04-27
31498,Product_1498_3,home,490.17036736350167,252.4357782248946,archived,2024-03-16
31499,Product_1499_3,clothing,345.596502903735,79.12362959157835,pending,2024-12-24
31500,Product_1500_3,home,511.6522881198067,39.744354973820016,pending,2024-04-22
31501,Product_1501_3,books,346.9802111169082,84.9553726541913,archived,2024-03-14
31502,Product_1502_3,electronics,936.0793782283545,290.111160986711,active,2024-07-16
31503,Product_1503_3,home,275.24192020866525,403.50471305121334,active,2024-11-14
31504,Product_1504_3,books,788.7200319270263,173.61195969185124,archived,2024-11-11
31505,Product_1505_3,home,163.78280489519898,300.0300663720685,inactive,2024-02-27
31506,Product_1506_3,sports,297.4731880528268,417.68239709019696,active,2024-01-26
31507,Product_1507_3,sports,758.5380663907883,61.35636055490199,archived,2024-10-01
31508,Product_1508_3,electronics,287.9097586934443,261.38726556000074,inactive,2024-09-19
31509,Product_1509_3,books,784.9921867566238,118.14038867502998,active,2024-01-01
31510,Product_1510_3,home,151.9807112907271,234.51349994070563,inactive,2024-02-27
31511,Product_1511_3,sports,118.98072477216077,440.1260050133678,inactive,2024-05-28
31512,Product_1512_3,books,789.4219603044322,465.6452677836439,archived,2024-08-05
31513,Product_1513_3,sports,617.4285805453883,258.44848757000716,active,2024-02-04
31514,Product_1514_3,sports,948.680332045426,143.2023846874172,archived,2024-11-20
31515,Product_1515_3,clothing,810.0352360974213,162.92228665882595,active,2024-02-28
31516,Product_1516_3,clothing,864.4769019972458,188.5455937340031,active,2024-08-14
31517,Product_1517_3,electronics,170.1577006449752,24.40627188254353,inactive,2024-01-26
31518,Product_1518_3,books,841.3279108245613,394.32506997096596,archived,2024-11-09
31519,Product_1519_3,sports,111.90905682557725,150.84478157447845,archived,2024-12-06
31520,Product_1520_3,clothing,747.4718884133947,264.6784757535321,archived,2024-03-22
31521,Product_1521_3,home,850.3090367873665,63.2346762055088,inactive,2024-09-01
31522,Product_1522_3,books,36.31590889916955,110.99904004036368,active,2024-11-19
31523,Product_1523_3,sports,659.2345295514115,23.01542356388412,inactive,2024-06-24
31524,Product_1524_3,home,695.0530285640514,311.2316463480973,inactive,2024-05-02
31525,Product_1525_3,electronics,876.153477331924,460.96168005793606,pending,2024-03-18
31526,Product_1526_3,sports,552.4649218549046,69.85801776445156,pending,2024-04-25
31527,Product_1527_3,sports,464.4984479116362,78.5463971627685,pending,2024-02-16
31528,Product_1528_3,clothing,87.17350245891993,251.88416996554406,active,2024-02-08
31529,Product_1529_3,electronics,881.7282108609445,337.5780775561695,archived,2024-06-06
31530,Product_1530_3,electronics,15.004287692044725,489.2497816814558,archived,2024-04-15
31531,Product_1531_3,clothing,953.2543026222633,360.6858926220654,archived,2024-02-11
31532,Product_1532_3,books,428.097605144639,358.4736797739208,active,2024-02-25
31533,Product_1533_3,books,45.18918139835339,140.835005194073,archived,2024-07-24
31534,Product_1534_3,books,321.6746963494421,48.18826065873819,archived,2024-02-27
31535,Product_1535_3,electronics,184.12521283841326,114.66965632587932,inactive,2024-10-22
31536,Product_1536_3,sports,141.03701712575662,439.88837762696386,active,2024-01-28
31537,Product_1537_3,clothing,777.3421053725264,430.2033496650923,active,2024-03-14
31538,Product_1538_3,clothing,177.03578337610932,462.21581702212313,pending,2024-10-08
31539,Product_1539_3,books,426.0942940447828,199.46929499741267,active,2024-12-03
31540,Product_1540_3,books,484.27561777287735,98.44139737599693,active,2024-01-23
31541,Product_1541_3,home,110.68262005332629,76.81890127324142,active,2024-09-01
31542,Product_1542_3,electronics,621.4406321925891,214.4406785375214,active,2024-02-18
31543,Product_1543_3,electronics,299.8728309385568,406.9939064247336,active,2024-05-06
31544,Product_1544_3,electronics,198.17356652239306,40.50487808423422,archived,2024-04-14
31545,Product_1545_3,home,19.293181225432985,326.3529325150035,pending,2024-01-04
31546,Product_1546_3,books,528.8110871290869,369.65415071949514,inactive,2024-07-01
31547,Product_1547_3,sports,481.35555917735206,208.53754714985212,archived,2024-05-28
31548,Product_1548_3,clothing,22.37910564063113,485.6933739641367,active,2024-08-04
31549,Product_1549_3,electronics,63.894372636702585,320.7786362604079,archived,2024-05-03
31550,Product_1550_3,clothing,779.0732842966532,191.7524362572312,active,2024-12-16
31551,Product_1551_3,sports,783.2828878206312,363.7366805229949,pending,2024-02-04
31552,Product_1552_3,clothing,661.9107833869084,463.148150330179,active,2024-01-01
31553,Product_1553_3,clothing,704.7631000913084,468.57520948435285,pending,2024-01-10
31554,Product_1554_3,books,510.1259012492735,209.81451937747224,active,2024-02-02
31555,Product_1555_3,home,425.61230588812765,237.82322828739981,archived,2024-02-20
31556,Product_1556_3,sports,64.24624153524152,383.0500278165802,archived,2024-01-19
31557,Product_1557_3,home,764.2145082502382,276.23847501108423,archived,2024-09-17
31558,Product_1558_3,clothing,230.13584648139502,11.668912348523433,pending,2024-09-24
31559,Product_1559_3,electronics,107.61981529555732,114.6340865702529,archived,2024-12-19
31560,Product_1560_3,books,780.4930563286786,467.56295258739425,archived,2024-10-01
31561,Product_1561_3,sports,928.9129631071614,161.34706142676555,pending,2024-07-17
31562,Product_1562_3,clothing,998.4866096829054,263.87843745017733,inactive,2024-07-21
31563,Product_1563_3,home,653.0734993754394,46.03352714071243,archived,2024-11-18
31564,Product_1564_3,books,661.8904391851789,496.7736596515148,inactive,2024-02-25
31565,Product_1565_3,electronics,686.2990372664016,199.30291073693598,archived,2024-07-17
31566,Product_1566_3,home,644.2650316411614,103.15738263504497,inactive,2024-01-24
31567,Product_1567_3,sports,212.13122391497808,24.574053186774417,inactive,2024-05-02
31568,Product_1568_3,sports,250.54368130434682,489.7188764263635,inactive,2024-08-04
31569,Product_1569_3,clothing,193.6213473880213,185.79045737267495,pending,2024-11-17
31570,Product_1570_3,books,164.61216514283777,344.52916250609604,archived,2024-05-11
31571,Product_1571_3,books,502.2223136099079,499.9564592142137,pending,2024-07-13
31572,Product_1572_3,books,470.1390431210979,425.18806000357523,pending,2024-11-18
31573,Product_1573_3,electronics,55.79652579789498,61.7345124337288,archived,2024-06-12
31574,Product_1574_3,clothing,903.5667802598047,61.31040793398556,inactive,2024-07-21
31575,Product_1575_3,sports,355.9987643514008,49.639695393132186,inactive,2024-12-17
31576,Product_1576_3,clothing,215.18911996605496,120.62686572342473,active,2024-01-06
31577,Product_1577_3,sports,733.6868514493117,28.572853061070102,inactive,2024-06-27
31578,Product_1578_3,home,737.3652397830228,268.1054480553258,inactive,2024-06-27
31579,Product_1579_3,books,570.0904271755109,472.10195330009867,inactive,2024-05-18
31580,Product_1580_3,clothing,742.3037173058719,378.6991288722522,archived,2024-03-05
31581,Product_1581_3,clothing,595.1107494315582,363.84009874758846,pending,2024-05-06
31582,Product_1582_3,home,93.05214988126212,145.73794756436257,pending,2024-12-13
31583,Product_1583_3,sports,705.8876419350531,374.37746883074834,active,2024-02-04
31584,Product_1584_3,sports,446.0178560240861,154.30520230231664,active,2024-12-28
31585,Product_1585_3,electronics,292.8914142248887,194.07027026319062,active,2024-09-08
31586,Product_1586_3,electronics,43.42738807401086,83.98189263593996,inactive,2024-02-01
31587,Product_1587_3,books,71.80523176721826,160.53914146807372,pending,2024-12-28
31588,Product_1588_3,sports,737.0151396454385,317.8231413360042,pending,2024-04-10
31589,Product_1589_3,clothing,833.3706944775932,266.7684191130186,pending,2024-01-16
31590,Product_1590_3,clothing,754.9937522376468,436.97879820020427,pending,2024-08-17
31591,Product_1591_3,sports,561.8920357307986,103.89133445971622,inactive,2024-07-17
31592,Product_1592_3,sports,659.6230830521297,427.9779241666349,active,2024-02-19
31593,Product_1593_3,sports,917.0379813532719,243.51151959636886,inactive,2024-08-04
31594,Product_1594_3,electronics,98.20847937887805,482.3689118562773,active,2024-03-23
31595,Product_1595_3,sports,91.09919789279068,299.26098978022856,active,2024-02-17
31596,Product_1596_3,electronics,969.663832182623,232.52161599194795,archived,2024-10-26
31597,Product_1597_3,books,974.090868360295,173.3894458540235,pending,2024-04-08
31598,Product_1598_3,electronics,42.14462150074117,156.22397124464078,active,2024-12-13
31599,Product_1599_3,books,552.7680654095595,311.8775656682901,pending,2024-07-02
31600,Product_1600_3,home,956.0802687055512,45.0813089961446,active,2024-05-02
31601,Product_1601_3,books,842.6254777307568,470.2035740441619,active,2024-10-26
31602,Product_1602_3,clothing,349.97469867648044,183.72144357470756,pending,2024-10-10
31603,Product_1603_3,electronics,426.0486796442424,319.7588672946933,pending,2024-09-14
31604,Product_1604_3,home,608.1535658534192,33.01658208007892,inactive,2024-01-02
31605,Product_1605_3,electronics,120.81175307565408,246.99073465112576,archived,2024-12-19
31606,Product_1606_3,books,161.91827663269981,96.96862701863387,inactive,2024-05-12
31607,Product_1607_3,electronics,89.6530078260164,159.86802595928106,archived,2024-10-04
31608,Product_1608_3,sports,474.7835139881565,423.38902287056953,inactive,2024-09-17
31609,Product_1609_3,electronics,426.0445850260328,44.179304062848956,archived,2024-05-17
31610,Product_1610_3,electronics,264.9606645544447,155.51987172110037,inactive,2024-03-13
31611,Product_1611_3,books,529.0315600829133,48.28270695404458,pending,2024-09-19
31612,Product_1612_3,clothing,843.8848841039362,352.1629618844627,inactive,2024-04-20
31613,Product_1613_3,home,554.3384140743727,275.48652585266325,pending,2024-05-14
31614,Product_1614_3,clothing,326.47353685173675,266.1506084607326,archived,2024-03-27
31615,Product_1615_3,clothing,668.1055371213248,424.15831514461763,archived,2024-09-20
31616,Product_1616_3,sports,334.816498585623,148.07350473085046,active,2024-01-15
31617,Product_1617_3,clothing,371.87066935010205,486.4708309570316,inactive,2024-04-16
31618,Product_1618_3,electronics,737.4177088930045,366.75909328258575,active,2024-04-19
31619,Product_1619_3,books,322.761500600718,96.32784751046057,active,2024-12-27
31620,Product_1620_3,sports,1.8513271849512707,331.4649941680683,pending,2024-01-12
31621,Product_1621_3,electronics,715.323210975314,181.60872193245893,archived,2024-02-04
31622,Product_1622_3,sports,688.1742500849233,97.52125544985117,pending,2024-08-01
31623,Product_1623_3,clothing,974.5867222533594,109.40585685938176,inactive,2024-10-21
31624,Product_1624_3,books,320.7359260792129,486.990728845129,inactive,2024-12-09
31625,Product_1625_3,sports,189.27558124349514,487.31036773085054,archived,2024-11-09
31626,Product_1626_3,electronics,304.38897456755524,142.4831346612861,archived,2024-10-26
31627,Product_1627_3,electronics,180.92615183338881,133.71394524783835,pending,2024-12-18
31628,Product_1628_3,clothing,111.69914795905426,457.18616842913633,active,2024-02-06
31629,Product_1629_3,electronics,928.9749580874272,316.29521692559763,pending,2024-07-05
31630,Product_1630_3,sports,340.7624551426843,324.8552595963804,active,2024-02-10
31631,Product_1631_3,sports,374.99177590788406,49.42376032272927,inactive,2024-12-19
31632,Product_1632_3,sports,480.424613584631,231.38537329685266,active,2024-02-09
31633,Product_1633_3,home,825.3549938680568,175.1127232891935,archived,2024-10-12
31634,Product_1634_3,electronics,397.73499245747354,45.94870268753067,archived,2024-10-12
31635,Product_1635_3,home,937.9494541323999,23.316279261103745,pending,2024-05-17
31636,Product_1636_3,books,867.3180828134383,353.748408947641,inactive,2024-08-18
31637,Product_1637_3,clothing,479.81568983772706,431.4242868641646,pending,2024-09-04
31638,Product_1638_3,clothing,578.7168763622108,12.87844296563566,inactive,2024-06-20
31639,Product_1639_3,electronics,845.0028953246002,313.08083680354696,pending,2024-10-02
31640,Product_1640_3,clothing,791.6945671108429,205.43348957356397,active,2024-05-25
31641,Product_1641_3,home,540.3522288765125,115.00584865238478,active,2024-02-09
31642,Product_1642_3,electronics,534.6362693878415,269.9652333552395,inactive,2024-11-20
31643,Product_1643_3,home,584.5090711822219,339.4963763426951,archived,2024-11-28
31644,Product_1644_3,clothing,201.47543692209464,96.63800001894487,inactive,2024-10-21
31645,Product_1645_3,electronics,404.1519499218757,268.41182902726274,archived,2024-05-20
31646,Product_1646_3,electronics,547.6170309571892,184.09298801582506,inactive,2024-03-08
31647,Product_1647_3,books,352.5885305998739,130.1143724230347,active,2024-01-23
31648,Product_1648_3,books,69.3256048183118,272.64057215794537,pending,2024-03-12
31649,Product_1649_3,clothing,132.5260780797823,29.785280884753114,inactive,2024-09-28
31650,Product_1650_3,clothing,893.6907938820522,216.7103275982222,archived,2024-05-12
31651,Product_1651_3,clothing,857.1032390858088,82.75478332754945,pending,2024-04-28
31652,Product_1652_3,home,722.54485868344,43.13518525608084,inactive,2024-01-22
31653,Product_1653_3,electronics,691.9216663260295,25.378820503876668,active,2024-05-10
31654,Product_1654_3,clothing,602.3994018799506,176.75271558228823,pending,2024-04-13
31655,Product_1655_3,electronics,113.35228560813076,258.49244155361214,pending,2024-12-10
31656,Product_1656_3,books,509.369910040699,399.33405733985256,archived,2024-12-10
31657,Product_1657_3,home,779.4727630091024,279.9139443674009,inactive,2024-04-11
31658,Product_1658_3,books,166.5881145071562,372.4698324221306,inactive,2024-09-09
31659,Product_1659_3,home,650.1776182840362,198.89865006478777,active,2024-12-12
31660,Product_1660_3,clothing,302.571738855926,35.202550145358536,active,2024-09-12
31661,Product_1661_3,electronics,422.78386712548405,346.51498707259617,archived,2024-06-11
31662,Product_1662_3,home,911.1777877221992,25.6765596448978,inactive,2024-12-03
31663,Product_1663_3,electronics,891.3925392349793,253.40965561632137,pending,2024-02-23
31664,Product_1664_3,home,946.4674668046708,58.583497654103894,archived,2024-01-23
31665,Product_1665_3,home,258.05679588191094,462.5296900459276,archived,2024-02-27
31666,Product_1666_3,electronics,364.33263710332267,294.70622432751856,inactive,2024-08-04
31667,Product_1667_3,home,866.560536709885,385.4196529862968,inactive,2024-12-19
31668,Product_1668_3,books,717.6480345278159,323.7110778891875,inactive,2024-10-28
31669,Product_1669_3,electronics,860.1874380787555,249.23839160556966,inactive,2024-01-03
31670,Product_1670_3,electronics,430.5377074708044,133.26760629768995,inactive,2024-11-25
31671,Product_1671_3,electronics,874.597870406512,154.66325186933483,pending,2024-05-19
31672,Product_1672_3,electronics,932.8326159863209,415.15603449275574,active,2024-04-05
31673,Product_1673_3,sports,315.7194619948309,166.5328194010068,active,2024-08-23
31674,Product_1674_3,clothing,535.5857545910445,268.8921691892934,inactive,2024-03-12
31675,Product_1675_3,books,675.6486157151015,194.6922608667221,active,2024-07-19
31676,Product_1676_3,books,261.9716657934212,370.0825772279399,archived,2024-11-15
31677,Product_1677_3,electronics,660.6201489113995,444.8977365216232,inactive,2024-06-07
31678,Product_1678_3,home,549.3655287084462,43.17189595047214,inactive,2024-01-06
31679,Product_1679_3,electronics,437.4433412937988,454.14719283910017,inactive,2024-08-26
31680,Product_1680_3,books,540.3094241470272,225.1559111230451,archived,2024-01-13
31681,Product_1681_3,home,537.1508352482865,288.7352248743392,active,2024-06-28
31682,Product_1682_3,sports,78.52169230198501,237.05115819148003,inactive,2024-04-11
31683,Product_1683_3,home,178.08641883533332,62.97676956862031,active,2024-02-03
31684,Product_1684_3,electronics,480.4588026462158,340.0660966682044,archived,2024-03-06
31685,Product_1685_3,books,251.88598066576077,485.4939104172111,inactive,2024-10-22
31686,Product_1686_3,electronics,3.5903598289096688,351.72524015090977,pending,2024-12-21
31687,Product_1687_3,clothing,954.9641740597114,154.31194663120047,inactive,2024-08-01
31688,Product_1688_3,electronics,129.27407330760843,288.6695550337607,archived,2024-06-01
31689,Product_1689_3,books,813.5963647587927,479.60863021533333,pending,2024-01-27
31690,Product_1690_3,books,464.631878180903,290.26245038248834,pending,2024-11-10
31691,Product_1691_3,electronics,437.11914596734255,201.25063236840236,pending,2024-04-04
31692,Product_1692_3,home,375.28023534138373,225.90433857729838,active,2024-07-23
31693,Product_1693_3,electronics,818.1281329098451,445.29883795402236,inactive,2024-01-19
31694,Product_1694_3,home,681.2807467844148,33.44824323477268,inactive,2024-03-12
31695,Product_1695_3,electronics,130.09459527025422,315.4166972723223,archived,2024-08-06
31696,Product_1696_3,sports,931.4476639797405,474.76579423417496,inactive,2024-09-28
31697,Product_1697_3,clothing,886.153394176527,471.4169663724794,archived,2024-12-10
31698,Product_1698_3,home,809.9458169670733,65.99946291896067,inactive,2024-02-18
31699,Product_1699_3,books,634.125416109329,372.04701953724157,active,2024-12-24
31700,Product_1700_3,home,526.8145683326909,425.95054553826657,active,2024-10-27
31701,Product_1701_3,books,475.5596534065509,391.94533943636986,active,2024-05-17
31702,Product_1702_3,sports,122.07830311477149,115.45680953307112,pending,2024-04-24
31703,Product_1703_3,electronics,472.87181355621544,244.15023324511128,active,2024-05-19
31704,Product_1704_3,electronics,55.65184438161274,395.4897290952957,pending,2024-04-04
31705,Product_1705_3,home,548.075629366647,243.25716322409517,archived,2024-06-03
31706,Product_1706_3,books,934.9568253979209,154.0013754073487,archived,2024-07-17
31707,Product_1707_3,home,543.0426095547305,390.0283114945701,active,2024-11-03
31708,Product_1708_3,books,556.3671706454517,337.36405069460267,active,2024-08-10
31709,Product_1709_3,home,44.45124049458569,192.40852216911404,active,2024-03-26
31710,Product_1710_3,electronics,64.36784801232557,273.9369397161592,inactive,2024-11-07
31711,Product_1711_3,sports,937.332634118267,208.49267037573938,archived,2024-01-03
31712,Product_1712_3,home,610.099065710853,343.5565635316096,inactive,2024-03-18
31713,Product_1713_3,sports,304.5706548978211,259.90668982018656,active,2024-07-14
31714,Product_1714_3,clothing,132.37041974192385,427.91990135499213,inactive,2024-10-27
31715,Product_1715_3,electronics,860.5597261975247,256.7972499288581,archived,2024-02-01
31716,Product_1716_3,clothing,166.75996317898355,32.143543162533476,active,2024-08-25
31717,Product_1717_3,electronics,914.1841575696732,55.09721260241284,archived,2024-10-10
31718,Product_1718_3,sports,169.9743665502444,329.6039912331721,inactive,2024-09-06
31719,Product_1719_3,clothing,885.8524860695558,357.97397899644056,active,2024-08-03
31720,Product_1720_3,books,345.8681570654909,467.36640714380843,inactive,2024-12-21
31721,Product_1721_3,sports,549.9593338526616,472.61736425307157,pending,2024-07-04
31722,Product_1722_3,sports,473.9029266150106,109.22909424784893,archived,2024-04-14
31723,Product_1723_3,clothing,658.1754231330754,112.17296763659661,inactive,2024-03-27
31724,Product_1724_3,sports,925.8994035291046,333.9444292046226,pending,2024-09-28
31725,Product_1725_3,home,824.077033052812,389.50181456659686,pending,2024-10-13
31726,Product_1726_3,books,335.7425144928593,346.6521697530232,inactive,2024-08-24
31727,Product_1727_3,home,961.957270362862,478.55310746729685,archived,2024-10-12
31728,Product_1728_3,clothing,194.72363420053114,421.4662013922684,pending,2024-03-05
31729,Product_1729_3,electronics,875.9422067970889,62.65566818240054,active,2024-08-18
31730,Product_1730_3,home,603.9677891480569,164.17562148329455,active,2024-02-08
31731,Product_1731_3,electronics,374.73970267379315,337.3051985788819,archived,2024-07-09
31732,Product_1732_3,sports,353.2509226673887,30.533369343626816,inactive,2024-09-27
31733,Product_1733_3,books,589.8030928694155,297.9053879768544,pending,2024-07-18
31734,Product_1734_3,electronics,800.7847592440559,90.41694093501643,archived,2024-07-11
31735,Product_1735_3,electronics,806.7447866393038,46.85957192986655,archived,2024-06-21
31736,Product_1736_3,clothing,391.3238802215139,370.2785171734752,inactive,2024-09-28
31737,Product_1737_3,home,799.4034291891176,100.39614496229072,archived,2024-08-11
31738,Product_1738_3,books,389.5781399903226,323.3019499567117,pending,2024-04-20
31739,Product_1739_3,books,340.8779384875784,388.04138975602046,inactive,2024-03-12
31740,Product_1740_3,sports,570.6541007090859,448.4279296402481,pending,2024-07-13
31741,Product_1741_3,clothing,130.13501031302164,76.95857377966544,inactive,2024-07-22
31742,Product_1742_3,home,534.8911335687429,496.63416613917326,archived,2024-10-10
31743,Product_1743_3,clothing,543.0524209131302,286.94874879988237,active,2024-11-03
31744,Product_1744_3,books,758.7285555494735,379.2251248926902,pending,2024-08-17
31745,Product_1745_3,home,436.34896243975635,79.77115347494396,pending,2024-05-06
31746,Product_1746_3,sports,922.3169168431122,174.09488717803757,pending,2024-07-06
31747,Product_1747_3,sports,462.9450584366595,433.7335145561256,inactive,2024-05-09
31748,Product_1748_3,electronics,921.9121858540951,333.2017617005856,active,2024-03-12
31749,Product_1749_3,home,220.75231183992608,259.6715906140768,inactive,2024-12-09
31750,Product_1750_3,home,348.480955253709,481.25681927720456,archived,2024-05-12
31751,Product_1751_3,sports,854.239925121872,496.4626601826355,active,2024-01-25
31752,Product_1752_3,books,279.1973294557213,147.85734728614904,pending,2024-05-24
31753,Product_1753_3,books,571.1452827057187,346.7430939769629,pending,2024-06-16
31754,Product_1754_3,home,442.5073799236205,228.68316162363288,pending,2024-11-22
31755,Product_1755_3,home,537.7021565864515,448.8827193936586,inactive,2024-07-02
31756,Product_1756_3,home,764.3791272425774,82.77033084048114,archived,2024-08-02
31757,Product_1757_3,home,841.0817608355899,348.08209970705,pending,2024-05-17
31758,Product_1758_3,electronics,428.8987540862062,279.3679453158582,archived,2024-10-28
31759,Product_1759_3,clothing,232.68958665129279,227.71217710926976,archived,2024-02-01
31760,Product_1760_3,books,224.23655188154058,336.5496769362928,inactive,2024-04-06
31761,Product_1761_3,home,523.9442879905783,35.83994306999517,inactive,2024-09-20
31762,Product_1762_3,home,365.55953446743234,356.5866003983025,archived,2024-02-19
31763,Product_1763_3,home,232.1089877957249,405.0769678739517,archived,2024-06-05
31764,Product_1764_3,sports,562.0504499489476,476.659798548864,pending,2024-03-12
31765,Product_1765_3,home,473.87873638201876,164.20461569382329,pending,2024-09-04
31766,Product_1766_3,clothing,372.4560300376646,78.24476206602841,archived,2024-11-03
31767,Product_1767_3,clothing,980.1076275825436,107.86838764060094,active,2024-08-23
31768,Product_1768_3,clothing,507.1763223431427,268.54466570561533,inactive,2024-08-18
31769,Product_1769_3,electronics,887.8805890711304,56.88568955717467,active,2024-12-12
31770,Product_1770_3,clothing,457.95237248493964,188.12836735955608,active,2024-06-09
31771,Product_1771_3,books,347.9198738296753,397.196188226424,pending,2024-05-13
31772,Product_1772_3,electronics,851.6160210915231,118.7901833416556,active,2024-11-26
31773,Product_1773_3,sports,821.9953307558429,223.2221730866349,inactive,2024-02-19
31774,Product_1774_3,clothing,957.926808078062,354.3208670266887,archived,2024-03-02
31775,Product_1775_3,electronics,604.8628163215647,105.52960151303809,archived,2024-12-03
31776,Product_1776_3,sports,415.73167210144504,291.2614550360594,archived,2024-10-26
31777,Product_1777_3,books,223.39997031646556,466.44278581917223,active,2024-12-27
31778,Product_1778_3,home,468.26388595837756,449.69867306909697,active,2024-11-27
31779,Product_1779_3,electronics,202.11261785303245,342.56064330475766,archived,2024-08-12
31780,Product_1780_3,electronics,122.4622738131217,76.39448817780763,archived,2024-07-04
31781,Product_1781_3,electronics,552.2283807964583,79.45297304516167,active,2024-04-17
31782,Product_1782_3,electronics,944.3704187822715,358.9622539306192,inactive,2024-04-17
31783,Product_1783_3,electronics,437.2970716080955,326.58512297087594,pending,2024-11-18
31784,Product_1784_3,clothing,396.56825802621717,295.4558796604977,active,2024-02-15
31785,Product_1785_3,home,327.2218083299631,117.22538239734851,archived,2024-11-21
31786,Product_1786_3,electronics,967.2696159670658,33.0023452195917,archived,2024-04-08
31787,Product_1787_3,electronics,904.1718059871347,458.03163566789544,inactive,2024-07-01
31788,Product_1788_3,sports,487.96891535751234,263.61664949003625,inactive,2024-06-26
31789,Product_1789_3,home,742.0997445894184,370.9717193386015,inactive,2024-06-09
31790,Product_1790_3,clothing,271.0971017633529,326.7394788606026,pending,2024-10-25
31791,Product_1791_3,electronics,931.365342332732,465.9985706717007,active,2024-01-22
31792,Product_1792_3,electronics,884.719025530964,219.46613117099267,archived,2024-12-25
31793,Product_1793_3,books,778.0213659936363,372.1082037564028,active,2024-09-24
31794,Product_1794_3,sports,842.5774172574528,198.4149948029752,pending,2024-12-06
31795,Product_1795_3,clothing,952.7349546199829,222.38679800311442,pending,2024-06-18
31796,Product_1796_3,electronics,815.2617602935818,273.62046778875776,archived,2024-04-11
31797,Product_1797_3,clothing,200.19638152871352,266.2604129564365,pending,2024-03-26
31798,Product_1798_3,books,993.8026247410115,159.27909008432098,pending,2024-07-01
31799,Product_1799_3,electronics,246.80734949594574,182.7518511126376,active,2024-08-24
31800,Product_1800_3,home,226.2571529540509,60.45181708357728,active,2024-06-07
31801,Product_1801_3,electronics,205.6044925224298,424.1844107207682,archived,2024-09-11
31802,Product_1802_3,clothing,668.1496157972692,328.2215463657026,pending,2024-02-18
31803,Product_1803_3,books,557.62639340333,338.4367966953606,pending,2024-10-14
31804,Product_1804_3,clothing,363.73037891381307,395.0830161449312,pending,2024-10-03
31805,Product_1805_3,electronics,397.7781335927029,234.11838286744856,active,2024-01-11
31806,Product_1806_3,sports,654.0557786526929,306.8441842741715,pending,2024-09-08
31807,Product_1807_3,sports,467.8455891310463,343.3615781210554,pending,2024-07-17
31808,Product_1808_3,clothing,665.8143607671934,347.26979234265207,inactive,2024-05-21
31809,Product_1809_3,home,55.1636549768602,262.9844955482404,inactive,2024-07-23
31810,Product_1810_3,home,647.9432573062659,107.68144425887871,inactive,2024-02-21
31811,Product_1811_3,electronics,46.651107844660274,131.72822747303397,active,2024-03-25
31812,Product_1812_3,electronics,981.7081352316433,362.6638665931636,pending,2024-02-02
31813,Product_1813_3,sports,650.472018499474,428.9203205242274,inactive,2024-06-15
31814,Product_1814_3,electronics,694.0448035250971,181.86293101055594,archived,2024-04-16
31815,Product_1815_3,books,398.8037469151193,451.57294629678245,archived,2024-04-18
31816,Product_1816_3,books,467.9834107594456,251.55031101459338,active,2024-04-16
31817,Product_1817_3,electronics,680.0510445443228,263.67114348303346,inactive,2024-09-25
31818,Product_1818_3,books,514.5318990982463,375.93124882786515,inactive,2024-08-19
31819,Product_1819_3,sports,304.39496963531286,38.77912478113183,archived,2024-06-04
31820,Product_1820_3,sports,121.21360146613105,356.2576422868198,archived,2024-05-24
31821,Product_1821_3,books,14.791337865630359,166.6615628895099,inactive,2024-05-09
31822,Product_1822_3,sports,752.313529810625,162.5804187286576,pending,2024-10-18
31823,Product_1823_3,books,647.73029071501,98.37647340065365,archived,2024-10-23
31824,Product_1824_3,sports,776.5483515830957,404.6628619159363,active,2024-12-26
31825,Product_1825_3,clothing,190.78443928193343,375.54102387704637,archived,2024-09-15
31826,Product_1826_3,home,992.1474452430296,370.63062485835195,pending,2024-04-12
31827,Product_1827_3,books,496.86088412686087,486.84530594146645,inactive,2024-01-06
31828,Product_1828_3,sports,637.2825212353674,92.17934516496028,pending,2024-06-20
31829,Product_1829_3,clothing,787.4707449946379,425.1007491714402,inactive,2024-02-13
31830,Product_1830_3,sports,891.4078835970892,449.6848997711219,pending,2024-08-14
31831,Product_1831_3,home,552.6721635221928,297.2215497197708,active,2024-09-18
31832,Product_1832_3,books,620.7999786542873,468.80172832451564,archived,2024-03-15
31833,Product_1833_3,sports,167.49521204820837,135.94132173488072,inactive,2024-01-01
31834,Product_1834_3,home,943.7065649345919,458.82708828152767,inactive,2024-12-23
31835,Product_1835_3,books,464.22923298009033,105.28359672547325,inactive,2024-09-11
31836,Product_1836_3,books,970.5857307499805,385.89342585782,active,2024-06-13
31837,Product_1837_3,home,773.8080612597588,486.0399299704705,pending,2024-02-08
31838,Product_1838_3,books,140.69956289136954,290.68111544144296,pending,2024-01-21
31839,Product_1839_3,books,537.7121647643705,288.658285573451,inactive,2024-02-20
31840,Product_1840_3,sports,156.75862659491392,203.8614918574423,pending,2024-09-26
31841,Product_1841_3,clothing,900.4590963739763,391.35413294790976,pending,2024-06-10
31842,Product_1842_3,home,794.5694970999457,371.7705227015129,pending,2024-02-15
31843,Product_1843_3,home,745.0872001478451,74.88508758626827,active,2024-01-22
31844,Product_1844_3,clothing,808.519811180332,43.03509273742,pending,2024-06-01
31845,Product_1845_3,electronics,244.0080023293262,297.5671843999306,active,2024-07-01
31846,Product_1846_3,clothing,110.16999551002911,197.89591601824338,inactive,2024-07-04
31847,Product_1847_3,clothing,674.3488427786689,297.06705832833336,inactive,2024-03-08
31848,Product_1848_3,clothing,288.5345371997645,60.44413664329178,active,2024-10-06
31849,Product_1849_3,sports,292.2983247526346,26.594054195737154,active,2024-12-15
31850,Product_1850_3,books,395.5962670160576,123.27396701368133,pending,2024-03-07
31851,Product_1851_3,electronics,287.8143409524288,97.427950784464,inactive,2024-12-22
31852,Product_1852_3,home,184.02397719694278,327.0896918144205,inactive,2024-12-05
31853,Product_1853_3,books,551.7895361916073,301.2449942377077,pending,2024-12-25
31854,Product_1854_3,sports,869.1600470421607,434.2737361066366,inactive,2024-09-25
31855,Product_1855_3,electronics,726.9561873838844,182.7573811367163,active,2024-11-08
31856,Product_1856_3,clothing,707.0938159306824,14.074396373327298,inactive,2024-09-01
31857,Product_1857_3,home,491.79451848255815,440.727101268785,active,2024-12-16
31858,Product_1858_3,clothing,228.8488529362323,124.78075765710302,archived,2024-12-07
31859,Product_1859_3,clothing,264.01406470580105,310.0300357456736,inactive,2024-10-07
31860,Product_1860_3,clothing,184.601553450545,101.79790186733001,active,2024-11-11
31861,Product_1861_3,clothing,627.0491396999121,377.2099281519158,active,2024-09-20
31862,Product_1862_3,clothing,942.1604624205324,223.77714941117912,active,2024-11-10
31863,Product_1863_3,clothing,95.70419819460506,261.0958497032368,inactive,2024-02-01
31864,Product_1864_3,home,511.77331667934453,159.27995929790475,pending,2024-09-23
31865,Product_1865_3,home,607.9042056262747,375.0906822158755,inactive,2024-02-02
31866,Product_1866_3,books,536.8758759549381,360.2880662312708,inactive,2024-03-15
31867,Product_1867_3,books,219.2623435412819,165.23051538408265,pending,2024-06-19
31868,Product_1868_3,books,545.9537458735183,332.96396743866705,archived,2024-02-01
31869,Product_1869_3,home,592.0618698746666,183.62905510719477,pending,2024-04-03
31870,Product_1870_3,electronics,510.44675413944583,178.1342454757583,archived,2024-10-09
31871,Product_1871_3,sports,241.32957214320197,456.0919335455464,inactive,2024-07-16
31872,Product_1872_3,clothing,688.649642891215,203.820150109085,active,2024-09-01
31873,Product_1873_3,sports,833.5927759954416,426.8172773676265,inactive,2024-02-19
31874,Product_1874_3,clothing,64.36716283178441,206.92556451814545,active,2024-04-02
31875,Product_1875_3,electronics,830.8688019515424,422.71448054649466,inactive,2024-08-27
31876,Product_1876_3,home,328.8635822551742,386.64509385885526,active,2024-11-05
31877,Product_1877_3,clothing,842.4717440599351,155.4944100320845,archived,2024-05-09
31878,Product_1878_3,electronics,306.3202456728281,297.6106631110158,active,2024-08-17
31879,Product_1879_3,books,479.8795626918781,168.51072678433368,pending,2024-03-10
31880,Product_1880_3,clothing,557.7676044369628,69.58718840657963,pending,2024-08-13
31881,Product_1881_3,electronics,378.6750481257255,236.1858115478129,inactive,2024-03-24
31882,Product_1882_3,books,981.9501989440579,473.75898207943476,active,2024-11-02
31883,Product_1883_3,books,926.2300197118914,75.64054526660463,active,2024-10-20
31884,Product_1884_3,clothing,474.8351207267299,267.54748995565586,inactive,2024-02-18
31885,Product_1885_3,books,507.4787456799101,142.6840014315253,active,2024-08-05
31886,Product_1886_3,clothing,272.8024524428451,100.45806846412539,inactive,2024-07-15
31887,Product_1887_3,clothing,420.06640643255156,182.0412773250426,pending,2024-07-06
31888,Product_1888_3,books,263.88472660763097,198.85200851768892,pending,2024-01-07
31889,Product_1889_3,books,56.092648054904934,397.02187422374953,archived,2024-12-08
31890,Product_1890_3,sports,622.9907008091399,326.4912667364746,active,2024-06-15
31891,Product_1891_3,home,773.7172918092664,427.6034073216969,inactive,2024-06-21
31892,Product_1892_3,electronics,571.7876099494337,105.45678707769724,archived,2024-02-23
31893,Product_1893_3,sports,191.6782299227321,376.33627235706103,archived,2024-02-12
31894,Product_1894_3,home,956.8683645335534,60.55887785919735,archived,2024-06-21
31895,Product_1895_3,books,545.67078584099,104.17880729781658,inactive,2024-05-20
31896,Product_1896_3,sports,776.2762669666822,406.44653894223427,inactive,2024-05-08
31897,Product_1897_3,home,290.0285648445539,183.4894594142191,inactive,2024-06-06
31898,Product_1898_3,home,330.87570040028703,455.2974824355291,active,2024-04-17
31899,Product_1899_3,home,188.47608237610856,242.511342650616,inactive,2024-01-05
31900,Product_1900_3,electronics,824.4016001012975,159.58201936628834,inactive,2024-09-14
31901,Product_1901_3,electronics,559.0812618424769,466.60097757952735,inactive,2024-07-28
31902,Product_1902_3,books,905.2305729843596,23.899023080960422,inactive,2024-01-26
31903,Product_1903_3,sports,597.730227620926,384.9932423859942,active,2024-09-22
31904,Product_1904_3,electronics,312.18343275687863,27.21553170953657,pending,2024-12-09
31905,Product_1905_3,home,366.361805501824,266.93618084112825,inactive,2024-12-01
31906,Product_1906_3,books,308.19582825226985,236.22626663639153,archived,2024-09-19
31907,Product_1907_3,home,204.4438068708407,455.7655103037617,pending,2024-12-02
31908,Product_1908_3,books,434.00661747976966,425.71329564591696,inactive,2024-01-09
31909,Product_1909_3,books,652.9784576598787,248.5725104698072,archived,2024-10-26
31910,Product_1910_3,home,789.1735007063514,95.78782546285682,inactive,2024-02-11
31911,Product_1911_3,electronics,975.3770253459893,250.57577380918477,inactive,2024-04-11
31912,Product_1912_3,clothing,362.9629956863496,210.99708452734833,inactive,2024-02-26
31913,Product_1913_3,clothing,466.2874423837246,337.0015382059384,active,2024-12-24
31914,Product_1914_3,books,831.2201516758369,123.9292962157293,pending,2024-07-04
31915,Product_1915_3,home,654.2089933976663,355.08072663712267,active,2024-06-02
31916,Product_1916_3,sports,141.3995029812561,123.932843407831,pending,2024-11-01
31917,Product_1917_3,sports,532.4281404230092,36.93806560092821,inactive,2024-06-13
31918,Product_1918_3,books,202.9227806883553,302.7516110605514,active,2024-07-22
31919,Product_1919_3,clothing,182.57568053679708,194.5643366440937,pending,2024-05-19
31920,Product_1920_3,clothing,723.7513642660215,93.94838645554906,active,2024-01-25
31921,Product_1921_3,clothing,124.26580153891807,172.68824911761268,archived,2024-08-10
31922,Product_1922_3,clothing,591.2413853546467,323.7193994898746,pending,2024-08-06
31923,Product_1923_3,books,142.25613581451267,109.37246397518017,pending,2024-08-15
31924,Product_1924_3,clothing,312.0749714347289,386.48280316254187,inactive,2024-01-14
31925,Product_1925_3,clothing,847.1775718716527,28.19415700758985,pending,2024-01-24
31926,Product_1926_3,sports,583.3560604220752,483.06187724527314,archived,2024-04-19
31927,Product_1927_3,sports,375.50917869212964,477.36812503203805,inactive,2024-04-27
31928,Product_1928_3,sports,549.8638023695274,429.60047923529015,inactive,2024-09-28
31929,Product_1929_3,electronics,750.3244151034899,489.4007270773534,inactive,2024-05-27
31930,Product_1930_3,home,470.0946720902345,426.6591530830905,pending,2024-04-25
31931,Product_1931_3,home,582.7573939903941,67.17403979909312,pending,2024-05-27
31932,Product_1932_3,clothing,359.53182606065235,149.11353373075593,inactive,2024-06-09
31933,Product_1933_3,books,44.33058655561272,461.16128971089563,inactive,2024-02-08
31934,Product_1934_3,books,13.669573921246931,374.1152708320327,active,2024-04-28
31935,Product_1935_3,sports,204.53072489152456,485.916497402462,pending,2024-01-17
31936,Product_1936_3,electronics,472.77248622162875,307.63445064547943,active,2024-04-15
31937,Product_1937_3,books,869.6636367185458,175.47665241115723,archived,2024-07-03
31938,Product_1938_3,clothing,3.459122902683095,158.50245418139292,active,2024-04-25
31939,Product_1939_3,books,804.191118905012,251.1325083644683,archived,2024-04-28
31940,Product_1940_3,electronics,323.3975890027354,193.63342886585846,archived,2024-09-04
31941,Product_1941_3,electronics,436.87621201026735,169.23881773305604,archived,2024-10-26
31942,Product_1942_3,clothing,630.2448624499121,420.9920838107521,archived,2024-09-18
31943,Product_1943_3,home,318.2593986369982,318.2435284012676,archived,2024-08-23
31944,Product_1944_3,sports,845.74482685076,67.61462949897877,archived,2024-03-05
31945,Product_1945_3,electronics,719.4386487322838,15.07205719398382,inactive,2024-12-19
31946,Product_1946_3,electronics,894.236722201676,487.371223433081,inactive,2024-12-09
31947,Product_1947_3,clothing,110.26129032587812,23.87332271639312,active,2024-07-18
31948,Product_1948_3,clothing,889.1360492104819,309.72495631839587,active,2024-08-15
31949,Product_1949_3,clothing,805.7185384323571,133.79125372902016,pending,2024-04-20
31950,Product_1950_3,sports,429.78596300058445,432.51564344424327,active,2024-03-23
31951,Product_1951_3,home,35.04494151704402,60.85771103831876,active,2024-12-06
31952,Product_1952_3,electronics,977.9328748093384,279.74330038148264,active,2024-10-27
31953,Product_1953_3,clothing,270.5041511939177,38.7432542818984,inactive,2024-03-17
31954,Product_1954_3,clothing,197.78440212512385,283.68655565506714,active,2024-04-04
31955,Product_1955_3,home,71.68332507483514,405.79831577645695,active,2024-07-07
31956,Product_1956_3,home,227.52789600667393,136.0576689770553,pending,2024-03-20
31957,Product_1957_3,electronics,446.94720278731785,240.5227182101483,archived,2024-12-23
31958,Product_1958_3,home,444.13394540367244,489.1063162560767,active,2024-12-25
31959,Product_1959_3,sports,462.41555423957027,329.88329900812147,inactive,2024-12-24
31960,Product_1960_3,electronics,970.3868664469602,259.23482409090303,active,2024-04-20
31961,Product_1961_3,electronics,45.17610722509561,306.2838200888344,pending,2024-02-07
31962,Product_1962_3,books,157.52818763364743,249.84730237871295,archived,2024-02-18
31963,Product_1963_3,home,684.0468278124698,416.77852148339633,inactive,2024-08-01
31964,Product_1964_3,electronics,97.5955618296612,465.84951200084316,archived,2024-01-12
31965,Product_1965_3,home,61.29967855406704,488.9304075756986,pending,2024-04-02
31966,Product_1966_3,books,531.5759736180887,144.607524383557,active,2024-10-19
31967,Product_1967_3,electronics,965.8560638211562,103.69502704026799,pending,2024-09-17
31968,Product_1968_3,electronics,807.5736482713669,159.55862290786118,active,2024-10-23
31969,Product_1969_3,sports,748.2147539057848,257.2928671789648,archived,2024-12-16
31970,Product_1970_3,clothing,704.5397890017688,445.2381330531582,pending,2024-08-08
31971,Product_1971_3,home,822.2170692339428,95.82065272503874,archived,2024-08-27
31972,Product_1972_3,clothing,672.3831754965424,166.77122005149874,archived,2024-09-22
31973,Product_1973_3,home,221.2823495398491,384.3426750576945,archived,2024-04-28
31974,Product_1974_3,books,729.8831348437411,208.1728708645937,pending,2024-06-27
31975,Product_1975_3,clothing,972.9846431153875,257.76088000803395,active,2024-08-09
31976,Product_1976_3,clothing,599.2241069707329,141.8886128696417,inactive,2024-10-10
31977,Product_1977_3,sports,81.58854201725954,200.93419786504117,active,2024-01-05
31978,Product_1978_3,books,446.628132233548,227.58216457418595,pending,2024-08-05
31979,Product_1979_3,books,507.44689858746676,436.0263933262554,pending,2024-07-21
31980,Product_1980_3,books,443.85159732929554,318.09898800060455,inactive,2024-07-09
31981,Product_1981_3,clothing,775.6316307345237,324.09149643165165,pending,2024-07-12
31982,Product_1982_3,home,88.72241275366667,69.70024142405774,pending,2024-06-28
31983,Product_1983_3,books,32.23077947769863,269.4996698737722,active,2024-06-17
31984,Product_1984_3,electronics,251.36333231065112,315.10998839247856,archived,2024-12-09
31985,Product_1985_3,books,345.8515629621232,301.670842671911,inactive,2024-01-15
31986,Product_1986_3,clothing,258.49445894514133,393.6933129069815,archived,2024-07-03
31987,Product_1987_3,home,399.04129938514615,34.23129982881788,archived,2024-11-15
31988,Product_1988_3,home,13.268117205088815,242.67756960011252,pending,2024-08-17
31989,Product_1989_3,electronics,734.1894776452457,242.86842194669663,active,2024-09-04
31990,Product_1990_3,home,746.9048257069018,44.45635953070476,inactive,2024-11-04
31991,Product_1991_3,sports,427.57750965958496,163.96843123245358,pending,2024-04-22
31992,Product_1992_3,electronics,407.2513300476098,106.60477916103636,pending,2024-09-26
31993,Product_1993_3,books,897.8829955511092,465.0009625447698,pending,2024-09-27
31994,Product_1994_3,clothing,347.38575479848856,65.70832598396494,pending,2024-12-27
31995,Product_1995_3,books,529.1180556859581,375.97882698863424,inactive,2024-01-22
31996,Product_1996_3,books,300.2480531549417,357.6756141644417,active,2024-08-07
31997,Product_1997_3,books,794.7321776490937,386.7682580518317,archived,2024-07-04
31998,Product_1998_3,home,871.250357887466,81.06384367845884,archived,2024-09-15
31999,Product_1999_3,electronics,270.9394485848601,275.0447903625285,pending,2024-02-05
32000,Product_2000_3,sports,397.0346068318019,174.29085573068255,archived,2024-11-21
32001,Product_2001_3,sports,424.7713310674579,120.09493123283916,inactive,2024-01-16
32002,Product_2002_3,electronics,891.9995539181241,254.90851128351915,pending,2024-06-11
32003,Product_2003_3,clothing,490.3512143197044,58.36397644180538,active,2024-11-18
32004,Product_2004_3,clothing,588.1710588921376,456.97724030831,pending,2024-04-10
32005,Product_2005_3,sports,274.02229143745416,434.15850562813773,pending,2024-02-06
32006,Product_2006_3,electronics,533.640044269506,176.20093802617546,active,2024-02-12
32007,Product_2007_3,sports,237.98284243162286,400.3523781567023,inactive,2024-10-12
32008,Product_2008_3,books,899.4571377702719,201.3070199638066,inactive,2024-03-15
32009,Product_2009_3,books,749.3536403991169,493.9375405750014,active,2024-07-11
32010,Product_2010_3,books,865.131440300839,240.7577869450433,active,2024-03-14
32011,Product_2011_3,sports,857.0726978336209,310.41229822198966,active,2024-08-07
32012,Product_2012_3,clothing,660.3314751090003,79.81520746748771,pending,2024-02-26
32013,Product_2013_3,electronics,359.9319093728292,220.61174143640966,archived,2024-08-22
32014,Product_2014_3,clothing,179.67956124661862,159.3147870127381,inactive,2024-11-24
32015,Product_2015_3,books,550.0750416832067,144.35782833458163,archived,2024-12-06
32016,Product_2016_3,books,159.96476178164164,233.143875258539,archived,2024-05-02
32017,Product_2017_3,sports,188.8048395938733,154.65864531723454,inactive,2024-07-05
32018,Product_2018_3,clothing,881.7752637827266,368.0616591975273,active,2024-06-21
32019,Product_2019_3,home,22.71272128201171,253.16639335401834,active,2024-06-14
32020,Product_2020_3,electronics,705.9940763860958,82.37265788715133,pending,2024-10-14
32021,Product_2021_3,sports,592.0303470604015,453.9122563045905,pending,2024-08-11
32022,Product_2022_3,electronics,626.974950109002,169.93679328159138,archived,2024-09-12
32023,Product_2023_3,home,960.1433266212348,282.0009283933972,active,2024-05-02
32024,Product_2024_3,home,16.313437069820466,423.22548646355045,inactive,2024-11-10
32025,Product_2025_3,sports,310.6569505097072,242.80382027069396,pending,2024-06-23
32026,Product_2026_3,home,833.8623579415424,388.35862143548513,archived,2024-04-22
32027,Product_2027_3,electronics,645.9006016394186,375.1572311000188,pending,2024-09-07
32028,Product_2028_3,home,295.8846269798736,66.216379345177,pending,2024-03-02
32029,Product_2029_3,clothing,290.8384809083088,440.4666820681276,pending,2024-04-12
32030,Product_2030_3,sports,377.60026862691046,216.76101535405334,inactive,2024-11-01
32031,Product_2031_3,sports,222.65138510405436,236.68924377722766,active,2024-06-24
32032,Product_2032_3,books,33.77427492267229,494.02576271700343,pending,2024-04-06
32033,Product_2033_3,clothing,255.7606610455374,33.21116565380548,active,2024-05-10
32034,Product_2034_3,clothing,67.63132315679199,272.05582170048416,archived,2024-01-02
32035,Product_2035_3,sports,514.385705262304,380.4469823729364,inactive,2024-06-15
32036,Product_2036_3,clothing,144.05985721842296,414.6878986380318,pending,2024-04-25
32037,Product_2037_3,sports,208.16973941794419,439.20003758880546,archived,2024-05-27
32038,Product_2038_3,books,272.05644634021155,489.61430687279676,inactive,2024-02-12
32039,Product_2039_3,books,478.1554082762309,401.17918980194975,active,2024-03-19
32040,Product_2040_3,clothing,411.68832663286474,329.61691088691384,pending,2024-11-09
32041,Product_2041_3,clothing,404.16483554929107,256.1891518487416,inactive,2024-05-17
32042,Product_2042_3,home,805.6952083930012,452.4519621610075,pending,2024-05-08
32043,Product_2043_3,books,153.3111557026676,74.597455396967,archived,2024-11-06
32044,Product_2044_3,books,187.58104572155278,150.67583423913857,pending,2024-12-17
32045,Product_2045_3,clothing,721.0110446111503,65.43170147339421,active,2024-02-21
32046,Product_2046_3,home,12.676222670402968,86.01892335081158,inactive,2024-01-11
32047,Product_2047_3,clothing,379.75542058816995,427.0095978277928,active,2024-11-15
32048,Product_2048_3,home,608.8390368740229,470.159852268041,inactive,2024-03-04
32049,Product_2049_3,sports,671.9883229809103,198.7704730664857,pending,2024-06-28
32050,Product_2050_3,clothing,831.1544457182475,437.1524487183394,pending,2024-07-05
32051,Product_2051_3,sports,884.1282321115287,131.98787282344392,pending,2024-11-23
32052,Product_2052_3,home,258.45535046171017,311.60577826596284,inactive,2024-08-27
32053,Product_2053_3,electronics,2.308642065333828,451.69480243167834,pending,2024-09-07
32054,Product_2054_3,home,313.0565303190389,179.25989714537747,archived,2024-04-09
32055,Product_2055_3,clothing,931.2651344305348,10.277107466009255,inactive,2024-04-22
32056,Product_2056_3,clothing,710.3528753851984,243.64950014369248,pending,2024-07-08
32057,Product_2057_3,electronics,279.234484966134,241.22728189868621,pending,2024-03-10
32058,Product_2058_3,electronics,642.8071245557953,54.633480361115275,inactive,2024-12-09
32059,Product_2059_3,home,177.14753195706726,316.77360934150823,archived,2024-02-23
32060,Product_2060_3,electronics,378.15232372991807,168.98889335271826,inactive,2024-02-10
32061,Product_2061_3,clothing,887.7639335062343,255.62511131188165,inactive,2024-09-26
32062,Product_2062_3,books,608.0710046351164,299.9999849730921,pending,2024-02-27
32063,Product_2063_3,clothing,137.30723191500473,54.74116104533133,active,2024-05-22
32064,Product_2064_3,books,421.4435105807927,464.0881527994518,inactive,2024-06-13
32065,Product_2065_3,sports,808.2003649378535,188.33039870836467,archived,2024-11-27
32066,Product_2066_3,electronics,63.33151020872468,130.93025435976352,pending,2024-05-11
32067,Product_2067_3,clothing,585.9965584089891,494.9018043434339,archived,2024-04-27
32068,Product_2068_3,electronics,250.61748500910628,74.42423787888387,archived,2024-08-07
32069,Product_2069_3,sports,883.3800826607091,133.9302370525318,pending,2024-09-28
32070,Product_2070_3,home,388.95619759252895,144.14305991863282,active,2024-09-20
32071,Product_2071_3,books,602.8256552782091,334.63121019240964,inactive,2024-02-07
32072,Product_2072_3,clothing,521.8279516179241,261.61805942812344,active,2024-09-15
32073,Product_2073_3,home,719.7805479440473,217.47514376862077,active,2024-05-12
32074,Product_2074_3,home,785.7840906364261,368.73377548476117,inactive,2024-06-05
32075,Product_2075_3,home,140.06005353725592,475.42080922928324,inactive,2024-11-08
32076,Product_2076_3,books,807.2256427295318,127.48972897879042,active,2024-02-28
32077,Product_2077_3,home,781.0718045170853,197.36888299873888,active,2024-08-05
32078,Product_2078_3,electronics,687.3542147785432,182.0814506249717,archived,2024-08-25
32079,Product_2079_3,electronics,945.3541070952942,444.89296616636216,inactive,2024-04-05
32080,Product_2080_3,electronics,94.25532871239568,460.74995876183254,pending,2024-09-09
32081,Product_2081_3,electronics,665.8305262604545,211.23195595516094,inactive,2024-08-16
32082,Product_2082_3,sports,292.5097137740496,108.98582875345296,pending,2024-12-09
32083,Product_2083_3,home,671.4603103901388,31.150301591861005,inactive,2024-08-28
32084,Product_2084_3,sports,992.3483218282944,417.2450946881607,inactive,2024-10-13
32085,Product_2085_3,home,967.6615333291998,76.31030032202793,archived,2024-03-22
32086,Product_2086_3,books,819.6940990224012,21.05838134504546,archived,2024-10-18
32087,Product_2087_3,books,952.6789728832671,402.66855293498884,archived,2024-10-14
32088,Product_2088_3,sports,844.3079266602778,159.031971510465,inactive,2024-08-11
32089,Product_2089_3,clothing,16.46355968842957,489.1781176291966,pending,2024-04-19
32090,Product_2090_3,sports,771.5031615600266,445.0998422014369,pending,2024-08-11
32091,Product_2091_3,electronics,359.1595927537024,295.9369833302899,active,2024-09-14
32092,Product_2092_3,home,759.2155925723703,99.71453649671213,pending,2024-01-24
32093,Product_2093_3,sports,413.8612913258224,24.439068031861204,inactive,2024-03-04
32094,Product_2094_3,electronics,912.0984864121903,447.43886950865715,active,2024-07-24
32095,Product_2095_3,clothing,995.0702728553401,20.702518177756204,archived,2024-08-28
32096,Product_2096_3,sports,118.14512390623742,67.38712711887784,pending,2024-02-19
32097,Product_2097_3,clothing,330.4912540740556,240.66748974326157,active,2024-04-21
32098,Product_2098_3,clothing,473.2509792663927,345.76611268158814,archived,2024-12-11
32099,Product_2099_3,electronics,607.8037779305819,230.84001092823422,active,2024-05-18
32100,Product_2100_3,books,646.1142347202658,228.81945074746304,archived,2024-01-13
32101,Product_2101_3,books,96.28400258856466,32.59248678266863,archived,2024-04-27
32102,Product_2102_3,sports,558.632355406808,25.762535241881608,pending,2024-05-23
32103,Product_2103_3,clothing,515.256252265962,157.34957577260278,inactive,2024-01-16
32104,Product_2104_3,electronics,904.7061309869065,84.6107580155934,pending,2024-06-03
32105,Product_2105_3,electronics,817.1282655138691,93.40486558608902,inactive,2024-03-20
32106,Product_2106_3,books,55.805693535143284,158.84749147701174,active,2024-08-09
32107,Product_2107_3,clothing,636.6271020638129,288.99014810132775,archived,2024-04-28
32108,Product_2108_3,clothing,57.29444717266783,143.8579693778478,pending,2024-01-23
32109,Product_2109_3,sports,942.8173201852416,409.6366055664923,active,2024-02-20
32110,Product_2110_3,sports,643.334831445128,310.76844130223066,active,2024-10-12
32111,Product_2111_3,electronics,209.60133871084236,408.64984516575254,archived,2024-09-09
32112,Product_2112_3,electronics,958.9590920424789,66.60601916538445,archived,2024-10-16
32113,Product_2113_3,books,189.621476653144,262.7503111210579,active,2024-01-12
32114,Product_2114_3,home,93.85719165451492,237.6777224319575,inactive,2024-12-20
32115,Product_2115_3,home,739.4852128914137,415.05011385137664,inactive,2024-01-09
32116,Product_2116_3,electronics,631.0851164335087,46.3994892363092,active,2024-02-08
32117,Product_2117_3,sports,640.617528027341,446.8884240676919,active,2024-07-17
32118,Product_2118_3,electronics,800.1991008649458,439.5202766085579,archived,2024-02-06
32119,Product_2119_3,sports,403.3348992683258,249.56385414137017,inactive,2024-06-10
32120,Product_2120_3,clothing,71.95330895177958,336.96218709528324,active,2024-08-19
32121,Product_2121_3,books,484.9370452712602,444.5516830404841,archived,2024-08-24
32122,Product_2122_3,home,311.6644741707796,112.02143629239261,pending,2024-02-07
32123,Product_2123_3,electronics,47.61763315571652,50.073897188619846,inactive,2024-10-14
32124,Product_2124_3,clothing,284.179570305449,134.90080316139284,inactive,2024-01-13
32125,Product_2125_3,electronics,391.30153530762357,291.3871443741941,pending,2024-11-26
32126,Product_2126_3,electronics,25.475941280189435,235.96128701152938,pending,2024-11-18
32127,Product_2127_3,books,390.0364154538372,335.02059076738027,inactive,2024-10-05
32128,Product_2128_3,clothing,89.20129790840642,290.7479740825329,inactive,2024-05-09
32129,Product_2129_3,books,780.4354895717748,313.2058117743806,inactive,2024-09-05
32130,Product_2130_3,clothing,813.5822845151368,41.392330288658215,inactive,2024-09-14
32131,Product_2131_3,sports,275.2904637674199,158.29053621103003,inactive,2024-05-11
32132,Product_2132_3,books,119.63340576479749,99.64496711611176,inactive,2024-03-04
32133,Product_2133_3,sports,484.47544553365907,106.10734052748984,inactive,2024-12-21
32134,Product_2134_3,books,344.63193665263543,315.9696134235303,archived,2024-01-24
32135,Product_2135_3,home,351.603354484098,396.59760607230123,archived,2024-05-15
32136,Product_2136_3,electronics,285.66582858779446,280.5733693738198,active,2024-08-11
32137,Product_2137_3,electronics,603.1155979200422,67.56143542743872,pending,2024-06-08
32138,Product_2138_3,home,627.4858982679349,250.16620230502969,active,2024-09-21
32139,Product_2139_3,books,98.96508224371722,240.65114577521845,pending,2024-12-27
32140,Product_2140_3,clothing,962.193926210157,149.2196513596178,pending,2024-09-05
32141,Product_2141_3,electronics,375.6495642213496,232.3622789061384,inactive,2024-07-16
32142,Product_2142_3,electronics,686.1483391507074,397.44059194922687,active,2024-05-28
32143,Product_2143_3,clothing,705.2659041337045,198.329771256616,active,2024-03-10
32144,Product_2144_3,home,791.1374744170022,149.0131921081208,archived,2024-02-26
32145,Product_2145_3,home,100.16287599167164,212.42777387529688,archived,2024-11-02
32146,Product_2146_3,sports,414.57342088322963,190.44174177073978,inactive,2024-06-07
32147,Product_2147_3,home,247.63037533150313,453.4838127468769,archived,2024-11-17
32148,Product_2148_3,home,959.5686117229069,111.49818936613975,active,2024-12-10
32149,Product_2149_3,sports,479.2152655845246,407.6865353778815,pending,2024-12-02
32150,Product_2150_3,sports,244.803567549065,411.0203352652204,archived,2024-04-26
32151,Product_2151_3,electronics,94.81459587008096,143.3044619362269,archived,2024-01-26
32152,Product_2152_3,home,814.5871767852884,258.60229600625235,pending,2024-10-15
32153,Product_2153_3,electronics,921.1277946235673,74.00126253637364,pending,2024-01-16
32154,Product_2154_3,electronics,485.6202147998061,224.84662977990936,active,2024-05-09
32155,Product_2155_3,electronics,469.73552547068095,49.153521982879035,active,2024-05-03
32156,Product_2156_3,home,718.572341431098,13.80109041881174,inactive,2024-02-20
32157,Product_2157_3,electronics,178.23074967337024,379.76931178575916,pending,2024-07-09
32158,Product_2158_3,sports,318.81280258100196,190.4592980065886,archived,2024-09-26
32159,Product_2159_3,books,566.6305825219329,118.19054261165007,active,2024-10-19
32160,Product_2160_3,home,271.9098633557238,351.07608986858577,pending,2024-08-20
32161,Product_2161_3,clothing,278.62919188221707,78.78293334170031,pending,2024-03-22
32162,Product_2162_3,electronics,136.645889053919,117.74110429358076,archived,2024-08-28
32163,Product_2163_3,sports,837.1699411361697,57.35836238538243,inactive,2024-08-05
32164,Product_2164_3,sports,666.4955324490134,468.01732063162035,pending,2024-06-04
32165,Product_2165_3,clothing,431.64700757959224,263.1199580131256,pending,2024-04-20
32166,Product_2166_3,books,812.2150165541714,81.18771910295003,inactive,2024-12-19
32167,Product_2167_3,books,228.16566297164934,185.23634489328452,active,2024-03-22
32168,Product_2168_3,sports,24.36331604012538,237.9273029931676,active,2024-12-10
32169,Product_2169_3,books,861.842000260735,397.97968055243916,active,2024-05-20
32170,Product_2170_3,clothing,371.06643561130653,152.2006256891899,inactive,2024-08-01
32171,Product_2171_3,electronics,410.7270963282151,67.1998813563415,inactive,2024-06-28
32172,Product_2172_3,electronics,730.9410310138095,316.0090253579927,archived,2024-08-05
32173,Product_2173_3,sports,946.7793269702648,247.47392249325694,archived,2024-03-13
32174,Product_2174_3,electronics,609.311511408477,228.31033499076509,pending,2024-12-27
32175,Product_2175_3,home,658.9500066567114,225.32879802058045,archived,2024-10-08
32176,Product_2176_3,sports,82.93104039946773,135.2013734391246,inactive,2024-08-21
32177,Product_2177_3,electronics,122.62972148616046,367.3426409750395,inactive,2024-02-19
32178,Product_2178_3,electronics,483.39506698242735,346.62776975205526,active,2024-09-15
32179,Product_2179_3,home,527.2575090981823,449.84106794041327,active,2024-10-09
32180,Product_2180_3,books,183.96155764909375,194.7439277793303,archived,2024-09-18
32181,Product_2181_3,sports,576.7838961136993,302.40144745779435,inactive,2024-06-04
32182,Product_2182_3,sports,626.2066666066239,40.04956882779775,pending,2024-11-15
32183,Product_2183_3,books,140.78745869647594,285.2462702257265,active,2024-09-17
32184,Product_2184_3,books,830.7067678520079,210.90491546843379,inactive,2024-07-27
32185,Product_2185_3,sports,854.8126339946805,27.121874512465634,inactive,2024-10-01
32186,Product_2186_3,electronics,505.4058061946492,422.2667810773636,archived,2024-08-10
32187,Product_2187_3,clothing,31.089351450926344,339.19100017511425,inactive,2024-12-23
32188,Product_2188_3,clothing,386.6602907604376,179.55919352862912,archived,2024-04-19
32189,Product_2189_3,books,31.330311091208,396.745335649546,archived,2024-09-27
32190,Product_2190_3,clothing,385.3189793124074,457.4490689540118,active,2024-02-28
32191,Product_2191_3,electronics,992.7071160331891,141.56861731673055,inactive,2024-01-28
32192,Product_2192_3,electronics,52.11229097074251,166.680492928112,pending,2024-03-13
32193,Product_2193_3,clothing,937.1012201907388,405.50689940038893,inactive,2024-08-08
32194,Product_2194_3,books,245.9325766158445,341.0710329190749,active,2024-06-22
32195,Product_2195_3,electronics,527.634780360142,336.8921408090423,pending,2024-12-11
32196,Product_2196_3,books,525.9595261846251,418.8545275096263,pending,2024-10-27
32197,Product_2197_3,clothing,356.32273547135856,486.2405520874503,active,2024-03-05
32198,Product_2198_3,clothing,44.5152130041296,308.39263697851317,archived,2024-10-02
32199,Product_2199_3,clothing,380.29727161141625,173.46848707857598,pending,2024-02-01
32200,Product_2200_3,electronics,344.5356428909328,380.77285427880616,inactive,2024-11-07
32201,Product_2201_3,home,711.3772497122927,107.87939854017714,pending,2024-12-18
32202,Product_2202_3,sports,919.645024810214,353.3389138230438,archived,2024-04-15
32203,Product_2203_3,books,883.1322968501071,495.4705064472526,inactive,2024-01-19
32204,Product_2204_3,books,986.1657844408657,170.92135468141808,archived,2024-08-24
32205,Product_2205_3,clothing,46.35268046258242,285.76313717782585,archived,2024-07-03
32206,Product_2206_3,books,173.34430107318767,425.01869546894994,pending,2024-07-05
32207,Product_2207_3,home,120.81859407028978,490.725580768773,active,2024-10-24
32208,Product_2208_3,clothing,377.88265803130406,375.84554735005304,inactive,2024-11-05
32209,Product_2209_3,sports,208.142897729872,163.7302428113092,pending,2024-05-05
32210,Product_2210_3,clothing,982.0684497460571,305.1668403042289,inactive,2024-02-25
32211,Product_2211_3,electronics,129.80476045263447,258.9154697531914,inactive,2024-06-03
32212,Product_2212_3,electronics,767.1378090137023,297.8684202135418,pending,2024-09-28
32213,Product_2213_3,electronics,896.4680008917397,65.60564246369395,inactive,2024-10-24
32214,Product_2214_3,sports,51.892798029899595,156.82979766724324,pending,2024-02-07
32215,Product_2215_3,books,42.27643546620213,452.13622952001526,active,2024-09-04
32216,Product_2216_3,sports,628.5516523199045,466.56409246632165,inactive,2024-05-26
32217,Product_2217_3,clothing,808.510148842337,365.00141907876224,inactive,2024-08-17
32218,Product_2218_3,books,174.3698957529585,108.20093604316084,inactive,2024-12-11
32219,Product_2219_3,books,511.4919264668713,184.31884316067774,pending,2024-06-21
32220,Product_2220_3,home,589.276070480341,317.49915577528435,inactive,2024-05-08
32221,Product_2221_3,books,996.806734399642,280.8687113719713,active,2024-01-21
32222,Product_2222_3,electronics,124.17097984394465,129.58760555273955,pending,2024-05-08
32223,Product_2223_3,sports,676.1907578223332,22.513094051795772,pending,2024-05-03
32224,Product_2224_3,sports,401.5267181691723,321.43386499055117,pending,2024-09-04
32225,Product_2225_3,sports,388.6435505531808,297.1305022421743,pending,2024-07-15
32226,Product_2226_3,sports,551.0913863015186,191.17052599498686,active,2024-01-27
32227,Product_2227_3,clothing,417.9190125437503,499.05105377179376,active,2024-01-05
32228,Product_2228_3,clothing,650.550416463731,146.12831748930967,archived,2024-07-12
32229,Product_2229_3,home,920.0865904052353,390.0422121470774,archived,2024-02-17
32230,Product_2230_3,books,237.83708904347262,316.2887704201634,pending,2024-05-04
32231,Product_2231_3,home,141.28920325771722,219.07144946063158,inactive,2024-09-12
32232,Product_2232_3,sports,172.956553625603,258.70678918705795,active,2024-10-09
32233,Product_2233_3,sports,642.9817339625431,398.689044101815,active,2024-09-23
32234,Product_2234_3,clothing,646.4411529191472,143.53646236076344,pending,2024-10-15
32235,Product_2235_3,electronics,662.1556960568512,491.2129078177088,archived,2024-06-06
32236,Product_2236_3,sports,120.93480545368415,271.6589172063378,pending,2024-01-16
32237,Product_2237_3,sports,238.79215116483786,48.4751309416682,active,2024-03-18
32238,Product_2238_3,sports,693.4141165529735,196.01794909977642,active,2024-09-23
32239,Product_2239_3,home,380.9298799723535,146.28955306891314,pending,2024-11-27
32240,Product_2240_3,sports,422.94208313256576,127.49911650815004,active,2024-11-05
32241,Product_2241_3,books,386.0464345782792,334.78219791899795,inactive,2024-03-02
32242,Product_2242_3,sports,889.2544346933693,231.37844289017087,inactive,2024-01-06
32243,Product_2243_3,clothing,139.87376329083298,247.79225874040927,archived,2024-02-11
32244,Product_2244_3,books,168.93511587989073,88.79738288213389,archived,2024-07-08
32245,Product_2245_3,home,755.6868430902452,494.40232250049087,inactive,2024-12-07
32246,Product_2246_3,books,139.1753539029255,41.205865562301994,archived,2024-03-24
32247,Product_2247_3,clothing,64.38794117708117,38.0788765548565,active,2024-10-02
32248,Product_2248_3,sports,164.06018209623946,213.80316763564474,pending,2024-09-01
32249,Product_2249_3,books,682.478624847398,407.7837497754554,inactive,2024-03-26
32250,Product_2250_3,electronics,820.8983167479358,480.93662268868997,pending,2024-06-21
32251,Product_2251_3,electronics,849.7195269161296,80.72765797728657,active,2024-04-24
32252,Product_2252_3,clothing,994.461103308383,205.88112878530882,inactive,2024-04-20
32253,Product_2253_3,clothing,601.0846651473894,413.3591917846918,active,2024-12-09
32254,Product_2254_3,clothing,946.9437350794122,64.76245500146602,pending,2024-09-28
32255,Product_2255_3,books,981.9965858487976,124.9267383583831,inactive,2024-01-09
32256,Product_2256_3,home,691.2092691566621,108.24483110994444,inactive,2024-08-27
32257,Product_2257_3,electronics,371.11065412346676,322.96397320975626,pending,2024-09-24
32258,Product_2258_3,books,236.29709496252727,431.01353226768555,archived,2024-11-05
32259,Product_2259_3,home,119.22961111434869,79.81009047823757,archived,2024-01-10
32260,Product_2260_3,books,150.4909975818943,318.44897014085393,active,2024-03-05
32261,Product_2261_3,sports,510.66049488661025,301.29393844455205,active,2024-07-14
32262,Product_2262_3,electronics,933.6834494631938,164.71617084395237,active,2024-02-24
32263,Product_2263_3,home,248.53705003913726,419.1120360707522,archived,2024-11-06
32264,Product_2264_3,home,432.03324544818173,132.19735971928753,inactive,2024-05-15
32265,Product_2265_3,books,82.9987023058092,336.5112962966117,inactive,2024-11-19
32266,Product_2266_3,electronics,79.90212217166874,146.14957071224995,archived,2024-02-11
32267,Product_2267_3,home,425.0592232716207,221.74485713425057,inactive,2024-04-27
32268,Product_2268_3,electronics,597.640624426876,197.37466798847,active,2024-03-20
32269,Product_2269_3,home,172.5099837669725,381.85107346711027,active,2024-08-13
32270,Product_2270_3,home,762.0757533997192,246.1788347506695,active,2024-10-03
32271,Product_2271_3,home,236.2587896582685,97.02289397149183,active,2024-09-05
32272,Product_2272_3,sports,890.643194923277,464.59692588107265,pending,2024-06-02
32273,Product_2273_3,clothing,579.4433697043087,227.24424244330726,inactive,2024-05-15
32274,Product_2274_3,books,763.5361519256722,427.17989573819614,archived,2024-04-15
32275,Product_2275_3,sports,6.432070909241672,155.40862971070104,inactive,2024-11-23
32276,Product_2276_3,home,988.1024259163635,389.3010710523218,archived,2024-12-13
32277,Product_2277_3,electronics,759.5047389193525,102.32377856409332,archived,2024-06-08
32278,Product_2278_3,electronics,56.500584736217725,21.9822429600912,pending,2024-04-21
32279,Product_2279_3,clothing,194.3028446547611,365.1585416339194,active,2024-05-04
32280,Product_2280_3,sports,914.4096895542583,25.7677710326611,pending,2024-09-16
32281,Product_2281_3,electronics,668.8645786028804,215.09143265403273,pending,2024-05-16
32282,Product_2282_3,electronics,95.45852735086876,12.495763736805742,archived,2024-11-23
32283,Product_2283_3,home,631.0182343636527,301.3617631442985,archived,2024-08-12
32284,Product_2284_3,home,560.313121828841,294.06444105383247,inactive,2024-03-10
32285,Product_2285_3,clothing,264.14880688781824,443.14597023407606,inactive,2024-06-19
32286,Product_2286_3,sports,294.5668063047416,274.05280520264694,pending,2024-08-28
32287,Product_2287_3,sports,203.5729849556997,406.7436631551582,inactive,2024-09-04
32288,Product_2288_3,home,658.8686201830136,38.838725889718496,inactive,2024-07-11
32289,Product_2289_3,home,273.20770315229487,247.81931404839344,archived,2024-10-19
32290,Product_2290_3,sports,119.9364635764579,324.30505992539594,active,2024-10-14
32291,Product_2291_3,electronics,326.10446745938236,498.8808280048896,pending,2024-04-23
32292,Product_2292_3,home,839.5916459370098,45.689158458901176,archived,2024-07-19
32293,Product_2293_3,sports,353.1046853420809,165.23991912069204,inactive,2024-01-16
32294,Product_2294_3,home,630.45294436786,391.4752015489103,active,2024-11-13
32295,Product_2295_3,sports,686.7051461059629,171.61331798139906,pending,2024-11-08
32296,Product_2296_3,sports,119.75808345490992,394.6057000618988,inactive,2024-06-01
32297,Product_2297_3,home,798.6500619149876,444.30814041429227,active,2024-08-04
32298,Product_2298_3,electronics,795.5198704898798,385.41133339125645,pending,2024-03-21
32299,Product_2299_3,sports,392.703002827251,257.7762622246848,pending,2024-12-06
32300,Product_2300_3,books,430.17948535139345,461.0680806618445,inactive,2024-01-18
32301,Product_2301_3,clothing,486.97476318035314,75.27201783398877,active,2024-02-02
32302,Product_2302_3,sports,897.7989265573801,439.02607131653093,inactive,2024-06-01
32303,Product_2303_3,sports,966.9526790442115,23.78741682262354,pending,2024-10-09
32304,Product_2304_3,books,452.77408485082674,461.4095077693432,pending,2024-03-09
32305,Product_2305_3,electronics,834.6265195886805,66.27586237416727,active,2024-04-01
32306,Product_2306_3,home,629.6662328927442,26.890589173830858,active,2024-06-26
32307,Product_2307_3,sports,2.203868277651614,470.445353517724,pending,2024-03-18
32308,Product_2308_3,home,75.11520339648433,178.86710512197422,inactive,2024-06-01
32309,Product_2309_3,sports,281.76839116782696,373.7074773108094,pending,2024-08-23
32310,Product_2310_3,sports,979.30916313544,407.21414499311794,pending,2024-08-10
32311,Product_2311_3,sports,922.3346859509763,450.1337058724621,pending,2024-09-16
32312,Product_2312_3,electronics,416.82975813042526,288.17231005459905,inactive,2024-03-18
32313,Product_2313_3,home,298.7926089411854,19.314911173947486,pending,2024-01-12
32314,Product_2314_3,home,418.21079337249057,37.505506305884104,active,2024-01-19
32315,Product_2315_3,sports,131.38881569205105,442.0609932815763,pending,2024-12-27
32316,Product_2316_3,books,274.7576034901337,112.77255782334026,pending,2024-03-22
32317,Product_2317_3,sports,514.8759752550224,84.03747268258658,pending,2024-12-22
32318,Product_2318_3,electronics,325.4903437155158,208.52230283013716,active,2024-10-04
32319,Product_2319_3,electronics,265.69172112841824,81.20187859448757,active,2024-07-19
32320,Product_2320_3,sports,867.5563260291597,234.08761223997678,inactive,2024-07-14
32321,Product_2321_3,clothing,29.17375353932137,453.65624346128186,archived,2024-02-18
32322,Product_2322_3,books,814.4592759890394,401.46394630395906,active,2024-08-09
32323,Product_2323_3,clothing,592.9784020419751,227.73944998845906,archived,2024-04-25
32324,Product_2324_3,electronics,586.6400896813202,355.4065114975947,pending,2024-07-03
32325,Product_2325_3,home,534.830160993657,23.907205039257168,archived,2024-03-10
32326,Product_2326_3,clothing,714.346298357156,240.03916414084168,inactive,2024-02-14
32327,Product_2327_3,books,952.1393017639635,280.5872616922453,archived,2024-08-23
32328,Product_2328_3,books,954.6616001364727,295.09588205567036,active,2024-01-25
32329,Product_2329_3,home,589.5723457974739,274.71302352747875,archived,2024-12-27
32330,Product_2330_3,sports,905.9736952350188,479.70853678499515,inactive,2024-04-12
32331,Product_2331_3,clothing,450.7741224963016,250.89136322883186,active,2024-03-28
32332,Product_2332_3,books,664.7000707694718,175.39034084147676,archived,2024-01-11
32333,Product_2333_3,home,747.0673547326585,468.25178993472264,pending,2024-08-20
32334,Product_2334_3,sports,701.7154391128431,493.3623269730322,active,2024-09-01
32335,Product_2335_3,sports,996.6359940131541,158.52645559862304,active,2024-11-05
32336,Product_2336_3,books,884.1987083392787,391.7808593190412,active,2024-04-09
32337,Product_2337_3,books,951.0352258696844,72.17183260158583,inactive,2024-04-12
32338,Product_2338_3,electronics,819.6193142918048,267.07571832681964,archived,2024-11-28
32339,Product_2339_3,home,809.527353603311,350.82170308132226,active,2024-02-09
32340,Product_2340_3,sports,886.702832900124,131.88633766359138,archived,2024-10-09
32341,Product_2341_3,clothing,230.09847144927178,373.7889945750779,pending,2024-10-18
32342,Product_2342_3,clothing,453.4492436827145,454.71699170182967,archived,2024-11-04
32343,Product_2343_3,books,938.3069513087123,352.5354880725731,inactive,2024-04-17
32344,Product_2344_3,electronics,305.0713362405321,205.57561797530644,pending,2024-10-16
32345,Product_2345_3,home,95.1231376837315,331.23143029587965,inactive,2024-02-07
32346,Product_2346_3,books,948.387977859634,47.634579793983505,inactive,2024-10-28
32347,Product_2347_3,clothing,720.840308543914,207.85212868503768,inactive,2024-12-27
32348,Product_2348_3,home,854.0946696605257,75.88077521847268,archived,2024-03-25
32349,Product_2349_3,clothing,669.8720534742284,421.1516069299744,archived,2024-03-08
32350,Product_2350_3,sports,278.5923385079082,386.28992543977904,active,2024-09-04
32351,Product_2351_3,home,826.6849120415137,183.10371644593582,active,2024-05-20
32352,Product_2352_3,home,577.3276505200589,29.329043753244186,inactive,2024-03-18
32353,Product_2353_3,electronics,157.21965328862143,277.542129156965,inactive,2024-08-23
32354,Product_2354_3,home,940.0669788255843,72.04055378953578,archived,2024-04-08
32355,Product_2355_3,sports,680.3869702944975,416.90260958074134,inactive,2024-07-02
32356,Product_2356_3,home,898.3580824829714,240.05310007271697,active,2024-01-05
32357,Product_2357_3,home,140.75680183167694,446.71142055083754,inactive,2024-06-19
32358,Product_2358_3,books,983.332432162131,458.7427935138453,active,2024-11-23
32359,Product_2359_3,home,748.8359012276138,303.4647614413152,active,2024-02-17
32360,Product_2360_3,clothing,58.92821921367917,219.58066246640448,archived,2024-06-09
32361,Product_2361_3,books,381.9298256611451,246.08939156873788,pending,2024-08-25
32362,Product_2362_3,sports,324.7604285121105,21.131080308409018,archived,2024-10-03
32363,Product_2363_3,electronics,753.9901148746771,461.29861303792586,archived,2024-11-02
32364,Product_2364_3,clothing,876.405540955736,350.8953060224392,archived,2024-04-14
32365,Product_2365_3,books,131.7374167418452,56.04359705860705,archived,2024-11-05
32366,Product_2366_3,books,978.4501581996001,204.38424170441297,pending,2024-12-15
32367,Product_2367_3,electronics,710.5404773156881,152.09137556315645,inactive,2024-06-03
32368,Product_2368_3,sports,174.47261536925825,79.43210143385089,inactive,2024-06-13
32369,Product_2369_3,sports,960.9133394653787,159.10894370600937,active,2024-11-04
32370,Product_2370_3,sports,383.46212314960025,281.2454993476509,active,2024-06-10
32371,Product_2371_3,electronics,379.0882922127406,310.3601395058863,pending,2024-09-18
32372,Product_2372_3,clothing,170.612603110745,30.55170282605809,archived,2024-02-25
32373,Product_2373_3,home,306.15835391134664,363.5606503053519,archived,2024-04-03
32374,Product_2374_3,sports,752.2820254106791,212.068912197397,active,2024-12-20
32375,Product_2375_3,electronics,645.0164720960336,378.8602550536989,archived,2024-06-22
32376,Product_2376_3,books,319.68706968184273,356.11170838856776,inactive,2024-03-24
32377,Product_2377_3,books,304.97478266833787,486.0706984974569,active,2024-07-12
32378,Product_2378_3,electronics,360.73756310340866,144.5405131950452,inactive,2024-05-26
32379,Product_2379_3,home,282.56323575517945,164.7926606543864,inactive,2024-04-22
32380,Product_2380_3,books,193.97915697385537,383.51926781788904,inactive,2024-07-26
32381,Product_2381_3,books,473.53687036182373,72.34540937679739,archived,2024-12-09
32382,Product_2382_3,home,238.63943678395154,368.68434965935336,active,2024-11-28
32383,Product_2383_3,clothing,136.97201716091033,499.6610318850364,archived,2024-04-22
32384,Product_2384_3,home,879.8008020651649,427.25409523359525,inactive,2024-07-11
32385,Product_2385_3,books,885.0852782585628,348.37090836901376,active,2024-01-18
32386,Product_2386_3,clothing,216.2797527698017,128.19181021571362,inactive,2024-03-12
32387,Product_2387_3,sports,942.2842385714986,289.50511278444066,archived,2024-05-24
32388,Product_2388_3,books,445.621765001458,180.6609055877073,pending,2024-01-02
32389,Product_2389_3,electronics,731.1844807515521,231.71848467446364,inactive,2024-03-15
32390,Product_2390_3,sports,885.7587985905748,123.00129964867314,inactive,2024-06-12
32391,Product_2391_3,electronics,464.12861107839194,195.93591125618437,archived,2024-07-05
32392,Product_2392_3,books,649.0911054605098,248.5144762938735,pending,2024-06-18
32393,Product_2393_3,clothing,719.9953034193641,200.5339453363065,pending,2024-01-16
32394,Product_2394_3,books,99.75821561059908,291.87960908178394,inactive,2024-01-16
32395,Product_2395_3,sports,46.81056796534241,389.42771930361187,pending,2024-07-08
32396,Product_2396_3,books,550.8362430600562,359.6336067605455,active,2024-04-27
32397,Product_2397_3,electronics,610.5805278413917,311.1225911251408,active,2024-06-09
32398,Product_2398_3,sports,659.5525656071887,146.50321074785543,active,2024-03-23
32399,Product_2399_3,sports,421.61012134206493,267.08097027220975,archived,2024-10-13
32400,Product_2400_3,clothing,75.96272801598691,398.03173077241553,active,2024-01-11
32401,Product_2401_3,sports,154.88766919215135,269.2753404240857,active,2024-09-04
32402,Product_2402_3,sports,817.4173055508222,212.2020266418197,inactive,2024-04-12
32403,Product_2403_3,electronics,3.4300813577581635,95.88859591796245,active,2024-06-22
32404,Product_2404_3,clothing,581.5211134629251,437.478769938411,pending,2024-06-10
32405,Product_2405_3,books,77.09553168303722,459.6022150078755,active,2024-09-14
32406,Product_2406_3,clothing,226.01141666566426,194.07514800482195,active,2024-01-16
32407,Product_2407_3,books,161.81839059019887,42.325460631868005,active,2024-05-15
32408,Product_2408_3,electronics,144.7069937110765,470.9829322016215,inactive,2024-07-15
32409,Product_2409_3,clothing,192.23092217329688,155.63458400766882,archived,2024-09-04
32410,Product_2410_3,clothing,380.07452061472156,318.9746522416285,active,2024-03-09
32411,Product_2411_3,electronics,768.9783094693471,116.25442310409642,archived,2024-06-07
32412,Product_2412_3,books,972.7822703504021,236.1026354863269,archived,2024-01-25
32413,Product_2413_3,electronics,512.0283372721318,248.1511346802896,active,2024-10-08
32414,Product_2414_3,clothing,139.51601017367622,250.31868389750605,inactive,2024-11-26
32415,Product_2415_3,home,997.1375767447707,34.673468324163366,inactive,2024-07-24
32416,Product_2416_3,books,89.94429000344151,169.93619163592876,active,2024-01-13
32417,Product_2417_3,electronics,899.4800861170106,282.9688773886115,active,2024-12-23
32418,Product_2418_3,sports,591.7104677779972,230.5601344900408,archived,2024-10-06
32419,Product_2419_3,electronics,739.4092084686845,284.21720793854075,active,2024-10-09
32420,Product_2420_3,home,217.86847645849625,197.08774045329307,pending,2024-09-17
32421,Product_2421_3,clothing,451.3233639505845,17.416157354686437,pending,2024-09-22
32422,Product_2422_3,home,328.5591313325763,406.14214690040734,inactive,2024-09-06
32423,Product_2423_3,books,649.3316750347316,200.8809139365651,pending,2024-05-21
32424,Product_2424_3,clothing,299.0563475225378,408.39961800878524,inactive,2024-10-02
32425,Product_2425_3,books,21.406333089843308,399.469702934584,inactive,2024-12-23
32426,Product_2426_3,electronics,959.3975105992573,355.43190390605184,pending,2024-12-25
32427,Product_2427_3,clothing,561.1068210995893,43.493852352941495,archived,2024-04-21
32428,Product_2428_3,electronics,672.8137995189932,448.0117967175626,active,2024-12-10
32429,Product_2429_3,books,507.92642195547603,438.27764914775696,archived,2024-08-11
32430,Product_2430_3,clothing,546.8287612249512,397.5685044151628,pending,2024-12-11
32431,Product_2431_3,clothing,633.4256415064231,242.73054915647657,pending,2024-08-07
32432,Product_2432_3,electronics,648.8138541010007,441.6309051387828,active,2024-05-01
32433,Product_2433_3,books,975.0029852536255,415.7268210067097,active,2024-04-08
32434,Product_2434_3,clothing,212.25550773437052,346.53023915048374,active,2024-11-28
32435,Product_2435_3,home,772.3762650736425,464.20503743036465,inactive,2024-07-28
32436,Product_2436_3,sports,75.26518960234132,46.63552107156782,archived,2024-08-09
32437,Product_2437_3,sports,301.80060814417226,72.41700894749025,active,2024-08-11
32438,Product_2438_3,clothing,239.58269776338472,310.71033574838197,active,2024-09-16
32439,Product_2439_3,sports,684.146064293205,417.5431452386203,pending,2024-09-22
32440,Product_2440_3,clothing,469.44794596754167,347.91939800986324,pending,2024-01-16
32441,Product_2441_3,clothing,165.30568686250254,143.24129431610265,active,2024-05-25
32442,Product_2442_3,clothing,124.38023950716494,481.8811204828709,active,2024-04-06
32443,Product_2443_3,home,86.65169232443034,117.46089428460266,active,2024-06-09
32444,Product_2444_3,sports,731.2127249352072,377.8766786825499,active,2024-01-25
32445,Product_2445_3,books,543.829237735059,84.0142007912722,archived,2024-07-07
32446,Product_2446_3,electronics,490.556498368727,66.63058600088178,archived,2024-08-25
32447,Product_2447_3,books,354.3661286111421,149.26187532001728,archived,2024-03-26
32448,Product_2448_3,home,673.9273055786405,405.33948551255287,pending,2024-04-05
32449,Product_2449_3,clothing,243.3774534320425,308.1531015284505,archived,2024-08-08
32450,Product_2450_3,clothing,454.86430761957405,447.09001157414923,pending,2024-08-05
32451,Product_2451_3,books,620.0956041497499,238.70252684612882,active,2024-05-14
32452,Product_2452_3,electronics,526.6422422550085,341.4271120891194,inactive,2024-06-13
32453,Product_2453_3,sports,898.2128911793932,453.7989830401652,active,2024-06-12
32454,Product_2454_3,home,690.9013204431537,78.4466448633918,inactive,2024-10-27
32455,Product_2455_3,sports,956.0996398661755,359.4745782317123,archived,2024-11-25
32456,Product_2456_3,clothing,389.9449140071836,45.20409719838074,active,2024-04-26
32457,Product_2457_3,books,91.54542141357703,227.0940653792468,archived,2024-09-18
32458,Product_2458_3,books,737.6033116913782,227.90824964679655,active,2024-03-01
32459,Product_2459_3,sports,502.9601895100543,312.4036521275781,pending,2024-05-14
32460,Product_2460_3,home,308.7537952978802,84.13200207157716,pending,2024-09-05
32461,Product_2461_3,home,675.6957579431586,351.9244758890988,archived,2024-09-22
32462,Product_2462_3,home,95.13621182509863,309.4000463923969,active,2024-10-11
32463,Product_2463_3,books,435.4700686152692,425.8866392667421,pending,2024-12-20
32464,Product_2464_3,electronics,947.7554674868325,165.5903762431579,pending,2024-04-12
32465,Product_2465_3,home,440.4509386902551,79.79463958312502,active,2024-02-15
32466,Product_2466_3,home,451.76415114746123,250.64090916352896,inactive,2024-05-06
32467,Product_2467_3,home,433.8433590590254,126.83828416961796,active,2024-01-22
32468,Product_2468_3,electronics,810.5799989126592,280.10810252652215,active,2024-11-18
32469,Product_2469_3,home,851.2565351646454,299.87335133897545,inactive,2024-03-02
32470,Product_2470_3,home,918.3483507830665,400.02200311423934,inactive,2024-03-09
32471,Product_2471_3,home,505.81688799588204,63.092482641578734,archived,2024-05-25
32472,Product_2472_3,home,356.7922917472088,75.89919262769538,archived,2024-09-10
32473,Product_2473_3,sports,866.2856151380158,101.85802051481011,archived,2024-03-03
32474,Product_2474_3,home,847.4916355011322,127.98123019571835,pending,2024-02-25
32475,Product_2475_3,electronics,671.1522533817873,442.4602830659854,inactive,2024-04-19
32476,Product_2476_3,electronics,386.2178864751686,444.95143279415595,pending,2024-05-26
32477,Product_2477_3,electronics,778.0865371824474,197.30901237551836,pending,2024-08-28
32478,Product_2478_3,sports,454.02087624705206,342.8584675084188,inactive,2024-11-26
32479,Product_2479_3,electronics,260.4457646635489,143.0561749779642,pending,2024-07-23
32480,Product_2480_3,sports,972.2452291543219,71.53619892333967,inactive,2024-06-27
32481,Product_2481_3,electronics,950.5635088090042,426.2835728162998,active,2024-09-05
32482,Product_2482_3,sports,28.37309708230672,109.9971408018063,active,2024-01-25
32483,Product_2483_3,electronics,804.3648131520614,356.41230911438674,inactive,2024-06-16
32484,Product_2484_3,home,708.1816435414189,198.2351192162348,archived,2024-09-05
32485,Product_2485_3,clothing,790.7404093931088,223.29671153177657,active,2024-02-05
32486,Product_2486_3,home,338.8464530083669,296.54197997501865,active,2024-12-15
32487,Product_2487_3,books,754.0776658311233,312.4378825203415,archived,2024-04-20
32488,Product_2488_3,sports,467.65038331364553,280.8529673222016,inactive,2024-07-11
32489,Product_2489_3,sports,936.0164515892204,186.90542159925607,active,2024-07-27
32490,Product_2490_3,books,25.72939930610366,15.636907074297593,inactive,2024-02-04
32491,Product_2491_3,clothing,917.0136041963834,362.0966572258583,active,2024-04-28
32492,Product_2492_3,books,356.5233397999291,109.20939567851529,active,2024-10-06
32493,Product_2493_3,home,566.4805600541473,163.8624782130072,active,2024-08-10
32494,Product_2494_3,home,703.1048825326071,234.78771041639993,inactive,2024-06-10
32495,Product_2495_3,sports,493.5404043306467,479.0066087798342,archived,2024-10-08
32496,Product_2496_3,sports,642.0163239286434,348.95131761465785,active,2024-08-01
32497,Product_2497_3,books,984.2206669978552,307.8409428402981,inactive,2024-09-09
32498,Product_2498_3,books,288.9471782902444,78.03417630651309,archived,2024-06-19
32499,Product_2499_3,home,964.230439048826,41.22766632646484,pending,2024-08-05
32500,Product_2500_3,home,358.3987545745963,437.1366232311509,active,2024-02-20
32501,Product_2501_3,clothing,724.3443947472687,204.93235515787643,active,2024-01-11
32502,Product_2502_3,clothing,442.79716632583296,359.01020892534603,inactive,2024-05-03
32503,Product_2503_3,books,960.9747298684348,383.7736290747441,active,2024-01-18
32504,Product_2504_3,electronics,815.0834505959791,323.66975441986466,archived,2024-06-12
32505,Product_2505_3,electronics,176.65760419289165,185.581654235936,active,2024-12-10
32506,Product_2506_3,home,853.9257686551178,383.2655034274728,active,2024-03-07
32507,Product_2507_3,sports,803.9573187558026,418.12104804008516,active,2024-05-15
32508,Product_2508_3,sports,165.48619573738347,20.311259271316604,archived,2024-10-11
32509,Product_2509_3,books,684.7839702251547,445.42806675058233,active,2024-04-08
32510,Product_2510_3,clothing,131.66996913695675,149.48864405928674,archived,2024-07-02
32511,Product_2511_3,sports,197.29206981937762,73.8693671285676,inactive,2024-03-15
32512,Product_2512_3,books,414.10670438634907,334.9216180748453,pending,2024-02-19
32513,Product_2513_3,electronics,55.52466792539178,290.17372840386867,pending,2024-07-13
32514,Product_2514_3,clothing,485.6867469669192,99.70989188886999,pending,2024-10-03
32515,Product_2515_3,sports,387.4033010573968,295.9166207140566,pending,2024-06-20
32516,Product_2516_3,home,306.31057627166416,212.4954092624904,archived,2024-01-14
32517,Product_2517_3,books,15.571111099685435,75.29766993277164,active,2024-09-05
32518,Product_2518_3,home,83.56934230575982,111.32713888494338,archived,2024-03-15
32519,Product_2519_3,sports,855.5305512135681,390.3247379655934,active,2024-01-12
32520,Product_2520_3,electronics,917.7285531812976,474.08760247246596,active,2024-04-07
32521,Product_2521_3,clothing,244.18615221370527,131.35073103460897,inactive,2024-04-08
32522,Product_2522_3,books,389.8246446076844,495.5547643194989,active,2024-01-23
32523,Product_2523_3,electronics,502.48615489543226,317.8898238332344,pending,2024-05-13
32524,Product_2524_3,clothing,901.3498649451375,102.74309197537745,inactive,2024-01-05
32525,Product_2525_3,books,177.39665612244895,127.41179002130826,pending,2024-02-13
32526,Product_2526_3,electronics,740.4534113968435,130.684008653989,inactive,2024-02-04
32527,Product_2527_3,electronics,42.9145170773721,231.46459468873013,archived,2024-02-24
32528,Product_2528_3,home,702.292764230663,127.30681605207036,pending,2024-02-09
32529,Product_2529_3,electronics,147.5821891473284,69.10825976392424,archived,2024-07-15
32530,Product_2530_3,clothing,762.9460836208018,22.179465755835047,active,2024-03-06
32531,Product_2531_3,home,693.9230218552136,465.9918991839417,pending,2024-06-02
32532,Product_2532_3,books,176.12374409286375,265.33651659965903,pending,2024-11-21
32533,Product_2533_3,clothing,657.5830203334423,379.49140999740604,pending,2024-02-01
32534,Product_2534_3,clothing,62.61785231959182,417.1784689357338,inactive,2024-08-03
32535,Product_2535_3,sports,480.356913407733,158.81394059352462,inactive,2024-04-02
32536,Product_2536_3,electronics,726.8709687217149,214.99044630996806,archived,2024-08-08
32537,Product_2537_3,home,614.2269792377709,66.70890275783039,inactive,2024-01-20
32538,Product_2538_3,home,482.51275097374906,42.20974203053445,inactive,2024-12-06
32539,Product_2539_3,clothing,204.68137385156257,294.18723518343154,inactive,2024-08-01
32540,Product_2540_3,sports,853.2271751781177,181.70238626829476,active,2024-05-26
32541,Product_2541_3,books,650.932017658694,376.7969095124777,inactive,2024-06-07
32542,Product_2542_3,clothing,340.4249947646272,241.79543528929693,pending,2024-05-07
32543,Product_2543_3,electronics,586.0718780448917,491.4532704929501,pending,2024-12-02
32544,Product_2544_3,books,134.72468046696247,337.82622801548564,active,2024-09-16
32545,Product_2545_3,electronics,187.6489607566231,199.77605849007523,archived,2024-11-10
32546,Product_2546_3,electronics,388.1112644056445,383.64785524768826,active,2024-12-12
32547,Product_2547_3,electronics,17.56539909227639,406.41401289906565,archived,2024-10-27
32548,Product_2548_3,home,562.9895144986923,204.51555568350076,active,2024-08-27
32549,Product_2549_3,sports,167.27225503046776,197.40370031380388,active,2024-02-02
32550,Product_2550_3,electronics,810.252035396864,274.8906557303672,inactive,2024-06-10
32551,Product_2551_3,books,591.9131407595088,240.9343602143949,inactive,2024-02-24
32552,Product_2552_3,home,851.4520926442973,285.0218678286957,pending,2024-05-21
32553,Product_2553_3,books,316.1608637591391,239.95598412901793,pending,2024-12-23
32554,Product_2554_3,sports,452.6195542177244,416.62260201714474,archived,2024-10-09
32555,Product_2555_3,clothing,775.7825529245683,474.45161296165946,archived,2024-03-04
32556,Product_2556_3,home,13.079444625984607,392.485540665301,active,2024-08-27
32557,Product_2557_3,books,774.2656535083829,288.61501419493453,archived,2024-03-28
32558,Product_2558_3,books,833.2939460974991,33.063096347655446,pending,2024-08-02
32559,Product_2559_3,electronics,205.24127217486037,74.06911883870707,inactive,2024-07-07
32560,Product_2560_3,sports,959.180903097074,35.37294058883619,archived,2024-10-27
32561,Product_2561_3,electronics,214.96863604909356,48.83128926473238,inactive,2024-06-24
32562,Product_2562_3,electronics,774.3318035045754,222.14288712477241,pending,2024-02-24
32563,Product_2563_3,electronics,496.5363372590906,211.11539144119382,inactive,2024-01-24
32564,Product_2564_3,books,254.34598505117873,19.94961149849211,pending,2024-07-25
32565,Product_2565_3,electronics,617.7364371298494,497.6042589286944,active,2024-12-27
32566,Product_2566_3,electronics,714.7300082912807,246.7733788931199,archived,2024-03-22
32567,Product_2567_3,sports,433.49656581465086,285.4275355451653,archived,2024-07-10
32568,Product_2568_3,home,905.7492101596507,188.91129885737632,active,2024-02-19
32569,Product_2569_3,books,656.9364718920823,52.715235070627045,inactive,2024-02-14
32570,Product_2570_3,home,534.8585801390502,12.053070192057586,active,2024-02-25
32571,Product_2571_3,home,971.7624949983903,401.4647676754055,inactive,2024-02-25
32572,Product_2572_3,sports,947.8215374081835,48.7291545947742,archived,2024-04-14
32573,Product_2573_3,home,770.4733752422003,165.35836704725358,archived,2024-10-21
32574,Product_2574_3,sports,833.7814369742239,289.25683941612846,active,2024-01-27
32575,Product_2575_3,sports,225.7946050720632,135.02846420355786,pending,2024-04-22
32576,Product_2576_3,books,191.10022812689638,342.23224191603623,pending,2024-11-27
32577,Product_2577_3,electronics,665.664413698804,73.22678137985721,pending,2024-10-24
32578,Product_2578_3,clothing,423.5506486521908,445.19500572401876,pending,2024-10-06
32579,Product_2579_3,sports,677.4102715118942,486.5140438938029,pending,2024-08-22
32580,Product_2580_3,home,309.71828901246266,166.86546864853642,active,2024-09-19
32581,Product_2581_3,sports,715.5205564945434,107.06264530738476,active,2024-04-03
32582,Product_2582_3,clothing,575.4608748420837,202.0470989874951,active,2024-12-12
32583,Product_2583_3,books,538.5818377174646,119.4762374027516,active,2024-02-17
32584,Product_2584_3,electronics,973.3757921121301,266.10436213793776,inactive,2024-12-16
32585,Product_2585_3,electronics,462.8080514824008,402.4534241953815,active,2024-06-20
32586,Product_2586_3,clothing,656.1280560860022,116.50439714329083,pending,2024-08-09
32587,Product_2587_3,home,136.37453153828127,245.58985505656977,inactive,2024-11-24
32588,Product_2588_3,books,628.5459398665392,315.1661481362409,active,2024-02-28
32589,Product_2589_3,books,268.0496582396697,173.47636554621332,archived,2024-11-11
32590,Product_2590_3,books,218.42997047509715,346.5423066708882,pending,2024-06-10
32591,Product_2591_3,sports,117.14701314155532,353.62593013617817,inactive,2024-07-27
32592,Product_2592_3,home,169.2061254758201,256.3594088302747,archived,2024-01-08
32593,Product_2593_3,electronics,181.54579889918372,230.22025420044113,inactive,2024-03-20
32594,Product_2594_3,clothing,207.6768445610777,381.6836808856964,inactive,2024-07-01
32595,Product_2595_3,electronics,52.940099538823034,181.04930023491707,inactive,2024-11-27
32596,Product_2596_3,home,402.6720396438948,142.2195480030368,inactive,2024-01-05
32597,Product_2597_3,sports,104.18277300273498,171.61658840992627,pending,2024-04-06
32598,Product_2598_3,home,579.5346224396477,269.8402181608465,archived,2024-06-18
32599,Product_2599_3,electronics,379.29582175318353,141.09292060847542,archived,2024-01-26
32600,Product_2600_3,sports,709.0675261461047,358.34107174250784,active,2024-09-27
32601,Product_2601_3,electronics,196.89727035715407,110.34913277743425,active,2024-06-03
32602,Product_2602_3,clothing,439.7776788689085,165.93098631984086,pending,2024-11-04
32603,Product_2603_3,home,648.2515680713153,150.56051941240955,active,2024-08-08
32604,Product_2604_3,books,363.50491241534866,70.57874707337828,active,2024-01-02
32605,Product_2605_3,home,372.79872260088365,153.72773208233633,inactive,2024-09-24
32606,Product_2606_3,home,849.8624036286144,141.57509154831146,archived,2024-03-13
32607,Product_2607_3,clothing,768.4351761380196,54.21067638211931,active,2024-03-11
32608,Product_2608_3,sports,678.5112827020132,332.6960586710784,pending,2024-11-10
32609,Product_2609_3,clothing,19.35352586287145,106.10864247985778,inactive,2024-07-18
32610,Product_2610_3,home,212.69064439967386,484.8304446145514,active,2024-04-02
32611,Product_2611_3,electronics,466.8135652376267,82.86466352526459,inactive,2024-11-14
32612,Product_2612_3,sports,753.9929656926133,424.7251066843461,pending,2024-02-23
32613,Product_2613_3,sports,160.7297799385749,455.274972147288,pending,2024-08-23
32614,Product_2614_3,home,631.0339508776747,206.0855152403062,archived,2024-04-18
32615,Product_2615_3,books,271.29681688172,345.98013063423775,pending,2024-06-18
32616,Product_2616_3,sports,331.8627621837786,486.41477071155356,inactive,2024-12-01
32617,Product_2617_3,sports,104.51437222628935,499.15941413656464,archived,2024-08-04
32618,Product_2618_3,books,278.1533391211414,399.49867520118374,archived,2024-07-10
32619,Product_2619_3,home,246.14936748383616,219.48738494250847,active,2024-02-24
32620,Product_2620_3,home,446.17207321648084,498.7364995864292,active,2024-01-18
32621,Product_2621_3,home,761.7399145365872,449.2763360764079,pending,2024-01-14
32622,Product_2622_3,electronics,765.3620951093567,492.37041757348476,active,2024-07-11
32623,Product_2623_3,clothing,435.2909841577196,171.4471991826757,pending,2024-10-24
32624,Product_2624_3,home,114.38427600929627,319.3603464051431,inactive,2024-06-10
32625,Product_2625_3,clothing,460.9259989791493,306.1926098868349,pending,2024-11-24
32626,Product_2626_3,home,394.6689139987176,76.83398669883947,inactive,2024-01-26
32627,Product_2627_3,home,998.9087142079592,327.92730991480806,archived,2024-01-11
32628,Product_2628_3,electronics,866.9072579435203,487.05092135917306,inactive,2024-07-20
32629,Product_2629_3,books,625.6598394376568,332.27599742209935,archived,2024-04-13
32630,Product_2630_3,sports,623.0283232127568,428.9189834834016,archived,2024-12-16
32631,Product_2631_3,home,318.6490757243485,366.06214782451826,inactive,2024-01-04
32632,Product_2632_3,books,764.2721226753259,428.10338642982026,archived,2024-10-09
32633,Product_2633_3,books,85.41018181992276,180.55149293351337,pending,2024-03-15
32634,Product_2634_3,electronics,473.1336172575772,343.53193639426627,active,2024-11-05
32635,Product_2635_3,electronics,857.4566942925483,102.72787189631669,pending,2024-05-13
32636,Product_2636_3,sports,22.4653404567457,290.49275347113723,inactive,2024-12-08
32637,Product_2637_3,books,76.37935820201218,95.06047740075121,archived,2024-10-02
32638,Product_2638_3,clothing,712.3488982044055,267.2649493812327,archived,2024-03-11
32639,Product_2639_3,sports,322.32811811774707,62.75055369004584,active,2024-12-08
32640,Product_2640_3,books,19.347885778150538,434.6824728105379,active,2024-05-19
32641,Product_2641_3,books,251.30185884090716,319.699224462618,inactive,2024-06-18
32642,Product_2642_3,electronics,251.66551729460295,167.30593279649096,inactive,2024-09-06
32643,Product_2643_3,electronics,263.8237782843406,164.38800749704978,archived,2024-06-21
32644,Product_2644_3,sports,87.99126861166297,359.4140550447524,archived,2024-04-27
32645,Product_2645_3,clothing,542.2933041730931,411.3473558709287,active,2024-02-19
32646,Product_2646_3,electronics,365.6669219571145,101.59753652139999,pending,2024-09-02
32647,Product_2647_3,clothing,303.44956610864455,214.81281450431808,archived,2024-06-07
32648,Product_2648_3,books,315.3185871580672,267.57190612674714,archived,2024-03-11
32649,Product_2649_3,electronics,845.0485496504965,58.701328077297816,archived,2024-12-20
32650,Product_2650_3,sports,622.3415564007278,145.06255006928666,archived,2024-05-22
32651,Product_2651_3,electronics,548.0911703438511,309.97360936737726,inactive,2024-09-15
32652,Product_2652_3,clothing,177.71771564483237,151.93367982936928,archived,2024-12-11
32653,Product_2653_3,home,338.14603634876136,291.58408562532696,pending,2024-07-15
32654,Product_2654_3,sports,712.6014994337506,461.68133167891193,pending,2024-05-12
32655,Product_2655_3,electronics,211.36457859173683,136.6272714230721,inactive,2024-07-06
32656,Product_2656_3,electronics,190.26335542138645,378.1159507617759,pending,2024-04-15
32657,Product_2657_3,books,253.27398186152197,22.965225952588327,pending,2024-10-23
32658,Product_2658_3,electronics,272.24884114794304,191.11028292175962,inactive,2024-11-02
32659,Product_2659_3,books,697.6822845727257,203.312091718481,active,2024-10-24
32660,Product_2660_3,home,835.2082768852875,39.641928514363244,active,2024-05-18
32661,Product_2661_3,sports,772.0040798457869,84.84772476544714,pending,2024-09-14
32662,Product_2662_3,clothing,32.849334556222104,415.221306976973,active,2024-10-17
32663,Product_2663_3,books,467.63062917623665,147.75457045044348,active,2024-11-27
32664,Product_2664_3,sports,979.0196893212224,320.54916499108896,archived,2024-01-04
32665,Product_2665_3,sports,349.10377704131037,460.4234683996012,pending,2024-02-16
32666,Product_2666_3,electronics,228.14623047639986,137.65777746617567,active,2024-05-10
32667,Product_2667_3,clothing,68.68422701851111,107.89638839761929,archived,2024-07-20
32668,Product_2668_3,books,35.56122923864236,483.41904378006467,archived,2024-12-16
32669,Product_2669_3,sports,737.104976998012,372.2649952866737,active,2024-11-11
32670,Product_2670_3,electronics,668.6215050146939,352.8542111696448,pending,2024-09-28
32671,Product_2671_3,books,720.2197025700095,428.1666566675071,archived,2024-07-21
32672,Product_2672_3,electronics,194.9114048246458,289.40277690642375,active,2024-07-06
32673,Product_2673_3,books,129.06156302238816,205.5666089532185,archived,2024-03-08
32674,Product_2674_3,books,182.56106355466943,447.33262406266545,inactive,2024-12-23
32675,Product_2675_3,home,726.7035708845581,98.93228998784382,pending,2024-04-08
32676,Product_2676_3,electronics,315.5269254085487,291.38193739866966,archived,2024-07-18
32677,Product_2677_3,electronics,906.046179655145,358.603444834913,archived,2024-10-28
32678,Product_2678_3,books,597.1492973224111,74.35004895065195,pending,2024-11-22
32679,Product_2679_3,home,813.504679323244,387.0449167558566,archived,2024-11-15
32680,Product_2680_3,home,224.54379040515707,293.4078189448704,inactive,2024-02-05
32681,Product_2681_3,electronics,881.0747804476962,406.53365735027813,pending,2024-08-04
32682,Product_2682_3,home,286.9515603284029,171.25824140836502,active,2024-04-11
32683,Product_2683_3,electronics,157.11321138011317,21.803805756908766,archived,2024-10-27
32684,Product_2684_3,books,36.88819995223709,379.9572090623053,active,2024-07-28
32685,Product_2685_3,books,401.18878409006555,172.22465186783583,inactive,2024-01-22
32686,Product_2686_3,electronics,895.5994125091072,336.03968061780495,archived,2024-07-16
32687,Product_2687_3,home,806.8399155620855,268.8823876530957,archived,2024-11-23
32688,Product_2688_3,home,485.0605751169969,399.0290909546022,active,2024-04-24
32689,Product_2689_3,clothing,912.6567325885558,294.559860562135,archived,2024-12-06
32690,Product_2690_3,home,267.53155972725057,167.1325411099837,pending,2024-07-01
32691,Product_2691_3,sports,990.7527229771895,287.223828746019,active,2024-12-12
32692,Product_2692_3,clothing,345.9356929517268,275.7815978629967,active,2024-04-11
32693,Product_2693_3,electronics,75.20741678730867,49.036098921357436,active,2024-05-01
32694,Product_2694_3,sports,424.8397431789424,197.93533401842637,inactive,2024-07-26
32695,Product_2695_3,sports,413.95498219827397,159.57435902309402,inactive,2024-08-17
32696,Product_2696_3,home,782.8540779757516,60.44435197499129,active,2024-10-09
32697,Product_2697_3,sports,665.292631886445,215.2413005886606,active,2024-08-10
32698,Product_2698_3,sports,17.94202480151362,428.56896668321133,archived,2024-06-21
32699,Product_2699_3,home,43.64163430420291,113.12327985006675,archived,2024-11-11
32700,Product_2700_3,sports,271.42606197258897,69.62175747251506,active,2024-11-08
32701,Product_2701_3,sports,747.6503338426304,377.29781678702585,inactive,2024-09-27
32702,Product_2702_3,books,479.975841598158,443.4492678021338,archived,2024-10-02
32703,Product_2703_3,electronics,211.15706844927377,172.62575910190088,active,2024-12-16
32704,Product_2704_3,clothing,196.95229326591408,188.52315109170783,pending,2024-10-01
32705,Product_2705_3,electronics,583.1194168044872,378.44346700073004,pending,2024-04-02
32706,Product_2706_3,clothing,54.46987784220068,475.1117527641716,active,2024-01-04
32707,Product_2707_3,clothing,784.5975941860635,325.84401435946666,pending,2024-06-02
32708,Product_2708_3,sports,170.88611320328113,294.0734764495864,active,2024-12-11
32709,Product_2709_3,clothing,993.0102354118357,360.64849184884594,archived,2024-11-22
32710,Product_2710_3,books,769.546917999904,245.4206422550831,inactive,2024-04-26
32711,Product_2711_3,electronics,79.67665384329221,49.13068674982188,inactive,2024-06-28
32712,Product_2712_3,sports,423.80139755653033,350.1329606211605,inactive,2024-05-06
32713,Product_2713_3,books,672.3950040380571,492.38195159697045,pending,2024-05-12
32714,Product_2714_3,clothing,245.10886541196464,341.0194185044849,inactive,2024-08-07
32715,Product_2715_3,home,872.5579229300007,294.73540155189426,pending,2024-10-17
32716,Product_2716_3,books,818.8920214521614,493.75472858851083,inactive,2024-01-06
32717,Product_2717_3,books,526.8583733505423,136.77800790663832,inactive,2024-05-07
32718,Product_2718_3,home,981.6758826017863,382.21114191439165,archived,2024-08-19
32719,Product_2719_3,home,190.05028195939408,241.72218940106907,pending,2024-12-04
32720,Product_2720_3,electronics,924.4454783781288,243.63686746921874,active,2024-08-07
32721,Product_2721_3,clothing,750.6031139137135,491.05960853882647,inactive,2024-10-14
32722,Product_2722_3,sports,916.5396117757294,266.39760238379745,active,2024-12-08
32723,Product_2723_3,clothing,699.1142687225191,222.19145793427992,pending,2024-12-01
32724,Product_2724_3,electronics,33.78950292022044,166.58019447824026,active,2024-02-19
32725,Product_2725_3,electronics,98.50547491340073,245.32679084567448,archived,2024-10-18
32726,Product_2726_3,electronics,242.4713874828532,449.735813298424,pending,2024-02-04
32727,Product_2727_3,home,232.4611998530384,98.08324133081601,pending,2024-02-15
32728,Product_2728_3,clothing,36.835881087718874,192.57410056544535,archived,2024-02-21
32729,Product_2729_3,home,393.8445140619386,74.90035132834663,archived,2024-09-13
32730,Product_2730_3,books,55.97650936110379,161.10814619060014,inactive,2024-09-01
32731,Product_2731_3,home,19.71583579726796,390.5608254334811,pending,2024-08-06
32732,Product_2732_3,home,811.5485725931079,69.39679957145371,archived,2024-07-01
32733,Product_2733_3,home,903.2575762394266,433.0072195148645,active,2024-03-17
32734,Product_2734_3,sports,261.2201814449374,405.4728723767645,inactive,2024-08-07
32735,Product_2735_3,electronics,442.9344006229369,126.16733894573139,archived,2024-04-18
32736,Product_2736_3,home,911.9141763023761,193.3061929820558,active,2024-09-20
32737,Product_2737_3,clothing,736.0452241988377,214.92288066191284,pending,2024-05-08
32738,Product_2738_3,sports,50.46331229854195,120.00480322146686,inactive,2024-09-28
32739,Product_2739_3,books,482.96275262778664,271.001004324996,inactive,2024-09-11
32740,Product_2740_3,electronics,408.4449148379032,48.731954225854466,archived,2024-09-23
32741,Product_2741_3,home,281.0603522357825,254.58223827546382,archived,2024-10-21
32742,Product_2742_3,home,697.4682747087207,25.262260771637692,inactive,2024-04-08
32743,Product_2743_3,sports,655.1154438706639,116.19229875309928,active,2024-12-03
32744,Product_2744_3,home,121.97119616240089,385.97142069353725,inactive,2024-01-07
32745,Product_2745_3,home,617.060662747788,435.8960462902486,pending,2024-01-21
32746,Product_2746_3,home,998.6548338378915,461.16802863351876,active,2024-04-14
32747,Product_2747_3,home,677.1889306684878,250.78190382452635,archived,2024-08-02
32748,Product_2748_3,electronics,928.0640489868127,41.57557658114692,inactive,2024-07-22
32749,Product_2749_3,electronics,915.7339257137453,464.54942882323087,archived,2024-04-20
32750,Product_2750_3,clothing,364.74524988828233,452.41897302190335,pending,2024-10-28
32751,Product_2751_3,clothing,94.02344050848201,263.58385658212956,archived,2024-12-21
32752,Product_2752_3,clothing,190.45716189705735,454.96335960835154,archived,2024-11-20
32753,Product_2753_3,home,333.2165919067348,155.1817762299541,archived,2024-02-10
32754,Product_2754_3,sports,567.6350932585096,10.68830959630906,archived,2024-12-14
32755,Product_2755_3,home,385.0624659488192,290.403567393637,active,2024-02-20
32756,Product_2756_3,clothing,70.71292704430005,277.66476391733244,active,2024-12-19
32757,Product_2757_3,home,789.0453722047229,228.48544008430844,inactive,2024-10-04
32758,Product_2758_3,books,175.35788916576604,49.79635317156938,archived,2024-07-17
32759,Product_2759_3,sports,571.4480618226506,368.9537123961031,active,2024-05-12
32760,Product_2760_3,books,334.00203786957024,108.82819857587373,inactive,2024-12-07
32761,Product_2761_3,books,131.13629359236728,126.90429380784849,pending,2024-04-13
32762,Product_2762_3,clothing,197.4327190264003,462.3547814864505,active,2024-05-24
32763,Product_2763_3,sports,257.8618177966327,328.87036235515654,archived,2024-04-09
32764,Product_2764_3,sports,504.51768647828106,86.53772170166559,active,2024-03-03
32765,Product_2765_3,home,787.133475507584,51.6622093200929,archived,2024-08-25
32766,Product_2766_3,clothing,340.29994292008604,484.62336804677534,inactive,2024-10-26
32767,Product_2767_3,clothing,369.8591304424352,50.795872924873684,pending,2024-08-26
32768,Product_2768_3,home,884.4468196517142,269.16224941181275,inactive,2024-06-23
32769,Product_2769_3,sports,969.5516339532095,114.15142237078292,active,2024-07-16
32770,Product_2770_3,books,463.3265736751243,379.1716001672725,pending,2024-03-25
32771,Product_2771_3,electronics,986.1689315790281,377.68589694655054,pending,2024-04-25
32772,Product_2772_3,clothing,421.13331210960826,99.86161717309727,active,2024-10-14
32773,Product_2773_3,electronics,304.3016055257886,482.8020369910203,archived,2024-03-25
32774,Product_2774_3,sports,5.728084487092389,107.95091874292518,inactive,2024-06-26
32775,Product_2775_3,books,302.54731128844855,172.64482800727282,pending,2024-12-13
32776,Product_2776_3,books,384.3285788483148,466.5720275967792,active,2024-03-02
32777,Product_2777_3,home,40.166522964094035,48.242291045734916,pending,2024-12-13
32778,Product_2778_3,books,899.7974934292296,279.74859463812805,active,2024-09-13
32779,Product_2779_3,books,980.6842197159402,60.9800441990277,active,2024-11-14
32780,Product_2780_3,clothing,683.2810647385601,26.254956053026714,inactive,2024-07-18
32781,Product_2781_3,clothing,222.18315525083102,398.71489700650835,inactive,2024-11-28
32782,Product_2782_3,books,59.81349613649466,103.89348372221245,archived,2024-01-14
32783,Product_2783_3,electronics,48.58973804638044,269.4152531981211,active,2024-03-05
32784,Product_2784_3,electronics,920.3132966899007,270.3914714767799,pending,2024-04-20
32785,Product_2785_3,home,201.6740809873155,447.2859724412523,inactive,2024-12-06
32786,Product_2786_3,books,166.31696112202778,38.016604626986606,inactive,2024-01-10
32787,Product_2787_3,clothing,487.49172944715656,18.72369669322751,archived,2024-08-14
32788,Product_2788_3,books,474.26218131900885,356.9304796769774,pending,2024-12-04
32789,Product_2789_3,sports,383.351708959228,110.86571741699775,active,2024-10-22
32790,Product_2790_3,electronics,482.98248356331993,281.6061203177782,pending,2024-08-07
32791,Product_2791_3,home,221.7495449294552,385.6699188597763,active,2024-06-20
32792,Product_2792_3,sports,421.2473324707217,141.78996335777586,inactive,2024-11-24
32793,Product_2793_3,electronics,846.9465188565993,389.6018311511544,active,2024-04-05
32794,Product_2794_3,books,479.71919687613945,403.0208416205108,archived,2024-07-06
32795,Product_2795_3,books,619.190167703869,484.79663733992174,inactive,2024-09-28
32796,Product_2796_3,books,232.3269643116153,10.100745330452018,archived,2024-02-27
32797,Product_2797_3,electronics,393.446168487962,483.27552935538563,inactive,2024-04-08
32798,Product_2798_3,home,350.9243074713727,457.45843726794965,pending,2024-07-01
32799,Product_2799_3,electronics,499.27817724502165,287.0875397239156,active,2024-07-28
32800,Product_2800_3,home,477.2783934709376,342.6420186483626,active,2024-06-28
32801,Product_2801_3,clothing,112.80593269732508,380.2882946941479,archived,2024-10-22
32802,Product_2802_3,home,404.6007390875034,382.2991933996261,pending,2024-11-08
32803,Product_2803_3,sports,599.9208765873227,117.90478963131109,pending,2024-07-19
32804,Product_2804_3,books,818.5446830880896,35.47348035142958,pending,2024-07-06
32805,Product_2805_3,clothing,51.79249379526136,240.05689897685062,pending,2024-01-04
32806,Product_2806_3,electronics,621.1668030296347,133.4141963128198,archived,2024-04-25
32807,Product_2807_3,sports,847.786872130212,469.53588055734747,inactive,2024-08-11
32808,Product_2808_3,electronics,371.91928379043884,371.2202240554635,archived,2024-04-21
32809,Product_2809_3,electronics,182.96498983560653,467.4696880688003,pending,2024-11-16
32810,Product_2810_3,books,277.575638206356,235.40016611539252,archived,2024-08-19
32811,Product_2811_3,home,374.7468613275191,275.4253932894515,inactive,2024-09-25
32812,Product_2812_3,home,709.3318281096766,223.0607777909622,pending,2024-06-15
32813,Product_2813_3,home,946.4885983656011,322.0382368176723,pending,2024-09-26
32814,Product_2814_3,home,324.8768188288851,497.4444561353044,archived,2024-11-21
32815,Product_2815_3,electronics,204.95250543295796,498.9956224047347,pending,2024-08-19
32816,Product_2816_3,books,531.455642127116,249.84656600764364,archived,2024-06-25
32817,Product_2817_3,books,229.1430519192027,227.73365745510654,archived,2024-05-27
32818,Product_2818_3,home,815.1705664326041,341.05868630883265,pending,2024-10-12
32819,Product_2819_3,electronics,883.946998609861,484.4483577689466,pending,2024-01-25
32820,Product_2820_3,clothing,461.29696499585197,452.060665342216,active,2024-06-16
32821,Product_2821_3,home,332.13839308588666,35.04827278488046,inactive,2024-05-04
32822,Product_2822_3,sports,265.95387321073724,55.723153836412365,pending,2024-04-01
32823,Product_2823_3,clothing,496.0817006602798,194.48201583326664,active,2024-08-13
32824,Product_2824_3,home,358.19377322435923,458.92734605951745,archived,2024-12-01
32825,Product_2825_3,electronics,672.0786330597923,315.1676145198369,pending,2024-05-21
32826,Product_2826_3,clothing,88.22552111778343,377.48371714886736,archived,2024-11-28
32827,Product_2827_3,sports,604.4532933007939,475.84677534084415,archived,2024-06-02
32828,Product_2828_3,home,678.9242823534285,433.07091683129585,inactive,2024-05-27
32829,Product_2829_3,electronics,247.27359132506217,49.017021053463424,pending,2024-12-21
32830,Product_2830_3,electronics,463.37104026771567,125.61474117453113,archived,2024-04-22
32831,Product_2831_3,home,821.7261457225834,278.20149498820626,inactive,2024-07-13
32832,Product_2832_3,sports,473.8161090660588,405.43979477440274,inactive,2024-12-12
32833,Product_2833_3,books,265.7065930937379,340.79264304373294,inactive,2024-01-08
32834,Product_2834_3,sports,742.6086173055178,21.6930957557314,archived,2024-02-09
32835,Product_2835_3,clothing,210.2462026987552,457.7643815409329,inactive,2024-09-21
32836,Product_2836_3,electronics,904.2640910758614,110.46287878531572,inactive,2024-10-03
32837,Product_2837_3,home,391.1457245468013,14.351998029532048,active,2024-10-23
32838,Product_2838_3,electronics,841.6547501963298,490.49376106985164,inactive,2024-09-02
32839,Product_2839_3,books,439.28176172407694,184.17496650553588,active,2024-06-18
32840,Product_2840_3,sports,858.3675061336102,40.17307590387681,inactive,2024-01-05
32841,Product_2841_3,electronics,434.4936067201068,233.00324194435947,inactive,2024-03-01
32842,Product_2842_3,home,921.673044508956,357.6028290617614,pending,2024-12-03
32843,Product_2843_3,sports,598.4618967961709,321.9354802869096,pending,2024-02-10
32844,Product_2844_3,books,347.33037226066114,349.8386210137523,inactive,2024-06-25
32845,Product_2845_3,electronics,411.99300868963115,429.87405333990665,pending,2024-01-25
32846,Product_2846_3,electronics,861.4539006509875,359.2783337725597,inactive,2024-04-14
32847,Product_2847_3,sports,745.5462117075168,262.7677666541572,pending,2024-08-10
32848,Product_2848_3,clothing,49.616780478842195,154.68088507119,active,2024-11-07
32849,Product_2849_3,home,533.279840639086,476.7651778013719,inactive,2024-10-21
32850,Product_2850_3,electronics,839.394785875085,122.14288257804326,inactive,2024-06-06
32851,Product_2851_3,books,349.78543091076,406.92785589675674,inactive,2024-10-25
32852,Product_2852_3,sports,936.4098692504664,132.67511263507635,inactive,2024-08-18
32853,Product_2853_3,home,347.54105037730875,151.83960379658794,active,2024-10-07
32854,Product_2854_3,home,482.7841270507296,240.18895905604973,pending,2024-12-13
32855,Product_2855_3,sports,660.4196974134371,109.83661920855418,archived,2024-05-24
32856,Product_2856_3,books,592.1312987800878,85.23036670249479,archived,2024-11-19
32857,Product_2857_3,sports,218.27734971667368,219.08450025226128,inactive,2024-05-06
32858,Product_2858_3,electronics,664.8208554211858,409.16068341490865,inactive,2024-06-19
32859,Product_2859_3,home,19.93856740550735,155.88793426927373,archived,2024-09-20
32860,Product_2860_3,clothing,666.1866597672588,274.5144982517936,active,2024-09-28
32861,Product_2861_3,sports,490.2742530063881,63.53312084660501,pending,2024-05-03
32862,Product_2862_3,books,684.5283585546105,371.5404621000244,pending,2024-07-26
32863,Product_2863_3,clothing,741.4985621928832,124.7320306240424,active,2024-11-24
32864,Product_2864_3,electronics,427.19617837622906,43.41241113122506,archived,2024-04-26
32865,Product_2865_3,electronics,741.2285273721199,332.81913307282554,pending,2024-07-07
32866,Product_2866_3,books,473.54272158084524,58.11573391472355,pending,2024-01-19
32867,Product_2867_3,electronics,220.61641044455365,462.64387814355075,active,2024-02-25
32868,Product_2868_3,sports,106.90673789874602,20.179786388402242,inactive,2024-03-02
32869,Product_2869_3,home,823.6536649126249,67.94672191719127,pending,2024-05-07
32870,Product_2870_3,home,39.262084299366784,477.0967979423329,pending,2024-11-23
32871,Product_2871_3,clothing,731.714593835097,485.7133759554929,inactive,2024-12-15
32872,Product_2872_3,home,911.837262298581,314.4692449856576,inactive,2024-05-28
32873,Product_2873_3,sports,210.43139997271564,432.51287828449165,pending,2024-09-05
32874,Product_2874_3,clothing,961.6308863177103,395.9900673053827,inactive,2024-05-27
32875,Product_2875_3,home,64.02033365953109,408.85302702034744,archived,2024-08-02
32876,Product_2876_3,books,384.20167483147844,186.13767514523286,inactive,2024-01-27
32877,Product_2877_3,sports,866.6316753161592,194.55662960274086,archived,2024-03-08
32878,Product_2878_3,electronics,48.610392383002306,149.65806663075176,inactive,2024-07-26
32879,Product_2879_3,sports,735.9092121873439,107.69146313414977,archived,2024-08-25
32880,Product_2880_3,clothing,284.4626632246484,489.5612642021192,archived,2024-05-19
32881,Product_2881_3,books,269.22851246037493,256.0157481704641,active,2024-12-09
32882,Product_2882_3,books,770.964589033498,399.6421644289409,inactive,2024-08-02
32883,Product_2883_3,electronics,595.4849827644817,267.2841376646958,active,2024-03-04
32884,Product_2884_3,home,369.8194682519068,136.29050186262376,archived,2024-11-02
32885,Product_2885_3,clothing,710.126739927237,128.7322838361032,pending,2024-05-06
32886,Product_2886_3,electronics,604.7287411160886,147.83655848238257,inactive,2024-10-24
32887,Product_2887_3,home,759.9268791263951,436.7684516328442,archived,2024-11-09
32888,Product_2888_3,sports,805.921563093542,308.23147127252406,active,2024-03-25
32889,Product_2889_3,books,358.3831168232504,326.1805409722503,active,2024-04-27
32890,Product_2890_3,home,198.6982644966684,186.58579576511374,active,2024-01-03
32891,Product_2891_3,sports,514.5960734556488,437.70858536951886,inactive,2024-03-23
32892,Product_2892_3,home,190.96952585059825,476.3391546429653,archived,2024-04-06
32893,Product_2893_3,sports,405.12081265318966,28.790169065195983,archived,2024-02-10
32894,Product_2894_3,electronics,606.8557991821228,318.99325651054056,archived,2024-05-05
32895,Product_2895_3,clothing,946.6906276057305,145.189041400027,inactive,2024-04-08
32896,Product_2896_3,electronics,272.9539146079242,311.7181149165693,archived,2024-03-24
32897,Product_2897_3,electronics,519.3099469116644,344.5452735123878,pending,2024-12-09
32898,Product_2898_3,sports,711.4225584180961,51.609710938634045,inactive,2024-02-04
32899,Product_2899_3,sports,698.6427733997331,36.98651203650771,inactive,2024-03-23
32900,Product_2900_3,sports,350.4403959022399,169.98484228612824,archived,2024-08-22
32901,Product_2901_3,home,182.01909813554934,341.64016127535587,pending,2024-08-24
32902,Product_2902_3,books,414.74317253027687,252.720857396696,active,2024-02-17
32903,Product_2903_3,electronics,54.2022287187129,178.58893590419075,inactive,2024-02-07
32904,Product_2904_3,electronics,571.3357823090275,436.8418079064095,active,2024-09-23
32905,Product_2905_3,sports,520.8109786612877,117.69432836268867,pending,2024-11-13
32906,Product_2906_3,sports,941.536909164871,137.40774187867407,active,2024-06-19
32907,Product_2907_3,electronics,579.1582229375513,232.9878494728659,active,2024-12-21
32908,Product_2908_3,clothing,207.76431871756017,131.9342911049447,inactive,2024-03-07
32909,Product_2909_3,clothing,264.4826239973747,177.05247694983362,active,2024-04-01
32910,Product_2910_3,sports,670.7895947097592,351.0496774299549,archived,2024-11-05
32911,Product_2911_3,home,847.8305528903492,26.6939992331223,inactive,2024-05-02
32912,Product_2912_3,books,624.8124549863297,260.2891331495375,inactive,2024-11-01
32913,Product_2913_3,books,458.09779016591597,233.1337919657486,pending,2024-07-16
32914,Product_2914_3,clothing,304.6611947209398,238.88474326848433,inactive,2024-02-19
32915,Product_2915_3,books,340.2079263352887,429.4121571579833,inactive,2024-05-01
32916,Product_2916_3,clothing,278.12624994410186,435.900178869201,pending,2024-02-11
32917,Product_2917_3,sports,820.454402483759,313.68992382812996,pending,2024-01-27
32918,Product_2918_3,books,144.4589424066761,121.82131980902217,inactive,2024-10-01
32919,Product_2919_3,electronics,736.2439133878571,454.27032916671334,active,2024-09-24
32920,Product_2920_3,clothing,299.18099120520077,304.6981727938089,pending,2024-02-05
32921,Product_2921_3,electronics,585.9631784376365,72.7249582853491,active,2024-09-05
32922,Product_2922_3,books,224.78936475214516,239.933050213595,archived,2024-08-01
32923,Product_2923_3,home,95.18038190416026,300.80193196017143,active,2024-07-09
32924,Product_2924_3,clothing,950.2723818244061,378.733115950562,active,2024-06-03
32925,Product_2925_3,clothing,961.2491806329128,377.1776772549024,active,2024-10-02
32926,Product_2926_3,sports,967.7529018336184,486.967170609125,active,2024-05-09
32927,Product_2927_3,home,6.294225270935194,175.60815971560268,pending,2024-11-02
32928,Product_2928_3,sports,611.5084372346171,305.4847069542638,active,2024-07-23
32929,Product_2929_3,electronics,558.1325227974708,344.54214909895643,active,2024-08-21
32930,Product_2930_3,home,454.5005449656589,92.91801348155394,pending,2024-07-12
32931,Product_2931_3,sports,861.9778031418424,471.3323968999148,pending,2024-12-12
32932,Product_2932_3,home,414.630507191324,373.4696425368144,pending,2024-06-24
32933,Product_2933_3,sports,288.16075447676195,351.5180042802675,inactive,2024-03-22
32934,Product_2934_3,home,513.0291937332379,146.68175823969744,pending,2024-06-28
32935,Product_2935_3,home,139.0362432964988,17.793406080915044,inactive,2024-07-21
32936,Product_2936_3,electronics,636.3858990615904,210.7119347178431,inactive,2024-01-20
32937,Product_2937_3,books,627.8289390382714,132.17421435927486,active,2024-06-05
32938,Product_2938_3,electronics,556.4833513052665,383.52967596274806,archived,2024-01-18
32939,Product_2939_3,clothing,883.4188312014822,391.2852322377523,archived,2024-07-23
32940,Product_2940_3,sports,625.4496065842748,447.7398381535215,archived,2024-09-20
32941,Product_2941_3,home,243.47904837017992,120.71620619800106,active,2024-10-18
32942,Product_2942_3,books,234.93170716237972,86.6666245287126,archived,2024-01-07
32943,Product_2943_3,books,342.55757854196435,298.4524945202902,inactive,2024-03-08
32944,Product_2944_3,electronics,561.9703525301484,392.5029587962432,active,2024-04-27
32945,Product_2945_3,home,16.506978792060508,81.96917625191503,active,2024-05-07
32946,Product_2946_3,home,367.4837636602464,88.30992495625014,archived,2024-09-26
32947,Product_2947_3,books,853.9412934512624,382.8625329879788,inactive,2024-05-20
32948,Product_2948_3,sports,519.8358417221303,221.9584268883455,pending,2024-12-20
32949,Product_2949_3,sports,762.7826467175307,353.4401873510138,active,2024-09-02
32950,Product_2950_3,clothing,173.5586878332453,38.671908160083674,pending,2024-03-14
32951,Product_2951_3,electronics,372.85524066222735,340.8091123768055,inactive,2024-12-05
32952,Product_2952_3,home,679.3877229575756,64.08688458408304,active,2024-09-01
32953,Product_2953_3,sports,807.5756587796068,117.39648888007217,active,2024-01-09
32954,Product_2954_3,electronics,367.59089081720293,365.9279904118621,inactive,2024-04-19
32955,Product_2955_3,home,373.2844479515809,418.35227187715634,active,2024-07-22
32956,Product_2956_3,clothing,662.8699611276602,160.8778580351195,archived,2024-06-18
32957,Product_2957_3,clothing,219.4428079131708,99.56324455548902,pending,2024-10-02
32958,Product_2958_3,sports,384.6282174225433,251.33775676487474,pending,2024-08-01
32959,Product_2959_3,sports,849.0094456384198,95.12873524272077,active,2024-08-25
32960,Product_2960_3,clothing,983.4783261198482,66.29967561902797,pending,2024-12-23
32961,Product_2961_3,electronics,426.41806471567105,91.30115116778111,archived,2024-02-11
32962,Product_2962_3,electronics,185.0502952389169,446.11072203382537,archived,2024-08-16
32963,Product_2963_3,books,276.3557527184942,83.52405565228877,archived,2024-07-23
32964,Product_2964_3,books,921.6488399748813,262.8064951285811,pending,2024-05-25
32965,Product_2965_3,books,811.2251031314889,164.34877905559682,archived,2024-09-11
32966,Product_2966_3,electronics,126.75464198070249,406.33890329404755,active,2024-04-04
32967,Product_2967_3,clothing,361.10122960527656,415.66163715538625,active,2024-05-18
32968,Product_2968_3,clothing,312.75353068814974,465.683695345136,inactive,2024-05-11
32969,Product_2969_3,clothing,330.76236557813445,328.237052525903,inactive,2024-08-17
32970,Product_2970_3,books,659.2317428321691,441.6237377423941,active,2024-04-24
32971,Product_2971_3,sports,582.3411089225364,67.06068467866726,pending,2024-02-04
32972,Product_2972_3,electronics,638.3602523489251,201.46219652851497,active,2024-02-14
32973,Product_2973_3,sports,701.2270417377881,153.83240810428032,archived,2024-11-22
32974,Product_2974_3,sports,410.5004988589767,278.5402954874087,inactive,2024-03-05
32975,Product_2975_3,home,511.1100358772644,102.92078534230836,pending,2024-03-22
32976,Product_2976_3,clothing,696.9312106476983,354.11350849600075,archived,2024-10-09
32977,Product_2977_3,books,759.5750716502238,198.8607414248215,inactive,2024-10-18
32978,Product_2978_3,books,526.0858357480589,168.07633176868654,inactive,2024-05-16
32979,Product_2979_3,electronics,427.03579782911817,286.5818564667071,pending,2024-12-05
32980,Product_2980_3,home,550.2088133025023,142.62108886488147,inactive,2024-02-18
32981,Product_2981_3,electronics,891.6846188481808,21.7669321058261,active,2024-12-10
32982,Product_2982_3,books,166.03881627426782,384.75147895172375,pending,2024-04-15
32983,Product_2983_3,books,324.4614285190536,250.4066804493961,archived,2024-02-26
32984,Product_2984_3,books,867.1585691325387,278.26185346821666,archived,2024-02-18
32985,Product_2985_3,sports,270.1420502994734,361.53074471516913,active,2024-01-05
32986,Product_2986_3,home,600.7418768001197,163.61761217600798,inactive,2024-12-03
32987,Product_2987_3,clothing,545.1799530836097,490.0696335109348,active,2024-06-06
32988,Product_2988_3,books,790.9242443304848,139.70794388595874,archived,2024-05-06
32989,Product_2989_3,clothing,137.9126246091474,414.9843226100049,inactive,2024-11-13
32990,Product_2990_3,electronics,252.47200124145837,328.0782371551059,inactive,2024-11-07
32991,Product_2991_3,electronics,258.3255457863203,284.04442708874086,inactive,2024-09-23
32992,Product_2992_3,electronics,537.106446382397,49.769882002780285,active,2024-02-08
32993,Product_2993_3,books,51.69166245967076,454.3011596345529,active,2024-11-01
32994,Product_2994_3,electronics,342.88226213454317,233.18318328581142,active,2024-10-21
32995,Product_2995_3,clothing,210.0926265305918,205.78104266361208,archived,2024-09-21
32996,Product_2996_3,sports,720.0567584682575,339.67190372462983,inactive,2024-03-27
32997,Product_2997_3,sports,267.6308405530463,38.07737792138503,archived,2024-06-13
32998,Product_2998_3,clothing,94.32751813540831,295.4575441639691,active,2024-08-20
32999,Product_2999_3,home,962.6771045565027,408.26556360600165,active,2024-04-13
33000,Product_3000_3,clothing,314.6335868105243,95.20045103646231,archived,2024-12-05
33001,Product_3001_3,sports,457.4284989266656,82.95991003226025,inactive,2024-10-13
33002,Product_3002_3,clothing,183.62673313391994,15.117780305370259,pending,2024-12-15
33003,Product_3003_3,sports,158.8934211440584,128.1149605293916,active,2024-03-17
33004,Product_3004_3,books,7.276972103894638,155.9090060942119,active,2024-02-18
33005,Product_3005_3,home,838.1327261061748,152.0560617355003,inactive,2024-04-15
33006,Product_3006_3,clothing,330.54617574713393,20.75046202755175,active,2024-10-16
33007,Product_3007_3,sports,816.2706382282217,331.38210673126497,active,2024-01-28
33008,Product_3008_3,clothing,909.3301481910333,60.61618736440906,archived,2024-07-16
33009,Product_3009_3,electronics,93.34112662261457,168.20711873254746,inactive,2024-03-21
33010,Product_3010_3,electronics,489.6044984295706,400.4838592674028,pending,2024-04-05
33011,Product_3011_3,home,401.2009383554289,477.65850288537155,active,2024-06-09
33012,Product_3012_3,books,138.60933703092496,404.9710675586246,active,2024-09-04
33013,Product_3013_3,electronics,89.16864288134227,113.43909506900201,archived,2024-03-01
33014,Product_3014_3,clothing,229.29670317122955,400.5198236075211,archived,2024-03-02
33015,Product_3015_3,home,761.5882220803672,212.81538534415012,archived,2024-12-04
33016,Product_3016_3,sports,150.81051686126258,469.0171501480669,pending,2024-09-18
33017,Product_3017_3,electronics,287.40151700202404,389.4232756938305,archived,2024-12-01
33018,Product_3018_3,home,364.8965000617302,65.95982932370154,pending,2024-09-12
33019,Product_3019_3,clothing,177.1584829373015,314.6335715068112,pending,2024-11-16
33020,Product_3020_3,books,785.447379869782,445.9994631670696,pending,2024-09-02
33021,Product_3021_3,sports,179.43183711161936,274.5660831973972,active,2024-07-01
33022,Product_3022_3,books,436.1094713690839,22.990344005958214,pending,2024-01-09
33023,Product_3023_3,sports,836.3242093609022,291.9959719775396,archived,2024-05-01
33024,Product_3024_3,sports,175.90006312548536,386.05726729181,pending,2024-07-12
33025,Product_3025_3,electronics,370.1574763795275,141.68955730681373,active,2024-10-12
33026,Product_3026_3,clothing,523.7349293383575,47.12000499231363,active,2024-03-23
33027,Product_3027_3,books,914.9389689787903,465.80885660566804,archived,2024-04-10
33028,Product_3028_3,clothing,125.68123282571938,158.25970483285894,active,2024-06-14
33029,Product_3029_3,clothing,936.9438515813173,467.0571145132685,inactive,2024-03-14
33030,Product_3030_3,electronics,377.4765132703777,424.79025648128805,pending,2024-11-05
33031,Product_3031_3,books,335.9483569929475,399.7213462520888,inactive,2024-02-19
33032,Product_3032_3,electronics,377.99221039875414,70.310258247292,pending,2024-04-01
33033,Product_3033_3,electronics,207.67379080627626,291.3520889433368,active,2024-08-08
33034,Product_3034_3,electronics,263.14154254551914,152.545286953624,pending,2024-03-26
33035,Product_3035_3,sports,201.01212205578577,392.72503756173404,active,2024-04-11
33036,Product_3036_3,electronics,105.24273823425335,449.91316729291606,pending,2024-06-05
33037,Product_3037_3,clothing,556.9557667361174,83.98654671346532,active,2024-08-07
33038,Product_3038_3,home,325.67962157252964,61.40223708167731,pending,2024-08-03
33039,Product_3039_3,sports,415.1291333493853,57.11975777894515,pending,2024-08-14
33040,Product_3040_3,electronics,881.4018689155982,42.96188578845284,pending,2024-07-25
33041,Product_3041_3,clothing,989.6252729226878,110.91129426826643,inactive,2024-01-10
33042,Product_3042_3,home,834.9439788579398,482.57392757834725,pending,2024-07-02
33043,Product_3043_3,sports,908.4025310505116,147.46635435167028,pending,2024-01-04
33044,Product_3044_3,home,183.85732939386085,45.05182267779406,pending,2024-12-06
33045,Product_3045_3,sports,167.90590025717208,402.98422929826523,inactive,2024-04-19
33046,Product_3046_3,home,967.3148992256142,425.5033899917097,active,2024-05-13
33047,Product_3047_3,home,270.038755437476,49.23103113911217,inactive,2024-05-02
33048,Product_3048_3,clothing,674.1542442921573,275.08705383024585,pending,2024-07-27
33049,Product_3049_3,sports,312.1911084428505,92.7095163224421,archived,2024-01-24
33050,Product_3050_3,clothing,519.7500066518284,297.08077097414235,archived,2024-11-20
33051,Product_3051_3,clothing,222.59498379159325,294.52644226716905,pending,2024-01-10
33052,Product_3052_3,books,549.8961040044372,361.8792430903872,archived,2024-10-15
33053,Product_3053_3,books,301.0851342429484,280.426630315124,archived,2024-01-17
33054,Product_3054_3,clothing,594.2476599252326,13.119399102413414,active,2024-10-26
33055,Product_3055_3,sports,449.449585331493,81.66438656960007,inactive,2024-12-19
33056,Product_3056_3,electronics,321.3303490526304,420.03823741055044,active,2024-12-28
33057,Product_3057_3,home,538.1075960286615,280.6827262373386,active,2024-04-27
33058,Product_3058_3,sports,211.8409259241088,442.28914557513906,archived,2024-02-14
33059,Product_3059_3,electronics,111.27457376267492,119.26475715153327,pending,2024-12-26
33060,Product_3060_3,sports,58.6508156330432,458.6535315053783,inactive,2024-04-23
33061,Product_3061_3,books,189.10852691185593,491.98036901635726,inactive,2024-03-08
33062,Product_3062_3,books,84.51282425320409,227.1791415624265,inactive,2024-07-23
33063,Product_3063_3,books,581.2791887268197,15.742766623041788,archived,2024-01-14
33064,Product_3064_3,clothing,629.0572705524698,352.51882711697147,archived,2024-09-16
33065,Product_3065_3,clothing,6.380529713124592,370.1782641962335,active,2024-02-08
33066,Product_3066_3,home,686.1670459872004,444.00502136420374,inactive,2024-06-09
33067,Product_3067_3,books,326.30720333969424,27.787310741788886,active,2024-10-08
33068,Product_3068_3,sports,439.0115473854362,444.9114149959781,inactive,2024-04-10
33069,Product_3069_3,clothing,262.61191009312256,391.9277898337055,pending,2024-09-24
33070,Product_3070_3,electronics,203.99410933025018,333.65535211064656,pending,2024-07-10
33071,Product_3071_3,books,762.9990984663533,424.1699691751895,pending,2024-07-23
33072,Product_3072_3,home,48.567554075411486,263.67864128752865,active,2024-04-03
33073,Product_3073_3,home,939.8612156242789,13.212836956288951,archived,2024-01-20
33074,Product_3074_3,electronics,917.02966981043,295.143987663426,pending,2024-02-08
33075,Product_3075_3,sports,573.1870603314501,229.33746044238748,active,2024-04-03
33076,Product_3076_3,books,441.5606936153103,399.6288763226002,inactive,2024-05-19
33077,Product_3077_3,clothing,453.5995227917031,24.03824928580451,pending,2024-12-08
33078,Product_3078_3,clothing,855.5551485682402,152.86371794079975,inactive,2024-01-05
33079,Product_3079_3,clothing,435.5768450987231,274.2464001524319,pending,2024-11-15
33080,Product_3080_3,home,592.0269012733762,101.53529542209921,inactive,2024-06-10
33081,Product_3081_3,books,125.26321156101721,495.88242397084355,pending,2024-11-18
33082,Product_3082_3,clothing,282.64544992235255,488.2301816299974,archived,2024-09-07
33083,Product_3083_3,home,588.7969277426525,270.73101311774036,inactive,2024-12-27
33084,Product_3084_3,electronics,779.0910469507705,464.86157099145044,active,2024-08-13
33085,Product_3085_3,clothing,27.399540589391364,347.95935075805625,pending,2024-02-17
33086,Product_3086_3,sports,266.77743161080065,130.2723055869369,active,2024-11-14
33087,Product_3087_3,books,215.51241671743847,166.50659392915713,active,2024-11-01
33088,Product_3088_3,home,918.3702490541053,215.21603890768796,archived,2024-10-03
33089,Product_3089_3,sports,944.6957121047311,463.27695575547983,active,2024-07-20
33090,Product_3090_3,home,369.183421946962,373.2174600303387,inactive,2024-05-02
33091,Product_3091_3,electronics,248.20406314312214,99.13749195481736,inactive,2024-04-01
33092,Product_3092_3,sports,92.87160908316773,387.48290717702866,pending,2024-11-23
33093,Product_3093_3,electronics,906.8096766058043,204.19325194026186,inactive,2024-04-23
33094,Product_3094_3,electronics,261.96260642079585,166.1719771197952,active,2024-04-22
33095,Product_3095_3,clothing,569.3639180954115,107.6109337050382,inactive,2024-03-15
33096,Product_3096_3,home,158.05349118717433,211.64323331809305,inactive,2024-10-16
33097,Product_3097_3,home,118.47759574340235,213.41403195722515,active,2024-07-08
33098,Product_3098_3,books,47.435366171018174,79.42225061376541,active,2024-12-28
33099,Product_3099_3,clothing,281.87563240304894,489.833352459812,archived,2024-06-04
33100,Product_3100_3,clothing,326.80437507614613,140.9000511607074,inactive,2024-02-15
33101,Product_3101_3,books,653.1192400138625,438.21745594152776,archived,2024-05-20
33102,Product_3102_3,home,332.6142547536665,339.40515516221603,inactive,2024-03-23
33103,Product_3103_3,clothing,824.3195805257491,355.6470640273178,archived,2024-08-08
33104,Product_3104_3,home,998.8153696667862,90.10501702729374,inactive,2024-02-06
33105,Product_3105_3,home,575.071030781819,483.78096943025656,inactive,2024-05-28
33106,Product_3106_3,home,329.82423116247713,209.64780197265677,archived,2024-02-18
33107,Product_3107_3,clothing,872.6703229955004,25.78775210598478,archived,2024-12-09
33108,Product_3108_3,clothing,773.6261217977848,407.1697492375233,inactive,2024-01-07
33109,Product_3109_3,clothing,972.2401621836777,273.6889172588853,inactive,2024-09-23
33110,Product_3110_3,clothing,346.57251356005315,460.15075305616307,inactive,2024-01-04
33111,Product_3111_3,clothing,456.5661445837604,491.0718734196711,inactive,2024-07-10
33112,Product_3112_3,electronics,551.3065391839001,458.1160684630217,archived,2024-01-13
33113,Product_3113_3,books,138.0750577655767,375.2426321341274,pending,2024-04-24
33114,Product_3114_3,home,571.6508034146274,152.7906241599347,archived,2024-11-16
33115,Product_3115_3,electronics,428.4957868869002,259.461285389728,archived,2024-06-13
33116,Product_3116_3,electronics,734.8759618917256,21.376566146565764,pending,2024-08-23
33117,Product_3117_3,clothing,481.8182082591248,117.86478277076284,archived,2024-08-11
33118,Product_3118_3,clothing,724.5627120994285,43.1782184827308,active,2024-08-16
33119,Product_3119_3,sports,268.37955949676274,124.93183307975433,inactive,2024-11-18
33120,Product_3120_3,clothing,606.1237650169084,176.19072122056613,active,2024-09-15
33121,Product_3121_3,home,282.0265610841631,149.68594110660155,pending,2024-10-06
33122,Product_3122_3,sports,73.09738450429377,22.40613882928773,inactive,2024-02-14
33123,Product_3123_3,home,810.5987193082897,103.89379468190312,inactive,2024-01-21
33124,Product_3124_3,home,91.20988326341877,371.7031307220795,active,2024-02-18
33125,Product_3125_3,books,733.4591692122875,83.45121247460364,archived,2024-09-18
33126,Product_3126_3,sports,898.9280932333429,65.64417445939509,inactive,2024-10-04
33127,Product_3127_3,home,50.237708548975355,473.22433889007795,archived,2024-12-27
33128,Product_3128_3,electronics,679.7252737193971,223.54943626999415,archived,2024-05-05
33129,Product_3129_3,home,78.70140686936291,449.5477225621394,archived,2024-03-19
33130,Product_3130_3,books,33.373965599204844,443.842463051424,inactive,2024-06-17
33131,Product_3131_3,sports,841.3935703814096,221.4365590428852,active,2024-04-24
33132,Product_3132_3,books,713.2022756303647,31.27379702224529,pending,2024-01-03
33133,Product_3133_3,sports,494.0916734722991,47.628775313272826,archived,2024-12-08
33134,Product_3134_3,electronics,867.7196082119482,162.2781184491506,inactive,2024-01-15
33135,Product_3135_3,home,835.6677355502418,24.85124560078394,archived,2024-03-05
33136,Product_3136_3,electronics,554.2293107438046,473.0865011540927,archived,2024-04-15
33137,Product_3137_3,books,828.8158133265734,99.24046802620279,pending,2024-09-24
33138,Product_3138_3,home,835.9539351162309,37.01416556795933,pending,2024-05-12
33139,Product_3139_3,electronics,493.59035529921186,194.40909926839583,inactive,2024-01-25
33140,Product_3140_3,books,683.8858566072013,372.48787700940505,pending,2024-03-08
33141,Product_3141_3,clothing,255.57500315530623,207.6244300565961,pending,2024-02-16
33142,Product_3142_3,electronics,117.42366790978,436.15338950531384,inactive,2024-06-11
33143,Product_3143_3,clothing,789.7855089948803,310.1180533896888,archived,2024-10-07
33144,Product_3144_3,home,147.7708862421098,192.3145069856365,pending,2024-08-07
33145,Product_3145_3,home,713.9695617964095,168.72039249221766,inactive,2024-12-28
33146,Product_3146_3,electronics,526.0477483040333,59.475152278015116,inactive,2024-04-21
33147,Product_3147_3,home,894.0134232792898,123.44412604213078,archived,2024-06-13
33148,Product_3148_3,clothing,30.882755494527093,418.91796071164174,pending,2024-01-15
33149,Product_3149_3,books,633.0965969638486,329.2760890458458,active,2024-12-14
33150,Product_3150_3,books,466.88436656168676,106.32637334581744,pending,2024-04-27
33151,Product_3151_3,clothing,419.00041731248155,118.88769117495093,active,2024-07-26
33152,Product_3152_3,electronics,350.40071586673963,310.00895724037565,inactive,2024-07-27
33153,Product_3153_3,electronics,534.4058582074953,423.02224573988434,archived,2024-03-01
33154,Product_3154_3,electronics,210.84853902983758,375.4248211341598,inactive,2024-06-25
33155,Product_3155_3,home,299.95703011201164,242.73975361693954,archived,2024-04-18
33156,Product_3156_3,clothing,185.9123235337466,237.43397798646131,inactive,2024-04-20
33157,Product_3157_3,home,763.7799304967787,484.6637200510671,inactive,2024-11-15
33158,Product_3158_3,home,802.0407693729076,60.28385151922821,archived,2024-09-20
33159,Product_3159_3,electronics,196.5559304185469,495.0830141808409,inactive,2024-04-09
33160,Product_3160_3,home,39.17012137172697,306.0567042475383,pending,2024-06-01
33161,Product_3161_3,electronics,798.8663189846823,224.96692915521032,active,2024-08-16
33162,Product_3162_3,electronics,323.26461836113305,320.200594413651,active,2024-04-16
33163,Product_3163_3,electronics,826.1526175128969,429.91177831157756,pending,2024-02-13
33164,Product_3164_3,books,761.9276508488314,404.9961844374702,archived,2024-10-12
33165,Product_3165_3,electronics,647.0548632445606,182.10412226867538,inactive,2024-10-07
33166,Product_3166_3,sports,520.1526263363514,364.57467566206077,active,2024-08-25
33167,Product_3167_3,clothing,259.91100962444824,243.54760307499265,inactive,2024-05-18
33168,Product_3168_3,sports,308.26297647261663,390.5180916035361,active,2024-04-18
33169,Product_3169_3,electronics,888.9191841171586,260.0326268837651,pending,2024-06-08
33170,Product_3170_3,sports,531.1465891552278,379.3703139438528,active,2024-10-14
33171,Product_3171_3,electronics,249.7289786304002,56.48327513999963,archived,2024-06-06
33172,Product_3172_3,home,917.8565611513309,474.1199650266356,pending,2024-06-02
33173,Product_3173_3,books,132.625299321157,175.9194489453245,active,2024-11-06
33174,Product_3174_3,sports,573.7347038959203,321.547649324881,archived,2024-01-09
33175,Product_3175_3,books,418.21460766133333,209.71602259006218,pending,2024-12-23
33176,Product_3176_3,sports,333.04914546646137,320.5919282885665,inactive,2024-09-06
33177,Product_3177_3,electronics,323.1791068769066,317.65029244247614,active,2024-07-12
33178,Product_3178_3,clothing,969.4128138988939,448.9723658707006,active,2024-11-04
33179,Product_3179_3,books,366.1465250090758,12.835109426734522,inactive,2024-08-11
33180,Product_3180_3,sports,88.82192880224564,382.57424177500036,inactive,2024-05-23
33181,Product_3181_3,clothing,422.3837728258771,151.53692214361078,inactive,2024-11-25
33182,Product_3182_3,books,626.3183787262211,257.01464741371507,active,2024-03-07
33183,Product_3183_3,home,84.81489756951639,73.06443833433481,inactive,2024-09-12
33184,Product_3184_3,clothing,778.5055169956662,498.7964762111753,inactive,2024-09-09
33185,Product_3185_3,home,162.92120599599266,197.75679609506363,pending,2024-03-01
33186,Product_3186_3,sports,425.9964939811175,344.2243667435707,inactive,2024-09-07
33187,Product_3187_3,sports,689.693879926823,357.41539855007414,pending,2024-10-15
33188,Product_3188_3,home,452.4232364289576,424.72873821673625,pending,2024-04-07
33189,Product_3189_3,electronics,747.5823556298857,263.1720770777358,inactive,2024-05-08
33190,Product_3190_3,books,319.4284088814113,373.02898328972714,inactive,2024-11-15
33191,Product_3191_3,home,233.3748352836342,298.81750081575416,inactive,2024-03-21
33192,Product_3192_3,sports,678.5139674636652,239.73916694559662,pending,2024-02-23
33193,Product_3193_3,clothing,705.8399521789265,392.2793165570254,active,2024-03-20
33194,Product_3194_3,sports,87.68902273061914,376.59704505925293,archived,2024-01-23
33195,Product_3195_3,books,188.81843935265547,476.2175435662916,pending,2024-01-24
33196,Product_3196_3,clothing,818.8402430108799,33.929951590524745,inactive,2024-11-04
33197,Product_3197_3,home,165.87113692906252,172.594181120874,active,2024-03-08
33198,Product_3198_3,books,862.5794523932639,346.0173729906047,archived,2024-06-18
33199,Product_3199_3,clothing,650.5347819376957,62.35017291147048,pending,2024-08-03
33200,Product_3200_3,electronics,226.30099814765316,372.48876311200394,inactive,2024-06-10
33201,Product_3201_3,sports,551.1084411495282,482.64312433923993,active,2024-10-23
33202,Product_3202_3,sports,943.0064958544758,170.02424840431132,inactive,2024-06-02
33203,Product_3203_3,sports,348.80343772290723,43.08516436165246,archived,2024-01-01
33204,Product_3204_3,clothing,647.3658883291162,472.25208391727693,archived,2024-06-06
33205,Product_3205_3,sports,423.7678724871571,345.2394810422647,active,2024-04-05
33206,Product_3206_3,home,21.78488378463577,306.0569881628673,archived,2024-12-06
33207,Product_3207_3,books,995.7223496830962,376.8598575984194,archived,2024-09-23
33208,Product_3208_3,home,406.33035937195854,376.5168258175212,pending,2024-04-25
33209,Product_3209_3,sports,221.2840757609208,54.62587707699363,pending,2024-11-18
33210,Product_3210_3,sports,550.3751401531384,362.06156409630466,inactive,2024-06-06
33211,Product_3211_3,home,711.8052856211435,463.57066644248124,active,2024-12-17
33212,Product_3212_3,electronics,578.8731250440412,462.3043911728675,archived,2024-03-15
33213,Product_3213_3,electronics,557.3962056717547,130.96521725234274,active,2024-12-26
33214,Product_3214_3,electronics,69.04725524459103,283.849367094385,active,2024-11-27
33215,Product_3215_3,home,746.1947267381939,427.6358468549378,active,2024-07-22
33216,Product_3216_3,books,772.5030196219992,69.83494645199596,inactive,2024-06-23
33217,Product_3217_3,sports,14.762911526613308,320.6829704336408,inactive,2024-06-13
33218,Product_3218_3,home,525.1397895236095,213.28069407354067,active,2024-12-01
33219,Product_3219_3,sports,715.0346257594114,11.505725412612883,inactive,2024-06-21
33220,Product_3220_3,clothing,197.82728178724065,392.60491642136185,archived,2024-12-24
33221,Product_3221_3,home,323.9366593741177,494.19397943137454,pending,2024-07-20
33222,Product_3222_3,sports,790.2260475208706,223.24630365892426,inactive,2024-12-04
33223,Product_3223_3,sports,280.5696165753123,37.860995136852,pending,2024-08-08
33224,Product_3224_3,electronics,861.9885815281103,410.84708816497124,archived,2024-08-21
33225,Product_3225_3,home,639.8388387518083,164.17408457673233,archived,2024-07-27
33226,Product_3226_3,sports,511.38692204885314,140.23432881807003,pending,2024-02-10
33227,Product_3227_3,electronics,907.5531567578348,264.5559756494535,inactive,2024-02-05
33228,Product_3228_3,books,398.5159884808461,185.06317482877216,archived,2024-10-14
33229,Product_3229_3,clothing,47.71348601829399,472.24403691677367,archived,2024-06-14
33230,Product_3230_3,home,530.1804553822708,162.73393735743863,inactive,2024-09-27
33231,Product_3231_3,home,238.71074745142084,65.74722251187941,archived,2024-03-10
33232,Product_3232_3,clothing,112.1917258258849,402.91203208966914,pending,2024-06-17
33233,Product_3233_3,books,108.97686986883511,70.26001124702813,inactive,2024-12-05
33234,Product_3234_3,clothing,323.23777960972114,343.5810601134404,pending,2024-12-21
33235,Product_3235_3,electronics,578.5568204371905,369.8242423593019,pending,2024-04-05
33236,Product_3236_3,books,779.1716122711908,362.55368509382663,active,2024-10-18
33237,Product_3237_3,books,134.20600593614057,210.34866103052633,archived,2024-11-01
33238,Product_3238_3,electronics,694.093762304055,254.82363807191513,pending,2024-11-28
33239,Product_3239_3,home,354.23392121783263,488.499704841848,archived,2024-10-28
33240,Product_3240_3,home,6.096580513175179,175.10428432843256,pending,2024-04-15
33241,Product_3241_3,sports,573.3610469874767,198.0318707582272,active,2024-03-22
33242,Product_3242_3,books,578.6378822854095,32.36020362488668,archived,2024-05-10
33243,Product_3243_3,sports,134.8416106866385,58.00714041675569,active,2024-08-24
33244,Product_3244_3,books,520.6691688323465,480.3018129699719,archived,2024-10-22
33245,Product_3245_3,sports,540.530205266758,412.8704397272679,archived,2024-09-23
33246,Product_3246_3,electronics,293.44370503025453,378.94477478028125,pending,2024-11-21
33247,Product_3247_3,home,222.68382300826278,490.42480348360135,inactive,2024-10-13
33248,Product_3248_3,home,254.8494488516157,362.15453828867464,inactive,2024-12-26
33249,Product_3249_3,electronics,136.90700170650268,481.4117854361374,archived,2024-02-28
33250,Product_3250_3,sports,743.5460767761649,498.51042965964285,active,2024-06-23
33251,Product_3251_3,books,276.28944009374226,319.27557902002917,pending,2024-05-22
33252,Product_3252_3,books,627.6741859215615,175.84195530944925,inactive,2024-05-09
33253,Product_3253_3,electronics,496.3023416589204,284.7027363186348,archived,2024-06-26
33254,Product_3254_3,sports,360.1842991616556,338.99805756780114,archived,2024-10-02
33255,Product_3255_3,sports,222.03594460398065,304.91551783218694,pending,2024-04-21
33256,Product_3256_3,clothing,335.65194004651437,292.0622659928206,pending,2024-01-08
33257,Product_3257_3,home,662.5777348483641,434.4336823778488,active,2024-01-23
33258,Product_3258_3,sports,993.5326243546049,212.8297193232746,archived,2024-02-02
33259,Product_3259_3,clothing,448.49348055585745,127.56169166372815,archived,2024-09-17
33260,Product_3260_3,sports,310.6972951235926,128.32074235865826,active,2024-02-06
33261,Product_3261_3,electronics,116.02749832334828,99.14663922857339,archived,2024-05-25
33262,Product_3262_3,clothing,503.0844224348833,86.01454033159426,active,2024-04-05
33263,Product_3263_3,clothing,349.8136078236307,402.84598685947907,pending,2024-12-05
33264,Product_3264_3,clothing,58.85546658421338,315.37041604105485,pending,2024-09-05
33265,Product_3265_3,clothing,923.2269883274346,409.0227604563386,inactive,2024-09-21
33266,Product_3266_3,books,85.2004896392673,138.71080164696525,inactive,2024-08-05
33267,Product_3267_3,home,740.5185497682988,337.4136244992612,archived,2024-01-06
33268,Product_3268_3,clothing,212.83904960045692,235.66862935114762,inactive,2024-05-25
33269,Product_3269_3,home,481.37096725160654,334.9522841263417,active,2024-05-17
33270,Product_3270_3,electronics,643.353402705301,248.58086741474045,inactive,2024-06-14
33271,Product_3271_3,electronics,923.7678342836795,344.9194151230399,archived,2024-12-08
33272,Product_3272_3,books,269.28375906431546,178.10955675109943,pending,2024-08-10
33273,Product_3273_3,electronics,156.4727295102558,202.68215638734503,active,2024-01-08
33274,Product_3274_3,home,825.8483048809173,341.62999454602607,archived,2024-04-02
33275,Product_3275_3,clothing,786.7242716104305,375.10911371673166,archived,2024-03-19
33276,Product_3276_3,books,85.07268308389979,214.5599080141248,pending,2024-11-06
33277,Product_3277_3,sports,181.54602223704134,214.4342318943546,pending,2024-08-01
33278,Product_3278_3,home,783.4787283105675,424.9657342212184,inactive,2024-06-11
33279,Product_3279_3,books,71.35321685699512,259.29392805276416,archived,2024-11-16
33280,Product_3280_3,home,854.7488801443034,329.8228460550491,active,2024-12-15
33281,Product_3281_3,books,910.0699746395626,489.8356930250888,inactive,2024-05-16
33282,Product_3282_3,clothing,110.11546541846215,352.3172953672763,inactive,2024-02-19
33283,Product_3283_3,electronics,379.1433291160007,225.95729709464058,active,2024-09-12
33284,Product_3284_3,electronics,103.934046415554,47.99951819025924,active,2024-10-02
33285,Product_3285_3,clothing,750.2092706577581,389.0828095631814,inactive,2024-05-22
33286,Product_3286_3,sports,350.72105283273515,354.9684817805378,active,2024-12-02
33287,Product_3287_3,clothing,459.0856489394725,208.60922911541243,active,2024-09-02
33288,Product_3288_3,home,775.66848341939,21.381499297974365,inactive,2024-11-15
33289,Product_3289_3,sports,808.0168849859268,39.10675436978184,archived,2024-08-07
33290,Product_3290_3,home,363.53414843242757,308.60633585015455,archived,2024-11-15
33291,Product_3291_3,sports,294.1258916317257,312.3501720168335,archived,2024-09-14
33292,Product_3292_3,electronics,218.2987642884172,405.06982388985244,pending,2024-04-08
33293,Product_3293_3,sports,207.40583627521198,285.715496607519,inactive,2024-07-08
33294,Product_3294_3,electronics,883.9501026683138,486.977006840274,pending,2024-09-11
33295,Product_3295_3,books,121.83721642540922,113.9912657519496,active,2024-01-26
33296,Product_3296_3,clothing,828.8912265786392,253.35284187236556,archived,2024-12-18
33297,Product_3297_3,clothing,242.43655877735327,473.29115002143965,pending,2024-08-23
33298,Product_3298_3,home,309.5634145904193,42.00393557423774,pending,2024-12-26
33299,Product_3299_3,clothing,41.512897263511555,409.96983235027176,archived,2024-07-15
33300,Product_3300_3,clothing,741.119811724531,374.20701323137416,inactive,2024-02-10
33301,Product_3301_3,books,931.5536301772314,121.73692818961773,active,2024-07-24
33302,Product_3302_3,sports,600.9126490499349,58.24212154059266,pending,2024-10-20
33303,Product_3303_3,sports,273.76089025096644,448.23548089234646,archived,2024-12-16
33304,Product_3304_3,books,810.0483751950464,326.2722992852002,inactive,2024-11-05
33305,Product_3305_3,sports,411.32121407017473,464.45193837733933,pending,2024-10-28
33306,Product_3306_3,books,229.90733085707222,479.07300174936495,pending,2024-01-05
33307,Product_3307_3,sports,997.9281889185293,36.47607093735331,active,2024-10-12
33308,Product_3308_3,electronics,726.0200129337833,30.491525169522973,active,2024-01-03
33309,Product_3309_3,home,172.0898857852479,298.67966530179905,active,2024-07-14
33310,Product_3310_3,books,338.0940400405763,153.40171609313137,pending,2024-09-27
33311,Product_3311_3,electronics,28.954555759450358,498.0807714342508,active,2024-12-12
33312,Product_3312_3,clothing,277.29821463798913,301.89796818556346,active,2024-12-04
33313,Product_3313_3,electronics,505.26417438661446,271.9862342638593,active,2024-03-17
33314,Product_3314_3,electronics,597.0175803388847,133.30127267659992,archived,2024-11-14
33315,Product_3315_3,home,992.434755358604,308.7548916446059,pending,2024-01-07
33316,Product_3316_3,clothing,908.2189083401141,492.5312353416583,archived,2024-07-23
33317,Product_3317_3,home,175.27328557580546,211.17553345704263,archived,2024-11-28
33318,Product_3318_3,sports,413.4234719053769,113.49218147734815,active,2024-07-18
33319,Product_3319_3,sports,976.8453120158206,494.3980429671333,active,2024-05-23
33320,Product_3320_3,electronics,112.01178969546498,106.1869154146249,active,2024-08-06
33321,Product_3321_3,clothing,593.0307704423022,438.8840239268704,archived,2024-03-06
33322,Product_3322_3,clothing,999.0959749786905,246.92598804855862,archived,2024-09-06
33323,Product_3323_3,electronics,86.59787077399466,484.7921041401547,archived,2024-07-09
33324,Product_3324_3,sports,796.7324432737115,13.035298718209813,archived,2024-03-18
33325,Product_3325_3,electronics,148.4021199464111,351.64119432258923,inactive,2024-08-17
33326,Product_3326_3,books,164.73846132453863,253.15387824872755,pending,2024-02-14
33327,Product_3327_3,electronics,543.1580973391682,67.32639893103223,archived,2024-08-05
33328,Product_3328_3,clothing,579.849147615585,170.03161910970297,active,2024-01-26
33329,Product_3329_3,clothing,314.0062625683788,268.92801236049013,inactive,2024-04-23
33330,Product_3330_3,sports,533.3825848879133,257.9895562543551,active,2024-04-03
33331,Product_3331_3,electronics,164.10244898485155,293.58214297836554,pending,2024-11-27
33332,Product_3332_3,clothing,526.1943623669893,81.19130326869308,pending,2024-12-09
33333,Product_3333_3,books,243.43352694555693,200.62381369589744,inactive,2024-04-25
33334,Product_3334_3,electronics,187.7078747116906,134.4396157909813,archived,2024-12-01
33335,Product_3335_3,sports,219.86496560275418,202.69441030266609,active,2024-03-13
33336,Product_3336_3,books,229.3025837085813,246.69859962086016,inactive,2024-11-04
33337,Product_3337_3,sports,957.6033397001047,75.19288455745335,archived,2024-12-27
33338,Product_3338_3,electronics,279.92066316796587,331.1516981435382,active,2024-05-13
33339,Product_3339_3,electronics,355.8118613402392,456.8849555116919,active,2024-02-13
33340,Product_3340_3,clothing,626.5642363007296,34.22569455579789,inactive,2024-12-10
33341,Product_3341_3,books,476.37732861746355,135.17781627615236,archived,2024-10-10
33342,Product_3342_3,clothing,845.6725754073348,376.2870576227301,inactive,2024-04-10
33343,Product_3343_3,electronics,716.8025860182937,185.0741981630253,active,2024-12-28
33344,Product_3344_3,home,630.6889216289029,438.74712290277716,inactive,2024-09-21
33345,Product_3345_3,home,330.2649511455366,159.88910239168158,pending,2024-09-22
33346,Product_3346_3,books,838.0899236934737,170.78205640325427,active,2024-11-19
33347,Product_3347_3,sports,960.8042204365531,194.61199756023828,active,2024-05-03
33348,Product_3348_3,clothing,811.9318410459053,356.5602593357457,inactive,2024-02-06
33349,Product_3349_3,books,281.03665215473035,299.2987386511978,pending,2024-01-20
33350,Product_3350_3,electronics,799.9166704640191,485.69572416152414,pending,2024-02-14
33351,Product_3351_3,sports,289.6172862264926,269.51156668319703,active,2024-02-20
33352,Product_3352_3,books,342.9131676465017,255.2916847581638,pending,2024-11-22
33353,Product_3353_3,home,243.2681495850527,171.60823752171984,pending,2024-03-14
33354,Product_3354_3,clothing,699.0680607561193,474.65912249417534,pending,2024-04-21
33355,Product_3355_3,sports,951.2966568465096,146.18411575195364,inactive,2024-03-13
33356,Product_3356_3,electronics,123.81382943268628,205.97173516753372,inactive,2024-09-18
33357,Product_3357_3,electronics,317.8934920832398,181.8448577437187,inactive,2024-10-28
33358,Product_3358_3,electronics,474.0654641993008,398.22156462883737,archived,2024-05-17
33359,Product_3359_3,sports,572.0778087186363,206.535826216744,pending,2024-01-14
33360,Product_3360_3,sports,703.4345653736073,106.85093675043471,inactive,2024-03-28
33361,Product_3361_3,clothing,623.3808169727033,85.14540857779963,pending,2024-04-20
33362,Product_3362_3,electronics,997.556743499047,483.53541848977704,inactive,2024-12-13
33363,Product_3363_3,books,140.22007329224988,220.2740916144782,inactive,2024-06-05
33364,Product_3364_3,clothing,998.1247755293218,329.3776668680751,archived,2024-04-09
33365,Product_3365_3,sports,608.0930506394734,62.183574111599185,inactive,2024-08-08
33366,Product_3366_3,books,844.1338440104089,159.392249694341,pending,2024-01-06
33367,Product_3367_3,sports,859.6912896137655,77.03701819403761,active,2024-11-07
33368,Product_3368_3,clothing,248.6356149783678,417.29058627982437,active,2024-03-20
33369,Product_3369_3,books,791.3068331187754,361.8238735805644,inactive,2024-06-14
33370,Product_3370_3,home,678.3965632114479,228.73032567980627,archived,2024-01-27
33371,Product_3371_3,electronics,722.6423493107292,257.09248079500094,active,2024-06-26
33372,Product_3372_3,books,830.5855404326496,410.7803228377933,pending,2024-05-25
33373,Product_3373_3,electronics,144.6940027294152,258.50532364977823,active,2024-03-14
33374,Product_3374_3,books,767.6417187842632,31.295399118869444,archived,2024-10-07
33375,Product_3375_3,books,569.8805903870862,200.82974312157128,archived,2024-09-15
33376,Product_3376_3,books,182.1643377515241,17.04475437045839,active,2024-05-28
33377,Product_3377_3,books,742.0910033425487,26.102284599786874,inactive,2024-10-06
33378,Product_3378_3,clothing,200.05122470466344,205.67424606537722,pending,2024-03-15
33379,Product_3379_3,clothing,607.5646151835188,140.4734090276822,archived,2024-06-10
33380,Product_3380_3,clothing,978.5738182334892,20.96095953839999,inactive,2024-05-06
33381,Product_3381_3,books,575.7095944051447,105.06503659852908,active,2024-04-24
33382,Product_3382_3,sports,308.0910060969437,428.78886935045193,inactive,2024-06-24
33383,Product_3383_3,sports,82.47693583031038,328.88081954758064,active,2024-12-09
33384,Product_3384_3,clothing,972.5319195564638,302.658318043365,inactive,2024-07-06
33385,Product_3385_3,books,250.78943702128268,122.4114545563655,pending,2024-03-28
33386,Product_3386_3,home,901.3009083766872,64.07349310666422,inactive,2024-10-05
33387,Product_3387_3,home,770.8360577318474,494.6899310417135,inactive,2024-04-10
33388,Product_3388_3,home,979.2972711804968,468.9554858434975,archived,2024-06-17
33389,Product_3389_3,sports,542.95759870442,112.62793109702243,pending,2024-07-28
33390,Product_3390_3,electronics,725.8602456176255,41.32756814161756,inactive,2024-12-02
33391,Product_3391_3,home,441.5262048265067,157.21557418682067,archived,2024-04-03
33392,Product_3392_3,books,490.7745538782591,51.908371389857535,inactive,2024-10-26
33393,Product_3393_3,electronics,392.87988310789723,111.08612423780703,archived,2024-08-06
33394,Product_3394_3,clothing,465.1415617872638,379.0483408245433,inactive,2024-02-25
33395,Product_3395_3,sports,639.3905524648745,371.00492498145866,active,2024-02-04
33396,Product_3396_3,books,831.9231640190318,159.39521528459713,active,2024-10-14
33397,Product_3397_3,books,68.16002065651239,153.44010248980086,active,2024-08-01
33398,Product_3398_3,clothing,784.2599593548919,434.7833149029397,pending,2024-09-16
33399,Product_3399_3,sports,887.417587432283,317.09098864888216,active,2024-04-28
33400,Product_3400_3,electronics,330.6121143278351,422.5176221838259,inactive,2024-05-08
33401,Product_3401_3,books,905.9049614054919,470.76543598807234,inactive,2024-04-01
33402,Product_3402_3,sports,411.0772106884858,443.05228219729645,pending,2024-05-01
33403,Product_3403_3,home,794.7024724679218,232.2824515176326,archived,2024-10-11
33404,Product_3404_3,sports,70.99858741208045,233.39767854087725,archived,2024-01-24
33405,Product_3405_3,electronics,324.6164194549154,250.9306353634884,archived,2024-11-19
33406,Product_3406_3,sports,5.96267959681002,465.47120518516874,inactive,2024-03-16
33407,Product_3407_3,sports,110.63466480770693,10.911005208702983,pending,2024-03-17
33408,Product_3408_3,electronics,866.2926628257679,197.985050687169,archived,2024-12-11
33409,Product_3409_3,clothing,113.59353157648538,428.2843310910747,pending,2024-06-01
33410,Product_3410_3,clothing,947.0913867936498,210.25958865110445,pending,2024-12-25
33411,Product_3411_3,clothing,972.4195544599546,281.44431417300825,inactive,2024-02-03
33412,Product_3412_3,sports,956.8196227658981,389.5485199203195,archived,2024-08-11
33413,Product_3413_3,clothing,274.2508683845622,92.85550947504356,active,2024-04-15
33414,Product_3414_3,clothing,42.77975527090026,269.2396987997753,active,2024-07-12
33415,Product_3415_3,home,196.27258491961447,66.5892950051549,inactive,2024-06-05
33416,Product_3416_3,books,364.5116344031256,47.46679181166946,active,2024-03-09
33417,Product_3417_3,clothing,697.6641224461249,331.40876737562274,active,2024-02-22
33418,Product_3418_3,sports,412.96579824022547,479.4909213351772,inactive,2024-02-21
33419,Product_3419_3,electronics,659.1868439588841,236.00859296715313,archived,2024-10-14
33420,Product_3420_3,electronics,513.6306819540993,250.8470424366802,pending,2024-03-08
33421,Product_3421_3,clothing,673.457260029396,394.21120533582393,active,2024-11-16
33422,Product_3422_3,electronics,957.6812421716186,276.4002391252953,pending,2024-03-28
33423,Product_3423_3,clothing,967.3130406387425,210.26648610525513,pending,2024-10-18
33424,Product_3424_3,sports,568.6624818650905,494.2214509841761,pending,2024-11-28
33425,Product_3425_3,sports,508.63573643598346,241.20286627698997,pending,2024-01-23
33426,Product_3426_3,sports,537.6394223523761,375.75268311411986,pending,2024-12-16
33427,Product_3427_3,home,545.9814501906383,116.8308254047865,pending,2024-08-27
33428,Product_3428_3,sports,885.1344575897705,294.8953296792969,pending,2024-08-15
33429,Product_3429_3,electronics,693.3875326629791,10.691284397330332,archived,2024-01-08
33430,Product_3430_3,home,51.7183297840919,258.65950627682787,archived,2024-11-03
33431,Product_3431_3,electronics,515.5499099599938,148.06183513866654,pending,2024-01-25
33432,Product_3432_3,books,603.0338890623171,59.12122782984071,pending,2024-06-04
33433,Product_3433_3,home,515.9606522339897,39.50839712360087,pending,2024-10-25
33434,Product_3434_3,electronics,210.6445986101182,184.8314372762418,inactive,2024-04-24
33435,Product_3435_3,electronics,244.57145722412164,497.44949849735127,inactive,2024-12-05
33436,Product_3436_3,home,465.9908568701469,302.9695413035095,active,2024-12-12
33437,Product_3437_3,home,470.40350983977555,157.1504029728228,archived,2024-05-13
33438,Product_3438_3,electronics,911.6594747575016,411.39691809402933,archived,2024-07-23
33439,Product_3439_3,clothing,778.5460849725719,277.3074350746458,inactive,2024-05-02
33440,Product_3440_3,clothing,21.065374283375697,306.93569724924777,active,2024-01-21
33441,Product_3441_3,clothing,33.52690797101361,455.2785978453846,inactive,2024-03-03
33442,Product_3442_3,clothing,277.60844450500764,78.80253894688072,active,2024-09-20
33443,Product_3443_3,books,426.5268093222218,394.2551487513787,pending,2024-06-12
33444,Product_3444_3,home,408.84292105563924,366.4910891988612,archived,2024-12-07
33445,Product_3445_3,sports,651.2272606457185,65.41825174326308,archived,2024-05-18
33446,Product_3446_3,books,249.4324069766626,113.6775929820479,pending,2024-05-04
33447,Product_3447_3,electronics,2.61191653375932,300.40923992119576,archived,2024-08-12
33448,Product_3448_3,home,112.6411266941156,58.751539138755426,archived,2024-07-02
33449,Product_3449_3,electronics,903.0404986199821,408.70450095279574,active,2024-04-12
33450,Product_3450_3,clothing,136.8062481442077,364.7650309577908,pending,2024-10-01
33451,Product_3451_3,clothing,435.0375177228034,328.821505072891,active,2024-07-27
33452,Product_3452_3,sports,661.5162939788693,77.47793801268651,archived,2024-03-15
33453,Product_3453_3,sports,356.8226268467554,266.3823144564801,archived,2024-12-10
33454,Product_3454_3,electronics,917.3301735331988,296.7997391880509,archived,2024-02-04
33455,Product_3455_3,books,709.1655246259843,118.09331075323237,active,2024-07-15
33456,Product_3456_3,clothing,707.5363552742951,404.83512147703823,pending,2024-08-18
33457,Product_3457_3,sports,698.5785808021963,465.2926496230017,pending,2024-02-15
33458,Product_3458_3,home,357.5168728800965,342.5874564381746,inactive,2024-05-26
33459,Product_3459_3,books,825.2673140063207,187.47464947275927,active,2024-05-05
33460,Product_3460_3,clothing,947.5121480981456,390.7808283782422,active,2024-11-25
33461,Product_3461_3,electronics,828.0339391035435,119.28728677158216,pending,2024-04-24
33462,Product_3462_3,sports,673.1162051742166,294.80448674250516,pending,2024-03-02
33463,Product_3463_3,electronics,258.0397587459093,121.64286492752271,inactive,2024-04-25
33464,Product_3464_3,home,614.2622784021382,17.023901432122646,active,2024-09-23
33465,Product_3465_3,home,922.5261255463131,406.115995363242,pending,2024-07-20
33466,Product_3466_3,clothing,666.5437082061561,156.22000944233704,active,2024-08-16
33467,Product_3467_3,electronics,580.9426775444786,443.71932832201566,active,2024-06-23
33468,Product_3468_3,home,575.4339410054927,477.15991404887313,archived,2024-01-06
33469,Product_3469_3,books,791.2135339617428,329.69713654412755,archived,2024-10-09
33470,Product_3470_3,home,911.4119300048225,416.718211106219,active,2024-02-28
33471,Product_3471_3,home,905.4241152973824,361.2198455310434,active,2024-06-04
33472,Product_3472_3,electronics,382.2808830087324,248.8583210837112,archived,2024-12-21
33473,Product_3473_3,books,910.0434202568446,203.93675130547936,inactive,2024-04-15
33474,Product_3474_3,books,923.4280906031362,214.43074117173015,inactive,2024-04-06
33475,Product_3475_3,books,450.4508412097589,100.40106269467712,archived,2024-04-09
33476,Product_3476_3,clothing,866.9100721224162,363.77439502995463,archived,2024-02-18
33477,Product_3477_3,sports,703.508781606063,365.13963780854226,archived,2024-04-16
33478,Product_3478_3,clothing,79.14792911461298,483.3889325579555,active,2024-07-04
33479,Product_3479_3,electronics,88.65268145859945,387.7938091549367,active,2024-12-27
33480,Product_3480_3,electronics,150.0713580431837,186.88780420711655,active,2024-03-17
33481,Product_3481_3,sports,935.2680563882122,270.2967227181449,archived,2024-11-04
33482,Product_3482_3,clothing,946.3979694567462,450.8404477136663,active,2024-04-17
33483,Product_3483_3,electronics,869.1124809337986,376.4967280376294,pending,2024-02-28
33484,Product_3484_3,electronics,747.5607617836372,124.90902854342592,pending,2024-11-22
33485,Product_3485_3,home,12.306393925869992,479.364250676241,active,2024-12-09
33486,Product_3486_3,electronics,745.3884549821106,363.71472758617745,inactive,2024-04-01
33487,Product_3487_3,electronics,947.9809953108411,110.75432186186974,pending,2024-12-07
33488,Product_3488_3,electronics,110.33277358116737,12.267941961136309,pending,2024-08-02
33489,Product_3489_3,home,658.4891796215643,292.64054493934515,pending,2024-04-06
33490,Product_3490_3,home,355.59134859732217,325.33632537514427,active,2024-08-26
33491,Product_3491_3,clothing,532.7441998236919,329.53544130298303,archived,2024-02-05
33492,Product_3492_3,home,581.7459605950437,401.29544084483337,inactive,2024-05-17
33493,Product_3493_3,electronics,944.8177563846987,288.8719061387639,pending,2024-07-23
33494,Product_3494_3,sports,633.2240175510923,105.05020040714027,active,2024-11-25
33495,Product_3495_3,electronics,845.4735718934251,31.178649268796974,active,2024-01-03
33496,Product_3496_3,home,990.9887916846268,300.57365262481494,active,2024-03-02
33497,Product_3497_3,home,669.4759106960266,495.27735697629515,inactive,2024-07-13
33498,Product_3498_3,clothing,806.1765168357401,240.6200744023445,inactive,2024-04-15
33499,Product_3499_3,books,642.4388053263798,331.2776305938309,archived,2024-12-18
33500,Product_3500_3,clothing,959.8603837191595,315.6271594341405,archived,2024-03-15
33501,Product_3501_3,books,46.27348565926598,316.69040196550264,active,2024-05-27
33502,Product_3502_3,electronics,432.36612944326373,419.96458313266527,archived,2024-02-06
33503,Product_3503_3,clothing,704.4341657569969,98.74459892015274,archived,2024-09-16
33504,Product_3504_3,clothing,398.461781541489,375.5620524672961,inactive,2024-12-17
33505,Product_3505_3,home,43.825414433631224,487.51580866018793,inactive,2024-01-25
33506,Product_3506_3,home,870.326588158779,287.56666378194114,active,2024-05-23
33507,Product_3507_3,books,520.7881520947885,120.87211574903601,inactive,2024-03-05
33508,Product_3508_3,sports,892.4665455181408,365.9631803032542,active,2024-08-23
33509,Product_3509_3,home,547.2172134637868,158.00829076774767,archived,2024-01-19
33510,Product_3510_3,electronics,673.7850597805165,104.59556061146895,inactive,2024-05-06
33511,Product_3511_3,electronics,666.4780703248347,242.91229443824375,active,2024-06-08
33512,Product_3512_3,books,135.12675824459052,200.79803532194842,inactive,2024-08-09
33513,Product_3513_3,home,745.7420839486073,267.48336146313864,archived,2024-01-22
33514,Product_3514_3,home,944.5062355236294,126.30243014092196,active,2024-07-06
33515,Product_3515_3,books,472.93266141152253,159.51251638871534,inactive,2024-10-05
33516,Product_3516_3,home,1.588614306031074,462.3503003045624,pending,2024-05-10
33517,Product_3517_3,electronics,75.30374584915569,258.36834776810383,pending,2024-12-04
33518,Product_3518_3,books,360.47489595270696,477.2699741858197,inactive,2024-08-04
33519,Product_3519_3,electronics,155.7068824507928,291.58102764721434,active,2024-10-13
33520,Product_3520_3,books,64.6727629942452,453.6805916229038,pending,2024-08-13
33521,Product_3521_3,books,943.7190456066118,290.07791839169636,inactive,2024-09-03
33522,Product_3522_3,home,817.7819476245282,353.21568356598783,inactive,2024-08-28
33523,Product_3523_3,electronics,236.50224517702338,476.0636097174955,pending,2024-07-24
33524,Product_3524_3,clothing,921.1178515315692,168.22583620148305,pending,2024-12-24
33525,Product_3525_3,electronics,585.5815259844368,480.6191165141631,archived,2024-02-25
33526,Product_3526_3,electronics,221.53841657198157,288.327186597755,inactive,2024-05-07
33527,Product_3527_3,books,167.65373501016455,296.44021331532963,archived,2024-04-28
33528,Product_3528_3,electronics,927.0828454943093,304.7775852318029,archived,2024-11-24
33529,Product_3529_3,books,373.33008371280147,437.9172313047296,inactive,2024-01-23
33530,Product_3530_3,electronics,761.5392604536041,58.57851165839498,archived,2024-02-25
33531,Product_3531_3,sports,107.24852860693834,91.81713037533241,inactive,2024-06-26
33532,Product_3532_3,electronics,500.43811201691454,258.15358494295333,pending,2024-09-03
33533,Product_3533_3,home,80.988917385935,424.5530858859716,inactive,2024-10-14
33534,Product_3534_3,books,337.9506716213786,439.76378661071044,archived,2024-05-28
33535,Product_3535_3,sports,966.3652392148997,181.23764119524134,inactive,2024-10-21
33536,Product_3536_3,sports,772.438679625849,147.2059758841771,inactive,2024-10-06
33537,Product_3537_3,sports,275.51696341491294,465.46088981292127,archived,2024-02-15
33538,Product_3538_3,clothing,726.5153693540225,216.0584654182738,archived,2024-09-13
33539,Product_3539_3,sports,739.7569983851893,154.6298918968056,archived,2024-03-03
33540,Product_3540_3,sports,946.7979419445551,335.38264371785766,pending,2024-04-13
33541,Product_3541_3,books,814.7789942139844,293.28962543651375,pending,2024-11-16
33542,Product_3542_3,clothing,164.54915039809023,423.557804775827,archived,2024-09-28
33543,Product_3543_3,home,862.7371877431669,17.871929195061742,pending,2024-01-09
33544,Product_3544_3,clothing,240.6624831222863,285.1865197575402,archived,2024-12-05
33545,Product_3545_3,clothing,87.77300596739346,136.86944447640812,inactive,2024-07-06
33546,Product_3546_3,electronics,971.5377089935945,222.82498053666157,inactive,2024-03-11
33547,Product_3547_3,books,896.4718892007802,355.03477366459094,inactive,2024-05-13
33548,Product_3548_3,home,587.6539225932156,311.97583739733517,pending,2024-04-07
33549,Product_3549_3,home,346.6123866198916,86.12295162351538,inactive,2024-07-22
33550,Product_3550_3,electronics,377.88306645190846,380.3458365176611,inactive,2024-03-27
33551,Product_3551_3,books,742.2119147170889,320.49663110846524,archived,2024-09-12
33552,Product_3552_3,sports,925.0420800275598,124.29440412145493,inactive,2024-05-02
33553,Product_3553_3,home,696.4004688913826,372.10474073687,pending,2024-06-07
33554,Product_3554_3,electronics,815.9963709394705,435.9411849834109,inactive,2024-04-28
33555,Product_3555_3,sports,345.2140866125283,378.5908807193557,pending,2024-09-12
33556,Product_3556_3,electronics,952.6318268969881,337.1036467823318,inactive,2024-10-09
33557,Product_3557_3,home,109.69049967789759,135.97158547566187,archived,2024-12-20
33558,Product_3558_3,sports,318.9668140699464,37.86451973989021,archived,2024-07-15
33559,Product_3559_3,home,564.227175567181,285.92123581058934,pending,2024-11-03
33560,Product_3560_3,electronics,646.8554157353392,87.30611667696083,active,2024-08-23
33561,Product_3561_3,electronics,476.86852044717585,232.73596988427747,inactive,2024-08-13
33562,Product_3562_3,sports,637.0987186946355,422.7777012658283,archived,2024-04-21
33563,Product_3563_3,home,894.0161459812018,269.60696828760985,archived,2024-02-22
33564,Product_3564_3,sports,494.6301974895392,416.0767406862914,pending,2024-10-12
33565,Product_3565_3,books,572.5902726247983,157.7536473100842,inactive,2024-09-08
33566,Product_3566_3,sports,664.3895829424084,346.3914534910901,pending,2024-09-08
33567,Product_3567_3,home,970.9772733257232,272.2813853294773,active,2024-02-14
33568,Product_3568_3,home,347.24671481743445,328.11798840510556,active,2024-10-20
33569,Product_3569_3,electronics,575.4007971358268,162.31858691600237,active,2024-10-24
33570,Product_3570_3,electronics,189.82526994839816,64.39100021259114,active,2024-05-24
33571,Product_3571_3,home,728.1893963197599,182.17954572995998,archived,2024-07-03
33572,Product_3572_3,sports,306.57243723248575,193.42431350156605,pending,2024-04-10
33573,Product_3573_3,clothing,516.570325738873,123.23241628128656,pending,2024-01-09
33574,Product_3574_3,sports,756.878399217291,304.01632520810716,archived,2024-10-07
33575,Product_3575_3,electronics,687.2077750838904,186.19031434100683,active,2024-08-23
33576,Product_3576_3,home,924.7969538566381,154.7368424328121,pending,2024-09-06
33577,Product_3577_3,sports,261.5074129506446,174.7194657939106,archived,2024-09-15
33578,Product_3578_3,books,278.72218108638305,128.2387258387107,inactive,2024-05-12
33579,Product_3579_3,books,323.9708030918509,70.40791447081656,pending,2024-07-21
33580,Product_3580_3,clothing,880.1717533246218,417.9918635248076,inactive,2024-09-19
33581,Product_3581_3,sports,337.37681476035687,480.84241840964893,active,2024-04-18
33582,Product_3582_3,clothing,221.26940046582288,483.4589255648794,pending,2024-02-12
33583,Product_3583_3,electronics,302.94646134861745,458.74934939147687,active,2024-01-02
33584,Product_3584_3,home,734.8706992492919,463.07896371349176,archived,2024-05-26
33585,Product_3585_3,electronics,918.6962782525975,452.82111758493886,pending,2024-07-08
33586,Product_3586_3,books,973.4568775971056,50.0635801696315,pending,2024-09-01
33587,Product_3587_3,books,850.5724912828599,393.19230087558736,active,2024-10-08
33588,Product_3588_3,home,542.8200289574326,108.6171139240596,archived,2024-08-23
33589,Product_3589_3,sports,939.8055385692602,257.0950646678888,active,2024-04-09
33590,Product_3590_3,clothing,134.31403442331847,399.82305287147153,inactive,2024-10-27
33591,Product_3591_3,sports,857.0765382088074,106.01166587425058,inactive,2024-08-22
33592,Product_3592_3,electronics,967.694447585348,421.8064453718656,active,2024-12-04
33593,Product_3593_3,sports,799.4972525107205,451.840305065687,archived,2024-06-06
33594,Product_3594_3,electronics,643.354156946914,390.41142260458435,pending,2024-07-16
33595,Product_3595_3,electronics,381.8489225001705,407.5136371972495,archived,2024-11-11
33596,Product_3596_3,home,379.2287922554263,245.051201566561,inactive,2024-03-10
33597,Product_3597_3,books,362.9071019618218,156.28617493171475,active,2024-03-27
33598,Product_3598_3,clothing,973.2895125962388,351.7576464620712,pending,2024-06-15
33599,Product_3599_3,electronics,430.630222549132,368.92395764096347,inactive,2024-04-07
33600,Product_3600_3,sports,397.1209907204123,70.69592647280285,pending,2024-04-20
33601,Product_3601_3,electronics,349.6896837417135,156.95549182609986,archived,2024-07-18
33602,Product_3602_3,home,304.1941311266956,472.5643878540419,inactive,2024-10-15
33603,Product_3603_3,electronics,661.9486166273877,101.59359905749531,active,2024-11-12
33604,Product_3604_3,electronics,164.87182252109406,58.74116372810113,inactive,2024-12-25
33605,Product_3605_3,home,737.9386081373322,430.0120987550001,active,2024-06-13
33606,Product_3606_3,home,874.8710339023401,159.50061415740612,inactive,2024-04-07
33607,Product_3607_3,electronics,417.67537924466404,357.2224773073322,inactive,2024-06-07
33608,Product_3608_3,clothing,110.93047665373022,106.13209259554722,active,2024-04-14
33609,Product_3609_3,electronics,856.679200532893,159.6613185770467,archived,2024-04-10
33610,Product_3610_3,clothing,136.46869348035608,11.87273093133974,pending,2024-10-25
33611,Product_3611_3,sports,801.7788610809538,400.23885155578563,inactive,2024-09-28
33612,Product_3612_3,clothing,123.43310724881941,358.14190795891693,pending,2024-10-25
33613,Product_3613_3,home,488.55995164983295,68.30706124917035,archived,2024-03-01
33614,Product_3614_3,books,944.6816785822023,302.5016185403465,inactive,2024-09-28
33615,Product_3615_3,home,303.98011542566627,491.24592991651525,active,2024-04-23
33616,Product_3616_3,books,485.10789959188264,381.1000785651747,inactive,2024-12-21
33617,Product_3617_3,clothing,335.8016809134576,398.0044823505405,active,2024-01-19
33618,Product_3618_3,home,178.912989535495,284.1811766561659,pending,2024-07-12
33619,Product_3619_3,books,311.7806337690721,59.49512097153897,inactive,2024-08-09
33620,Product_3620_3,books,661.4764700522212,274.58792731375485,active,2024-06-02
33621,Product_3621_3,books,687.2902985993577,260.2923387159174,inactive,2024-05-28
33622,Product_3622_3,home,251.43158591255042,142.86504206731965,active,2024-10-15
33623,Product_3623_3,sports,213.884181254324,492.1596553558831,archived,2024-07-18
33624,Product_3624_3,home,552.6482531111749,110.59572731763012,active,2024-02-18
33625,Product_3625_3,clothing,908.8202697598474,496.68089115909964,active,2024-07-11
33626,Product_3626_3,books,697.4519624077113,119.95448274279744,inactive,2024-03-27
33627,Product_3627_3,sports,615.568492246186,171.6761276519279,inactive,2024-04-23
33628,Product_3628_3,electronics,112.35654421572083,293.99630289455985,archived,2024-08-20
33629,Product_3629_3,home,596.2660429988678,222.97773461238043,archived,2024-09-11
33630,Product_3630_3,clothing,705.4236136317777,327.00357230039424,inactive,2024-09-08
33631,Product_3631_3,sports,450.8075271698917,133.88635799480798,archived,2024-03-24
33632,Product_3632_3,clothing,768.4284751612233,230.4397769639854,pending,2024-09-05
33633,Product_3633_3,clothing,303.28014573926197,241.3124652122425,inactive,2024-07-28
33634,Product_3634_3,sports,191.56687250079403,441.5014886618261,archived,2024-02-22
33635,Product_3635_3,books,739.5300922559,128.87515645305888,pending,2024-05-05
33636,Product_3636_3,home,117.16378093557327,202.9332245987567,active,2024-09-12
33637,Product_3637_3,sports,814.6541259135249,164.0003219117892,pending,2024-05-04
33638,Product_3638_3,clothing,500.4739571662917,305.2226688049865,active,2024-02-18
33639,Product_3639_3,sports,461.7035867973108,313.26559226384967,active,2024-01-23
33640,Product_3640_3,sports,456.46605475264914,203.10312488041993,inactive,2024-11-21
33641,Product_3641_3,electronics,986.126494549897,416.1222081226866,active,2024-12-22
33642,Product_3642_3,clothing,535.272646911397,477.429694521281,pending,2024-06-17
33643,Product_3643_3,sports,475.27460743555184,209.46495917570977,archived,2024-11-13
33644,Product_3644_3,books,594.121118773098,42.72737543107045,pending,2024-06-05
33645,Product_3645_3,books,276.33818803703355,296.90647892694744,active,2024-07-24
33646,Product_3646_3,clothing,819.4820060076778,46.102073208088534,inactive,2024-01-28
33647,Product_3647_3,clothing,67.3851326901194,496.344943354086,archived,2024-02-21
33648,Product_3648_3,sports,107.73193992375727,191.94631302272253,archived,2024-01-24
33649,Product_3649_3,electronics,738.5776605584006,275.083587552374,inactive,2024-09-05
33650,Product_3650_3,books,784.6741345038545,262.32272287658157,pending,2024-05-03
33651,Product_3651_3,home,367.1081459288208,226.26103008561367,inactive,2024-01-02
33652,Product_3652_3,sports,567.1325262869469,35.708941015720754,pending,2024-03-17
33653,Product_3653_3,sports,131.31317978793263,305.72405471411935,archived,2024-11-22
33654,Product_3654_3,home,619.0688200006557,181.09471520728053,inactive,2024-09-06
33655,Product_3655_3,books,954.066418692007,437.1752587072259,active,2024-08-08
33656,Product_3656_3,books,475.69289282534487,475.3682463777659,active,2024-01-16
33657,Product_3657_3,sports,668.7755880899892,144.95541003499864,inactive,2024-08-03
33658,Product_3658_3,books,217.41065519799756,208.51444158278372,archived,2024-08-21
33659,Product_3659_3,electronics,944.142772701902,344.76625752424627,inactive,2024-03-21
33660,Product_3660_3,electronics,983.775542323534,305.87344908313116,active,2024-08-11
33661,Product_3661_3,books,349.7689173292848,43.477797329988086,pending,2024-03-11
33662,Product_3662_3,sports,428.8810485975945,78.85456602802768,active,2024-05-15
33663,Product_3663_3,books,8.797329051172309,123.62615105652759,inactive,2024-08-11
33664,Product_3664_3,clothing,536.2304269056095,310.0347946305378,archived,2024-03-13
33665,Product_3665_3,books,989.7240606633679,210.4857945020287,pending,2024-03-20
33666,Product_3666_3,clothing,124.30176707880999,395.21649816131736,pending,2024-10-01
33667,Product_3667_3,books,271.7671698704093,492.7554101929084,pending,2024-05-17
33668,Product_3668_3,books,428.6969611162733,292.10577078312326,active,2024-05-19
33669,Product_3669_3,clothing,91.49768158184729,117.73662679403866,pending,2024-02-06
33670,Product_3670_3,books,63.34517336380344,203.20298974106362,active,2024-06-25
33671,Product_3671_3,electronics,339.2801979159611,143.19490357983665,active,2024-07-05
33672,Product_3672_3,sports,764.5836761352782,205.68612598037848,archived,2024-11-18
33673,Product_3673_3,home,477.598284636325,156.0763171179448,inactive,2024-02-20
33674,Product_3674_3,clothing,30.94458248629928,249.771672350597,pending,2024-01-12
33675,Product_3675_3,home,543.7662796375935,492.38756837136333,pending,2024-10-04
33676,Product_3676_3,books,673.9445990814821,366.73151814464035,archived,2024-01-27
33677,Product_3677_3,electronics,955.5927924984885,122.90183650169855,pending,2024-06-23
33678,Product_3678_3,books,309.29199870574143,141.64762029557582,active,2024-09-02
33679,Product_3679_3,home,336.3726264096345,401.77068443529055,inactive,2024-09-08
33680,Product_3680_3,sports,252.72088191891422,213.58195134158797,archived,2024-03-27
33681,Product_3681_3,books,993.5285520394859,418.3586480324791,pending,2024-12-04
33682,Product_3682_3,sports,820.6603326578644,151.90450870728793,active,2024-12-21
33683,Product_3683_3,electronics,980.7952578079797,96.59349486763213,inactive,2024-10-02
33684,Product_3684_3,electronics,507.0124508810905,15.490339778842639,pending,2024-10-10
33685,Product_3685_3,clothing,449.24004307905756,348.2560895777387,active,2024-12-15
33686,Product_3686_3,clothing,519.152471876085,328.6504514458593,archived,2024-03-26
33687,Product_3687_3,home,420.86714720961265,485.8314790029404,archived,2024-06-14
33688,Product_3688_3,electronics,565.3060773973247,173.99056996861228,inactive,2024-06-06
33689,Product_3689_3,clothing,560.86862423547,260.8732362749605,inactive,2024-06-06
33690,Product_3690_3,electronics,902.6808460282532,251.97490588135298,archived,2024-05-11
33691,Product_3691_3,clothing,780.5436422072461,126.76355827466443,archived,2024-02-14
33692,Product_3692_3,sports,49.892548449960984,242.91097203725133,pending,2024-06-16
33693,Product_3693_3,books,794.428494272545,51.911051547789654,archived,2024-05-19
33694,Product_3694_3,electronics,887.0637675850717,190.10251994094656,archived,2024-10-05
33695,Product_3695_3,electronics,701.3091525403153,47.054171267533135,active,2024-06-21
33696,Product_3696_3,home,91.60283256033392,369.631037063136,active,2024-06-22
33697,Product_3697_3,clothing,891.0437226845077,327.1715742234253,archived,2024-05-01
33698,Product_3698_3,clothing,549.8891133290338,108.13903683650946,active,2024-06-08
33699,Product_3699_3,books,355.8165097985611,485.1071027871345,active,2024-03-16
33700,Product_3700_3,books,229.74785663800864,297.8170657332256,inactive,2024-05-25
33701,Product_3701_3,clothing,781.2738514019024,469.4714849556097,archived,2024-07-07
33702,Product_3702_3,clothing,155.8451272191897,98.2880972624437,pending,2024-08-23
33703,Product_3703_3,clothing,592.4525581742349,111.87385380545291,active,2024-12-16
33704,Product_3704_3,sports,602.8977146124721,213.99780604744893,pending,2024-11-19
33705,Product_3705_3,home,706.8331398359234,137.5341746598849,inactive,2024-10-18
33706,Product_3706_3,sports,457.967083906876,22.378420217283306,pending,2024-03-14
33707,Product_3707_3,electronics,912.9920706619772,397.13598490226883,pending,2024-02-03
33708,Product_3708_3,clothing,926.2879970909324,106.65831495697711,pending,2024-04-26
33709,Product_3709_3,books,670.6595729078148,340.23111982552444,pending,2024-10-21
33710,Product_3710_3,clothing,570.8211917592196,98.10528568271285,inactive,2024-04-13
33711,Product_3711_3,home,706.7188250966196,258.5005170521171,active,2024-11-26
33712,Product_3712_3,home,78.80299906544289,156.42371221664897,active,2024-10-13
33713,Product_3713_3,books,905.8175688960655,458.0363049564895,archived,2024-01-02
33714,Product_3714_3,electronics,154.5672377702047,367.1126076749109,archived,2024-12-20
33715,Product_3715_3,clothing,749.3639940224175,48.795304679402186,active,2024-10-06
33716,Product_3716_3,clothing,12.070600559891993,74.70645152730823,inactive,2024-08-06
33717,Product_3717_3,books,228.24180124426906,178.83436084343933,archived,2024-01-12
33718,Product_3718_3,clothing,79.81896271028882,328.43370134554976,active,2024-12-09
33719,Product_3719_3,sports,729.4441530320454,318.33287136211476,archived,2024-04-03
33720,Product_3720_3,clothing,945.8944319559188,376.29615408472637,pending,2024-09-26
33721,Product_3721_3,books,26.937666646895128,416.0547759823359,pending,2024-09-08
33722,Product_3722_3,electronics,381.5554567039772,60.54593269265967,inactive,2024-04-25
33723,Product_3723_3,electronics,712.8148540866516,299.6165048981201,inactive,2024-09-18
33724,Product_3724_3,sports,237.4646062725463,122.20450735225327,active,2024-03-02
33725,Product_3725_3,electronics,219.63831932660665,199.23133339234184,inactive,2024-10-25
33726,Product_3726_3,books,65.42774607539616,328.17541381029974,pending,2024-12-17
33727,Product_3727_3,electronics,744.6724696128236,128.02240369364597,archived,2024-03-04
33728,Product_3728_3,sports,97.09670208133703,399.1235684091061,inactive,2024-06-10
33729,Product_3729_3,electronics,462.73452352969844,65.13446421781074,inactive,2024-03-04
33730,Product_3730_3,clothing,552.5915948135058,51.59075850973279,archived,2024-01-27
33731,Product_3731_3,electronics,76.65114041718873,380.70950966451454,active,2024-03-12
33732,Product_3732_3,clothing,649.6663781766462,394.41452808702263,pending,2024-12-15
33733,Product_3733_3,clothing,902.0173390449623,476.02043195314343,pending,2024-10-14
33734,Product_3734_3,sports,233.51648929577775,317.0736762250451,active,2024-10-22
33735,Product_3735_3,clothing,481.9342266685906,472.4853201129809,pending,2024-04-25
33736,Product_3736_3,electronics,739.972151954104,232.68022196679428,active,2024-06-20
33737,Product_3737_3,clothing,60.13318903132157,60.60109035331576,inactive,2024-02-12
33738,Product_3738_3,books,611.7963049445401,283.1233329158878,pending,2024-09-06
33739,Product_3739_3,clothing,565.7861429670879,363.74481382369964,pending,2024-03-04
33740,Product_3740_3,electronics,874.6997905570565,495.5903479181388,pending,2024-06-01
33741,Product_3741_3,home,13.786257070856637,234.03483316539536,inactive,2024-09-18
33742,Product_3742_3,home,467.0942567574817,264.96711398582045,archived,2024-06-14
33743,Product_3743_3,electronics,724.2069922974811,429.66074082882864,inactive,2024-07-23
33744,Product_3744_3,books,7.233083963457181,343.2929126422438,active,2024-10-01
33745,Product_3745_3,sports,678.6165480272952,328.1360338748105,archived,2024-01-21
33746,Product_3746_3,clothing,862.9966388095309,280.13637441853564,active,2024-03-21
33747,Product_3747_3,home,857.5821650444447,238.19726266665276,active,2024-11-12
33748,Product_3748_3,clothing,897.5768835669015,264.5637391239313,pending,2024-08-24
33749,Product_3749_3,clothing,407.89215562658353,477.68364897197876,pending,2024-03-13
33750,Product_3750_3,sports,101.65609338066298,241.50839695257542,active,2024-03-05
33751,Product_3751_3,sports,725.9872510426,236.61398901645654,pending,2024-12-16
33752,Product_3752_3,home,519.5916271973133,128.28335552072193,active,2024-04-19
33753,Product_3753_3,home,423.8366123826601,49.80558543965617,inactive,2024-03-03
33754,Product_3754_3,sports,718.5016004099986,181.25714259641987,active,2024-08-05
33755,Product_3755_3,electronics,550.0065229388013,347.942721646029,inactive,2024-05-21
33756,Product_3756_3,sports,897.6514219403997,455.1718065739978,archived,2024-12-19
33757,Product_3757_3,electronics,89.12210686983263,207.1372430920752,archived,2024-08-02
33758,Product_3758_3,sports,423.0496272304365,130.17983444633455,inactive,2024-07-24
33759,Product_3759_3,clothing,698.2774944788091,143.06139845969403,archived,2024-09-26
33760,Product_3760_3,clothing,499.9696493169294,109.22999406536918,inactive,2024-09-08
33761,Product_3761_3,books,911.1107140108811,31.61034165850105,inactive,2024-09-10
33762,Product_3762_3,home,783.3340703611581,434.6224776785833,archived,2024-04-24
33763,Product_3763_3,sports,747.0611289101525,170.41399459876985,active,2024-04-16
33764,Product_3764_3,electronics,775.6526516107683,250.3113954417958,archived,2024-09-06
33765,Product_3765_3,electronics,930.7178287961611,62.75723227289969,active,2024-03-03
33766,Product_3766_3,sports,971.229485560486,304.32745321342514,inactive,2024-04-11
33767,Product_3767_3,home,659.887765613391,248.1173155055439,active,2024-09-03
33768,Product_3768_3,electronics,474.9784893039035,240.3836404629306,active,2024-06-27
33769,Product_3769_3,sports,117.42436873218324,116.25998569941937,pending,2024-01-03
33770,Product_3770_3,electronics,298.0640497909997,357.5051651264428,active,2024-07-08
33771,Product_3771_3,books,376.14683940691503,65.92284455504361,pending,2024-03-25
33772,Product_3772_3,electronics,637.7980282551803,131.4918896747496,inactive,2024-10-10
33773,Product_3773_3,books,216.11611506699725,47.60292954821388,pending,2024-02-19
33774,Product_3774_3,home,277.1880848175694,278.8529290539541,archived,2024-02-02
33775,Product_3775_3,clothing,539.6332855974961,237.71383523099138,inactive,2024-09-23
33776,Product_3776_3,home,666.9364247855598,45.02734704230029,archived,2024-11-08
33777,Product_3777_3,clothing,850.9013226541025,258.3567097382461,pending,2024-10-19
33778,Product_3778_3,home,721.5163030365119,490.9713835192821,pending,2024-03-12
33779,Product_3779_3,sports,61.52758587708689,83.35976373710939,pending,2024-01-01
33780,Product_3780_3,electronics,641.6516280507716,211.39618529197116,active,2024-08-14
33781,Product_3781_3,sports,539.2543706221289,225.19761083102017,pending,2024-04-27
33782,Product_3782_3,electronics,106.95093058415858,492.1284821766045,pending,2024-04-21
33783,Product_3783_3,electronics,995.4425925711538,71.13350166172151,inactive,2024-08-01
33784,Product_3784_3,home,805.0698099083162,38.67613652740702,archived,2024-07-28
33785,Product_3785_3,home,454.8330073505384,168.02389817374203,active,2024-04-09
33786,Product_3786_3,electronics,112.3310522497528,108.6187023192881,archived,2024-08-06
33787,Product_3787_3,home,23.336771683121764,287.9014392850121,archived,2024-04-08
33788,Product_3788_3,electronics,360.03611079900384,273.735861326785,archived,2024-01-02
33789,Product_3789_3,books,560.1689719528123,390.93534888471464,pending,2024-04-23
33790,Product_3790_3,electronics,614.3572039939278,65.47892976109381,pending,2024-08-25
33791,Product_3791_3,books,146.91314324673095,477.1960828271488,pending,2024-03-01
33792,Product_3792_3,home,446.5134098587429,281.11863164793954,archived,2024-03-22
33793,Product_3793_3,books,912.0619421433381,126.75740438616053,inactive,2024-10-01
33794,Product_3794_3,books,42.791369493920214,184.0388557139031,pending,2024-05-04
33795,Product_3795_3,books,88.13752083251846,322.08036414194095,inactive,2024-03-19
33796,Product_3796_3,clothing,307.73476434303655,269.9967312051482,inactive,2024-09-10
33797,Product_3797_3,sports,87.8877299547798,262.96742828246,pending,2024-10-08
33798,Product_3798_3,sports,565.8194104811985,397.85106535010647,pending,2024-03-23
33799,Product_3799_3,sports,601.4271630695213,40.194512696770715,active,2024-05-24
33800,Product_3800_3,home,32.05523673385237,459.076785502461,inactive,2024-11-24
33801,Product_3801_3,sports,565.3520485314807,399.4680590589841,inactive,2024-07-19
33802,Product_3802_3,home,862.0392901307084,88.44861454817614,active,2024-05-08
33803,Product_3803_3,clothing,513.3594191229031,22.398902760383102,inactive,2024-04-15
33804,Product_3804_3,books,577.2716204954926,214.61464768724483,inactive,2024-09-02
33805,Product_3805_3,clothing,549.8676442402641,227.00646777464144,inactive,2024-04-25
33806,Product_3806_3,clothing,683.0008637881165,73.89786741063594,inactive,2024-12-09
33807,Product_3807_3,clothing,303.8468614157566,464.0845973451328,inactive,2024-07-22
33808,Product_3808_3,clothing,62.2404135594541,184.89732147805702,pending,2024-03-10
33809,Product_3809_3,clothing,677.4057631016514,273.9172866585756,archived,2024-10-17
33810,Product_3810_3,books,772.3686641666706,256.3255704808622,archived,2024-11-05
33811,Product_3811_3,home,405.7692127265323,42.70254401172616,inactive,2024-01-11
33812,Product_3812_3,clothing,685.2906240001947,268.63851498514396,inactive,2024-05-21
33813,Product_3813_3,sports,408.7223951483411,59.913745299053865,archived,2024-02-27
33814,Product_3814_3,home,141.6447914161404,417.02865879726636,active,2024-01-11
33815,Product_3815_3,sports,868.6705192017955,124.77157120964257,pending,2024-11-11
33816,Product_3816_3,clothing,565.7477783719232,495.006366373675,pending,2024-11-26
33817,Product_3817_3,books,424.6904195358173,132.33387972851946,inactive,2024-07-01
33818,Product_3818_3,sports,978.67637092556,152.44572084028073,pending,2024-05-14
33819,Product_3819_3,sports,684.5029953271157,137.27947592056017,pending,2024-01-04
33820,Product_3820_3,clothing,99.7795778037753,262.4587887955121,inactive,2024-02-18
33821,Product_3821_3,home,851.2833823543446,199.70279248352284,archived,2024-06-10
33822,Product_3822_3,home,987.3459855692479,151.31845524771865,archived,2024-08-13
33823,Product_3823_3,home,195.28342390668263,59.50584472481657,inactive,2024-12-11
33824,Product_3824_3,books,609.7417505508242,199.3921224643446,inactive,2024-12-25
33825,Product_3825_3,sports,975.4291520970568,448.9827342956764,pending,2024-02-13
33826,Product_3826_3,electronics,356.4700964887856,375.6949028708925,inactive,2024-10-17
33827,Product_3827_3,sports,680.7727455716481,293.01915797979206,pending,2024-03-18
33828,Product_3828_3,books,706.2021476304398,267.06610839682077,inactive,2024-06-05
33829,Product_3829_3,books,83.27346354641173,277.14235176166744,active,2024-02-24
33830,Product_3830_3,electronics,351.5685298664151,384.3879852257544,active,2024-06-12
33831,Product_3831_3,home,376.1931565068737,349.0976958667926,active,2024-09-12
33832,Product_3832_3,home,908.1962216007819,378.2134374892727,active,2024-03-16
33833,Product_3833_3,books,648.8745617347216,358.0757616451733,active,2024-12-19
33834,Product_3834_3,clothing,633.8700397856089,164.03554473899138,pending,2024-10-09
33835,Product_3835_3,books,67.65970131883863,84.78977244296814,active,2024-07-11
33836,Product_3836_3,home,518.5295687205304,52.40274449726136,inactive,2024-03-12
33837,Product_3837_3,home,140.7284149603022,90.43527320753434,active,2024-02-04
33838,Product_3838_3,electronics,764.737962300552,407.2795808389848,pending,2024-06-16
33839,Product_3839_3,home,793.7435300835054,337.4163015598906,pending,2024-04-24
33840,Product_3840_3,books,182.89284466637304,369.21539892812615,archived,2024-02-27
33841,Product_3841_3,books,804.1176883753245,342.91296790561637,active,2024-11-24
33842,Product_3842_3,electronics,478.0517677795723,135.31917618469686,pending,2024-01-05
33843,Product_3843_3,books,238.08004916414026,168.88505300450947,inactive,2024-02-08
33844,Product_3844_3,sports,76.47377986577995,132.70364833878017,archived,2024-01-14
33845,Product_3845_3,books,305.3707157670044,274.5153999637872,inactive,2024-04-19
33846,Product_3846_3,clothing,414.56157615580446,475.22551574288553,archived,2024-09-04
33847,Product_3847_3,books,252.03943839598662,288.689014685145,archived,2024-04-12
33848,Product_3848_3,books,712.821150198911,44.266183504181534,archived,2024-10-18
33849,Product_3849_3,sports,535.8737307829093,400.443193073029,active,2024-11-18
33850,Product_3850_3,electronics,814.0618704687286,318.60251921963027,pending,2024-01-22
33851,Product_3851_3,clothing,923.8439090474044,495.4489704113755,pending,2024-08-06
33852,Product_3852_3,home,915.1848910371018,481.054405758083,pending,2024-03-25
33853,Product_3853_3,home,51.76399353969659,78.00182373604154,pending,2024-10-27
33854,Product_3854_3,home,409.9576088949095,401.0026083153853,active,2024-11-16
33855,Product_3855_3,books,87.75104821683757,488.53224021822984,active,2024-12-19
33856,Product_3856_3,electronics,888.8181401435157,57.61556143404884,archived,2024-12-18
33857,Product_3857_3,books,89.97844222172581,402.50201155365215,inactive,2024-12-22
33858,Product_3858_3,electronics,806.5633280469605,96.88363949551113,pending,2024-01-12
33859,Product_3859_3,home,270.4560976178199,117.35157599447888,inactive,2024-04-02
33860,Product_3860_3,home,360.16125705695663,336.44160961388616,inactive,2024-12-07
33861,Product_3861_3,home,416.6098925718707,215.5402010109634,archived,2024-12-11
33862,Product_3862_3,home,954.1752768560185,104.375682582964,active,2024-11-25
33863,Product_3863_3,books,439.6496595614217,187.2897064711074,active,2024-06-25
33864,Product_3864_3,clothing,356.7830030398602,139.90726908304276,inactive,2024-06-09
33865,Product_3865_3,sports,697.5177761488832,469.58793172063565,inactive,2024-08-05
33866,Product_3866_3,sports,841.464324442076,474.88348096758585,pending,2024-03-13
33867,Product_3867_3,electronics,17.50763756870304,309.46158503224444,inactive,2024-09-20
33868,Product_3868_3,clothing,704.3362416482032,197.62636448608853,inactive,2024-02-18
33869,Product_3869_3,books,675.7925973097325,443.9206258949987,archived,2024-05-02
33870,Product_3870_3,books,99.17683185138196,109.1665081921832,inactive,2024-12-25
33871,Product_3871_3,electronics,97.54887046219456,357.4531285844121,active,2024-11-18
33872,Product_3872_3,clothing,128.36919806252195,56.12365296086589,inactive,2024-03-15
33873,Product_3873_3,books,480.2517261317738,83.73348177803001,active,2024-06-13
33874,Product_3874_3,clothing,264.1155236019283,106.62708259226996,archived,2024-03-19
33875,Product_3875_3,books,620.9391668484719,438.20455543605465,active,2024-05-02
33876,Product_3876_3,electronics,760.8682537262624,268.0318067018197,pending,2024-10-10
33877,Product_3877_3,clothing,437.37603864267965,63.98553962576411,active,2024-01-07
33878,Product_3878_3,clothing,734.5608306661759,368.6453415372684,inactive,2024-01-07
33879,Product_3879_3,clothing,242.2292953743117,311.7982040628836,pending,2024-04-28
33880,Product_3880_3,clothing,171.29464369508887,167.71584582700135,pending,2024-07-17
33881,Product_3881_3,clothing,315.68153739686903,82.50765708159199,inactive,2024-02-22
33882,Product_3882_3,sports,703.0969312053854,311.9319916281073,active,2024-01-25
33883,Product_3883_3,books,805.4201018243646,398.70760893148224,inactive,2024-07-23
33884,Product_3884_3,electronics,986.8465001916924,252.17898959792478,pending,2024-05-17
33885,Product_3885_3,sports,168.4773112064254,483.7249930888083,inactive,2024-07-09
33886,Product_3886_3,books,169.34245263432004,408.37125469378265,pending,2024-04-15
33887,Product_3887_3,clothing,408.0263309602492,181.82390749074338,inactive,2024-11-04
33888,Product_3888_3,electronics,34.741268838058474,35.021840238346414,inactive,2024-04-18
33889,Product_3889_3,clothing,892.9262554444115,289.12572354839995,archived,2024-10-05
33890,Product_3890_3,clothing,214.44173259378533,26.17091099476952,pending,2024-11-20
33891,Product_3891_3,sports,398.81486354839956,137.26774110691377,inactive,2024-06-13
33892,Product_3892_3,clothing,74.95766297342169,147.69191356217834,archived,2024-01-18
33893,Product_3893_3,books,978.9971084546893,101.67316603915826,pending,2024-08-10
33894,Product_3894_3,electronics,745.9083085144513,436.03429981175987,pending,2024-03-27
33895,Product_3895_3,clothing,461.2355923014994,364.02706808121263,inactive,2024-10-12
33896,Product_3896_3,books,353.5510086932524,262.553932553816,archived,2024-07-27
33897,Product_3897_3,home,954.1748190906795,167.6403447733665,pending,2024-06-25
33898,Product_3898_3,books,776.3449971319544,18.978834675888024,archived,2024-08-08
33899,Product_3899_3,sports,968.7703947782863,33.12248396418741,archived,2024-09-20
33900,Product_3900_3,electronics,381.0520815295512,251.78969749758846,inactive,2024-12-20
33901,Product_3901_3,electronics,760.7894092125701,368.4579135412178,archived,2024-11-21
33902,Product_3902_3,electronics,539.2695993682592,299.4607009477279,pending,2024-03-24
33903,Product_3903_3,sports,764.3530618381401,56.33640138214458,inactive,2024-05-23
33904,Product_3904_3,books,979.8146289578383,462.62222343162114,archived,2024-02-22
33905,Product_3905_3,books,476.6535580381901,475.9542469111272,inactive,2024-12-09
33906,Product_3906_3,clothing,255.42598106760934,226.96738725871376,active,2024-12-22
33907,Product_3907_3,books,881.2179858732536,488.78981093140163,active,2024-01-25
33908,Product_3908_3,sports,214.74561415977155,447.00411908160805,active,2024-10-15
33909,Product_3909_3,sports,869.7926418466984,440.54537125823856,pending,2024-02-14
33910,Product_3910_3,electronics,916.7631306119027,357.1764508395079,inactive,2024-11-08
33911,Product_3911_3,home,308.6115319930915,81.23223412350252,active,2024-05-21
33912,Product_3912_3,home,895.3321620600709,335.4059916504273,pending,2024-01-11
33913,Product_3913_3,clothing,453.9205907285645,483.3801519409815,archived,2024-02-09
33914,Product_3914_3,sports,979.4797709793786,257.18489898677905,active,2024-10-09
33915,Product_3915_3,electronics,372.371099222539,449.6576871390746,inactive,2024-05-09
33916,Product_3916_3,books,339.4042274016017,344.5336062675478,archived,2024-02-20
33917,Product_3917_3,books,594.7561978672672,163.94760565356637,active,2024-03-08
33918,Product_3918_3,clothing,418.33224764468747,206.1747408266893,archived,2024-08-06
33919,Product_3919_3,electronics,642.5679313584843,117.78098793275298,archived,2024-08-16
33920,Product_3920_3,sports,590.6672798011093,11.594028715086624,active,2024-03-19
33921,Product_3921_3,electronics,700.079115912353,158.96167405055854,active,2024-07-18
33922,Product_3922_3,sports,386.5654996341135,224.44512170993016,archived,2024-11-06
33923,Product_3923_3,clothing,133.45835697624565,475.1090418644226,active,2024-06-01
33924,Product_3924_3,sports,874.8148016060575,445.7393342577128,active,2024-12-10
33925,Product_3925_3,sports,194.17505383984184,114.5836318149985,pending,2024-04-09
33926,Product_3926_3,electronics,726.2264242679157,355.6630127743382,archived,2024-05-26
33927,Product_3927_3,electronics,952.4378341963658,314.35074423374124,inactive,2024-05-24
33928,Product_3928_3,books,413.46125512478227,137.46741721858024,pending,2024-08-17
33929,Product_3929_3,clothing,713.7859450690491,99.27989982897893,active,2024-08-21
33930,Product_3930_3,clothing,167.72527166014268,162.78234295644197,archived,2024-12-13
33931,Product_3931_3,sports,829.5064081005443,393.5816510028604,archived,2024-11-02
33932,Product_3932_3,books,81.62692690418726,455.6448900432121,pending,2024-08-15
33933,Product_3933_3,books,327.6677363154218,474.8701537315796,archived,2024-07-02
33934,Product_3934_3,books,287.21162184912316,205.37602766128035,pending,2024-02-17
33935,Product_3935_3,clothing,162.7837962465674,49.73349089312828,active,2024-08-10
33936,Product_3936_3,sports,921.7221090167528,442.6513058917531,pending,2024-04-26
33937,Product_3937_3,sports,187.832356531534,74.74727388049851,archived,2024-03-25
33938,Product_3938_3,sports,742.760352903896,149.54349397240247,inactive,2024-04-28
33939,Product_3939_3,electronics,161.81306268664682,43.238978136766086,active,2024-11-19
33940,Product_3940_3,electronics,129.86274769922437,41.619316128307375,inactive,2024-09-11
33941,Product_3941_3,sports,312.9230933204963,394.25108144518356,active,2024-01-15
33942,Product_3942_3,clothing,674.4228308567097,43.44611140407381,active,2024-01-16
33943,Product_3943_3,books,868.221969968343,466.48176316988616,pending,2024-11-18
33944,Product_3944_3,books,264.9685771557545,241.1981249503433,pending,2024-05-02
33945,Product_3945_3,electronics,683.9100715835299,123.94467129336951,pending,2024-09-26
33946,Product_3946_3,books,50.37089220314415,108.31320644272083,inactive,2024-11-16
33947,Product_3947_3,home,381.0691184107124,349.75555841952644,pending,2024-11-11
33948,Product_3948_3,home,608.8988774414097,471.8581338233535,active,2024-10-13
33949,Product_3949_3,sports,719.0521370968831,31.030284644819808,active,2024-07-18
33950,Product_3950_3,books,97.30496138008102,170.67002518735862,inactive,2024-08-08
33951,Product_3951_3,books,584.1536259463891,274.9156972043646,pending,2024-06-25
33952,Product_3952_3,home,615.1233661016164,302.1100477549733,active,2024-12-11
33953,Product_3953_3,sports,314.7957980957088,123.26964987964534,pending,2024-01-26
33954,Product_3954_3,sports,897.8801677990754,86.21665437909496,pending,2024-12-02
33955,Product_3955_3,books,249.7185041124984,81.34061559097705,pending,2024-09-02
33956,Product_3956_3,books,1.090172394752003,343.9523814218284,pending,2024-12-22
33957,Product_3957_3,electronics,388.6334592795734,360.389947589476,archived,2024-06-20
33958,Product_3958_3,clothing,235.05531457747935,413.8160724349398,inactive,2024-12-07
33959,Product_3959_3,sports,778.8771456226971,212.5732228153977,inactive,2024-08-18
33960,Product_3960_3,electronics,874.0236762572315,407.78789288674653,archived,2024-11-13
33961,Product_3961_3,electronics,216.33482762153483,171.9925691872842,pending,2024-12-14
33962,Product_3962_3,books,660.3197189499457,265.19434128496846,pending,2024-02-20
33963,Product_3963_3,books,333.9657277964749,243.4389014099059,active,2024-08-23
33964,Product_3964_3,home,284.3590718203602,174.60325061804406,pending,2024-01-17
33965,Product_3965_3,electronics,184.83329893326027,55.85633179200981,active,2024-10-16
33966,Product_3966_3,electronics,450.81369407572464,378.14338537062224,active,2024-02-08
33967,Product_3967_3,clothing,625.2478011463738,410.33129527092035,active,2024-01-09
33968,Product_3968_3,home,36.93731687167176,256.20561282906317,inactive,2024-11-11
33969,Product_3969_3,sports,552.4166198273374,249.1567978670074,active,2024-02-19
33970,Product_3970_3,sports,761.4755439744425,426.03196045311574,archived,2024-06-13
33971,Product_3971_3,sports,405.93904967373516,404.1437602938064,archived,2024-05-14
33972,Product_3972_3,books,46.019415768825645,104.44476861104242,active,2024-07-11
33973,Product_3973_3,electronics,172.42804785128232,239.38642029349742,archived,2024-06-20
33974,Product_3974_3,clothing,106.52795391008287,143.30160101178697,inactive,2024-06-01
33975,Product_3975_3,clothing,72.71916093281416,229.12033804048727,archived,2024-10-11
33976,Product_3976_3,sports,911.5276963664227,78.86643012563076,inactive,2024-09-03
33977,Product_3977_3,clothing,659.9506155663018,228.16863547268375,active,2024-09-12
33978,Product_3978_3,electronics,208.0411219112968,80.28366759106588,active,2024-06-13
33979,Product_3979_3,electronics,86.59479659447481,296.4916759864927,inactive,2024-11-20
33980,Product_3980_3,books,935.580474661833,47.112940916247894,archived,2024-04-20
33981,Product_3981_3,home,75.04775086836116,276.52616302745884,pending,2024-08-04
33982,Product_3982_3,clothing,904.1704009178817,52.504059231344264,inactive,2024-11-09
33983,Product_3983_3,clothing,483.36523477860936,275.4826321450509,archived,2024-06-24
33984,Product_3984_3,books,998.7239176381543,422.20433736229035,pending,2024-02-10
33985,Product_3985_3,home,389.59975272572115,199.3814326836546,active,2024-08-28
33986,Product_3986_3,clothing,289.60732211173865,178.8027350771428,archived,2024-04-14
33987,Product_3987_3,clothing,557.9550926467269,330.09813741354026,pending,2024-09-01
33988,Product_3988_3,books,135.31361851445433,146.47510255814302,inactive,2024-02-09
33989,Product_3989_3,home,300.44437717564114,217.73402478416978,pending,2024-12-02
33990,Product_3990_3,clothing,102.49940516282682,108.57397497526924,pending,2024-04-26
33991,Product_3991_3,home,663.0799714291903,148.55331100326433,archived,2024-12-26
33992,Product_3992_3,sports,840.949878938615,457.3025260362253,archived,2024-10-17
33993,Product_3993_3,home,726.1981138588775,376.7861244171099,inactive,2024-05-22
33994,Product_3994_3,electronics,493.54986948480956,243.52525225157663,active,2024-02-02
33995,Product_3995_3,sports,796.4346439807646,151.0620583253786,archived,2024-10-14
33996,Product_3996_3,electronics,763.5677523659447,406.87550986517095,pending,2024-12-10
33997,Product_3997_3,books,907.4734924717866,117.70461358592972,pending,2024-04-11
33998,Product_3998_3,home,30.431734035828775,89.65262988760257,inactive,2024-12-10
33999,Product_3999_3,books,933.7276158315851,257.0539170272754,archived,2024-01-25
34000,Product_4000_3,sports,231.72060967956526,201.66387982870827,archived,2024-04-03
34001,Product_4001_3,clothing,744.7241859853224,387.2942901555694,pending,2024-01-12
34002,Product_4002_3,sports,524.6870730483938,333.7491380931572,active,2024-06-13
34003,Product_4003_3,books,428.42840948454847,373.1954548959306,active,2024-06-19
34004,Product_4004_3,books,74.54729370917026,489.98371376578285,active,2024-05-12
34005,Product_4005_3,electronics,328.31794276474653,77.63347888431656,active,2024-12-21
34006,Product_4006_3,books,491.41530438452276,247.57141919701425,active,2024-01-23
34007,Product_4007_3,sports,986.7873055033648,225.5380522264979,archived,2024-01-28
34008,Product_4008_3,sports,598.503795819143,12.675189435639016,pending,2024-01-17
34009,Product_4009_3,clothing,985.1501314976507,31.039598218046308,pending,2024-10-10
34010,Product_4010_3,books,939.3595610741005,93.46508803416928,archived,2024-05-17
34011,Product_4011_3,electronics,329.22898883436613,230.87006345604465,pending,2024-12-20
34012,Product_4012_3,clothing,633.5784730994368,301.57135604211214,active,2024-05-19
34013,Product_4013_3,books,926.5845576858558,16.288150283986486,inactive,2024-03-07
34014,Product_4014_3,sports,271.8922996383292,255.32231856119526,active,2024-03-06
34015,Product_4015_3,home,598.3675187414018,498.3081214149646,pending,2024-06-15
34016,Product_4016_3,sports,588.8858305196985,373.6265267584114,archived,2024-03-06
34017,Product_4017_3,sports,361.4060246965422,381.23335529313994,active,2024-12-11
34018,Product_4018_3,electronics,55.009250883036856,245.9882934024669,active,2024-05-10
34019,Product_4019_3,books,647.178329341624,270.2131033535676,pending,2024-03-19
34020,Product_4020_3,sports,284.43342588627473,457.71351048533995,active,2024-04-10
34021,Product_4021_3,clothing,665.2483533048866,486.6457665005034,pending,2024-06-02
34022,Product_4022_3,home,776.8227081604851,260.1149870367351,archived,2024-05-08
34023,Product_4023_3,sports,180.3033339737133,72.80752480696233,archived,2024-04-17
34024,Product_4024_3,home,771.7772944285048,170.07243586982057,pending,2024-12-14
34025,Product_4025_3,sports,320.3477320269535,133.77616243237708,active,2024-05-15
34026,Product_4026_3,electronics,12.212333131804128,95.14583996760388,pending,2024-02-26
34027,Product_4027_3,sports,336.42541852492997,95.19704225379859,inactive,2024-02-06
34028,Product_4028_3,home,315.1582646765283,334.39091819682017,inactive,2024-08-09
34029,Product_4029_3,home,295.08242359117344,167.6621126293264,inactive,2024-05-06
34030,Product_4030_3,clothing,37.44989756016342,493.0527411191705,archived,2024-11-13
34031,Product_4031_3,home,934.7217338625926,248.97910782532384,pending,2024-07-13
34032,Product_4032_3,home,471.3949516941973,171.2394689326356,active,2024-04-24
34033,Product_4033_3,sports,825.5621082122801,46.96946935520421,pending,2024-06-13
34034,Product_4034_3,home,761.68288702738,470.40601428955705,archived,2024-05-16
34035,Product_4035_3,sports,462.89395453722807,240.31469659433225,pending,2024-08-05
34036,Product_4036_3,books,857.891687249434,271.8249854951237,pending,2024-11-05
34037,Product_4037_3,electronics,324.03504606784503,340.2265192544353,inactive,2024-09-10
34038,Product_4038_3,books,978.8238155691375,395.903949588284,active,2024-02-10
34039,Product_4039_3,books,260.5715721768542,192.25883935658277,pending,2024-07-11
34040,Product_4040_3,home,846.406136068641,206.4736942662384,inactive,2024-11-14
34041,Product_4041_3,clothing,693.4616611217749,258.40759378993255,active,2024-04-23
34042,Product_4042_3,home,148.5306263458676,58.954555100535295,inactive,2024-05-20
34043,Product_4043_3,books,422.7687876843467,304.0147540988849,active,2024-05-10
34044,Product_4044_3,clothing,306.8568694432579,29.272873883583916,inactive,2024-01-04
34045,Product_4045_3,electronics,76.33627586045719,320.6616777945678,inactive,2024-04-06
34046,Product_4046_3,clothing,701.9903516857619,311.21403854480366,inactive,2024-02-21
34047,Product_4047_3,sports,415.8125487033241,304.6134124935971,archived,2024-01-10
34048,Product_4048_3,books,60.143156132056234,327.82862945491746,active,2024-08-01
34049,Product_4049_3,books,740.307546306538,24.753237227179287,pending,2024-12-25
34050,Product_4050_3,books,752.5969783338257,211.24929519335484,active,2024-03-19
34051,Product_4051_3,home,143.89448835264494,206.57266020447446,active,2024-07-14
34052,Product_4052_3,home,470.2574416529821,370.08476431429773,pending,2024-12-26
34053,Product_4053_3,home,573.5191164332255,369.7722669692766,active,2024-05-03
34054,Product_4054_3,electronics,838.2465639967445,189.08189138968444,archived,2024-07-02
34055,Product_4055_3,sports,895.2696348210825,288.5338659722915,pending,2024-10-01
34056,Product_4056_3,books,733.9431669247157,357.92130958689836,archived,2024-02-28
34057,Product_4057_3,sports,549.298538981206,424.2377008121225,active,2024-10-12
34058,Product_4058_3,clothing,89.16782425050958,96.74049885955128,inactive,2024-03-13
34059,Product_4059_3,sports,123.6105937098164,224.53945523154056,archived,2024-11-14
34060,Product_4060_3,home,804.8745704958434,154.5706002329721,inactive,2024-10-26
34061,Product_4061_3,clothing,416.0863204587433,64.36349779885367,active,2024-05-03
34062,Product_4062_3,home,247.93874945258676,64.4978049860218,inactive,2024-12-11
34063,Product_4063_3,clothing,810.0405253660988,153.832427339724,inactive,2024-12-09
34064,Product_4064_3,books,434.89289054137583,455.55967382539467,pending,2024-11-09
34065,Product_4065_3,sports,417.1063788378221,189.74026462708457,active,2024-01-04
34066,Product_4066_3,home,369.4108286537291,21.539368756689854,pending,2024-09-27
34067,Product_4067_3,books,722.6211592638062,345.62542737529475,active,2024-12-28
34068,Product_4068_3,books,803.7836291012557,77.06422179213968,inactive,2024-07-18
34069,Product_4069_3,clothing,311.40683315186834,495.88640763901725,pending,2024-06-14
34070,Product_4070_3,sports,643.9554958012994,235.76943446154752,active,2024-02-26
34071,Product_4071_3,books,556.982053963297,458.9527300238001,archived,2024-07-21
34072,Product_4072_3,sports,384.6233971752525,87.43424696076049,active,2024-07-21
34073,Product_4073_3,clothing,695.7693170667947,40.89393074535935,pending,2024-05-12
34074,Product_4074_3,clothing,585.0967276407835,170.49849057992876,inactive,2024-10-14
34075,Product_4075_3,clothing,920.8569266979653,166.59770887872048,active,2024-04-27
34076,Product_4076_3,electronics,783.1297243624638,401.4105723400589,active,2024-01-16
34077,Product_4077_3,clothing,871.3352083781753,194.2263294643239,archived,2024-07-15
34078,Product_4078_3,home,51.56643704769105,226.9476990934162,archived,2024-12-23
34079,Product_4079_3,home,65.21402527470883,154.14076891638626,inactive,2024-03-18
34080,Product_4080_3,electronics,77.16029498070533,458.97932031177504,archived,2024-07-20
34081,Product_4081_3,sports,982.594226438817,277.9088317901523,archived,2024-10-08
34082,Product_4082_3,sports,754.0032641657734,306.60194953857507,active,2024-10-01
34083,Product_4083_3,sports,870.465407022082,260.3107413100934,pending,2024-09-17
34084,Product_4084_3,sports,934.2219326389028,113.66579789659013,archived,2024-09-22
34085,Product_4085_3,electronics,972.0157722292033,110.22043606418828,pending,2024-05-09
34086,Product_4086_3,electronics,41.70448344189517,390.4126970931315,pending,2024-12-08
34087,Product_4087_3,sports,129.05400593110843,277.1863766408452,archived,2024-08-12
34088,Product_4088_3,home,497.5990699336749,366.77717908330624,pending,2024-05-16
34089,Product_4089_3,electronics,793.9783220538046,189.60620491176516,archived,2024-01-11
34090,Product_4090_3,clothing,652.1116309983212,224.15281759135635,archived,2024-05-15
34091,Product_4091_3,electronics,33.658221586458104,132.9232790271084,archived,2024-06-27
34092,Product_4092_3,books,862.5376469130397,54.989822058874175,pending,2024-09-22
34093,Product_4093_3,clothing,196.9467183667052,160.24640686464522,pending,2024-07-06
34094,Product_4094_3,home,918.768289649342,272.2747742627551,archived,2024-03-15
34095,Product_4095_3,clothing,749.7075241633893,225.66535523124818,archived,2024-10-23
34096,Product_4096_3,books,582.4953056357575,302.25308170132445,active,2024-12-07
34097,Product_4097_3,clothing,923.9548840266257,40.53889338791339,active,2024-04-09
34098,Product_4098_3,sports,584.6852092947598,419.8924076143132,archived,2024-02-22
34099,Product_4099_3,electronics,940.8654372971379,141.8428983961878,inactive,2024-06-19
34100,Product_4100_3,sports,827.6916154744033,59.34635462869436,inactive,2024-01-17
34101,Product_4101_3,home,346.706013052457,314.17551211747156,inactive,2024-05-23
34102,Product_4102_3,sports,333.39352977728953,111.75225510547702,archived,2024-12-01
34103,Product_4103_3,sports,261.57282424177646,445.3656031892217,active,2024-10-14
34104,Product_4104_3,electronics,787.8666885322082,93.40242633929466,inactive,2024-05-10
34105,Product_4105_3,clothing,236.25971133786118,288.3576585302547,pending,2024-05-25
34106,Product_4106_3,sports,578.0565371353567,153.4198941050673,inactive,2024-01-19
34107,Product_4107_3,electronics,977.9090430772733,159.1259296139955,inactive,2024-02-26
34108,Product_4108_3,books,378.82028704044694,235.8108825328897,pending,2024-08-10
34109,Product_4109_3,sports,690.6483244454968,164.22673384847934,archived,2024-11-20
34110,Product_4110_3,home,669.2887011298735,61.61081670485441,pending,2024-01-02
34111,Product_4111_3,books,329.52357089520865,73.71711596680134,active,2024-03-14
34112,Product_4112_3,sports,86.66170276618057,368.77131698291146,active,2024-03-10
34113,Product_4113_3,clothing,30.56396026820641,469.72579607199134,archived,2024-10-14
34114,Product_4114_3,books,525.1995154914055,382.7712128827683,active,2024-05-28
34115,Product_4115_3,electronics,70.21989782815234,447.19783094883184,inactive,2024-09-08
34116,Product_4116_3,home,752.3431758173925,248.71963798465544,inactive,2024-05-19
34117,Product_4117_3,electronics,19.013577820193273,415.1783541650712,archived,2024-07-09
34118,Product_4118_3,books,70.04236648712778,351.09672615256585,pending,2024-05-02
34119,Product_4119_3,home,842.04383395853,294.68579369065776,pending,2024-06-08
34120,Product_4120_3,home,620.5321485644132,210.66854115244294,pending,2024-04-11
34121,Product_4121_3,clothing,185.67114813669497,69.96698117542552,inactive,2024-06-05
34122,Product_4122_3,books,602.768767061109,269.6654914506247,pending,2024-01-01
34123,Product_4123_3,sports,829.3811749871638,387.5411586149176,inactive,2024-05-18
34124,Product_4124_3,books,788.2655862832504,462.56737013600116,pending,2024-03-10
34125,Product_4125_3,clothing,402.1187069742168,492.65829305038494,archived,2024-02-22
34126,Product_4126_3,books,376.455224863109,283.82216894732636,active,2024-11-11
34127,Product_4127_3,sports,72.66614188068854,23.82170293569621,pending,2024-06-06
34128,Product_4128_3,sports,737.2103820428803,341.4209807980032,archived,2024-03-05
34129,Product_4129_3,home,133.96294109369546,103.38630211301982,archived,2024-07-19
34130,Product_4130_3,sports,390.06166197034815,178.65805122286497,inactive,2024-03-06
34131,Product_4131_3,clothing,261.1236191053839,270.72945977675573,archived,2024-09-03
34132,Product_4132_3,clothing,346.30347082067436,16.550422210867424,active,2024-04-14
34133,Product_4133_3,clothing,639.0294330235544,337.10724765594773,pending,2024-07-05
34134,Product_4134_3,home,785.8283133107311,34.03326562366824,inactive,2024-02-24
34135,Product_4135_3,electronics,646.9876243215515,459.55824531073756,active,2024-03-16
34136,Product_4136_3,clothing,270.46719894979793,246.69327501970074,active,2024-02-01
34137,Product_4137_3,sports,498.606803832822,292.85481441896803,pending,2024-09-14
34138,Product_4138_3,clothing,96.0915832780565,216.32729426239837,active,2024-08-06
34139,Product_4139_3,sports,210.06118111467555,450.1333089505879,inactive,2024-04-10
34140,Product_4140_3,clothing,539.4830834510218,459.80159029660916,active,2024-05-12
34141,Product_4141_3,clothing,547.0610520869684,445.08096092933306,inactive,2024-05-13
34142,Product_4142_3,books,650.3234858392507,130.09053379346523,inactive,2024-02-20
34143,Product_4143_3,clothing,550.2221296877716,200.3947986845516,pending,2024-02-05
34144,Product_4144_3,home,500.7124088111967,268.23380008024446,pending,2024-06-14
34145,Product_4145_3,books,702.4803465995841,219.8713961411076,inactive,2024-08-23
34146,Product_4146_3,clothing,791.4907208711763,331.6351103073716,archived,2024-04-27
34147,Product_4147_3,sports,318.8059174913654,117.70857726652218,archived,2024-11-18
34148,Product_4148_3,books,294.35255472939144,342.5572700934933,archived,2024-06-01
34149,Product_4149_3,electronics,512.216518390381,360.19196241632613,archived,2024-10-21
34150,Product_4150_3,books,286.4151695582393,440.96437224712975,inactive,2024-04-12
34151,Product_4151_3,sports,334.5631747415336,319.5392084668687,pending,2024-03-22
34152,Product_4152_3,electronics,517.4409476951782,80.30433831416623,inactive,2024-05-13
34153,Product_4153_3,books,201.60069671460542,475.5405790466757,active,2024-11-10
34154,Product_4154_3,clothing,414.8260454896495,316.7028939347974,active,2024-09-19
34155,Product_4155_3,books,344.37664780684224,31.589522585881017,active,2024-03-25
34156,Product_4156_3,books,185.89703376251634,474.65271890199625,inactive,2024-04-28
34157,Product_4157_3,sports,363.71655794429756,169.38307890022642,archived,2024-10-27
34158,Product_4158_3,clothing,957.672420410875,478.11392721569115,inactive,2024-07-14
34159,Product_4159_3,electronics,545.2932634955612,309.3710088275964,active,2024-04-13
34160,Product_4160_3,home,811.00640285181,422.7204373733719,active,2024-11-02
34161,Product_4161_3,books,851.6008124496818,15.295418731497765,archived,2024-09-19
34162,Product_4162_3,clothing,343.93375551741,401.5514014054688,archived,2024-11-06
34163,Product_4163_3,sports,103.65497683008556,134.6975136963693,inactive,2024-08-12
34164,Product_4164_3,home,205.24639681015682,111.67358353465421,archived,2024-12-16
34165,Product_4165_3,electronics,461.21097982306105,272.5104306696392,inactive,2024-12-24
34166,Product_4166_3,clothing,939.1477678351326,228.47428461440992,inactive,2024-07-13
34167,Product_4167_3,electronics,551.8168986645569,242.98667678230484,pending,2024-12-13
34168,Product_4168_3,clothing,478.6656903309014,11.067965698244294,archived,2024-11-20
34169,Product_4169_3,sports,879.8909600455125,368.27354069812935,active,2024-10-17
34170,Product_4170_3,clothing,743.4997227328711,466.7234230390297,active,2024-10-11
34171,Product_4171_3,books,239.91235526037212,369.1641639975518,pending,2024-09-09
34172,Product_4172_3,clothing,874.4674737557277,18.35342707871967,pending,2024-04-06
34173,Product_4173_3,clothing,134.99605278945543,374.7914326460616,archived,2024-08-27
34174,Product_4174_3,books,983.022850942708,379.50336593087644,active,2024-01-07
34175,Product_4175_3,home,414.5433795398547,472.31590956979375,active,2024-03-02
34176,Product_4176_3,electronics,104.15035047052645,482.78696536246485,active,2024-05-09
34177,Product_4177_3,books,392.1529239454159,313.78617166530523,pending,2024-01-20
34178,Product_4178_3,sports,475.69966905138494,42.224800119945805,active,2024-10-11
34179,Product_4179_3,books,500.0823453705212,460.02631112882096,archived,2024-12-02
34180,Product_4180_3,electronics,653.7314646894538,187.24183079566427,pending,2024-06-08
34181,Product_4181_3,sports,684.713429011944,218.5335307337846,inactive,2024-05-22
34182,Product_4182_3,electronics,475.07490175117243,302.49203903284825,active,2024-09-24
34183,Product_4183_3,clothing,173.06687516849615,299.9094032258302,archived,2024-06-01
34184,Product_4184_3,home,543.8877151798101,107.4620452679706,archived,2024-02-08
34185,Product_4185_3,home,848.2837444403167,341.0408694788213,active,2024-08-26
34186,Product_4186_3,books,155.70163834552298,158.08239770792486,pending,2024-10-24
34187,Product_4187_3,electronics,250.20477131825368,309.08839864165714,inactive,2024-05-02
34188,Product_4188_3,electronics,864.7213936123343,54.58983307960787,active,2024-12-01
34189,Product_4189_3,sports,609.2327908425964,16.191667654096136,inactive,2024-01-24
34190,Product_4190_3,home,575.256046288276,328.3908296115031,active,2024-02-12
34191,Product_4191_3,books,805.1597784165413,193.32124481528072,pending,2024-10-07
34192,Product_4192_3,electronics,184.48302708767915,229.4206753253217,pending,2024-08-04
34193,Product_4193_3,books,431.0126746122199,493.9788547375698,pending,2024-12-02
34194,Product_4194_3,electronics,991.0262307144914,270.0153377883498,inactive,2024-04-26
34195,Product_4195_3,clothing,711.8195444505199,348.5357759691098,active,2024-03-13
34196,Product_4196_3,books,441.65241024037516,448.27989110919265,archived,2024-11-04
34197,Product_4197_3,home,869.280045892005,484.04687406748565,archived,2024-08-15
34198,Product_4198_3,electronics,543.181816844326,264.4872257348897,archived,2024-09-26
34199,Product_4199_3,books,182.3256150928046,253.52622059248208,inactive,2024-10-20
34200,Product_4200_3,sports,544.8806121650197,376.2615525721257,pending,2024-08-14
34201,Product_4201_3,clothing,974.6923270157544,459.9525817320279,archived,2024-09-09
34202,Product_4202_3,home,655.7976456290719,348.84362462301505,pending,2024-04-17
34203,Product_4203_3,home,105.00307871496744,495.06853129972336,inactive,2024-06-14
34204,Product_4204_3,clothing,822.8758673295237,400.85136455115617,inactive,2024-09-03
34205,Product_4205_3,books,292.3360830023957,497.8141401987357,active,2024-10-02
34206,Product_4206_3,sports,674.8181878891521,34.33651488977682,archived,2024-12-13
34207,Product_4207_3,sports,841.7245000688374,182.55155325181013,inactive,2024-03-09
34208,Product_4208_3,books,797.1115103281109,244.71241935239817,pending,2024-07-13
34209,Product_4209_3,electronics,762.1453923191115,430.52821452316226,archived,2024-11-26
34210,Product_4210_3,electronics,359.54891140723487,88.08596787097679,inactive,2024-06-03
34211,Product_4211_3,home,657.810722268515,389.64492461363125,inactive,2024-07-10
34212,Product_4212_3,clothing,875.2951323467851,161.94051646346287,active,2024-02-23
34213,Product_4213_3,electronics,444.42555221659296,446.4171026013875,active,2024-02-03
34214,Product_4214_3,clothing,936.6649936936344,246.37781882621934,inactive,2024-12-26
34215,Product_4215_3,books,825.1650743795113,209.56161200110773,archived,2024-03-01
34216,Product_4216_3,books,541.1877635588833,67.27619225259484,inactive,2024-11-26
34217,Product_4217_3,clothing,778.3668015443601,354.5902889677016,inactive,2024-02-27
34218,Product_4218_3,home,155.1854271914843,255.2624370569473,active,2024-03-26
34219,Product_4219_3,sports,249.14011669220733,210.6960360595582,active,2024-10-01
34220,Product_4220_3,sports,678.0818366917972,318.9550851346247,archived,2024-09-09
34221,Product_4221_3,electronics,310.1926689511092,78.81619443439531,archived,2024-11-09
34222,Product_4222_3,home,687.5155302917358,483.68660226616294,active,2024-07-15
34223,Product_4223_3,electronics,362.8628589102929,236.17685838321123,archived,2024-12-23
34224,Product_4224_3,electronics,282.5204723292836,145.69313079042624,pending,2024-09-18
34225,Product_4225_3,electronics,616.4244609146654,308.2560703514074,archived,2024-02-23
34226,Product_4226_3,sports,195.1304411630411,239.83887981988667,inactive,2024-03-13
34227,Product_4227_3,books,614.376137107157,315.6360531373522,inactive,2024-02-09
34228,Product_4228_3,books,792.3082594517177,307.05544283526484,inactive,2024-09-26
34229,Product_4229_3,clothing,545.7756922011739,60.035412294245084,inactive,2024-10-16
34230,Product_4230_3,books,899.1468319277943,10.281964526248887,inactive,2024-10-01
34231,Product_4231_3,sports,25.31536630023201,64.95859313196748,active,2024-07-05
34232,Product_4232_3,clothing,135.8750633212863,471.6151608317111,archived,2024-06-20
34233,Product_4233_3,books,74.70373845501604,349.1201405515394,active,2024-05-07
34234,Product_4234_3,electronics,189.59305874399402,171.30099745320538,pending,2024-12-27
34235,Product_4235_3,books,842.2293770772133,177.35841342207527,archived,2024-09-04
34236,Product_4236_3,books,395.1186008594082,459.42382527933654,archived,2024-04-04
34237,Product_4237_3,books,802.672215483987,49.3549551313372,pending,2024-09-19
34238,Product_4238_3,clothing,941.4143114179757,235.29793058425128,inactive,2024-04-23
34239,Product_4239_3,clothing,366.67482728261933,339.11963890308147,inactive,2024-03-21
34240,Product_4240_3,electronics,75.02042880189727,415.02208694975997,archived,2024-09-16
34241,Product_4241_3,electronics,301.6509403606371,53.43160802486149,pending,2024-10-12
34242,Product_4242_3,electronics,948.5593610856438,32.527146633913304,pending,2024-06-03
34243,Product_4243_3,home,522.5980098573967,160.5163711241251,archived,2024-10-19
34244,Product_4244_3,home,715.7564570584435,282.2632786513331,archived,2024-02-21
34245,Product_4245_3,books,381.44548163638007,64.37390167063873,pending,2024-12-01
34246,Product_4246_3,books,756.7402215684778,26.76557717696333,inactive,2024-01-22
34247,Product_4247_3,books,886.4489560177251,92.25593389914116,active,2024-12-01
34248,Product_4248_3,books,795.6174513772197,282.9504456103502,archived,2024-12-09
34249,Product_4249_3,sports,542.3769183280632,375.87169857210137,pending,2024-12-07
34250,Product_4250_3,electronics,816.3046331188166,126.10711390559835,inactive,2024-11-24
34251,Product_4251_3,home,689.3748626257295,58.929798613509064,inactive,2024-09-03
34252,Product_4252_3,home,152.8813574327845,416.41346464617953,archived,2024-10-14
34253,Product_4253_3,home,799.4005196970919,404.19922753945,archived,2024-09-16
34254,Product_4254_3,sports,822.8348930053372,89.28006057174883,inactive,2024-01-12
34255,Product_4255_3,home,987.2685422953754,303.9464940966626,archived,2024-10-16
34256,Product_4256_3,electronics,734.4766870609426,270.48071624143665,active,2024-10-26
34257,Product_4257_3,clothing,218.01755562550937,268.8084730351557,pending,2024-09-14
34258,Product_4258_3,sports,662.0756277181099,254.6610245700924,inactive,2024-07-08
34259,Product_4259_3,books,387.6372399567843,133.98605310551045,inactive,2024-03-13
34260,Product_4260_3,books,94.37675735762474,25.982320282921386,pending,2024-10-24
34261,Product_4261_3,clothing,94.98026059165588,116.23366273306371,active,2024-07-03
34262,Product_4262_3,home,784.6479493583364,229.46152260898168,active,2024-11-24
34263,Product_4263_3,clothing,555.9273235243173,58.93792393016685,inactive,2024-08-10
34264,Product_4264_3,clothing,987.9932177157467,343.99968912637297,inactive,2024-04-14
34265,Product_4265_3,clothing,399.64948153770496,299.1932056966268,inactive,2024-04-08
34266,Product_4266_3,home,545.6214061256297,442.08943005759085,pending,2024-06-13
34267,Product_4267_3,sports,431.3817346963699,383.7070539907521,active,2024-06-24
34268,Product_4268_3,home,876.1905393944267,190.33270509714984,pending,2024-02-18
34269,Product_4269_3,books,689.6639205691935,124.14380045147064,archived,2024-11-04
34270,Product_4270_3,electronics,250.97713804588125,345.9632737797066,pending,2024-07-24
34271,Product_4271_3,electronics,244.1095061054848,366.71478328810264,inactive,2024-09-16
34272,Product_4272_3,sports,752.2752820648033,103.53772097205872,inactive,2024-03-28
34273,Product_4273_3,clothing,33.650776658634804,130.40096415120018,inactive,2024-08-07
34274,Product_4274_3,clothing,85.17140070918633,309.2476423427796,pending,2024-01-25
34275,Product_4275_3,electronics,84.87519066610365,388.0214957447431,active,2024-02-12
34276,Product_4276_3,home,156.62939686918514,436.92682666910605,archived,2024-02-10
34277,Product_4277_3,sports,548.9051157331578,101.108424314409,archived,2024-10-08
34278,Product_4278_3,home,271.1720535937136,68.27686504046464,pending,2024-06-09
34279,Product_4279_3,electronics,395.018341915725,330.4254429769945,inactive,2024-07-10
34280,Product_4280_3,books,760.9036775958601,52.982614302087654,active,2024-10-25
34281,Product_4281_3,books,245.98102715556666,418.6322692132506,archived,2024-01-03
34282,Product_4282_3,home,609.7910390002911,203.13938546842903,pending,2024-01-06
34283,Product_4283_3,electronics,582.8435151914057,289.46657757970445,inactive,2024-06-22
34284,Product_4284_3,clothing,501.94617242032564,351.57053366491766,pending,2024-06-02
34285,Product_4285_3,clothing,175.50150961403097,495.28330124715103,inactive,2024-12-23
34286,Product_4286_3,electronics,903.3865208829611,159.34103459233606,archived,2024-03-13
34287,Product_4287_3,sports,497.0496241877107,225.52467771456838,inactive,2024-02-02
34288,Product_4288_3,electronics,714.8049920092369,18.391812042258394,active,2024-09-10
34289,Product_4289_3,electronics,576.5431976007753,174.00868411188134,pending,2024-11-22
34290,Product_4290_3,books,426.9945907042107,119.11169190208906,active,2024-03-19
34291,Product_4291_3,home,124.72318131560594,296.1548860349079,active,2024-02-06
34292,Product_4292_3,sports,718.560367399554,197.51514355479537,active,2024-05-17
34293,Product_4293_3,sports,163.97883811892513,287.9066553380134,archived,2024-06-05
34294,Product_4294_3,books,909.6728195747551,452.9045156875432,active,2024-07-28
34295,Product_4295_3,clothing,631.3671991175262,74.62567547221595,active,2024-08-10
34296,Product_4296_3,clothing,904.2459892048403,162.83121888809168,archived,2024-03-09
34297,Product_4297_3,books,616.8175585197419,93.83223753924332,pending,2024-10-20
34298,Product_4298_3,home,992.4704091318548,43.283687323348076,archived,2024-01-13
34299,Product_4299_3,books,537.0920700023755,357.21356235263806,archived,2024-08-05
34300,Product_4300_3,electronics,645.6885893945816,401.8476781199259,inactive,2024-01-12
34301,Product_4301_3,home,828.3445638624563,368.26791990430604,pending,2024-10-05
34302,Product_4302_3,clothing,478.1154432421656,264.4681377317609,active,2024-07-04
34303,Product_4303_3,electronics,623.2140563675418,398.6898677131204,active,2024-09-18
34304,Product_4304_3,home,18.21864457394033,75.79928289746661,inactive,2024-08-17
34305,Product_4305_3,sports,621.621555622549,150.80816773162957,pending,2024-08-25
34306,Product_4306_3,sports,918.1784098572508,497.5746790322546,inactive,2024-01-01
34307,Product_4307_3,books,578.9917201314505,357.3617236714437,active,2024-12-20
34308,Product_4308_3,clothing,806.5123868138817,169.59322707781453,active,2024-07-03
34309,Product_4309_3,sports,436.73830810849563,376.6819597887701,archived,2024-07-24
34310,Product_4310_3,home,85.23999566762541,473.3011496180855,inactive,2024-12-14
34311,Product_4311_3,clothing,371.7048301965552,224.55372403519797,archived,2024-09-08
34312,Product_4312_3,sports,168.04373565293807,486.1250224022012,archived,2024-05-22
34313,Product_4313_3,books,542.6547825253275,470.3135989673524,inactive,2024-07-22
34314,Product_4314_3,books,778.6636778482938,459.58020843834674,active,2024-08-22
34315,Product_4315_3,electronics,258.7393531307016,271.01968154217474,pending,2024-11-11
34316,Product_4316_3,clothing,882.2255403883046,106.72455570488692,pending,2024-09-16
34317,Product_4317_3,books,817.8621333605237,174.27822051319708,active,2024-04-19
34318,Product_4318_3,sports,875.3191041570369,324.07534803745324,pending,2024-05-13
34319,Product_4319_3,clothing,20.51842963068269,85.1808013973274,archived,2024-10-28
34320,Product_4320_3,sports,394.8242285691067,164.45524020320275,pending,2024-01-21
34321,Product_4321_3,clothing,46.54549327508115,230.19878184479003,archived,2024-05-10
34322,Product_4322_3,sports,339.2626700619415,308.2808998243108,archived,2024-07-05
34323,Product_4323_3,books,549.3639536450065,194.52803510101657,inactive,2024-11-26
34324,Product_4324_3,clothing,319.1131134339839,179.67553279763888,inactive,2024-01-03
34325,Product_4325_3,electronics,906.2477859489801,421.151949933654,inactive,2024-06-21
34326,Product_4326_3,home,574.4676778788523,440.9096216212136,pending,2024-08-26
34327,Product_4327_3,books,249.41856277131066,97.63165267021158,archived,2024-05-25
34328,Product_4328_3,electronics,235.14000868729636,456.21957124183865,pending,2024-09-14
34329,Product_4329_3,home,168.5396547551667,222.10363109740837,archived,2024-01-15
34330,Product_4330_3,home,625.1687021719457,11.721694173808855,archived,2024-02-09
34331,Product_4331_3,books,197.79990875885082,491.8436390051479,archived,2024-12-15
34332,Product_4332_3,home,712.8934759975272,242.15340002500534,inactive,2024-02-18
34333,Product_4333_3,sports,271.5688056104514,104.27174175575631,active,2024-02-17
34334,Product_4334_3,sports,172.39871484493582,390.92659817311176,active,2024-11-16
34335,Product_4335_3,home,956.1781975317305,332.9943511196616,archived,2024-08-13
34336,Product_4336_3,books,234.70595419144175,495.7797578539103,pending,2024-06-01
34337,Product_4337_3,books,566.768031511762,370.34813969913625,archived,2024-04-26
34338,Product_4338_3,clothing,234.65469140977189,11.840059764730134,archived,2024-02-03
34339,Product_4339_3,books,569.5620795704774,251.84797593034645,pending,2024-07-27
34340,Product_4340_3,sports,665.1800088550397,268.40806714319643,archived,2024-06-01
34341,Product_4341_3,sports,372.6378867004418,287.87578137726797,pending,2024-09-09
34342,Product_4342_3,electronics,559.5496593163309,81.83410878065558,archived,2024-01-07
34343,Product_4343_3,sports,13.182936022772527,458.9320341110042,active,2024-04-15
34344,Product_4344_3,electronics,877.3152168811455,70.30968675283661,pending,2024-02-27
34345,Product_4345_3,books,573.7071067402886,333.8719277158887,inactive,2024-09-03
34346,Product_4346_3,electronics,440.3221090130391,337.15756610492974,inactive,2024-06-08
34347,Product_4347_3,books,759.555536766758,376.93742153429326,inactive,2024-10-12
34348,Product_4348_3,electronics,889.0859830865046,469.11994608666475,inactive,2024-12-15
34349,Product_4349_3,clothing,940.2708710283074,155.56885067205272,archived,2024-06-02
34350,Product_4350_3,sports,916.74851017918,434.1446998405238,active,2024-03-06
34351,Product_4351_3,electronics,256.42245911525424,368.3480770895776,inactive,2024-01-11
34352,Product_4352_3,home,870.4183333985251,89.88138125397272,archived,2024-01-24
34353,Product_4353_3,clothing,438.2236281861728,289.47627330265163,pending,2024-12-19
34354,Product_4354_3,books,896.2448350280514,88.81789951117915,active,2024-05-28
34355,Product_4355_3,electronics,599.9433133978295,14.649000883301937,inactive,2024-06-24
34356,Product_4356_3,books,801.972324341781,134.47538127125617,active,2024-09-22
34357,Product_4357_3,home,172.6755378757708,55.16761644808069,inactive,2024-09-06
34358,Product_4358_3,home,266.13825121342325,459.17190542749114,archived,2024-03-04
34359,Product_4359_3,clothing,465.42443183602734,288.1388665414537,archived,2024-08-28
34360,Product_4360_3,books,111.39844230117134,318.2220715890991,inactive,2024-06-07
34361,Product_4361_3,home,192.09741289963233,10.995376412157377,archived,2024-05-12
34362,Product_4362_3,clothing,560.8392553473873,205.09540541969963,inactive,2024-03-19
34363,Product_4363_3,home,459.4242316239812,392.8765560122077,archived,2024-01-04
34364,Product_4364_3,books,907.0884220451793,447.8248987512157,archived,2024-01-15
34365,Product_4365_3,books,437.4147495596704,419.35339089763886,inactive,2024-01-14
34366,Product_4366_3,sports,346.4712390449764,16.909355699905323,archived,2024-02-11
34367,Product_4367_3,sports,75.77665432804102,53.19566111811917,pending,2024-05-01
34368,Product_4368_3,books,237.9766243577059,304.79042819418555,archived,2024-07-25
34369,Product_4369_3,home,286.1395094900356,495.39515142068996,pending,2024-01-11
34370,Product_4370_3,books,135.50121211711257,277.30949840166943,archived,2024-04-24
34371,Product_4371_3,books,426.0650941376038,253.61214914291114,pending,2024-06-04
34372,Product_4372_3,books,883.4811070782159,491.62872351506496,pending,2024-03-13
34373,Product_4373_3,books,147.8996080464365,117.42690627893107,archived,2024-06-22
34374,Product_4374_3,electronics,152.98258708164488,100.51904051808047,active,2024-11-28
34375,Product_4375_3,home,143.9337256978661,255.5905941693135,active,2024-01-19
34376,Product_4376_3,home,981.4338411926286,495.9093692679696,inactive,2024-06-12
34377,Product_4377_3,home,260.6430680381186,202.64522573162043,pending,2024-04-24
34378,Product_4378_3,clothing,98.55577633207727,327.1775099189652,active,2024-07-10
34379,Product_4379_3,clothing,822.650808120332,57.431047549592314,active,2024-01-04
34380,Product_4380_3,clothing,953.628337732562,360.44810640218617,archived,2024-12-04
34381,Product_4381_3,home,658.4567709911352,462.4374989192453,inactive,2024-12-23
34382,Product_4382_3,sports,806.8230595589291,317.72416978509904,archived,2024-04-17
34383,Product_4383_3,books,521.1100074586054,256.0631870603728,pending,2024-12-08
34384,Product_4384_3,sports,570.9485670018829,413.7630486922034,pending,2024-10-25
34385,Product_4385_3,electronics,761.9720300650863,100.74598322028433,active,2024-06-09
34386,Product_4386_3,books,767.0269419419351,347.4315014587941,archived,2024-08-17
34387,Product_4387_3,sports,759.9118275041458,474.71263822917354,inactive,2024-06-02
34388,Product_4388_3,electronics,664.1525510039421,361.7663003065414,pending,2024-11-04
34389,Product_4389_3,home,954.1591525937183,152.14403350457343,archived,2024-08-12
34390,Product_4390_3,electronics,84.21668285307332,188.9502944347465,archived,2024-03-18
34391,Product_4391_3,clothing,218.57678591761572,396.7220180154108,inactive,2024-08-05
34392,Product_4392_3,electronics,833.2887165066256,492.63389951019684,inactive,2024-03-11
34393,Product_4393_3,books,271.02031391067044,357.80105267402405,archived,2024-12-27
34394,Product_4394_3,clothing,358.3931644323769,95.15879088051307,archived,2024-10-12
34395,Product_4395_3,books,726.7487719624104,148.65196600629002,pending,2024-06-27
34396,Product_4396_3,books,492.54945645511367,212.53175092225734,inactive,2024-12-26
34397,Product_4397_3,books,602.7310671269142,115.0990805879786,active,2024-07-26
34398,Product_4398_3,sports,524.5637352723415,358.7547611017433,active,2024-12-20
34399,Product_4399_3,home,30.46653551396854,422.7279709411528,pending,2024-03-11
34400,Product_4400_3,books,152.1498620660353,38.412947523599456,archived,2024-03-25
34401,Product_4401_3,electronics,278.4041210545054,143.3424920277542,pending,2024-07-24
34402,Product_4402_3,clothing,249.7976927568518,461.5876856234529,active,2024-02-09
34403,Product_4403_3,clothing,426.3844724061042,438.38816523733357,active,2024-07-12
34404,Product_4404_3,home,818.6308749110012,41.88454122682801,pending,2024-04-06
34405,Product_4405_3,sports,164.85284962061445,444.83670171849116,archived,2024-09-23
34406,Product_4406_3,home,85.04293370967163,278.5303207557158,inactive,2024-06-15
34407,Product_4407_3,clothing,76.51536963754737,211.257074767753,pending,2024-06-10
34408,Product_4408_3,books,143.0213082408566,60.37912628691768,inactive,2024-08-20
34409,Product_4409_3,clothing,180.98217400091806,201.22078567456208,active,2024-11-27
34410,Product_4410_3,sports,841.5766473853195,73.82056390661813,active,2024-05-23
34411,Product_4411_3,books,461.79363835787666,183.07898392040485,pending,2024-10-23
34412,Product_4412_3,clothing,974.9605139211421,353.9198702171903,inactive,2024-10-28
34413,Product_4413_3,books,569.8729343968105,495.58042787528143,inactive,2024-04-12
34414,Product_4414_3,electronics,376.6513204658611,44.03468247231135,archived,2024-12-05
34415,Product_4415_3,sports,305.7406483010746,286.73926384687974,archived,2024-03-02
34416,Product_4416_3,sports,744.6378165654809,497.18585038474026,archived,2024-03-23
34417,Product_4417_3,electronics,310.8333300710298,263.7145019826138,active,2024-11-26
34418,Product_4418_3,books,839.464812661312,365.5946559694477,active,2024-07-16
34419,Product_4419_3,sports,145.8889997383035,262.39387544833687,inactive,2024-06-13
34420,Product_4420_3,home,789.5507484465666,152.88143361610753,pending,2024-06-06
34421,Product_4421_3,books,43.47734799893759,44.52141509624927,archived,2024-05-16
34422,Product_4422_3,sports,459.3795712700932,58.05218383104926,active,2024-09-09
34423,Product_4423_3,books,466.9320831530585,28.013053059536116,inactive,2024-05-28
34424,Product_4424_3,home,680.2382805080458,327.46140906651976,archived,2024-05-15
34425,Product_4425_3,sports,243.2455918817996,287.07791357277597,pending,2024-05-06
34426,Product_4426_3,clothing,49.080745624012266,465.36026957896127,inactive,2024-01-12
34427,Product_4427_3,home,70.51061798802121,64.29140711596904,archived,2024-09-07
34428,Product_4428_3,clothing,802.9138673094601,53.350714516404025,archived,2024-01-24
34429,Product_4429_3,clothing,198.33601280846153,374.74033095239355,pending,2024-05-26
34430,Product_4430_3,home,908.0391538144145,104.4437672396433,archived,2024-07-25
34431,Product_4431_3,books,684.9617985134503,270.7069097267771,archived,2024-11-10
34432,Product_4432_3,sports,834.2340241602268,297.6097992836069,inactive,2024-08-18
34433,Product_4433_3,clothing,790.197909728338,409.1965236779314,archived,2024-02-17
34434,Product_4434_3,clothing,764.9682313944121,99.1044522805188,inactive,2024-01-02
34435,Product_4435_3,clothing,529.6853316849783,354.65166050386455,active,2024-11-24
34436,Product_4436_3,electronics,585.0279378588616,445.04099264214625,archived,2024-12-25
34437,Product_4437_3,electronics,964.5016472035632,232.86498234179413,archived,2024-11-21
34438,Product_4438_3,sports,728.4060740069594,207.38307429253186,active,2024-07-26
34439,Product_4439_3,clothing,35.41728102917919,241.29143376885955,inactive,2024-09-22
34440,Product_4440_3,home,588.0002337591026,474.97927937041277,active,2024-08-05
34441,Product_4441_3,books,202.89213381274692,17.07663090641357,inactive,2024-01-22
34442,Product_4442_3,home,411.04807846299843,158.57567356531828,archived,2024-11-14
34443,Product_4443_3,clothing,762.6223375636822,334.6263116556931,archived,2024-12-25
34444,Product_4444_3,home,265.4462271258157,397.4422438533494,inactive,2024-12-20
34445,Product_4445_3,clothing,115.7471482113771,84.82290428735733,pending,2024-01-19
34446,Product_4446_3,electronics,964.4633247670683,303.0290810374507,inactive,2024-12-01
34447,Product_4447_3,home,913.3791072569339,497.1908068902503,inactive,2024-09-27
34448,Product_4448_3,books,624.7564922272794,31.550268387733645,inactive,2024-05-18
34449,Product_4449_3,clothing,166.19060984737126,356.14856981608085,archived,2024-11-22
34450,Product_4450_3,books,747.4326705622941,150.89389601218838,inactive,2024-10-11
34451,Product_4451_3,home,527.0182979144088,262.96372058507956,pending,2024-08-28
34452,Product_4452_3,clothing,658.4979794753106,37.383233150189426,pending,2024-03-25
34453,Product_4453_3,clothing,553.6417612695159,211.9679642743876,archived,2024-03-03
34454,Product_4454_3,clothing,336.65838914199617,357.95029497764966,inactive,2024-03-27
34455,Product_4455_3,clothing,955.4306633334617,276.58001294619993,active,2024-08-03
34456,Product_4456_3,clothing,189.69003034512784,477.37825208868304,active,2024-01-04
34457,Product_4457_3,electronics,605.9808977506483,206.49883813323225,active,2024-07-09
34458,Product_4458_3,sports,649.2037335856294,237.9590746816012,inactive,2024-03-13
34459,Product_4459_3,clothing,600.9699529851895,273.55758064408894,inactive,2024-11-22
34460,Product_4460_3,sports,747.1295816049676,77.72763645502691,inactive,2024-08-13
34461,Product_4461_3,home,178.22969486231815,372.1286963546906,active,2024-05-15
34462,Product_4462_3,sports,756.0145475018213,443.3053043677192,active,2024-07-23
34463,Product_4463_3,clothing,526.7601076272013,330.4159124131727,inactive,2024-07-12
34464,Product_4464_3,electronics,462.6777800018748,271.51344042258347,inactive,2024-04-26
34465,Product_4465_3,books,699.347781371367,388.6729439900103,pending,2024-02-19
34466,Product_4466_3,sports,699.3347151179818,245.60711966170717,pending,2024-01-12
34467,Product_4467_3,electronics,425.2115728329451,205.9293996810512,pending,2024-07-16
34468,Product_4468_3,home,594.5291537925724,427.1699698620044,archived,2024-01-12
34469,Product_4469_3,home,862.2190060702401,271.7637325726316,archived,2024-07-19
34470,Product_4470_3,home,301.782318864687,414.4157384902645,pending,2024-06-27
34471,Product_4471_3,electronics,800.8283198303907,411.0942764540036,archived,2024-07-14
34472,Product_4472_3,electronics,326.52990213431156,368.29052025781687,inactive,2024-05-23
34473,Product_4473_3,clothing,192.26653585653148,153.36775931073262,active,2024-08-14
34474,Product_4474_3,electronics,599.9781744737002,349.9781579278849,archived,2024-05-26
34475,Product_4475_3,clothing,69.14196875037607,393.11829868200516,active,2024-09-21
34476,Product_4476_3,books,578.8858194905611,251.53929932383647,inactive,2024-05-26
34477,Product_4477_3,books,429.4137664520569,108.59032520385924,inactive,2024-03-23
34478,Product_4478_3,sports,413.0103536938958,383.11518833779644,pending,2024-04-28
34479,Product_4479_3,clothing,954.7130388323673,168.6026719135432,inactive,2024-07-09
34480,Product_4480_3,home,726.692058133865,347.03349618064243,archived,2024-09-18
34481,Product_4481_3,electronics,901.4212301452465,468.7604460936574,inactive,2024-01-08
34482,Product_4482_3,home,952.0079187034547,296.1114179400818,archived,2024-03-06
34483,Product_4483_3,home,57.633786802161104,41.68830499448633,inactive,2024-12-21
34484,Product_4484_3,sports,138.75641190402877,355.8454933540604,pending,2024-01-01
34485,Product_4485_3,electronics,218.73584451897383,136.35879416620884,archived,2024-06-10
34486,Product_4486_3,sports,141.0196799614614,170.42878529914844,inactive,2024-11-28
34487,Product_4487_3,books,791.8652997879424,332.1806049496378,active,2024-11-07
34488,Product_4488_3,electronics,355.5043924577648,182.8920551480266,pending,2024-04-18
34489,Product_4489_3,electronics,735.2698604914859,45.51339530901572,pending,2024-11-22
34490,Product_4490_3,home,594.6954953033708,411.89429530013865,pending,2024-07-12
34491,Product_4491_3,sports,397.3439700662187,424.69677842062526,active,2024-10-15
34492,Product_4492_3,sports,710.5610757145485,482.60961218498267,pending,2024-09-06
34493,Product_4493_3,sports,395.6666839088718,357.5858457763054,active,2024-08-14
34494,Product_4494_3,electronics,280.36469830505087,283.75037483208916,archived,2024-09-12
34495,Product_4495_3,home,972.1965995419451,361.4531833116438,inactive,2024-04-12
34496,Product_4496_3,clothing,810.3620115127795,55.81250635132669,archived,2024-09-24
34497,Product_4497_3,clothing,956.8338018242399,414.7004686916802,active,2024-03-01
34498,Product_4498_3,clothing,601.871437356318,264.5040106064794,archived,2024-08-14
34499,Product_4499_3,home,338.72105040432916,165.6061213509028,archived,2024-05-15
34500,Product_4500_3,sports,432.6949369867572,97.19886527854491,archived,2024-12-26
34501,Product_4501_3,electronics,380.8864273922558,253.37225057515963,inactive,2024-12-25
34502,Product_4502_3,clothing,43.44829987477792,421.83354453579875,inactive,2024-02-22
34503,Product_4503_3,clothing,972.6954902894553,326.6889113455261,active,2024-11-20
34504,Product_4504_3,home,449.5777917410236,376.19896580712344,active,2024-08-20
34505,Product_4505_3,sports,645.6264000870179,421.16891182416555,inactive,2024-04-01
34506,Product_4506_3,sports,659.8372383167165,486.2312376037856,inactive,2024-11-19
34507,Product_4507_3,home,102.28344557100083,306.00179484955095,inactive,2024-02-24
34508,Product_4508_3,clothing,424.94421169608466,228.34203559987907,archived,2024-09-16
34509,Product_4509_3,home,39.14861671956004,380.52183557413355,pending,2024-12-14
34510,Product_4510_3,clothing,541.863551877335,159.2374012136165,inactive,2024-05-21
34511,Product_4511_3,home,801.1653956624982,92.14335174407009,pending,2024-06-22
34512,Product_4512_3,electronics,937.0785720881706,267.1790036498559,active,2024-08-08
34513,Product_4513_3,electronics,549.395071043987,209.16820796925117,inactive,2024-07-11
34514,Product_4514_3,home,479.8409946355021,281.74488157572694,active,2024-01-11
34515,Product_4515_3,home,416.91634294894567,66.7375213551965,active,2024-10-27
34516,Product_4516_3,clothing,716.120007289927,139.9429126341785,pending,2024-08-26
34517,Product_4517_3,books,115.54026113110035,61.09683700470843,archived,2024-08-06
34518,Product_4518_3,books,381.5797326991855,230.51309555963303,archived,2024-11-01
34519,Product_4519_3,clothing,271.07629746340444,389.7044674383137,active,2024-10-01
34520,Product_4520_3,home,717.4558756717381,240.62847123410452,active,2024-08-19
34521,Product_4521_3,home,526.185451142556,369.34863158675967,active,2024-11-05
34522,Product_4522_3,home,138.26855774029627,363.24650030269174,pending,2024-01-07
34523,Product_4523_3,sports,4.677845501643965,138.65971697812165,pending,2024-02-07
34524,Product_4524_3,home,263.2379174900619,180.29408681720935,inactive,2024-02-25
34525,Product_4525_3,books,996.2426424551251,119.54962532410052,active,2024-01-19
34526,Product_4526_3,sports,19.096976208769316,339.4572781818894,archived,2024-08-20
34527,Product_4527_3,clothing,929.3771158147329,482.5440324616981,archived,2024-02-11
34528,Product_4528_3,books,83.39662662699969,402.3681040769796,pending,2024-01-16
34529,Product_4529_3,sports,578.4786054635905,188.61491751287406,pending,2024-12-16
34530,Product_4530_3,home,940.6944983585779,362.2026463904304,archived,2024-08-11
34531,Product_4531_3,home,918.2964683995885,362.904952595286,inactive,2024-04-08
34532,Product_4532_3,sports,237.706065924569,437.7535615193118,archived,2024-09-15
34533,Product_4533_3,home,95.52868943129475,415.63303838880347,active,2024-12-20
34534,Product_4534_3,clothing,627.384693620347,139.70859328819634,active,2024-10-09
34535,Product_4535_3,clothing,38.484574164889956,263.9513255560022,archived,2024-02-26
34536,Product_4536_3,clothing,20.64423118439616,110.81575356611738,archived,2024-03-16
34537,Product_4537_3,home,471.2110239839622,186.38204096468186,archived,2024-05-02
34538,Product_4538_3,electronics,991.8145606172783,125.37502385913348,active,2024-03-19
34539,Product_4539_3,clothing,101.3663055792102,325.9056118480507,pending,2024-01-19
34540,Product_4540_3,electronics,621.5517829817508,309.9285754033867,archived,2024-08-05
34541,Product_4541_3,clothing,159.45076107312326,410.9741838690506,pending,2024-10-17
34542,Product_4542_3,sports,965.3433082409941,395.49802971169197,active,2024-03-15
34543,Product_4543_3,books,242.76747524448714,247.23545265527258,archived,2024-12-25
34544,Product_4544_3,home,814.4314991006372,352.38087919469615,archived,2024-06-02
34545,Product_4545_3,books,829.6903547562121,404.44690924798005,inactive,2024-11-24
34546,Product_4546_3,sports,835.4689131789709,104.74928791709057,active,2024-07-11
34547,Product_4547_3,books,165.21343163104103,154.81917333413466,archived,2024-04-23
34548,Product_4548_3,sports,523.7714049029768,226.36245268100512,pending,2024-01-11
34549,Product_4549_3,sports,324.51393772032276,12.368543254480612,pending,2024-05-12
34550,Product_4550_3,sports,476.20789775302626,480.1053954586455,active,2024-02-06
34551,Product_4551_3,sports,497.1063456237001,73.64424100925504,pending,2024-03-19
34552,Product_4552_3,electronics,561.3718384578455,391.60240962894204,inactive,2024-10-26
34553,Product_4553_3,books,432.9377906443512,469.9705136684826,archived,2024-10-11
34554,Product_4554_3,home,586.5848144689584,395.00851922654095,active,2024-03-06
34555,Product_4555_3,home,926.4958806701957,393.20724761263546,active,2024-07-13
34556,Product_4556_3,sports,936.6373991967553,234.73044766129897,active,2024-03-22
34557,Product_4557_3,electronics,411.2753372647509,197.11736722101375,active,2024-02-06
34558,Product_4558_3,clothing,568.0849647464817,408.37443743358614,active,2024-04-06
34559,Product_4559_3,electronics,918.3090417287846,424.1070176296673,inactive,2024-09-18
34560,Product_4560_3,books,534.9353712470416,149.22911910198147,archived,2024-04-28
34561,Product_4561_3,home,474.8138315705767,358.9528868408724,inactive,2024-12-01
34562,Product_4562_3,clothing,552.4968428713638,369.3325583087707,archived,2024-11-20
34563,Product_4563_3,clothing,160.16286733412485,469.8766616318775,archived,2024-03-22
34564,Product_4564_3,clothing,712.919781937713,56.1690482075155,active,2024-01-23
34565,Product_4565_3,home,897.8328887681665,116.48325986702282,archived,2024-05-16
34566,Product_4566_3,sports,151.64678021527405,42.69419178616773,active,2024-08-20
34567,Product_4567_3,clothing,494.4701315320159,415.8569211879657,inactive,2024-10-12
34568,Product_4568_3,books,424.2333019896725,331.47546630020355,pending,2024-03-04
34569,Product_4569_3,sports,189.95350520861493,364.8000079792064,inactive,2024-03-27
34570,Product_4570_3,electronics,193.3212261211568,27.924216704829785,active,2024-06-18
34571,Product_4571_3,sports,140.91551634444585,391.19281734382895,inactive,2024-03-24
34572,Product_4572_3,sports,699.7280467120783,470.1106665102348,archived,2024-12-08
34573,Product_4573_3,electronics,646.3107579617189,153.84055917155348,archived,2024-08-26
34574,Product_4574_3,clothing,773.6483170871745,394.454809849797,pending,2024-12-03
34575,Product_4575_3,books,369.2601783591044,57.90648912830779,pending,2024-03-14
34576,Product_4576_3,home,940.5713355466477,50.115653245815764,pending,2024-03-24
34577,Product_4577_3,electronics,710.0866544527591,235.29969303227458,active,2024-03-19
34578,Product_4578_3,books,727.1457203979215,55.68747345391859,active,2024-10-03
34579,Product_4579_3,books,883.8118940092977,170.62020006958522,inactive,2024-11-05
34580,Product_4580_3,books,37.95585616737837,228.02069296335392,active,2024-04-08
34581,Product_4581_3,home,274.70313458829884,371.82602715463605,active,2024-01-09
34582,Product_4582_3,home,244.17257843369566,366.0042439247895,inactive,2024-01-13
34583,Product_4583_3,books,476.27170867855625,351.49718277231045,archived,2024-04-03
34584,Product_4584_3,electronics,55.69388168668794,195.56563580059017,active,2024-01-23
34585,Product_4585_3,home,379.6585015644991,328.29414579970614,archived,2024-11-03
34586,Product_4586_3,electronics,818.9939439089327,197.8217949347936,active,2024-11-19
34587,Product_4587_3,electronics,942.7210195171837,58.89484317341004,archived,2024-12-25
34588,Product_4588_3,sports,75.62206992087752,90.52059945449207,inactive,2024-08-15
34589,Product_4589_3,clothing,947.2104746549012,466.539022913545,pending,2024-06-15
34590,Product_4590_3,sports,797.3141513028675,232.51619235552934,pending,2024-02-03
34591,Product_4591_3,sports,59.362620312637965,301.87938253337563,pending,2024-09-23
34592,Product_4592_3,sports,413.19815976500877,401.44971060875207,archived,2024-11-10
34593,Product_4593_3,sports,813.7284825813276,342.02928859440715,active,2024-04-27
34594,Product_4594_3,clothing,159.97045309207078,392.3133518847986,active,2024-04-01
34595,Product_4595_3,books,256.6324189127902,270.05437636687924,pending,2024-02-03
34596,Product_4596_3,electronics,27.91656427545671,492.42814356998343,inactive,2024-05-16
34597,Product_4597_3,clothing,10.130056749277166,38.57031649985464,active,2024-01-24
34598,Product_4598_3,home,573.5214554461314,11.072358560253422,inactive,2024-04-05
34599,Product_4599_3,clothing,937.5192093408307,21.807709224093713,active,2024-11-10
34600,Product_4600_3,electronics,793.9869161822332,208.86147849070713,inactive,2024-08-26
34601,Product_4601_3,clothing,455.79726557493524,451.0360063932914,pending,2024-12-25
34602,Product_4602_3,clothing,243.48383661481446,108.59243380619505,archived,2024-08-19
34603,Product_4603_3,home,731.0382626724896,499.056492165324,inactive,2024-08-09
34604,Product_4604_3,home,863.4134030703495,141.95103739510182,archived,2024-02-14
34605,Product_4605_3,clothing,802.31753666641,91.08821300951232,active,2024-04-13
34606,Product_4606_3,electronics,258.7912979679954,421.7341387599264,active,2024-03-08
34607,Product_4607_3,home,857.0757603708537,381.5216657252756,active,2024-08-22
34608,Product_4608_3,books,492.4764509332987,49.67413968520536,inactive,2024-06-04
34609,Product_4609_3,home,380.9562695766949,336.7786912613461,pending,2024-03-23
34610,Product_4610_3,clothing,613.6434401289034,125.80205143133597,active,2024-05-01
34611,Product_4611_3,home,855.4580875891832,287.92445154125267,inactive,2024-03-05
34612,Product_4612_3,clothing,684.2470243847476,112.19921332711017,archived,2024-11-21
34613,Product_4613_3,clothing,57.11801794004228,428.42253315587476,pending,2024-10-01
34614,Product_4614_3,books,865.9185991769225,260.7002853804223,pending,2024-03-11
34615,Product_4615_3,home,883.5025719856794,391.33226883216713,archived,2024-02-01
34616,Product_4616_3,clothing,761.8031752416696,452.1594014444891,active,2024-12-04
34617,Product_4617_3,home,316.84573109945757,373.46290688403735,active,2024-11-22
34618,Product_4618_3,electronics,626.0644651362287,186.44554389014118,active,2024-10-06
34619,Product_4619_3,electronics,192.5607035281316,220.05039493292372,archived,2024-10-21
34620,Product_4620_3,clothing,900.0842614530557,89.62390845857558,archived,2024-04-24
34621,Product_4621_3,clothing,233.89022650054866,217.82641229808684,archived,2024-11-11
34622,Product_4622_3,books,182.44899678373142,306.50757093650634,pending,2024-08-22
34623,Product_4623_3,electronics,592.9810723189298,292.90419538266445,pending,2024-08-16
34624,Product_4624_3,electronics,291.7770185790789,51.85440396832946,archived,2024-01-24
34625,Product_4625_3,sports,611.2337043006572,353.15383609890114,archived,2024-01-15
34626,Product_4626_3,clothing,579.7647647740813,258.1132128319923,pending,2024-04-13
34627,Product_4627_3,clothing,365.6885002817562,294.6837950180922,inactive,2024-03-18
34628,Product_4628_3,books,444.19126898745475,431.17893327628354,archived,2024-03-06
34629,Product_4629_3,books,841.6185703527142,203.2247361793111,active,2024-01-20
34630,Product_4630_3,books,460.242547449026,130.20076919352323,pending,2024-09-16
34631,Product_4631_3,home,506.33256957514715,41.73961522741493,pending,2024-11-25
34632,Product_4632_3,sports,140.31517974078864,455.75111089922467,archived,2024-11-01
34633,Product_4633_3,electronics,561.7275047217469,351.56947930778955,inactive,2024-06-05
34634,Product_4634_3,home,731.50897235473,497.7776892520155,inactive,2024-01-22
34635,Product_4635_3,books,301.6962804669322,112.15792999104727,active,2024-03-28
34636,Product_4636_3,home,204.33222635809352,359.7484645292511,active,2024-12-09
34637,Product_4637_3,sports,489.4247359831475,258.70715292935074,pending,2024-01-28
34638,Product_4638_3,electronics,957.4935420746298,440.4343855528679,inactive,2024-09-19
34639,Product_4639_3,clothing,829.0468683528804,22.7212225051587,archived,2024-11-28
34640,Product_4640_3,clothing,408.1134406692894,391.9411575627729,archived,2024-08-02
34641,Product_4641_3,home,918.382720196985,187.4254985863869,inactive,2024-05-25
34642,Product_4642_3,sports,800.2482044790266,165.29320033758935,active,2024-09-15
34643,Product_4643_3,books,433.6318993170499,269.41793131209175,active,2024-03-02
34644,Product_4644_3,sports,527.5634789204455,325.94262959261505,inactive,2024-08-23
34645,Product_4645_3,electronics,373.11200755027284,215.1337042713455,archived,2024-12-17
34646,Product_4646_3,sports,88.21153511084798,272.89497778878894,inactive,2024-11-04
34647,Product_4647_3,electronics,726.1451933450116,67.76611541568668,archived,2024-03-22
34648,Product_4648_3,home,230.14769778313132,84.57690215861034,inactive,2024-01-06
34649,Product_4649_3,books,286.60634667810075,98.77199998248668,archived,2024-02-27
34650,Product_4650_3,sports,906.201047652248,30.359739960070094,active,2024-04-24
34651,Product_4651_3,electronics,16.252157921066818,90.9052681317908,archived,2024-04-11
34652,Product_4652_3,books,733.9736076990669,211.3351661768593,pending,2024-08-13
34653,Product_4653_3,clothing,490.36907686086244,158.58225298677857,inactive,2024-09-28
34654,Product_4654_3,books,290.7583144342675,45.4536813619797,inactive,2024-01-11
34655,Product_4655_3,sports,807.2148941671977,455.91707846977374,pending,2024-08-06
34656,Product_4656_3,clothing,852.961301218589,115.4101891194822,inactive,2024-02-15
34657,Product_4657_3,sports,112.37829531261075,123.75367451408417,active,2024-11-22
34658,Product_4658_3,sports,623.5328692194954,205.7246895609269,inactive,2024-05-28
34659,Product_4659_3,books,636.9794148292972,142.38910721417437,archived,2024-06-27
34660,Product_4660_3,home,370.32694254908995,125.02724714177795,inactive,2024-06-27
34661,Product_4661_3,home,913.1615798200303,295.5390407946915,archived,2024-07-04
34662,Product_4662_3,sports,11.230550465924843,235.5798902830631,archived,2024-01-25
34663,Product_4663_3,electronics,781.0534454235772,423.05424737791435,active,2024-01-03
34664,Product_4664_3,home,36.48263596716716,258.72825862920354,inactive,2024-12-04
34665,Product_4665_3,sports,30.172085989673533,244.5927142806614,pending,2024-06-17
34666,Product_4666_3,sports,474.7123288903574,414.7889797516,inactive,2024-06-11
34667,Product_4667_3,electronics,866.0522506314638,142.4225389518218,inactive,2024-08-05
34668,Product_4668_3,sports,573.9639253187344,263.96413189784437,archived,2024-02-18
34669,Product_4669_3,sports,764.590297200029,326.4971875048958,active,2024-02-02
34670,Product_4670_3,clothing,86.21699730781233,210.4166318154626,inactive,2024-04-14
34671,Product_4671_3,home,24.714514769393972,97.88985168726522,inactive,2024-05-22
34672,Product_4672_3,sports,56.117791668465635,330.2058627940778,pending,2024-12-13
34673,Product_4673_3,home,450.64302159970515,128.3154234364386,active,2024-03-13
34674,Product_4674_3,clothing,238.62134995422628,403.63019623561587,inactive,2024-10-01
34675,Product_4675_3,electronics,50.853222454853096,81.74297200384443,active,2024-01-26
34676,Product_4676_3,electronics,655.1219416326684,254.07409999865882,active,2024-04-17
34677,Product_4677_3,books,90.55672744689112,222.58245307209407,inactive,2024-04-01
34678,Product_4678_3,electronics,173.106604995383,199.99244357522002,inactive,2024-10-08
34679,Product_4679_3,books,264.98863372900223,233.9228447532496,inactive,2024-05-15
34680,Product_4680_3,books,473.24555623012515,168.1324018303148,pending,2024-02-19
34681,Product_4681_3,clothing,580.5489612254328,237.217572671289,pending,2024-09-17
34682,Product_4682_3,books,342.7438290592521,422.26358644152316,inactive,2024-01-13
34683,Product_4683_3,home,741.4077509711158,312.86343231848474,active,2024-08-07
34684,Product_4684_3,sports,842.8188954974695,362.5789564477878,active,2024-02-26
34685,Product_4685_3,sports,833.9790959237992,32.824034018186424,archived,2024-01-25
34686,Product_4686_3,sports,390.8947984515176,348.40061201121915,archived,2024-04-04
34687,Product_4687_3,sports,764.8965594675092,193.12995411761275,pending,2024-07-01
34688,Product_4688_3,sports,625.1459727734178,87.7875284845604,pending,2024-09-09
34689,Product_4689_3,home,371.9008064409127,247.9635724800871,active,2024-06-06
34690,Product_4690_3,home,973.6528048374882,257.41873302673116,pending,2024-03-09
34691,Product_4691_3,clothing,284.43361296967737,244.69841199270653,active,2024-11-05
34692,Product_4692_3,home,90.02449223760895,404.07502241455126,inactive,2024-12-12
34693,Product_4693_3,electronics,840.2703113395162,122.55812216867727,inactive,2024-09-16
34694,Product_4694_3,sports,382.5968202958677,337.2268740684476,active,2024-06-04
34695,Product_4695_3,books,7.057576217799465,292.8567575953301,inactive,2024-08-07
34696,Product_4696_3,sports,671.1994115504302,199.86397917759962,inactive,2024-07-27
34697,Product_4697_3,books,303.32108274636175,117.32948992793534,pending,2024-11-20
34698,Product_4698_3,books,623.7185215616132,71.52286120925174,pending,2024-07-04
34699,Product_4699_3,electronics,468.3393286707191,316.9479548931196,inactive,2024-07-26
34700,Product_4700_3,books,932.9019146552421,372.94271906818426,active,2024-04-10
34701,Product_4701_3,electronics,746.1109586764769,97.94658742027089,archived,2024-06-22
34702,Product_4702_3,sports,379.2826893976178,104.71033518905634,active,2024-06-01
34703,Product_4703_3,clothing,125.1922574409264,69.54694109670402,archived,2024-01-12
34704,Product_4704_3,home,550.9069400127266,349.36249901230076,inactive,2024-10-10
34705,Product_4705_3,sports,350.63233668591624,333.53788329016135,active,2024-05-15
34706,Product_4706_3,books,676.5972789764744,53.404761681155016,inactive,2024-08-23
34707,Product_4707_3,home,345.0737980497635,281.89889785086837,inactive,2024-06-24
34708,Product_4708_3,books,237.43392053851352,20.300765644700302,archived,2024-12-13
34709,Product_4709_3,sports,878.7835013360375,91.14306270563165,archived,2024-11-11
34710,Product_4710_3,electronics,608.4756647267373,473.21902293935426,archived,2024-02-23
34711,Product_4711_3,clothing,503.514494400293,148.167871081947,archived,2024-03-01
34712,Product_4712_3,electronics,912.5112173799992,110.61916793619882,inactive,2024-12-11
34713,Product_4713_3,clothing,153.94008956989052,97.35571285989651,inactive,2024-10-04
34714,Product_4714_3,clothing,932.0182457736199,269.6836864351626,active,2024-02-11
34715,Product_4715_3,electronics,259.4929756196761,13.24174570470003,active,2024-06-10
34716,Product_4716_3,sports,614.7755456446899,344.9414484703625,pending,2024-02-21
34717,Product_4717_3,electronics,37.28740992149448,141.6447700684123,inactive,2024-12-01
34718,Product_4718_3,electronics,942.3923322805025,288.04515119851055,pending,2024-04-24
34719,Product_4719_3,clothing,135.59927056920625,413.39791104826526,archived,2024-03-04
34720,Product_4720_3,home,857.4231432413694,345.8470146653954,archived,2024-11-23
34721,Product_4721_3,electronics,16.89470228455776,20.489571388268505,active,2024-08-27
34722,Product_4722_3,sports,213.5494675274576,71.07348817479523,archived,2024-12-22
34723,Product_4723_3,clothing,592.3362990341806,335.8070605095121,inactive,2024-04-09
34724,Product_4724_3,electronics,200.97945825945447,138.67154554230396,archived,2024-10-06
34725,Product_4725_3,books,533.3107677287716,436.8111868202393,inactive,2024-02-12
34726,Product_4726_3,home,93.73771955058628,340.9863736411765,archived,2024-08-09
34727,Product_4727_3,books,708.6115031714622,480.1169256943264,active,2024-03-21
34728,Product_4728_3,sports,915.0973034716552,455.87841943116825,inactive,2024-09-25
34729,Product_4729_3,sports,797.4253683608919,456.6907321860684,pending,2024-03-14
34730,Product_4730_3,books,906.3737502728097,499.81593231777396,active,2024-11-02
34731,Product_4731_3,sports,282.361806112578,11.29463698927646,pending,2024-04-02
34732,Product_4732_3,home,307.85804127586067,83.42639435207501,active,2024-05-12
34733,Product_4733_3,home,792.1996154756202,383.76449768657307,pending,2024-01-28
34734,Product_4734_3,electronics,914.3693917832873,92.4166743624576,inactive,2024-03-10
34735,Product_4735_3,books,214.5899303992315,318.84004784953174,archived,2024-04-25
34736,Product_4736_3,sports,666.8254435183358,98.70839978325475,inactive,2024-05-28
34737,Product_4737_3,books,730.3740036404452,342.1811435535646,pending,2024-03-07
34738,Product_4738_3,sports,427.7455301259627,436.52849150832185,active,2024-12-03
34739,Product_4739_3,electronics,8.384919182681898,166.06067269988418,pending,2024-11-01
34740,Product_4740_3,sports,380.16525052786676,339.92829280534056,archived,2024-06-22
34741,Product_4741_3,electronics,748.3951413122053,46.2837385443818,archived,2024-04-25
34742,Product_4742_3,sports,727.7018926206362,400.5121854328567,active,2024-07-10
34743,Product_4743_3,electronics,340.9746058948151,343.2903742725603,pending,2024-09-13
34744,Product_4744_3,books,729.0844418983953,359.81234254988476,pending,2024-05-07
34745,Product_4745_3,electronics,709.5666657106743,89.83137691405454,archived,2024-08-15
34746,Product_4746_3,electronics,724.996599858928,484.5342116842232,inactive,2024-07-14
34747,Product_4747_3,sports,442.8098997133779,144.87852502322426,active,2024-01-22
34748,Product_4748_3,electronics,922.3837099596178,377.6688632292023,active,2024-03-03
34749,Product_4749_3,clothing,342.47391872623956,481.79710087316164,pending,2024-01-24
34750,Product_4750_3,books,279.370057909414,145.27611799645524,inactive,2024-10-22
34751,Product_4751_3,clothing,720.879089953178,456.5180700264479,active,2024-04-26
34752,Product_4752_3,electronics,774.9093702305307,492.2092978520303,inactive,2024-10-09
34753,Product_4753_3,clothing,365.3754716947096,232.98326967478695,active,2024-01-23
34754,Product_4754_3,clothing,793.3391349948994,245.35350691515083,pending,2024-07-04
34755,Product_4755_3,clothing,766.124032258242,235.63839876268912,archived,2024-11-20
34756,Product_4756_3,clothing,550.8497432259354,218.18743242209638,archived,2024-08-03
34757,Product_4757_3,sports,729.3100185046599,335.32901690550017,pending,2024-03-13
34758,Product_4758_3,clothing,827.1967112732385,471.5092364900444,pending,2024-07-22
34759,Product_4759_3,electronics,327.4095833988936,31.56866380883879,active,2024-05-25
34760,Product_4760_3,sports,309.2384102636053,164.29000170105283,archived,2024-11-17
34761,Product_4761_3,electronics,715.1760615051377,46.49235196959185,archived,2024-12-18
34762,Product_4762_3,books,60.73191713718,188.5221360190939,active,2024-04-21
34763,Product_4763_3,clothing,750.3742900735078,61.813978797970194,pending,2024-03-04
34764,Product_4764_3,books,918.814711997623,461.95348667458325,pending,2024-04-15
34765,Product_4765_3,electronics,483.68727751239066,39.719093696300746,pending,2024-03-12
34766,Product_4766_3,electronics,136.7073017943654,30.121299592388457,inactive,2024-02-09
34767,Product_4767_3,sports,282.56430717057725,190.34290262642267,archived,2024-04-25
34768,Product_4768_3,clothing,648.9274708076151,398.53330194587545,active,2024-12-08
34769,Product_4769_3,clothing,79.513111455099,44.22244558012092,archived,2024-07-04
34770,Product_4770_3,sports,229.09482747586208,210.85472374597063,pending,2024-09-04
34771,Product_4771_3,sports,324.2307591723612,412.9854645430326,archived,2024-01-11
34772,Product_4772_3,books,608.7031513400265,329.8964404193057,pending,2024-05-02
34773,Product_4773_3,sports,333.75415154052496,117.11475627666837,archived,2024-07-19
34774,Product_4774_3,home,299.06173587748566,239.3343112092582,pending,2024-06-11
34775,Product_4775_3,electronics,691.8710494076472,142.65828023954933,inactive,2024-04-22
34776,Product_4776_3,books,74.20807018141696,214.91176782200833,active,2024-10-16
34777,Product_4777_3,clothing,520.1500982643898,177.83907303585474,active,2024-08-18
34778,Product_4778_3,clothing,317.2136599039989,341.6121894262118,inactive,2024-10-07
34779,Product_4779_3,clothing,964.5211201085186,187.39368072879105,active,2024-11-27
34780,Product_4780_3,electronics,811.8894238284139,130.74775573018485,active,2024-12-16
34781,Product_4781_3,books,830.7796592497812,458.43920276638426,active,2024-03-03
34782,Product_4782_3,books,227.22549070848186,33.90353881561887,active,2024-05-22
34783,Product_4783_3,books,198.77297603474872,75.33877392955482,active,2024-07-11
34784,Product_4784_3,electronics,296.36856578356276,308.17673648114703,inactive,2024-02-04
34785,Product_4785_3,clothing,953.3180846997509,196.27173412519082,pending,2024-07-27
34786,Product_4786_3,sports,96.453672271286,171.21581818196296,pending,2024-01-06
34787,Product_4787_3,clothing,459.4963600691314,257.28276531577023,inactive,2024-07-14
34788,Product_4788_3,books,54.365949816398405,244.37547137177378,pending,2024-09-04
34789,Product_4789_3,sports,54.72288991600359,145.39673872020413,active,2024-11-09
34790,Product_4790_3,clothing,42.25974411823521,118.07894070235416,archived,2024-11-21
34791,Product_4791_3,books,806.814681154592,345.8545837023554,inactive,2024-07-20
34792,Product_4792_3,books,519.3610905286378,15.995011935018457,pending,2024-04-17
34793,Product_4793_3,clothing,638.5716890113008,38.652107460122366,active,2024-07-26
34794,Product_4794_3,books,618.175019043448,276.39179564196775,inactive,2024-11-25
34795,Product_4795_3,home,610.9967840777174,440.40880423080074,inactive,2024-12-18
34796,Product_4796_3,electronics,844.5931732465267,281.34153714969676,active,2024-04-12
34797,Product_4797_3,books,765.9219266481075,287.2337856920023,archived,2024-08-28
34798,Product_4798_3,books,937.2720804158599,261.0941210706636,inactive,2024-01-17
34799,Product_4799_3,books,979.4213275100442,366.15920790667633,pending,2024-04-22
34800,Product_4800_3,home,516.6647937451047,243.062501038484,active,2024-08-03
34801,Product_4801_3,electronics,330.11458548414583,251.82027815362994,active,2024-10-12
34802,Product_4802_3,electronics,102.23352847531595,212.8477035954472,inactive,2024-09-23
34803,Product_4803_3,sports,412.57843754743743,304.9293810018307,inactive,2024-10-01
34804,Product_4804_3,clothing,50.617286923620924,27.755891194613895,archived,2024-07-14
34805,Product_4805_3,sports,34.54458022633562,313.8341370357197,active,2024-10-26
34806,Product_4806_3,clothing,732.9742710717705,75.19987399299058,archived,2024-10-26
34807,Product_4807_3,books,929.5957035989697,113.0307813420903,pending,2024-11-08
34808,Product_4808_3,electronics,377.1621041965371,283.6161273438896,inactive,2024-06-04
34809,Product_4809_3,home,218.76357788589547,232.8709044131058,pending,2024-09-24
34810,Product_4810_3,clothing,212.48929704468839,180.81233507746927,active,2024-11-23
34811,Product_4811_3,clothing,159.30482312423857,79.04452231723138,archived,2024-11-18
34812,Product_4812_3,sports,534.3932742317623,308.357343636592,active,2024-09-23
34813,Product_4813_3,home,65.82824096878234,420.9722120305021,active,2024-08-22
34814,Product_4814_3,electronics,162.89015519011497,403.1170849226591,active,2024-10-14
34815,Product_4815_3,electronics,889.8277830949461,60.430666841962875,active,2024-07-09
34816,Product_4816_3,books,386.11755887335045,274.79886332500496,pending,2024-01-08
34817,Product_4817_3,sports,799.3636468629423,327.463377451582,inactive,2024-12-25
34818,Product_4818_3,books,930.6541015930657,29.16172437660259,pending,2024-01-19
34819,Product_4819_3,books,838.5328552101608,24.603893700650623,active,2024-10-17
34820,Product_4820_3,home,138.49579530842527,414.5297249899403,active,2024-02-06
34821,Product_4821_3,sports,399.7924739776139,17.469785822417666,active,2024-08-21
34822,Product_4822_3,electronics,563.6223371341645,10.96101239074924,pending,2024-11-03
34823,Product_4823_3,home,106.43341650894342,408.54964578380543,active,2024-11-09
34824,Product_4824_3,clothing,521.8417493201773,347.308952584522,pending,2024-04-11
34825,Product_4825_3,electronics,445.23777901242835,154.20945134774232,archived,2024-06-08
34826,Product_4826_3,home,983.5090443987184,272.3503482926248,active,2024-11-27
34827,Product_4827_3,home,493.64880381691546,61.77573373659938,active,2024-07-20
34828,Product_4828_3,electronics,611.5682120380043,150.70093994970287,archived,2024-09-12
34829,Product_4829_3,books,630.8925266724,328.65233069426847,active,2024-04-04
34830,Product_4830_3,electronics,211.34477586060558,373.888092588087,archived,2024-09-16
34831,Product_4831_3,books,878.343321107687,68.49647706553291,active,2024-12-16
34832,Product_4832_3,books,118.3190445520822,25.583448401168315,active,2024-08-14
34833,Product_4833_3,sports,576.3910106616258,397.9316445793119,inactive,2024-05-05
34834,Product_4834_3,sports,658.2041705565473,200.87771670007868,pending,2024-02-14
34835,Product_4835_3,clothing,174.4311238827096,203.66495986517148,inactive,2024-11-23
34836,Product_4836_3,books,957.6171474172947,401.7498902439153,inactive,2024-11-12
34837,Product_4837_3,electronics,626.9574069719084,460.4644839619295,archived,2024-12-03
34838,Product_4838_3,home,135.708493249776,219.7340269256217,archived,2024-06-01
34839,Product_4839_3,electronics,998.5833738105591,412.18193345269253,active,2024-09-03
34840,Product_4840_3,home,346.1598823245143,76.09738575472774,inactive,2024-06-15
34841,Product_4841_3,electronics,395.55971193693796,334.8300744096194,active,2024-11-09
34842,Product_4842_3,sports,544.8165030349421,444.63621546944944,active,2024-12-09
34843,Product_4843_3,home,602.3150165356193,282.64216785850425,archived,2024-01-03
34844,Product_4844_3,books,955.1705264638894,332.488378022209,inactive,2024-02-23
34845,Product_4845_3,electronics,787.1695111472162,86.22129576312395,archived,2024-03-21
34846,Product_4846_3,home,802.9220623421805,24.71719551295582,pending,2024-03-17
34847,Product_4847_3,sports,673.1773437687145,260.57902202744384,archived,2024-10-12
34848,Product_4848_3,electronics,200.78281843903264,151.44284306339938,pending,2024-05-01
34849,Product_4849_3,electronics,625.2643075644635,47.73803485046671,inactive,2024-07-15
34850,Product_4850_3,books,874.2368115129084,343.5809881904221,pending,2024-07-09
34851,Product_4851_3,sports,113.17465829760359,77.41809174009737,inactive,2024-09-21
34852,Product_4852_3,books,591.6950830798278,499.13532079510753,active,2024-04-05
34853,Product_4853_3,clothing,749.5682394054953,306.42800237276947,active,2024-02-01
34854,Product_4854_3,books,94.05315561684928,227.4152855166553,inactive,2024-06-04
34855,Product_4855_3,sports,389.85003317036296,399.7691216874495,pending,2024-06-22
34856,Product_4856_3,clothing,373.9914129218203,75.2114159686042,inactive,2024-04-14
34857,Product_4857_3,electronics,241.50001315124834,155.34452454509224,inactive,2024-04-18
34858,Product_4858_3,sports,840.6534912832966,220.01829379745317,inactive,2024-02-03
34859,Product_4859_3,clothing,62.51019886994159,337.22917458821735,pending,2024-03-01
34860,Product_4860_3,electronics,756.1228377251159,465.0024100888888,inactive,2024-11-08
34861,Product_4861_3,electronics,409.01240616089007,435.5831731092501,archived,2024-05-04
34862,Product_4862_3,electronics,593.1194207711164,487.96052539591705,pending,2024-04-27
34863,Product_4863_3,home,842.5048066803628,410.0737070975523,pending,2024-06-13
34864,Product_4864_3,home,825.7479921993123,434.1683455393821,archived,2024-01-04
34865,Product_4865_3,books,716.6634877183354,442.45794643144717,archived,2024-10-15
34866,Product_4866_3,books,515.2906884360425,16.146336403601858,inactive,2024-02-26
34867,Product_4867_3,sports,157.16691944039354,90.11281524994786,pending,2024-01-06
34868,Product_4868_3,books,428.5690927856127,78.80283996095038,active,2024-05-01
34869,Product_4869_3,books,76.82614679132422,219.88798422776986,inactive,2024-06-28
34870,Product_4870_3,books,144.74187592849998,42.02965990638954,archived,2024-10-03
34871,Product_4871_3,books,857.888063400717,121.17672048991791,inactive,2024-12-16
34872,Product_4872_3,clothing,907.5575602137302,437.71629716165364,pending,2024-12-01
34873,Product_4873_3,electronics,487.99022145611576,88.1193929142163,active,2024-12-21
34874,Product_4874_3,home,734.4655369328866,257.2728563165896,pending,2024-10-19
34875,Product_4875_3,sports,899.5269231814669,316.1970374625222,inactive,2024-09-28
34876,Product_4876_3,home,297.7440897937521,48.47478392225395,pending,2024-07-25
34877,Product_4877_3,electronics,54.09187732051692,404.56625927150554,inactive,2024-05-05
34878,Product_4878_3,clothing,439.3749104233312,416.61830268400115,pending,2024-08-22
34879,Product_4879_3,electronics,984.793715195384,415.49046745300404,inactive,2024-02-21
34880,Product_4880_3,clothing,931.5478382588631,88.08760151985808,archived,2024-04-07
34881,Product_4881_3,electronics,212.0669836000175,115.23075393328105,active,2024-01-17
34882,Product_4882_3,sports,877.0125139553281,274.56204184766153,pending,2024-03-13
34883,Product_4883_3,sports,729.470461077067,237.80734389758572,active,2024-03-14
34884,Product_4884_3,books,992.3070894699775,467.9769525819121,archived,2024-07-04
34885,Product_4885_3,books,908.7344165663527,317.68683042959213,pending,2024-05-24
34886,Product_4886_3,electronics,854.4994603228538,499.1357506581271,pending,2024-05-04
34887,Product_4887_3,books,926.1732891693894,111.79353634581533,pending,2024-09-09
34888,Product_4888_3,home,577.129591036115,402.845573899148,active,2024-05-02
34889,Product_4889_3,home,30.708615946118737,136.36194560394588,archived,2024-03-25
34890,Product_4890_3,electronics,717.9402649161212,367.71092508889564,archived,2024-09-08
34891,Product_4891_3,sports,791.5940744243561,305.71264710261664,archived,2024-09-21
34892,Product_4892_3,sports,608.696584334273,47.6260519889133,pending,2024-09-27
34893,Product_4893_3,sports,765.0341139552522,269.8487113660156,pending,2024-11-24
34894,Product_4894_3,home,971.7092729703721,296.2500480901669,archived,2024-06-05
34895,Product_4895_3,home,767.1264488113529,291.53217990393006,archived,2024-07-21
34896,Product_4896_3,home,885.6579997473724,150.74346958887443,inactive,2024-03-08
34897,Product_4897_3,home,173.8652130183585,99.90318489462562,pending,2024-07-18
34898,Product_4898_3,electronics,678.386583052514,63.42749964127471,active,2024-12-02
34899,Product_4899_3,books,484.32420451376464,421.6797938217191,inactive,2024-12-26
34900,Product_4900_3,clothing,540.9528287407625,309.1120278832898,pending,2024-08-24
34901,Product_4901_3,clothing,710.8016735874601,146.78939998535523,pending,2024-04-11
34902,Product_4902_3,books,439.0102811485237,227.83826390068143,inactive,2024-02-28
34903,Product_4903_3,clothing,832.1476194379196,407.10167612719454,archived,2024-10-19
34904,Product_4904_3,sports,52.432881534339955,423.895866047788,inactive,2024-12-02
34905,Product_4905_3,sports,531.9041309641184,422.38545853040193,active,2024-12-01
34906,Product_4906_3,electronics,519.5278733647945,480.0439183346848,pending,2024-11-23
34907,Product_4907_3,books,695.4086301891025,492.4771476197121,archived,2024-02-25
34908,Product_4908_3,home,358.95502720789045,480.2758485218763,inactive,2024-11-28
34909,Product_4909_3,books,709.6379120928995,408.99318520220885,archived,2024-08-05
34910,Product_4910_3,books,74.84253626985793,108.13165079724563,archived,2024-01-14
34911,Product_4911_3,home,852.9378818176531,100.30069505459186,archived,2024-01-04
34912,Product_4912_3,electronics,739.3138298562117,368.3621207781114,archived,2024-09-23
34913,Product_4913_3,electronics,273.72674669781003,248.46963258751495,pending,2024-11-28
34914,Product_4914_3,sports,273.82333230035107,152.7013365626939,archived,2024-06-17
34915,Product_4915_3,sports,14.246655552756245,372.94551191209143,inactive,2024-10-25
34916,Product_4916_3,clothing,426.262400468158,242.5298720432303,inactive,2024-05-06
34917,Product_4917_3,home,171.1096170674635,317.364530104954,archived,2024-09-09
34918,Product_4918_3,electronics,893.4484601695094,259.8477845627431,pending,2024-04-12
34919,Product_4919_3,home,967.3649109988384,401.44333200656877,active,2024-03-23
34920,Product_4920_3,clothing,532.1514331433397,107.90992803010498,inactive,2024-12-23
34921,Product_4921_3,electronics,361.426101170335,44.302755315855585,active,2024-04-08
34922,Product_4922_3,home,918.868540287139,412.08253117995565,inactive,2024-07-22
34923,Product_4923_3,sports,810.1322123571656,414.9385227853573,active,2024-07-16
34924,Product_4924_3,books,190.3834504487627,104.73813155283955,active,2024-07-27
34925,Product_4925_3,electronics,28.781778523861895,290.83315918844573,inactive,2024-01-10
34926,Product_4926_3,clothing,445.2073651303054,206.04536498877283,inactive,2024-09-19
34927,Product_4927_3,clothing,550.9616812995105,96.72122143029146,pending,2024-10-21
34928,Product_4928_3,clothing,634.2603263420036,453.7747693924202,active,2024-08-11
34929,Product_4929_3,sports,642.5714595299443,425.29991915564096,archived,2024-03-14
34930,Product_4930_3,books,46.42817678720853,191.69106915752985,pending,2024-08-14
34931,Product_4931_3,sports,469.90513604165415,175.76453076271906,inactive,2024-11-21
34932,Product_4932_3,electronics,288.4111147865275,293.59905755108804,inactive,2024-05-01
34933,Product_4933_3,electronics,191.13788491883338,400.828441834589,pending,2024-04-19
34934,Product_4934_3,electronics,926.1590645025719,464.69802476293705,archived,2024-06-19
34935,Product_4935_3,electronics,508.2055584390348,427.8899438636644,pending,2024-10-15
34936,Product_4936_3,home,720.2439055671414,325.1810966463658,pending,2024-07-08
34937,Product_4937_3,clothing,918.8557890366974,490.76929496875005,inactive,2024-06-10
34938,Product_4938_3,books,209.22610109005504,395.6248185621404,inactive,2024-06-05
34939,Product_4939_3,home,522.7874801917853,162.379085654006,pending,2024-03-14
34940,Product_4940_3,electronics,942.6527832372353,328.059666271806,inactive,2024-06-24
34941,Product_4941_3,sports,600.3383082469508,260.98398795215394,inactive,2024-01-23
34942,Product_4942_3,clothing,371.81802688895345,81.75131732070899,pending,2024-04-15
34943,Product_4943_3,home,593.3821216348525,194.3555131177238,active,2024-04-18
34944,Product_4944_3,electronics,422.27703872397996,356.7985082426162,archived,2024-11-26
34945,Product_4945_3,electronics,990.3309757310468,241.71989691276977,archived,2024-10-17
34946,Product_4946_3,sports,647.204541375044,299.0642741638382,pending,2024-03-24
34947,Product_4947_3,electronics,317.1610363095193,369.02418179988354,active,2024-11-28
34948,Product_4948_3,home,632.3275582607248,483.722560914226,archived,2024-03-23
34949,Product_4949_3,clothing,144.513487638875,248.16072602144212,active,2024-08-23
34950,Product_4950_3,electronics,264.4781319752034,299.3937218643748,archived,2024-03-27
34951,Product_4951_3,electronics,54.328602566677105,48.19899098394229,pending,2024-07-15
34952,Product_4952_3,home,443.03648752998686,28.73935164803486,archived,2024-09-09
34953,Product_4953_3,clothing,870.5060954762221,455.0828288545068,active,2024-03-17
34954,Product_4954_3,books,418.2350269475888,490.7702684368024,archived,2024-06-16
34955,Product_4955_3,sports,643.1089007054879,451.48295717510314,active,2024-05-24
34956,Product_4956_3,sports,767.0206340829628,457.68257723759245,inactive,2024-08-16
34957,Product_4957_3,home,824.416633575961,102.88294604522024,active,2024-06-10
34958,Product_4958_3,books,992.3187250653386,121.75298989687107,pending,2024-01-20
34959,Product_4959_3,electronics,751.894099457291,413.1590763868977,active,2024-10-07
34960,Product_4960_3,clothing,571.9972593203612,351.5121943018139,pending,2024-01-21
34961,Product_4961_3,books,523.6305024377142,131.41928761237494,active,2024-10-10
34962,Product_4962_3,electronics,129.39382943241694,418.89473140509,archived,2024-07-17
34963,Product_4963_3,sports,793.2291666784696,106.63547271980231,pending,2024-12-27
34964,Product_4964_3,home,256.01043923662405,350.9093240861746,inactive,2024-03-20
34965,Product_4965_3,books,911.986399821236,447.2336483498226,active,2024-07-16
34966,Product_4966_3,home,40.34578031748325,350.83310619108767,pending,2024-10-10
34967,Product_4967_3,books,721.8568683283554,338.92258095253476,inactive,2024-11-18
34968,Product_4968_3,books,338.9347852016297,65.49075215126733,active,2024-12-12
34969,Product_4969_3,electronics,404.64633634241414,467.83699448638424,active,2024-11-28
34970,Product_4970_3,books,247.71913969178613,210.095775273213,inactive,2024-04-09
34971,Product_4971_3,home,377.88111868570377,284.05726647190943,inactive,2024-05-18
34972,Product_4972_3,home,297.65805946617263,70.19212818127937,inactive,2024-05-01
34973,Product_4973_3,books,720.490158151889,67.1169429857495,active,2024-06-01
34974,Product_4974_3,books,541.5500308733488,342.403165323634,inactive,2024-10-01
34975,Product_4975_3,electronics,599.4894994873836,179.15645650514122,pending,2024-02-21
34976,Product_4976_3,books,808.1327002719195,387.1595959950498,archived,2024-11-03
34977,Product_4977_3,clothing,843.7854522293172,272.88373934930877,pending,2024-11-08
34978,Product_4978_3,electronics,382.69148425746425,291.7794177906207,archived,2024-12-04
34979,Product_4979_3,sports,640.6402367478767,280.2482414134576,inactive,2024-07-16
34980,Product_4980_3,home,94.79963113463216,437.10664833110627,archived,2024-10-27
34981,Product_4981_3,electronics,547.7593912382299,282.57102399137534,inactive,2024-09-07
34982,Product_4982_3,sports,342.7155047214572,73.55293318532117,pending,2024-01-25
34983,Product_4983_3,electronics,644.6963964693593,270.6629725983271,pending,2024-08-18
34984,Product_4984_3,electronics,426.789197693604,332.33875067486963,inactive,2024-10-10
34985,Product_4985_3,clothing,266.37890632982834,204.86354643099423,pending,2024-02-08
34986,Product_4986_3,home,93.17636667993895,198.47936973198645,pending,2024-01-09
34987,Product_4987_3,electronics,415.7775244327629,10.815507218872916,archived,2024-08-03
34988,Product_4988_3,books,754.5993457849172,12.346765775058271,active,2024-06-10
34989,Product_4989_3,books,182.331737959507,188.09545850779844,inactive,2024-02-22
34990,Product_4990_3,clothing,857.9145622575614,53.1151660387169,archived,2024-03-11
34991,Product_4991_3,sports,661.3957861630671,489.1958525334518,pending,2024-07-18
34992,Product_4992_3,home,687.3103232330211,392.915176269429,inactive,2024-10-07
34993,Product_4993_3,home,577.1246230424739,276.3091516221753,active,2024-03-10
34994,Product_4994_3,home,612.0125254281234,337.3678386257631,inactive,2024-03-24
34995,Product_4995_3,books,192.5803777686973,166.50047691169416,archived,2024-06-05
34996,Product_4996_3,home,606.3795536663343,229.15330313493786,archived,2024-04-01
34997,Product_4997_3,clothing,959.8300645793935,152.09286921063662,active,2024-04-12
34998,Product_4998_3,home,573.4370315505929,316.78201115734083,inactive,2024-11-24
34999,Product_4999_3,electronics,37.75160359196539,408.4976570897605,active,2024-08-11
35000,Product_5000_3,books,181.76490519425417,114.28075009853168,inactive,2024-02-22
35001,Product_5001_3,books,309.0616210660241,483.0298007450779,pending,2024-06-01
35002,Product_5002_3,books,1.7339009696396483,315.60731435813597,inactive,2024-01-05
35003,Product_5003_3,books,113.42137754442255,223.58098625769168,active,2024-01-24
35004,Product_5004_3,electronics,96.97935291142048,394.47779751493215,archived,2024-09-01
35005,Product_5005_3,books,491.30762510212764,269.19669095188715,pending,2024-07-19
35006,Product_5006_3,books,816.6953802466907,220.4682230288877,pending,2024-11-28
35007,Product_5007_3,sports,329.64666825433454,247.0703075259799,active,2024-03-12
35008,Product_5008_3,sports,631.8255047818353,489.39768274409687,archived,2024-09-28
35009,Product_5009_3,books,163.96793188480882,498.8964248095624,inactive,2024-07-14
35010,Product_5010_3,home,636.7475861834304,113.6650635551681,archived,2024-06-26
35011,Product_5011_3,electronics,564.6067205635825,163.1078122465348,active,2024-08-19
35012,Product_5012_3,clothing,146.18649946362163,183.57582821920062,pending,2024-07-06
35013,Product_5013_3,electronics,600.9304968400256,494.2679526262906,pending,2024-11-15
35014,Product_5014_3,electronics,2.6088426387144903,191.53564387749657,pending,2024-07-02
35015,Product_5015_3,books,247.76557322449165,44.78242082996475,pending,2024-04-03
35016,Product_5016_3,books,882.2305488529829,494.7925274831561,active,2024-05-10
35017,Product_5017_3,electronics,741.5391931312053,281.1474981652895,active,2024-04-11
35018,Product_5018_3,clothing,615.0266009636376,471.86557850426266,pending,2024-10-28
35019,Product_5019_3,clothing,712.9159938226095,260.86893328120243,pending,2024-10-14
35020,Product_5020_3,clothing,77.66293462642831,468.4894019120202,active,2024-04-26
35021,Product_5021_3,books,648.6329103282733,287.85594283743654,inactive,2024-04-24
35022,Product_5022_3,home,77.35777883853712,288.9733694964939,inactive,2024-09-23
35023,Product_5023_3,books,578.5515681916511,179.18188209332763,pending,2024-10-25
35024,Product_5024_3,books,67.97063678446136,144.77508742702398,archived,2024-08-06
35025,Product_5025_3,books,361.99008077631544,16.55967586325123,archived,2024-05-28
35026,Product_5026_3,clothing,93.08241723353379,489.798988406573,active,2024-09-19
35027,Product_5027_3,clothing,922.0081543065265,399.16221328000904,inactive,2024-04-18
35028,Product_5028_3,clothing,898.6402872629715,402.73206001034356,active,2024-06-21
35029,Product_5029_3,electronics,135.85643729283612,55.422077900595056,inactive,2024-05-10
35030,Product_5030_3,clothing,644.5166153807435,442.99132503140265,active,2024-09-14
35031,Product_5031_3,clothing,507.766976484253,364.3120681758939,archived,2024-07-03
35032,Product_5032_3,sports,913.3378076837488,148.78704833605437,inactive,2024-10-23
35033,Product_5033_3,sports,216.30792638355317,34.91781470274621,inactive,2024-03-04
35034,Product_5034_3,electronics,760.7002384463296,420.2617277848291,pending,2024-03-26
35035,Product_5035_3,books,881.3929719239529,332.47944632101826,archived,2024-10-26
35036,Product_5036_3,sports,692.7411265290636,256.2154586688849,pending,2024-02-05
35037,Product_5037_3,clothing,584.5307964551549,226.4952173526998,inactive,2024-07-28
35038,Product_5038_3,clothing,225.93260734010303,436.52502671994625,inactive,2024-02-06
35039,Product_5039_3,clothing,756.6666325563922,252.4558492173079,archived,2024-07-22
35040,Product_5040_3,clothing,500.1578669204556,11.531807394663332,active,2024-12-06
35041,Product_5041_3,books,157.9772014422874,120.90618966286657,pending,2024-11-05
35042,Product_5042_3,clothing,958.6025885955258,192.2977626060375,active,2024-10-02
35043,Product_5043_3,sports,79.15832813022776,363.3473765784586,inactive,2024-09-02
35044,Product_5044_3,books,850.3593259405401,116.51747099270041,archived,2024-03-15
35045,Product_5045_3,books,721.7570151412754,451.59840315162376,active,2024-08-13
35046,Product_5046_3,clothing,734.5328343257104,372.03419567906616,active,2024-07-20
35047,Product_5047_3,home,94.75854118636784,423.5938728163426,active,2024-11-26
35048,Product_5048_3,clothing,589.6861355449932,408.6032912129608,pending,2024-12-17
35049,Product_5049_3,electronics,13.370655673126485,179.11800981157674,pending,2024-08-03
35050,Product_5050_3,electronics,642.7054613405669,374.8357195028803,inactive,2024-08-20
35051,Product_5051_3,home,829.6372935603937,173.23126774714464,active,2024-07-12
35052,Product_5052_3,books,496.88369524655667,230.13962747742147,active,2024-07-05
35053,Product_5053_3,clothing,852.1482784859367,147.9121214368571,pending,2024-06-02
35054,Product_5054_3,home,316.0859368777664,340.2209029323826,active,2024-09-06
35055,Product_5055_3,books,180.50593668114286,329.0930868065563,pending,2024-10-28
35056,Product_5056_3,sports,464.332333510338,395.055772379036,archived,2024-02-02
35057,Product_5057_3,electronics,43.75422861306454,136.52099812867198,archived,2024-11-16
35058,Product_5058_3,sports,420.9928710161488,94.80738023761546,pending,2024-03-02
35059,Product_5059_3,electronics,799.4314354549218,194.713267074624,archived,2024-01-02
35060,Product_5060_3,electronics,22.924259269604228,224.13592768688514,pending,2024-04-07
35061,Product_5061_3,clothing,762.9205425709426,161.26275570580086,active,2024-08-12
35062,Product_5062_3,electronics,730.3507023033947,317.95724254975295,pending,2024-02-05
35063,Product_5063_3,sports,968.6559835962199,31.608637734979688,active,2024-10-02
35064,Product_5064_3,electronics,413.21379303989295,310.7582722867575,pending,2024-02-23
35065,Product_5065_3,electronics,114.66121329719745,475.8969930481738,inactive,2024-09-16
35066,Product_5066_3,books,903.0024108999461,484.2960959577649,active,2024-03-26
35067,Product_5067_3,books,933.6059534690926,347.55267141142326,archived,2024-04-24
35068,Product_5068_3,home,279.28206989607116,144.29297015779713,archived,2024-06-28
35069,Product_5069_3,books,797.6163244487508,194.10919076253504,inactive,2024-01-16
35070,Product_5070_3,sports,198.3418219473784,466.07201887243735,inactive,2024-09-17
35071,Product_5071_3,sports,626.89426412879,396.91575455879916,pending,2024-06-13
35072,Product_5072_3,electronics,376.4877690975248,95.56930168304832,pending,2024-07-25
35073,Product_5073_3,sports,900.0739856120975,104.02003505409289,active,2024-02-20
35074,Product_5074_3,sports,683.715494593488,481.7270075927648,pending,2024-09-20
35075,Product_5075_3,clothing,499.7389196543467,491.470091080498,inactive,2024-11-25
35076,Product_5076_3,clothing,301.77871481963535,83.04998436315972,active,2024-01-27
35077,Product_5077_3,sports,172.68391341485784,14.75453096690542,active,2024-12-24
35078,Product_5078_3,clothing,881.0467317247524,372.5360572096556,pending,2024-12-11
35079,Product_5079_3,home,906.701159266993,199.7834912237398,archived,2024-09-23
35080,Product_5080_3,sports,484.1787635489073,97.29355263236361,inactive,2024-03-03
35081,Product_5081_3,sports,665.4342000593393,33.55977987739183,inactive,2024-11-10
35082,Product_5082_3,books,708.6466389576336,103.71560329987764,archived,2024-04-14
35083,Product_5083_3,sports,97.00735219888183,432.0676641979961,pending,2024-05-07
35084,Product_5084_3,home,213.2812263607452,92.90561110710655,archived,2024-04-15
35085,Product_5085_3,electronics,34.89923358543453,351.9294189816337,archived,2024-07-06
35086,Product_5086_3,books,600.1159623058448,427.0491256013071,archived,2024-12-07
35087,Product_5087_3,sports,644.7060364860732,36.70096475891189,inactive,2024-08-15
35088,Product_5088_3,home,119.59750725979498,119.00678774771775,active,2024-06-04
35089,Product_5089_3,clothing,836.9555533610443,52.13356584315414,archived,2024-11-10
35090,Product_5090_3,clothing,555.3195977327119,213.77913038748338,archived,2024-02-07
35091,Product_5091_3,sports,624.2773457644064,98.74108034458956,active,2024-11-23
35092,Product_5092_3,electronics,28.235689205820602,96.82620755391002,active,2024-02-13
35093,Product_5093_3,books,295.7261300034738,495.5781671117367,archived,2024-03-01
35094,Product_5094_3,books,158.83506838519406,326.1436017349983,active,2024-09-24
35095,Product_5095_3,sports,789.0400835064581,97.94387041271708,pending,2024-01-24
35096,Product_5096_3,electronics,888.1029133070848,434.9000216814638,pending,2024-12-15
35097,Product_5097_3,sports,565.8697697378383,321.7944860479429,active,2024-01-25
35098,Product_5098_3,electronics,955.8834677581563,364.84839578733755,active,2024-02-07
35099,Product_5099_3,clothing,874.2175286296348,53.07169761020041,active,2024-04-26
35100,Product_5100_3,sports,344.4273536746332,276.403519432625,active,2024-03-14
35101,Product_5101_3,sports,982.2491121610086,459.6051366068522,active,2024-05-13
35102,Product_5102_3,home,452.7724818602086,222.3609797762894,archived,2024-06-11
35103,Product_5103_3,sports,270.1769150158899,150.96190279980357,active,2024-12-09
35104,Product_5104_3,electronics,253.48509067800842,450.2909947685904,archived,2024-02-07
35105,Product_5105_3,electronics,571.5612634597213,396.4245195307849,inactive,2024-12-23
35106,Product_5106_3,clothing,621.6158211712,59.73560897358581,pending,2024-12-13
35107,Product_5107_3,clothing,909.3214280802538,111.30961913909158,active,2024-02-22
35108,Product_5108_3,sports,869.4870172657726,466.7349648581887,archived,2024-04-21
35109,Product_5109_3,clothing,278.7285176771142,364.4697072108222,archived,2024-03-24
35110,Product_5110_3,home,544.4154163600598,46.95647877013028,pending,2024-11-25
35111,Product_5111_3,clothing,645.8168685587567,103.92200490712068,pending,2024-06-17
35112,Product_5112_3,electronics,967.9647519642474,370.42861152412155,pending,2024-03-11
35113,Product_5113_3,clothing,804.9928584149432,35.23062292084447,pending,2024-05-04
35114,Product_5114_3,home,759.509688518177,386.9941614505695,inactive,2024-08-26
35115,Product_5115_3,clothing,392.45599528163996,105.41268197153819,archived,2024-09-19
35116,Product_5116_3,books,650.8477686199043,415.3219992596521,active,2024-08-05
35117,Product_5117_3,clothing,467.06251700002974,247.1943486756029,archived,2024-01-21
35118,Product_5118_3,clothing,80.76208681160401,369.58846866456145,archived,2024-06-12
35119,Product_5119_3,home,464.68712615663077,76.57430172275609,archived,2024-10-06
35120,Product_5120_3,books,546.2821375499112,476.41323436378855,inactive,2024-01-23
35121,Product_5121_3,books,168.75586744854928,426.32159818816757,pending,2024-04-07
35122,Product_5122_3,books,850.8425352990693,385.6502855071735,pending,2024-07-26
35123,Product_5123_3,books,264.8044562295864,460.84326349668737,inactive,2024-11-26
35124,Product_5124_3,home,147.6442115296321,286.49557849250283,active,2024-04-10
35125,Product_5125_3,clothing,477.0419784496189,214.97273891513862,active,2024-09-08
35126,Product_5126_3,sports,607.4314161904126,272.98041530384603,archived,2024-09-18
35127,Product_5127_3,sports,821.5538951004677,217.5458163579991,archived,2024-04-14
35128,Product_5128_3,books,671.6471733969594,332.0812330960129,active,2024-09-18
35129,Product_5129_3,home,236.2806853629025,481.54393232261657,archived,2024-04-14
35130,Product_5130_3,books,293.6851565558367,487.65311192104,inactive,2024-05-14
35131,Product_5131_3,clothing,318.5998819558216,421.02439584497006,archived,2024-08-06
35132,Product_5132_3,sports,21.812543821078215,156.5676627471364,inactive,2024-08-16
35133,Product_5133_3,sports,772.7643969097015,70.42778100091948,pending,2024-10-11
35134,Product_5134_3,books,660.1107468598858,478.29227003971454,active,2024-07-11
35135,Product_5135_3,books,557.2881066083175,436.52141569442654,inactive,2024-10-14
35136,Product_5136_3,electronics,877.3999646642209,262.4073290274527,active,2024-08-05
35137,Product_5137_3,sports,889.3971363786255,346.90127315962343,pending,2024-11-08
35138,Product_5138_3,sports,654.2026437429006,283.22973805579153,active,2024-06-07
35139,Product_5139_3,books,465.6582604571315,457.57927364994777,inactive,2024-04-12
35140,Product_5140_3,clothing,303.56363465673394,184.2687267063908,active,2024-03-05
35141,Product_5141_3,home,672.14001624766,151.17752360229576,pending,2024-09-20
35142,Product_5142_3,home,198.44914008324307,284.57006729442287,archived,2024-04-06
35143,Product_5143_3,books,788.5396432082948,175.27706869255206,inactive,2024-02-02
35144,Product_5144_3,home,187.48092781593314,440.28740378631267,pending,2024-10-11
35145,Product_5145_3,clothing,306.83700948983204,31.987380249234896,inactive,2024-04-25
35146,Product_5146_3,clothing,258.42390941163626,105.32732593697985,pending,2024-10-17
35147,Product_5147_3,books,717.1188350611782,241.96990506835613,pending,2024-09-04
35148,Product_5148_3,electronics,887.6951897811108,229.88500171692633,active,2024-12-26
35149,Product_5149_3,books,800.6675336945334,99.9461055380947,inactive,2024-11-14
35150,Product_5150_3,clothing,333.6126815566337,117.19329022974331,pending,2024-03-02
35151,Product_5151_3,electronics,16.47990425645358,64.18952052747018,archived,2024-11-12
35152,Product_5152_3,home,56.779394147701666,371.06656532444634,archived,2024-09-16
35153,Product_5153_3,clothing,614.0444351368928,217.50359956549545,inactive,2024-12-08
35154,Product_5154_3,home,846.1220347839492,203.1690569693547,inactive,2024-11-10
35155,Product_5155_3,books,619.4128531054121,333.1509241847885,pending,2024-11-12
35156,Product_5156_3,books,887.353022939113,342.78229351431975,archived,2024-08-19
35157,Product_5157_3,books,951.8914904486185,410.8782230982715,active,2024-10-06
35158,Product_5158_3,books,489.7350760200461,210.55111834508062,inactive,2024-03-17
35159,Product_5159_3,home,990.2805816159247,242.8403144640091,inactive,2024-02-23
35160,Product_5160_3,books,614.6876613313666,214.44334598411723,inactive,2024-04-02
35161,Product_5161_3,sports,266.208210214592,240.95313405866855,archived,2024-07-20
35162,Product_5162_3,books,574.2333520157551,248.80604773065116,active,2024-12-01
35163,Product_5163_3,sports,875.7231637072451,466.5030863870459,active,2024-09-20
35164,Product_5164_3,clothing,692.7133195170871,214.7678035497155,pending,2024-11-12
35165,Product_5165_3,clothing,453.9849872632117,330.23752966274543,inactive,2024-09-08
35166,Product_5166_3,clothing,930.0713578373666,231.9209314142111,pending,2024-08-18
35167,Product_5167_3,home,658.5459729743608,489.2891861002814,inactive,2024-02-17
35168,Product_5168_3,home,468.9183048954236,474.76556994630084,archived,2024-07-01
35169,Product_5169_3,electronics,30.21998395018466,440.4911549066438,archived,2024-08-23
35170,Product_5170_3,electronics,718.7273054026803,85.75816309087202,inactive,2024-10-21
35171,Product_5171_3,clothing,445.72358448553314,396.31975822511924,pending,2024-08-16
35172,Product_5172_3,home,692.9343374854823,319.1210205138192,active,2024-08-15
35173,Product_5173_3,home,165.4007951903949,397.16091531824947,pending,2024-04-09
35174,Product_5174_3,electronics,939.2929644875579,95.90390158807647,archived,2024-02-15
35175,Product_5175_3,home,657.679781841138,424.0950434137413,archived,2024-04-05
35176,Product_5176_3,electronics,957.1046135780819,283.1459537881815,inactive,2024-05-05
35177,Product_5177_3,books,696.6370999375665,82.20604249930315,inactive,2024-01-22
35178,Product_5178_3,home,932.096779501839,155.89204718274488,inactive,2024-05-13
35179,Product_5179_3,home,602.3830861921983,247.33312272839544,inactive,2024-01-14
35180,Product_5180_3,home,48.33111241769642,262.3816347825582,pending,2024-11-13
35181,Product_5181_3,home,618.6078166683862,94.89872326559518,active,2024-09-11
35182,Product_5182_3,books,852.3452325031453,457.35763306470307,archived,2024-07-04
35183,Product_5183_3,home,802.4398242056552,344.5831751918405,inactive,2024-10-23
35184,Product_5184_3,sports,545.5902854954836,246.08180886519165,pending,2024-07-13
35185,Product_5185_3,clothing,826.323992755126,468.630486510055,pending,2024-07-13
35186,Product_5186_3,electronics,88.66808356890391,27.84055372782311,pending,2024-11-06
35187,Product_5187_3,electronics,747.3415747805308,57.817456637726586,inactive,2024-03-19
35188,Product_5188_3,clothing,858.1499012050571,247.57271106848552,pending,2024-02-24
35189,Product_5189_3,clothing,462.46280063073834,101.31136369175826,inactive,2024-05-03
35190,Product_5190_3,books,326.3253583769861,199.7474249662013,active,2024-07-09
35191,Product_5191_3,books,721.9734710665913,348.0975698254935,active,2024-07-20
35192,Product_5192_3,clothing,125.37681624986678,22.1678201306216,inactive,2024-04-13
35193,Product_5193_3,electronics,237.4854506324495,252.812555118132,archived,2024-12-16
35194,Product_5194_3,sports,925.1611875088554,289.3008523948307,inactive,2024-01-27
35195,Product_5195_3,electronics,316.7774654052664,197.92501274344232,active,2024-01-26
35196,Product_5196_3,books,448.5829910135386,269.29741194769946,archived,2024-08-19
35197,Product_5197_3,sports,939.6378871661026,190.98966943534217,active,2024-08-20
35198,Product_5198_3,sports,569.6359826724823,402.93302698791473,inactive,2024-02-13
35199,Product_5199_3,electronics,605.3638321078477,472.245405893546,inactive,2024-02-12
35200,Product_5200_3,electronics,176.65888209436716,293.4165875428052,archived,2024-04-28
35201,Product_5201_3,books,21.677289765391652,261.1261041623378,pending,2024-04-17
35202,Product_5202_3,clothing,51.70069063409993,49.87916956815275,inactive,2024-05-05
35203,Product_5203_3,electronics,592.5983379497882,123.83745017426945,archived,2024-07-23
35204,Product_5204_3,sports,305.37108139921503,193.61655041046424,archived,2024-10-02
35205,Product_5205_3,home,514.713619168839,419.4792062719607,inactive,2024-05-01
35206,Product_5206_3,sports,903.657019153658,391.55869846924287,active,2024-05-16
35207,Product_5207_3,clothing,778.1665850911123,383.3330928517194,pending,2024-06-27
35208,Product_5208_3,home,251.76330448463162,274.1506598827194,archived,2024-09-25
35209,Product_5209_3,electronics,246.83299516384298,135.8416605530278,archived,2024-03-06
35210,Product_5210_3,books,337.14774449630613,104.79201841874574,inactive,2024-07-14
35211,Product_5211_3,books,330.9726554730428,80.89637489025263,inactive,2024-01-01
35212,Product_5212_3,sports,294.892870737521,27.15858021491619,archived,2024-09-10
35213,Product_5213_3,books,600.7592751684257,13.41342506647087,archived,2024-06-06
35214,Product_5214_3,electronics,949.2731574632113,458.78649050492686,active,2024-05-06
35215,Product_5215_3,home,487.7310457016397,345.1073250402404,active,2024-09-07
35216,Product_5216_3,electronics,849.0733738937073,54.485467970310715,inactive,2024-02-17
35217,Product_5217_3,electronics,332.3989985034625,210.67669304620813,active,2024-09-08
35218,Product_5218_3,sports,205.62618076201426,274.37145881322965,active,2024-06-08
35219,Product_5219_3,books,442.9161614138161,319.26166429228107,inactive,2024-02-21
35220,Product_5220_3,home,720.2798857201752,441.86352499482655,inactive,2024-07-07
35221,Product_5221_3,home,687.9715775666731,458.0495253513032,archived,2024-06-08
35222,Product_5222_3,books,319.5224567351999,100.82065365854409,inactive,2024-04-20
35223,Product_5223_3,sports,477.44301149107486,81.27952686147964,archived,2024-02-20
35224,Product_5224_3,sports,274.77633527634225,81.10098469423538,pending,2024-09-14
35225,Product_5225_3,sports,51.310175637233115,430.0770453597387,active,2024-02-18
35226,Product_5226_3,sports,356.0819728579626,272.649905922132,pending,2024-06-24
35227,Product_5227_3,books,242.12717651879387,45.00109992364127,pending,2024-02-06
35228,Product_5228_3,books,979.8972124191304,411.1509587184705,active,2024-09-10
35229,Product_5229_3,electronics,555.7785647611026,203.31798739776806,active,2024-04-21
35230,Product_5230_3,clothing,235.15783846653224,304.7788117036122,pending,2024-02-06
35231,Product_5231_3,books,413.31903842081357,427.6651439527449,pending,2024-01-25
35232,Product_5232_3,electronics,998.8938008275828,369.01111215807424,active,2024-01-10
35233,Product_5233_3,books,674.0686065762364,410.12316047584915,archived,2024-05-21
35234,Product_5234_3,home,361.8950145596592,316.8337893541547,active,2024-07-17
35235,Product_5235_3,clothing,649.8784970659926,422.4712976697153,archived,2024-06-10
35236,Product_5236_3,sports,143.79256010623732,248.99201086867157,archived,2024-11-11
35237,Product_5237_3,electronics,896.6347001233577,254.30207170158957,archived,2024-05-02
35238,Product_5238_3,clothing,415.9418481409053,267.957956628922,archived,2024-07-19
35239,Product_5239_3,clothing,589.2568601421864,353.3786191892365,pending,2024-02-16
35240,Product_5240_3,books,978.0480337997338,238.02628347226394,active,2024-02-07
35241,Product_5241_3,electronics,703.3108594327626,13.394634551559196,archived,2024-08-04
35242,Product_5242_3,sports,316.2254457920948,80.00656114059454,active,2024-08-11
35243,Product_5243_3,books,718.7174082387023,430.19144462521945,pending,2024-09-03
35244,Product_5244_3,clothing,262.73170599824226,313.81957126243225,active,2024-03-26
35245,Product_5245_3,sports,41.81794818824102,217.83075759511598,inactive,2024-06-05
35246,Product_5246_3,electronics,314.4215052922857,317.34504625538415,archived,2024-10-08
35247,Product_5247_3,clothing,332.3675538054302,124.3431230554945,inactive,2024-09-05
35248,Product_5248_3,clothing,12.299735823316837,374.8285429075273,inactive,2024-03-07
35249,Product_5249_3,sports,616.4978603815883,253.71635432263912,active,2024-06-03
35250,Product_5250_3,books,428.524995127802,350.06371590232624,pending,2024-07-12
35251,Product_5251_3,books,932.7343653800631,485.57043908030477,active,2024-09-09
35252,Product_5252_3,sports,638.1635596735356,410.8312728729144,pending,2024-07-01
35253,Product_5253_3,books,395.16603071115986,84.81713441799096,active,2024-03-23
35254,Product_5254_3,clothing,182.16728272814646,384.75016950581414,pending,2024-04-23
35255,Product_5255_3,electronics,143.6341103052158,471.5298963309829,active,2024-09-27
35256,Product_5256_3,electronics,120.01927159920977,246.91058679725154,active,2024-05-17
35257,Product_5257_3,clothing,104.88849540564523,377.7916593527586,pending,2024-12-09
35258,Product_5258_3,electronics,70.95513095892187,336.53734454333824,inactive,2024-12-23
35259,Product_5259_3,electronics,983.5762287524738,306.43817485195234,pending,2024-09-26
35260,Product_5260_3,sports,178.8104443769511,191.97100653320322,pending,2024-04-19
35261,Product_5261_3,electronics,408.63114028149494,424.23614238696126,archived,2024-08-27
35262,Product_5262_3,sports,705.0265543535968,495.57009799183857,active,2024-06-28
35263,Product_5263_3,electronics,211.62560438223724,272.3974356098014,archived,2024-03-08
35264,Product_5264_3,books,103.09233139391097,444.96615082647213,archived,2024-01-20
35265,Product_5265_3,clothing,997.3987593362262,178.03401141323235,pending,2024-02-15
35266,Product_5266_3,clothing,988.9947521631309,36.03233580518897,inactive,2024-03-21
35267,Product_5267_3,clothing,991.9836720426995,411.72173093631784,inactive,2024-05-17
35268,Product_5268_3,clothing,581.1759071963601,222.5419536601569,archived,2024-10-08
35269,Product_5269_3,home,511.28298606232306,351.41305087560045,active,2024-03-15
35270,Product_5270_3,electronics,964.6386413679953,130.1283784008529,pending,2024-02-08
35271,Product_5271_3,sports,437.31263575611734,344.68223093292175,archived,2024-02-08
35272,Product_5272_3,sports,873.9074620027073,384.4826903618339,pending,2024-01-25
35273,Product_5273_3,books,581.182000723533,82.11333724422896,pending,2024-10-10
35274,Product_5274_3,books,5.091921885133117,331.97057552024626,pending,2024-03-20
35275,Product_5275_3,books,568.1875592963914,242.60956663864903,active,2024-04-09
35276,Product_5276_3,sports,507.20311344714185,14.42814713848701,pending,2024-04-14
35277,Product_5277_3,electronics,89.06642116779537,333.7543507365198,active,2024-03-13
35278,Product_5278_3,clothing,934.761494440595,295.46682234277745,active,2024-08-18
35279,Product_5279_3,books,13.831586279644771,261.14357351071016,archived,2024-01-11
35280,Product_5280_3,electronics,443.65412414610995,20.98096749595262,pending,2024-04-03
35281,Product_5281_3,home,52.04951285950714,143.47550565728753,active,2024-08-04
35282,Product_5282_3,books,391.4059813089702,145.07451087565514,pending,2024-08-06
35283,Product_5283_3,home,218.53544711090493,124.98411979722833,pending,2024-05-22
35284,Product_5284_3,electronics,988.2231499492528,307.27183848736917,archived,2024-01-17
35285,Product_5285_3,electronics,992.8361441692325,33.78884841952007,active,2024-12-14
35286,Product_5286_3,books,147.38652323507222,333.883452124874,archived,2024-04-24
35287,Product_5287_3,sports,409.7707939817797,10.948059923229343,active,2024-06-15
35288,Product_5288_3,sports,492.0506385767168,216.62785666563985,active,2024-12-17
35289,Product_5289_3,clothing,373.73639138355617,270.4418943209062,inactive,2024-12-01
35290,Product_5290_3,home,737.6880606925401,265.98574851825,inactive,2024-01-24
35291,Product_5291_3,clothing,364.5129858317171,416.5041826643773,pending,2024-01-26
35292,Product_5292_3,clothing,735.5394439291282,444.0611105461055,inactive,2024-03-10
35293,Product_5293_3,books,50.6586074269312,184.48681897585098,active,2024-12-21
35294,Product_5294_3,clothing,851.1360317100921,487.01698669757167,pending,2024-02-16
35295,Product_5295_3,books,734.3275479246504,286.6248067353603,inactive,2024-12-06
35296,Product_5296_3,clothing,343.30311076848704,212.8940250998906,pending,2024-04-08
35297,Product_5297_3,books,127.16590442554944,362.082383044147,pending,2024-09-12
35298,Product_5298_3,electronics,698.8396249014314,182.46367349159365,active,2024-12-01
35299,Product_5299_3,home,859.4170845597682,362.86883464006144,inactive,2024-10-12
35300,Product_5300_3,books,695.6063356735576,207.56525710351562,archived,2024-09-17
35301,Product_5301_3,clothing,540.304326424448,446.9335623695229,active,2024-12-18
35302,Product_5302_3,clothing,384.6791244739103,341.1019320919805,archived,2024-02-03
35303,Product_5303_3,sports,774.790384922644,64.6854286490389,archived,2024-03-10
35304,Product_5304_3,clothing,195.95407392684217,341.71055082487743,active,2024-03-17
35305,Product_5305_3,home,59.865138734322585,483.20491226167144,active,2024-12-28
35306,Product_5306_3,sports,591.8370122646269,307.60222981937693,archived,2024-08-09
35307,Product_5307_3,clothing,628.549422120217,336.83593988141047,pending,2024-02-12
35308,Product_5308_3,home,596.0054628683648,187.45238813074198,active,2024-12-28
35309,Product_5309_3,books,802.0227746051537,187.38228271199557,inactive,2024-02-06
35310,Product_5310_3,electronics,944.7596301288797,266.4326516722113,archived,2024-12-03
35311,Product_5311_3,books,209.85136331844296,499.9508161249405,pending,2024-04-12
35312,Product_5312_3,clothing,109.13021213548444,360.95102567160984,inactive,2024-10-24
35313,Product_5313_3,books,992.4150437488647,421.39302267208967,active,2024-12-16
35314,Product_5314_3,books,583.8414714717852,343.23292600026787,inactive,2024-01-19
35315,Product_5315_3,electronics,835.1600711266595,472.4140610997522,pending,2024-04-02
35316,Product_5316_3,electronics,180.99173919166398,74.27762358828653,archived,2024-07-03
35317,Product_5317_3,clothing,51.340892178531405,420.839272329982,pending,2024-10-10
35318,Product_5318_3,electronics,381.5788648241059,137.47399524307014,inactive,2024-04-26
35319,Product_5319_3,books,765.0167794232948,441.96594881308266,pending,2024-02-15
35320,Product_5320_3,electronics,507.2641926247516,45.3592669132266,archived,2024-09-23
35321,Product_5321_3,sports,246.33642664665192,377.7405143853764,inactive,2024-07-18
35322,Product_5322_3,home,157.79844542005955,198.66391403552853,archived,2024-02-21
35323,Product_5323_3,books,638.5594839932539,486.7817468966999,pending,2024-07-28
35324,Product_5324_3,books,415.9847870882418,162.4710139407267,inactive,2024-06-02
35325,Product_5325_3,electronics,312.72125597864493,20.565730013765357,archived,2024-01-23
35326,Product_5326_3,electronics,175.91702330205192,238.1991798766278,archived,2024-02-24
35327,Product_5327_3,electronics,220.83304135576836,289.6319530471533,inactive,2024-12-02
35328,Product_5328_3,home,444.13116326289963,250.6738818277566,active,2024-08-27
35329,Product_5329_3,sports,547.1456776696169,107.68368334808376,inactive,2024-01-03
35330,Product_5330_3,clothing,2.9965877097204414,246.51885558622618,inactive,2024-06-02
35331,Product_5331_3,sports,634.6892773717888,96.93187638696759,pending,2024-03-26
35332,Product_5332_3,books,862.573387951321,168.0704383657736,archived,2024-10-13
35333,Product_5333_3,sports,700.7248666653284,310.4510323764659,pending,2024-07-12
35334,Product_5334_3,home,200.9457237147449,123.64318475611256,inactive,2024-01-25
35335,Product_5335_3,electronics,121.35384361840899,163.92942516664445,inactive,2024-02-15
35336,Product_5336_3,sports,455.00235037826775,444.5307376967033,pending,2024-02-04
35337,Product_5337_3,electronics,802.3816083898557,76.25681134724124,archived,2024-07-15
35338,Product_5338_3,home,820.1995251594955,258.62793851527994,inactive,2024-02-27
35339,Product_5339_3,clothing,566.5006520973452,70.20442458912564,archived,2024-09-16
35340,Product_5340_3,home,658.9574512555266,410.39503679154024,pending,2024-03-10
35341,Product_5341_3,home,730.5361128486098,459.2493249173018,archived,2024-09-22
35342,Product_5342_3,clothing,55.22612020267161,249.88561362795926,active,2024-02-28
35343,Product_5343_3,clothing,426.2730397564719,496.0983159209694,active,2024-08-06
35344,Product_5344_3,home,344.99014719466516,354.4353739674701,archived,2024-05-23
35345,Product_5345_3,home,767.5073814048901,15.8836606859147,active,2024-02-12
35346,Product_5346_3,books,597.3159417873163,319.54842947265774,inactive,2024-05-07
35347,Product_5347_3,electronics,174.32158807517428,147.43151468393458,pending,2024-11-27
35348,Product_5348_3,home,232.23286454424795,150.48045637199306,archived,2024-08-03
35349,Product_5349_3,home,703.1637605170815,31.19318744705661,active,2024-02-11
35350,Product_5350_3,books,677.8054191783191,60.77727897130263,inactive,2024-05-06
35351,Product_5351_3,clothing,359.23750737689846,84.46508538192596,inactive,2024-08-22
35352,Product_5352_3,electronics,332.9488747771839,76.47474384297526,pending,2024-07-26
35353,Product_5353_3,sports,511.30264794855754,349.2980071109992,active,2024-02-19
35354,Product_5354_3,books,232.7889899079675,277.62133789473046,archived,2024-07-28
35355,Product_5355_3,books,67.99152384949261,132.00747997249277,pending,2024-02-23
35356,Product_5356_3,clothing,336.16284637957165,154.9828728549792,archived,2024-10-26
35357,Product_5357_3,home,642.5186873391676,178.40291300977464,archived,2024-04-14
35358,Product_5358_3,books,712.8828455570537,348.0205740612817,active,2024-03-25
35359,Product_5359_3,clothing,198.34680708794826,104.26171632105255,inactive,2024-06-28
35360,Product_5360_3,sports,785.8135960476762,244.22336231461736,inactive,2024-09-28
35361,Product_5361_3,home,102.32108131444541,430.9607891090798,archived,2024-11-10
35362,Product_5362_3,clothing,838.2305541416425,89.8614126332972,active,2024-11-12
35363,Product_5363_3,electronics,765.0760308919153,49.19681445294473,active,2024-03-06
35364,Product_5364_3,electronics,700.4262789193259,156.08082038768794,pending,2024-11-08
35365,Product_5365_3,home,854.2369583425706,236.45754899055135,active,2024-03-20
35366,Product_5366_3,sports,47.28437236874826,468.44271155165865,pending,2024-02-21
35367,Product_5367_3,electronics,428.9115856014388,455.71294745943345,active,2024-11-26
35368,Product_5368_3,home,70.59240226867614,312.8313221103736,active,2024-04-20
35369,Product_5369_3,home,954.7900201255659,202.13854393739496,pending,2024-02-02
35370,Product_5370_3,clothing,743.8323866251258,17.49879955829047,inactive,2024-03-25
35371,Product_5371_3,electronics,869.4285222340086,192.4826312965787,active,2024-09-21
35372,Product_5372_3,clothing,70.23005822235118,481.7855327124146,active,2024-05-15
35373,Product_5373_3,home,380.5366953661993,343.25454864100203,active,2024-06-22
35374,Product_5374_3,sports,520.093895757494,267.64866974104274,archived,2024-06-19
35375,Product_5375_3,home,163.6862177022686,138.9033385765417,archived,2024-04-07
35376,Product_5376_3,clothing,13.970346963267573,16.88815011045798,pending,2024-03-24
35377,Product_5377_3,clothing,535.0121283410289,262.31504607567274,active,2024-08-08
35378,Product_5378_3,sports,57.932516501911046,175.95993232044927,archived,2024-08-13
35379,Product_5379_3,books,893.8319616275992,84.77297694243755,pending,2024-03-26
35380,Product_5380_3,sports,206.44400789350098,486.7344206770858,archived,2024-07-13
35381,Product_5381_3,clothing,37.01996877180049,388.1959684778121,pending,2024-08-02
35382,Product_5382_3,electronics,901.0749961169466,262.7262595644746,pending,2024-07-26
35383,Product_5383_3,books,392.7275156932283,75.72989922065683,archived,2024-09-24
35384,Product_5384_3,electronics,55.315053699180226,282.9174075843709,active,2024-07-15
35385,Product_5385_3,books,78.54024188643767,260.43770676125484,archived,2024-09-04
35386,Product_5386_3,books,722.1017757715048,433.88911885653476,active,2024-12-04
35387,Product_5387_3,sports,483.5768782379192,169.30243488327633,active,2024-12-18
35388,Product_5388_3,sports,500.5227005186958,324.02826340636733,archived,2024-04-17
35389,Product_5389_3,books,208.8349996915028,358.1690598030923,inactive,2024-01-01
35390,Product_5390_3,sports,775.3943607248563,167.54180893211753,active,2024-02-06
35391,Product_5391_3,home,213.60980217232043,311.27679293885376,active,2024-05-09
35392,Product_5392_3,clothing,942.5855411416092,475.1537620764366,pending,2024-11-18
35393,Product_5393_3,books,250.1611043704191,447.6734084694228,archived,2024-03-13
35394,Product_5394_3,home,427.76591198060595,334.6565204168073,active,2024-01-11
35395,Product_5395_3,electronics,811.7744062068183,121.02607536539227,pending,2024-03-07
35396,Product_5396_3,electronics,170.5794160789679,341.25510152184864,archived,2024-05-27
35397,Product_5397_3,home,410.67431855289396,84.87424174690464,active,2024-10-16
35398,Product_5398_3,sports,371.16740671650035,297.4976616749622,archived,2024-11-27
35399,Product_5399_3,sports,512.6357185153358,215.51171787352865,inactive,2024-02-21
35400,Product_5400_3,electronics,936.8577165188633,208.0834915768336,active,2024-09-27
35401,Product_5401_3,electronics,21.907039468400633,63.76673956468674,inactive,2024-09-12
35402,Product_5402_3,electronics,684.4275498967513,152.2221421009686,archived,2024-02-06
35403,Product_5403_3,electronics,447.52703072753064,224.00408000314616,archived,2024-05-22
35404,Product_5404_3,sports,886.6241683630774,465.61800133219964,active,2024-01-16
35405,Product_5405_3,electronics,664.7043564246942,313.34970633774856,inactive,2024-08-26
35406,Product_5406_3,clothing,490.9204233980802,307.34127667615553,archived,2024-12-18
35407,Product_5407_3,sports,515.511746745197,332.80096173636025,archived,2024-01-08
35408,Product_5408_3,clothing,584.9171973851091,495.2977057219667,inactive,2024-09-20
35409,Product_5409_3,electronics,395.55891326720047,42.14878546883985,inactive,2024-10-16
35410,Product_5410_3,books,380.3628826497471,289.1907650448003,pending,2024-02-21
35411,Product_5411_3,books,194.2301013526457,207.4318161330706,active,2024-11-18
35412,Product_5412_3,sports,886.629078644078,387.56328118979735,active,2024-07-21
35413,Product_5413_3,books,530.0853579001547,222.02702256338296,inactive,2024-04-13
35414,Product_5414_3,sports,529.4071228005573,351.70585548809504,inactive,2024-12-15
35415,Product_5415_3,books,653.696633186898,412.96386168853525,pending,2024-09-08
35416,Product_5416_3,home,89.54848487100878,262.35028522592575,active,2024-05-20
35417,Product_5417_3,sports,654.4544190191007,406.9360751076674,active,2024-04-10
35418,Product_5418_3,home,655.4856853283117,162.99232906849272,archived,2024-12-16
35419,Product_5419_3,home,52.18288389830495,181.67422507131383,active,2024-06-18
35420,Product_5420_3,books,602.6961543941546,316.0556587434288,pending,2024-11-11
35421,Product_5421_3,books,943.4714995902806,255.00412195730655,active,2024-01-20
35422,Product_5422_3,books,194.33637381096847,126.47017844195508,archived,2024-10-25
35423,Product_5423_3,sports,282.412979586887,132.810925307973,pending,2024-09-01
35424,Product_5424_3,electronics,934.537871247814,349.89234694807425,pending,2024-03-13
35425,Product_5425_3,clothing,874.7431354456313,192.91161263807552,pending,2024-07-26
35426,Product_5426_3,sports,343.6606840199104,258.7771521860157,pending,2024-11-14
35427,Product_5427_3,clothing,676.9470634969617,390.67634099407496,archived,2024-10-22
35428,Product_5428_3,home,300.9776031121328,494.96857366544407,archived,2024-10-03
35429,Product_5429_3,clothing,617.4545176498958,395.1333134793459,active,2024-05-01
35430,Product_5430_3,home,125.23948199197898,52.96679451924207,inactive,2024-04-13
35431,Product_5431_3,sports,485.9119861440478,329.70026842363563,inactive,2024-02-10
35432,Product_5432_3,home,118.82906156967977,331.20876765224506,inactive,2024-08-06
35433,Product_5433_3,home,574.3570048038966,384.92441403073167,active,2024-04-25
35434,Product_5434_3,books,894.7045996210292,74.84940974223503,inactive,2024-04-23
35435,Product_5435_3,books,303.3608960599669,112.38989443801907,inactive,2024-08-18
35436,Product_5436_3,sports,860.4515434755218,314.26392828452833,inactive,2024-08-18
35437,Product_5437_3,sports,382.94786701364484,10.256974440034938,inactive,2024-04-13
35438,Product_5438_3,books,740.9312094377894,372.09316130607897,active,2024-08-22
35439,Product_5439_3,clothing,790.3960670726528,444.4713731181364,active,2024-02-19
35440,Product_5440_3,home,297.507095079512,373.16851777253794,archived,2024-12-16
35441,Product_5441_3,electronics,100.9033981598521,392.77226584258204,archived,2024-11-12
35442,Product_5442_3,books,99.54012414816923,482.1629949600719,active,2024-08-15
35443,Product_5443_3,home,882.359082390023,342.5390051885631,inactive,2024-05-06
35444,Product_5444_3,sports,533.1798490047706,102.4976096474554,archived,2024-06-28
35445,Product_5445_3,electronics,385.12635048966797,385.67521992408876,active,2024-08-17
35446,Product_5446_3,sports,717.0050322303824,339.1635248623239,pending,2024-08-01
35447,Product_5447_3,electronics,7.969790836203802,389.6781768746869,archived,2024-02-21
35448,Product_5448_3,electronics,273.72852133879593,484.3078870852341,inactive,2024-03-05
35449,Product_5449_3,electronics,988.4438289615148,121.15890804435082,pending,2024-09-20
35450,Product_5450_3,sports,16.913410900551053,275.5861728728095,archived,2024-02-26
35451,Product_5451_3,electronics,442.0023493477261,94.86275099901462,inactive,2024-10-26
35452,Product_5452_3,sports,270.44537913568956,474.55189919364756,archived,2024-12-10
35453,Product_5453_3,electronics,116.28641746422628,29.272695203506686,archived,2024-01-12
35454,Product_5454_3,home,355.4468786503044,28.478150976469696,archived,2024-10-02
35455,Product_5455_3,books,723.1041455685429,431.7510902873332,inactive,2024-07-22
35456,Product_5456_3,clothing,895.7214296857942,469.64012506629643,archived,2024-10-12
35457,Product_5457_3,clothing,425.0512453839705,289.94388284676353,active,2024-12-24
35458,Product_5458_3,electronics,550.9930035622787,426.59105966724786,pending,2024-07-01
35459,Product_5459_3,clothing,102.8471235847431,91.0965425586463,active,2024-06-04
35460,Product_5460_3,sports,4.652879279589522,115.05375290163502,active,2024-02-03
35461,Product_5461_3,clothing,221.20480789194096,460.8560354215755,pending,2024-05-10
35462,Product_5462_3,electronics,317.4964578454117,447.1270922928439,inactive,2024-05-21
35463,Product_5463_3,sports,930.9694321575089,242.71329303733214,archived,2024-08-04
35464,Product_5464_3,home,770.9054832693321,460.60965960872676,active,2024-01-08
35465,Product_5465_3,sports,667.5416698763884,216.7738386424703,pending,2024-03-07
35466,Product_5466_3,books,899.9297473484188,57.190249167854596,pending,2024-01-25
35467,Product_5467_3,books,128.93615448438118,158.35327983357496,inactive,2024-08-13
35468,Product_5468_3,electronics,477.4499181520653,213.3018196668237,archived,2024-08-20
35469,Product_5469_3,books,196.43835897393498,126.35275819201077,pending,2024-04-06
35470,Product_5470_3,clothing,83.70412178322482,30.265056815110736,active,2024-02-04
35471,Product_5471_3,books,895.069675102292,149.7193445468798,active,2024-01-25
35472,Product_5472_3,home,564.1951477471553,267.59471192158327,archived,2024-12-02
35473,Product_5473_3,home,789.5323491616646,48.062621931405566,active,2024-09-05
35474,Product_5474_3,clothing,600.3618601523309,48.62655899855224,archived,2024-09-06
35475,Product_5475_3,home,239.82405944412247,84.51778862194286,pending,2024-05-02
35476,Product_5476_3,clothing,450.6701709126907,412.4974813594942,active,2024-11-28
35477,Product_5477_3,electronics,363.6119496559807,179.8447917688107,pending,2024-08-21
35478,Product_5478_3,books,340.6043503832139,99.79187924641273,pending,2024-04-11
35479,Product_5479_3,sports,589.2689414741156,227.54385181212174,pending,2024-11-20
35480,Product_5480_3,sports,348.4467461570483,462.3795464213611,active,2024-06-07
35481,Product_5481_3,electronics,470.3530349587594,498.19633044305823,pending,2024-12-12
35482,Product_5482_3,books,224.1481819269556,348.984663337731,active,2024-07-17
35483,Product_5483_3,electronics,756.7361394753231,133.07039876217257,archived,2024-04-19
35484,Product_5484_3,clothing,167.94145337390174,223.90895116004646,pending,2024-09-12
35485,Product_5485_3,sports,80.21796563995115,104.82569554180229,active,2024-12-14
35486,Product_5486_3,home,705.6252449401993,338.11254116535235,archived,2024-10-08
35487,Product_5487_3,sports,475.34973223213785,289.5922100083098,archived,2024-09-08
35488,Product_5488_3,clothing,171.06208169240895,130.68966602708954,pending,2024-11-05
35489,Product_5489_3,home,53.28229448333313,26.68395470446686,pending,2024-10-19
35490,Product_5490_3,clothing,829.87287330531,202.52028689955407,pending,2024-12-10
35491,Product_5491_3,books,357.4287364562866,177.18171038242653,pending,2024-09-02
35492,Product_5492_3,sports,445.50713929918146,11.614331184293922,pending,2024-04-16
35493,Product_5493_3,clothing,830.5431633027705,452.64657616699174,pending,2024-04-27
35494,Product_5494_3,clothing,690.7347752987724,291.9552725295318,active,2024-10-25
35495,Product_5495_3,clothing,293.9524123152233,307.0043726121419,pending,2024-07-18
35496,Product_5496_3,electronics,658.0578902912476,317.41270999796404,pending,2024-04-24
35497,Product_5497_3,electronics,335.05361038760697,11.540619032942965,inactive,2024-09-19
35498,Product_5498_3,books,411.85656802252885,140.0822401817035,archived,2024-10-16
35499,Product_5499_3,books,273.60846987236243,177.70246443671047,active,2024-11-24
35500,Product_5500_3,books,935.790333595964,38.99755885943526,pending,2024-07-01
35501,Product_5501_3,home,552.6447300318404,109.8521885982562,archived,2024-06-03
35502,Product_5502_3,home,207.34501859879956,188.7210695527085,pending,2024-08-03
35503,Product_5503_3,clothing,70.27800626478675,170.33340625018093,pending,2024-02-02
35504,Product_5504_3,electronics,709.2419713183542,198.3607574612259,pending,2024-12-06
35505,Product_5505_3,home,486.08563646327224,212.30905727702037,archived,2024-08-27
35506,Product_5506_3,clothing,574.1874919804195,348.59288869309574,archived,2024-05-11
35507,Product_5507_3,sports,771.3824972660766,394.16888248032654,archived,2024-11-26
35508,Product_5508_3,electronics,534.8029855586584,499.713869839834,inactive,2024-12-25
35509,Product_5509_3,home,492.72986876053244,142.34436612520275,active,2024-12-21
35510,Product_5510_3,books,544.4244874622677,361.0259875495073,inactive,2024-12-25
35511,Product_5511_3,electronics,365.4356213594046,487.4105632163243,pending,2024-02-03
35512,Product_5512_3,sports,127.85040760490563,410.7300971211027,inactive,2024-11-16
35513,Product_5513_3,sports,221.40019299424927,139.16633843198753,active,2024-08-17
35514,Product_5514_3,home,75.62500648616852,373.86020963439296,inactive,2024-01-10
35515,Product_5515_3,sports,958.8072233992024,90.64185437401397,archived,2024-01-12
35516,Product_5516_3,clothing,313.5863707787773,36.899947033488104,archived,2024-07-15
35517,Product_5517_3,sports,237.3422852516337,198.27334752943236,inactive,2024-09-02
35518,Product_5518_3,sports,61.13253657402986,337.74761150671424,pending,2024-02-01
35519,Product_5519_3,clothing,732.0428900249026,459.641311404005,archived,2024-11-04
35520,Product_5520_3,home,547.2970643500341,101.04568227577077,inactive,2024-03-04
35521,Product_5521_3,home,746.7379319852511,451.08713178662936,inactive,2024-07-01
35522,Product_5522_3,books,727.0108661797311,17.07351766652514,archived,2024-06-07
35523,Product_5523_3,books,982.0176987214174,374.0047774741346,active,2024-06-27
35524,Product_5524_3,books,255.84916554855062,165.66992988593086,inactive,2024-05-14
35525,Product_5525_3,books,461.5866229670781,286.43296457386066,inactive,2024-02-07
35526,Product_5526_3,electronics,311.5732482966818,358.46276371973477,inactive,2024-01-13
35527,Product_5527_3,books,469.05056473095203,124.49420454570568,inactive,2024-10-06
35528,Product_5528_3,clothing,94.00058769526557,444.72087233221214,pending,2024-12-23
35529,Product_5529_3,electronics,767.5465962153106,117.06584537716068,inactive,2024-11-17
35530,Product_5530_3,sports,591.6985736037018,358.32198810234837,active,2024-03-08
35531,Product_5531_3,home,161.57186250577047,109.53805787435986,pending,2024-11-23
35532,Product_5532_3,clothing,422.5003755695306,191.2452691213953,pending,2024-08-27
35533,Product_5533_3,electronics,302.8875151068855,381.2879601039462,pending,2024-12-05
35534,Product_5534_3,clothing,459.52849453644995,365.623169277557,active,2024-05-25
35535,Product_5535_3,home,347.62038888723004,31.418179443890402,active,2024-12-22
35536,Product_5536_3,home,177.41152943242784,116.84021722522625,pending,2024-01-05
35537,Product_5537_3,home,765.0740513798619,308.3060310559688,inactive,2024-10-24
35538,Product_5538_3,clothing,561.6581439019965,428.6681025450934,pending,2024-11-25
35539,Product_5539_3,clothing,257.46613511579636,268.18267271697385,pending,2024-05-13
35540,Product_5540_3,home,235.40683816231595,105.72802155758085,active,2024-09-24
35541,Product_5541_3,books,69.09659985253732,182.2990070205996,active,2024-04-16
35542,Product_5542_3,home,783.4161108405938,147.89849177465382,active,2024-03-12
35543,Product_5543_3,home,742.927576473323,416.6406856660823,active,2024-01-22
35544,Product_5544_3,books,179.50098053746024,379.76655132344956,active,2024-05-06
35545,Product_5545_3,home,707.24021652384,214.20067427787004,active,2024-02-21
35546,Product_5546_3,clothing,299.138565163098,132.7690862630546,active,2024-07-02
35547,Product_5547_3,electronics,191.47484271112702,402.0549411284484,pending,2024-04-27
35548,Product_5548_3,electronics,948.3318701407057,137.30355411764157,archived,2024-09-08
35549,Product_5549_3,clothing,283.47359855858656,364.22031195568513,archived,2024-12-11
35550,Product_5550_3,home,798.2862627585213,348.8484865658404,active,2024-02-28
35551,Product_5551_3,electronics,362.70641013027694,452.4652795016594,inactive,2024-03-07
35552,Product_5552_3,sports,233.84420225117063,125.70704189942848,archived,2024-11-05
35553,Product_5553_3,sports,692.3817675468898,498.84355782465894,active,2024-04-12
35554,Product_5554_3,books,841.1952278511263,32.20765068620783,pending,2024-03-20
35555,Product_5555_3,sports,125.13966858534764,479.12790656097434,inactive,2024-10-21
35556,Product_5556_3,electronics,961.09280436189,126.78863554270616,pending,2024-03-14
35557,Product_5557_3,electronics,715.6033100421766,361.10840311006183,archived,2024-12-19
35558,Product_5558_3,home,934.6375868209183,381.35029401574553,pending,2024-02-09
35559,Product_5559_3,sports,665.6860639986892,196.02182176792647,inactive,2024-06-11
35560,Product_5560_3,clothing,431.95509765782714,39.29474554408385,active,2024-11-01
35561,Product_5561_3,clothing,713.4581761836819,295.634188929991,inactive,2024-11-24
35562,Product_5562_3,sports,662.6259569256347,66.37453445798846,inactive,2024-04-18
35563,Product_5563_3,electronics,424.12111798026666,420.1874564911073,archived,2024-07-23
35564,Product_5564_3,electronics,204.66477838146534,306.10453834481467,pending,2024-05-20
35565,Product_5565_3,home,725.0994723106116,300.85626130632124,archived,2024-08-15
35566,Product_5566_3,sports,408.2325423064052,97.81536409166273,inactive,2024-06-10
35567,Product_5567_3,electronics,613.8880154059315,434.78946055963667,active,2024-01-05
35568,Product_5568_3,home,586.177060131883,489.0123179577509,active,2024-11-13
35569,Product_5569_3,books,139.3586163276106,10.122467346170378,archived,2024-09-13
35570,Product_5570_3,clothing,628.8735696953146,52.53601073468031,archived,2024-10-10
35571,Product_5571_3,sports,595.7078763481959,155.38870770011567,archived,2024-07-06
35572,Product_5572_3,electronics,96.95563524008537,191.81547594084995,archived,2024-12-05
35573,Product_5573_3,clothing,762.8195855818766,129.17158112469752,archived,2024-08-03
35574,Product_5574_3,sports,250.55694691334443,138.38941150052347,archived,2024-06-25
35575,Product_5575_3,home,866.9383444999884,455.651103393087,active,2024-02-22
35576,Product_5576_3,sports,489.24099059702604,16.99820975216364,inactive,2024-05-05
35577,Product_5577_3,electronics,605.2680242497617,485.20396645805636,active,2024-07-28
35578,Product_5578_3,electronics,395.62665670043793,114.3652118763516,pending,2024-03-04
35579,Product_5579_3,home,841.7337896822223,55.63424845079332,pending,2024-04-07
35580,Product_5580_3,sports,560.6639633488014,17.194173196108046,pending,2024-12-07
35581,Product_5581_3,books,575.776272521498,250.6201875534395,active,2024-12-12
35582,Product_5582_3,books,153.05607254001998,353.12898849904576,active,2024-07-19
35583,Product_5583_3,books,435.36042099748374,130.4077334861475,archived,2024-08-17
35584,Product_5584_3,electronics,780.7474093127306,37.22646213055741,pending,2024-08-21
35585,Product_5585_3,home,499.9004086131212,100.84875213074056,pending,2024-09-13
35586,Product_5586_3,books,656.675834921761,116.73066515764064,pending,2024-11-14
35587,Product_5587_3,clothing,897.6847059063672,105.3391624104501,archived,2024-12-11
35588,Product_5588_3,home,851.5404284260263,86.48038317446799,active,2024-01-16
35589,Product_5589_3,clothing,626.7807765706027,385.05119151316296,pending,2024-11-07
35590,Product_5590_3,sports,779.2644170569354,348.3617006770967,inactive,2024-03-19
35591,Product_5591_3,electronics,845.4552437860469,285.949770664285,inactive,2024-10-22
35592,Product_5592_3,home,672.5854291341122,281.2738662826212,active,2024-10-23
35593,Product_5593_3,clothing,128.95136887515503,23.642939139532082,archived,2024-12-13
35594,Product_5594_3,books,437.80760034545403,200.3148049654944,inactive,2024-03-07
35595,Product_5595_3,books,292.66994768523034,258.81124726369865,pending,2024-12-06
35596,Product_5596_3,electronics,624.3090858667424,63.25236705254581,active,2024-09-13
35597,Product_5597_3,home,609.5078802713163,388.1905104332505,active,2024-02-06
35598,Product_5598_3,home,279.57022658521447,181.31230950405163,pending,2024-02-24
35599,Product_5599_3,home,957.3787880109579,14.658371118416612,pending,2024-05-26
35600,Product_5600_3,sports,24.721280631670616,200.57942510983318,archived,2024-01-04
35601,Product_5601_3,electronics,945.3647215730297,218.70933055980709,active,2024-11-18
35602,Product_5602_3,books,538.5022805836697,341.6801057352389,archived,2024-04-06
35603,Product_5603_3,books,10.234652673055585,371.6788264851769,pending,2024-08-01
35604,Product_5604_3,sports,109.19067332125768,301.6129747320117,inactive,2024-12-24
35605,Product_5605_3,electronics,441.5814220240121,255.61590647188316,pending,2024-09-07
35606,Product_5606_3,books,653.7290169534342,103.91598920279925,active,2024-03-26
35607,Product_5607_3,sports,216.4111500563061,267.53117439336455,pending,2024-03-24
35608,Product_5608_3,books,94.58690968003354,352.26097152389286,pending,2024-09-10
35609,Product_5609_3,clothing,133.9717777416808,467.3147175739132,inactive,2024-01-22
35610,Product_5610_3,books,304.77098624608556,65.82340325038132,inactive,2024-08-02
35611,Product_5611_3,sports,930.1514048308971,306.7523818586428,active,2024-05-05
35612,Product_5612_3,books,435.7582604571577,109.8998735625214,pending,2024-02-19
35613,Product_5613_3,clothing,355.2329191177476,407.9133042538576,inactive,2024-03-07
35614,Product_5614_3,sports,878.4000770522833,164.50942419665452,active,2024-09-22
35615,Product_5615_3,books,102.54876300341118,206.36490982626538,pending,2024-09-08
35616,Product_5616_3,home,739.4324863955887,90.46706474807694,pending,2024-06-24
35617,Product_5617_3,books,669.6444768462288,470.2887968441089,archived,2024-03-24
35618,Product_5618_3,sports,468.4847463360927,207.06728805511207,pending,2024-02-16
35619,Product_5619_3,electronics,314.9093614890228,146.2012367123318,inactive,2024-11-18
35620,Product_5620_3,electronics,161.66242058142646,123.29920436848154,pending,2024-06-12
35621,Product_5621_3,home,857.9064340579246,233.73848055892992,pending,2024-12-16
35622,Product_5622_3,books,162.94338542079896,425.34872917924474,archived,2024-07-17
35623,Product_5623_3,clothing,923.4335906711754,73.55481644533475,inactive,2024-10-17
35624,Product_5624_3,books,635.2439459549354,127.93468674504291,active,2024-04-24
35625,Product_5625_3,sports,824.9418713003091,182.61745589307316,active,2024-05-08
35626,Product_5626_3,clothing,742.9619100335353,407.86263374257504,active,2024-12-22
35627,Product_5627_3,home,417.39173551113623,407.7805129590117,inactive,2024-11-22
35628,Product_5628_3,home,878.7886001674448,96.13452159313968,active,2024-11-01
35629,Product_5629_3,electronics,368.0519515402773,29.98358458560883,archived,2024-10-24
35630,Product_5630_3,home,179.37878946153543,388.5688388910875,inactive,2024-10-10
35631,Product_5631_3,home,698.3778490121714,396.3731864606525,active,2024-12-11
35632,Product_5632_3,home,527.1571112677988,330.08921631504694,inactive,2024-05-07
35633,Product_5633_3,sports,741.8678702046241,369.59085710399995,pending,2024-11-26
35634,Product_5634_3,home,121.69230389813714,390.83004875088335,pending,2024-05-07
35635,Product_5635_3,books,659.4476945455592,271.026867375849,active,2024-04-09
35636,Product_5636_3,books,778.9652349322108,257.7346061482692,inactive,2024-01-10
35637,Product_5637_3,sports,69.96440221139042,361.43175082629404,active,2024-11-17
35638,Product_5638_3,books,992.483887917756,395.38099101711975,inactive,2024-03-28
35639,Product_5639_3,electronics,478.6354168377403,83.87501648145927,inactive,2024-04-15
35640,Product_5640_3,clothing,640.4070599558336,94.5255317827841,archived,2024-04-19
35641,Product_5641_3,home,100.5240282965831,246.03893179975256,inactive,2024-12-12
35642,Product_5642_3,sports,601.7489730751654,262.09672932656355,archived,2024-09-07
35643,Product_5643_3,books,768.1329261276896,438.66751639772997,pending,2024-10-28
35644,Product_5644_3,sports,549.2869304950398,144.04488280551618,inactive,2024-08-14
35645,Product_5645_3,sports,369.5145126013159,125.77198080608778,pending,2024-05-20
35646,Product_5646_3,sports,567.6814528352477,454.42107042271397,pending,2024-12-05
35647,Product_5647_3,books,271.5033641096442,400.5944294793748,inactive,2024-09-07
35648,Product_5648_3,sports,816.8918992917994,258.59568171642576,active,2024-02-07
35649,Product_5649_3,home,142.08902874960734,497.1852047304157,inactive,2024-08-12
35650,Product_5650_3,sports,14.13594005043855,274.1471961813982,pending,2024-02-27
35651,Product_5651_3,home,312.0716644731815,311.9427019691306,archived,2024-03-05
35652,Product_5652_3,clothing,960.3668047386901,309.70263210376754,archived,2024-08-06
35653,Product_5653_3,home,858.9882373145517,373.3107619035569,pending,2024-04-02
35654,Product_5654_3,electronics,464.46069742610763,356.8754162933746,archived,2024-06-15
35655,Product_5655_3,home,274.0867409578279,35.14314174981812,inactive,2024-08-16
35656,Product_5656_3,sports,586.4650551897511,284.22097333119797,archived,2024-04-26
35657,Product_5657_3,clothing,851.48731544833,172.24698511066993,archived,2024-12-08
35658,Product_5658_3,sports,952.8975788625849,350.7333169471612,active,2024-07-26
35659,Product_5659_3,electronics,878.7156114729285,146.31653698683286,inactive,2024-06-19
35660,Product_5660_3,clothing,213.67673777206969,117.4633325481276,active,2024-12-12
35661,Product_5661_3,home,312.2754766983258,394.848202226546,archived,2024-08-02
35662,Product_5662_3,clothing,832.8084630553516,403.7013190430125,archived,2024-02-26
35663,Product_5663_3,electronics,240.80780644797278,228.9092722122766,active,2024-11-09
35664,Product_5664_3,books,307.0607882804633,124.88883804251114,pending,2024-02-16
35665,Product_5665_3,electronics,380.0603326380275,353.9639417809637,pending,2024-08-13
35666,Product_5666_3,books,987.3633511640151,66.77628497285245,inactive,2024-11-07
35667,Product_5667_3,books,826.8363479066261,321.2312769263699,archived,2024-09-02
35668,Product_5668_3,home,412.7741636908023,226.96921867056258,active,2024-11-14
35669,Product_5669_3,sports,619.0352246695982,320.8888643885818,inactive,2024-04-05
35670,Product_5670_3,electronics,3.418094140473918,144.91755195294118,active,2024-12-05
35671,Product_5671_3,electronics,538.3923707425067,214.6653962859676,archived,2024-03-05
35672,Product_5672_3,sports,201.34920878620468,457.1562947953472,archived,2024-01-24
35673,Product_5673_3,electronics,322.3430510002111,475.3300299649421,active,2024-09-12
35674,Product_5674_3,sports,876.7472779410416,221.096700664599,inactive,2024-09-17
35675,Product_5675_3,sports,191.7849524185071,128.3220159003426,active,2024-06-14
35676,Product_5676_3,home,573.8150186108611,87.99273671734396,active,2024-01-03
35677,Product_5677_3,electronics,443.04418325741995,179.4265874198243,inactive,2024-02-16
35678,Product_5678_3,electronics,168.63737155881174,330.3393688612265,pending,2024-12-25
35679,Product_5679_3,electronics,833.3822330672682,453.79111638966685,pending,2024-06-02
35680,Product_5680_3,clothing,935.8541567894872,64.16281166079253,pending,2024-03-21
35681,Product_5681_3,clothing,320.6302676374429,362.9965742920182,archived,2024-04-23
35682,Product_5682_3,books,356.7202666836684,165.14680778897008,active,2024-07-14
35683,Product_5683_3,sports,120.69359530560723,210.51720422648185,inactive,2024-10-09
35684,Product_5684_3,books,510.3832001704898,302.2702736215108,inactive,2024-02-14
35685,Product_5685_3,clothing,279.3530864515412,167.23201543127803,archived,2024-01-26
35686,Product_5686_3,clothing,349.3823443252546,142.32436172113935,pending,2024-04-05
35687,Product_5687_3,home,298.2603831042833,417.93981156561455,active,2024-07-17
35688,Product_5688_3,sports,585.7503642112234,307.31176079273223,archived,2024-12-15
35689,Product_5689_3,books,229.72664196557417,460.3997242914975,pending,2024-07-08
35690,Product_5690_3,sports,802.2433014123322,389.8911788093313,pending,2024-07-19
35691,Product_5691_3,clothing,747.0669967583364,329.66625190112967,pending,2024-10-13
35692,Product_5692_3,clothing,960.8469890418615,126.9199501180544,inactive,2024-01-06
35693,Product_5693_3,electronics,988.3814620082111,403.19372719196434,pending,2024-06-05
35694,Product_5694_3,electronics,729.2917583606189,16.400302338415074,pending,2024-03-21
35695,Product_5695_3,sports,205.42416542474456,283.29861514677503,inactive,2024-01-05
35696,Product_5696_3,sports,981.1942936350551,157.6849269031417,archived,2024-03-21
35697,Product_5697_3,clothing,538.0545961651895,102.07434782473548,inactive,2024-01-02
35698,Product_5698_3,home,762.7384436792312,383.58203224987426,active,2024-04-28
35699,Product_5699_3,electronics,878.987363523442,497.1161561512915,pending,2024-03-19
35700,Product_5700_3,books,706.7948672741726,343.8647226629354,pending,2024-08-21
35701,Product_5701_3,home,372.3991138970467,69.86899182729357,inactive,2024-08-28
35702,Product_5702_3,books,643.4073742235598,44.41245763738956,pending,2024-08-28
35703,Product_5703_3,books,514.2245689248414,206.5313142095728,pending,2024-09-08
35704,Product_5704_3,electronics,705.8650875290781,269.6396346239414,pending,2024-05-07
35705,Product_5705_3,sports,652.2003397283833,202.4443099675784,archived,2024-04-09
35706,Product_5706_3,books,519.1655464605092,335.5273312372862,pending,2024-10-10
35707,Product_5707_3,sports,769.4959058388363,86.50721245299607,pending,2024-02-13
35708,Product_5708_3,sports,672.9506048954916,487.58616762125155,archived,2024-05-17
35709,Product_5709_3,home,527.2748736236662,339.5741573261916,archived,2024-12-26
35710,Product_5710_3,home,249.82645911238222,282.8867929430201,active,2024-01-22
35711,Product_5711_3,electronics,109.58707346537794,256.6255803580245,archived,2024-05-18
35712,Product_5712_3,clothing,836.7397675566363,124.6146549199743,inactive,2024-03-03
35713,Product_5713_3,electronics,532.9043682869385,409.64448521891927,active,2024-07-19
35714,Product_5714_3,electronics,129.5301852713215,141.86983374309727,active,2024-11-27
35715,Product_5715_3,home,94.19550346228236,324.82917011873695,pending,2024-02-14
35716,Product_5716_3,electronics,233.6471374732828,432.9349680941603,pending,2024-11-12
35717,Product_5717_3,sports,377.5610919326044,420.5287827191516,active,2024-05-27
35718,Product_5718_3,books,859.6836719912876,327.73748142885813,inactive,2024-02-17
35719,Product_5719_3,electronics,925.2357607692203,330.12507728224296,inactive,2024-01-19
35720,Product_5720_3,home,635.6061157076095,115.21104598707805,active,2024-12-11
35721,Product_5721_3,books,41.75794604009545,60.43869129924336,inactive,2024-09-11
35722,Product_5722_3,clothing,174.3216732127674,377.5856092738383,pending,2024-01-24
35723,Product_5723_3,electronics,862.346151147054,283.7748483444688,archived,2024-05-15
35724,Product_5724_3,books,191.39700287317163,65.3458543414153,inactive,2024-04-27
35725,Product_5725_3,sports,444.7024460145654,176.25503958792197,archived,2024-03-08
35726,Product_5726_3,home,277.52888508050296,118.32710059320137,active,2024-01-06
35727,Product_5727_3,home,133.50381141782992,354.0755777677644,archived,2024-03-17
35728,Product_5728_3,home,540.4698246061371,221.27974636972093,archived,2024-06-05
35729,Product_5729_3,clothing,345.673865901269,411.3103079823452,inactive,2024-01-06
35730,Product_5730_3,clothing,679.1976553164864,170.25493937965226,archived,2024-05-15
35731,Product_5731_3,electronics,939.2098506450299,138.23041391754876,active,2024-12-26
35732,Product_5732_3,books,213.926375912282,481.7974437236664,archived,2024-11-27
35733,Product_5733_3,clothing,112.0726885815879,263.462529569279,archived,2024-08-20
35734,Product_5734_3,sports,819.4671240452462,256.94939184963005,inactive,2024-06-09
35735,Product_5735_3,clothing,825.9916049514302,479.76038273116313,archived,2024-04-26
35736,Product_5736_3,sports,736.1474223050282,498.0250097982227,archived,2024-11-24
35737,Product_5737_3,books,495.5862054723718,76.23591435039002,archived,2024-11-26
35738,Product_5738_3,books,213.50077095847456,266.2112917919414,active,2024-05-20
35739,Product_5739_3,electronics,712.9631114475038,417.6312672183567,pending,2024-11-04
35740,Product_5740_3,clothing,528.1168038444871,100.8083044605068,pending,2024-11-26
35741,Product_5741_3,electronics,684.570109777192,264.9885844678508,inactive,2024-03-09
35742,Product_5742_3,clothing,243.06882427116898,27.91841840831114,archived,2024-08-07
35743,Product_5743_3,electronics,380.8106865811367,247.5438799258743,inactive,2024-12-27
35744,Product_5744_3,sports,334.5130998220997,111.73987996849246,archived,2024-05-20
35745,Product_5745_3,sports,908.7527818306997,489.9692972715212,archived,2024-07-20
35746,Product_5746_3,books,978.5505174968545,11.454473284107571,pending,2024-03-17
35747,Product_5747_3,clothing,53.217770802387825,22.734462774637723,pending,2024-01-06
35748,Product_5748_3,sports,23.90788240913244,203.07115221118238,pending,2024-04-17
35749,Product_5749_3,electronics,745.8819573981734,274.8528761400747,inactive,2024-03-24
35750,Product_5750_3,home,318.4872848549533,48.50477175917176,active,2024-11-11
35751,Product_5751_3,home,661.6083435937521,89.06425399892522,inactive,2024-10-25
35752,Product_5752_3,books,216.25290557077102,57.67459604434451,archived,2024-07-08
35753,Product_5753_3,clothing,681.8689084772928,115.40453550726389,active,2024-12-09
35754,Product_5754_3,sports,890.310962627734,134.49096644335884,active,2024-12-19
35755,Product_5755_3,sports,485.49688486838164,489.3496758363199,inactive,2024-09-14
35756,Product_5756_3,books,682.7490861757099,371.77396510380834,pending,2024-07-11
35757,Product_5757_3,electronics,308.2716435513655,365.0584745228201,active,2024-01-08
35758,Product_5758_3,home,771.1564815053272,277.7134556082383,active,2024-11-02
35759,Product_5759_3,home,457.70821105262235,232.47520084617628,pending,2024-02-13
35760,Product_5760_3,books,969.878714779829,138.33910221260334,archived,2024-10-23
35761,Product_5761_3,home,284.8462119154944,231.5713900676996,inactive,2024-02-12
35762,Product_5762_3,books,783.7255600498845,27.89927807662791,active,2024-07-27
35763,Product_5763_3,books,288.02324282950246,122.06449848153655,archived,2024-10-14
35764,Product_5764_3,sports,737.0909775799607,476.5538536914351,archived,2024-07-14
35765,Product_5765_3,books,93.33519277499182,229.53022173015296,active,2024-03-22
35766,Product_5766_3,electronics,762.9402398043268,185.27042717783524,pending,2024-11-21
35767,Product_5767_3,sports,905.5256389151411,192.75204863313894,pending,2024-03-26
35768,Product_5768_3,sports,581.8764944787105,120.07490511002817,archived,2024-06-08
35769,Product_5769_3,home,364.8442455638237,130.4820086654308,pending,2024-08-24
35770,Product_5770_3,electronics,697.991526742993,152.061988306764,inactive,2024-07-16
35771,Product_5771_3,clothing,853.7101843476166,191.49188485713285,inactive,2024-10-02
35772,Product_5772_3,electronics,870.7222636715588,377.58288246577376,inactive,2024-01-06
35773,Product_5773_3,clothing,319.11708206311886,185.93791788223075,pending,2024-03-18
35774,Product_5774_3,electronics,958.6422381937881,495.8888485969202,active,2024-12-13
35775,Product_5775_3,books,41.026631134534234,155.64828703484278,inactive,2024-12-09
35776,Product_5776_3,electronics,918.8349908098025,481.8231668326422,pending,2024-04-10
35777,Product_5777_3,home,856.7744592454313,83.73765014116839,pending,2024-10-11
35778,Product_5778_3,home,983.4364269244263,282.3349743645788,active,2024-03-13
35779,Product_5779_3,clothing,307.8190589945508,151.2252321088426,inactive,2024-01-03
35780,Product_5780_3,books,317.80251523204373,378.5489143080108,active,2024-01-11
35781,Product_5781_3,clothing,201.66478871929354,172.5013072665249,archived,2024-03-20
35782,Product_5782_3,books,972.2347064462738,208.5336650547283,pending,2024-12-22
35783,Product_5783_3,books,291.1143807609184,55.69984369531216,pending,2024-04-28
35784,Product_5784_3,books,406.71760663622973,230.65378472461163,inactive,2024-02-05
35785,Product_5785_3,home,932.9449454274607,141.34895930304168,archived,2024-11-04
35786,Product_5786_3,electronics,176.26204981612435,291.3356339264844,pending,2024-05-10
35787,Product_5787_3,clothing,978.5420740978471,375.98055585553215,archived,2024-11-27
35788,Product_5788_3,home,543.8021811553888,63.29728101445253,active,2024-05-08
35789,Product_5789_3,sports,648.0736960864052,278.0640843390563,pending,2024-06-24
35790,Product_5790_3,sports,968.704241065132,82.178265026414,active,2024-03-09
35791,Product_5791_3,clothing,725.1586194681954,65.03045821067843,inactive,2024-01-24
35792,Product_5792_3,sports,804.3636373956634,314.21424837303493,archived,2024-09-12
35793,Product_5793_3,electronics,184.83110241142253,465.516201835461,archived,2024-03-10
35794,Product_5794_3,electronics,77.24108259493022,73.13267731518735,active,2024-07-26
35795,Product_5795_3,clothing,776.9404261433647,176.32396589902598,active,2024-07-12
35796,Product_5796_3,sports,704.3415143810545,213.44413337683557,archived,2024-10-16
35797,Product_5797_3,electronics,571.0277818528765,139.4836080334454,pending,2024-05-11
35798,Product_5798_3,home,981.1055992280211,442.8977857766015,archived,2024-02-18
35799,Product_5799_3,books,636.4336867805223,215.8789571079245,active,2024-11-12
35800,Product_5800_3,clothing,400.0379770260082,111.36723741926112,pending,2024-08-06
35801,Product_5801_3,clothing,177.83912895400525,121.87502983970302,inactive,2024-02-21
35802,Product_5802_3,electronics,634.6114192141795,148.65214737282184,active,2024-08-05
35803,Product_5803_3,books,996.7050973099767,41.00159207269507,archived,2024-01-12
35804,Product_5804_3,electronics,353.1999257548658,225.1613019196027,inactive,2024-01-10
35805,Product_5805_3,books,734.4521076706686,389.1332290140803,active,2024-09-06
35806,Product_5806_3,books,904.8730802810364,160.53585675101561,archived,2024-05-16
35807,Product_5807_3,sports,755.0419857797438,324.59544706924254,archived,2024-12-27
35808,Product_5808_3,sports,68.55275333081526,172.85970922968875,inactive,2024-12-25
35809,Product_5809_3,clothing,194.77113511712835,365.0602801241367,inactive,2024-05-16
35810,Product_5810_3,home,290.4303647336054,421.2377998123806,pending,2024-06-22
35811,Product_5811_3,sports,571.3499240832983,393.09505602137,inactive,2024-01-17
35812,Product_5812_3,clothing,721.2933968627793,227.63642677347087,archived,2024-04-06
35813,Product_5813_3,home,493.6429027279333,236.00400295432837,active,2024-07-18
35814,Product_5814_3,home,867.293562266436,352.0969620224458,active,2024-08-14
35815,Product_5815_3,clothing,714.9971211782231,209.845692142676,pending,2024-05-18
35816,Product_5816_3,books,189.767104206355,104.87359231730841,active,2024-08-07
35817,Product_5817_3,clothing,873.6050229441735,38.889444546417806,pending,2024-07-22
35818,Product_5818_3,clothing,202.14919450755923,372.934707975367,inactive,2024-12-20
35819,Product_5819_3,electronics,580.9524184326185,428.24634833961693,pending,2024-09-04
35820,Product_5820_3,sports,556.4602663887463,439.2001491868186,active,2024-03-11
35821,Product_5821_3,home,402.41342510282647,151.5512666930846,pending,2024-07-21
35822,Product_5822_3,books,753.9979570302033,312.8287211238237,inactive,2024-03-24
35823,Product_5823_3,books,739.0187670428842,354.0478137419342,active,2024-04-12
35824,Product_5824_3,sports,83.14563843365175,351.90793696698745,active,2024-05-16
35825,Product_5825_3,electronics,373.2973865037009,84.32961055943004,inactive,2024-01-24
35826,Product_5826_3,books,994.4501747753154,462.49316362497416,active,2024-06-06
35827,Product_5827_3,clothing,312.3179871790895,27.506257143917306,pending,2024-08-11
35828,Product_5828_3,books,721.5244133477096,419.95436370789577,archived,2024-01-17
35829,Product_5829_3,books,937.4214907844746,464.47095886809706,inactive,2024-02-22
35830,Product_5830_3,clothing,621.9430465046953,203.36147712483282,active,2024-04-03
35831,Product_5831_3,electronics,156.63836082483206,383.26399690790095,archived,2024-08-22
35832,Product_5832_3,electronics,309.0254882432967,419.472328603361,active,2024-04-24
35833,Product_5833_3,home,817.197336773184,461.87346206911553,active,2024-12-03
35834,Product_5834_3,home,903.6447325958226,104.52277685543349,active,2024-04-02
35835,Product_5835_3,electronics,533.0423210406994,89.49521333551961,pending,2024-09-16
35836,Product_5836_3,clothing,89.919532700182,445.0716118157866,inactive,2024-02-19
35837,Product_5837_3,books,742.3432551588272,26.516718045751578,active,2024-12-03
35838,Product_5838_3,sports,231.53927799125074,170.69835873749219,archived,2024-06-21
35839,Product_5839_3,clothing,698.9916090238005,449.1081233196342,active,2024-10-15
35840,Product_5840_3,clothing,71.72959238462052,54.29542919373726,inactive,2024-12-10
35841,Product_5841_3,clothing,738.0863691239922,480.5117624319406,pending,2024-05-08
35842,Product_5842_3,home,36.03572473689932,452.9447724490503,active,2024-01-24
35843,Product_5843_3,clothing,771.7314111589025,205.29842920771972,active,2024-10-09
35844,Product_5844_3,clothing,2.036843831665218,272.05629074935587,inactive,2024-07-17
35845,Product_5845_3,home,234.24334242435515,200.9490512740245,active,2024-06-20
35846,Product_5846_3,home,414.5465196541842,277.604617954736,active,2024-11-13
35847,Product_5847_3,electronics,11.212826841993165,259.76014454921335,active,2024-04-11
35848,Product_5848_3,clothing,323.7772142969706,198.009033494436,archived,2024-07-12
35849,Product_5849_3,electronics,981.288583948268,191.01213609981596,archived,2024-03-26
35850,Product_5850_3,clothing,3.422825262203865,303.5365347896922,pending,2024-01-26
35851,Product_5851_3,electronics,217.55285881335234,158.91875567696508,pending,2024-05-18
35852,Product_5852_3,home,352.81555337374544,219.6134061578592,active,2024-03-24
35853,Product_5853_3,home,331.75562378593634,143.16764770423205,pending,2024-04-04
35854,Product_5854_3,electronics,952.4455390285932,66.31075438799502,active,2024-11-06
35855,Product_5855_3,clothing,413.31168918450754,55.44385046065477,active,2024-07-05
35856,Product_5856_3,sports,110.43014257235714,398.56786033554584,pending,2024-01-15
35857,Product_5857_3,books,231.91294423640093,471.6678795018133,pending,2024-10-08
35858,Product_5858_3,clothing,783.9105005153439,100.59548755788305,active,2024-05-22
35859,Product_5859_3,sports,778.6502889716427,338.9554064162789,active,2024-11-21
35860,Product_5860_3,books,461.2298043040157,53.611043613032564,inactive,2024-11-12
35861,Product_5861_3,books,403.209531021807,298.83869439658673,active,2024-08-02
35862,Product_5862_3,books,705.4331370669761,263.3874879712024,pending,2024-05-08
35863,Product_5863_3,sports,826.6314081341108,196.11108617188404,pending,2024-05-14
35864,Product_5864_3,home,836.5352862901944,405.03298913432036,inactive,2024-01-22
35865,Product_5865_3,electronics,515.657345013484,87.78727698101834,active,2024-12-03
35866,Product_5866_3,home,811.6684909086638,170.2850359691145,active,2024-09-07
35867,Product_5867_3,clothing,847.724980758881,360.98782726024905,pending,2024-05-02
35868,Product_5868_3,books,462.4625092100426,185.74497368875134,archived,2024-02-28
35869,Product_5869_3,books,217.80946627563895,251.7762003821495,archived,2024-10-03
35870,Product_5870_3,clothing,535.65183546523,189.88753641288736,inactive,2024-06-18
35871,Product_5871_3,electronics,779.4453285444594,74.32460032934662,pending,2024-12-12
35872,Product_5872_3,electronics,394.10867971477563,108.42482159380891,pending,2024-09-07
35873,Product_5873_3,books,540.4156531922605,50.68103905316923,inactive,2024-06-03
35874,Product_5874_3,books,685.108598491982,288.2082015325804,pending,2024-02-02
35875,Product_5875_3,books,891.296787748643,227.65985108403885,archived,2024-05-12
35876,Product_5876_3,electronics,597.6133106374157,465.6231124476155,active,2024-11-03
35877,Product_5877_3,books,661.7572022015949,65.54536458417279,active,2024-12-21
35878,Product_5878_3,books,455.5244852890266,472.6686024462928,active,2024-05-19
35879,Product_5879_3,books,869.8577252104627,142.84953584665118,active,2024-04-24
35880,Product_5880_3,home,656.2552502731938,220.06942580494513,active,2024-01-07
35881,Product_5881_3,home,386.6993068015971,301.35377115031605,inactive,2024-09-09
35882,Product_5882_3,sports,790.0841603053719,475.5505289918996,active,2024-11-23
35883,Product_5883_3,clothing,684.6173607002249,204.3434048105452,active,2024-08-07
35884,Product_5884_3,electronics,990.1429779410761,374.7499843089419,pending,2024-02-22
35885,Product_5885_3,home,60.305416389127785,284.7421370774282,pending,2024-06-26
35886,Product_5886_3,books,506.41380836375333,246.73965776487404,inactive,2024-12-12
35887,Product_5887_3,home,986.7712198558454,376.49242741996113,archived,2024-12-18
35888,Product_5888_3,books,467.5244672909495,115.27258061176035,pending,2024-02-19
35889,Product_5889_3,home,693.8379924396462,372.24424116676767,active,2024-10-23
35890,Product_5890_3,sports,946.421728355877,318.43287748149197,inactive,2024-11-07
35891,Product_5891_3,home,260.62139245536486,469.0167155307761,active,2024-02-25
35892,Product_5892_3,sports,419.4662853053662,239.552539376498,pending,2024-05-02
35893,Product_5893_3,electronics,722.6242254810129,397.36939280797395,active,2024-08-01
35894,Product_5894_3,sports,568.3867690374459,330.1755834547976,inactive,2024-09-16
35895,Product_5895_3,sports,178.2673769435003,121.83482061275227,inactive,2024-02-18
35896,Product_5896_3,home,756.458044905511,127.70547328315706,inactive,2024-12-28
35897,Product_5897_3,home,39.767606540723584,229.12076171725653,inactive,2024-05-27
35898,Product_5898_3,electronics,967.2119419327571,136.7600260349658,active,2024-08-07
35899,Product_5899_3,clothing,836.5037663493929,189.92505341340546,pending,2024-06-10
35900,Product_5900_3,home,286.652385755899,214.83220914504344,pending,2024-03-03
35901,Product_5901_3,electronics,346.85694671493246,300.5843582369751,active,2024-12-10
35902,Product_5902_3,electronics,508.94629435813795,72.62249081183796,archived,2024-11-17
35903,Product_5903_3,clothing,605.5293922199018,233.25290298809023,pending,2024-08-21
35904,Product_5904_3,books,91.12889266480734,297.0100105077534,active,2024-05-16
35905,Product_5905_3,books,158.07590787711754,380.7235743167113,pending,2024-11-08
35906,Product_5906_3,electronics,469.6924979660715,348.3740209579956,inactive,2024-11-09
35907,Product_5907_3,electronics,597.6631079573599,291.76585369298573,active,2024-09-12
35908,Product_5908_3,clothing,257.8841023292862,106.35850462871238,inactive,2024-02-07
35909,Product_5909_3,electronics,269.478260918217,375.05596403967195,active,2024-10-10
35910,Product_5910_3,books,668.4664630926595,317.50569746036507,archived,2024-11-06
35911,Product_5911_3,home,245.35689782878094,378.74660272416753,pending,2024-10-19
35912,Product_5912_3,home,606.909071214961,422.3532283363407,pending,2024-10-27
35913,Product_5913_3,home,174.91266329743428,488.5097678660439,pending,2024-07-07
35914,Product_5914_3,sports,438.770685895488,306.79135829509744,active,2024-02-16
35915,Product_5915_3,home,70.81814091541406,227.23662725446422,active,2024-08-24
35916,Product_5916_3,home,990.4838424958386,407.0151262448828,archived,2024-09-12
35917,Product_5917_3,clothing,200.9839150900799,390.77317255373606,archived,2024-11-20
35918,Product_5918_3,books,349.91860263039723,422.5587627324965,pending,2024-04-16
35919,Product_5919_3,electronics,753.8674685202242,97.61784010441565,pending,2024-07-21
35920,Product_5920_3,sports,335.517508474436,394.73210567651694,pending,2024-09-15
35921,Product_5921_3,sports,254.60855684464138,433.9686874074744,active,2024-04-26
35922,Product_5922_3,home,434.9340910643801,412.0654980428661,active,2024-02-06
35923,Product_5923_3,sports,518.9011485229641,110.51454800769675,active,2024-01-18
35924,Product_5924_3,sports,289.230094449232,153.09555737141517,pending,2024-01-02
35925,Product_5925_3,sports,424.8750597125052,335.1360382461968,active,2024-01-20
35926,Product_5926_3,electronics,748.7368633597482,253.0804134982497,active,2024-08-23
35927,Product_5927_3,home,608.2755857656283,315.9849753744639,archived,2024-08-24
35928,Product_5928_3,electronics,787.4234986042845,113.43067882130315,archived,2024-09-26
35929,Product_5929_3,home,30.211850002662633,84.58456634494343,archived,2024-02-09
35930,Product_5930_3,books,532.7864674513413,240.3810243141368,inactive,2024-09-17
35931,Product_5931_3,electronics,667.7013801264948,315.78678565216114,active,2024-09-08
35932,Product_5932_3,clothing,600.3749514808411,317.0159719519195,inactive,2024-04-17
35933,Product_5933_3,home,894.7686967882042,24.09171132846272,active,2024-08-16
35934,Product_5934_3,books,783.9372122030117,193.41199794039542,inactive,2024-01-02
35935,Product_5935_3,sports,593.398884049699,104.23456241377762,archived,2024-11-17
35936,Product_5936_3,home,536.5295480010692,40.151225376423426,pending,2024-08-21
35937,Product_5937_3,books,910.9372406587063,27.74937494075924,inactive,2024-01-02
35938,Product_5938_3,home,877.123976482328,364.3637591926893,pending,2024-06-26
35939,Product_5939_3,clothing,905.9596128319015,332.23078517806584,pending,2024-05-20
35940,Product_5940_3,sports,540.9437230463382,112.85613227094022,active,2024-08-02
35941,Product_5941_3,home,715.2184385935338,213.90932516349275,pending,2024-09-03
35942,Product_5942_3,books,60.94258079133838,283.9033602640402,inactive,2024-12-13
35943,Product_5943_3,sports,312.6309550101543,27.859403137941108,inactive,2024-09-28
35944,Product_5944_3,sports,532.8848050482636,494.957431791832,archived,2024-01-24
35945,Product_5945_3,home,326.5668486431171,409.66201644909836,archived,2024-07-13
35946,Product_5946_3,sports,9.704236550302257,15.588018759090728,active,2024-12-20
35947,Product_5947_3,home,754.4950999581034,140.0691907164034,archived,2024-12-08
35948,Product_5948_3,sports,890.2162883713291,365.03107899112524,pending,2024-12-06
35949,Product_5949_3,electronics,204.7635472267503,317.133188663952,inactive,2024-08-12
35950,Product_5950_3,clothing,961.2125559891709,122.42215167852807,pending,2024-10-01
35951,Product_5951_3,books,188.57065568868194,371.59547254080127,inactive,2024-08-11
35952,Product_5952_3,books,343.96275488756004,68.90545955673205,archived,2024-02-10
35953,Product_5953_3,home,473.5603131837082,374.5289981376788,archived,2024-08-24
35954,Product_5954_3,home,43.8771641594149,447.00718509322365,inactive,2024-06-23
35955,Product_5955_3,books,421.4510181459432,456.2544418590338,inactive,2024-09-05
35956,Product_5956_3,electronics,74.01394108960643,229.0810863059645,inactive,2024-12-08
35957,Product_5957_3,sports,763.967303271066,12.034845951581666,active,2024-04-18
35958,Product_5958_3,electronics,20.68674172489847,62.05092550322549,active,2024-02-21
35959,Product_5959_3,electronics,375.9503371845497,265.7628605778814,pending,2024-06-09
35960,Product_5960_3,books,37.449076110010694,218.60800119410857,inactive,2024-11-02
35961,Product_5961_3,home,106.11035340151153,291.16330082184766,archived,2024-04-11
35962,Product_5962_3,clothing,971.4871303393206,149.91005911629904,active,2024-11-01
35963,Product_5963_3,sports,311.9074216753935,18.451062729669676,pending,2024-02-27
35964,Product_5964_3,clothing,5.043666724377758,197.3196225948505,archived,2024-04-17
35965,Product_5965_3,electronics,502.8142221125381,431.75357667321293,pending,2024-09-27
35966,Product_5966_3,clothing,687.5715227869468,463.82822285555756,archived,2024-07-09
35967,Product_5967_3,sports,799.9409578559132,328.3854431952449,pending,2024-12-19
35968,Product_5968_3,sports,23.32128197875274,165.31777419015393,active,2024-04-28
35969,Product_5969_3,sports,425.17478366170513,23.91750503232918,inactive,2024-01-27
35970,Product_5970_3,electronics,786.3378630511969,200.70558970598603,active,2024-10-16
35971,Product_5971_3,home,517.0888914247649,295.92270783110257,pending,2024-06-16
35972,Product_5972_3,sports,325.81369877496553,221.2587258150069,archived,2024-11-04
35973,Product_5973_3,books,803.5764927450723,111.23666045688594,archived,2024-05-06
35974,Product_5974_3,home,132.2261526612047,249.86970512774434,archived,2024-04-04
35975,Product_5975_3,clothing,854.2656078306846,270.60955075244783,inactive,2024-09-24
35976,Product_5976_3,electronics,836.5247771012408,205.10056290469402,active,2024-06-13
35977,Product_5977_3,sports,638.828121999052,180.72093502620035,inactive,2024-09-10
35978,Product_5978_3,electronics,479.5456923292487,43.794029232002345,pending,2024-12-03
35979,Product_5979_3,electronics,413.90298160733016,142.3613969344081,archived,2024-11-15
35980,Product_5980_3,home,921.9571509397957,346.3132996337619,inactive,2024-07-01
35981,Product_5981_3,home,800.3737055736792,22.316678092429093,active,2024-12-11
35982,Product_5982_3,sports,74.48550021994711,75.17551414731484,inactive,2024-02-19
35983,Product_5983_3,books,484.6944683476808,428.708105979126,archived,2024-07-07
35984,Product_5984_3,electronics,706.8338826773736,360.6886720556328,active,2024-09-14
35985,Product_5985_3,sports,139.6379762233633,313.9039284167104,active,2024-11-11
35986,Product_5986_3,clothing,64.49568281026279,328.02171344785114,archived,2024-12-23
35987,Product_5987_3,sports,935.4187211910616,485.109994008466,archived,2024-10-06
35988,Product_5988_3,electronics,431.2364967479466,439.78854032941217,inactive,2024-04-25
35989,Product_5989_3,electronics,666.2402906436645,131.08463609276413,active,2024-04-12
35990,Product_5990_3,sports,383.92779918673256,242.58185618992522,archived,2024-10-11
35991,Product_5991_3,sports,449.81402106813795,87.66909605222749,archived,2024-05-09
35992,Product_5992_3,electronics,677.5185718322746,86.94472078870623,active,2024-01-02
35993,Product_5993_3,clothing,594.4063801856348,471.4480172802293,inactive,2024-06-18
35994,Product_5994_3,books,196.83134832361173,303.5536087476331,pending,2024-01-07
35995,Product_5995_3,clothing,969.6775986480276,127.68405976834488,archived,2024-09-27
35996,Product_5996_3,sports,601.0781196049724,445.557800333015,active,2024-03-06
35997,Product_5997_3,home,391.20886316303483,64.76808679311739,inactive,2024-11-06
35998,Product_5998_3,sports,191.16242519997286,81.17645996567482,active,2024-12-06
35999,Product_5999_3,electronics,407.7595870563492,379.20031693386284,pending,2024-12-22
36000,Product_6000_3,clothing,179.00465885393874,14.140733831776636,active,2024-10-17
36001,Product_6001_3,electronics,576.702841215259,267.2183870660499,inactive,2024-06-21
36002,Product_6002_3,sports,704.7367654437775,34.666542469864275,inactive,2024-10-03
36003,Product_6003_3,home,254.3380929789115,33.53499466318073,inactive,2024-10-02
36004,Product_6004_3,books,793.1660346394053,73.46012429665478,inactive,2024-10-26
36005,Product_6005_3,home,919.0977603365253,488.773323594235,archived,2024-03-12
36006,Product_6006_3,clothing,359.6298622418693,39.24592923491531,active,2024-04-11
36007,Product_6007_3,home,929.944234246186,285.02132675823367,inactive,2024-07-11
36008,Product_6008_3,home,486.2066625793029,433.52546281172994,archived,2024-04-05
36009,Product_6009_3,books,341.0698991910271,288.8703872562944,active,2024-05-07
36010,Product_6010_3,sports,19.343915928907887,243.4138061882762,active,2024-06-15
36011,Product_6011_3,electronics,294.79953414324785,173.77648182952413,active,2024-10-28
36012,Product_6012_3,clothing,722.9177266272015,455.5859820978362,pending,2024-10-13
36013,Product_6013_3,home,127.1824890581134,458.4728504995662,pending,2024-06-09
36014,Product_6014_3,books,352.38285733603954,29.39910978652848,archived,2024-07-28
36015,Product_6015_3,books,912.7945274614456,415.9603508545381,active,2024-01-26
36016,Product_6016_3,books,581.2391508629357,194.17990588622825,archived,2024-03-10
36017,Product_6017_3,books,738.5731519508887,478.8955867456747,pending,2024-12-13
36018,Product_6018_3,electronics,108.77600545150595,190.15473365353012,pending,2024-05-15
36019,Product_6019_3,sports,811.5147932688913,276.50846819299136,archived,2024-03-26
36020,Product_6020_3,home,258.55442077812285,135.58421816127657,pending,2024-05-28
36021,Product_6021_3,books,843.8174649168202,433.3290548441832,archived,2024-05-07
36022,Product_6022_3,home,920.7410477171975,497.6390279074651,pending,2024-04-01
36023,Product_6023_3,home,518.3349149259999,40.76463323104383,active,2024-08-13
36024,Product_6024_3,books,888.2476492361343,299.1250006830524,inactive,2024-06-11
36025,Product_6025_3,clothing,653.7431208881214,218.88154191936283,archived,2024-01-21
36026,Product_6026_3,electronics,833.8458186664001,422.27269507404014,inactive,2024-10-12
36027,Product_6027_3,books,254.5288219854018,404.02315258603926,archived,2024-02-16
36028,Product_6028_3,electronics,163.13752017605788,367.02830520152315,pending,2024-02-15
36029,Product_6029_3,home,134.9504501062917,479.41073130724783,pending,2024-05-02
36030,Product_6030_3,home,660.179740117944,351.6728774024397,archived,2024-12-03
36031,Product_6031_3,home,820.1148651960763,494.04224019324033,active,2024-09-11
36032,Product_6032_3,electronics,385.26244451564503,42.95199553090657,archived,2024-10-01
36033,Product_6033_3,home,23.147555130315933,46.50182990834393,pending,2024-02-05
36034,Product_6034_3,home,167.14662216726873,358.7397664000371,active,2024-03-09
36035,Product_6035_3,books,353.4761668813696,11.131310288779254,pending,2024-08-21
36036,Product_6036_3,sports,367.10600205677497,301.81618317734626,active,2024-02-12
36037,Product_6037_3,books,297.87615902392736,75.43411959097459,inactive,2024-08-16
36038,Product_6038_3,clothing,188.7791947644832,25.6040708987164,pending,2024-11-11
36039,Product_6039_3,home,523.8894163136013,224.36682235272386,archived,2024-07-26
36040,Product_6040_3,electronics,192.87195088326143,400.1817879241784,archived,2024-11-07
36041,Product_6041_3,clothing,943.9968754584263,371.95854095588527,inactive,2024-03-25
36042,Product_6042_3,sports,468.4842640552972,400.3529222622375,archived,2024-04-12
36043,Product_6043_3,home,357.4833414895364,392.4870702666604,inactive,2024-12-06
36044,Product_6044_3,clothing,390.1389424989414,497.19420559926215,active,2024-09-11
36045,Product_6045_3,books,566.0644578579462,228.3121227178064,inactive,2024-01-21
36046,Product_6046_3,sports,824.2009670923926,358.1384708789525,active,2024-02-06
36047,Product_6047_3,books,73.35307741099834,479.3849591973612,inactive,2024-09-06
36048,Product_6048_3,clothing,487.628331586742,256.05084817405213,archived,2024-06-17
36049,Product_6049_3,sports,350.83846587043786,196.61268146671227,archived,2024-11-01
36050,Product_6050_3,home,495.9364636475991,96.54216480403986,archived,2024-01-10
36051,Product_6051_3,clothing,397.205190776787,260.05877502184484,archived,2024-05-13
36052,Product_6052_3,clothing,95.39533030394918,311.9235202489972,inactive,2024-05-20
36053,Product_6053_3,electronics,661.0118680811869,372.24661837710505,archived,2024-11-28
36054,Product_6054_3,sports,388.6492951033634,299.36996389071425,pending,2024-01-01
36055,Product_6055_3,sports,252.4669802479071,319.16182905779203,pending,2024-03-02
36056,Product_6056_3,sports,151.00585800901254,31.54348783709282,archived,2024-03-15
36057,Product_6057_3,home,505.38781437253016,187.3609834642891,pending,2024-12-24
36058,Product_6058_3,electronics,189.62218875865256,309.6776973026152,active,2024-08-19
36059,Product_6059_3,clothing,139.54562479346058,15.303677329639978,active,2024-02-12
36060,Product_6060_3,clothing,387.0633028395059,213.013201519519,active,2024-08-05
36061,Product_6061_3,sports,775.8519069298757,497.5937285752169,active,2024-07-09
36062,Product_6062_3,sports,644.5177684097172,378.5639079268332,archived,2024-03-10
36063,Product_6063_3,sports,719.7591607545163,448.2885697749751,active,2024-02-02
36064,Product_6064_3,sports,86.28955593294883,66.44340545118003,active,2024-02-22
36065,Product_6065_3,home,521.6219916733712,64.06963061475088,pending,2024-09-05
36066,Product_6066_3,home,219.75878243403233,403.81694426970364,active,2024-09-20
36067,Product_6067_3,clothing,5.339412359700572,230.53070112056986,pending,2024-09-27
36068,Product_6068_3,electronics,118.49526763643534,468.09413889007584,pending,2024-12-17
36069,Product_6069_3,sports,262.5320035456275,70.5326629411939,inactive,2024-08-07
36070,Product_6070_3,sports,592.2809242680241,288.78602867775106,active,2024-11-09
36071,Product_6071_3,sports,428.30565902337867,378.5843555798639,active,2024-01-10
36072,Product_6072_3,clothing,727.0425207338266,94.04143040581349,active,2024-02-09
36073,Product_6073_3,books,682.2629124190127,313.92681012780275,active,2024-05-19
36074,Product_6074_3,sports,594.7554873467868,129.1789688350143,active,2024-05-25
36075,Product_6075_3,books,530.9201583915655,191.36976299381786,inactive,2024-09-21
36076,Product_6076_3,sports,596.9571808556868,161.18714586009003,archived,2024-12-09
36077,Product_6077_3,books,31.56381894692794,391.84830932167625,inactive,2024-04-05
36078,Product_6078_3,books,195.28577792281646,17.523120281759994,archived,2024-02-28
36079,Product_6079_3,home,494.51285075037225,389.8951088851468,inactive,2024-12-16
36080,Product_6080_3,books,157.2118873441814,289.1210684338984,archived,2024-12-11
36081,Product_6081_3,sports,90.72260601576454,290.8009314640957,archived,2024-07-04
36082,Product_6082_3,home,709.6618730278867,382.86012439186175,pending,2024-06-19
36083,Product_6083_3,home,726.9860251768333,288.8897834648006,inactive,2024-12-21
36084,Product_6084_3,electronics,361.63057809246453,484.3929438871922,active,2024-05-12
36085,Product_6085_3,home,853.2404779454777,220.6457729457529,archived,2024-01-13
36086,Product_6086_3,home,150.8243670792245,162.4891256333319,archived,2024-08-21
36087,Product_6087_3,home,580.8304153113411,323.48258268488,inactive,2024-12-03
36088,Product_6088_3,home,131.687612783939,280.93449886928533,pending,2024-10-13
36089,Product_6089_3,home,900.0691033774433,83.85725400300946,active,2024-01-27
36090,Product_6090_3,sports,151.11671477766978,406.0615172818729,active,2024-04-04
36091,Product_6091_3,sports,108.20528633572107,421.8430014475881,active,2024-03-02
36092,Product_6092_3,clothing,194.34555543250852,469.282923051404,inactive,2024-09-13
36093,Product_6093_3,clothing,696.3768817588528,442.4821382655227,archived,2024-04-04
36094,Product_6094_3,books,932.4809569497744,303.10162875065316,active,2024-11-27
36095,Product_6095_3,books,820.726170163287,26.849216588826117,active,2024-04-20
36096,Product_6096_3,books,528.0771456775368,188.68380537246352,pending,2024-09-23
36097,Product_6097_3,sports,578.1446313697869,403.0138199477388,active,2024-09-02
36098,Product_6098_3,home,929.0820186107878,43.01536118994703,inactive,2024-07-17
36099,Product_6099_3,home,582.3061296337139,258.92535670398456,inactive,2024-11-12
36100,Product_6100_3,clothing,800.7220285497858,21.82732853000165,archived,2024-07-17
36101,Product_6101_3,books,246.7169326101106,62.20501768490211,inactive,2024-12-16
36102,Product_6102_3,home,709.9986450320782,14.9296803378383,inactive,2024-08-03
36103,Product_6103_3,clothing,374.5643830904937,348.8401973662812,inactive,2024-02-19
36104,Product_6104_3,sports,736.9405946140113,356.37139445921315,archived,2024-10-09
36105,Product_6105_3,electronics,898.9628561682479,214.3637672805377,active,2024-03-19
36106,Product_6106_3,books,13.728019970192083,484.58009776349326,archived,2024-12-09
36107,Product_6107_3,electronics,799.664133891225,72.21705985225628,pending,2024-12-20
36108,Product_6108_3,books,747.052538233683,433.0978139100778,inactive,2024-02-21
36109,Product_6109_3,electronics,738.6351626803063,149.32114545622613,inactive,2024-11-28
36110,Product_6110_3,clothing,507.4207792804231,226.71646597773244,inactive,2024-09-13
36111,Product_6111_3,electronics,302.57231112209786,82.09758234836794,archived,2024-10-05
36112,Product_6112_3,clothing,955.8171587853889,488.08565540177307,active,2024-10-18
36113,Product_6113_3,books,801.9192023978898,425.8665628898136,pending,2024-03-12
36114,Product_6114_3,books,222.33030910772104,193.12050642134156,pending,2024-11-10
36115,Product_6115_3,books,101.82463311054882,210.5770798699946,archived,2024-01-16
36116,Product_6116_3,electronics,544.6935590603789,438.3493637693773,inactive,2024-08-05
36117,Product_6117_3,books,997.9055831000778,495.3279052779773,active,2024-01-14
36118,Product_6118_3,home,330.8737907444279,127.61928663147205,inactive,2024-01-27
36119,Product_6119_3,clothing,711.8387592799838,442.4925534925555,pending,2024-10-09
36120,Product_6120_3,electronics,660.5143446524203,182.47614293391538,active,2024-01-19
36121,Product_6121_3,books,814.4047303200344,135.77181639976087,active,2024-08-23
36122,Product_6122_3,sports,460.42757762747317,255.0586047471337,pending,2024-07-04
36123,Product_6123_3,sports,948.8607887030699,340.3941592226065,archived,2024-02-28
36124,Product_6124_3,books,143.84514390898798,461.0118648194768,pending,2024-10-19
36125,Product_6125_3,home,763.1392730697551,186.70162516257963,active,2024-08-06
36126,Product_6126_3,sports,766.5555737150428,67.69439602884512,inactive,2024-03-24
36127,Product_6127_3,sports,174.39583948711135,496.27692095708585,active,2024-10-13
36128,Product_6128_3,books,326.6513290337046,118.40105409087423,active,2024-02-11
36129,Product_6129_3,books,796.55079940646,411.68537255486945,pending,2024-09-15
36130,Product_6130_3,sports,161.0716307446709,248.4014640885817,pending,2024-04-16
36131,Product_6131_3,electronics,800.9121727161829,44.599543460087396,pending,2024-04-27
36132,Product_6132_3,sports,702.7576769998452,151.42947534614518,pending,2024-05-11
36133,Product_6133_3,clothing,518.2541543364134,330.3596366167985,inactive,2024-07-27
36134,Product_6134_3,books,681.3949490330644,352.58857849610166,active,2024-06-04
36135,Product_6135_3,clothing,972.5611933812685,471.9346396941174,active,2024-01-09
36136,Product_6136_3,clothing,375.02863329080776,158.02991404749224,pending,2024-03-19
36137,Product_6137_3,home,676.5708604840396,185.39660237436843,pending,2024-01-01
36138,Product_6138_3,home,782.0044476441996,313.62430139923936,archived,2024-02-01
36139,Product_6139_3,sports,407.54890538925946,393.4618205056558,archived,2024-10-15
36140,Product_6140_3,clothing,662.3386936683047,349.3825499490532,active,2024-10-19
36141,Product_6141_3,home,999.308531877198,248.88541334738483,archived,2024-03-17
36142,Product_6142_3,electronics,224.8668650334036,49.673457835495455,archived,2024-06-08
36143,Product_6143_3,books,174.8456626353391,331.03206591277154,active,2024-06-11
36144,Product_6144_3,electronics,344.94432813479744,268.30693592442475,archived,2024-02-15
36145,Product_6145_3,home,234.7724844600926,332.3447663697403,archived,2024-07-09
36146,Product_6146_3,home,894.9730238058905,137.89687474943014,active,2024-01-15
36147,Product_6147_3,home,521.79200843038,470.14540763234805,active,2024-12-05
36148,Product_6148_3,sports,175.31481503349931,418.61048659753124,inactive,2024-03-15
36149,Product_6149_3,home,709.0396691389047,239.10855468526432,active,2024-03-22
36150,Product_6150_3,books,558.5184443392184,387.8358862922751,pending,2024-03-10
36151,Product_6151_3,sports,763.0603128933641,378.80630787079537,inactive,2024-04-07
36152,Product_6152_3,home,252.17042513897775,80.30216211104154,pending,2024-05-26
36153,Product_6153_3,sports,325.1289439851103,141.40399549415943,active,2024-11-02
36154,Product_6154_3,electronics,221.52406157439898,159.64176477986464,pending,2024-07-20
36155,Product_6155_3,sports,201.87146917555592,208.18862594547593,inactive,2024-02-27
36156,Product_6156_3,sports,412.25005050480473,496.84892142160504,inactive,2024-09-26
36157,Product_6157_3,electronics,212.96443533077348,278.48000012682843,inactive,2024-03-11
36158,Product_6158_3,electronics,287.75343814623517,354.1254613086327,inactive,2024-01-23
36159,Product_6159_3,electronics,57.73695733976353,263.5219334155098,inactive,2024-11-07
36160,Product_6160_3,books,571.9879372751366,150.9876038337,active,2024-02-03
36161,Product_6161_3,electronics,213.46699518360072,51.702212622419665,archived,2024-10-09
36162,Product_6162_3,clothing,22.807757172986033,460.05121804304395,pending,2024-09-23
36163,Product_6163_3,books,669.1817825822587,313.20094972824086,inactive,2024-02-28
36164,Product_6164_3,sports,55.69711019222834,355.74087376622015,pending,2024-10-05
36165,Product_6165_3,clothing,311.09699243397256,34.85413751232248,active,2024-07-17
36166,Product_6166_3,clothing,642.7240831400617,228.7876103519807,archived,2024-05-08
36167,Product_6167_3,books,288.8470096322437,213.57965770280776,inactive,2024-12-01
36168,Product_6168_3,clothing,872.6523076531892,432.1453598593088,pending,2024-07-16
36169,Product_6169_3,clothing,982.5718873433069,186.76728011590635,inactive,2024-05-23
36170,Product_6170_3,home,837.2918776010528,431.1845585726365,pending,2024-09-24
36171,Product_6171_3,home,89.37221624014066,378.5991766117264,active,2024-10-11
36172,Product_6172_3,home,5.742649724680697,291.9576839379959,active,2024-07-09
36173,Product_6173_3,clothing,872.9951979933934,408.0566867079809,inactive,2024-08-12
36174,Product_6174_3,electronics,16.77832456307531,441.11514621015465,active,2024-05-14
36175,Product_6175_3,clothing,845.0591277380661,483.44195178874736,active,2024-10-04
36176,Product_6176_3,clothing,312.05158912454027,393.48588836363814,inactive,2024-02-02
36177,Product_6177_3,clothing,139.68823061512543,265.947666419882,pending,2024-10-24
36178,Product_6178_3,home,588.5935603009378,241.54396978863943,pending,2024-05-25
36179,Product_6179_3,sports,194.3144153855646,309.56102430757153,pending,2024-02-08
36180,Product_6180_3,sports,760.8530115101727,406.37805053522044,pending,2024-10-16
36181,Product_6181_3,sports,349.05986022094453,360.6581181513139,pending,2024-02-09
36182,Product_6182_3,clothing,270.0765822996687,18.217966617855325,archived,2024-10-07
36183,Product_6183_3,sports,114.15130763541525,124.67671439277441,pending,2024-08-15
36184,Product_6184_3,books,889.9528486606911,72.5400537045063,pending,2024-11-01
36185,Product_6185_3,home,453.85094515770004,366.9115443611448,inactive,2024-07-26
36186,Product_6186_3,books,10.000433380932286,409.36944987964546,inactive,2024-12-07
36187,Product_6187_3,sports,328.25862428489876,148.037717458131,pending,2024-03-04
36188,Product_6188_3,books,901.2620718205352,38.351626095800924,active,2024-07-06
36189,Product_6189_3,home,279.79433509211975,272.6160141528638,active,2024-12-02
36190,Product_6190_3,sports,382.3335393359335,20.675732347488804,active,2024-04-14
36191,Product_6191_3,books,225.24575698313924,154.47018918516378,pending,2024-10-10
36192,Product_6192_3,home,386.4408048637711,298.7216964795314,inactive,2024-05-08
36193,Product_6193_3,books,636.6893653406527,246.23642312560153,pending,2024-08-25
36194,Product_6194_3,clothing,186.29758717985027,98.75267617001882,archived,2024-01-01
36195,Product_6195_3,electronics,313.66980591218834,105.3471752247866,inactive,2024-10-04
36196,Product_6196_3,sports,902.5456535948424,272.1674107224819,archived,2024-10-15
36197,Product_6197_3,home,224.89845974491288,11.393735719895693,inactive,2024-06-11
36198,Product_6198_3,electronics,642.5985255135355,348.81300949732065,pending,2024-08-28
36199,Product_6199_3,sports,456.32929538451293,384.91372765249923,active,2024-06-14
36200,Product_6200_3,electronics,660.659819987454,419.1053653394771,pending,2024-12-19
36201,Product_6201_3,sports,803.4200135439236,159.9140605691463,pending,2024-12-14
36202,Product_6202_3,sports,112.0366718882103,263.6614621834808,inactive,2024-02-26
36203,Product_6203_3,electronics,259.7567895528877,243.56598969238564,pending,2024-12-25
36204,Product_6204_3,electronics,670.5718298097461,466.4067741618068,active,2024-09-22
36205,Product_6205_3,clothing,628.7067569709596,61.98814963424384,active,2024-03-24
36206,Product_6206_3,sports,99.02102992435945,12.667098706536489,archived,2024-04-18
36207,Product_6207_3,sports,234.88853336998454,65.20655281130855,inactive,2024-05-24
36208,Product_6208_3,books,197.60385313701133,238.94375003097835,inactive,2024-12-21
36209,Product_6209_3,clothing,607.2693579229984,490.1438242326373,archived,2024-04-13
36210,Product_6210_3,home,877.4624916109267,187.7430872235447,archived,2024-10-28
36211,Product_6211_3,sports,726.8951625537486,280.13477554687927,archived,2024-02-04
36212,Product_6212_3,home,626.2585724994362,331.293573254841,inactive,2024-06-01
36213,Product_6213_3,clothing,124.2726183309902,106.38512282084604,inactive,2024-03-15
36214,Product_6214_3,electronics,18.572970707010015,390.1367304735775,archived,2024-05-12
36215,Product_6215_3,clothing,718.9488480614036,166.5215601011253,archived,2024-05-11
36216,Product_6216_3,home,684.2605565121304,429.0442019802385,active,2024-10-07
36217,Product_6217_3,home,942.6143518986952,214.94827806824168,active,2024-12-04
36218,Product_6218_3,home,350.0011412965195,436.6813735705951,inactive,2024-05-03
36219,Product_6219_3,electronics,403.0985585341819,123.4988409304635,archived,2024-03-25
36220,Product_6220_3,clothing,622.5487167070827,468.45772766120047,active,2024-01-15
36221,Product_6221_3,electronics,586.2052731182398,31.283918119726877,archived,2024-05-23
36222,Product_6222_3,sports,170.87248893256623,407.352081893856,active,2024-03-06
36223,Product_6223_3,home,398.9930770339836,217.51155624302658,inactive,2024-03-23
36224,Product_6224_3,electronics,57.636217229426556,148.30751438331302,active,2024-07-26
36225,Product_6225_3,home,668.6511815396589,421.06440175095753,archived,2024-11-16
36226,Product_6226_3,electronics,29.50189013037,462.7222295686372,archived,2024-12-14
36227,Product_6227_3,books,771.7233369715386,404.95917257132726,active,2024-07-14
36228,Product_6228_3,electronics,369.03545970408544,152.80786698488407,archived,2024-08-08
36229,Product_6229_3,sports,679.3557182737787,227.14245191178145,archived,2024-01-28
36230,Product_6230_3,electronics,319.0964918031685,130.70548710211168,archived,2024-02-10
36231,Product_6231_3,home,145.6391453243763,165.14140991563957,pending,2024-03-09
36232,Product_6232_3,books,37.80486024294633,382.5070194292751,pending,2024-08-11
36233,Product_6233_3,sports,961.8163379207494,498.6576803106431,pending,2024-09-03
36234,Product_6234_3,clothing,101.47791801737883,434.72759085271093,active,2024-12-17
36235,Product_6235_3,sports,894.6696704240115,288.2894581357823,active,2024-04-27
36236,Product_6236_3,clothing,564.3843231593738,395.65586890468165,pending,2024-10-16
36237,Product_6237_3,books,48.21525737585206,283.5099215979222,inactive,2024-03-27
36238,Product_6238_3,electronics,248.85133549253055,253.1975564617144,archived,2024-10-21
36239,Product_6239_3,electronics,105.31815890599736,14.414667933974583,archived,2024-04-14
36240,Product_6240_3,clothing,592.351753752476,493.13030025803283,pending,2024-06-28
36241,Product_6241_3,electronics,654.0774465531582,212.21991442119833,pending,2024-07-08
36242,Product_6242_3,home,146.65126856612477,385.85135078692343,archived,2024-12-15
36243,Product_6243_3,books,232.70295780814138,114.05209994582364,archived,2024-07-26
36244,Product_6244_3,clothing,222.21935936367277,95.18833456837159,active,2024-12-27
36245,Product_6245_3,books,466.8128392865326,182.0520613517534,pending,2024-04-09
36246,Product_6246_3,clothing,801.6914453890791,258.56646032965193,pending,2024-02-03
36247,Product_6247_3,electronics,841.1069832617183,160.06494899843906,archived,2024-06-23
36248,Product_6248_3,sports,67.67851880604927,414.10223128212596,archived,2024-06-20
36249,Product_6249_3,home,267.3160550393744,350.19664457516194,archived,2024-07-22
36250,Product_6250_3,electronics,38.95239094236535,492.6659689301479,pending,2024-07-19
36251,Product_6251_3,books,671.496899476921,260.0949399915716,active,2024-04-02
36252,Product_6252_3,home,610.1768280869555,498.6955385644243,inactive,2024-12-25
36253,Product_6253_3,sports,617.5679726323917,349.0266212717061,inactive,2024-03-04
36254,Product_6254_3,home,189.39805522471679,41.83400839289452,pending,2024-10-27
36255,Product_6255_3,home,721.572097040509,300.8142218073652,inactive,2024-01-04
36256,Product_6256_3,books,373.0831261560423,443.15520566055,archived,2024-08-14
36257,Product_6257_3,sports,181.22234446644967,183.3255528994216,active,2024-01-22
36258,Product_6258_3,electronics,643.9178939094991,273.3573050152521,archived,2024-08-16
36259,Product_6259_3,clothing,249.66734170874776,274.8991365967511,pending,2024-09-23
36260,Product_6260_3,home,993.0341841624432,484.07338323805794,active,2024-08-24
36261,Product_6261_3,sports,820.3505804978902,133.40983497273243,inactive,2024-09-04
36262,Product_6262_3,home,606.0864395956821,35.34507293501072,pending,2024-09-01
36263,Product_6263_3,electronics,981.6146118416343,378.4084040177152,archived,2024-06-03
36264,Product_6264_3,home,422.3629823793978,350.25579400099747,inactive,2024-01-06
36265,Product_6265_3,electronics,982.7480729119471,396.32144233177695,active,2024-03-10
36266,Product_6266_3,books,151.01580913968598,130.57416630273298,pending,2024-10-06
36267,Product_6267_3,books,88.09306107042755,195.22760380896935,active,2024-08-07
36268,Product_6268_3,electronics,481.9862412590866,466.64965131520484,active,2024-02-19
36269,Product_6269_3,clothing,764.5076330175102,442.66466786318256,archived,2024-03-28
36270,Product_6270_3,electronics,170.72388791614966,96.1148590654455,active,2024-11-17
36271,Product_6271_3,electronics,376.8462787920397,352.3942319494982,archived,2024-07-10
36272,Product_6272_3,sports,775.0022983073225,476.04023898981376,pending,2024-06-23
36273,Product_6273_3,books,529.5069558437548,477.3088622157988,pending,2024-03-06
36274,Product_6274_3,home,974.1218481853886,88.42201589164739,inactive,2024-04-15
36275,Product_6275_3,home,990.8875044541265,274.9077760917543,pending,2024-02-27
36276,Product_6276_3,home,577.3461720023253,317.89457886031886,active,2024-06-25
36277,Product_6277_3,home,216.72263621330544,384.6963536752717,active,2024-06-11
36278,Product_6278_3,electronics,148.43424106291343,470.73005193742716,inactive,2024-02-09
36279,Product_6279_3,electronics,301.03984824478056,193.99062523375093,active,2024-06-07
36280,Product_6280_3,electronics,791.5223055671055,114.2135139001006,pending,2024-04-25
36281,Product_6281_3,sports,332.1109009318487,473.4140783680814,inactive,2024-03-26
36282,Product_6282_3,sports,761.0458256767691,433.06228033198494,active,2024-06-05
36283,Product_6283_3,sports,501.05317011204306,23.153151294131163,inactive,2024-09-20
36284,Product_6284_3,books,883.3047166391374,85.4495120889773,inactive,2024-04-21
36285,Product_6285_3,books,71.4461498769964,29.293758285055375,inactive,2024-02-02
36286,Product_6286_3,sports,767.8175021484304,76.93465173065039,active,2024-02-14
36287,Product_6287_3,sports,933.5997553319536,369.92982922174735,active,2024-07-21
36288,Product_6288_3,electronics,769.7434335499433,20.480589755452208,inactive,2024-02-07
36289,Product_6289_3,clothing,531.4039206536346,397.35913559921323,archived,2024-05-20
36290,Product_6290_3,home,482.6685796160895,305.39498902902614,archived,2024-10-21
36291,Product_6291_3,books,711.4657005588714,337.10882355904175,pending,2024-04-15
36292,Product_6292_3,clothing,103.93965014738016,497.3242460162078,active,2024-05-05
36293,Product_6293_3,clothing,418.6676106409729,445.44726614361224,pending,2024-05-26
36294,Product_6294_3,books,873.5513429684333,248.464917525231,archived,2024-07-08
36295,Product_6295_3,clothing,980.8423922499583,268.1661288570369,archived,2024-02-15
36296,Product_6296_3,electronics,897.4793662840776,107.52810969466397,pending,2024-06-15
36297,Product_6297_3,books,454.2013974821909,475.14570135478823,inactive,2024-08-23
36298,Product_6298_3,home,216.1894460605897,176.43305313269013,pending,2024-08-20
36299,Product_6299_3,clothing,726.9378858526803,28.92097022540186,pending,2024-01-21
36300,Product_6300_3,electronics,829.6862204080633,100.06585549505257,active,2024-10-14
36301,Product_6301_3,electronics,971.7255025173293,395.08911883740484,inactive,2024-06-04
36302,Product_6302_3,sports,419.63071772613205,427.10988103969265,archived,2024-08-18
36303,Product_6303_3,electronics,705.8239940110966,19.227824743864588,active,2024-04-25
36304,Product_6304_3,electronics,674.6604378703396,82.50542897372242,inactive,2024-03-02
36305,Product_6305_3,sports,573.0374338360422,153.33904047792632,archived,2024-10-15
36306,Product_6306_3,sports,104.0387806683696,231.27200603511426,active,2024-08-20
36307,Product_6307_3,electronics,576.7697713542985,490.4471520324872,active,2024-11-26
36308,Product_6308_3,clothing,633.1231159444161,412.11200884061543,active,2024-01-09
36309,Product_6309_3,books,777.4211707868883,272.66023693964667,active,2024-01-21
36310,Product_6310_3,home,347.1271029999825,388.41976703552876,active,2024-11-20
36311,Product_6311_3,books,114.88067459244206,66.08670975863501,archived,2024-03-16
36312,Product_6312_3,books,893.3211951217546,295.6151801043287,pending,2024-08-16
36313,Product_6313_3,sports,988.3053889847316,238.64214879397878,active,2024-01-06
36314,Product_6314_3,electronics,430.06137020632923,399.0831565243415,archived,2024-02-18
36315,Product_6315_3,clothing,816.0098934990945,24.59199203086903,inactive,2024-01-22
36316,Product_6316_3,clothing,302.4176657140148,263.267612307186,active,2024-07-11
36317,Product_6317_3,home,895.6017982062097,31.607489315958446,active,2024-05-20
36318,Product_6318_3,home,272.72349131296096,435.9171779133518,archived,2024-01-10
36319,Product_6319_3,sports,700.3058788036639,88.93607536372963,archived,2024-07-23
36320,Product_6320_3,clothing,577.2672042331411,300.34412249768263,pending,2024-11-13
36321,Product_6321_3,sports,728.1490961479842,234.41736971136655,active,2024-06-11
36322,Product_6322_3,books,257.92708757953,147.1614679303109,inactive,2024-05-16
36323,Product_6323_3,sports,63.04629829861604,147.72781182540393,pending,2024-06-05
36324,Product_6324_3,books,187.42050476634233,20.217594914360966,inactive,2024-04-09
36325,Product_6325_3,home,543.0379510135037,326.5663451787658,pending,2024-09-18
36326,Product_6326_3,clothing,201.7820467727115,234.5887328262197,archived,2024-10-03
36327,Product_6327_3,clothing,908.2561429493153,212.57912903580706,active,2024-10-28
36328,Product_6328_3,electronics,527.3589322314311,311.94043301693927,pending,2024-05-03
36329,Product_6329_3,electronics,954.7202290730042,147.2371286387727,archived,2024-04-24
36330,Product_6330_3,sports,755.3612869269855,362.7846216174806,inactive,2024-08-05
36331,Product_6331_3,books,341.3429028632441,310.2714093943696,active,2024-11-25
36332,Product_6332_3,home,850.6176450374281,413.4003880980324,archived,2024-03-14
36333,Product_6333_3,books,611.3239143177622,136.5858376337294,active,2024-04-18
36334,Product_6334_3,sports,289.9195074900629,256.20348456147735,pending,2024-10-21
36335,Product_6335_3,books,825.2304644131726,402.5586266940609,pending,2024-08-13
36336,Product_6336_3,electronics,879.4464495276874,53.16395391426888,active,2024-03-21
36337,Product_6337_3,clothing,515.7100437533478,38.51574913959067,archived,2024-01-07
36338,Product_6338_3,clothing,683.2493919575062,219.64524633381987,pending,2024-10-18
36339,Product_6339_3,books,762.9301410416109,27.233395359025195,active,2024-12-13
36340,Product_6340_3,books,638.1163517852981,318.61399056867515,inactive,2024-07-16
36341,Product_6341_3,home,750.7997954021467,344.3150732922337,active,2024-06-02
36342,Product_6342_3,home,729.4420800086614,233.69419977832246,inactive,2024-06-05
36343,Product_6343_3,sports,298.0143268050986,124.37749721588744,archived,2024-08-19
36344,Product_6344_3,home,759.3793464889225,320.1445315876805,active,2024-09-26
36345,Product_6345_3,home,830.2881929386325,158.2224678216027,active,2024-11-16
36346,Product_6346_3,clothing,775.5587517377157,86.24119726013477,pending,2024-01-17
36347,Product_6347_3,home,883.6999236220541,347.06544023762314,inactive,2024-02-02
36348,Product_6348_3,books,692.1679912343445,235.1760619950002,archived,2024-08-02
36349,Product_6349_3,books,449.9937972300649,414.5512888952512,pending,2024-08-18
36350,Product_6350_3,books,723.1431599735829,337.0425790469218,pending,2024-06-16
36351,Product_6351_3,sports,827.8917175073349,420.32090866489716,inactive,2024-10-27
36352,Product_6352_3,sports,134.30462012109075,178.12206248761888,pending,2024-04-25
36353,Product_6353_3,home,997.0660752115778,213.1074180102891,archived,2024-06-17
36354,Product_6354_3,clothing,558.9842381414692,466.06847502295136,active,2024-09-15
36355,Product_6355_3,electronics,329.305007711885,445.2619781850361,active,2024-01-03
36356,Product_6356_3,clothing,132.2887602076795,409.42267297133236,archived,2024-01-10
36357,Product_6357_3,home,249.18247716390158,319.32818599668656,pending,2024-09-28
36358,Product_6358_3,clothing,587.9485008225154,180.29658300661075,pending,2024-03-23
36359,Product_6359_3,clothing,491.2237972585752,65.85269888702024,active,2024-10-07
36360,Product_6360_3,clothing,606.6984285317934,380.9995513320888,inactive,2024-11-01
36361,Product_6361_3,electronics,797.7456406510423,181.41765996852232,pending,2024-03-08
36362,Product_6362_3,electronics,339.11559118222215,257.93845594359993,inactive,2024-04-21
36363,Product_6363_3,electronics,557.1587834378854,306.83755254412506,pending,2024-04-15
36364,Product_6364_3,books,749.0399729794261,470.84092716632097,active,2024-06-14
36365,Product_6365_3,home,722.7119361425322,323.8075037314065,pending,2024-09-16
36366,Product_6366_3,home,352.961099165789,473.59379850747985,pending,2024-01-22
36367,Product_6367_3,electronics,905.6722621896839,478.73406055904474,archived,2024-05-04
36368,Product_6368_3,clothing,917.9404623043979,465.6856540999196,active,2024-01-23
36369,Product_6369_3,sports,724.228481564007,264.26095699524603,active,2024-11-21
36370,Product_6370_3,sports,122.63804283641568,424.23813068199223,archived,2024-05-03
36371,Product_6371_3,electronics,774.6132700188616,191.36426531212146,active,2024-12-08
36372,Product_6372_3,electronics,806.5142325724483,412.28960643801975,archived,2024-10-14
36373,Product_6373_3,home,421.70989934384886,278.35217558457435,pending,2024-02-25
36374,Product_6374_3,sports,529.1240073100536,349.65610842465026,pending,2024-06-07
36375,Product_6375_3,books,439.8955770788639,456.14967011761996,pending,2024-01-26
36376,Product_6376_3,books,819.1720624548989,150.5710053227035,active,2024-03-26
36377,Product_6377_3,sports,450.4792590652307,129.69487210850113,archived,2024-09-16
36378,Product_6378_3,sports,18.0070941577979,201.14147429914902,active,2024-11-28
36379,Product_6379_3,books,77.89197866637899,419.4352587592826,pending,2024-12-13
36380,Product_6380_3,electronics,393.27895343948046,87.02127898092537,inactive,2024-07-19
36381,Product_6381_3,books,902.4725388947805,187.35236041381705,active,2024-03-03
36382,Product_6382_3,home,468.2086993418617,273.19162216478503,pending,2024-12-12
36383,Product_6383_3,clothing,615.5832749930337,415.48133717358263,inactive,2024-03-25
36384,Product_6384_3,home,974.2636292451521,264.1045473877119,archived,2024-03-09
36385,Product_6385_3,electronics,416.98940625075375,398.70006230496085,active,2024-08-20
36386,Product_6386_3,home,780.4121541888511,69.00003684724302,inactive,2024-06-08
36387,Product_6387_3,clothing,531.0056182400873,344.5758306757168,archived,2024-01-25
36388,Product_6388_3,electronics,187.72113274295438,391.0710154974801,pending,2024-11-24
36389,Product_6389_3,books,613.7027839811137,219.36013389200545,pending,2024-06-18
36390,Product_6390_3,sports,979.4849262398411,185.73895290388816,active,2024-02-04
36391,Product_6391_3,clothing,305.83360709198746,297.6528826883693,pending,2024-08-26
36392,Product_6392_3,electronics,274.36767697690743,258.52498844463616,active,2024-12-10
36393,Product_6393_3,electronics,246.63225393056925,366.8359288757203,pending,2024-07-24
36394,Product_6394_3,books,841.8864316297498,46.430523935308294,inactive,2024-05-07
36395,Product_6395_3,electronics,660.9310321572124,290.16073514545053,inactive,2024-04-11
36396,Product_6396_3,books,649.5949137243466,383.87403652079394,archived,2024-09-09
36397,Product_6397_3,electronics,333.311465850933,383.3537550312809,inactive,2024-12-28
36398,Product_6398_3,books,900.7335742661963,132.08164467252996,pending,2024-05-14
36399,Product_6399_3,sports,546.0953932673865,300.7110014062212,active,2024-09-09
36400,Product_6400_3,books,856.1813595242379,288.14727545045923,archived,2024-10-20
36401,Product_6401_3,electronics,8.304509246581066,300.57288551612965,active,2024-04-15
36402,Product_6402_3,electronics,65.75486077288973,105.44224666465868,pending,2024-02-19
36403,Product_6403_3,home,564.8109993452937,481.7024121142471,archived,2024-10-28
36404,Product_6404_3,home,816.296427249517,316.06470894378,pending,2024-02-11
36405,Product_6405_3,electronics,821.6020262366767,164.48760737847365,archived,2024-06-10
36406,Product_6406_3,sports,615.3572823134551,207.9343439049417,pending,2024-08-16
36407,Product_6407_3,sports,570.8847128169116,488.047139529792,inactive,2024-02-07
36408,Product_6408_3,electronics,926.3093943114202,241.75631719323349,active,2024-01-14
36409,Product_6409_3,sports,10.706500539386061,480.8695536011809,archived,2024-08-05
36410,Product_6410_3,books,421.7199874145903,376.8195392058999,archived,2024-06-09
36411,Product_6411_3,books,843.3698848504508,444.5041674496766,pending,2024-12-10
36412,Product_6412_3,clothing,449.4947017047326,323.4178634766515,inactive,2024-08-18
36413,Product_6413_3,home,54.31145435310126,40.92325500525129,pending,2024-10-19
36414,Product_6414_3,electronics,100.09182551570015,322.38400657133786,archived,2024-09-15
36415,Product_6415_3,electronics,812.0049838378418,141.76118240567155,active,2024-10-25
36416,Product_6416_3,sports,966.9156589061565,21.897125386755395,active,2024-01-17
36417,Product_6417_3,books,759.3647329771363,72.6782460040088,active,2024-11-06
36418,Product_6418_3,electronics,335.60641939503626,180.18008605096642,pending,2024-03-03
36419,Product_6419_3,clothing,526.2896133711773,457.5383307918346,active,2024-11-05
36420,Product_6420_3,clothing,701.8766584142272,109.29909491706982,pending,2024-08-16
36421,Product_6421_3,home,525.6732087110904,291.6714685255199,archived,2024-01-07
36422,Product_6422_3,sports,630.0226090451005,140.5866379846598,archived,2024-02-20
36423,Product_6423_3,home,643.610141086992,14.05981797164723,pending,2024-09-08
36424,Product_6424_3,home,662.6408951409283,466.19386489846045,active,2024-07-24
36425,Product_6425_3,electronics,842.8727182101688,435.16391764790313,active,2024-12-28
36426,Product_6426_3,electronics,850.2591101190259,104.82961291032696,pending,2024-07-16
36427,Product_6427_3,books,853.7245775514396,338.95405465627414,archived,2024-07-07
36428,Product_6428_3,sports,154.35044678151783,131.9617432213699,active,2024-09-22
36429,Product_6429_3,home,591.1854882763737,356.53083197230615,inactive,2024-05-19
36430,Product_6430_3,electronics,412.07739277477594,460.10097152860493,archived,2024-06-02
36431,Product_6431_3,sports,362.60451235077494,221.9243866661253,pending,2024-11-10
36432,Product_6432_3,clothing,522.7783629846622,408.68542962767515,inactive,2024-08-28
36433,Product_6433_3,electronics,86.82943136669343,413.6252130148687,archived,2024-04-04
36434,Product_6434_3,sports,717.9292656998796,366.49656495929696,active,2024-11-02
36435,Product_6435_3,home,956.280716260519,142.4627510971649,pending,2024-05-27
36436,Product_6436_3,books,144.92709246579153,222.94330042176918,archived,2024-07-05
36437,Product_6437_3,electronics,493.20705939544445,465.6367680649938,pending,2024-06-08
36438,Product_6438_3,home,801.8532552269519,443.3354933196398,pending,2024-08-17
36439,Product_6439_3,clothing,392.73755502689676,206.53722690962476,pending,2024-06-09
36440,Product_6440_3,books,770.8905433488779,232.3497750333187,inactive,2024-07-05
36441,Product_6441_3,books,879.71507158583,228.99201099051743,inactive,2024-01-26
36442,Product_6442_3,home,786.4537982094138,422.7537849285951,pending,2024-04-20
36443,Product_6443_3,clothing,861.3012846715636,27.95802717307211,inactive,2024-06-15
36444,Product_6444_3,home,720.9776938223732,115.48138933703974,pending,2024-12-02
36445,Product_6445_3,sports,419.4569478195639,357.4876999032571,active,2024-11-21
36446,Product_6446_3,books,236.57737377640413,425.52914812562676,active,2024-11-25
36447,Product_6447_3,home,511.06348373378484,130.57668096754716,archived,2024-05-22
36448,Product_6448_3,sports,225.78314877905086,337.27123197912334,active,2024-06-01
36449,Product_6449_3,clothing,24.46989785467262,211.49569214737338,active,2024-10-09
36450,Product_6450_3,electronics,290.671430371029,335.77185164014975,archived,2024-05-24
36451,Product_6451_3,electronics,975.1134432041864,404.61438225008374,active,2024-11-15
36452,Product_6452_3,electronics,299.2793472875433,166.2796431780532,pending,2024-03-17
36453,Product_6453_3,home,740.8377123858413,161.92563867452816,archived,2024-01-14
36454,Product_6454_3,sports,656.40665584513,320.221136133671,pending,2024-05-12
36455,Product_6455_3,electronics,259.68513795193485,178.04327160274065,pending,2024-09-18
36456,Product_6456_3,electronics,228.57497069164936,67.72261512290821,inactive,2024-05-28
36457,Product_6457_3,clothing,125.18397312643228,429.64815543063753,inactive,2024-08-19
36458,Product_6458_3,electronics,382.43446257671786,456.327111429763,active,2024-08-16
36459,Product_6459_3,books,252.5261383700646,27.65121640743647,archived,2024-09-03
36460,Product_6460_3,home,272.14048930932785,159.8378356876991,active,2024-07-25
36461,Product_6461_3,clothing,897.0541589610815,208.3415795070625,active,2024-05-26
36462,Product_6462_3,electronics,925.9079516968525,248.60870930971885,inactive,2024-04-07
36463,Product_6463_3,sports,730.7010827306802,307.3764273401269,pending,2024-01-14
36464,Product_6464_3,electronics,674.7262442388635,187.22712532333173,archived,2024-08-05
36465,Product_6465_3,electronics,315.01261503489366,51.176952540237245,active,2024-02-04
36466,Product_6466_3,home,911.0628042582748,80.20258725456623,active,2024-07-06
36467,Product_6467_3,books,277.87282300144545,318.68323840145155,pending,2024-08-07
36468,Product_6468_3,sports,340.772241007564,492.0867199480644,pending,2024-01-02
36469,Product_6469_3,clothing,836.9859130920445,73.82731290354482,active,2024-02-07
36470,Product_6470_3,electronics,514.2436065719467,59.608617672531345,inactive,2024-05-04
36471,Product_6471_3,sports,9.990896656532112,427.00291533946853,pending,2024-09-27
36472,Product_6472_3,electronics,186.422794844802,124.13747542596951,active,2024-10-22
36473,Product_6473_3,sports,62.26519892391431,395.88755657676523,active,2024-03-08
36474,Product_6474_3,electronics,125.60272545749126,212.92580116348842,pending,2024-09-21
36475,Product_6475_3,sports,19.894599416367253,248.03896066818507,inactive,2024-02-24
36476,Product_6476_3,clothing,463.4475942982773,89.4723298670282,archived,2024-10-07
36477,Product_6477_3,electronics,724.1814154584557,490.8819053420608,active,2024-09-16
36478,Product_6478_3,clothing,923.3070908178204,458.12074119744454,archived,2024-12-23
36479,Product_6479_3,home,278.3936546880691,280.68485433815,inactive,2024-06-28
36480,Product_6480_3,clothing,612.5285601202338,350.385546510088,pending,2024-07-12
36481,Product_6481_3,sports,837.9839420559767,416.3734303113815,active,2024-10-10
36482,Product_6482_3,home,131.67660402485376,236.9207730485153,pending,2024-01-05
36483,Product_6483_3,home,714.9633575441998,42.83498983198151,pending,2024-08-03
36484,Product_6484_3,electronics,650.4653046963911,250.65286564973985,archived,2024-09-04
36485,Product_6485_3,sports,389.857590121106,372.2327077736043,inactive,2024-11-16
36486,Product_6486_3,books,916.5177863076857,347.02054225100295,archived,2024-04-11
36487,Product_6487_3,sports,830.5114468703607,349.20300577696867,pending,2024-08-10
36488,Product_6488_3,home,736.2475405182213,41.945939270443446,archived,2024-02-03
36489,Product_6489_3,clothing,783.7487533217065,302.2464168117571,pending,2024-10-13
36490,Product_6490_3,home,458.74969085789724,445.8381382371835,pending,2024-09-09
36491,Product_6491_3,electronics,251.66634584763761,258.42401167426544,archived,2024-09-01
36492,Product_6492_3,books,243.92523048586352,298.6097197117624,pending,2024-11-17
36493,Product_6493_3,clothing,945.7459036409693,494.6747089539143,archived,2024-09-13
36494,Product_6494_3,electronics,948.033295102426,391.7045833194985,archived,2024-09-18
36495,Product_6495_3,electronics,510.11390879121296,48.549807296988156,archived,2024-12-05
36496,Product_6496_3,sports,130.63425875265997,14.980084174920478,active,2024-03-09
36497,Product_6497_3,sports,598.8401995294441,410.3934900975491,inactive,2024-08-09
36498,Product_6498_3,electronics,261.86893289304004,66.09976314778254,pending,2024-01-19
36499,Product_6499_3,books,698.2155018621023,191.24334673971092,archived,2024-04-10
36500,Product_6500_3,sports,979.4706952936968,477.3198730055218,archived,2024-09-18
36501,Product_6501_3,electronics,164.5372010669364,273.80123028788665,pending,2024-12-19
36502,Product_6502_3,sports,951.4769961991166,298.6527957005944,archived,2024-02-24
36503,Product_6503_3,home,788.6446369361938,215.54048086392612,pending,2024-05-16
36504,Product_6504_3,home,548.2665207901512,255.28370661103435,inactive,2024-04-24
36505,Product_6505_3,sports,294.8049367910305,489.990661065453,active,2024-12-19
36506,Product_6506_3,clothing,227.33222142545756,330.7302059626486,active,2024-06-01
36507,Product_6507_3,books,797.5040634460471,259.4827963516175,active,2024-05-13
36508,Product_6508_3,sports,7.491418737376403,279.05033799476513,inactive,2024-12-21
36509,Product_6509_3,books,601.5719205887237,300.1670898478362,archived,2024-03-02
36510,Product_6510_3,clothing,181.96466653595698,238.60321139579753,active,2024-05-09
36511,Product_6511_3,electronics,233.34493350700834,347.00718119434725,active,2024-09-24
36512,Product_6512_3,electronics,687.9209311715919,476.016042500488,archived,2024-01-18
36513,Product_6513_3,home,611.132967792145,69.2255949792422,active,2024-10-22
36514,Product_6514_3,books,993.2766725587994,148.16416102175177,active,2024-07-08
36515,Product_6515_3,home,807.4719923689021,44.42774940291345,active,2024-09-02
36516,Product_6516_3,sports,483.4191769316613,361.23129689969704,active,2024-04-16
36517,Product_6517_3,electronics,214.9958891661661,21.884287046191396,pending,2024-01-28
36518,Product_6518_3,books,606.0873288340202,307.9321450079603,active,2024-09-11
36519,Product_6519_3,sports,175.88698584720584,284.5695379648737,archived,2024-04-12
36520,Product_6520_3,home,435.60099968522445,172.46968408018964,pending,2024-08-23
36521,Product_6521_3,home,275.55291529701327,30.086876845573546,inactive,2024-06-17
36522,Product_6522_3,electronics,658.3849947400645,421.13874189952384,inactive,2024-09-24
36523,Product_6523_3,electronics,271.64229219481666,222.74038424394507,archived,2024-12-10
36524,Product_6524_3,sports,770.384393856042,271.22204475985853,archived,2024-07-08
36525,Product_6525_3,clothing,454.3199088396299,273.40658940919553,inactive,2024-02-11
36526,Product_6526_3,clothing,873.5696277135804,158.94181965212115,pending,2024-01-24
36527,Product_6527_3,electronics,18.1241553563306,457.3082511327889,active,2024-12-20
36528,Product_6528_3,home,964.7191821602971,163.52223615141023,active,2024-02-23
36529,Product_6529_3,clothing,762.4465366623184,70.188522308269,inactive,2024-04-05
36530,Product_6530_3,home,248.7855559589926,58.678039672431474,active,2024-07-17
36531,Product_6531_3,books,589.4679312978589,81.58142204530154,inactive,2024-06-11
36532,Product_6532_3,clothing,926.3814691638682,277.25368215094255,archived,2024-01-27
36533,Product_6533_3,home,690.718099068885,236.00911738843513,archived,2024-02-02
36534,Product_6534_3,home,56.40981681109738,444.2281890180816,archived,2024-12-08
36535,Product_6535_3,books,131.37062317158723,211.98033572254369,archived,2024-06-08
36536,Product_6536_3,electronics,924.892303517916,448.7477452156194,archived,2024-01-02
36537,Product_6537_3,home,706.4961007004009,283.0568304864692,archived,2024-02-18
36538,Product_6538_3,electronics,406.9515926606044,402.38761527867274,active,2024-09-28
36539,Product_6539_3,clothing,582.5367244714405,369.4910059228173,archived,2024-10-26
36540,Product_6540_3,sports,109.57013008928419,47.09016837746342,active,2024-11-23
36541,Product_6541_3,sports,141.70145622982193,122.83989062248827,pending,2024-10-09
36542,Product_6542_3,books,228.86794149788378,331.21105403965555,inactive,2024-12-28
36543,Product_6543_3,clothing,493.57664456384464,248.45051980846503,active,2024-11-02
36544,Product_6544_3,sports,154.22109399482545,350.3192230338825,pending,2024-10-27
36545,Product_6545_3,clothing,601.9846357293992,206.85089004254044,inactive,2024-09-16
36546,Product_6546_3,electronics,715.6951058935243,61.13409674177758,pending,2024-02-02
36547,Product_6547_3,home,570.9337947087255,138.4028770703482,pending,2024-02-28
36548,Product_6548_3,sports,169.0269269650632,158.47405737590861,inactive,2024-05-10
36549,Product_6549_3,clothing,216.67365143926568,318.2954294137467,inactive,2024-04-02
36550,Product_6550_3,electronics,140.63944896989798,458.7652121359692,pending,2024-12-11
36551,Product_6551_3,home,791.9395414284668,169.91595484240315,pending,2024-05-21
36552,Product_6552_3,clothing,462.9980369761612,465.7066935198182,pending,2024-01-04
36553,Product_6553_3,clothing,447.59509475494355,373.32263714774774,active,2024-12-05
36554,Product_6554_3,books,327.3807956707286,338.5351722123802,inactive,2024-10-06
36555,Product_6555_3,home,552.5705162789919,407.3240587425994,pending,2024-05-23
36556,Product_6556_3,clothing,460.0134628313892,78.95952951119659,pending,2024-08-27
36557,Product_6557_3,home,609.8647616073458,383.03240596908955,inactive,2024-05-27
36558,Product_6558_3,home,357.81877533008577,473.3997941621745,pending,2024-09-02
36559,Product_6559_3,clothing,719.1522821494408,179.40978742220943,active,2024-01-13
36560,Product_6560_3,sports,304.3061642168721,30.246292882906243,active,2024-09-14
36561,Product_6561_3,home,860.3811883631927,151.0814216685533,active,2024-10-10
36562,Product_6562_3,books,968.569365857648,467.76673430166505,active,2024-03-12
36563,Product_6563_3,home,873.8550701645877,19.286245750161118,active,2024-07-02
36564,Product_6564_3,sports,646.9567639546337,26.10010905339208,archived,2024-08-13
36565,Product_6565_3,books,20.167770373582886,11.268626727802483,pending,2024-07-25
36566,Product_6566_3,home,860.2628892808749,271.6540029188907,active,2024-03-16
36567,Product_6567_3,clothing,114.68772964682529,153.78655523916677,archived,2024-04-19
36568,Product_6568_3,clothing,851.239493272638,189.74754199755375,inactive,2024-11-02
36569,Product_6569_3,clothing,240.26722498835446,10.228504875603463,pending,2024-05-11
36570,Product_6570_3,clothing,768.5612740317146,19.826147972058394,pending,2024-09-22
36571,Product_6571_3,sports,684.8572953433761,174.59452897191602,active,2024-12-19
36572,Product_6572_3,sports,847.9774333468839,12.634420183892505,active,2024-07-10
36573,Product_6573_3,home,161.34277750530214,77.5998654302498,archived,2024-02-08
36574,Product_6574_3,home,554.3112119358002,116.79606496864064,active,2024-04-23
36575,Product_6575_3,books,144.7585561787167,170.88308424817563,pending,2024-09-15
36576,Product_6576_3,home,496.3491230140929,299.3587175816394,pending,2024-09-11
36577,Product_6577_3,electronics,260.76909619571904,176.62724372545773,active,2024-01-02
36578,Product_6578_3,electronics,715.0868970402541,67.80753165596025,archived,2024-04-07
36579,Product_6579_3,home,186.2050904702689,379.2552927625012,active,2024-06-10
36580,Product_6580_3,clothing,477.3254749613551,49.48238120732532,archived,2024-02-19
36581,Product_6581_3,sports,9.137527726591625,81.72333963425164,archived,2024-12-13
36582,Product_6582_3,electronics,379.2977928515715,481.4559441247706,inactive,2024-06-12
36583,Product_6583_3,clothing,720.3368836136432,199.30061322896162,pending,2024-05-28
36584,Product_6584_3,electronics,277.11825301470486,419.3811287061618,inactive,2024-02-02
36585,Product_6585_3,sports,306.62817492797524,455.1279623464532,archived,2024-11-24
36586,Product_6586_3,books,8.61309595247052,93.88095642922337,active,2024-07-11
36587,Product_6587_3,electronics,199.24823854302878,397.33071290167896,archived,2024-12-22
36588,Product_6588_3,clothing,630.2920196805161,10.523724581095607,pending,2024-06-05
36589,Product_6589_3,home,517.0807770101987,328.47620699058194,active,2024-07-24
36590,Product_6590_3,home,580.4187573867351,42.74018209258994,active,2024-09-13
36591,Product_6591_3,books,58.54360831371853,250.45562122028036,pending,2024-05-25
36592,Product_6592_3,sports,889.8790795677968,238.2224183543746,archived,2024-06-28
36593,Product_6593_3,home,982.8419691050464,321.84456730891173,active,2024-09-18
36594,Product_6594_3,electronics,806.2172579838024,321.8439585858848,inactive,2024-01-01
36595,Product_6595_3,books,898.9164720984226,394.56299480453686,pending,2024-09-26
36596,Product_6596_3,home,963.1371818183734,233.28515738627965,archived,2024-04-21
36597,Product_6597_3,electronics,364.1258594031983,350.5757363527513,active,2024-02-26
36598,Product_6598_3,sports,712.677529633345,251.45143558045157,active,2024-11-11
36599,Product_6599_3,sports,138.4423385825534,18.72325297426609,inactive,2024-02-14
36600,Product_6600_3,clothing,118.16250096564161,312.91624354543603,archived,2024-08-12
36601,Product_6601_3,books,299.74066043216357,121.71380449175888,archived,2024-06-28
36602,Product_6602_3,books,139.4066665449273,255.9400417549091,active,2024-04-17
36603,Product_6603_3,electronics,999.116324612418,248.25441481576928,archived,2024-06-06
36604,Product_6604_3,electronics,565.494111341037,467.12584182501485,active,2024-05-25
36605,Product_6605_3,electronics,482.72576149784936,475.65138534339354,pending,2024-04-15
36606,Product_6606_3,clothing,193.42154344653989,53.194890498102026,archived,2024-10-03
36607,Product_6607_3,books,81.20744421524145,322.6382263535352,archived,2024-11-08
36608,Product_6608_3,sports,314.07933986138784,246.61297275440512,inactive,2024-12-25
36609,Product_6609_3,clothing,820.1357218028161,16.03731779813458,inactive,2024-10-16
36610,Product_6610_3,home,441.68348612933727,123.70137840325815,active,2024-02-16
36611,Product_6611_3,electronics,681.0515573249768,300.176129839471,archived,2024-02-23
36612,Product_6612_3,sports,824.8791448846036,455.4556168645498,archived,2024-02-11
36613,Product_6613_3,books,118.41973918302305,53.64539011473416,inactive,2024-11-27
36614,Product_6614_3,electronics,849.9465024928002,217.90604011110665,inactive,2024-12-28
36615,Product_6615_3,sports,772.9465596344979,121.64361120950251,inactive,2024-05-01
36616,Product_6616_3,home,440.81854944659943,218.46330154046154,pending,2024-05-06
36617,Product_6617_3,home,517.2189693576647,13.684040369365615,archived,2024-02-21
36618,Product_6618_3,sports,414.23336765984806,180.20239670091118,archived,2024-10-21
36619,Product_6619_3,sports,852.8205392269101,483.93680857900307,archived,2024-01-26
36620,Product_6620_3,home,878.2653923024226,264.32414798414266,archived,2024-02-16
36621,Product_6621_3,books,827.7641443275685,18.94325320618569,archived,2024-01-18
36622,Product_6622_3,electronics,720.0964678917444,378.6214087614076,inactive,2024-06-11
36623,Product_6623_3,home,295.0225859720619,226.18236924578636,active,2024-11-05
36624,Product_6624_3,electronics,725.6011198224934,215.04133677835443,active,2024-11-10
36625,Product_6625_3,sports,709.4720664290124,146.39471532134016,inactive,2024-12-15
36626,Product_6626_3,clothing,546.1581311516045,453.68152298603906,pending,2024-08-07
36627,Product_6627_3,clothing,924.9204840231033,284.59919171291926,archived,2024-05-13
36628,Product_6628_3,clothing,423.5429353042493,237.77876688214573,active,2024-08-21
36629,Product_6629_3,electronics,882.221751443109,49.49864061693293,pending,2024-07-01
36630,Product_6630_3,clothing,553.9711282398712,189.70665326361,active,2024-06-16
36631,Product_6631_3,sports,780.8691848546148,459.1648804541136,inactive,2024-11-04
36632,Product_6632_3,home,711.9919055565676,124.75141110782802,active,2024-10-27
36633,Product_6633_3,electronics,413.41538292858996,320.2127805147435,archived,2024-02-21
36634,Product_6634_3,sports,936.2576313300954,471.66590314654104,pending,2024-12-01
36635,Product_6635_3,electronics,552.3972613879755,231.9935668260661,active,2024-06-19
36636,Product_6636_3,books,612.1885434110089,228.1838738305748,inactive,2024-08-11
36637,Product_6637_3,home,585.4735042458647,251.07358772728125,pending,2024-08-04
36638,Product_6638_3,sports,707.2392484265631,403.6244173002435,archived,2024-06-25
36639,Product_6639_3,clothing,372.028410803743,64.58348169601933,active,2024-03-03
36640,Product_6640_3,clothing,486.58945926947905,244.6771634141233,archived,2024-06-08
36641,Product_6641_3,clothing,63.82376005980394,328.8706569229615,archived,2024-09-01
36642,Product_6642_3,home,272.86094473987333,38.56375762102871,inactive,2024-12-14
36643,Product_6643_3,electronics,507.34474139021086,70.43234075678896,archived,2024-01-25
36644,Product_6644_3,electronics,740.8340713813435,136.5834999538699,active,2024-02-06
36645,Product_6645_3,sports,340.98751813404203,390.4157918705001,active,2024-04-22
36646,Product_6646_3,home,917.1853082151205,314.370024929114,archived,2024-10-06
36647,Product_6647_3,books,423.22759889613377,59.16169542928549,pending,2024-10-20
36648,Product_6648_3,clothing,103.4005009530078,303.5503039176896,active,2024-03-24
36649,Product_6649_3,sports,924.7312665241066,244.15319639706001,inactive,2024-02-20
36650,Product_6650_3,sports,155.22895374057563,220.56822102483173,active,2024-05-23
36651,Product_6651_3,books,532.8880435208788,104.36297579979464,active,2024-10-12
36652,Product_6652_3,books,123.14147471121044,196.8261229193281,pending,2024-10-19
36653,Product_6653_3,electronics,474.42256285736767,471.83506275010996,pending,2024-03-19
36654,Product_6654_3,sports,521.0205635260495,51.22996824870656,inactive,2024-10-06
36655,Product_6655_3,clothing,630.3030140314551,426.5089669318712,active,2024-10-25
36656,Product_6656_3,sports,653.4216351117911,85.17243732521524,archived,2024-02-21
36657,Product_6657_3,sports,239.57482418833578,133.6103239643865,inactive,2024-09-01
36658,Product_6658_3,home,332.0807749153591,253.77360599766703,pending,2024-06-13
36659,Product_6659_3,sports,808.5535969383358,78.65572006640156,pending,2024-07-27
36660,Product_6660_3,home,612.0016069755467,438.4142268463401,archived,2024-03-19
36661,Product_6661_3,books,840.8626230416089,157.29947603953474,inactive,2024-06-17
36662,Product_6662_3,clothing,291.51879719437653,337.3048697980598,inactive,2024-04-04
36663,Product_6663_3,clothing,546.6337220548457,296.13776491409806,active,2024-09-24
36664,Product_6664_3,home,971.9769387829368,98.10923654112871,inactive,2024-01-21
36665,Product_6665_3,sports,394.8520942060046,16.38742676237584,pending,2024-05-26
36666,Product_6666_3,electronics,957.7990531088028,329.66868149892963,active,2024-12-14
36667,Product_6667_3,clothing,610.2323937708104,371.3433511178997,archived,2024-01-27
36668,Product_6668_3,electronics,159.8911557675403,131.4822459674193,pending,2024-02-02
36669,Product_6669_3,home,329.22611881630047,86.09163178008025,archived,2024-09-27
36670,Product_6670_3,clothing,368.7428033344056,250.45638500117155,inactive,2024-08-18
36671,Product_6671_3,electronics,671.9211578091077,121.89169421968074,pending,2024-02-07
36672,Product_6672_3,sports,184.54830014398524,18.453209419209337,pending,2024-08-03
36673,Product_6673_3,home,370.0350224916754,343.1520130372284,pending,2024-10-20
36674,Product_6674_3,sports,101.84961990083964,284.78151075627676,archived,2024-04-15
36675,Product_6675_3,clothing,799.2201098753421,413.0934559230485,active,2024-11-02
36676,Product_6676_3,home,800.9970274441212,45.42480008984722,active,2024-06-11
36677,Product_6677_3,books,470.3053151274299,494.75090980760575,archived,2024-09-08
36678,Product_6678_3,clothing,662.167101592986,98.65580311718884,archived,2024-07-08
36679,Product_6679_3,home,989.8229384161591,380.36654513841813,inactive,2024-01-15
36680,Product_6680_3,electronics,337.6247416329551,87.85010223507803,archived,2024-07-13
36681,Product_6681_3,sports,34.90306119031687,38.89421235908486,pending,2024-07-19
36682,Product_6682_3,home,757.127256802261,437.2201628967707,inactive,2024-04-21
36683,Product_6683_3,clothing,10.690421363046944,374.82641316786896,inactive,2024-01-19
36684,Product_6684_3,home,808.3744776961405,160.78061552193276,archived,2024-12-08
36685,Product_6685_3,home,825.617224716894,18.106550439545355,archived,2024-02-03
36686,Product_6686_3,books,116.02464146377044,65.24872785205903,archived,2024-02-06
36687,Product_6687_3,books,442.634958724299,257.7630434542434,archived,2024-11-11
36688,Product_6688_3,sports,365.27449620737605,462.124507499217,pending,2024-06-23
36689,Product_6689_3,electronics,767.6485515619231,430.5407094236066,archived,2024-11-14
36690,Product_6690_3,electronics,497.6756736674834,45.22320077025245,active,2024-07-08
36691,Product_6691_3,electronics,768.8541740096131,236.1825012365881,archived,2024-08-01
36692,Product_6692_3,home,435.1513289265785,221.03398447209875,archived,2024-01-09
36693,Product_6693_3,sports,198.96690374532383,242.0353022825726,pending,2024-09-13
36694,Product_6694_3,sports,887.8426163404007,294.14944715681645,pending,2024-02-03
36695,Product_6695_3,home,878.4631240666037,173.1814752361678,inactive,2024-09-28
36696,Product_6696_3,clothing,780.685928402867,459.31394348336266,pending,2024-11-01
36697,Product_6697_3,home,1.8011562203791025,456.32886416472087,inactive,2024-12-09
36698,Product_6698_3,electronics,888.0429346020933,150.51962991348086,pending,2024-11-16
36699,Product_6699_3,clothing,649.6370502482911,407.65685384284785,pending,2024-01-08
36700,Product_6700_3,home,511.9113649412389,335.2495821279264,inactive,2024-03-27
36701,Product_6701_3,electronics,634.3272169147351,195.99540381614213,pending,2024-04-06
36702,Product_6702_3,books,588.5841597675073,424.9070043765268,pending,2024-07-04
36703,Product_6703_3,books,418.5130262028529,455.6827674964651,active,2024-08-05
36704,Product_6704_3,home,97.43292867317878,278.19250475304784,archived,2024-10-22
36705,Product_6705_3,home,215.81944107503284,359.6888867203384,pending,2024-10-03
36706,Product_6706_3,books,509.66566538162994,235.07041869325963,pending,2024-05-09
36707,Product_6707_3,sports,557.4735493443598,76.98492263758985,archived,2024-02-05
36708,Product_6708_3,electronics,266.7298520224718,472.30222550988464,inactive,2024-07-27
36709,Product_6709_3,clothing,221.8635079699333,85.15103329070496,active,2024-10-15
36710,Product_6710_3,books,478.7988263589534,439.9676467988878,pending,2024-04-01
36711,Product_6711_3,sports,127.44398392805431,424.76210299872935,inactive,2024-01-14
36712,Product_6712_3,home,918.1131540771404,258.66135669181756,inactive,2024-08-06
36713,Product_6713_3,books,654.0690050706795,328.6062858040112,archived,2024-11-05
36714,Product_6714_3,clothing,89.62616893761822,332.4743885109285,archived,2024-11-14
36715,Product_6715_3,books,105.26559003421973,321.3263279173744,active,2024-05-22
36716,Product_6716_3,electronics,87.35106847375037,176.21774438892916,pending,2024-08-27
36717,Product_6717_3,sports,505.0435344710163,64.00633942593883,pending,2024-03-23
36718,Product_6718_3,clothing,645.0251229541229,160.29620443725358,active,2024-07-14
36719,Product_6719_3,electronics,892.7491984291158,480.33432115978974,archived,2024-04-01
36720,Product_6720_3,home,999.3322861395147,74.88948115468368,active,2024-10-18
36721,Product_6721_3,sports,750.0519028366882,334.8366854530511,pending,2024-05-19
36722,Product_6722_3,electronics,675.9441234562751,102.37572195116297,inactive,2024-03-18
36723,Product_6723_3,clothing,418.8352092258792,315.69504504174824,archived,2024-03-17
36724,Product_6724_3,books,39.337366110512995,403.7016592049423,inactive,2024-09-25
36725,Product_6725_3,electronics,275.48983901880894,474.61317473910253,active,2024-05-08
36726,Product_6726_3,clothing,135.4800599202285,281.1679495795434,inactive,2024-08-28
36727,Product_6727_3,sports,382.1592414922891,210.1859114733003,archived,2024-07-07
36728,Product_6728_3,sports,214.1262135020285,334.3889642469769,pending,2024-06-05
36729,Product_6729_3,sports,35.107688968294404,39.160652706737984,archived,2024-11-04
36730,Product_6730_3,sports,674.5259085191169,419.2984308694388,active,2024-08-28
36731,Product_6731_3,sports,850.037830704777,28.134526540249926,active,2024-03-10
36732,Product_6732_3,sports,298.29011040571754,65.20530593530603,inactive,2024-11-13
36733,Product_6733_3,books,837.3445567879946,267.35668935749726,pending,2024-01-05
36734,Product_6734_3,clothing,964.8852238477482,311.5738950495219,pending,2024-12-08
36735,Product_6735_3,home,555.0112088131389,302.85792697242846,archived,2024-10-26
36736,Product_6736_3,clothing,781.71919840025,216.87028477269612,archived,2024-10-05
36737,Product_6737_3,books,57.94626879580128,141.05742421098705,inactive,2024-04-02
36738,Product_6738_3,electronics,232.03556458357474,316.2736752681348,pending,2024-10-02
36739,Product_6739_3,electronics,655.9256359326533,42.633252460552704,active,2024-03-26
36740,Product_6740_3,electronics,939.2870342275014,110.48460465548729,inactive,2024-12-02
36741,Product_6741_3,electronics,150.12347335304784,104.03130511268475,inactive,2024-04-17
36742,Product_6742_3,home,712.0870675975286,240.58585553844642,active,2024-02-20
36743,Product_6743_3,sports,806.0922814998819,134.30752033763173,pending,2024-12-26
36744,Product_6744_3,sports,336.22253664052295,260.65124123057956,pending,2024-01-11
36745,Product_6745_3,electronics,85.68201931846477,206.00470993569613,active,2024-09-12
36746,Product_6746_3,books,542.2703122237899,274.69269696309203,active,2024-07-20
36747,Product_6747_3,home,778.4584985274636,123.6267140522627,pending,2024-05-03
36748,Product_6748_3,clothing,983.845529477755,301.87996265298455,active,2024-07-24
36749,Product_6749_3,electronics,447.4154261933266,485.7209092767178,active,2024-03-27
36750,Product_6750_3,electronics,752.7871464894988,461.3914991393459,active,2024-03-25
36751,Product_6751_3,clothing,532.2926054101172,218.36592223046236,archived,2024-11-06
36752,Product_6752_3,clothing,769.2182263150551,199.51493051276333,active,2024-08-22
36753,Product_6753_3,sports,361.6979201403241,239.9552129500222,archived,2024-11-15
36754,Product_6754_3,electronics,543.5342616440419,128.44975884849754,active,2024-11-20
36755,Product_6755_3,electronics,63.36881615210428,475.547997665128,archived,2024-05-18
36756,Product_6756_3,clothing,629.8668200069375,332.19749802797753,active,2024-06-27
36757,Product_6757_3,electronics,108.29052393023177,414.03316655156425,inactive,2024-04-25
36758,Product_6758_3,home,144.21066742708186,290.590135781181,inactive,2024-05-25
36759,Product_6759_3,electronics,729.7696758493828,392.25857993368305,archived,2024-06-06
36760,Product_6760_3,electronics,408.5624239327029,414.13193412695125,inactive,2024-11-15
36761,Product_6761_3,sports,283.9391545164356,142.52411485215774,inactive,2024-03-09
36762,Product_6762_3,sports,932.6184536487833,157.5058135222399,pending,2024-12-06
36763,Product_6763_3,sports,699.2957174627601,371.86153249531685,active,2024-12-11
36764,Product_6764_3,electronics,940.5206736225348,130.23965713494968,pending,2024-01-18
36765,Product_6765_3,electronics,120.00852718058867,295.19696835391346,archived,2024-12-27
36766,Product_6766_3,clothing,743.4460325048576,74.69298572858844,archived,2024-11-27
36767,Product_6767_3,electronics,34.76099003373991,309.1437528822,inactive,2024-09-13
36768,Product_6768_3,books,67.86019792441317,396.99589752206805,inactive,2024-08-03
36769,Product_6769_3,home,186.79973635539963,57.91940193077451,archived,2024-01-07
36770,Product_6770_3,home,356.1806025104382,296.78840867161523,active,2024-09-14
36771,Product_6771_3,clothing,881.1195260302347,275.71047068207326,archived,2024-10-20
36772,Product_6772_3,sports,920.7238538219439,130.9202218348757,active,2024-08-08
36773,Product_6773_3,home,419.03350978289075,58.48465897251764,archived,2024-07-20
36774,Product_6774_3,electronics,358.36998556708795,71.31360147859107,archived,2024-06-02
36775,Product_6775_3,sports,281.76939714002447,321.68470780970125,archived,2024-11-19
36776,Product_6776_3,clothing,977.936983305285,218.09696006649838,archived,2024-06-23
36777,Product_6777_3,clothing,318.58044284542046,258.4280801881866,inactive,2024-10-09
36778,Product_6778_3,home,537.0543803519664,421.9071845557443,active,2024-02-19
36779,Product_6779_3,home,999.354680695297,282.600763000213,archived,2024-08-13
36780,Product_6780_3,books,447.05377325753005,252.82422271317677,active,2024-02-20
36781,Product_6781_3,sports,861.4537726189259,275.6000751713201,pending,2024-04-05
36782,Product_6782_3,books,923.9318583912344,233.184540599407,active,2024-10-16
36783,Product_6783_3,sports,116.27694974491799,166.10933636029753,archived,2024-10-28
36784,Product_6784_3,home,329.32409986496884,85.36160685045051,active,2024-06-20
36785,Product_6785_3,electronics,425.4006146029366,112.39449453810292,inactive,2024-03-24
36786,Product_6786_3,electronics,566.9465778980132,40.466927581541796,pending,2024-01-16
36787,Product_6787_3,books,695.8687454794112,324.3604136707765,archived,2024-09-21
36788,Product_6788_3,sports,194.76286357680766,58.09972557146085,pending,2024-02-15
36789,Product_6789_3,clothing,229.71683075940444,412.72417040480144,active,2024-10-03
36790,Product_6790_3,home,630.8123804242246,34.845379225709664,pending,2024-05-02
36791,Product_6791_3,home,430.5624513690564,487.4310000647191,archived,2024-04-08
36792,Product_6792_3,sports,619.8089824149541,377.4141647617352,pending,2024-04-16
36793,Product_6793_3,electronics,299.5925152555891,351.1449445933102,active,2024-03-06
36794,Product_6794_3,sports,815.0127077854893,13.973303542452484,archived,2024-05-16
36795,Product_6795_3,books,887.5518038491219,452.8656966715769,pending,2024-05-06
36796,Product_6796_3,electronics,439.72489572718575,379.91477459607813,active,2024-05-02
36797,Product_6797_3,home,27.84321818218677,48.80867536672863,pending,2024-10-17
36798,Product_6798_3,electronics,4.208990639784838,24.688792506782725,active,2024-04-02
36799,Product_6799_3,home,607.2648922085034,207.8276194382664,active,2024-08-03
36800,Product_6800_3,electronics,317.51776872772126,245.86391728689824,archived,2024-10-15
36801,Product_6801_3,electronics,4.090738563830066,488.81706409925073,pending,2024-01-05
36802,Product_6802_3,sports,898.3948556366419,113.1752712774793,active,2024-06-18
36803,Product_6803_3,electronics,48.04143861533964,475.0263563820339,pending,2024-06-24
36804,Product_6804_3,electronics,709.536829466968,319.51457721697415,archived,2024-02-15
36805,Product_6805_3,electronics,380.888357033259,279.48543730825014,active,2024-07-19
36806,Product_6806_3,home,818.6487076859329,427.09202076500014,archived,2024-05-19
36807,Product_6807_3,books,313.4046638516005,464.32713589575405,inactive,2024-03-18
36808,Product_6808_3,sports,509.67067232542473,85.3930514171891,inactive,2024-12-05
36809,Product_6809_3,home,958.9837948838824,119.32965023646162,active,2024-07-26
36810,Product_6810_3,books,833.7979882088086,182.2453744188969,inactive,2024-07-22
36811,Product_6811_3,books,330.1426833062814,401.3311076731041,archived,2024-02-20
36812,Product_6812_3,electronics,675.0541077093102,362.1773909334847,inactive,2024-02-15
36813,Product_6813_3,sports,269.1184907140799,342.78199836695796,active,2024-07-22
36814,Product_6814_3,home,332.23796563183515,21.885272659030097,pending,2024-05-03
36815,Product_6815_3,clothing,598.9601577079271,16.254670183206407,archived,2024-11-03
36816,Product_6816_3,home,824.1875230954016,340.78592493172783,archived,2024-07-20
36817,Product_6817_3,books,113.77691009821909,29.389846491689553,inactive,2024-06-05
36818,Product_6818_3,books,750.7212286640225,373.19778565666155,archived,2024-11-16
36819,Product_6819_3,sports,73.72493084626606,346.6782100666626,archived,2024-06-11
36820,Product_6820_3,books,415.17043954421587,307.6082032529975,archived,2024-01-12
36821,Product_6821_3,electronics,63.52882913766498,144.40769524639805,inactive,2024-06-14
36822,Product_6822_3,sports,220.9089123957665,124.7743146039425,active,2024-01-27
36823,Product_6823_3,home,729.3351060854661,336.49528165675696,inactive,2024-11-04
36824,Product_6824_3,home,107.47573795327054,37.121062424215964,archived,2024-11-18
36825,Product_6825_3,home,365.1879179721786,309.8499599312918,pending,2024-05-17
36826,Product_6826_3,sports,356.3824251497378,313.2202611160091,active,2024-01-07
36827,Product_6827_3,clothing,439.6100049573392,252.83637889489634,active,2024-02-04
36828,Product_6828_3,home,789.7961931542998,348.40437372867797,inactive,2024-01-17
36829,Product_6829_3,electronics,834.6367146088926,133.76341704222313,inactive,2024-07-28
36830,Product_6830_3,books,835.178471363462,437.14344050387746,archived,2024-02-08
36831,Product_6831_3,sports,713.4389555810792,461.2293918233758,active,2024-11-10
36832,Product_6832_3,sports,715.6117239873727,13.557804143617854,inactive,2024-12-08
36833,Product_6833_3,sports,792.9479308080881,291.9837249423008,pending,2024-03-02
36834,Product_6834_3,books,567.9989409742884,55.14547245661561,archived,2024-08-03
36835,Product_6835_3,books,395.44285951333484,94.9730925181583,pending,2024-06-25
36836,Product_6836_3,electronics,29.27052892172143,361.34392096448977,active,2024-09-02
36837,Product_6837_3,electronics,709.3498267758115,140.51540074315076,active,2024-01-19
36838,Product_6838_3,home,63.10000726789998,11.353805395125466,pending,2024-09-28
36839,Product_6839_3,sports,6.350017991645231,129.68839650085522,inactive,2024-02-27
36840,Product_6840_3,sports,768.0285597732284,345.8851763599948,archived,2024-08-12
36841,Product_6841_3,sports,576.0011150107711,111.6531004075791,archived,2024-03-03
36842,Product_6842_3,home,487.99487474738515,355.9681657726985,pending,2024-12-03
36843,Product_6843_3,sports,58.86481243977378,357.94767849897033,active,2024-12-21
36844,Product_6844_3,sports,734.0235927189016,222.10649454493543,archived,2024-10-15
36845,Product_6845_3,home,730.963253903233,201.05705091713355,pending,2024-03-17
36846,Product_6846_3,clothing,734.3968904427381,192.93793357642622,inactive,2024-06-13
36847,Product_6847_3,books,224.04614250583677,328.67804448111536,archived,2024-09-15
36848,Product_6848_3,clothing,611.7780483141089,491.6823204962953,active,2024-09-10
36849,Product_6849_3,sports,374.08101774926405,135.37407493823832,archived,2024-04-24
36850,Product_6850_3,electronics,150.74455144093872,163.96520680551365,pending,2024-07-27
36851,Product_6851_3,clothing,845.6458022460017,369.1051911280261,archived,2024-06-13
36852,Product_6852_3,home,53.669921501278736,334.946556957433,active,2024-02-08
36853,Product_6853_3,electronics,133.31282387365684,422.86012682902907,archived,2024-11-14
36854,Product_6854_3,clothing,296.11568194658014,162.38049390703705,archived,2024-12-16
36855,Product_6855_3,sports,965.7133301134968,466.8758574062617,active,2024-01-14
36856,Product_6856_3,clothing,340.5661726287761,25.127280886658266,pending,2024-07-05
36857,Product_6857_3,home,133.5896984179854,482.73872635298824,active,2024-05-04
36858,Product_6858_3,clothing,793.2478308370299,221.68713968991304,active,2024-10-13
36859,Product_6859_3,clothing,151.7719875599523,296.28441759562025,inactive,2024-09-04
36860,Product_6860_3,clothing,394.39479658086884,84.89843227087134,inactive,2024-04-11
36861,Product_6861_3,clothing,901.6046562030873,311.46963454670583,inactive,2024-02-05
36862,Product_6862_3,electronics,744.291464799016,462.1140821334929,inactive,2024-01-04
36863,Product_6863_3,books,163.24817686612803,139.09079262198628,archived,2024-12-04
36864,Product_6864_3,electronics,431.61443919739077,162.12335233067424,active,2024-12-01
36865,Product_6865_3,clothing,463.741788463209,422.80239550246836,active,2024-12-28
36866,Product_6866_3,clothing,750.1383294648455,342.5592350164962,inactive,2024-06-24
36867,Product_6867_3,electronics,363.13320013070665,282.5397803144495,active,2024-01-22
36868,Product_6868_3,books,788.8525633027856,497.67894761098376,archived,2024-08-06
36869,Product_6869_3,electronics,208.73028400078738,393.17254847998976,archived,2024-02-17
36870,Product_6870_3,sports,484.1980111040572,56.24288608312294,active,2024-11-17
36871,Product_6871_3,books,933.1051012304107,275.053724523555,pending,2024-11-12
36872,Product_6872_3,clothing,434.67265518521396,201.7839043655701,archived,2024-09-04
36873,Product_6873_3,home,656.6297264908783,261.60814001407584,inactive,2024-05-21
36874,Product_6874_3,clothing,130.37930194926594,229.4338186392975,pending,2024-08-12
36875,Product_6875_3,sports,904.9766630274115,72.74699298558144,active,2024-02-01
36876,Product_6876_3,home,870.4338181177803,451.6407218233633,inactive,2024-07-08
36877,Product_6877_3,home,855.421173060612,380.12757433481175,pending,2024-06-22
36878,Product_6878_3,electronics,269.436056450025,406.7619517181823,inactive,2024-03-16
36879,Product_6879_3,clothing,881.6408441788599,466.18132834645843,archived,2024-11-24
36880,Product_6880_3,sports,443.42399395451935,260.7795808775544,inactive,2024-09-28
36881,Product_6881_3,home,129.86665424085544,296.9505860740004,archived,2024-11-20
36882,Product_6882_3,sports,522.9111602341701,235.6274209990365,active,2024-01-11
36883,Product_6883_3,sports,359.1556494290078,402.8009520239836,pending,2024-04-15
36884,Product_6884_3,sports,694.8222352338312,484.4878461723424,pending,2024-05-14
36885,Product_6885_3,books,699.1075629687161,76.80266790227492,inactive,2024-04-02
36886,Product_6886_3,electronics,185.58579668024626,272.3874002086277,pending,2024-12-20
36887,Product_6887_3,sports,768.3479573900859,361.1518533728783,active,2024-11-24
36888,Product_6888_3,home,774.7972393141149,174.59025980010477,inactive,2024-04-06
36889,Product_6889_3,home,697.0271045682364,65.06050463744717,active,2024-02-16
36890,Product_6890_3,electronics,882.765462865356,365.4248542882333,inactive,2024-09-07
36891,Product_6891_3,sports,835.8005163494657,394.33389782217455,archived,2024-12-27
36892,Product_6892_3,electronics,378.5447200651111,460.2690608068046,pending,2024-04-13
36893,Product_6893_3,books,714.0066076191201,61.228543157570435,archived,2024-08-18
36894,Product_6894_3,sports,833.3079578315846,494.40996532930217,inactive,2024-02-06
36895,Product_6895_3,books,826.6699594140567,164.67888384526177,active,2024-11-04
36896,Product_6896_3,clothing,661.3713806532916,497.22255345696016,active,2024-11-13
36897,Product_6897_3,home,887.0653809680445,483.26624440925764,archived,2024-01-18
36898,Product_6898_3,clothing,41.40382846409532,163.9682565060648,inactive,2024-02-05
36899,Product_6899_3,sports,587.0457743359109,248.16654223503124,pending,2024-04-22
36900,Product_6900_3,sports,971.7553350609616,314.23409018774953,pending,2024-02-27
36901,Product_6901_3,electronics,422.7052916901281,259.84481319310464,inactive,2024-12-12
36902,Product_6902_3,home,581.0056106543205,190.40303206657973,archived,2024-05-02
36903,Product_6903_3,home,843.6962095760372,266.69228005925766,inactive,2024-07-04
36904,Product_6904_3,books,14.28828593928828,299.17573926084043,active,2024-05-03
36905,Product_6905_3,clothing,412.4041636096616,216.9903977589985,active,2024-11-13
36906,Product_6906_3,books,394.00916324707424,139.87984076996722,inactive,2024-01-03
36907,Product_6907_3,home,344.1930382166291,38.54145714835107,archived,2024-04-14
36908,Product_6908_3,books,615.7359824657387,266.341112208113,active,2024-03-18
36909,Product_6909_3,home,879.5200390142057,193.09818357625784,active,2024-01-03
36910,Product_6910_3,clothing,351.10598198163643,198.08939702672058,inactive,2024-10-14
36911,Product_6911_3,electronics,772.712726167968,28.1161866617869,active,2024-01-28
36912,Product_6912_3,clothing,13.722389858876786,485.40061484353816,archived,2024-08-21
36913,Product_6913_3,sports,812.4617228087695,261.65735028059896,inactive,2024-08-03
36914,Product_6914_3,electronics,747.1119459913714,362.8576463094033,active,2024-06-14
36915,Product_6915_3,sports,865.9434107367176,445.93851080147573,archived,2024-07-13
36916,Product_6916_3,electronics,400.417081028607,452.4187767206932,active,2024-12-20
36917,Product_6917_3,clothing,318.74286471217783,193.67670415878166,archived,2024-01-14
36918,Product_6918_3,sports,352.8308523390118,473.8255552662917,active,2024-12-13
36919,Product_6919_3,home,331.47859168707254,104.65180325086203,inactive,2024-12-21
36920,Product_6920_3,home,730.6009353295931,251.30512013962047,archived,2024-12-17
36921,Product_6921_3,sports,915.0803459808656,405.59739738773226,archived,2024-02-27
36922,Product_6922_3,books,239.81626428888154,426.41983316460534,pending,2024-10-06
36923,Product_6923_3,sports,639.7406567053638,169.10985515125384,pending,2024-11-15
36924,Product_6924_3,sports,996.1516966948667,148.92382782228344,inactive,2024-10-25
36925,Product_6925_3,clothing,66.9281386106114,331.93615427360845,active,2024-09-25
36926,Product_6926_3,clothing,217.13753157856954,156.2109383342087,archived,2024-12-21
36927,Product_6927_3,electronics,882.7869624259847,161.6512934305863,pending,2024-10-12
36928,Product_6928_3,books,813.9792207971188,410.4089925859649,inactive,2024-06-11
36929,Product_6929_3,sports,265.31604972601366,218.02711382465355,archived,2024-08-25
36930,Product_6930_3,books,336.7088201834336,433.534003369618,inactive,2024-05-12
36931,Product_6931_3,electronics,712.7850056277977,338.01232784136766,inactive,2024-04-06
36932,Product_6932_3,books,490.9745717941013,402.30404903664345,pending,2024-11-05
36933,Product_6933_3,clothing,475.0973057475481,361.0315588085067,pending,2024-10-11
36934,Product_6934_3,home,217.705949994854,401.5040201713672,inactive,2024-08-10
36935,Product_6935_3,books,229.03406546097267,172.46521495833443,active,2024-07-03
36936,Product_6936_3,electronics,675.4234581838308,176.13738884811457,pending,2024-01-15
36937,Product_6937_3,books,761.3573877834896,443.08570457163364,inactive,2024-06-13
36938,Product_6938_3,electronics,634.5203480871961,469.3109851987819,pending,2024-07-28
36939,Product_6939_3,books,842.1390925963437,394.2554309749249,pending,2024-12-08
36940,Product_6940_3,home,769.4548567186687,374.46009784782734,archived,2024-02-26
36941,Product_6941_3,electronics,894.0486750556591,331.5948906625687,archived,2024-05-25
36942,Product_6942_3,clothing,900.4160779391714,205.28455374836273,inactive,2024-12-20
36943,Product_6943_3,books,185.6213817436331,378.1245166757157,archived,2024-05-05
36944,Product_6944_3,sports,921.7032575137254,377.0634654576922,pending,2024-03-05
36945,Product_6945_3,electronics,833.1246264529794,396.06543590027627,inactive,2024-12-02
36946,Product_6946_3,sports,7.357779412489708,499.9108337582503,inactive,2024-11-25
36947,Product_6947_3,sports,410.74330719084355,200.53525346413946,active,2024-07-04
36948,Product_6948_3,clothing,129.84401156939262,159.72255946906577,active,2024-09-24
36949,Product_6949_3,books,736.362547732236,457.39059667983577,archived,2024-06-22
36950,Product_6950_3,electronics,995.7589133245525,85.88872081950373,archived,2024-05-16
36951,Product_6951_3,electronics,137.16244561962606,344.776177822962,archived,2024-02-08
36952,Product_6952_3,clothing,304.7542785762405,341.08728464574904,archived,2024-02-12
36953,Product_6953_3,sports,969.5009332100758,436.08721965870484,active,2024-05-06
36954,Product_6954_3,sports,75.79408746685856,26.548653837403826,inactive,2024-09-09
36955,Product_6955_3,clothing,199.77590892085036,155.87506371153762,archived,2024-07-11
36956,Product_6956_3,electronics,588.0392283986662,274.0523488742818,inactive,2024-03-23
36957,Product_6957_3,clothing,414.2234181928967,34.13052114041917,archived,2024-10-25
36958,Product_6958_3,home,804.076087946195,125.23709869016885,inactive,2024-09-08
36959,Product_6959_3,sports,10.648749244596875,359.1074355017921,active,2024-03-24
36960,Product_6960_3,clothing,782.4759429407285,386.58391066048966,pending,2024-12-25
36961,Product_6961_3,books,398.44023695173485,426.5159609872865,pending,2024-05-26
36962,Product_6962_3,books,998.1755343364603,380.46309674033944,active,2024-02-16
36963,Product_6963_3,clothing,863.9111669446629,171.07520157674406,archived,2024-01-24
36964,Product_6964_3,books,927.2370160408014,45.52222484174894,inactive,2024-02-11
36965,Product_6965_3,electronics,997.1928702564584,435.3959299943614,inactive,2024-05-10
36966,Product_6966_3,electronics,899.5830196260532,314.5287405932206,inactive,2024-06-20
36967,Product_6967_3,books,714.857922860916,468.53366977287203,pending,2024-07-02
36968,Product_6968_3,sports,621.0367464035104,417.8845764594878,active,2024-09-09
36969,Product_6969_3,clothing,949.0493017686547,245.6644264804287,inactive,2024-11-19
36970,Product_6970_3,books,440.2417212070859,160.84882716530083,active,2024-06-22
36971,Product_6971_3,electronics,783.2309268329325,437.8519685386544,inactive,2024-02-18
36972,Product_6972_3,electronics,336.86758211200413,416.6316288882335,pending,2024-03-07
36973,Product_6973_3,electronics,123.61544749762554,204.2891274777708,pending,2024-06-18
36974,Product_6974_3,electronics,77.08173501775777,308.4203930874318,archived,2024-07-26
36975,Product_6975_3,electronics,245.74860669490258,169.06960048195768,active,2024-07-06
36976,Product_6976_3,books,705.973900536206,220.28898279884788,pending,2024-12-13
36977,Product_6977_3,books,806.0112149667881,223.54950041284218,pending,2024-04-04
36978,Product_6978_3,clothing,122.50816934595487,353.2418372453039,archived,2024-05-22
36979,Product_6979_3,home,803.3685813898431,127.45422401837912,archived,2024-02-16
36980,Product_6980_3,clothing,539.3828528221675,300.6719177809966,archived,2024-10-02
36981,Product_6981_3,clothing,346.73105659354474,384.2509570635472,active,2024-06-10
36982,Product_6982_3,home,807.0988092367235,372.9851185604099,inactive,2024-10-08
36983,Product_6983_3,sports,412.0225607897622,358.3900807241519,pending,2024-12-23
36984,Product_6984_3,clothing,923.7745255352005,348.9575628589354,pending,2024-05-06
36985,Product_6985_3,electronics,828.215114906508,172.25398498914728,inactive,2024-07-01
36986,Product_6986_3,books,214.13614192333725,322.1016426193775,inactive,2024-03-23
36987,Product_6987_3,clothing,317.13764616593403,195.25600238943832,archived,2024-02-09
36988,Product_6988_3,clothing,416.50616083324303,29.967998519379396,active,2024-09-03
36989,Product_6989_3,electronics,769.5129191710442,266.65763879488304,inactive,2024-07-13
36990,Product_6990_3,home,172.25217505974942,133.12553477061388,active,2024-06-06
36991,Product_6991_3,clothing,364.84762900899085,26.93661725997216,pending,2024-10-11
36992,Product_6992_3,home,394.21808409047503,207.82154823260817,archived,2024-07-28
36993,Product_6993_3,home,642.113290577616,85.4479838033341,inactive,2024-03-24
36994,Product_6994_3,sports,841.8824888735753,379.1983655517716,active,2024-09-20
36995,Product_6995_3,home,865.7245005364423,118.08590609019434,archived,2024-12-04
36996,Product_6996_3,home,427.49637289381,458.26378145053286,active,2024-12-06
36997,Product_6997_3,electronics,520.816287396964,244.34728634529367,inactive,2024-05-28
36998,Product_6998_3,electronics,435.85490733509437,406.91741120794006,active,2024-10-18
36999,Product_6999_3,sports,937.6188288560511,149.8638413092049,inactive,2024-08-04
37000,Product_7000_3,clothing,796.9480019400908,47.85285645956023,active,2024-05-07
37001,Product_7001_3,books,865.421852855852,457.10118646016963,pending,2024-09-15
37002,Product_7002_3,home,209.06822091062077,119.01943890024506,pending,2024-02-04
37003,Product_7003_3,home,912.5953879659074,403.9405430320709,inactive,2024-11-22
37004,Product_7004_3,home,547.5770212194494,235.06799166844363,pending,2024-06-15
37005,Product_7005_3,sports,966.3042327022423,272.4523467730844,archived,2024-08-01
37006,Product_7006_3,books,216.92008499979303,170.853626320587,active,2024-11-26
37007,Product_7007_3,electronics,34.76807140605859,434.0771990480074,archived,2024-10-07
37008,Product_7008_3,home,913.8822623911179,170.25953357773295,inactive,2024-03-23
37009,Product_7009_3,home,921.2145205767184,199.97752178162736,archived,2024-06-13
37010,Product_7010_3,home,215.41675321490686,175.9968494529916,active,2024-08-22
37011,Product_7011_3,books,478.4079500847348,363.82200574439213,archived,2024-10-05
37012,Product_7012_3,sports,626.6963469383984,449.8353468293887,active,2024-12-23
37013,Product_7013_3,books,613.5591962017162,341.3230596323439,inactive,2024-10-19
37014,Product_7014_3,books,83.18755913735086,40.69262561980911,active,2024-02-28
37015,Product_7015_3,clothing,530.4357578582581,211.28839018599643,active,2024-10-18
37016,Product_7016_3,sports,553.453525127797,205.45336921631068,pending,2024-12-26
37017,Product_7017_3,books,385.3437454880314,269.65499323612687,inactive,2024-10-11
37018,Product_7018_3,books,419.9076468393069,57.389236890351164,archived,2024-12-14
37019,Product_7019_3,sports,629.5738858238395,421.87342119354435,pending,2024-05-06
37020,Product_7020_3,clothing,251.61895242457126,115.50863653534856,archived,2024-07-10
37021,Product_7021_3,sports,868.5795647109793,44.79391085968033,inactive,2024-01-11
37022,Product_7022_3,sports,400.32512910723943,101.30761337226345,pending,2024-11-15
37023,Product_7023_3,home,515.0223299456748,489.078672199237,pending,2024-03-03
37024,Product_7024_3,clothing,619.6206820438281,294.6885564776831,active,2024-06-19
37025,Product_7025_3,home,236.51960914051986,412.21087481290346,pending,2024-02-10
37026,Product_7026_3,books,658.3414222775609,32.239238808782865,pending,2024-01-24
37027,Product_7027_3,books,263.87041470220345,449.9251585278146,inactive,2024-07-19
37028,Product_7028_3,clothing,41.94122646828028,453.9106723484095,archived,2024-08-19
37029,Product_7029_3,sports,300.0895995920607,210.12609242897562,active,2024-02-27
37030,Product_7030_3,clothing,223.08784404091645,134.38224608149477,archived,2024-12-02
37031,Product_7031_3,electronics,45.62825130173363,460.7555886840042,pending,2024-01-08
37032,Product_7032_3,books,677.5844918754292,16.74555766703162,inactive,2024-06-21
37033,Product_7033_3,sports,243.7710350696804,396.6568013701846,archived,2024-11-05
37034,Product_7034_3,clothing,856.6876834444843,213.86898737684274,archived,2024-10-08
37035,Product_7035_3,home,922.4201754517168,410.8728803368825,pending,2024-02-09
37036,Product_7036_3,books,913.1439454809345,225.72739359540753,archived,2024-03-16
37037,Product_7037_3,electronics,620.7068861064954,269.36647234058887,pending,2024-02-23
37038,Product_7038_3,home,578.9161784133646,197.98048777660114,archived,2024-02-19
37039,Product_7039_3,books,516.3305640827455,346.97360793577246,pending,2024-09-11
37040,Product_7040_3,sports,957.5330205006962,470.35842560897385,pending,2024-08-15
37041,Product_7041_3,clothing,992.8953709107586,36.914080103564345,archived,2024-10-07
37042,Product_7042_3,electronics,561.2551991582002,171.3738222403923,active,2024-10-04
37043,Product_7043_3,clothing,423.2059612508942,53.25217014355807,active,2024-07-19
37044,Product_7044_3,clothing,435.11048216528195,61.014442326988544,archived,2024-12-15
37045,Product_7045_3,books,402.44520217576894,384.82281068928523,archived,2024-07-28
37046,Product_7046_3,books,770.3668663877107,442.0534243513637,pending,2024-06-01
37047,Product_7047_3,clothing,698.2892262497088,186.83591364736444,inactive,2024-12-13
37048,Product_7048_3,electronics,944.478955782177,179.72708564013723,active,2024-01-01
37049,Product_7049_3,books,674.1720734508607,43.121525779618125,pending,2024-07-10
37050,Product_7050_3,books,526.1728712532885,75.01548168737784,pending,2024-02-18
37051,Product_7051_3,books,121.09950437771654,466.31431182355794,inactive,2024-10-20
37052,Product_7052_3,sports,730.2539934494193,427.6646384155526,inactive,2024-01-22
37053,Product_7053_3,home,107.05998709297891,99.399480248493,inactive,2024-02-11
37054,Product_7054_3,sports,781.6960030705267,209.76860328250316,inactive,2024-11-09
37055,Product_7055_3,home,813.8071857227253,13.338644956542655,active,2024-09-06
37056,Product_7056_3,electronics,816.7631496560513,182.64845067517848,pending,2024-03-27
37057,Product_7057_3,books,935.3975389458355,219.45634607257801,active,2024-05-04
37058,Product_7058_3,home,89.49246860461079,50.04430257137906,pending,2024-02-02
37059,Product_7059_3,home,301.54847913155453,285.3061910835159,active,2024-01-04
37060,Product_7060_3,clothing,72.75281566436162,218.5184370459041,pending,2024-03-10
37061,Product_7061_3,home,876.8548347603876,305.9867548725641,active,2024-04-10
37062,Product_7062_3,electronics,605.5255005090216,361.87043836672825,active,2024-04-11
37063,Product_7063_3,electronics,718.9436215623416,96.40603501733852,archived,2024-09-20
37064,Product_7064_3,electronics,445.82730885895745,493.9921451393241,archived,2024-12-09
37065,Product_7065_3,home,249.08659546095555,330.0120949662873,active,2024-11-28
37066,Product_7066_3,clothing,975.0861959737911,182.06842193314205,pending,2024-02-14
37067,Product_7067_3,home,173.44777608259417,490.43385348483935,pending,2024-07-12
37068,Product_7068_3,home,651.9807589959571,236.28728524076533,active,2024-03-16
37069,Product_7069_3,electronics,622.5942796878459,381.26754881705716,inactive,2024-11-22
37070,Product_7070_3,sports,6.777879869454883,201.06241974376576,inactive,2024-02-14
37071,Product_7071_3,sports,552.7751293443275,146.35370201758815,active,2024-07-06
37072,Product_7072_3,clothing,189.99501899198086,52.18235091792894,active,2024-03-23
37073,Product_7073_3,books,460.16372088472383,292.9846573574351,archived,2024-03-17
37074,Product_7074_3,clothing,401.61446862342035,240.97372983224352,pending,2024-05-08
37075,Product_7075_3,electronics,294.8043807736311,412.35596970978025,inactive,2024-08-26
37076,Product_7076_3,home,764.6339683451278,231.13824076777576,inactive,2024-09-26
37077,Product_7077_3,books,36.19938148348886,32.672383887037256,inactive,2024-09-05
37078,Product_7078_3,clothing,511.7593338456453,57.939251754605024,archived,2024-06-15
37079,Product_7079_3,electronics,847.3008085125983,354.07641447472554,inactive,2024-08-12
37080,Product_7080_3,home,127.88440422889612,271.77102553767696,inactive,2024-10-22
37081,Product_7081_3,books,243.4583922253726,406.6023587680628,pending,2024-11-15
37082,Product_7082_3,home,513.1883215446588,494.2024272152165,archived,2024-12-03
37083,Product_7083_3,sports,166.4281404969624,340.1763970995377,inactive,2024-09-17
37084,Product_7084_3,home,199.6947464236776,18.04742619140714,archived,2024-02-15
37085,Product_7085_3,clothing,127.54818226283501,172.30959759970668,inactive,2024-08-26
37086,Product_7086_3,books,731.2452287368754,265.51662826665205,pending,2024-03-09
37087,Product_7087_3,electronics,878.2818347401786,317.2746866865896,pending,2024-06-10
37088,Product_7088_3,home,72.5799854828099,110.20126827720681,pending,2024-12-28
37089,Product_7089_3,books,338.58477066505446,186.07836587958596,pending,2024-03-13
37090,Product_7090_3,electronics,206.5603429339786,154.44103203553018,active,2024-03-23
37091,Product_7091_3,clothing,271.4517965456189,22.836678085423628,archived,2024-10-25
37092,Product_7092_3,books,784.1180267848054,103.28533589550926,inactive,2024-04-19
37093,Product_7093_3,books,936.5038364088052,350.72286406415304,active,2024-10-01
37094,Product_7094_3,electronics,747.8831947501781,348.1718104044689,pending,2024-03-03
37095,Product_7095_3,books,480.39757343078276,249.97958533137935,inactive,2024-09-09
37096,Product_7096_3,home,233.1349076503598,426.02469888652854,pending,2024-02-21
37097,Product_7097_3,home,474.9324886784965,295.92236198462365,pending,2024-11-14
37098,Product_7098_3,clothing,751.3026628893535,231.7409976140052,active,2024-05-04
37099,Product_7099_3,clothing,635.9248548846689,18.61196339584412,inactive,2024-06-28
37100,Product_7100_3,books,961.3519602394288,495.4689060868131,pending,2024-11-21
37101,Product_7101_3,electronics,801.6858563055494,240.55930099265984,archived,2024-02-25
37102,Product_7102_3,home,465.93255755438,278.8663451314408,pending,2024-12-15
37103,Product_7103_3,home,653.4218358378937,371.8891308722594,archived,2024-04-05
37104,Product_7104_3,clothing,628.0114378252431,289.4278830377741,active,2024-04-19
37105,Product_7105_3,home,90.32685560730104,432.10622673189505,active,2024-09-11
37106,Product_7106_3,sports,423.76236675237203,240.6537024084495,pending,2024-11-28
37107,Product_7107_3,clothing,258.3493156470704,317.63726543732355,archived,2024-06-19
37108,Product_7108_3,clothing,960.3692805712894,473.54873930686693,pending,2024-08-26
37109,Product_7109_3,books,369.2017420617237,134.15340800550396,active,2024-07-26
37110,Product_7110_3,sports,193.12348494406532,34.21884984429144,archived,2024-06-17
37111,Product_7111_3,books,773.8034520404448,417.38589181344065,inactive,2024-08-25
37112,Product_7112_3,clothing,667.6703147522755,284.4799158968155,active,2024-10-09
37113,Product_7113_3,sports,670.701015979067,358.747595141373,inactive,2024-06-25
37114,Product_7114_3,home,748.0008644898272,309.4375895665832,pending,2024-04-17
37115,Product_7115_3,books,945.9484041080416,215.0354821688716,archived,2024-07-23
37116,Product_7116_3,home,859.9321016652788,217.37729134105305,archived,2024-05-24
37117,Product_7117_3,clothing,439.14195929237206,84.85434196638123,inactive,2024-06-19
37118,Product_7118_3,clothing,870.0330853401738,237.7702417342009,active,2024-12-12
37119,Product_7119_3,books,998.3929308753858,22.14536161613259,archived,2024-09-11
37120,Product_7120_3,home,789.5173322438784,408.3811094266031,inactive,2024-10-18
37121,Product_7121_3,home,476.2096852185647,155.46395448439443,active,2024-09-09
37122,Product_7122_3,clothing,394.6834928827201,472.4488628554183,archived,2024-12-23
37123,Product_7123_3,books,37.67299369109061,288.78127948245157,pending,2024-10-06
37124,Product_7124_3,books,468.75471577731514,309.7726992535714,pending,2024-04-05
37125,Product_7125_3,clothing,158.44900181360364,277.5242088784615,pending,2024-07-23
37126,Product_7126_3,books,471.85254656258024,431.67016459521267,pending,2024-11-11
37127,Product_7127_3,home,528.505866994372,476.9944410234365,inactive,2024-02-01
37128,Product_7128_3,home,577.9606600044904,136.10163235830984,archived,2024-12-17
37129,Product_7129_3,home,938.266360875399,324.8271231462258,active,2024-01-02
37130,Product_7130_3,home,269.37619675566464,480.8637835791133,pending,2024-04-25
37131,Product_7131_3,clothing,3.3373293577975405,294.9493826936035,pending,2024-11-24
37132,Product_7132_3,clothing,102.67676406512349,327.074184152369,pending,2024-06-10
37133,Product_7133_3,home,821.6417043840415,328.42844129822447,inactive,2024-10-14
37134,Product_7134_3,electronics,433.0781541952164,68.87976932682098,inactive,2024-09-23
37135,Product_7135_3,sports,205.78615616182168,324.135240771323,pending,2024-08-14
37136,Product_7136_3,electronics,399.6284887735171,246.8056764007751,active,2024-11-14
37137,Product_7137_3,clothing,968.1747731585924,121.42660995753965,inactive,2024-09-04
37138,Product_7138_3,clothing,768.8923811814461,82.15419642751257,active,2024-06-02
37139,Product_7139_3,clothing,641.0327471761897,401.2890198669118,pending,2024-06-07
37140,Product_7140_3,home,320.2775786736693,375.9503293537383,active,2024-05-05
37141,Product_7141_3,home,926.8039727518935,130.45377666493835,pending,2024-07-01
37142,Product_7142_3,electronics,380.02711568724567,456.05479094571643,archived,2024-07-04
37143,Product_7143_3,electronics,652.2022849137537,170.53213642784698,archived,2024-08-14
37144,Product_7144_3,sports,494.91212292419783,147.34121767966786,archived,2024-12-22
37145,Product_7145_3,home,811.0006085574407,120.68932528687589,pending,2024-06-13
37146,Product_7146_3,sports,966.215154396943,398.53237591580995,active,2024-04-26
37147,Product_7147_3,sports,976.7232345304676,275.68508925166515,archived,2024-05-28
37148,Product_7148_3,home,448.93171448895947,88.52454664509854,active,2024-08-25
37149,Product_7149_3,books,22.035907390250753,45.22140129831424,inactive,2024-07-18
37150,Product_7150_3,books,68.72181983543356,336.9692169090835,inactive,2024-10-25
37151,Product_7151_3,books,488.6318913893943,269.75494831087036,active,2024-04-26
37152,Product_7152_3,electronics,545.5511615981857,493.84926146901034,active,2024-05-25
37153,Product_7153_3,books,682.8299608852296,482.73499907593254,active,2024-03-19
37154,Product_7154_3,home,950.0364902998994,307.95840386656465,archived,2024-02-05
37155,Product_7155_3,electronics,256.04435027363525,218.9484463045497,inactive,2024-05-10
37156,Product_7156_3,sports,123.7900671296302,268.2134458406144,inactive,2024-03-15
37157,Product_7157_3,electronics,950.838341386672,302.56209284679676,archived,2024-09-25
37158,Product_7158_3,home,693.8413149385227,24.339606276490812,pending,2024-04-06
37159,Product_7159_3,books,27.24159605952005,318.71167524073445,archived,2024-12-22
37160,Product_7160_3,electronics,679.1940854787839,64.35826862515127,inactive,2024-09-10
37161,Product_7161_3,home,676.5443321350715,187.1981912796116,active,2024-11-18
37162,Product_7162_3,sports,403.735674195097,392.873497706606,active,2024-07-21
37163,Product_7163_3,books,926.7471220299104,317.2109471458101,archived,2024-09-07
37164,Product_7164_3,home,738.2012530401139,302.25608844877814,active,2024-09-21
37165,Product_7165_3,books,977.1141185976708,197.8708484550886,archived,2024-04-24
37166,Product_7166_3,clothing,997.7251092649472,14.604626282369788,active,2024-10-20
37167,Product_7167_3,books,384.10705283373244,251.60781965908924,pending,2024-03-19
37168,Product_7168_3,clothing,589.5817442738211,190.15188578714466,active,2024-04-22
37169,Product_7169_3,sports,665.6406747058052,63.1867121517355,inactive,2024-05-02
37170,Product_7170_3,sports,768.9893701155188,466.16909221710495,pending,2024-08-15
37171,Product_7171_3,books,105.0938742896719,169.51881319395406,pending,2024-03-05
37172,Product_7172_3,sports,804.4498624194972,139.26703758116918,archived,2024-03-07
37173,Product_7173_3,electronics,163.46028325147134,68.71555719170586,pending,2024-08-01
37174,Product_7174_3,sports,627.3631479231236,434.09684489835286,pending,2024-11-02
37175,Product_7175_3,electronics,865.7348826726031,64.69842757186287,pending,2024-04-06
37176,Product_7176_3,electronics,752.6549179463592,485.2854440368275,inactive,2024-04-07
37177,Product_7177_3,books,902.1649168692619,267.0994148054165,inactive,2024-08-12
37178,Product_7178_3,electronics,803.34365747316,435.92236535257615,inactive,2024-11-14
37179,Product_7179_3,clothing,309.9680664113262,74.84777321555745,archived,2024-09-15
37180,Product_7180_3,home,808.4856218311737,172.63725960777515,pending,2024-05-08
37181,Product_7181_3,home,924.1073255161261,251.0710381478243,archived,2024-09-09
37182,Product_7182_3,sports,455.18405170696093,408.4768679374427,active,2024-01-02
37183,Product_7183_3,sports,396.5320446395071,32.68919653417895,inactive,2024-08-16
37184,Product_7184_3,sports,470.6863852402173,45.8362034959262,pending,2024-05-21
37185,Product_7185_3,home,367.5825654257791,282.2882473207883,inactive,2024-01-19
37186,Product_7186_3,electronics,660.7197130259513,84.95953488142031,inactive,2024-06-13
37187,Product_7187_3,home,573.8746899943491,320.4024231310013,active,2024-03-18
37188,Product_7188_3,books,886.4516093448118,20.316053460058768,inactive,2024-11-04
37189,Product_7189_3,electronics,824.3220055617874,36.0830966011586,archived,2024-05-03
37190,Product_7190_3,home,478.9883481031784,406.56290668025724,pending,2024-07-20
37191,Product_7191_3,sports,426.454773916418,361.8279188186599,active,2024-12-05
37192,Product_7192_3,clothing,596.0840435572409,410.7439307932438,inactive,2024-11-01
37193,Product_7193_3,sports,147.1060654396773,358.2032985183446,active,2024-10-09
37194,Product_7194_3,sports,1.5900824372228954,262.33044732270594,inactive,2024-10-19
37195,Product_7195_3,home,968.3298324589218,29.308796940660322,active,2024-03-19
37196,Product_7196_3,clothing,880.0345627921366,435.8662355022153,pending,2024-03-08
37197,Product_7197_3,electronics,38.09161822624722,190.5925381943909,pending,2024-11-17
37198,Product_7198_3,electronics,39.271040279156395,422.38805904659466,inactive,2024-01-12
37199,Product_7199_3,clothing,504.30588920425225,469.3741144627103,inactive,2024-02-07
37200,Product_7200_3,books,58.43806216715015,99.68327569001181,archived,2024-12-13
37201,Product_7201_3,books,477.19583387577205,124.31279266655339,active,2024-07-04
37202,Product_7202_3,sports,811.9337856833478,245.8327199399787,archived,2024-10-15
37203,Product_7203_3,sports,69.9062118744683,35.48803715520141,inactive,2024-04-15
37204,Product_7204_3,clothing,637.3445297160329,171.5011296013638,archived,2024-04-28
37205,Product_7205_3,clothing,781.3314392943363,361.28673857402197,pending,2024-12-20
37206,Product_7206_3,electronics,784.2352247400912,312.34135404854334,inactive,2024-01-09
37207,Product_7207_3,books,646.6087032721972,65.07507661548925,inactive,2024-11-18
37208,Product_7208_3,books,946.9851041891908,11.327338406388964,active,2024-07-26
37209,Product_7209_3,sports,20.124851565684217,433.42935093992725,inactive,2024-02-06
37210,Product_7210_3,sports,460.10928946840835,120.7358665085421,pending,2024-11-26
37211,Product_7211_3,books,435.84321901975846,172.1009993552511,active,2024-10-16
37212,Product_7212_3,clothing,314.53741076733115,22.329274595405238,archived,2024-04-16
37213,Product_7213_3,electronics,658.1192062969573,129.6706999961567,archived,2024-05-11
37214,Product_7214_3,clothing,826.6137630263523,194.75489186941195,pending,2024-05-24
37215,Product_7215_3,home,665.8433620686419,181.04964118937556,pending,2024-07-01
37216,Product_7216_3,sports,518.4366461042382,304.76264180275723,inactive,2024-06-13
37217,Product_7217_3,electronics,830.1223083389111,222.25342871067267,pending,2024-10-11
37218,Product_7218_3,electronics,541.0849191642661,310.4629203803754,pending,2024-02-20
37219,Product_7219_3,home,79.43277252419266,486.71692339893514,inactive,2024-06-15
37220,Product_7220_3,books,419.55475476784983,176.93631077970556,archived,2024-01-27
37221,Product_7221_3,home,100.0646003970055,81.66617829404623,inactive,2024-08-20
37222,Product_7222_3,home,906.4881960034085,275.291507183403,archived,2024-04-17
37223,Product_7223_3,home,17.054049996517477,144.47020028691605,pending,2024-02-22
37224,Product_7224_3,books,833.3235155897148,268.95770632854396,inactive,2024-12-23
37225,Product_7225_3,electronics,686.6182452252307,430.5704627048151,archived,2024-05-09
37226,Product_7226_3,sports,961.1075978274695,241.085869202644,archived,2024-08-10
37227,Product_7227_3,sports,527.5725723434782,235.8011990499801,archived,2024-03-24
37228,Product_7228_3,clothing,715.9795226411869,65.51132304437563,pending,2024-04-22
37229,Product_7229_3,home,860.6111703817115,286.85202274145735,inactive,2024-08-16
37230,Product_7230_3,sports,543.8218017248568,371.41490872830116,inactive,2024-12-26
37231,Product_7231_3,clothing,165.68758362567996,453.4998307761412,active,2024-01-20
37232,Product_7232_3,home,625.3855846178246,303.3767806239902,pending,2024-11-15
37233,Product_7233_3,home,958.2064329678929,366.9251915364267,active,2024-04-14
37234,Product_7234_3,electronics,832.7549573618177,176.18443845903445,pending,2024-09-19
37235,Product_7235_3,sports,469.5616828720011,435.6430589376079,archived,2024-12-21
37236,Product_7236_3,home,79.55798022659005,96.43288350605663,inactive,2024-01-25
37237,Product_7237_3,clothing,128.46133559913324,27.018835531969057,pending,2024-10-28
37238,Product_7238_3,clothing,598.760819776122,318.28569266586334,active,2024-07-26
37239,Product_7239_3,electronics,270.14371502114113,493.1267918483406,inactive,2024-12-23
37240,Product_7240_3,books,323.3252407250132,199.35493907759184,pending,2024-12-06
37241,Product_7241_3,sports,917.1555282420497,50.864450375109364,pending,2024-06-20
37242,Product_7242_3,sports,662.5703860527616,53.955016127383175,archived,2024-10-21
37243,Product_7243_3,sports,981.4591770992495,244.80637637064487,pending,2024-01-05
37244,Product_7244_3,clothing,51.86582677967233,431.33690480667224,inactive,2024-01-21
37245,Product_7245_3,home,33.87367476333804,374.63246684394585,archived,2024-02-08
37246,Product_7246_3,sports,284.82972734519814,227.68627281619422,pending,2024-02-02
37247,Product_7247_3,electronics,137.98696010541804,469.97704414882975,pending,2024-10-01
37248,Product_7248_3,clothing,998.2797236654541,19.924072574278153,active,2024-01-06
37249,Product_7249_3,books,579.436845833135,248.64465755142365,pending,2024-03-13
37250,Product_7250_3,clothing,496.8518851448235,136.8164302194602,pending,2024-05-12
37251,Product_7251_3,home,624.2387258530047,37.47688763570201,inactive,2024-04-22
37252,Product_7252_3,books,357.40158162289833,169.94833466243622,pending,2024-04-13
37253,Product_7253_3,books,481.85150386381343,452.7168988797164,pending,2024-07-10
37254,Product_7254_3,home,849.1426401337077,236.85382606718184,pending,2024-06-27
37255,Product_7255_3,electronics,192.77883412601614,147.31779356809173,pending,2024-02-01
37256,Product_7256_3,home,455.67752345360674,211.218279370396,archived,2024-02-13
37257,Product_7257_3,electronics,406.67646397277,294.25207589142053,inactive,2024-03-10
37258,Product_7258_3,clothing,92.26133628023858,295.5685968559756,pending,2024-04-27
37259,Product_7259_3,electronics,386.6557057656786,134.88909697755565,inactive,2024-02-26
37260,Product_7260_3,home,451.6849130546427,422.95893250496874,archived,2024-02-22
37261,Product_7261_3,electronics,823.2863321917214,478.3700997325991,inactive,2024-01-01
37262,Product_7262_3,home,219.3507053376887,421.39200700172756,pending,2024-12-16
37263,Product_7263_3,home,14.384359776480384,48.73571817483484,active,2024-08-09
37264,Product_7264_3,clothing,683.7465299160377,224.79777556385565,inactive,2024-10-25
37265,Product_7265_3,books,507.1391987420459,468.35645065746166,pending,2024-05-01
37266,Product_7266_3,books,267.5968086322613,306.4849042598835,active,2024-11-25
37267,Product_7267_3,sports,216.8870248644019,106.08061161349116,pending,2024-08-20
37268,Product_7268_3,sports,224.01507185519773,296.13032981913744,inactive,2024-06-20
37269,Product_7269_3,electronics,320.74636316526954,177.41213973854778,active,2024-08-06
37270,Product_7270_3,sports,316.56770733706946,196.26877371596328,pending,2024-10-02
37271,Product_7271_3,sports,335.70374925817754,189.0208931989925,active,2024-02-21
37272,Product_7272_3,sports,931.0293223760929,305.0606769264009,inactive,2024-03-09
37273,Product_7273_3,home,105.71824960078767,407.86169804769855,pending,2024-09-06
37274,Product_7274_3,clothing,533.6383004585537,139.37349175933582,archived,2024-05-05
37275,Product_7275_3,sports,124.03531824407581,295.07724211097417,inactive,2024-04-08
37276,Product_7276_3,books,412.0064548998153,467.78240660190016,archived,2024-09-27
37277,Product_7277_3,books,665.814543756497,120.61089672142995,archived,2024-07-09
37278,Product_7278_3,home,23.99849856762625,238.93430043788038,pending,2024-09-27
37279,Product_7279_3,electronics,876.8625565359504,244.3646629171126,active,2024-02-05
37280,Product_7280_3,sports,885.2283097264091,127.70590230110874,inactive,2024-10-23
37281,Product_7281_3,sports,363.9506256685101,211.0052717207778,active,2024-09-23
37282,Product_7282_3,sports,693.5057569295919,396.186667838921,active,2024-10-04
37283,Product_7283_3,home,552.0075216398046,270.6603137862592,archived,2024-05-23
37284,Product_7284_3,electronics,823.9308567577174,264.09580768970363,archived,2024-11-11
37285,Product_7285_3,home,454.8429582655146,153.85093377821025,active,2024-09-11
37286,Product_7286_3,electronics,732.1449870873168,38.015599383268324,active,2024-06-19
37287,Product_7287_3,books,138.13855628736974,117.50755728494224,archived,2024-10-05
37288,Product_7288_3,electronics,768.2512926856981,183.14561798188285,inactive,2024-03-24
37289,Product_7289_3,electronics,188.15468953708327,142.23338404790076,archived,2024-04-27
37290,Product_7290_3,home,465.04069628795895,235.83453402436322,pending,2024-09-23
37291,Product_7291_3,books,321.060999155213,264.7484399419658,active,2024-07-10
37292,Product_7292_3,electronics,555.6240308346352,425.4262909717123,active,2024-09-06
37293,Product_7293_3,home,924.830600097455,390.85658504920747,active,2024-12-27
37294,Product_7294_3,clothing,718.8699110898483,182.18460435563176,archived,2024-04-27
37295,Product_7295_3,home,591.9303516095326,220.72342200981518,pending,2024-03-01
37296,Product_7296_3,electronics,885.0000878162036,441.40358654348717,active,2024-12-03
37297,Product_7297_3,electronics,296.54348583108964,348.7276657868597,active,2024-07-20
37298,Product_7298_3,clothing,507.34163551478747,355.28995075220706,pending,2024-02-23
37299,Product_7299_3,clothing,801.9281773977542,348.4811105011959,pending,2024-10-04
37300,Product_7300_3,books,374.2541359944182,266.80464623871416,inactive,2024-12-20
37301,Product_7301_3,clothing,526.1442761011306,421.9913250163723,archived,2024-02-18
37302,Product_7302_3,books,499.75282721657334,414.896326345322,pending,2024-09-10
37303,Product_7303_3,sports,838.7566800848808,29.12842064003096,pending,2024-08-14
37304,Product_7304_3,clothing,954.5217615564789,412.6743681691629,inactive,2024-01-06
37305,Product_7305_3,books,810.6767068921341,377.38886380299465,pending,2024-05-04
37306,Product_7306_3,home,677.8391876775077,32.11060265755382,archived,2024-05-07
37307,Product_7307_3,books,197.93756965911498,293.04622164898336,active,2024-06-06
37308,Product_7308_3,home,106.12607466589084,67.57218100216996,active,2024-06-17
37309,Product_7309_3,electronics,276.41885369547214,421.7707559086529,inactive,2024-02-27
37310,Product_7310_3,electronics,248.97799418804996,202.55102596788407,archived,2024-08-19
37311,Product_7311_3,books,790.2161774779288,351.42861932737554,archived,2024-11-04
37312,Product_7312_3,clothing,466.4714872272374,314.62381592963925,active,2024-10-26
37313,Product_7313_3,home,230.20093096699995,129.75124592326722,archived,2024-06-16
37314,Product_7314_3,clothing,669.2498595632202,63.552695701268235,pending,2024-08-24
37315,Product_7315_3,electronics,683.1426852897254,255.3968762200201,inactive,2024-10-05
37316,Product_7316_3,electronics,853.9826974948863,32.5623990282813,archived,2024-06-16
37317,Product_7317_3,home,274.8599253280015,410.120658037631,inactive,2024-12-05
37318,Product_7318_3,sports,566.425653234379,98.65375529274657,inactive,2024-11-17
37319,Product_7319_3,clothing,943.059042644985,127.07720807251395,archived,2024-07-05
37320,Product_7320_3,clothing,88.38610401745221,405.59026880528734,pending,2024-03-15
37321,Product_7321_3,books,217.98067486766053,14.526030368205882,archived,2024-11-03
37322,Product_7322_3,home,73.60254292545142,402.3995226325279,active,2024-10-03
37323,Product_7323_3,clothing,625.8544117999774,383.47139100118846,archived,2024-08-10
37324,Product_7324_3,electronics,172.112106084473,447.2009910879925,active,2024-05-07
37325,Product_7325_3,sports,214.70926218786394,115.86141037668033,active,2024-12-23
37326,Product_7326_3,electronics,669.111936034562,115.13705037556149,active,2024-03-01
37327,Product_7327_3,clothing,447.6502282561627,81.85350633061303,active,2024-05-03
37328,Product_7328_3,electronics,638.1744300328063,455.6177679388162,pending,2024-12-28
37329,Product_7329_3,clothing,115.08093451630185,188.56165538499303,inactive,2024-10-13
37330,Product_7330_3,clothing,971.7921047544627,24.559826048527327,inactive,2024-03-25
37331,Product_7331_3,books,566.5612734159525,108.07566563882678,active,2024-09-14
37332,Product_7332_3,clothing,343.3301912103592,354.7091816059286,inactive,2024-02-23
37333,Product_7333_3,books,981.9507177515608,329.4993671840399,archived,2024-10-23
37334,Product_7334_3,sports,593.921277860843,73.82795772838077,active,2024-01-02
37335,Product_7335_3,clothing,990.816848716382,42.089970696366414,pending,2024-12-13
37336,Product_7336_3,electronics,405.850110705706,20.769226176980183,archived,2024-09-18
37337,Product_7337_3,clothing,694.3431284315811,366.48214648551476,pending,2024-03-13
37338,Product_7338_3,clothing,610.5237017922409,472.7657759004417,active,2024-04-09
37339,Product_7339_3,home,368.6065780472638,47.71217910974064,inactive,2024-10-26
37340,Product_7340_3,electronics,712.4133199354975,381.9628583953124,inactive,2024-02-21
37341,Product_7341_3,home,668.7633446960037,141.94248212196135,inactive,2024-03-17
37342,Product_7342_3,clothing,764.6019007327174,182.97901075472097,pending,2024-02-17
37343,Product_7343_3,sports,384.54328788415285,88.50554871760245,inactive,2024-06-13
37344,Product_7344_3,home,727.6706046973192,146.08591026161037,inactive,2024-06-07
37345,Product_7345_3,electronics,782.7183518804111,104.91214035490066,inactive,2024-02-03
37346,Product_7346_3,books,756.4021425303172,204.72688640315172,pending,2024-05-22
37347,Product_7347_3,home,652.0203407459325,466.2416284660609,pending,2024-07-22
37348,Product_7348_3,electronics,460.2598448269606,268.4350186590464,pending,2024-10-15
37349,Product_7349_3,sports,219.83657797088472,65.90330814100368,active,2024-02-18
37350,Product_7350_3,clothing,91.28325043423091,464.07881681555426,inactive,2024-09-02
37351,Product_7351_3,electronics,318.540903021885,370.885802759011,pending,2024-04-07
37352,Product_7352_3,books,968.198525471496,294.46275642197685,pending,2024-09-27
37353,Product_7353_3,electronics,505.4211953132595,219.14804823906064,archived,2024-10-28
37354,Product_7354_3,electronics,609.9219358135953,185.02470569931654,archived,2024-11-12
37355,Product_7355_3,home,462.1342999392113,231.36600320031587,pending,2024-01-14
37356,Product_7356_3,clothing,182.40493294978106,476.1347569163219,inactive,2024-07-14
37357,Product_7357_3,clothing,515.1304305244761,149.069527771233,active,2024-11-28
37358,Product_7358_3,books,700.3694707045464,389.9089865997171,inactive,2024-07-24
37359,Product_7359_3,books,144.58950805751434,152.63339779629192,inactive,2024-09-10
37360,Product_7360_3,home,707.6592746572318,474.02989692053825,pending,2024-12-20
37361,Product_7361_3,books,452.19224843593213,11.519514285519033,archived,2024-03-15
37362,Product_7362_3,books,260.6624016169285,12.916767381891189,pending,2024-03-17
37363,Product_7363_3,clothing,159.0140633954094,31.329470340452843,inactive,2024-08-24
37364,Product_7364_3,electronics,862.3693371160721,131.2767280337403,archived,2024-09-20
37365,Product_7365_3,books,850.2017211008756,298.87351650105927,pending,2024-06-07
37366,Product_7366_3,electronics,574.4380536517191,323.40124495750445,inactive,2024-05-04
37367,Product_7367_3,home,787.5903116468234,358.0316141550103,pending,2024-07-20
37368,Product_7368_3,electronics,876.977506361555,278.76016513438077,pending,2024-09-21
37369,Product_7369_3,electronics,751.0419633939816,467.97718831741037,pending,2024-11-09
37370,Product_7370_3,sports,623.3097970829416,186.1991279320178,active,2024-12-01
37371,Product_7371_3,sports,480.2960371604852,338.0857129882038,pending,2024-12-09
37372,Product_7372_3,clothing,810.8484616079529,385.4057907693883,inactive,2024-01-24
37373,Product_7373_3,sports,401.77527783227066,15.428033729938193,archived,2024-02-11
37374,Product_7374_3,electronics,956.1437543091375,218.80984635552153,pending,2024-07-01
37375,Product_7375_3,books,145.6839753150051,255.18062973691036,inactive,2024-06-06
37376,Product_7376_3,electronics,292.6937991902711,450.1899785328119,inactive,2024-06-04
37377,Product_7377_3,clothing,894.4173462680147,110.78493518848242,pending,2024-10-15
37378,Product_7378_3,books,944.3770645581026,410.61658023346394,active,2024-02-04
37379,Product_7379_3,electronics,841.4927308782317,51.69028687993793,archived,2024-01-13
37380,Product_7380_3,electronics,901.0058947225558,11.172724877183976,pending,2024-01-19
37381,Product_7381_3,electronics,193.55893456842853,151.95226870433729,active,2024-12-08
37382,Product_7382_3,clothing,500.17786429388684,387.80114388386244,inactive,2024-10-24
37383,Product_7383_3,electronics,575.0946882846337,73.11006995438461,archived,2024-09-21
37384,Product_7384_3,electronics,907.656013101611,136.35425770567633,archived,2024-09-04
37385,Product_7385_3,sports,285.02363267088305,234.59307235983528,active,2024-10-24
37386,Product_7386_3,electronics,216.5806801455378,63.919461786238514,pending,2024-09-10
37387,Product_7387_3,home,336.4090770417039,84.74950886031485,pending,2024-05-13
37388,Product_7388_3,books,805.4625685476216,153.2886101475469,pending,2024-06-08
37389,Product_7389_3,home,334.3062156161604,255.16569644205092,pending,2024-05-23
37390,Product_7390_3,electronics,121.25835550589343,272.5767329194031,pending,2024-02-20
37391,Product_7391_3,sports,715.2836945949655,152.2771330893148,active,2024-05-02
37392,Product_7392_3,clothing,18.546848071369467,215.31478069524312,inactive,2024-06-23
37393,Product_7393_3,electronics,204.74092268504629,322.91617898035764,pending,2024-07-15
37394,Product_7394_3,home,243.8974127707078,237.84892112556525,archived,2024-09-02
37395,Product_7395_3,books,929.366291424779,321.30885566488155,inactive,2024-06-22
37396,Product_7396_3,electronics,484.8943371943384,110.37971818206306,inactive,2024-05-06
37397,Product_7397_3,clothing,9.285771659532115,27.64579205886819,inactive,2024-07-07
37398,Product_7398_3,sports,970.8836304168007,28.199244641170445,active,2024-06-12
37399,Product_7399_3,electronics,95.58531977678416,54.56086697512079,inactive,2024-08-06
37400,Product_7400_3,home,907.4476425111641,284.0724139332687,inactive,2024-02-18
37401,Product_7401_3,sports,546.2263264974957,293.63094142434113,archived,2024-09-25
37402,Product_7402_3,books,746.7551218421671,204.1471505424576,inactive,2024-07-18
37403,Product_7403_3,sports,577.4081293955229,409.29358694001604,inactive,2024-03-05
37404,Product_7404_3,clothing,333.59828379455024,241.1973070499773,active,2024-08-25
37405,Product_7405_3,books,910.6977835488563,327.84416955494834,active,2024-02-16
37406,Product_7406_3,electronics,791.6884770992933,383.75818010148157,pending,2024-01-04
37407,Product_7407_3,home,738.8121631702261,402.3983767719323,pending,2024-02-04
37408,Product_7408_3,clothing,738.9946476678408,458.28967965654493,inactive,2024-01-27
37409,Product_7409_3,books,636.4636078796148,114.87972729656511,pending,2024-06-28
37410,Product_7410_3,clothing,385.3990686116401,312.3312114655012,inactive,2024-02-09
37411,Product_7411_3,home,286.69582020171833,457.86125054655975,active,2024-10-25
37412,Product_7412_3,clothing,586.9516960475783,212.36009730760577,active,2024-02-05
37413,Product_7413_3,clothing,410.46712238989863,138.44166760819766,pending,2024-10-19
37414,Product_7414_3,books,431.2407402498171,35.62771422305459,inactive,2024-10-26
37415,Product_7415_3,home,170.7034186351752,196.47572425036253,pending,2024-04-17
37416,Product_7416_3,home,669.3728714284808,186.41943271810322,archived,2024-04-16
37417,Product_7417_3,books,371.88472353398913,141.92277563063513,inactive,2024-03-22
37418,Product_7418_3,sports,19.58469135510643,70.35997864750175,archived,2024-08-09
37419,Product_7419_3,clothing,73.03786942566207,32.14003643218081,pending,2024-10-10
37420,Product_7420_3,home,104.07791678417304,175.1538882021431,pending,2024-05-22
37421,Product_7421_3,clothing,998.1162249873912,397.56164553638666,inactive,2024-11-01
37422,Product_7422_3,home,515.9747879232431,139.9348439867448,pending,2024-03-04
37423,Product_7423_3,home,529.7915211195234,148.16098929824145,inactive,2024-06-18
37424,Product_7424_3,sports,129.46756544291586,203.66309053157065,pending,2024-10-24
37425,Product_7425_3,home,990.4407397112144,146.07004041704192,archived,2024-01-25
37426,Product_7426_3,electronics,138.70520541147528,379.3703420679406,pending,2024-12-05
37427,Product_7427_3,books,709.9088955899808,203.4675610408762,inactive,2024-04-11
37428,Product_7428_3,sports,762.3032279664516,458.0795037484201,archived,2024-11-17
37429,Product_7429_3,sports,639.1722742886722,261.8153951535868,archived,2024-04-13
37430,Product_7430_3,home,183.42141912854873,99.8452330587014,active,2024-04-08
37431,Product_7431_3,sports,473.7502569934906,260.8921685014353,pending,2024-09-02
37432,Product_7432_3,electronics,45.01928104626741,457.78776687212576,inactive,2024-06-21
37433,Product_7433_3,electronics,761.7275589705223,306.00039844641407,active,2024-12-13
37434,Product_7434_3,sports,298.3107329066522,206.0774161423705,inactive,2024-01-28
37435,Product_7435_3,home,860.0585556712166,449.57410872243213,active,2024-03-15
37436,Product_7436_3,clothing,741.9992784454732,331.4948496861323,inactive,2024-02-07
37437,Product_7437_3,sports,141.04742543419525,430.1661405548385,active,2024-03-25
37438,Product_7438_3,clothing,46.687264007243684,225.87876858554762,active,2024-09-10
37439,Product_7439_3,books,559.4331927978352,105.41237090051843,active,2024-05-01
37440,Product_7440_3,clothing,435.64000705784736,169.39039205670466,pending,2024-03-06
37441,Product_7441_3,clothing,335.4267911902628,445.69206176253647,archived,2024-01-22
37442,Product_7442_3,sports,223.09668479167118,318.5881647208526,pending,2024-11-05
37443,Product_7443_3,electronics,42.80253077545918,174.16384993797084,active,2024-10-02
37444,Product_7444_3,clothing,706.1543409480854,321.9660795308825,active,2024-12-25
37445,Product_7445_3,clothing,197.81025383126232,168.23577767097282,inactive,2024-10-22
37446,Product_7446_3,electronics,367.97736175766505,363.5724046877117,inactive,2024-01-14
37447,Product_7447_3,books,613.3934541770211,66.93294471441106,archived,2024-11-24
37448,Product_7448_3,home,678.0920930995504,429.8613377566984,archived,2024-05-12
37449,Product_7449_3,sports,167.8226813058562,87.68203641157064,pending,2024-11-18
37450,Product_7450_3,sports,474.9461013358797,24.3068239637393,active,2024-02-19
37451,Product_7451_3,home,750.275439224833,68.84314615670765,active,2024-04-03
37452,Product_7452_3,books,254.19075137921902,325.8868612300265,pending,2024-04-25
37453,Product_7453_3,books,883.7182248717068,16.54167264520953,archived,2024-08-03
37454,Product_7454_3,sports,963.5210278011338,438.9265453558541,pending,2024-11-19
37455,Product_7455_3,electronics,77.15851844827674,311.66971866408,pending,2024-07-20
37456,Product_7456_3,electronics,202.06643981308247,340.43474031547936,active,2024-07-22
37457,Product_7457_3,clothing,432.11222681652447,385.8219625225835,pending,2024-02-06
37458,Product_7458_3,clothing,289.47827068553636,405.4156536611098,active,2024-08-20
37459,Product_7459_3,electronics,134.41236491549995,386.86589206290495,pending,2024-12-01
37460,Product_7460_3,clothing,173.93965867861658,67.2783846875848,archived,2024-12-20
37461,Product_7461_3,clothing,773.8803667935038,35.43510627221113,archived,2024-12-07
37462,Product_7462_3,books,435.55137211741527,179.8548212994438,active,2024-05-09
37463,Product_7463_3,books,178.88241818894616,142.8525721186736,pending,2024-07-15
37464,Product_7464_3,sports,428.83486652657814,119.14938339207852,active,2024-12-21
37465,Product_7465_3,clothing,431.55628816189716,395.1207428227157,inactive,2024-01-28
37466,Product_7466_3,sports,965.1510088867235,28.993686135758836,pending,2024-07-25
37467,Product_7467_3,sports,431.7711424742016,442.8301375057539,archived,2024-08-28
37468,Product_7468_3,electronics,360.6329334834861,293.59779497280476,archived,2024-04-08
37469,Product_7469_3,books,611.1134153667408,469.0609039588078,inactive,2024-05-12
37470,Product_7470_3,clothing,254.95487535182008,72.96426909280822,archived,2024-01-20
37471,Product_7471_3,clothing,953.9092126231163,236.23410609358191,pending,2024-06-25
37472,Product_7472_3,books,206.57103029111977,57.17652831639851,pending,2024-06-22
37473,Product_7473_3,sports,752.4349647402636,303.2729417468184,pending,2024-08-19
37474,Product_7474_3,books,888.4363784056118,31.96080048495175,archived,2024-10-03
37475,Product_7475_3,sports,487.8633501110054,75.33694421133649,pending,2024-03-05
37476,Product_7476_3,clothing,290.82066079052487,59.34724473831218,inactive,2024-02-26
37477,Product_7477_3,electronics,358.7152754350311,242.96121692089423,pending,2024-01-20
37478,Product_7478_3,home,100.37403684378751,89.74553759973539,pending,2024-12-09
37479,Product_7479_3,electronics,126.95705267140188,419.38490621527035,active,2024-02-03
37480,Product_7480_3,books,3.412750812223038,400.65708359185385,active,2024-09-19
37481,Product_7481_3,electronics,537.8188834834178,416.3291984112854,pending,2024-04-02
37482,Product_7482_3,books,624.3251248457676,97.14956447754356,inactive,2024-09-15
37483,Product_7483_3,home,42.1153423288631,90.96413931795644,active,2024-08-21
37484,Product_7484_3,sports,71.05753333262416,101.13586011039446,active,2024-08-04
37485,Product_7485_3,home,812.0123324255343,364.8879019608983,archived,2024-07-23
37486,Product_7486_3,clothing,166.4102598709568,301.5543541595135,pending,2024-05-20
37487,Product_7487_3,books,793.591470305219,134.6590153922907,active,2024-10-23
37488,Product_7488_3,clothing,598.1859667538916,333.33919155091615,pending,2024-07-24
37489,Product_7489_3,sports,938.2665193741306,12.728075323034753,inactive,2024-01-11
37490,Product_7490_3,books,420.6226904853237,188.9922105463885,active,2024-02-15
37491,Product_7491_3,home,59.85237465473939,452.57832190509976,inactive,2024-07-08
37492,Product_7492_3,books,395.07575954614003,478.8563055069478,inactive,2024-07-19
37493,Product_7493_3,clothing,129.1460470151741,390.02020166070383,active,2024-10-03
37494,Product_7494_3,electronics,570.1845205817277,495.8066502793193,pending,2024-10-21
37495,Product_7495_3,clothing,216.63867024248762,408.99555338336427,inactive,2024-12-16
37496,Product_7496_3,books,504.9638000679385,46.108177675169024,active,2024-02-13
37497,Product_7497_3,electronics,695.7488431674498,149.239665373213,active,2024-08-18
37498,Product_7498_3,electronics,496.8562977567959,43.79522122606622,pending,2024-07-11
37499,Product_7499_3,electronics,527.9069651462927,364.42625842524455,pending,2024-02-13
37500,Product_7500_3,electronics,299.25523562086363,34.031905124410514,archived,2024-11-08
37501,Product_7501_3,books,144.9314192738768,179.9633374887335,archived,2024-02-24
37502,Product_7502_3,sports,685.2669914236377,474.726061295147,active,2024-10-22
37503,Product_7503_3,electronics,272.93535714339504,72.27565142633534,archived,2024-10-20
37504,Product_7504_3,electronics,909.6725033957389,211.46216216945734,archived,2024-10-03
37505,Product_7505_3,electronics,57.45706658430525,377.22303819909024,active,2024-03-23
37506,Product_7506_3,home,868.0538261358226,372.64004654406284,active,2024-06-01
37507,Product_7507_3,electronics,560.2436426197319,145.8809364597378,inactive,2024-08-18
37508,Product_7508_3,home,919.5227523315245,368.31243557877076,pending,2024-10-02
37509,Product_7509_3,electronics,448.536292542174,273.13573445834857,pending,2024-01-27
37510,Product_7510_3,home,312.25314174071246,496.2198752222726,archived,2024-06-20
37511,Product_7511_3,books,338.6436083615185,233.2686094140342,active,2024-07-01
37512,Product_7512_3,home,138.43868886654374,486.43202311398375,archived,2024-02-10
37513,Product_7513_3,sports,213.63109832465847,105.10409297866923,pending,2024-02-03
37514,Product_7514_3,electronics,361.38852304525767,281.59139470518545,pending,2024-05-10
37515,Product_7515_3,electronics,700.7657379373396,81.48957478650917,active,2024-05-07
37516,Product_7516_3,home,278.88956537600114,42.17486416597255,inactive,2024-02-06
37517,Product_7517_3,clothing,59.79354605692022,143.56820218038806,pending,2024-10-03
37518,Product_7518_3,clothing,949.7149997937921,375.5206015987027,inactive,2024-12-12
37519,Product_7519_3,home,500.90426722846627,188.12444819825683,archived,2024-02-24
37520,Product_7520_3,electronics,971.4891602687223,43.75535132611416,active,2024-06-13
37521,Product_7521_3,electronics,821.6565839167022,299.56947595678815,inactive,2024-06-22
37522,Product_7522_3,home,418.88728244106636,496.5118034354744,pending,2024-06-24
37523,Product_7523_3,clothing,370.199079896787,144.89340572181757,active,2024-05-19
37524,Product_7524_3,clothing,626.0683027850232,159.9443129304964,active,2024-10-02
37525,Product_7525_3,sports,433.04753459932965,59.679480987813925,inactive,2024-10-27
37526,Product_7526_3,clothing,585.2399336633893,403.95301679028677,active,2024-01-08
37527,Product_7527_3,sports,601.5337376590976,58.29654854829892,archived,2024-07-21
37528,Product_7528_3,electronics,518.0012199077255,472.612408490681,inactive,2024-10-13
37529,Product_7529_3,clothing,991.664535614956,316.30007794925433,archived,2024-05-14
37530,Product_7530_3,home,68.68884095594733,357.29492547527025,archived,2024-01-15
37531,Product_7531_3,electronics,882.0790646427607,34.44510865646296,pending,2024-07-17
37532,Product_7532_3,electronics,706.6024140232248,160.86050849220294,active,2024-05-13
37533,Product_7533_3,books,458.95166268888516,479.8289108669197,active,2024-03-20
37534,Product_7534_3,home,321.15180500353637,440.78965795697053,archived,2024-03-12
37535,Product_7535_3,sports,708.4366438426289,211.84197515268326,archived,2024-02-02
37536,Product_7536_3,sports,85.6204697515503,71.70121524255549,inactive,2024-04-28
37537,Product_7537_3,clothing,608.3131195782623,453.21909351601266,active,2024-02-27
37538,Product_7538_3,clothing,202.04899525834756,89.54920761316843,archived,2024-06-14
37539,Product_7539_3,home,177.65014438269463,436.23725560372077,archived,2024-03-21
37540,Product_7540_3,electronics,704.6710311582328,342.906727894301,active,2024-05-27
37541,Product_7541_3,electronics,802.1478147988033,287.1574960031983,active,2024-02-17
37542,Product_7542_3,sports,609.8359999642796,363.0710524044791,active,2024-10-16
37543,Product_7543_3,clothing,221.49805578388523,276.63844351077194,inactive,2024-03-17
37544,Product_7544_3,sports,483.22875528776075,128.47185739546066,pending,2024-04-19
37545,Product_7545_3,sports,624.7622663111487,210.1869034838499,pending,2024-09-03
37546,Product_7546_3,books,396.86881810310365,139.5287747040636,inactive,2024-02-17
37547,Product_7547_3,electronics,565.0055428670571,463.1738834175414,active,2024-11-28
37548,Product_7548_3,sports,554.2748917696659,442.35543166219855,archived,2024-08-09
37549,Product_7549_3,books,717.1254000675111,151.5182481555149,active,2024-02-05
37550,Product_7550_3,home,991.7794416060217,78.50181423777794,pending,2024-03-04
37551,Product_7551_3,home,682.6377262958206,53.14575016930594,pending,2024-12-10
37552,Product_7552_3,sports,499.135090032753,379.16452442208146,pending,2024-06-23
37553,Product_7553_3,books,535.838204632198,82.36538507337107,pending,2024-08-06
37554,Product_7554_3,sports,23.87900193840963,211.41458810060652,active,2024-07-11
37555,Product_7555_3,sports,442.75623350916777,257.7742387933635,archived,2024-01-05
37556,Product_7556_3,home,313.60073644088385,47.01729627143197,archived,2024-03-15
37557,Product_7557_3,electronics,691.3976490098867,366.6613194380354,pending,2024-04-03
37558,Product_7558_3,books,289.74269336877137,10.55367857690548,archived,2024-09-17
37559,Product_7559_3,books,561.3281397004938,286.60294225744616,active,2024-08-27
37560,Product_7560_3,home,492.06341945257566,218.6121857703082,pending,2024-09-18
37561,Product_7561_3,clothing,926.7733060527266,280.9264606260759,inactive,2024-01-02
37562,Product_7562_3,sports,27.192230188613728,359.9969347886344,active,2024-02-08
37563,Product_7563_3,clothing,148.23427037019775,307.9014657974442,pending,2024-05-09
37564,Product_7564_3,electronics,619.8674557890095,425.1803756396712,active,2024-12-03
37565,Product_7565_3,sports,621.5263464458485,453.6980030693712,pending,2024-05-26
37566,Product_7566_3,electronics,767.0624272279667,449.88280517713486,active,2024-07-11
37567,Product_7567_3,home,517.1396796584429,403.7556027935261,active,2024-04-27
37568,Product_7568_3,books,937.4107403172455,325.2636222663683,archived,2024-07-21
37569,Product_7569_3,clothing,286.8531839446062,466.6427827353172,pending,2024-10-26
37570,Product_7570_3,home,742.8225512161414,387.34265232993215,pending,2024-10-28
37571,Product_7571_3,home,862.404927608343,382.3035499771715,archived,2024-05-25
37572,Product_7572_3,electronics,197.15100383402918,306.00636992685844,archived,2024-04-09
37573,Product_7573_3,books,257.17717317012017,301.62344625926005,archived,2024-06-07
37574,Product_7574_3,sports,806.0842825412348,201.9884270464041,pending,2024-09-01
37575,Product_7575_3,electronics,150.1707714498605,244.29692223198327,inactive,2024-03-02
37576,Product_7576_3,books,767.0243164629768,408.8560129180385,inactive,2024-04-07
37577,Product_7577_3,sports,31.584830644287873,386.14673252088556,pending,2024-08-25
37578,Product_7578_3,home,20.95458491469343,458.66710291585855,inactive,2024-05-26
37579,Product_7579_3,sports,929.1649633428407,495.22007289513203,active,2024-11-24
37580,Product_7580_3,home,887.1360885045123,164.84775245126716,archived,2024-05-19
37581,Product_7581_3,books,872.428432449265,423.3314058426057,pending,2024-08-04
37582,Product_7582_3,books,210.7285375403061,47.75650991096112,pending,2024-09-26
37583,Product_7583_3,clothing,959.1631062836924,74.20156703853361,active,2024-06-15
37584,Product_7584_3,home,121.1442466000089,272.927408789714,pending,2024-05-22
37585,Product_7585_3,books,14.888675345983126,356.61214963689184,inactive,2024-01-06
37586,Product_7586_3,electronics,156.64113048995955,459.7242746697812,archived,2024-11-15
37587,Product_7587_3,clothing,524.3127981139496,59.89310401928301,pending,2024-05-07
37588,Product_7588_3,books,463.8363033234041,308.88106749920166,pending,2024-05-19
37589,Product_7589_3,electronics,692.3292301764237,442.7903970268635,archived,2024-08-22
37590,Product_7590_3,sports,445.51608736622313,241.3405659900447,active,2024-05-13
37591,Product_7591_3,home,524.4476026650768,173.64207600060962,archived,2024-12-22
37592,Product_7592_3,clothing,193.29243934769022,281.09211377403244,active,2024-03-27
37593,Product_7593_3,home,288.46022578204696,211.34546133471198,pending,2024-12-07
37594,Product_7594_3,electronics,301.08366233940797,373.2097845804649,inactive,2024-01-05
37595,Product_7595_3,clothing,175.41166094423704,304.59623695782705,pending,2024-12-14
37596,Product_7596_3,electronics,653.2731181658123,268.7627630202505,pending,2024-11-21
37597,Product_7597_3,clothing,443.3427103753292,439.20798383612566,active,2024-02-20
37598,Product_7598_3,sports,845.8103255145262,233.85835933113512,active,2024-08-24
37599,Product_7599_3,sports,15.993873876726822,176.2475681487368,active,2024-08-09
37600,Product_7600_3,electronics,444.60487889808263,56.05046742040317,pending,2024-05-02
37601,Product_7601_3,home,719.097886634644,96.95529186521846,active,2024-02-07
37602,Product_7602_3,clothing,551.3370752998399,152.9171831140691,active,2024-05-13
37603,Product_7603_3,electronics,1.1695684144984377,75.13100026927209,active,2024-04-12
37604,Product_7604_3,sports,65.85033907298661,460.3227261275033,active,2024-11-28
37605,Product_7605_3,electronics,687.3238321985979,403.95969103218886,archived,2024-12-03
37606,Product_7606_3,home,771.1564555220288,460.860241669921,pending,2024-04-18
37607,Product_7607_3,sports,603.435663903939,375.60238893044885,archived,2024-07-27
37608,Product_7608_3,home,355.58058653821615,455.8911184027635,active,2024-02-17
37609,Product_7609_3,sports,103.47689981268633,399.78931796153006,active,2024-11-22
37610,Product_7610_3,books,349.06698234823784,133.10979046255852,archived,2024-02-11
37611,Product_7611_3,books,371.3192018476441,111.5939100804918,inactive,2024-11-06
37612,Product_7612_3,clothing,680.4392722784934,263.95027938159126,active,2024-11-23
37613,Product_7613_3,books,510.4376162357389,26.30577092496833,pending,2024-10-05
37614,Product_7614_3,books,556.276261717594,255.7120934537059,pending,2024-01-13
37615,Product_7615_3,home,666.4808448071257,303.56340525876567,inactive,2024-01-12
37616,Product_7616_3,electronics,406.335795443225,262.0283538635696,pending,2024-08-06
37617,Product_7617_3,clothing,800.2771257464549,333.19467353480803,inactive,2024-06-09
37618,Product_7618_3,sports,589.7767685633079,444.44734533550167,active,2024-04-25
37619,Product_7619_3,books,734.0857507974047,57.64309580197395,archived,2024-04-07
37620,Product_7620_3,clothing,672.7028752420526,360.76429568255736,active,2024-09-16
37621,Product_7621_3,clothing,64.25848344103788,174.0667578432535,archived,2024-03-20
37622,Product_7622_3,books,759.7421911908439,377.419004525122,archived,2024-10-16
37623,Product_7623_3,electronics,444.89298097047066,320.8181846966331,archived,2024-05-22
37624,Product_7624_3,electronics,435.62660252255245,492.43036072031026,archived,2024-04-04
37625,Product_7625_3,electronics,653.5116759233528,32.583871304421955,archived,2024-01-28
37626,Product_7626_3,clothing,517.1838092722783,278.03814640982546,archived,2024-07-11
37627,Product_7627_3,sports,987.3157620630441,237.58670025444962,inactive,2024-07-23
37628,Product_7628_3,books,698.1342819319069,478.2196830367414,active,2024-10-03
37629,Product_7629_3,electronics,638.1691017716685,171.19861595811315,active,2024-04-28
37630,Product_7630_3,home,124.05834979623681,189.43956828821766,pending,2024-12-08
37631,Product_7631_3,clothing,880.9071992816479,409.42108808379663,pending,2024-07-28
37632,Product_7632_3,clothing,889.359260650091,259.6546243649254,archived,2024-05-09
37633,Product_7633_3,electronics,786.9313976685085,377.9311073287175,archived,2024-07-28
37634,Product_7634_3,home,778.6994310858756,425.0850010627654,archived,2024-10-11
37635,Product_7635_3,electronics,127.33768895444655,43.75985826355944,inactive,2024-06-18
37636,Product_7636_3,sports,279.6077663446085,337.6675485014868,archived,2024-05-19
37637,Product_7637_3,home,358.2572737822477,444.3137912536006,inactive,2024-01-18
37638,Product_7638_3,sports,738.0843510918498,278.4776187015391,pending,2024-01-03
37639,Product_7639_3,books,897.1374775466815,387.3197721197168,pending,2024-08-03
37640,Product_7640_3,books,884.7788122611109,472.0135105666102,pending,2024-10-12
37641,Product_7641_3,home,884.1742641056087,235.37248875611684,pending,2024-07-05
37642,Product_7642_3,home,903.6334719459195,161.90706550621186,pending,2024-12-07
37643,Product_7643_3,books,196.428042797649,217.82319022906043,active,2024-09-12
37644,Product_7644_3,clothing,191.5969031668008,388.72043891873636,active,2024-10-26
37645,Product_7645_3,electronics,357.3804981997476,484.5349195485302,pending,2024-04-24
37646,Product_7646_3,books,234.27098292410622,134.97247387793703,inactive,2024-08-14
37647,Product_7647_3,electronics,954.4365781578575,36.46927254661882,inactive,2024-01-17
37648,Product_7648_3,electronics,409.66311197839576,69.23899318504263,archived,2024-02-03
37649,Product_7649_3,home,777.247302275446,123.05059009259577,inactive,2024-02-28
37650,Product_7650_3,sports,693.805491046231,119.52582416614369,inactive,2024-09-20
37651,Product_7651_3,sports,569.9659777117947,448.8822399165905,inactive,2024-05-20
37652,Product_7652_3,electronics,20.48784850872992,209.63140915761232,archived,2024-04-06
37653,Product_7653_3,electronics,564.4851629162976,459.74615664354695,active,2024-07-09
37654,Product_7654_3,sports,123.78869091327701,32.8638174763786,pending,2024-01-24
37655,Product_7655_3,electronics,80.9790121705327,47.37619986187651,archived,2024-11-24
37656,Product_7656_3,books,81.99211056417057,488.48347847158016,pending,2024-04-09
37657,Product_7657_3,home,833.9750737603413,71.43976354039668,pending,2024-03-26
37658,Product_7658_3,home,82.28974778193631,66.62717432792203,archived,2024-06-28
37659,Product_7659_3,home,467.4123479863517,248.27577106337324,active,2024-07-22
37660,Product_7660_3,books,564.0016160603003,168.07226891452467,inactive,2024-09-14
37661,Product_7661_3,home,63.232955192850575,466.7732020081287,archived,2024-03-23
37662,Product_7662_3,clothing,714.0286036747254,347.6657409156313,active,2024-06-05
37663,Product_7663_3,sports,331.6950346855791,369.75101337167666,pending,2024-12-05
37664,Product_7664_3,sports,783.6102640177521,478.8496014835082,pending,2024-10-04
37665,Product_7665_3,clothing,560.5260741000465,163.97584714855438,pending,2024-09-28
37666,Product_7666_3,sports,975.5927561219514,138.09273948770732,archived,2024-11-25
37667,Product_7667_3,books,478.0083675116617,164.72246673102464,inactive,2024-11-14
37668,Product_7668_3,books,934.5493700533036,390.297326200642,inactive,2024-03-21
37669,Product_7669_3,home,217.35591072982896,139.83657678317195,inactive,2024-09-15
37670,Product_7670_3,electronics,693.7588430527011,355.5287276201137,inactive,2024-05-16
37671,Product_7671_3,electronics,760.5102212685567,433.3066561398755,pending,2024-11-16
37672,Product_7672_3,clothing,883.8628162258881,12.287255243007927,archived,2024-01-24
37673,Product_7673_3,books,156.1452500935141,13.249861850206988,active,2024-04-12
37674,Product_7674_3,clothing,699.9371341226292,305.4118671076669,inactive,2024-02-26
37675,Product_7675_3,books,57.84118728191974,274.4292457770631,pending,2024-10-02
37676,Product_7676_3,clothing,565.7631143676786,408.5703578222392,inactive,2024-07-20
37677,Product_7677_3,sports,576.9528642856073,85.02571174295275,active,2024-11-12
37678,Product_7678_3,electronics,542.0826586446929,349.0953608276977,active,2024-05-18
37679,Product_7679_3,electronics,473.0623422814795,361.1969087867164,inactive,2024-11-02
37680,Product_7680_3,books,70.6015825408396,122.95520641448924,pending,2024-01-08
37681,Product_7681_3,clothing,927.9929426569075,203.0703126124494,archived,2024-07-12
37682,Product_7682_3,home,994.6031836027558,170.22172164256685,active,2024-08-27
37683,Product_7683_3,electronics,163.561776675812,322.696203991151,archived,2024-08-13
37684,Product_7684_3,home,558.18316289918,338.1415540017243,pending,2024-08-01
37685,Product_7685_3,electronics,100.68767398444668,394.391333383769,archived,2024-06-17
37686,Product_7686_3,sports,284.74763444751943,22.56062874869407,active,2024-04-08
37687,Product_7687_3,electronics,147.0036796737792,118.81983963470677,active,2024-04-27
37688,Product_7688_3,home,12.899111159133032,301.0735157671754,inactive,2024-12-10
37689,Product_7689_3,home,403.418558579973,499.77909735701326,archived,2024-10-12
37690,Product_7690_3,sports,161.3033848853241,479.29761432994326,inactive,2024-05-24
37691,Product_7691_3,books,173.6747935189991,373.8060968856077,pending,2024-06-26
37692,Product_7692_3,home,553.2911331900218,107.8552438977708,inactive,2024-04-11
37693,Product_7693_3,home,5.095726049637095,475.05047174132005,archived,2024-03-02
37694,Product_7694_3,clothing,406.6014246794657,476.7483937487069,inactive,2024-08-07
37695,Product_7695_3,books,209.09257088916723,472.2878569922827,inactive,2024-02-17
37696,Product_7696_3,home,663.9192855831351,399.3839454729284,active,2024-12-27
37697,Product_7697_3,home,233.1380711957407,331.41372444416277,inactive,2024-12-22
37698,Product_7698_3,sports,927.3067658093552,373.0572098330979,active,2024-01-09
37699,Product_7699_3,electronics,96.74886013897387,171.1057441273433,active,2024-03-27
37700,Product_7700_3,electronics,756.2255681839619,257.6112540069983,pending,2024-08-27
37701,Product_7701_3,electronics,86.51815379010993,375.98398412180563,archived,2024-10-28
37702,Product_7702_3,sports,438.69296787110454,226.82406256714827,archived,2024-11-20
37703,Product_7703_3,books,913.8113045567277,299.63720071414735,active,2024-06-06
37704,Product_7704_3,sports,478.6837217918376,451.63189296979454,archived,2024-04-10
37705,Product_7705_3,sports,766.1353163071835,294.3363015417687,pending,2024-11-19
37706,Product_7706_3,clothing,750.8420447284504,440.5754370770195,active,2024-04-04
37707,Product_7707_3,electronics,224.36335614675377,319.57647709605504,archived,2024-01-14
37708,Product_7708_3,electronics,163.7437542319638,241.30712010607706,archived,2024-07-10
37709,Product_7709_3,books,531.101912860529,486.892020368325,pending,2024-07-23
37710,Product_7710_3,clothing,116.86593083216319,126.09110502382772,inactive,2024-11-09
37711,Product_7711_3,books,953.1955503673917,67.44734949486198,pending,2024-06-04
37712,Product_7712_3,books,830.2170093750291,369.32205080194416,archived,2024-03-25
37713,Product_7713_3,home,237.50891893743025,106.18068754477704,inactive,2024-12-23
37714,Product_7714_3,home,114.79221367197603,218.67885284532045,active,2024-02-10
37715,Product_7715_3,books,239.04229560057505,206.36852031086585,archived,2024-05-01
37716,Product_7716_3,home,382.90074471817314,301.79962807660417,inactive,2024-04-22
37717,Product_7717_3,sports,537.768833752584,442.7165792968102,active,2024-06-03
37718,Product_7718_3,books,191.80521521223432,245.18472600918764,active,2024-01-27
37719,Product_7719_3,books,681.9804626135486,459.4759829099871,archived,2024-08-24
37720,Product_7720_3,clothing,820.7219738827825,263.7780765122934,inactive,2024-06-03
37721,Product_7721_3,home,823.2097591485312,160.74354550875918,active,2024-04-12
37722,Product_7722_3,home,615.9705819171138,214.82411253830583,inactive,2024-05-10
37723,Product_7723_3,electronics,552.9371564141163,313.7948661688139,archived,2024-06-01
37724,Product_7724_3,electronics,284.54987783610346,310.83028479076125,pending,2024-01-25
37725,Product_7725_3,electronics,580.6869514388687,64.59516856005175,pending,2024-01-16
37726,Product_7726_3,home,691.577352498974,200.80234244826295,active,2024-06-03
37727,Product_7727_3,books,144.2020347615007,242.2922119769959,archived,2024-06-15
37728,Product_7728_3,clothing,187.0192895134047,236.59330748722945,pending,2024-04-02
37729,Product_7729_3,electronics,51.87035444367669,34.69814165523794,pending,2024-03-17
37730,Product_7730_3,sports,472.3181837510731,289.35761295883475,inactive,2024-04-27
37731,Product_7731_3,clothing,443.6027233986587,332.55993413502347,archived,2024-11-10
37732,Product_7732_3,home,424.9778052857526,237.49441549344056,inactive,2024-12-16
37733,Product_7733_3,sports,588.532422144432,406.87438888219816,active,2024-05-26
37734,Product_7734_3,home,39.69062618537281,401.5865631837348,inactive,2024-06-22
37735,Product_7735_3,electronics,99.86640496679014,387.38855966843846,archived,2024-11-21
37736,Product_7736_3,home,718.7567347599497,107.13425989884166,active,2024-07-02
37737,Product_7737_3,home,47.682633320860006,237.33824826058557,inactive,2024-03-27
37738,Product_7738_3,home,256.30867907295624,359.2602125993568,inactive,2024-02-08
37739,Product_7739_3,home,356.7474818898994,407.5639571270659,pending,2024-11-27
37740,Product_7740_3,sports,693.958235371524,132.53072522189524,inactive,2024-01-18
37741,Product_7741_3,home,226.69680175392403,472.6390880963877,pending,2024-06-19
37742,Product_7742_3,electronics,876.8731220268327,141.25463034599855,pending,2024-02-19
37743,Product_7743_3,electronics,105.52730043065026,33.241087309645266,pending,2024-08-13
37744,Product_7744_3,home,53.013036881950946,429.6797430351443,pending,2024-02-03
37745,Product_7745_3,electronics,566.1264189068758,197.96849460064576,archived,2024-07-01
37746,Product_7746_3,books,924.1256376212555,300.94211390550356,pending,2024-02-03
37747,Product_7747_3,sports,781.1186201131592,13.243537623839126,active,2024-05-09
37748,Product_7748_3,sports,509.43007049729823,53.49415928244451,archived,2024-05-11
37749,Product_7749_3,sports,280.47719211397424,472.79722012018385,active,2024-10-03
37750,Product_7750_3,books,457.975825592117,90.76771424212906,archived,2024-11-05
37751,Product_7751_3,books,730.9057062583968,217.96175546637159,inactive,2024-09-17
37752,Product_7752_3,books,482.7425421512416,248.4547119111759,archived,2024-03-04
37753,Product_7753_3,home,667.592266582767,493.12971999773964,inactive,2024-04-13
37754,Product_7754_3,home,955.7842201711799,194.14713961928098,inactive,2024-02-23
37755,Product_7755_3,sports,234.19039268416046,29.526930431872074,pending,2024-06-03
37756,Product_7756_3,home,354.22876173927375,126.0851481415333,pending,2024-03-03
37757,Product_7757_3,sports,55.54329875552988,293.2933942905093,inactive,2024-09-18
37758,Product_7758_3,clothing,36.57636760880263,65.31931422872718,inactive,2024-07-17
37759,Product_7759_3,sports,849.5385558289302,272.37432527008644,inactive,2024-12-17
37760,Product_7760_3,clothing,813.3409614519925,431.6990447664953,pending,2024-06-10
37761,Product_7761_3,sports,722.3221355315811,71.9441548023743,inactive,2024-05-24
37762,Product_7762_3,sports,715.3009278634814,428.87245964306686,active,2024-08-04
37763,Product_7763_3,books,839.3176829296549,108.7184510955397,archived,2024-07-18
37764,Product_7764_3,electronics,152.4937324499623,415.94865443489664,active,2024-12-02
37765,Product_7765_3,home,948.4004097833288,461.8338389038231,archived,2024-07-26
37766,Product_7766_3,home,577.4650227514612,138.47420761609348,active,2024-01-17
37767,Product_7767_3,electronics,73.35544087073445,208.00235317875007,pending,2024-07-28
37768,Product_7768_3,home,357.3404405983484,240.96762599863732,archived,2024-09-02
37769,Product_7769_3,clothing,159.31873533721168,147.70096888987032,active,2024-07-10
37770,Product_7770_3,electronics,218.3555640435472,136.8317728854944,pending,2024-12-16
37771,Product_7771_3,sports,873.1803839539328,95.11780483626987,active,2024-03-15
37772,Product_7772_3,sports,627.0118003832924,94.16996678690765,inactive,2024-05-15
37773,Product_7773_3,books,130.87596611382335,28.627392955243025,active,2024-01-14
37774,Product_7774_3,sports,589.1768983629422,430.8625370639469,pending,2024-07-23
37775,Product_7775_3,sports,208.04120617349534,315.4561067746688,archived,2024-01-13
37776,Product_7776_3,electronics,243.2344876890783,80.08269954510345,inactive,2024-12-15
37777,Product_7777_3,electronics,341.5628263384471,102.18061525125991,inactive,2024-08-04
37778,Product_7778_3,electronics,259.5221781927091,80.69428924698536,archived,2024-01-20
37779,Product_7779_3,clothing,562.986532160623,342.4496586610718,pending,2024-08-01
37780,Product_7780_3,books,96.05428227698924,172.15649077258936,pending,2024-06-26
37781,Product_7781_3,home,254.69966363785167,98.3564674330436,pending,2024-01-10
37782,Product_7782_3,electronics,872.8369078168812,10.947040895787012,pending,2024-02-09
37783,Product_7783_3,electronics,991.9908139400976,81.73407698638506,pending,2024-05-03
37784,Product_7784_3,clothing,992.5430128662383,145.327855744599,inactive,2024-10-10
37785,Product_7785_3,home,284.8900175989704,292.15521271848183,inactive,2024-09-12
37786,Product_7786_3,clothing,683.5185031390904,300.5797369915638,inactive,2024-03-21
37787,Product_7787_3,sports,484.98623786377726,165.02154230110898,pending,2024-08-12
37788,Product_7788_3,books,845.1268613301137,350.84300017748274,active,2024-02-15
37789,Product_7789_3,sports,217.73451734587894,137.34943096169727,active,2024-09-10
37790,Product_7790_3,sports,477.2120512924273,420.354212520031,active,2024-05-23
37791,Product_7791_3,home,984.4511867773612,93.8763967303918,active,2024-01-06
37792,Product_7792_3,clothing,579.6994057612528,240.51305146704985,pending,2024-02-07
37793,Product_7793_3,clothing,398.5446294243333,190.64051844968864,archived,2024-06-05
37794,Product_7794_3,sports,868.0298365954817,395.89467007497586,archived,2024-10-11
37795,Product_7795_3,clothing,869.5925703224696,382.6213155333154,inactive,2024-08-13
37796,Product_7796_3,clothing,2.457068903206487,86.93593862709143,active,2024-07-19
37797,Product_7797_3,home,241.75497853067455,110.02325861646098,pending,2024-02-06
37798,Product_7798_3,books,612.0472435936878,390.99131464854025,active,2024-04-06
37799,Product_7799_3,home,197.8985744935577,477.17499433432874,inactive,2024-05-16
37800,Product_7800_3,home,774.493304493819,82.77140359774828,pending,2024-09-10
37801,Product_7801_3,sports,204.69041165243115,182.00955057443832,pending,2024-10-18
37802,Product_7802_3,electronics,599.3552001273729,72.6659876997296,pending,2024-12-23
37803,Product_7803_3,sports,719.3114622630451,478.84152166474183,inactive,2024-04-09
37804,Product_7804_3,books,512.9323938924524,138.9088439472705,pending,2024-05-23
37805,Product_7805_3,electronics,884.6729846261373,84.157241237447,archived,2024-08-23
37806,Product_7806_3,sports,169.89293025383645,225.8325389118757,active,2024-07-03
37807,Product_7807_3,clothing,607.7053575650107,463.55352533647084,archived,2024-01-17
37808,Product_7808_3,books,843.2331901664647,125.31225293523956,active,2024-06-17
37809,Product_7809_3,home,985.4996207673113,431.33833449718924,pending,2024-05-08
37810,Product_7810_3,clothing,720.131746211523,220.12446610807166,inactive,2024-04-10
37811,Product_7811_3,clothing,588.7464282160812,262.8672854452301,pending,2024-11-22
37812,Product_7812_3,clothing,658.6995962101946,81.25790604256262,active,2024-06-11
37813,Product_7813_3,home,408.9403317447282,135.604721275969,inactive,2024-03-06
37814,Product_7814_3,home,878.7723671762728,61.98562343343686,pending,2024-02-24
37815,Product_7815_3,sports,554.1329003414579,64.53996472076807,inactive,2024-04-01
37816,Product_7816_3,electronics,666.6872900649206,396.40232080600924,inactive,2024-10-13
37817,Product_7817_3,books,410.78922689173214,292.481226618374,inactive,2024-06-12
37818,Product_7818_3,sports,829.1415869096497,105.87782769618309,inactive,2024-03-02
37819,Product_7819_3,home,717.0246178853198,65.69423737748085,active,2024-01-02
37820,Product_7820_3,clothing,398.6842929742838,46.20539621193917,archived,2024-10-21
37821,Product_7821_3,sports,104.6671667533345,24.35131132002425,archived,2024-07-16
37822,Product_7822_3,sports,263.7386676301709,40.96586908380016,inactive,2024-12-27
37823,Product_7823_3,books,664.2932175862035,179.82243099147388,inactive,2024-03-22
37824,Product_7824_3,sports,118.86884867082804,298.5916518667392,inactive,2024-09-05
37825,Product_7825_3,books,840.8357359637429,250.20051046284436,pending,2024-02-18
37826,Product_7826_3,home,450.42858878658535,163.30642361847288,active,2024-11-11
37827,Product_7827_3,home,378.61082053092963,403.09674493708917,inactive,2024-07-10
37828,Product_7828_3,electronics,79.10232162229742,432.3250572535205,archived,2024-06-04
37829,Product_7829_3,home,26.824428580728096,346.2508152891118,active,2024-08-05
37830,Product_7830_3,sports,532.0198769719022,334.40198342305985,inactive,2024-02-01
37831,Product_7831_3,electronics,707.9749271752685,110.45476972525968,pending,2024-06-03
37832,Product_7832_3,books,637.0730934496025,327.3693329219018,active,2024-12-22
37833,Product_7833_3,electronics,144.4260908441528,457.6945137776892,archived,2024-05-09
37834,Product_7834_3,home,904.10823384518,477.56893799615204,inactive,2024-07-08
37835,Product_7835_3,clothing,680.6838265159524,205.0106391135896,pending,2024-11-10
37836,Product_7836_3,home,102.77257115552878,292.09530286334467,archived,2024-07-08
37837,Product_7837_3,sports,561.1180093464887,258.815878813137,active,2024-01-28
37838,Product_7838_3,electronics,923.6807562914931,499.7493909831523,inactive,2024-12-13
37839,Product_7839_3,sports,206.68128364831497,388.0671217805937,active,2024-03-02
37840,Product_7840_3,books,740.7809787691056,422.36368334822004,pending,2024-06-14
37841,Product_7841_3,home,136.04953334161945,260.5842653106066,pending,2024-07-03
37842,Product_7842_3,home,29.225941672966538,389.7220588404076,archived,2024-10-23
37843,Product_7843_3,clothing,451.19573602611086,117.36819491937295,inactive,2024-05-01
37844,Product_7844_3,electronics,179.00260059700628,261.45032018025563,inactive,2024-11-06
37845,Product_7845_3,home,632.8316230718453,340.1123006444174,inactive,2024-07-22
37846,Product_7846_3,sports,309.6302587479323,440.44510918588344,pending,2024-01-19
37847,Product_7847_3,clothing,991.9797456289997,423.54506111649533,active,2024-02-25
37848,Product_7848_3,home,894.2809546323475,335.3134527930818,pending,2024-09-11
37849,Product_7849_3,home,815.1261967659321,224.27573936957106,active,2024-09-15
37850,Product_7850_3,electronics,812.9895883667471,142.1895857549141,active,2024-07-10
37851,Product_7851_3,home,789.2437373556448,334.54184737795737,active,2024-03-22
37852,Product_7852_3,electronics,809.7143762322487,15.657759013309612,inactive,2024-04-04
37853,Product_7853_3,sports,75.1094941580085,10.539544419064343,pending,2024-02-17
37854,Product_7854_3,clothing,807.9116621403149,482.7912094549177,archived,2024-07-05
37855,Product_7855_3,clothing,939.4111464554337,261.79118401069803,pending,2024-07-19
37856,Product_7856_3,books,362.8824894003709,199.1188403333112,active,2024-09-08
37857,Product_7857_3,home,607.6323869177033,262.1671843046521,active,2024-12-28
37858,Product_7858_3,home,710.8947409916973,474.6142633052096,active,2024-05-05
37859,Product_7859_3,books,604.175122392553,348.575161449257,inactive,2024-09-08
37860,Product_7860_3,home,169.734573497704,31.65590207191269,archived,2024-12-11
37861,Product_7861_3,electronics,42.34218952267302,74.08898553105004,inactive,2024-05-01
37862,Product_7862_3,sports,683.7459178225918,128.01644497557334,archived,2024-03-22
37863,Product_7863_3,home,727.7009399208573,62.832144437974506,active,2024-09-19
37864,Product_7864_3,home,44.83505500909928,349.32564798381026,archived,2024-12-10
37865,Product_7865_3,electronics,970.1748101241407,146.24136673835105,archived,2024-07-08
37866,Product_7866_3,sports,546.9243160116356,304.51310278719745,inactive,2024-01-17
37867,Product_7867_3,clothing,454.1788419174608,70.64129109850694,archived,2024-07-18
37868,Product_7868_3,clothing,94.29880062748423,381.95668063585566,archived,2024-04-23
37869,Product_7869_3,sports,859.3399946883228,270.95026185072726,inactive,2024-08-10
37870,Product_7870_3,clothing,682.3887583906005,237.5159445745445,active,2024-06-08
37871,Product_7871_3,books,725.4063296608978,62.50182720616961,pending,2024-03-21
37872,Product_7872_3,books,620.428285148721,204.16099867189138,pending,2024-04-14
37873,Product_7873_3,electronics,479.52806697512966,323.9879422153852,pending,2024-12-06
37874,Product_7874_3,clothing,216.89610828827975,153.7832936064635,pending,2024-04-13
37875,Product_7875_3,home,447.14163261185024,342.4132037026986,active,2024-05-02
37876,Product_7876_3,home,148.06211834718385,273.9443867321311,archived,2024-10-08
37877,Product_7877_3,sports,350.22306423165804,168.85473117264516,active,2024-07-09
37878,Product_7878_3,books,647.3984195190659,373.64984814684027,pending,2024-03-10
37879,Product_7879_3,home,927.6753557612217,115.55584977357255,active,2024-08-15
37880,Product_7880_3,sports,293.4263482791471,327.12739555091616,active,2024-01-12
37881,Product_7881_3,electronics,802.0526094331987,187.50214682356608,pending,2024-03-10
37882,Product_7882_3,electronics,981.2591109294468,93.31651137038176,pending,2024-08-06
37883,Product_7883_3,books,821.4628804695362,473.5075343057361,inactive,2024-05-07
37884,Product_7884_3,clothing,889.6496965221789,244.85497322091842,inactive,2024-08-23
37885,Product_7885_3,books,870.1553929712674,66.69722376144946,inactive,2024-06-02
37886,Product_7886_3,electronics,174.0940381133958,449.57586151449334,active,2024-08-12
37887,Product_7887_3,home,503.32121353715354,301.3086016533874,active,2024-10-11
37888,Product_7888_3,home,457.10236198727955,422.49044791085277,inactive,2024-02-25
37889,Product_7889_3,home,942.9094151332811,29.93347817527083,pending,2024-02-14
37890,Product_7890_3,sports,766.7879845799197,494.6627948476473,archived,2024-03-01
37891,Product_7891_3,electronics,645.6792710282579,184.44486428823174,archived,2024-06-01
37892,Product_7892_3,clothing,257.0485862168174,190.88935832566443,inactive,2024-10-25
37893,Product_7893_3,books,175.93619379007575,419.5054165306668,archived,2024-10-27
37894,Product_7894_3,electronics,210.16469062700548,32.72922622572523,archived,2024-05-23
37895,Product_7895_3,home,138.62143621172066,182.65315705480708,active,2024-01-07
37896,Product_7896_3,clothing,473.5182605188042,153.709487384169,archived,2024-04-24
37897,Product_7897_3,books,515.8357835202075,264.06697222626747,pending,2024-07-13
37898,Product_7898_3,clothing,908.9310314471091,263.23500569321794,pending,2024-10-15
37899,Product_7899_3,books,390.48711146253277,66.00943242865169,archived,2024-03-26
37900,Product_7900_3,clothing,764.4643300775667,86.14837300704116,pending,2024-03-05
37901,Product_7901_3,electronics,391.5680073219189,411.44050977908483,archived,2024-04-16
37902,Product_7902_3,books,361.58241451237,460.18479294970973,inactive,2024-12-17
37903,Product_7903_3,electronics,944.388022470773,434.24955480005417,archived,2024-05-17
37904,Product_7904_3,electronics,335.88487644258055,159.3361346839262,inactive,2024-06-08
37905,Product_7905_3,books,606.4155860242929,399.4608677775186,inactive,2024-01-20
37906,Product_7906_3,clothing,408.2234128456494,198.62801936250702,active,2024-09-12
37907,Product_7907_3,sports,56.719301608870815,62.5829982178132,archived,2024-11-08
37908,Product_7908_3,books,588.7265476269995,291.86218195367246,active,2024-12-21
37909,Product_7909_3,home,379.05440199993,111.02883877335701,archived,2024-09-11
37910,Product_7910_3,clothing,964.2820077623226,428.1380183106215,active,2024-08-19
37911,Product_7911_3,sports,791.201473430751,51.12468114548971,archived,2024-11-16
37912,Product_7912_3,books,289.51004957118096,10.711366849553169,inactive,2024-09-05
37913,Product_7913_3,home,390.48196484459606,247.78674485290907,active,2024-05-02
37914,Product_7914_3,books,80.56960605139483,316.233062431618,pending,2024-09-23
37915,Product_7915_3,books,643.8716603889067,40.01071375712705,pending,2024-12-23
37916,Product_7916_3,electronics,16.26483903073692,309.215630907962,inactive,2024-12-10
37917,Product_7917_3,books,527.3772017460481,336.50237177838767,inactive,2024-07-25
37918,Product_7918_3,electronics,67.89396626849788,263.60485372826804,active,2024-05-23
37919,Product_7919_3,home,541.8690603290704,138.86063412458753,archived,2024-07-04
37920,Product_7920_3,sports,977.0200667471684,111.1582438552155,active,2024-02-17
37921,Product_7921_3,sports,497.34261770526297,372.94299242865486,inactive,2024-05-21
37922,Product_7922_3,sports,608.7800023477985,496.1332493495257,active,2024-11-22
37923,Product_7923_3,clothing,78.22089811590148,165.37211210415984,active,2024-08-14
37924,Product_7924_3,books,33.146026251739265,397.8925215002506,active,2024-03-19
37925,Product_7925_3,books,911.8180208486044,372.62314386730526,archived,2024-02-05
37926,Product_7926_3,electronics,733.1346986288852,383.97685741718647,archived,2024-09-12
37927,Product_7927_3,electronics,301.76829728212005,313.7917397207001,active,2024-11-06
37928,Product_7928_3,home,879.7197019376715,145.07200153241396,archived,2024-03-16
37929,Product_7929_3,sports,165.27045546066498,460.55314214852245,inactive,2024-04-20
37930,Product_7930_3,sports,478.3814158120025,93.62036859673074,pending,2024-06-15
37931,Product_7931_3,home,531.8150624145294,90.00173383807326,inactive,2024-01-21
37932,Product_7932_3,sports,79.0954637478829,267.3518660307975,pending,2024-10-02
37933,Product_7933_3,home,762.6112179425891,323.97190195020363,archived,2024-02-02
37934,Product_7934_3,electronics,852.1672703850638,479.7027829960129,archived,2024-09-09
37935,Product_7935_3,electronics,904.3742783673678,133.08066866907097,pending,2024-10-25
37936,Product_7936_3,home,995.6683917864494,309.58407747838,inactive,2024-07-18
37937,Product_7937_3,clothing,761.7567769581136,475.32142094326593,active,2024-04-05
37938,Product_7938_3,sports,119.13338405566131,466.769013482046,archived,2024-12-07
37939,Product_7939_3,electronics,723.8366497648698,77.34512730261821,archived,2024-12-23
37940,Product_7940_3,clothing,739.0777057109518,401.5126612275495,pending,2024-12-15
37941,Product_7941_3,electronics,399.18964481510426,448.34516149792626,pending,2024-12-03
37942,Product_7942_3,books,183.95372014653202,122.35048297614006,active,2024-11-15
37943,Product_7943_3,books,183.72516155410037,125.47506408944379,active,2024-11-02
37944,Product_7944_3,books,459.50480436820897,377.3700133159945,archived,2024-03-21
37945,Product_7945_3,sports,551.4344492082743,245.6839973546075,pending,2024-06-07
37946,Product_7946_3,home,644.5016074719566,247.91322533641463,inactive,2024-01-20
37947,Product_7947_3,sports,592.6723165799128,276.6038585983992,active,2024-07-04
37948,Product_7948_3,books,471.48691501278904,109.36762060831366,pending,2024-12-06
37949,Product_7949_3,sports,768.0857870810936,269.19173252985314,inactive,2024-11-04
37950,Product_7950_3,books,780.3410991547228,44.39615046998909,inactive,2024-08-04
37951,Product_7951_3,clothing,272.7474173016632,411.62291379422027,pending,2024-09-24
37952,Product_7952_3,sports,240.79218316465125,20.428239000893033,inactive,2024-12-07
37953,Product_7953_3,books,605.5711060647532,205.89589893980758,pending,2024-05-16
37954,Product_7954_3,sports,704.0177709011049,346.0294934989714,active,2024-09-24
37955,Product_7955_3,sports,279.7951816377975,428.7967297365686,inactive,2024-04-21
37956,Product_7956_3,home,363.8908911762719,31.250412213119144,pending,2024-05-12
37957,Product_7957_3,home,530.9505138538634,134.7371542440474,pending,2024-11-22
37958,Product_7958_3,sports,533.9651191769804,362.9934278243505,active,2024-07-12
37959,Product_7959_3,books,76.64613101233896,287.7880462019418,archived,2024-03-27
37960,Product_7960_3,home,678.7008515350711,100.57613130826496,active,2024-08-06
37961,Product_7961_3,electronics,208.29384253847715,152.14713781435066,pending,2024-08-04
37962,Product_7962_3,home,31.799965080797136,125.81400197538855,inactive,2024-01-24
37963,Product_7963_3,sports,764.5454009004918,317.9822524941052,active,2024-11-02
37964,Product_7964_3,sports,192.94153534730424,213.68364325510655,archived,2024-04-05
37965,Product_7965_3,electronics,689.3914186094079,397.280080693512,active,2024-04-21
37966,Product_7966_3,clothing,487.52393724860644,426.7400395134195,pending,2024-05-24
37967,Product_7967_3,books,768.4422557064515,433.62466292364064,archived,2024-09-02
37968,Product_7968_3,clothing,891.2800696418011,442.02519038540504,pending,2024-02-22
37969,Product_7969_3,books,336.55576659141525,483.13972444212874,inactive,2024-03-08
37970,Product_7970_3,sports,392.625712958021,368.64445021189414,active,2024-02-04
37971,Product_7971_3,electronics,777.7918138589143,42.82979267009382,pending,2024-08-24
37972,Product_7972_3,sports,352.1314708113229,336.6599917783835,archived,2024-04-13
37973,Product_7973_3,home,438.21750894894757,397.1949572572134,inactive,2024-07-21
37974,Product_7974_3,home,251.7947451043681,381.547603972344,inactive,2024-08-06
37975,Product_7975_3,sports,559.6826955829936,110.09579514403822,inactive,2024-03-05
37976,Product_7976_3,home,765.5224978922523,471.9487782360789,active,2024-11-22
37977,Product_7977_3,books,50.195880990261166,374.74571022978154,pending,2024-11-26
37978,Product_7978_3,sports,534.4537299787313,100.30693808015876,archived,2024-07-09
37979,Product_7979_3,home,239.13726157777833,149.53937623293524,pending,2024-04-16
37980,Product_7980_3,home,299.60263732751343,397.3383035083198,inactive,2024-11-07
37981,Product_7981_3,sports,348.8977766130609,39.760000828233956,inactive,2024-12-26
37982,Product_7982_3,home,462.2444201595216,432.03421868558144,archived,2024-08-21
37983,Product_7983_3,books,159.99964204007102,285.6980852537896,pending,2024-10-02
37984,Product_7984_3,books,534.1226214379789,183.11914552272427,inactive,2024-12-06
37985,Product_7985_3,books,576.4187629002704,328.12807413103985,inactive,2024-08-08
37986,Product_7986_3,books,729.1474641448115,67.91492527022453,archived,2024-05-26
37987,Product_7987_3,home,636.606962619438,447.8651241006328,active,2024-04-10
37988,Product_7988_3,home,538.201834339282,91.37822920018323,active,2024-09-15
37989,Product_7989_3,sports,958.9417920080759,360.3428889254167,archived,2024-10-09
37990,Product_7990_3,sports,704.0712378609891,440.5887075296699,active,2024-05-23
37991,Product_7991_3,sports,975.7702585299099,123.22541426596679,active,2024-07-07
37992,Product_7992_3,clothing,487.67639899317595,376.23373818403854,pending,2024-06-14
37993,Product_7993_3,home,612.5584066962753,379.587566928813,inactive,2024-01-13
37994,Product_7994_3,sports,614.8958888770277,99.52773070123061,active,2024-05-11
37995,Product_7995_3,books,225.9238924295583,324.3169270165795,active,2024-03-03
37996,Product_7996_3,home,381.13681826305344,456.49782760495015,active,2024-10-22
37997,Product_7997_3,books,207.74567723680084,236.4892541327941,archived,2024-09-18
37998,Product_7998_3,home,179.28996319584448,295.48643919147617,archived,2024-07-05
37999,Product_7999_3,books,840.4808591512424,143.0951742410548,inactive,2024-05-05
38000,Product_8000_3,sports,200.4063032246515,318.92614191871667,archived,2024-03-17
38001,Product_8001_3,sports,809.2233070758583,308.8618519959968,active,2024-11-22
38002,Product_8002_3,home,317.3703038903696,332.1920563153812,archived,2024-11-27
38003,Product_8003_3,sports,700.6478078176327,339.48732376403893,active,2024-07-13
38004,Product_8004_3,clothing,581.594122029366,215.04543892229327,active,2024-10-16
38005,Product_8005_3,clothing,221.4611158279101,381.6808179275614,pending,2024-12-08
38006,Product_8006_3,electronics,719.6215796556955,163.0884110148465,archived,2024-01-05
38007,Product_8007_3,sports,544.1715542362933,179.10727383210713,inactive,2024-01-28
38008,Product_8008_3,clothing,511.4045773246362,282.68195757129934,archived,2024-09-28
38009,Product_8009_3,electronics,941.4888557380435,450.5036560597284,archived,2024-09-15
38010,Product_8010_3,electronics,266.2869757501464,106.46288446290626,active,2024-07-22
38011,Product_8011_3,clothing,531.4532980730936,158.00674187012928,pending,2024-05-25
38012,Product_8012_3,sports,332.78374750620407,423.93754396123586,active,2024-10-19
38013,Product_8013_3,home,160.55640262656624,124.33440846144093,active,2024-05-12
38014,Product_8014_3,books,44.51228681368282,94.85081829829713,inactive,2024-08-17
38015,Product_8015_3,home,390.28950788929944,401.3668168976819,archived,2024-05-03
38016,Product_8016_3,books,647.691680396766,334.8160967693052,inactive,2024-08-24
38017,Product_8017_3,clothing,745.8582030416381,112.37339813492923,pending,2024-03-02
38018,Product_8018_3,clothing,847.8563601190821,277.00846397729214,inactive,2024-11-12
38019,Product_8019_3,clothing,833.537279137351,472.13797217798765,archived,2024-01-24
38020,Product_8020_3,electronics,899.1948419030174,183.51332916502048,inactive,2024-02-01
38021,Product_8021_3,electronics,14.003871641897167,198.7024132161649,inactive,2024-07-02
38022,Product_8022_3,electronics,348.2460944042073,248.13980281371897,pending,2024-03-27
38023,Product_8023_3,clothing,577.2696057349343,101.09613579232068,pending,2024-12-09
38024,Product_8024_3,electronics,169.25018594020102,208.1888010626017,archived,2024-03-20
38025,Product_8025_3,books,446.0453797161673,60.534584056697376,inactive,2024-02-04
38026,Product_8026_3,home,524.1383219349274,172.16215911292957,inactive,2024-11-06
38027,Product_8027_3,clothing,117.41936484365739,360.22017727946064,archived,2024-11-13
38028,Product_8028_3,home,379.4605397149863,350.36670150756163,pending,2024-10-25
38029,Product_8029_3,clothing,868.9085658976098,143.4057990567809,inactive,2024-10-21
38030,Product_8030_3,clothing,267.7476203069627,24.96153817066113,pending,2024-12-12
38031,Product_8031_3,electronics,429.7759373192292,408.90514774981403,archived,2024-03-07
38032,Product_8032_3,books,697.278044616595,166.67041282050448,inactive,2024-05-08
38033,Product_8033_3,electronics,277.7207939774297,33.223301939546474,archived,2024-08-20
38034,Product_8034_3,electronics,266.91809240521195,378.5887606718125,archived,2024-04-10
38035,Product_8035_3,home,985.5538534810763,197.89961445085936,inactive,2024-12-18
38036,Product_8036_3,sports,546.981815302777,25.631477681148496,inactive,2024-08-09
38037,Product_8037_3,sports,121.14411150248556,287.17056300601877,active,2024-04-07
38038,Product_8038_3,clothing,963.0864464256038,364.80066917121263,pending,2024-11-08
38039,Product_8039_3,sports,856.1396113517334,330.6438854665564,pending,2024-12-16
38040,Product_8040_3,electronics,265.69611520107674,154.4977606292356,inactive,2024-02-16
38041,Product_8041_3,clothing,456.3528504312177,384.24276724208477,inactive,2024-09-21
38042,Product_8042_3,clothing,72.0414673088,267.7336544559618,inactive,2024-02-18
38043,Product_8043_3,sports,543.5181555317595,346.72291799543655,active,2024-09-01
38044,Product_8044_3,sports,820.3623246613545,400.04756346188555,inactive,2024-01-06
38045,Product_8045_3,home,472.2109371309826,243.2723355341683,inactive,2024-11-18
38046,Product_8046_3,sports,918.6664281839637,13.806654502428222,inactive,2024-01-12
38047,Product_8047_3,home,582.4131873263455,250.11533692169056,pending,2024-08-10
38048,Product_8048_3,books,891.1750741717477,235.39541089145058,active,2024-12-14
38049,Product_8049_3,clothing,415.15113431931246,289.7487969707199,pending,2024-12-01
38050,Product_8050_3,books,496.1197935277769,134.4842583672959,active,2024-02-01
38051,Product_8051_3,electronics,607.0430790496096,245.39628142075034,pending,2024-10-02
38052,Product_8052_3,home,599.2280138791424,108.78288401622011,pending,2024-06-08
38053,Product_8053_3,home,402.5440022270174,288.81508089709445,archived,2024-03-14
38054,Product_8054_3,electronics,830.1238498216044,471.864944336406,inactive,2024-11-17
38055,Product_8055_3,home,228.34838678122156,157.33088381541452,archived,2024-12-19
38056,Product_8056_3,books,168.66655941565105,326.07350581890796,active,2024-04-01
38057,Product_8057_3,electronics,332.0228705847348,74.14741804253762,inactive,2024-10-15
38058,Product_8058_3,home,176.05646134105993,68.31709718332175,pending,2024-04-16
38059,Product_8059_3,electronics,250.2308585952996,177.6470965993188,archived,2024-04-07
38060,Product_8060_3,clothing,275.4085759492338,166.5839583707788,archived,2024-09-14
38061,Product_8061_3,electronics,684.5710167908447,432.9795988703528,inactive,2024-07-26
38062,Product_8062_3,clothing,205.44342460654204,311.45069194045305,pending,2024-09-26
38063,Product_8063_3,clothing,906.5971999055033,430.1333535450038,archived,2024-08-07
38064,Product_8064_3,home,263.42783265869656,470.8582693823307,inactive,2024-07-07
38065,Product_8065_3,electronics,785.0062718667601,493.63068401807914,inactive,2024-01-23
38066,Product_8066_3,electronics,298.0739364220385,58.952553642482805,pending,2024-07-15
38067,Product_8067_3,books,812.2562780408002,93.61719091101332,active,2024-05-09
38068,Product_8068_3,home,111.75533022700667,233.09305546859844,pending,2024-04-26
38069,Product_8069_3,books,994.9398297569142,232.584492516856,archived,2024-07-10
38070,Product_8070_3,home,254.07069382479227,85.23881672045677,pending,2024-09-01
38071,Product_8071_3,electronics,994.5692757117982,95.63906068549962,inactive,2024-09-17
38072,Product_8072_3,books,740.9002639188443,31.95197067218219,pending,2024-09-07
38073,Product_8073_3,clothing,312.76235740975295,308.2489227520714,pending,2024-11-11
38074,Product_8074_3,electronics,918.808937182042,453.92248246648506,inactive,2024-05-21
38075,Product_8075_3,books,430.3235404395582,23.49752081305514,active,2024-02-12
38076,Product_8076_3,books,833.5928783513112,480.9564674794303,inactive,2024-02-21
38077,Product_8077_3,sports,313.7619336974535,304.3933393047732,active,2024-03-28
38078,Product_8078_3,clothing,93.8589880460665,239.2863409349286,archived,2024-02-01
38079,Product_8079_3,clothing,656.7653727477019,289.65788933218334,inactive,2024-10-28
38080,Product_8080_3,books,457.4825669890365,103.67575690527627,active,2024-01-14
38081,Product_8081_3,clothing,569.4222708509903,496.18709215844467,archived,2024-11-07
38082,Product_8082_3,electronics,186.54480144963355,313.2621709858483,active,2024-10-17
38083,Product_8083_3,home,309.3936989618283,392.33543006991994,archived,2024-05-28
38084,Product_8084_3,sports,528.4311380742733,463.91345170751447,active,2024-04-02
38085,Product_8085_3,electronics,905.0612977013336,105.9268499879182,inactive,2024-08-09
38086,Product_8086_3,electronics,791.3084268875293,277.1684180392313,pending,2024-10-23
38087,Product_8087_3,sports,360.33016261275344,60.17788255555558,pending,2024-04-16
38088,Product_8088_3,home,227.6143893789719,467.3137472880186,archived,2024-12-26
38089,Product_8089_3,home,986.6486783583443,478.74444100884887,active,2024-12-24
38090,Product_8090_3,electronics,396.84496105306124,412.37728549131964,inactive,2024-03-22
38091,Product_8091_3,clothing,874.5384486557283,480.10033143391433,active,2024-11-01
38092,Product_8092_3,sports,11.768325811407621,484.2028929502523,active,2024-09-21
38093,Product_8093_3,sports,25.279128219462038,21.7783403100293,inactive,2024-01-24
38094,Product_8094_3,books,660.7383877885462,123.81648738242063,inactive,2024-07-22
38095,Product_8095_3,books,794.5888046711505,282.35374458192706,active,2024-09-09
38096,Product_8096_3,books,758.143642701946,377.6945107245134,active,2024-11-08
38097,Product_8097_3,books,951.2643864042636,374.976890198646,active,2024-05-06
38098,Product_8098_3,clothing,113.29240825297252,267.8853321945156,inactive,2024-06-20
38099,Product_8099_3,sports,83.65819765075017,346.4454224820079,archived,2024-02-28
38100,Product_8100_3,electronics,245.49577004189527,47.174559305332075,pending,2024-07-10
38101,Product_8101_3,electronics,758.888861536726,346.66903665524745,archived,2024-10-09
38102,Product_8102_3,electronics,743.5500118819361,425.99628103104055,active,2024-05-12
38103,Product_8103_3,clothing,515.9171791830595,468.15840975488555,archived,2024-09-24
38104,Product_8104_3,electronics,650.3279156180032,47.175740264909145,archived,2024-11-14
38105,Product_8105_3,books,546.8693788099855,436.5762963527146,inactive,2024-11-27
38106,Product_8106_3,clothing,914.0016735225361,404.73423630154247,inactive,2024-01-18
38107,Product_8107_3,electronics,327.19847435791013,124.17351764449415,archived,2024-09-02
38108,Product_8108_3,clothing,471.317335565755,114.73919969061755,active,2024-04-19
38109,Product_8109_3,home,370.56586553403736,440.3595925538335,active,2024-08-14
38110,Product_8110_3,clothing,638.6102836519203,137.57836886535367,archived,2024-01-05
38111,Product_8111_3,clothing,665.9303539808113,433.89955583676084,active,2024-09-16
38112,Product_8112_3,books,378.5820394235537,416.2800068195667,pending,2024-08-23
38113,Product_8113_3,home,128.45450984323074,46.61564505982648,archived,2024-11-01
38114,Product_8114_3,clothing,353.4158800185011,486.36805259150645,active,2024-09-18
38115,Product_8115_3,books,243.76974278319952,403.2456456868396,pending,2024-02-03
38116,Product_8116_3,home,652.6438844428573,365.2899318151911,active,2024-08-12
38117,Product_8117_3,home,871.6860238030961,280.31833349849904,inactive,2024-11-27
38118,Product_8118_3,home,98.81237914513169,385.49977176120285,active,2024-03-07
38119,Product_8119_3,clothing,533.9267761488506,55.92452902336756,active,2024-02-20
38120,Product_8120_3,sports,84.283712922918,145.34988230455758,active,2024-09-17
38121,Product_8121_3,books,952.4250665415294,94.7186549491606,active,2024-12-15
38122,Product_8122_3,electronics,972.4937588043421,329.93104295922717,archived,2024-12-04
38123,Product_8123_3,electronics,470.9836453234703,311.76176031448614,inactive,2024-07-24
38124,Product_8124_3,sports,315.89132682917204,476.19285773341204,inactive,2024-10-10
38125,Product_8125_3,books,634.1967918518995,179.50123038084848,pending,2024-04-06
38126,Product_8126_3,clothing,394.7973419155788,66.03814893117502,active,2024-06-05
38127,Product_8127_3,clothing,665.654813294339,49.42611866854055,inactive,2024-02-05
38128,Product_8128_3,sports,162.18889487591974,211.10196599209814,archived,2024-08-17
38129,Product_8129_3,electronics,625.7163027875011,430.050805879529,active,2024-02-09
38130,Product_8130_3,home,196.81303001050725,187.0273888363862,pending,2024-04-05
38131,Product_8131_3,books,830.3335039807964,84.43995180500042,inactive,2024-12-06
38132,Product_8132_3,books,402.8118029214087,256.21757604065255,active,2024-05-15
38133,Product_8133_3,sports,718.3445206795669,78.61991401448341,active,2024-12-13
38134,Product_8134_3,home,680.7515172805206,332.3548953385886,archived,2024-01-16
38135,Product_8135_3,home,69.50775009614816,293.6322448191479,pending,2024-05-07
38136,Product_8136_3,sports,610.064168572418,206.50269682682267,pending,2024-12-23
38137,Product_8137_3,books,959.3389538858738,55.50873962911217,active,2024-04-13
38138,Product_8138_3,clothing,569.0114071104357,464.0218020487348,archived,2024-08-01
38139,Product_8139_3,sports,275.52064262177737,198.0863132535664,pending,2024-07-13
38140,Product_8140_3,books,906.6775215172623,55.22198633262575,active,2024-07-10
38141,Product_8141_3,home,156.44962724560847,40.998976320411145,pending,2024-08-09
38142,Product_8142_3,sports,213.3235707589969,215.14470961465312,active,2024-06-06
38143,Product_8143_3,clothing,441.1044733394604,380.5176727160114,pending,2024-05-03
38144,Product_8144_3,books,389.79164023526334,326.8256931345174,inactive,2024-07-15
38145,Product_8145_3,sports,690.363865517293,225.23277610863636,inactive,2024-05-06
38146,Product_8146_3,books,218.59711251478086,201.65089732749695,pending,2024-08-13
38147,Product_8147_3,electronics,671.0421263268739,257.30638015208854,archived,2024-09-19
38148,Product_8148_3,home,370.16565326653614,11.468403865059285,archived,2024-09-28
38149,Product_8149_3,home,892.2090525374432,463.52210467276853,archived,2024-06-11
38150,Product_8150_3,sports,148.9585353355121,76.96740583046135,active,2024-04-22
38151,Product_8151_3,sports,619.0987529361809,388.8120227743346,active,2024-07-27
38152,Product_8152_3,home,597.1345412545604,431.0985791666612,archived,2024-01-07
38153,Product_8153_3,sports,92.09952843369086,364.5070062768959,pending,2024-06-18
38154,Product_8154_3,home,955.0381785433605,32.40456540485021,archived,2024-05-18
38155,Product_8155_3,electronics,745.9668336982332,185.75285862903124,archived,2024-08-10
38156,Product_8156_3,clothing,375.3794555939186,110.67830476431378,pending,2024-07-13
38157,Product_8157_3,clothing,440.8659845426446,301.46034280854155,archived,2024-03-06
38158,Product_8158_3,home,557.5277195726844,123.62744522655294,inactive,2024-01-20
38159,Product_8159_3,books,719.8586524462448,343.3447263972552,inactive,2024-09-19
38160,Product_8160_3,books,624.6398073127228,363.9604542152591,active,2024-04-20
38161,Product_8161_3,sports,745.0793956300092,29.10432210441048,active,2024-01-28
38162,Product_8162_3,clothing,561.5960192993651,113.20901418248248,pending,2024-09-24
38163,Product_8163_3,sports,764.0302070180345,371.13210843186084,archived,2024-04-14
38164,Product_8164_3,home,35.363682710366426,171.79751081082398,archived,2024-04-16
38165,Product_8165_3,sports,414.8640727688713,417.77235322312674,active,2024-01-13
38166,Product_8166_3,clothing,198.93810558404232,302.7551618695678,inactive,2024-09-12
38167,Product_8167_3,clothing,261.11021195452344,214.57639763525253,inactive,2024-05-24
38168,Product_8168_3,books,26.089691510283856,420.75265033455383,inactive,2024-09-25
38169,Product_8169_3,home,150.7900679107206,254.1746205497182,pending,2024-05-27
38170,Product_8170_3,home,198.8268031967922,30.775110956167897,inactive,2024-08-25
38171,Product_8171_3,home,848.6502062995119,473.906450962819,pending,2024-12-21
38172,Product_8172_3,electronics,970.0503707276498,408.42459398110253,pending,2024-09-05
38173,Product_8173_3,home,244.87490262413692,491.4064107181722,active,2024-01-02
38174,Product_8174_3,electronics,835.8365052219322,283.5087887299188,inactive,2024-04-11
38175,Product_8175_3,sports,625.2616725257186,175.50251256305143,inactive,2024-10-16
38176,Product_8176_3,electronics,157.92140005189168,322.4489275642008,active,2024-12-02
38177,Product_8177_3,electronics,955.2564872113888,396.01336697010004,active,2024-10-14
38178,Product_8178_3,clothing,992.1298375053346,47.02247437219851,archived,2024-07-11
38179,Product_8179_3,books,550.1923514687127,285.4845064579311,active,2024-09-22
38180,Product_8180_3,electronics,65.15361809947201,401.53900442942904,pending,2024-03-15
38181,Product_8181_3,home,727.3549432756387,345.35009626979445,active,2024-05-04
38182,Product_8182_3,electronics,14.498183435938465,24.944441587385636,active,2024-01-16
38183,Product_8183_3,home,729.0281795417633,26.30333256498445,pending,2024-12-04
38184,Product_8184_3,books,668.9352719168176,461.6445821823852,archived,2024-05-23
38185,Product_8185_3,books,403.23999407147807,76.41807894557222,inactive,2024-05-10
38186,Product_8186_3,sports,716.0721366095906,479.7248257761645,pending,2024-05-14
38187,Product_8187_3,books,616.5845614435179,73.80496875336507,active,2024-06-23
38188,Product_8188_3,home,456.3848855008573,481.7554460684242,archived,2024-06-14
38189,Product_8189_3,books,716.7088950898955,14.47886443637614,pending,2024-04-04
38190,Product_8190_3,clothing,382.83726074802985,71.57930833088597,pending,2024-01-03
38191,Product_8191_3,home,159.69598283270352,61.2658610402633,active,2024-10-05
38192,Product_8192_3,books,59.88388364652798,222.64785759054624,inactive,2024-06-16
38193,Product_8193_3,sports,633.9166179120272,447.5029144786488,active,2024-03-01
38194,Product_8194_3,home,928.3521222208427,111.25836471516685,archived,2024-08-02
38195,Product_8195_3,home,76.0848814023027,39.035764015564546,archived,2024-05-18
38196,Product_8196_3,books,70.4098492905063,145.9727962797739,active,2024-02-07
38197,Product_8197_3,clothing,622.8642665896722,140.6314679525208,archived,2024-08-24
38198,Product_8198_3,electronics,790.7949672607521,428.5702080176064,active,2024-09-06
38199,Product_8199_3,electronics,103.50491605369982,170.85813039461516,pending,2024-07-16
38200,Product_8200_3,electronics,106.62119535574602,158.67303102602193,inactive,2024-04-23
38201,Product_8201_3,clothing,318.80200599587204,377.5622379630918,inactive,2024-01-20
38202,Product_8202_3,clothing,988.794728114599,306.75132768157897,archived,2024-07-09
38203,Product_8203_3,clothing,299.30688759966097,260.1730443279382,inactive,2024-02-01
38204,Product_8204_3,sports,218.8573485269942,426.8378832588803,archived,2024-10-24
38205,Product_8205_3,sports,852.8196740887166,230.20858129308886,active,2024-09-19
38206,Product_8206_3,clothing,49.817992080865,114.4886103394319,active,2024-09-27
38207,Product_8207_3,books,30.80761778986894,52.31553046601918,inactive,2024-11-01
38208,Product_8208_3,sports,790.942862583557,494.38633599905745,active,2024-08-09
38209,Product_8209_3,electronics,74.23190448753198,433.83696164749017,pending,2024-08-21
38210,Product_8210_3,clothing,136.6182716034789,92.79333699463365,archived,2024-09-11
38211,Product_8211_3,clothing,820.5562135723444,74.37466909670667,inactive,2024-04-25
38212,Product_8212_3,books,609.4651669307601,448.61973193823246,archived,2024-02-08
38213,Product_8213_3,books,644.4075848785717,441.3411364671631,archived,2024-10-23
38214,Product_8214_3,clothing,501.43356448328746,198.01336270640414,pending,2024-08-13
38215,Product_8215_3,sports,453.7172344691772,346.9471947952662,archived,2024-03-18
38216,Product_8216_3,electronics,438.8243885566189,119.57845073453879,archived,2024-04-16
38217,Product_8217_3,books,365.61571672409286,260.154887835566,archived,2024-04-09
38218,Product_8218_3,books,302.0228583523608,111.19039909190766,pending,2024-07-10
38219,Product_8219_3,books,413.15087453526877,18.795297582295795,inactive,2024-12-05
38220,Product_8220_3,electronics,470.5670658519291,79.05649191026687,inactive,2024-12-27
38221,Product_8221_3,clothing,866.9777087853712,373.24264144151994,inactive,2024-09-18
38222,Product_8222_3,electronics,410.9327013742327,313.15201177115597,archived,2024-01-27
38223,Product_8223_3,sports,603.4644485169553,95.65268125408903,active,2024-01-11
38224,Product_8224_3,electronics,968.301956198636,16.39457341405735,inactive,2024-07-13
38225,Product_8225_3,books,446.16314982890987,335.005093964676,archived,2024-05-10
38226,Product_8226_3,home,709.8428440299946,437.9496762223639,pending,2024-03-06
38227,Product_8227_3,home,724.81560882858,257.0199376590534,active,2024-04-11
38228,Product_8228_3,electronics,705.3026832693291,448.51753372166996,archived,2024-09-06
38229,Product_8229_3,clothing,174.50924976296494,222.10122515578266,inactive,2024-04-09
38230,Product_8230_3,electronics,648.7983572559094,82.69018181185984,pending,2024-01-28
38231,Product_8231_3,electronics,247.28979035006367,205.72345307139477,active,2024-01-03
38232,Product_8232_3,clothing,868.5102458631322,283.97624964226935,archived,2024-04-10
38233,Product_8233_3,books,192.29305361462167,416.0331296584671,pending,2024-12-17
38234,Product_8234_3,books,209.3234092667849,42.9549312367918,pending,2024-06-16
38235,Product_8235_3,books,146.67412096573986,116.00519714333014,inactive,2024-05-06
38236,Product_8236_3,books,361.92049634589705,307.61731549090644,archived,2024-02-04
38237,Product_8237_3,sports,916.405314458956,168.56197583402815,archived,2024-04-19
38238,Product_8238_3,sports,104.88907323104938,425.99502541835386,archived,2024-03-09
38239,Product_8239_3,home,196.18313235038954,30.58468809636012,pending,2024-08-21
38240,Product_8240_3,books,194.98104402956804,69.97469906271948,pending,2024-01-22
38241,Product_8241_3,books,468.6202977286448,346.94738990154303,pending,2024-12-25
38242,Product_8242_3,sports,67.48886598853525,440.6913613400362,pending,2024-07-10
38243,Product_8243_3,clothing,794.6889477475806,153.21849413010443,active,2024-02-27
38244,Product_8244_3,electronics,172.34690465423736,436.643170909844,active,2024-01-08
38245,Product_8245_3,books,601.3199100181462,493.7701998497639,inactive,2024-09-17
38246,Product_8246_3,books,58.662606072497006,431.5803755294484,archived,2024-10-18
38247,Product_8247_3,home,266.10353421883065,409.29385392625704,pending,2024-06-15
38248,Product_8248_3,sports,442.75076730346785,29.907521741517115,archived,2024-08-24
38249,Product_8249_3,sports,37.899945905602635,260.59097282379423,pending,2024-05-01
38250,Product_8250_3,electronics,704.1265711971656,211.27337606830423,inactive,2024-08-17
38251,Product_8251_3,sports,425.64357466309355,401.06624301980077,archived,2024-02-17
38252,Product_8252_3,books,720.9041941449364,360.04387255163294,archived,2024-01-11
38253,Product_8253_3,books,543.8951880615928,362.81651552209837,pending,2024-02-01
38254,Product_8254_3,books,318.8037236570307,217.4602978119856,pending,2024-05-17
38255,Product_8255_3,clothing,362.69998831322204,140.91657806227508,archived,2024-03-27
38256,Product_8256_3,home,820.0721200193478,236.40761037526494,inactive,2024-02-12
38257,Product_8257_3,sports,588.0371200003688,329.03442331085324,inactive,2024-07-21
38258,Product_8258_3,home,908.188346094141,51.74429205395434,archived,2024-07-02
38259,Product_8259_3,books,428.08772666769363,307.61598689719995,inactive,2024-05-13
38260,Product_8260_3,home,571.2525469097797,361.9466659913413,inactive,2024-10-26
38261,Product_8261_3,books,974.5211017083526,189.3733198256036,inactive,2024-07-10
38262,Product_8262_3,sports,18.3958481455274,432.01733194062314,active,2024-07-21
38263,Product_8263_3,clothing,548.6790444922372,213.45151479677043,active,2024-07-28
38264,Product_8264_3,sports,592.6185849027596,439.0830133071626,active,2024-01-22
38265,Product_8265_3,electronics,623.6394731645149,28.517539568823736,inactive,2024-07-07
38266,Product_8266_3,electronics,421.15136678375274,421.8112718102428,active,2024-06-11
38267,Product_8267_3,electronics,915.9595241232801,236.12473204185474,active,2024-09-11
38268,Product_8268_3,clothing,698.9294006003141,181.7449645243052,archived,2024-10-19
38269,Product_8269_3,sports,953.3544370519879,385.3822002960469,active,2024-03-15
38270,Product_8270_3,sports,838.0554510254719,196.58186406373048,pending,2024-12-19
38271,Product_8271_3,electronics,913.1646177507449,497.9440442845993,active,2024-03-18
38272,Product_8272_3,home,519.4205081221568,276.55820568548955,archived,2024-10-18
38273,Product_8273_3,electronics,725.0430663561606,232.8136870272009,pending,2024-12-11
38274,Product_8274_3,electronics,638.0508746658317,41.59413906940841,inactive,2024-01-05
38275,Product_8275_3,electronics,202.757508249606,441.64812893644387,active,2024-04-04
38276,Product_8276_3,electronics,200.87699815387126,437.64617753568047,pending,2024-11-25
38277,Product_8277_3,clothing,500.29227969602925,61.63265597102264,active,2024-06-16
38278,Product_8278_3,books,101.16783098904304,221.78548234592284,active,2024-05-12
38279,Product_8279_3,clothing,407.94057156406785,194.50840108342732,archived,2024-10-05
38280,Product_8280_3,sports,593.7044924531963,91.96203631759487,active,2024-10-04
38281,Product_8281_3,books,369.2501431297793,335.08052426059356,pending,2024-06-14
38282,Product_8282_3,clothing,715.5339707032142,436.29930640182005,inactive,2024-05-01
38283,Product_8283_3,clothing,672.2476440568419,205.6969826927118,inactive,2024-08-23
38284,Product_8284_3,electronics,889.9347013407963,326.5362391089535,active,2024-05-18
38285,Product_8285_3,books,89.08478573996659,142.55948447285925,pending,2024-04-02
38286,Product_8286_3,electronics,525.3608529016494,369.044031393577,inactive,2024-06-19
38287,Product_8287_3,clothing,631.1437111617028,59.179084656111,archived,2024-11-08
38288,Product_8288_3,clothing,186.0549025067148,469.6944605838304,active,2024-12-04
38289,Product_8289_3,books,733.2174333022703,264.3387975793888,pending,2024-09-18
38290,Product_8290_3,books,251.94958830772526,236.57087657856354,inactive,2024-10-18
38291,Product_8291_3,home,633.5030658933532,212.6629891049174,inactive,2024-07-02
38292,Product_8292_3,clothing,572.0775418759574,248.33875396081882,pending,2024-09-03
38293,Product_8293_3,sports,794.1903563875076,75.73103637851315,pending,2024-05-04
38294,Product_8294_3,home,757.9804065315444,51.0597214591322,pending,2024-12-28
38295,Product_8295_3,sports,910.8990559475435,173.99323373114254,inactive,2024-12-07
38296,Product_8296_3,home,423.85659478863556,447.6270490176091,pending,2024-04-11
38297,Product_8297_3,clothing,64.60040460875958,399.6006531652737,inactive,2024-11-02
38298,Product_8298_3,sports,610.0291198406824,69.69204015392756,archived,2024-04-13
38299,Product_8299_3,home,117.44259225237582,280.23102491327,pending,2024-02-22
38300,Product_8300_3,sports,756.3996653615529,217.45816438153952,archived,2024-07-26
38301,Product_8301_3,home,604.8440467971967,493.66856350936,active,2024-10-08
38302,Product_8302_3,home,421.3546488809396,299.753145930448,inactive,2024-09-24
38303,Product_8303_3,home,910.2538491788338,212.89202847073005,inactive,2024-12-24
38304,Product_8304_3,sports,909.1884384930783,442.08074109273235,pending,2024-12-16
38305,Product_8305_3,home,763.9953534511429,122.59294716682268,active,2024-06-20
38306,Product_8306_3,sports,990.0088408119636,364.96579925824796,pending,2024-11-22
38307,Product_8307_3,home,809.0136040193879,106.36668355885708,active,2024-05-12
38308,Product_8308_3,electronics,495.83631974521114,156.44899209133092,active,2024-05-04
38309,Product_8309_3,clothing,717.4179729010501,146.80245028663379,pending,2024-08-01
38310,Product_8310_3,electronics,388.89737253894407,232.08235174108722,archived,2024-06-24
38311,Product_8311_3,sports,310.62325656518595,401.489615795395,pending,2024-05-03
38312,Product_8312_3,home,648.6376409086912,480.0353750723903,inactive,2024-12-24
38313,Product_8313_3,clothing,624.8374075085744,332.16341619969234,active,2024-02-04
38314,Product_8314_3,electronics,552.557731453419,449.22869921881954,inactive,2024-06-03
38315,Product_8315_3,electronics,597.8512299073335,405.56448262099053,active,2024-05-01
38316,Product_8316_3,electronics,30.05566783082751,32.106087931961056,active,2024-06-22
38317,Product_8317_3,sports,924.7176912492253,62.83877000328197,inactive,2024-02-23
38318,Product_8318_3,electronics,925.1290095950696,266.34223458194907,inactive,2024-01-25
38319,Product_8319_3,sports,33.573390993589506,209.5717089128649,pending,2024-06-18
38320,Product_8320_3,books,940.0392160381689,294.32979628170705,pending,2024-01-05
38321,Product_8321_3,books,103.68369947479515,400.235818996014,inactive,2024-12-24
38322,Product_8322_3,home,303.84866986789496,200.7018162979326,active,2024-10-04
38323,Product_8323_3,books,169.9323604674724,322.40001593028984,pending,2024-04-05
38324,Product_8324_3,clothing,790.0654982085366,451.6620695769389,inactive,2024-07-06
38325,Product_8325_3,electronics,985.9403623897409,333.33578012319555,pending,2024-09-23
38326,Product_8326_3,home,491.73831332906684,252.19539405672288,archived,2024-02-04
38327,Product_8327_3,clothing,646.6608782849752,60.16739574790713,pending,2024-11-21
38328,Product_8328_3,clothing,327.64566450231575,411.008070209812,active,2024-02-18
38329,Product_8329_3,clothing,214.11524302314965,56.03796858305842,pending,2024-05-17
38330,Product_8330_3,sports,379.5433733902734,164.88983944066572,inactive,2024-06-07
38331,Product_8331_3,clothing,661.9960099056264,248.7419233713595,pending,2024-09-08
38332,Product_8332_3,books,47.225320663969235,446.6949039466696,archived,2024-12-18
38333,Product_8333_3,electronics,448.68301522686005,379.422566880348,inactive,2024-07-01
38334,Product_8334_3,books,23.688799120021258,184.36353818013637,active,2024-07-17
38335,Product_8335_3,clothing,273.60100121719205,459.51287842268425,active,2024-05-20
38336,Product_8336_3,sports,941.4218321608797,406.5001604875379,archived,2024-02-09
38337,Product_8337_3,electronics,709.4081421854785,492.5997954738099,active,2024-04-28
38338,Product_8338_3,books,8.853688406552386,35.386960371343754,archived,2024-07-22
38339,Product_8339_3,sports,747.3518865788809,91.66743905393729,inactive,2024-01-14
38340,Product_8340_3,home,299.1014555330973,289.65927726223947,inactive,2024-09-25
38341,Product_8341_3,home,757.9995020812603,304.44967120138614,inactive,2024-04-22
38342,Product_8342_3,electronics,656.579687198558,386.03948350042486,inactive,2024-08-23
38343,Product_8343_3,sports,319.55479260183733,398.3500070061579,archived,2024-02-18
38344,Product_8344_3,sports,370.8358305945864,367.99234952603666,archived,2024-05-09
38345,Product_8345_3,books,551.2119034295843,399.0602337860274,active,2024-09-13
38346,Product_8346_3,books,878.6256816477721,373.6617592716487,pending,2024-07-07
38347,Product_8347_3,home,394.72635956003575,109.24163239833987,pending,2024-06-28
38348,Product_8348_3,sports,333.22572720837456,52.56403437824815,inactive,2024-02-19
38349,Product_8349_3,electronics,38.32581686532206,375.0590921740071,inactive,2024-06-19
38350,Product_8350_3,books,62.29230360292686,279.68363693742396,inactive,2024-07-19
38351,Product_8351_3,books,819.5119854900377,185.384831032259,active,2024-06-27
38352,Product_8352_3,clothing,12.668789125972554,93.51120870429779,active,2024-02-22
38353,Product_8353_3,sports,397.06284619533835,421.0211359537769,active,2024-01-12
38354,Product_8354_3,clothing,40.221337091032424,469.8057583304389,pending,2024-01-20
38355,Product_8355_3,home,513.2580658544252,464.7818863286691,archived,2024-07-16
38356,Product_8356_3,clothing,302.1362607259126,379.398298309859,archived,2024-05-21
38357,Product_8357_3,home,616.4527261211134,74.89503840325825,inactive,2024-11-07
38358,Product_8358_3,sports,263.5750848736957,296.04530308533543,inactive,2024-04-25
38359,Product_8359_3,home,703.0337671798437,265.3645241242998,active,2024-03-23
38360,Product_8360_3,home,409.7713610824908,279.4138985180385,active,2024-09-19
38361,Product_8361_3,clothing,53.25779860401539,483.3244717282736,inactive,2024-05-04
38362,Product_8362_3,books,482.20739540148696,417.44874088049426,archived,2024-02-28
38363,Product_8363_3,sports,813.1809061826265,122.7214274129072,inactive,2024-01-22
38364,Product_8364_3,electronics,333.49427459881514,102.74252413288517,active,2024-09-19
38365,Product_8365_3,home,447.5857105705445,81.49474356056325,inactive,2024-08-26
38366,Product_8366_3,clothing,978.860822525432,139.35741020500788,pending,2024-05-20
38367,Product_8367_3,clothing,934.7018969864805,99.64812765449172,pending,2024-11-26
38368,Product_8368_3,books,329.32425669360913,344.5967654115744,active,2024-03-12
38369,Product_8369_3,sports,140.98100804927896,50.10652079304106,pending,2024-10-23
38370,Product_8370_3,sports,921.9995799993566,214.0316182412022,active,2024-11-15
38371,Product_8371_3,books,754.1170599340621,284.0768222341278,archived,2024-01-16
38372,Product_8372_3,sports,891.9907930489363,457.530202641348,active,2024-10-11
38373,Product_8373_3,books,798.162401449691,348.62995628326547,inactive,2024-06-22
38374,Product_8374_3,books,990.3415074064661,485.9906411483391,pending,2024-08-22
38375,Product_8375_3,books,830.0698334421205,231.40768240584498,archived,2024-10-06
38376,Product_8376_3,electronics,302.9940622129565,302.0870649439494,inactive,2024-11-02
38377,Product_8377_3,electronics,776.6795788715245,238.99711786190602,archived,2024-08-03
38378,Product_8378_3,sports,788.8997053161112,263.5725761304471,inactive,2024-06-22
38379,Product_8379_3,sports,649.7977727720796,111.38129273962596,archived,2024-07-06
38380,Product_8380_3,books,276.9446833065532,167.76690379416152,archived,2024-10-13
38381,Product_8381_3,home,311.8023731585242,424.0885417950239,active,2024-09-14
38382,Product_8382_3,books,323.06609860845725,210.79586459394304,pending,2024-11-03
38383,Product_8383_3,electronics,99.18536668393429,348.3244752803663,inactive,2024-12-02
38384,Product_8384_3,clothing,743.5221953320107,414.13745006729334,archived,2024-06-02
38385,Product_8385_3,electronics,869.5743271618048,18.298450509772803,archived,2024-08-14
38386,Product_8386_3,electronics,516.7419380990334,34.13752323003342,inactive,2024-04-06
38387,Product_8387_3,home,597.1581600319815,347.4892332766215,inactive,2024-06-22
38388,Product_8388_3,electronics,358.3314417582311,105.97665178239644,pending,2024-12-13
38389,Product_8389_3,electronics,81.13707636118592,258.6549880606971,active,2024-06-27
38390,Product_8390_3,clothing,977.4707105300238,306.0628827678922,pending,2024-08-17
38391,Product_8391_3,books,753.171916304017,49.43954701497989,pending,2024-08-13
38392,Product_8392_3,clothing,474.5890833041567,416.562868446907,pending,2024-02-16
38393,Product_8393_3,sports,238.31044177643088,328.6446930016243,pending,2024-12-15
38394,Product_8394_3,books,668.89896561214,29.795835536408966,archived,2024-07-22
38395,Product_8395_3,sports,207.32313504401841,63.023538081373225,archived,2024-03-19
38396,Product_8396_3,sports,982.3233092260489,209.07896866252912,pending,2024-08-11
38397,Product_8397_3,electronics,993.0985712518465,219.52642064898978,pending,2024-09-03
38398,Product_8398_3,sports,300.9081189261316,464.4862415433377,archived,2024-03-16
38399,Product_8399_3,electronics,527.371912170606,122.48023143255715,inactive,2024-11-09
38400,Product_8400_3,home,535.8077527779368,445.4277775959847,archived,2024-04-23
38401,Product_8401_3,home,178.14304499543474,112.97928819329177,pending,2024-08-24
38402,Product_8402_3,books,88.97558992799783,498.20381192637115,inactive,2024-11-25
38403,Product_8403_3,electronics,522.8735678235449,262.4371065557108,active,2024-04-05
38404,Product_8404_3,home,815.1100727825282,252.3634200848742,archived,2024-01-08
38405,Product_8405_3,clothing,524.4685041756659,301.4616975896662,inactive,2024-07-07
38406,Product_8406_3,sports,859.9366909728026,103.57116148916435,archived,2024-07-24
38407,Product_8407_3,home,719.8663241596911,158.7769382727797,archived,2024-10-20
38408,Product_8408_3,sports,249.68303158576782,259.521481180396,inactive,2024-01-12
38409,Product_8409_3,clothing,348.9280550130405,299.6164861091274,archived,2024-12-19
38410,Product_8410_3,sports,890.294556616706,278.2393696669521,pending,2024-09-09
38411,Product_8411_3,books,730.2757970594729,361.06490395587076,pending,2024-09-12
38412,Product_8412_3,books,106.62113856140813,48.661158359498856,archived,2024-05-03
38413,Product_8413_3,sports,179.06997735006195,356.2572422437735,pending,2024-10-11
38414,Product_8414_3,clothing,413.953777355017,22.566064386308994,active,2024-10-23
38415,Product_8415_3,books,295.3863019310228,30.376133797411068,inactive,2024-05-25
38416,Product_8416_3,clothing,468.9823608654953,156.69052853252205,inactive,2024-01-28
38417,Product_8417_3,sports,880.6267926176326,326.78004567827765,inactive,2024-10-16
38418,Product_8418_3,electronics,515.2370544851218,208.93937912765523,active,2024-08-09
38419,Product_8419_3,books,352.1598605576498,145.08653896321442,inactive,2024-08-14
38420,Product_8420_3,clothing,671.0259467732255,43.54335986550095,pending,2024-03-14
38421,Product_8421_3,books,956.453608557808,339.47034127298537,active,2024-03-14
38422,Product_8422_3,books,439.31473484544404,315.20555356428224,archived,2024-05-09
38423,Product_8423_3,home,808.3371070458783,428.7489121379335,active,2024-02-22
38424,Product_8424_3,home,202.2156119072021,208.3920183492676,inactive,2024-01-05
38425,Product_8425_3,sports,430.31369613626043,264.6214957984423,archived,2024-07-05
38426,Product_8426_3,books,199.91170394239683,14.396213441830064,pending,2024-11-24
38427,Product_8427_3,clothing,392.37251865146317,492.128800587954,pending,2024-05-01
38428,Product_8428_3,electronics,379.4459696148211,371.89579965690643,active,2024-10-06
38429,Product_8429_3,home,9.096092782591306,432.24176409787896,archived,2024-05-01
38430,Product_8430_3,home,592.2908729005132,401.68629121781487,active,2024-07-01
38431,Product_8431_3,electronics,116.99054412196156,226.71358211235298,pending,2024-08-22
38432,Product_8432_3,electronics,51.5857124382398,179.2678172826133,pending,2024-09-24
38433,Product_8433_3,electronics,495.5016933246583,258.82231593904726,active,2024-03-07
38434,Product_8434_3,home,9.134196553887262,226.75321169549468,active,2024-01-18
38435,Product_8435_3,home,917.7157941307165,56.24676750023219,pending,2024-08-24
38436,Product_8436_3,electronics,990.3821622752514,66.15032611226255,archived,2024-01-26
38437,Product_8437_3,books,596.2043388347239,17.272382772965038,inactive,2024-08-14
38438,Product_8438_3,sports,90.88388428223924,287.46307997696516,pending,2024-07-01
38439,Product_8439_3,home,137.49262575424456,262.4510407791694,pending,2024-12-12
38440,Product_8440_3,sports,282.9662926279838,320.70739826556763,inactive,2024-07-25
38441,Product_8441_3,home,346.68267764537705,27.30961460683207,archived,2024-09-13
38442,Product_8442_3,clothing,986.5337580449169,96.16865330676045,active,2024-07-20
38443,Product_8443_3,books,138.77129919418732,71.17764338403441,archived,2024-12-10
38444,Product_8444_3,electronics,153.73563520936847,383.5133894054465,active,2024-09-12
38445,Product_8445_3,sports,310.3120709046276,208.15742574632665,inactive,2024-08-08
38446,Product_8446_3,electronics,574.3120317639327,46.20763332707161,active,2024-08-25
38447,Product_8447_3,home,460.67853914580854,296.62610727886585,inactive,2024-09-13
38448,Product_8448_3,sports,867.1139298751203,190.48144893714993,inactive,2024-10-13
38449,Product_8449_3,books,312.3361861617504,443.17776907071124,archived,2024-02-25
38450,Product_8450_3,electronics,420.5707899431797,127.61790017313425,inactive,2024-05-12
38451,Product_8451_3,electronics,774.6900388456331,37.134655094715725,pending,2024-12-05
38452,Product_8452_3,books,694.8566913453882,196.1583901049973,active,2024-02-04
38453,Product_8453_3,home,222.01860744631972,168.82961791678923,pending,2024-04-21
38454,Product_8454_3,home,377.6934386662693,104.11267832020047,archived,2024-12-10
38455,Product_8455_3,clothing,498.2443261313143,387.1555455784549,active,2024-12-05
38456,Product_8456_3,electronics,745.9099833767933,434.1415830612358,pending,2024-10-19
38457,Product_8457_3,home,819.0146928614771,90.39627713449484,pending,2024-01-12
38458,Product_8458_3,clothing,98.30970672556563,305.94781507324024,inactive,2024-04-03
38459,Product_8459_3,sports,611.1299340986133,148.6198570926191,inactive,2024-07-06
38460,Product_8460_3,sports,514.7644205628487,469.63890773687575,pending,2024-12-03
38461,Product_8461_3,clothing,131.6215085015261,430.5341450463751,pending,2024-06-21
38462,Product_8462_3,electronics,171.76830495693292,73.79944505057676,archived,2024-12-04
38463,Product_8463_3,clothing,111.77395069458063,226.05479881301284,pending,2024-11-02
38464,Product_8464_3,home,499.36026088163646,398.8609721691698,inactive,2024-02-05
38465,Product_8465_3,clothing,253.2054724900275,17.621958859629785,active,2024-09-25
38466,Product_8466_3,home,298.2897193983827,436.13328860151285,archived,2024-01-10
38467,Product_8467_3,electronics,242.25855871085915,66.25634931756636,archived,2024-10-15
38468,Product_8468_3,books,58.946768383489115,38.13506143146451,active,2024-01-14
38469,Product_8469_3,electronics,955.5213272214633,392.90412248533056,pending,2024-06-22
38470,Product_8470_3,sports,327.9714965673664,491.78164048353784,archived,2024-02-08
38471,Product_8471_3,clothing,527.1262929967323,272.4750992620922,archived,2024-09-22
38472,Product_8472_3,clothing,859.7908898059678,444.1920319343835,pending,2024-09-14
38473,Product_8473_3,clothing,724.6859624350589,486.0551357658581,pending,2024-12-05
38474,Product_8474_3,home,934.9934965804916,273.34322300379324,archived,2024-12-17
38475,Product_8475_3,books,465.63815416773673,335.5966813050026,inactive,2024-09-06
38476,Product_8476_3,home,437.4793052917389,52.308387511188705,inactive,2024-08-24
38477,Product_8477_3,books,759.709908027287,282.014813979224,active,2024-09-09
38478,Product_8478_3,clothing,360.12594395877613,146.62455391879095,archived,2024-05-03
38479,Product_8479_3,clothing,840.2539509314944,231.17252323658437,active,2024-08-19
38480,Product_8480_3,books,997.2669119283203,367.16433377078414,pending,2024-02-20
38481,Product_8481_3,sports,841.9979823162154,332.59444054736906,inactive,2024-02-23
38482,Product_8482_3,books,590.7391196945701,440.1728773718888,active,2024-02-12
38483,Product_8483_3,electronics,997.5364689845279,184.48761356738163,pending,2024-07-09
38484,Product_8484_3,electronics,493.8444632034254,103.05234934009769,pending,2024-03-26
38485,Product_8485_3,electronics,517.3147973949237,162.73308625440532,inactive,2024-12-28
38486,Product_8486_3,electronics,48.74164456631102,91.77576143087015,archived,2024-08-04
38487,Product_8487_3,electronics,593.7365731239048,387.1669596428352,archived,2024-03-19
38488,Product_8488_3,clothing,594.8130861991046,493.8456482289546,active,2024-04-16
38489,Product_8489_3,books,487.04067344825506,437.30485298150825,active,2024-04-10
38490,Product_8490_3,books,255.03390346929933,480.12820412556493,pending,2024-02-28
38491,Product_8491_3,books,311.2925821877566,472.10350505369604,inactive,2024-01-07
38492,Product_8492_3,clothing,427.7605688425685,364.42517891775793,archived,2024-10-16
38493,Product_8493_3,books,634.7989112927413,305.5421429047075,archived,2024-10-20
38494,Product_8494_3,home,834.3445295532631,323.3867453428872,archived,2024-02-13
38495,Product_8495_3,clothing,414.6865681763809,29.261766423733572,archived,2024-09-12
38496,Product_8496_3,books,395.2129305386269,229.8335967606851,active,2024-01-09
38497,Product_8497_3,home,652.8643769427911,372.94352169035665,inactive,2024-04-22
38498,Product_8498_3,sports,205.61338019842708,349.52489980666354,archived,2024-01-02
38499,Product_8499_3,sports,388.22615843419663,214.4282894587521,pending,2024-08-27
38500,Product_8500_3,sports,69.29321498433158,61.62941462854837,inactive,2024-04-25
38501,Product_8501_3,clothing,106.97013647367643,488.02673863689466,inactive,2024-08-01
38502,Product_8502_3,electronics,920.6213449708908,484.06339367236546,inactive,2024-05-25
38503,Product_8503_3,sports,508.0954320824516,426.1894330024922,archived,2024-07-25
38504,Product_8504_3,books,631.6875643412786,212.27554456753631,pending,2024-07-12
38505,Product_8505_3,electronics,412.5382922768667,373.97826962317936,active,2024-09-05
38506,Product_8506_3,clothing,24.27751989780416,257.0365007217301,active,2024-07-27
38507,Product_8507_3,clothing,288.54897056247114,214.90732131973027,pending,2024-05-14
38508,Product_8508_3,home,671.012519556504,484.12571169436103,archived,2024-06-11
38509,Product_8509_3,clothing,121.68005491101367,153.7759120157637,inactive,2024-06-26
38510,Product_8510_3,clothing,709.8463329630611,336.7124868950983,pending,2024-06-28
38511,Product_8511_3,clothing,701.3005789029197,272.37210416858375,active,2024-12-11
38512,Product_8512_3,electronics,599.6477065424814,486.65664367496356,active,2024-08-26
38513,Product_8513_3,books,773.4047959447206,433.6092338308599,active,2024-12-23
38514,Product_8514_3,sports,40.76379549690528,122.6672247305929,pending,2024-11-01
38515,Product_8515_3,clothing,337.4123672760961,350.49511365991947,inactive,2024-02-06
38516,Product_8516_3,home,234.11547794343232,179.15331330385808,inactive,2024-04-22
38517,Product_8517_3,electronics,701.4389730498648,31.163983426644325,pending,2024-09-02
38518,Product_8518_3,electronics,27.118042676796275,37.70037497095079,active,2024-04-14
38519,Product_8519_3,home,861.7898196124396,386.44861424916,archived,2024-01-20
38520,Product_8520_3,clothing,517.816633028686,212.1118420300231,active,2024-10-18
38521,Product_8521_3,sports,194.8866130916913,423.39899903422787,pending,2024-05-14
38522,Product_8522_3,electronics,142.95621727627318,262.819916149567,pending,2024-10-08
38523,Product_8523_3,books,740.1501085092525,498.5001610936493,pending,2024-02-08
38524,Product_8524_3,electronics,60.762487800201605,126.10791180961218,pending,2024-09-16
38525,Product_8525_3,sports,710.3508667766207,138.0453492450012,active,2024-02-14
38526,Product_8526_3,books,643.1431953655788,421.65715830703687,archived,2024-08-01
38527,Product_8527_3,clothing,242.03640187612777,372.2148640447614,active,2024-05-19
38528,Product_8528_3,sports,243.41138993432594,352.1190054762522,active,2024-07-10
38529,Product_8529_3,sports,811.8345408432714,134.65388180777234,inactive,2024-10-28
38530,Product_8530_3,clothing,882.115619412052,343.0503477714334,pending,2024-06-19
38531,Product_8531_3,home,568.0251987640909,307.8392664386166,active,2024-03-19
38532,Product_8532_3,electronics,315.0990594231265,346.47363302932246,inactive,2024-07-16
38533,Product_8533_3,books,180.6501068972549,54.53939990650229,pending,2024-08-22
38534,Product_8534_3,clothing,950.1832203657619,211.85953946170895,archived,2024-09-08
38535,Product_8535_3,home,522.1518315173523,36.190618201873804,inactive,2024-08-19
38536,Product_8536_3,books,135.72343141599566,307.6626862900834,archived,2024-02-15
38537,Product_8537_3,sports,946.7752630273751,293.2001697427115,archived,2024-08-01
38538,Product_8538_3,sports,471.97107610512876,10.553312689742857,archived,2024-04-26
38539,Product_8539_3,home,787.6134358029483,285.1628637772498,inactive,2024-07-15
38540,Product_8540_3,clothing,727.9728327925191,487.5539269608906,pending,2024-06-01
38541,Product_8541_3,home,854.4090858027445,463.00887543098,archived,2024-03-24
38542,Product_8542_3,electronics,761.124833882639,297.6163961737123,inactive,2024-12-11
38543,Product_8543_3,home,609.9367891133361,450.4485659468059,archived,2024-01-20
38544,Product_8544_3,sports,910.5224967701159,312.8412587084223,pending,2024-02-06
38545,Product_8545_3,home,881.8891231592504,447.9536646208843,active,2024-08-24
38546,Product_8546_3,home,881.5939932421596,209.8989402577281,pending,2024-05-20
38547,Product_8547_3,sports,217.46538879041495,121.41429213967928,inactive,2024-09-08
38548,Product_8548_3,books,510.46758106020326,41.23700851411587,pending,2024-07-09
38549,Product_8549_3,home,654.6477807298767,446.55405227477587,inactive,2024-05-23
38550,Product_8550_3,books,964.7491909307813,102.64873693638556,archived,2024-04-27
38551,Product_8551_3,clothing,381.3463644823978,414.845539505089,active,2024-12-15
38552,Product_8552_3,home,476.9100777012313,374.61182906064295,archived,2024-07-01
38553,Product_8553_3,books,138.14316254564787,294.53203118757847,pending,2024-02-10
38554,Product_8554_3,electronics,365.3221314234947,221.77989143507452,archived,2024-02-07
38555,Product_8555_3,clothing,924.0188516580448,271.7198900380854,active,2024-07-25
38556,Product_8556_3,sports,817.362600996775,53.5649630966005,inactive,2024-03-07
38557,Product_8557_3,books,952.9745613431368,372.675666954261,inactive,2024-09-18
38558,Product_8558_3,electronics,544.3508435937845,235.115894075947,archived,2024-03-28
38559,Product_8559_3,clothing,706.0527558504378,57.7054693552948,inactive,2024-07-24
38560,Product_8560_3,clothing,683.749675713326,410.3963118200125,pending,2024-06-07
38561,Product_8561_3,electronics,28.594338920479235,156.1746618433752,active,2024-03-15
38562,Product_8562_3,clothing,739.997061945247,239.42616054158302,pending,2024-02-06
38563,Product_8563_3,clothing,223.14728690787587,92.48727553391454,inactive,2024-04-24
38564,Product_8564_3,books,607.0470040484861,159.37911761602248,active,2024-06-09
38565,Product_8565_3,books,136.68592655398882,145.7614350855916,pending,2024-02-08
38566,Product_8566_3,sports,533.3468816490987,294.1232155953695,pending,2024-03-16
38567,Product_8567_3,books,371.2975817896027,244.82077244236746,inactive,2024-03-24
38568,Product_8568_3,home,211.69792700798033,467.0534159079652,active,2024-09-26
38569,Product_8569_3,sports,425.5827636166167,291.6129046488483,archived,2024-01-12
38570,Product_8570_3,electronics,614.8284372805865,492.19759790597845,pending,2024-06-18
38571,Product_8571_3,clothing,363.30106576206356,69.68621876636911,archived,2024-02-06
38572,Product_8572_3,clothing,410.3472563669023,236.34565369640333,inactive,2024-12-21
38573,Product_8573_3,electronics,232.66566836163415,69.81888060905844,archived,2024-06-11
38574,Product_8574_3,clothing,589.4177648375713,469.9276787956055,pending,2024-11-28
38575,Product_8575_3,clothing,850.2746547314835,355.1195887655077,active,2024-11-10
38576,Product_8576_3,electronics,65.70246377508185,302.97598887779236,active,2024-06-04
38577,Product_8577_3,sports,174.48936716692015,466.1455264506057,archived,2024-11-21
38578,Product_8578_3,books,120.45377253592221,262.81321238487294,inactive,2024-04-24
38579,Product_8579_3,clothing,316.76077108386545,91.14786032715878,active,2024-01-05
38580,Product_8580_3,sports,790.0865535568107,473.8749151174285,inactive,2024-05-26
38581,Product_8581_3,sports,803.4959946870785,38.574812007538256,active,2024-12-15
38582,Product_8582_3,sports,123.46459240504754,322.35999393393166,pending,2024-08-20
38583,Product_8583_3,sports,291.3245396082051,324.6863140017093,active,2024-05-07
38584,Product_8584_3,sports,565.8497432603399,10.552233337990737,pending,2024-12-09
38585,Product_8585_3,home,144.69898211726402,284.6145775417064,inactive,2024-09-02
38586,Product_8586_3,clothing,635.196544576986,228.89273274750173,active,2024-05-27
38587,Product_8587_3,home,142.68523271372257,495.00625502264137,archived,2024-08-08
38588,Product_8588_3,electronics,303.66877918437984,420.0407227395793,inactive,2024-12-02
38589,Product_8589_3,clothing,324.2944203069508,491.97812784889913,inactive,2024-06-11
38590,Product_8590_3,books,431.6806626845829,386.7476613359713,archived,2024-07-13
38591,Product_8591_3,electronics,384.5270625658194,79.19507586259303,archived,2024-07-21
38592,Product_8592_3,books,209.3885226031855,376.8273749273985,active,2024-10-13
38593,Product_8593_3,books,363.3073292395121,418.645793943567,archived,2024-10-05
38594,Product_8594_3,books,156.355951861679,206.96171810897206,active,2024-06-22
38595,Product_8595_3,electronics,882.7203971174696,30.93571031653214,pending,2024-03-04
38596,Product_8596_3,electronics,206.21940139273556,353.329148380617,pending,2024-04-22
38597,Product_8597_3,books,32.31985927714271,395.12221916263803,pending,2024-03-11
38598,Product_8598_3,clothing,843.148454272712,252.58473171192992,pending,2024-09-28
38599,Product_8599_3,books,351.3876781833577,281.96872331471724,active,2024-01-08
38600,Product_8600_3,clothing,771.6664835953501,344.10878705318277,active,2024-08-03
38601,Product_8601_3,books,916.944263851853,147.83125392691232,active,2024-04-08
38602,Product_8602_3,home,354.7568400389488,175.34031573689234,active,2024-02-06
38603,Product_8603_3,sports,497.2262976864866,327.08582203351295,active,2024-03-25
38604,Product_8604_3,home,818.9936823943245,380.0510588101467,archived,2024-05-25
38605,Product_8605_3,sports,377.56138759048537,398.4315080525912,pending,2024-09-26
38606,Product_8606_3,sports,208.55806909193686,436.64791380618124,inactive,2024-10-26
38607,Product_8607_3,electronics,203.60298180271025,361.2891027459721,inactive,2024-05-15
38608,Product_8608_3,electronics,866.9899618086273,47.615658021256245,active,2024-01-27
38609,Product_8609_3,electronics,147.28404031142952,340.96200469913003,active,2024-11-22
38610,Product_8610_3,clothing,520.5783789489859,347.62671460306984,active,2024-08-25
38611,Product_8611_3,clothing,981.3928834719621,435.8100336871969,pending,2024-07-19
38612,Product_8612_3,clothing,119.93748447685657,204.44939761114603,inactive,2024-01-13
38613,Product_8613_3,clothing,924.5842625827198,263.670903487599,archived,2024-03-10
38614,Product_8614_3,electronics,574.5743940652312,247.20195281335316,archived,2024-11-15
38615,Product_8615_3,books,216.3956158167197,227.39232279421122,archived,2024-03-24
38616,Product_8616_3,books,954.4350345580103,202.39724125291602,archived,2024-11-25
38617,Product_8617_3,books,293.24993039523156,416.3665896385802,pending,2024-05-13
38618,Product_8618_3,electronics,19.42002768442829,207.92911361187396,archived,2024-10-09
38619,Product_8619_3,sports,76.47824875504975,305.0365904597775,pending,2024-06-11
38620,Product_8620_3,clothing,927.5680993565533,146.56009363731332,active,2024-01-07
38621,Product_8621_3,electronics,377.3990404399707,138.31302436887756,pending,2024-04-03
38622,Product_8622_3,clothing,239.8078675313151,443.02368701190244,inactive,2024-11-22
38623,Product_8623_3,sports,197.49230643966723,191.24047655008638,pending,2024-06-11
38624,Product_8624_3,sports,220.06446216348476,283.03177710099715,pending,2024-03-22
38625,Product_8625_3,home,38.23439717275778,465.74374675808525,inactive,2024-05-19
38626,Product_8626_3,books,853.621418007307,87.83462254604443,inactive,2024-02-25
38627,Product_8627_3,books,409.94946761788566,192.54142393806225,active,2024-12-26
38628,Product_8628_3,books,662.2202951843345,453.0383380038002,inactive,2024-10-25
38629,Product_8629_3,home,367.7484389566821,421.7809743736641,pending,2024-03-27
38630,Product_8630_3,sports,294.03882053815363,318.9763194122839,inactive,2024-09-19
38631,Product_8631_3,home,824.9719259274707,347.51516275306824,inactive,2024-01-05
38632,Product_8632_3,electronics,518.6001586420131,446.4453832489674,archived,2024-08-26
38633,Product_8633_3,sports,706.5015063980157,97.43256371506074,pending,2024-08-25
38634,Product_8634_3,home,609.218159480192,45.60467926691194,archived,2024-03-21
38635,Product_8635_3,home,242.70038782531293,41.7411140616657,inactive,2024-08-05
38636,Product_8636_3,sports,351.26483624744327,384.43393015416746,active,2024-05-19
38637,Product_8637_3,sports,202.677703821849,117.19552515063788,archived,2024-05-23
38638,Product_8638_3,books,288.59537818552354,380.1740855683349,active,2024-08-17
38639,Product_8639_3,home,371.99190207838626,299.51993051328736,active,2024-11-21
38640,Product_8640_3,home,17.686657557882846,435.80798620443557,pending,2024-03-02
38641,Product_8641_3,sports,864.7467604382842,421.45156563899224,active,2024-12-22
38642,Product_8642_3,clothing,249.4820353350973,57.16296330099711,active,2024-07-14
38643,Product_8643_3,home,884.3071306697675,221.67339077783922,archived,2024-04-11
38644,Product_8644_3,electronics,814.4403647359976,150.10870534615276,pending,2024-01-23
38645,Product_8645_3,sports,706.7626714315566,150.49025557872625,archived,2024-06-21
38646,Product_8646_3,sports,987.658273336679,362.76393324508115,archived,2024-08-01
38647,Product_8647_3,sports,58.61928257488101,404.0109712805443,inactive,2024-10-17
38648,Product_8648_3,books,59.40074337345407,203.21535380580954,inactive,2024-09-22
38649,Product_8649_3,books,373.04983416462363,360.3585098981837,pending,2024-05-12
38650,Product_8650_3,electronics,284.9746411048518,389.71937181438915,archived,2024-01-21
38651,Product_8651_3,sports,599.9800258258385,63.45079417713779,archived,2024-05-08
38652,Product_8652_3,books,482.3954885788743,148.10423528757977,inactive,2024-01-26
38653,Product_8653_3,clothing,874.3156472629737,136.7363780475003,active,2024-09-06
38654,Product_8654_3,sports,402.47101697996055,282.2618814530139,pending,2024-04-02
38655,Product_8655_3,books,156.33360832979739,405.16551172060304,inactive,2024-10-14
38656,Product_8656_3,electronics,239.89044351397246,192.20572042171776,active,2024-06-21
38657,Product_8657_3,books,756.9163888196069,493.604696038182,archived,2024-10-15
38658,Product_8658_3,books,464.8261993178421,117.43401151418594,pending,2024-12-01
38659,Product_8659_3,electronics,232.76976091773875,461.073113995913,archived,2024-10-26
38660,Product_8660_3,sports,333.825014307409,492.09011157541374,inactive,2024-01-25
38661,Product_8661_3,home,791.749729230655,437.00003160426536,active,2024-07-20
38662,Product_8662_3,electronics,478.3470383270907,467.2277857172385,inactive,2024-11-13
38663,Product_8663_3,electronics,32.79256019318794,238.59725127795187,archived,2024-10-28
38664,Product_8664_3,electronics,480.15016218935557,49.13201950291882,active,2024-08-23
38665,Product_8665_3,clothing,201.30287091988401,307.03501456512384,archived,2024-02-07
38666,Product_8666_3,books,694.6929335254989,317.72538817167606,pending,2024-01-19
38667,Product_8667_3,sports,419.39709029020304,278.3593891140951,inactive,2024-02-21
38668,Product_8668_3,sports,710.7141840628688,392.5804309045818,active,2024-03-07
38669,Product_8669_3,home,96.49370385273362,306.92042281866964,archived,2024-09-17
38670,Product_8670_3,clothing,96.73313982874845,375.28141331305073,pending,2024-05-09
38671,Product_8671_3,electronics,35.233036855681405,36.94154829635417,archived,2024-07-24
38672,Product_8672_3,sports,195.22944902288467,207.9079064215324,pending,2024-11-10
38673,Product_8673_3,clothing,121.56381558021344,177.65151762404406,archived,2024-03-05
38674,Product_8674_3,home,472.77684183360105,192.40709713252855,pending,2024-05-23
38675,Product_8675_3,home,37.78882481563432,196.49784339513968,inactive,2024-01-27
38676,Product_8676_3,home,891.1134055707253,499.9320002666229,active,2024-03-11
38677,Product_8677_3,electronics,825.921221584666,91.04187064050792,pending,2024-07-15
38678,Product_8678_3,clothing,507.1112627368614,377.17231982030916,pending,2024-04-25
38679,Product_8679_3,home,594.8689097747076,348.88897098464696,pending,2024-10-23
38680,Product_8680_3,clothing,72.21013141864046,414.06674913782115,inactive,2024-02-02
38681,Product_8681_3,books,119.5290540706944,210.84350288118887,pending,2024-05-20
38682,Product_8682_3,sports,167.73613760055358,378.67056824820617,active,2024-08-13
38683,Product_8683_3,clothing,867.1284508439481,203.59683308752724,pending,2024-09-01
38684,Product_8684_3,home,706.4693646277345,72.70481516954945,inactive,2024-02-16
38685,Product_8685_3,sports,140.62753964844688,354.7638835795713,active,2024-11-12
38686,Product_8686_3,electronics,867.2708446860563,139.09418532987652,pending,2024-12-23
38687,Product_8687_3,home,819.1152085133424,318.4935002999497,inactive,2024-08-05
38688,Product_8688_3,home,58.691243135666255,212.27692043276707,active,2024-06-24
38689,Product_8689_3,books,273.78177920321735,448.20311875090306,inactive,2024-04-08
38690,Product_8690_3,books,515.9076034623306,234.8468020550058,inactive,2024-01-18
38691,Product_8691_3,home,378.0046415812514,485.932700804092,pending,2024-02-08
38692,Product_8692_3,electronics,717.6854188947851,347.00102212283434,pending,2024-05-09
38693,Product_8693_3,books,529.4242899061871,117.43322721215621,archived,2024-01-09
38694,Product_8694_3,books,302.9551653472064,314.04701794694563,pending,2024-10-07
38695,Product_8695_3,home,104.6794256582662,60.153908696433895,pending,2024-06-14
38696,Product_8696_3,sports,514.8156480552607,132.3951014249319,inactive,2024-08-18
38697,Product_8697_3,sports,686.910095248223,107.72971848551633,archived,2024-10-03
38698,Product_8698_3,books,811.7745691439585,483.9696507701733,pending,2024-03-07
38699,Product_8699_3,sports,649.4632794050821,317.65021876296134,inactive,2024-02-16
38700,Product_8700_3,home,541.293786312403,58.61283358200593,pending,2024-11-15
38701,Product_8701_3,sports,326.90844766056387,257.8299695107071,inactive,2024-09-16
38702,Product_8702_3,sports,92.07655792215505,78.37900392223186,pending,2024-06-09
38703,Product_8703_3,home,586.2960605038447,319.6850111911418,active,2024-06-03
38704,Product_8704_3,books,621.6923183874718,83.94779646657504,active,2024-09-04
38705,Product_8705_3,sports,754.7966627239974,234.29928968593148,pending,2024-11-20
38706,Product_8706_3,electronics,793.2662025067119,407.98317600352493,archived,2024-06-26
38707,Product_8707_3,clothing,870.2314246324611,72.56111380063749,inactive,2024-05-09
38708,Product_8708_3,home,549.1485004068782,422.2051040754562,active,2024-07-05
38709,Product_8709_3,books,264.383403029402,485.55831369237706,pending,2024-11-17
38710,Product_8710_3,books,370.71814114251555,208.48392756554543,active,2024-10-11
38711,Product_8711_3,home,893.7912011479845,292.2918940421542,pending,2024-03-17
38712,Product_8712_3,home,858.9174624253503,435.35356510110626,active,2024-07-28
38713,Product_8713_3,sports,171.3727686684941,471.5807390612638,pending,2024-10-03
38714,Product_8714_3,sports,81.87953790479133,382.017066042441,active,2024-02-22
38715,Product_8715_3,home,600.0793945151798,324.1031578011814,archived,2024-10-28
38716,Product_8716_3,home,662.9455518370216,409.3157724457792,pending,2024-02-18
38717,Product_8717_3,electronics,996.7657045317997,491.0840028414453,archived,2024-08-28
38718,Product_8718_3,books,294.73323185119017,181.86870167629985,archived,2024-08-23
38719,Product_8719_3,books,707.5756075026167,107.12190185806584,pending,2024-12-26
38720,Product_8720_3,electronics,680.5776099520587,127.78329588568799,inactive,2024-02-06
38721,Product_8721_3,books,595.2851640501066,49.94962081139814,pending,2024-02-28
38722,Product_8722_3,electronics,216.0067649815474,83.6701552228613,inactive,2024-02-15
38723,Product_8723_3,sports,443.6547774475472,70.18490941163562,inactive,2024-09-08
38724,Product_8724_3,electronics,262.2981251950792,155.83355265188297,pending,2024-05-24
38725,Product_8725_3,books,978.6231134693528,295.8601937630774,inactive,2024-03-26
38726,Product_8726_3,clothing,419.1313109720087,170.35441733709447,inactive,2024-04-24
38727,Product_8727_3,electronics,395.9674301762953,345.81935821928926,archived,2024-04-12
38728,Product_8728_3,sports,982.0200705849085,144.98099907235385,archived,2024-08-14
38729,Product_8729_3,clothing,933.5220070387217,166.35431248121822,archived,2024-10-23
38730,Product_8730_3,books,663.9959967988781,69.64090701877146,active,2024-04-28
38731,Product_8731_3,home,219.68975005435968,149.98485202604402,pending,2024-12-19
38732,Product_8732_3,home,993.1295256305402,436.1941463453321,inactive,2024-11-10
38733,Product_8733_3,books,978.0447977392154,18.001442915775748,active,2024-10-28
38734,Product_8734_3,clothing,983.5065646170123,98.28381704257274,inactive,2024-02-21
38735,Product_8735_3,sports,489.63451685196804,418.92021666761354,inactive,2024-11-21
38736,Product_8736_3,clothing,214.62824486042092,99.38951819542521,active,2024-11-05
38737,Product_8737_3,home,732.8240947483802,235.1682665377483,inactive,2024-03-27
38738,Product_8738_3,clothing,524.1571281295973,308.64696547564915,inactive,2024-11-21
38739,Product_8739_3,clothing,724.0433700680151,313.9485902486126,pending,2024-10-15
38740,Product_8740_3,electronics,786.7597066153703,73.8637228965093,archived,2024-04-28
38741,Product_8741_3,clothing,59.14754471385177,95.65490231646218,active,2024-07-19
38742,Product_8742_3,electronics,157.56407634253932,158.25335868813352,inactive,2024-06-09
38743,Product_8743_3,sports,677.4068151837662,367.65385325517144,active,2024-11-11
38744,Product_8744_3,clothing,496.4533893520277,207.5716051570726,inactive,2024-02-27
38745,Product_8745_3,electronics,91.59251112373222,446.21564879491865,inactive,2024-09-17
38746,Product_8746_3,books,21.286800010086424,491.6064184792346,active,2024-04-10
38747,Product_8747_3,home,456.5023347817978,253.33059779693772,archived,2024-10-28
38748,Product_8748_3,books,28.84639330909377,407.5400940178948,inactive,2024-12-21
38749,Product_8749_3,home,200.6685528680905,167.83413933874476,inactive,2024-03-14
38750,Product_8750_3,clothing,997.4643162230186,446.40298780599244,archived,2024-04-06
38751,Product_8751_3,clothing,831.7600111451496,85.97740805633451,pending,2024-09-03
38752,Product_8752_3,books,462.28032208811845,275.59730181878507,inactive,2024-12-02
38753,Product_8753_3,clothing,619.3515059455948,254.75302982603353,active,2024-03-19
38754,Product_8754_3,electronics,586.157496383982,61.9542843278303,active,2024-10-27
38755,Product_8755_3,clothing,130.5294556858126,170.05387289334723,inactive,2024-12-20
38756,Product_8756_3,home,596.6759416362453,297.82360084748257,inactive,2024-04-20
38757,Product_8757_3,electronics,645.2407794776137,380.40260407340315,active,2024-04-12
38758,Product_8758_3,sports,385.7854402432419,165.57834717033668,active,2024-11-01
38759,Product_8759_3,electronics,858.7803801232728,153.73759630312586,active,2024-06-10
38760,Product_8760_3,sports,276.7972934361137,52.198595327905586,active,2024-12-06
38761,Product_8761_3,books,838.050905194502,433.8046520658324,pending,2024-08-05
38762,Product_8762_3,electronics,378.366366211812,304.5163471796254,archived,2024-02-05
38763,Product_8763_3,home,456.19195117309727,121.83770313696024,active,2024-01-23
38764,Product_8764_3,clothing,727.1192467297177,195.90482869908092,archived,2024-06-07
38765,Product_8765_3,home,593.2067999342654,472.0774935699475,active,2024-03-01
38766,Product_8766_3,electronics,680.9762407503366,208.01708886628424,inactive,2024-12-25
38767,Product_8767_3,sports,29.85816912798858,346.3065400093728,inactive,2024-03-27
38768,Product_8768_3,sports,86.60960320901702,448.61903075378643,active,2024-02-14
38769,Product_8769_3,clothing,863.5634600672124,414.9191820263114,active,2024-02-11
38770,Product_8770_3,home,669.4382531212768,64.86819583803432,active,2024-11-16
38771,Product_8771_3,electronics,940.8438365233474,47.63976601618546,inactive,2024-04-10
38772,Product_8772_3,books,66.84902773923797,54.467805359240494,active,2024-03-28
38773,Product_8773_3,clothing,131.01070323587234,281.1851173148912,active,2024-04-01
38774,Product_8774_3,clothing,517.7189043738313,48.48685284391775,active,2024-12-17
38775,Product_8775_3,electronics,347.86860368377944,383.1099540207908,active,2024-08-07
38776,Product_8776_3,clothing,421.55298659281516,492.90246123498673,inactive,2024-10-27
38777,Product_8777_3,books,607.4894505628889,402.08571867148953,archived,2024-10-14
38778,Product_8778_3,home,659.9429868872675,432.57469645835715,inactive,2024-11-16
38779,Product_8779_3,sports,119.46793961377037,458.2670448969478,archived,2024-10-25
38780,Product_8780_3,sports,169.10136440094698,192.91577293616965,active,2024-03-03
38781,Product_8781_3,sports,974.8912604987657,447.15400119957764,archived,2024-08-25
38782,Product_8782_3,home,272.7326683145067,79.50147092451576,pending,2024-11-23
38783,Product_8783_3,electronics,536.2769164049198,190.21892960094644,inactive,2024-09-15
38784,Product_8784_3,books,9.187209754214296,345.3576676471646,active,2024-11-09
38785,Product_8785_3,clothing,392.48004477370773,336.2268496369678,inactive,2024-01-27
38786,Product_8786_3,books,684.6397830076799,222.25807498122188,pending,2024-12-07
38787,Product_8787_3,books,515.8070733535435,301.69587545743457,active,2024-10-25
38788,Product_8788_3,electronics,465.7848766183512,433.6569506257079,pending,2024-11-13
38789,Product_8789_3,sports,470.60882554848206,413.3414661032145,archived,2024-12-09
38790,Product_8790_3,books,237.86688913194362,218.93107006817542,pending,2024-03-20
38791,Product_8791_3,books,243.30054255450167,446.0057155549114,pending,2024-09-24
38792,Product_8792_3,electronics,976.6645041173541,440.4521239425247,archived,2024-01-27
38793,Product_8793_3,home,562.5999595521896,218.20661719045697,archived,2024-01-28
38794,Product_8794_3,books,456.9044216957992,161.6534284679501,archived,2024-04-14
38795,Product_8795_3,clothing,307.657399625715,367.73283001356515,active,2024-04-03
38796,Product_8796_3,books,32.443046913548876,430.583318526471,active,2024-03-15
38797,Product_8797_3,books,751.571673758498,275.89443680740237,inactive,2024-05-21
38798,Product_8798_3,clothing,584.812532148792,365.6699746851086,active,2024-10-17
38799,Product_8799_3,books,351.11919415582696,226.32987260353804,active,2024-07-07
38800,Product_8800_3,home,707.8510784503727,217.93792386499928,archived,2024-09-28
38801,Product_8801_3,sports,533.9973229639004,134.26855554216357,archived,2024-02-06
38802,Product_8802_3,electronics,521.1696584417324,126.17299685335789,inactive,2024-08-28
38803,Product_8803_3,clothing,325.81706523551577,95.04372821704077,active,2024-10-01
38804,Product_8804_3,clothing,806.5116548954801,195.0731787220608,archived,2024-09-07
38805,Product_8805_3,home,721.4060015776809,174.57561869759195,active,2024-01-17
38806,Product_8806_3,sports,885.5408019941091,85.06867926359102,archived,2024-09-22
38807,Product_8807_3,clothing,336.12188520270746,486.99625919705164,inactive,2024-01-16
38808,Product_8808_3,sports,56.83021847476849,103.15494490391688,active,2024-07-20
38809,Product_8809_3,sports,65.65425398336458,485.82906951498,inactive,2024-04-05
38810,Product_8810_3,sports,340.02836160626896,293.0831287287114,pending,2024-10-25
38811,Product_8811_3,clothing,358.7298368507435,79.5053028203462,pending,2024-10-18
38812,Product_8812_3,sports,819.0907000601395,192.1316427394648,active,2024-12-12
38813,Product_8813_3,clothing,424.02979672693544,199.14804937401152,pending,2024-04-15
38814,Product_8814_3,home,687.5925674958302,163.12607675507118,archived,2024-09-27
38815,Product_8815_3,books,546.9913705584587,187.77575888069228,inactive,2024-08-28
38816,Product_8816_3,sports,690.6151879575041,62.52838549091022,pending,2024-09-11
38817,Product_8817_3,clothing,410.11769908545875,120.85008086196129,archived,2024-11-05
38818,Product_8818_3,sports,499.4786937310612,410.5004518739732,active,2024-12-17
38819,Product_8819_3,books,632.100127902435,431.5457606228318,active,2024-08-14
38820,Product_8820_3,books,527.2930734917999,155.88222801520124,inactive,2024-12-09
38821,Product_8821_3,electronics,188.8285863316422,427.8252016415997,archived,2024-04-03
38822,Product_8822_3,books,471.0377288124032,268.09444711163707,pending,2024-07-10
38823,Product_8823_3,sports,523.945755961066,255.32665372868928,archived,2024-09-28
38824,Product_8824_3,electronics,377.7402814508759,484.2047387225027,inactive,2024-03-08
38825,Product_8825_3,home,10.293102173484023,33.16549911953132,archived,2024-03-09
38826,Product_8826_3,books,965.8010603848018,13.778255309582795,inactive,2024-06-02
38827,Product_8827_3,home,468.97349548434323,16.958791276690317,active,2024-12-25
38828,Product_8828_3,electronics,650.0867806933869,441.46935108998,pending,2024-02-24
38829,Product_8829_3,sports,3.6791046718157197,328.7072488670262,pending,2024-01-08
38830,Product_8830_3,electronics,101.7008115235044,442.59981173978053,active,2024-05-15
38831,Product_8831_3,sports,974.1369432776563,368.5768519122172,active,2024-04-15
38832,Product_8832_3,sports,361.80924321682744,17.743473327974883,inactive,2024-12-13
38833,Product_8833_3,clothing,752.9094516851915,85.9970878833019,active,2024-08-17
38834,Product_8834_3,electronics,498.8848053307286,211.89847246535695,archived,2024-10-10
38835,Product_8835_3,electronics,522.3908756998093,31.803389817759687,pending,2024-04-06
38836,Product_8836_3,clothing,1.3049023835582318,29.976561778375228,active,2024-03-16
38837,Product_8837_3,electronics,720.1760548343287,128.8808245870788,inactive,2024-10-18
38838,Product_8838_3,home,398.3476777141987,320.66286908692786,archived,2024-08-14
38839,Product_8839_3,electronics,961.4736808540308,102.29884615501948,inactive,2024-01-10
38840,Product_8840_3,sports,4.466180395683127,198.08114935198984,inactive,2024-04-13
38841,Product_8841_3,sports,533.359450948962,215.91343827684116,inactive,2024-01-26
38842,Product_8842_3,books,791.6657992934796,487.0576082083913,inactive,2024-08-07
38843,Product_8843_3,home,308.1331440277717,456.5315022760308,inactive,2024-08-25
38844,Product_8844_3,books,485.72181066476423,434.70988055435043,archived,2024-09-13
38845,Product_8845_3,books,228.84829552339144,228.62899565931224,inactive,2024-08-25
38846,Product_8846_3,books,621.5170802753848,113.14066516180885,active,2024-04-12
38847,Product_8847_3,clothing,160.24953365075768,450.3270954956373,pending,2024-04-01
38848,Product_8848_3,books,420.2107582550686,225.75233093535752,archived,2024-06-22
38849,Product_8849_3,clothing,219.99177064937615,369.9522655676797,active,2024-03-26
38850,Product_8850_3,sports,87.1094564000367,477.5155154593357,pending,2024-05-09
38851,Product_8851_3,clothing,427.1520086194621,356.41324509815587,archived,2024-07-27
38852,Product_8852_3,sports,721.6408539364421,277.6829660265334,active,2024-07-27
38853,Product_8853_3,clothing,451.16491369241186,408.8205265466035,archived,2024-09-22
38854,Product_8854_3,clothing,295.6574828763556,184.32492874035023,active,2024-04-15
38855,Product_8855_3,clothing,910.998818549679,326.51906252834056,active,2024-11-17
38856,Product_8856_3,home,484.7272355619189,322.84581037074554,inactive,2024-12-05
38857,Product_8857_3,home,14.033306220015206,371.453210194801,active,2024-05-09
38858,Product_8858_3,home,463.27740774428224,101.30261230816518,inactive,2024-06-03
38859,Product_8859_3,sports,430.2410853453551,113.2258450470398,active,2024-02-14
38860,Product_8860_3,clothing,712.4757114306349,376.80307148015277,pending,2024-04-01
38861,Product_8861_3,sports,274.41200025573704,25.561560388254268,active,2024-06-26
38862,Product_8862_3,clothing,162.71202127031586,409.1129642768777,archived,2024-05-22
38863,Product_8863_3,books,928.6692400326824,97.60490325555102,archived,2024-07-11
38864,Product_8864_3,clothing,593.511449751416,376.4945889103528,inactive,2024-09-06
38865,Product_8865_3,sports,808.9688876299165,496.34536296533247,pending,2024-11-13
38866,Product_8866_3,electronics,224.40705814718632,314.75471550840365,active,2024-09-15
38867,Product_8867_3,home,535.5431384215965,81.22554641085407,pending,2024-05-15
38868,Product_8868_3,sports,664.0786035881447,134.8619912298799,pending,2024-11-18
38869,Product_8869_3,electronics,339.4719900866833,417.38315545145883,inactive,2024-09-26
38870,Product_8870_3,sports,760.064413191864,252.9323466582671,inactive,2024-05-15
38871,Product_8871_3,clothing,283.4517632603763,138.88988183652816,archived,2024-01-20
38872,Product_8872_3,books,680.7996364565099,358.5415241854482,pending,2024-09-08
38873,Product_8873_3,home,781.9078894229461,64.63878514593051,pending,2024-02-21
38874,Product_8874_3,sports,23.4288259252603,405.8976337112895,pending,2024-03-03
38875,Product_8875_3,electronics,44.18051479894847,206.8539639996977,active,2024-09-08
38876,Product_8876_3,clothing,998.0467255322523,359.95333175438424,archived,2024-01-02
38877,Product_8877_3,electronics,935.9902753462114,202.38218875022343,active,2024-02-11
38878,Product_8878_3,electronics,247.0387150348454,434.9443954892037,pending,2024-04-20
38879,Product_8879_3,electronics,795.5641727219199,277.323071606032,pending,2024-02-17
38880,Product_8880_3,electronics,913.2548871517316,109.32871971117744,pending,2024-02-26
38881,Product_8881_3,electronics,792.5822303724938,282.88970228728374,pending,2024-09-04
38882,Product_8882_3,books,599.2952346759596,319.867985058986,inactive,2024-07-11
38883,Product_8883_3,clothing,908.337308553418,395.23148228241865,pending,2024-11-12
38884,Product_8884_3,clothing,714.1425319480755,153.48619072903708,archived,2024-06-25
38885,Product_8885_3,sports,307.25008244351443,290.7784534214007,inactive,2024-05-22
38886,Product_8886_3,home,738.2417093872064,259.89063443607427,archived,2024-05-08
38887,Product_8887_3,electronics,822.9483315437138,190.77632701643745,inactive,2024-03-15
38888,Product_8888_3,books,331.8821516048065,286.0403346504719,inactive,2024-11-02
38889,Product_8889_3,home,214.92651215158182,222.42332121098943,pending,2024-01-10
38890,Product_8890_3,electronics,843.9761975455446,356.9286040058092,archived,2024-11-11
38891,Product_8891_3,sports,868.2271097305523,218.9033027840841,inactive,2024-04-25
38892,Product_8892_3,electronics,55.1146978281486,34.55883941446881,active,2024-05-27
38893,Product_8893_3,electronics,370.92967866276246,478.3804296895934,pending,2024-07-11
38894,Product_8894_3,books,718.7515064846456,299.1569246058599,archived,2024-02-12
38895,Product_8895_3,clothing,516.8801167591566,141.188918001619,pending,2024-08-28
38896,Product_8896_3,electronics,849.4796928742724,281.47447874573817,active,2024-11-06
38897,Product_8897_3,clothing,930.3022557491878,176.9033902598801,pending,2024-12-28
38898,Product_8898_3,clothing,763.3803691070223,227.54415388656548,pending,2024-07-20
38899,Product_8899_3,clothing,504.6496509489025,254.5859278290937,archived,2024-09-19
38900,Product_8900_3,home,391.65459562796013,317.77261052378077,pending,2024-01-06
38901,Product_8901_3,home,799.6753719059583,267.05976325730967,archived,2024-05-14
38902,Product_8902_3,clothing,921.5867961480104,278.1041468517498,inactive,2024-04-09
38903,Product_8903_3,sports,825.1883588995249,289.6083948434605,active,2024-10-10
38904,Product_8904_3,home,792.7296798984077,206.86013179690704,archived,2024-08-24
38905,Product_8905_3,books,204.14433192429698,489.3811752020219,pending,2024-02-14
38906,Product_8906_3,electronics,346.0898561491093,471.7796419374943,pending,2024-06-06
38907,Product_8907_3,electronics,181.61701496140043,155.58791190802935,archived,2024-03-20
38908,Product_8908_3,clothing,109.46407487357875,140.4775385797894,inactive,2024-12-25
38909,Product_8909_3,home,35.323657843179596,195.2536719902938,active,2024-05-15
38910,Product_8910_3,sports,82.20564159981673,363.4220500779275,active,2024-10-17
38911,Product_8911_3,home,482.0917114774079,218.2352083711909,active,2024-12-10
38912,Product_8912_3,sports,261.67884635603633,74.34667289852766,archived,2024-04-04
38913,Product_8913_3,clothing,108.33786532697769,312.2988325883767,active,2024-10-21
38914,Product_8914_3,sports,283.0149812856873,455.8514518918569,pending,2024-12-11
38915,Product_8915_3,home,171.10831276836007,487.32632361721926,archived,2024-12-15
38916,Product_8916_3,electronics,245.3829812013974,212.9658142161517,active,2024-08-10
38917,Product_8917_3,clothing,476.0923336901758,66.68663488467479,pending,2024-05-23
38918,Product_8918_3,sports,694.4833899067115,223.07502448267581,pending,2024-04-25
38919,Product_8919_3,home,191.11362624389304,407.04486007425004,active,2024-01-15
38920,Product_8920_3,electronics,614.5926460657205,207.84118435300923,pending,2024-06-08
38921,Product_8921_3,clothing,945.8164524632892,113.65927123817612,active,2024-01-22
38922,Product_8922_3,home,829.6287356689862,457.01953396844476,active,2024-07-05
38923,Product_8923_3,books,359.56558446692753,310.4807703323833,inactive,2024-04-19
38924,Product_8924_3,electronics,729.8925197697113,21.486540813762893,archived,2024-02-20
38925,Product_8925_3,books,901.7019379995276,291.8072818734649,pending,2024-10-22
38926,Product_8926_3,books,963.5414446162314,252.65443807004326,active,2024-11-16
38927,Product_8927_3,home,422.88538399519865,85.15405638855461,inactive,2024-07-16
38928,Product_8928_3,home,706.331999146494,282.91280100469316,active,2024-08-13
38929,Product_8929_3,books,248.67259261146205,110.8689851049465,inactive,2024-09-09
38930,Product_8930_3,home,558.0978411063222,151.95028923177492,inactive,2024-01-11
38931,Product_8931_3,sports,295.09035422942475,215.93922475623373,inactive,2024-07-28
38932,Product_8932_3,electronics,284.4187444256925,299.93310536176654,pending,2024-05-13
38933,Product_8933_3,clothing,161.42980240862,188.06000415427573,inactive,2024-10-11
38934,Product_8934_3,sports,449.3132895597672,434.5402187516897,archived,2024-09-20
38935,Product_8935_3,sports,728.9394072669309,52.33455029407965,inactive,2024-01-26
38936,Product_8936_3,clothing,468.8105232312762,486.331605440568,active,2024-11-25
38937,Product_8937_3,home,616.5705273434405,152.68059990619892,archived,2024-01-15
38938,Product_8938_3,clothing,482.3948239817386,33.98523682228925,pending,2024-02-24
38939,Product_8939_3,electronics,359.7989414034945,79.15444679137147,archived,2024-08-08
38940,Product_8940_3,books,506.04819896030483,451.9018376829722,pending,2024-03-24
38941,Product_8941_3,electronics,937.8621122946838,358.18776532144085,pending,2024-12-11
38942,Product_8942_3,sports,791.4138623611931,94.02438828246304,active,2024-02-06
38943,Product_8943_3,clothing,468.0386760096291,456.32631705731933,pending,2024-09-24
38944,Product_8944_3,sports,235.48030811130627,114.43827730009959,active,2024-07-13
38945,Product_8945_3,sports,992.6179470701178,200.2079788191914,archived,2024-03-22
38946,Product_8946_3,electronics,72.86975591973257,240.69029312620304,active,2024-05-24
38947,Product_8947_3,clothing,817.0494481404876,232.57323493259318,pending,2024-05-13
38948,Product_8948_3,clothing,247.69405857244928,272.285926868619,archived,2024-10-20
38949,Product_8949_3,books,715.0541691612191,206.9552943834967,pending,2024-01-28
38950,Product_8950_3,books,148.18557491765577,307.02392396046446,inactive,2024-02-15
38951,Product_8951_3,books,354.8778294764221,156.46748763392208,active,2024-02-21
38952,Product_8952_3,clothing,60.59997752298707,402.7540082325063,inactive,2024-10-26
38953,Product_8953_3,home,8.811193250551304,334.5152742384918,pending,2024-10-11
38954,Product_8954_3,electronics,480.86733525349985,315.12643234604684,active,2024-09-27
38955,Product_8955_3,electronics,408.2474983082068,346.99283692450535,active,2024-12-18
38956,Product_8956_3,books,699.3137281838939,65.87715407921317,active,2024-05-21
38957,Product_8957_3,clothing,354.3615199212002,231.05747511602246,inactive,2024-01-25
38958,Product_8958_3,books,759.2753644247382,213.49426822793484,inactive,2024-07-06
38959,Product_8959_3,sports,172.83502190036702,244.71256126161228,active,2024-07-12
38960,Product_8960_3,electronics,212.53604453043877,470.3928021114591,archived,2024-04-04
38961,Product_8961_3,electronics,732.556093299775,307.55475311196074,archived,2024-11-05
38962,Product_8962_3,electronics,721.7425993748425,428.4731096017226,pending,2024-07-01
38963,Product_8963_3,clothing,267.1327425239592,19.467825559316196,archived,2024-08-26
38964,Product_8964_3,sports,268.8496932165154,185.14409504608108,pending,2024-11-09
38965,Product_8965_3,home,348.4614048594349,354.2504863550012,pending,2024-12-13
38966,Product_8966_3,books,263.58022916552795,367.2512786311117,active,2024-03-19
38967,Product_8967_3,sports,227.1618841961372,105.49041289438429,pending,2024-08-15
38968,Product_8968_3,electronics,483.7676013043114,455.1244253388096,archived,2024-03-06
38969,Product_8969_3,clothing,788.8160409338382,26.9271244335009,pending,2024-11-09
38970,Product_8970_3,sports,898.6045270272404,409.1500585104197,inactive,2024-04-25
38971,Product_8971_3,sports,190.02868556048003,438.0919197808593,pending,2024-10-23
38972,Product_8972_3,books,790.1525042521265,454.3188548164885,inactive,2024-04-27
38973,Product_8973_3,sports,158.53458514871986,103.15453701471746,inactive,2024-08-17
38974,Product_8974_3,sports,896.3684414917242,360.13571746769225,inactive,2024-04-27
38975,Product_8975_3,sports,582.3067842337713,193.93918993819707,inactive,2024-05-13
38976,Product_8976_3,electronics,67.14854009162075,217.58594370861152,inactive,2024-01-26
38977,Product_8977_3,home,637.8546777644136,36.78669951570752,pending,2024-02-20
38978,Product_8978_3,electronics,196.53356171940683,475.08290007753544,active,2024-02-04
38979,Product_8979_3,electronics,46.06830162975802,85.13715623030993,active,2024-05-19
38980,Product_8980_3,home,197.33844669314993,345.9718897311503,pending,2024-06-23
38981,Product_8981_3,sports,565.7770960288109,112.50494783867394,active,2024-04-08
38982,Product_8982_3,sports,553.6606204733151,349.09329342016326,active,2024-03-27
38983,Product_8983_3,sports,10.689298018008945,391.33515392943883,active,2024-06-21
38984,Product_8984_3,home,340.48953906444495,499.8881406262126,inactive,2024-12-07
38985,Product_8985_3,electronics,756.411919992365,212.29866164366302,archived,2024-09-23
38986,Product_8986_3,sports,599.5406418892594,472.50145572912345,pending,2024-03-24
38987,Product_8987_3,sports,256.46019868803467,303.4862599753131,active,2024-12-23
38988,Product_8988_3,books,968.6251069229478,67.45673076122627,active,2024-01-03
38989,Product_8989_3,sports,755.5036617600454,142.3733383022432,archived,2024-05-19
38990,Product_8990_3,clothing,870.7154435408678,309.5916935111282,inactive,2024-06-20
38991,Product_8991_3,sports,877.7840151244458,335.3721968777095,inactive,2024-07-15
38992,Product_8992_3,sports,846.0879071693039,381.6091969176919,inactive,2024-08-11
38993,Product_8993_3,electronics,532.864891210658,246.57413464972274,inactive,2024-05-04
38994,Product_8994_3,electronics,213.855655545118,304.9384697226946,active,2024-11-03
38995,Product_8995_3,clothing,22.0604252117504,191.0140804379212,archived,2024-01-08
38996,Product_8996_3,electronics,880.6144169468204,307.7298646807191,inactive,2024-09-09
38997,Product_8997_3,electronics,231.49086313639737,282.8779001970301,archived,2024-09-05
38998,Product_8998_3,books,440.83781005448105,467.2242311014449,pending,2024-08-10
38999,Product_8999_3,electronics,322.0578217520463,216.74686800701235,pending,2024-01-12
39000,Product_9000_3,electronics,423.5549074142781,44.07074278258619,archived,2024-06-21
39001,Product_9001_3,home,537.5925878571829,459.7276523309406,active,2024-04-24
39002,Product_9002_3,home,214.34439314320824,451.32641955428295,active,2024-04-27
39003,Product_9003_3,home,777.4306396672652,240.70840430435504,active,2024-03-27
39004,Product_9004_3,clothing,762.4413714829052,456.3077755402669,inactive,2024-01-09
39005,Product_9005_3,electronics,418.61187967655724,373.33557422297355,pending,2024-01-25
39006,Product_9006_3,home,312.2051295901815,424.0909704227972,active,2024-04-21
39007,Product_9007_3,electronics,176.97673070683194,452.6718844706422,active,2024-12-07
39008,Product_9008_3,home,658.9399294905319,187.5289433737493,inactive,2024-05-25
39009,Product_9009_3,electronics,773.19636893393,250.7780719623673,active,2024-11-25
39010,Product_9010_3,electronics,127.8670360407098,457.14592690628217,archived,2024-01-01
39011,Product_9011_3,home,596.1381699575421,347.3547910782394,active,2024-12-14
39012,Product_9012_3,electronics,83.78083142005083,163.600264333817,active,2024-02-26
39013,Product_9013_3,books,748.2057789751583,90.48590667809614,archived,2024-02-15
39014,Product_9014_3,clothing,719.4117319047891,22.474224354168523,active,2024-09-21
39015,Product_9015_3,clothing,701.6238679854705,455.01603550519286,active,2024-06-16
39016,Product_9016_3,sports,938.2285528748287,182.21356212510645,inactive,2024-06-17
39017,Product_9017_3,electronics,376.62410501509777,50.86465123420534,active,2024-04-09
39018,Product_9018_3,electronics,122.22440669006927,128.3618900202701,active,2024-08-12
39019,Product_9019_3,electronics,60.89549938419926,185.2943396196034,pending,2024-12-16
39020,Product_9020_3,clothing,470.4982041027048,382.50709192029205,inactive,2024-12-19
39021,Product_9021_3,sports,692.1147075331393,298.554230748666,active,2024-12-13
39022,Product_9022_3,books,164.94936596880967,256.2676974437667,inactive,2024-03-22
39023,Product_9023_3,electronics,144.97569288480423,154.9837353022421,inactive,2024-04-14
39024,Product_9024_3,books,987.7259289124173,46.081903066370366,archived,2024-02-21
39025,Product_9025_3,electronics,267.18423504266354,121.38344540778853,inactive,2024-10-16
39026,Product_9026_3,sports,869.9051149371375,35.70583593588012,archived,2024-04-21
39027,Product_9027_3,electronics,949.9115330781241,466.1932800208866,active,2024-10-05
39028,Product_9028_3,home,294.40667663439456,63.132767000375836,active,2024-12-02
39029,Product_9029_3,home,87.00044393313244,228.89604593778597,inactive,2024-11-14
39030,Product_9030_3,home,797.9585442237616,121.06442618359942,inactive,2024-12-14
39031,Product_9031_3,sports,986.1049627291638,122.54616016263836,archived,2024-11-06
39032,Product_9032_3,clothing,381.10982777302434,490.6424474334159,pending,2024-11-04
39033,Product_9033_3,clothing,100.52048342288596,211.50359025722906,inactive,2024-03-14
39034,Product_9034_3,books,597.9353339041419,473.3379245870355,active,2024-10-23
39035,Product_9035_3,clothing,498.5550355082296,49.30252159048699,archived,2024-12-12
39036,Product_9036_3,home,678.3732362932863,115.49996013784288,active,2024-12-23
39037,Product_9037_3,clothing,546.6180892311892,112.06201534241059,inactive,2024-02-14
39038,Product_9038_3,electronics,556.6715821606612,400.5514333107656,pending,2024-10-20
39039,Product_9039_3,home,943.8919347200275,484.01426933714725,pending,2024-11-09
39040,Product_9040_3,home,590.4318818273107,128.38529136422267,archived,2024-10-24
39041,Product_9041_3,clothing,406.48262264366014,478.0757022021046,active,2024-04-19
39042,Product_9042_3,books,261.24741586784717,418.59382877498587,pending,2024-01-10
39043,Product_9043_3,books,646.0741708916956,91.22104590823609,pending,2024-09-26
39044,Product_9044_3,home,697.365338550369,325.8775739503311,pending,2024-10-09
39045,Product_9045_3,books,268.19087647955695,74.53317882006216,active,2024-07-14
39046,Product_9046_3,sports,95.95304684260454,168.29682977759163,active,2024-06-04
39047,Product_9047_3,clothing,455.3802326190753,311.26961997736424,active,2024-08-23
39048,Product_9048_3,clothing,999.4240337804035,492.92242780816684,archived,2024-09-05
39049,Product_9049_3,home,962.6379194012875,430.14034813578513,active,2024-05-15
39050,Product_9050_3,sports,481.9153011566594,353.92846620910666,pending,2024-01-15
39051,Product_9051_3,electronics,78.20358182367289,373.47759623136176,archived,2024-06-07
39052,Product_9052_3,electronics,973.5752571599832,369.8719889018689,inactive,2024-06-19
39053,Product_9053_3,clothing,543.9779725988711,60.246935453286156,archived,2024-06-25
39054,Product_9054_3,sports,983.2402313812936,450.1625926825673,pending,2024-08-25
39055,Product_9055_3,home,841.5451294203313,204.58228263432633,active,2024-10-10
39056,Product_9056_3,sports,822.9422794745368,351.77428395042205,pending,2024-11-05
39057,Product_9057_3,books,351.36473632940704,226.07423463056793,inactive,2024-12-27
39058,Product_9058_3,home,662.5584160982445,486.1311547510824,pending,2024-07-06
39059,Product_9059_3,electronics,680.6790800358278,361.9879263881997,archived,2024-03-26
39060,Product_9060_3,books,373.09168742812443,120.42764901846515,archived,2024-03-05
39061,Product_9061_3,sports,928.4875604067098,374.6617017328295,active,2024-04-09
39062,Product_9062_3,clothing,582.2976546149372,317.0126146882612,inactive,2024-08-13
39063,Product_9063_3,home,871.8308311574993,51.663640603241966,inactive,2024-09-18
39064,Product_9064_3,home,887.2905769872201,403.4198070546342,active,2024-09-21
39065,Product_9065_3,home,692.498960431183,497.53639665004823,pending,2024-11-23
39066,Product_9066_3,electronics,170.53316924766062,465.57567798034415,pending,2024-10-05
39067,Product_9067_3,clothing,897.2892713364321,66.82961191673412,archived,2024-06-10
39068,Product_9068_3,electronics,872.3883281313396,277.413263933542,archived,2024-10-10
39069,Product_9069_3,sports,76.54546337539519,362.95369020087725,active,2024-06-26
39070,Product_9070_3,clothing,182.8003949118603,234.77170582981444,pending,2024-02-24
39071,Product_9071_3,electronics,929.1727879370504,124.67044468763545,archived,2024-04-11
39072,Product_9072_3,clothing,453.99135852677597,320.8485817354057,active,2024-04-26
39073,Product_9073_3,sports,115.05221032085437,386.4324474554767,inactive,2024-05-15
39074,Product_9074_3,books,48.30618117550853,423.92359430798564,inactive,2024-01-27
39075,Product_9075_3,electronics,602.1066437724617,379.3202985079965,active,2024-06-20
39076,Product_9076_3,electronics,455.4834685500801,482.53580650779605,inactive,2024-12-11
39077,Product_9077_3,books,360.8789973454101,395.64212863463143,inactive,2024-12-07
39078,Product_9078_3,sports,391.05129818154046,38.17416360156656,pending,2024-08-04
39079,Product_9079_3,sports,867.6737421266453,252.35669210767207,archived,2024-01-22
39080,Product_9080_3,clothing,780.2781877702432,442.35324688660705,active,2024-03-21
39081,Product_9081_3,electronics,440.2831466994932,131.86184290318073,archived,2024-04-06
39082,Product_9082_3,books,627.8175402029517,85.71259233241405,active,2024-10-07
39083,Product_9083_3,clothing,459.4951078157081,313.9050581505626,pending,2024-01-28
39084,Product_9084_3,electronics,413.5242173898429,374.5924033331906,active,2024-02-25
39085,Product_9085_3,home,239.26197242085678,144.72158384441215,inactive,2024-06-17
39086,Product_9086_3,sports,69.8881501252367,120.11677551637106,pending,2024-11-12
39087,Product_9087_3,electronics,756.0280437362198,300.61664088785017,archived,2024-04-19
39088,Product_9088_3,books,455.5095653358442,322.90136272377043,archived,2024-02-01
39089,Product_9089_3,books,508.4761125670207,171.25327329552272,archived,2024-03-16
39090,Product_9090_3,clothing,771.9470290299531,14.278439299859649,archived,2024-08-15
39091,Product_9091_3,electronics,224.52160345002574,432.56761089723597,archived,2024-03-05
39092,Product_9092_3,sports,472.05997807960665,64.04740925794488,archived,2024-11-16
39093,Product_9093_3,sports,992.4306035461493,279.0599406419548,pending,2024-12-09
39094,Product_9094_3,sports,581.641619900646,268.0592175614044,archived,2024-07-07
39095,Product_9095_3,clothing,987.1035893921978,66.55555496660105,pending,2024-07-25
39096,Product_9096_3,books,655.1184247734557,217.3916142344049,archived,2024-03-14
39097,Product_9097_3,electronics,195.13764608733828,93.0861231759694,active,2024-02-07
39098,Product_9098_3,sports,323.95264273367485,70.89627983464013,active,2024-03-16
39099,Product_9099_3,home,212.61335419221194,266.1185888157739,archived,2024-07-15
39100,Product_9100_3,electronics,882.5873879172545,144.73151217019625,archived,2024-08-08
39101,Product_9101_3,clothing,619.6524756800715,148.00820216672892,archived,2024-07-26
39102,Product_9102_3,clothing,921.9865357740998,285.91701746549256,inactive,2024-04-03
39103,Product_9103_3,home,89.04514305149415,90.81842689646538,active,2024-05-22
39104,Product_9104_3,home,649.4880959359481,93.55657853351136,pending,2024-12-16
39105,Product_9105_3,sports,244.00495518015282,444.3254016601912,archived,2024-03-24
39106,Product_9106_3,clothing,237.8497763048911,186.89309274445515,archived,2024-06-10
39107,Product_9107_3,clothing,122.42704481756648,441.27359849231914,pending,2024-01-04
39108,Product_9108_3,electronics,73.70403991416896,300.2869425736745,active,2024-09-20
39109,Product_9109_3,electronics,816.6558589653822,249.24912931402443,archived,2024-07-01
39110,Product_9110_3,home,230.772341461975,352.9451788441547,pending,2024-01-04
39111,Product_9111_3,electronics,168.10936049115517,297.41462824272895,pending,2024-02-12
39112,Product_9112_3,home,594.3909998902847,272.09103823285216,active,2024-04-12
39113,Product_9113_3,home,288.6432277689354,477.4252377246904,active,2024-06-02
39114,Product_9114_3,sports,688.6379815040978,296.9417358001392,inactive,2024-11-16
39115,Product_9115_3,clothing,135.25826390299136,280.1145279654602,inactive,2024-03-03
39116,Product_9116_3,sports,564.267887261123,411.3606123332703,inactive,2024-10-20
39117,Product_9117_3,clothing,32.35600749705358,466.702804247245,pending,2024-01-03
39118,Product_9118_3,books,456.85845727261176,390.4343919355209,archived,2024-07-23
39119,Product_9119_3,sports,711.8317795508289,484.159641990159,pending,2024-11-18
39120,Product_9120_3,sports,605.2988690922838,123.63736019100347,archived,2024-11-07
39121,Product_9121_3,electronics,290.8322926437452,21.895571589839065,active,2024-10-27
39122,Product_9122_3,clothing,261.9540718914431,473.26743040792513,inactive,2024-01-10
39123,Product_9123_3,home,850.3532709732461,91.92380848737342,archived,2024-09-23
39124,Product_9124_3,books,431.1777084551236,457.3108818626831,active,2024-07-27
39125,Product_9125_3,home,598.4919020795073,174.2216319303979,pending,2024-05-26
39126,Product_9126_3,electronics,531.8016013992765,65.63307493537242,archived,2024-01-24
39127,Product_9127_3,electronics,485.31183712943294,147.83972119478406,inactive,2024-02-03
39128,Product_9128_3,books,47.424052606706844,34.174987495273115,active,2024-06-09
39129,Product_9129_3,electronics,926.0086557578154,405.3580370419772,inactive,2024-08-20
39130,Product_9130_3,books,633.3988895425836,197.96296225062912,inactive,2024-05-04
39131,Product_9131_3,electronics,627.9144762053571,159.93544778340402,active,2024-09-14
39132,Product_9132_3,home,1.7667339474601158,458.07090034439653,active,2024-08-12
39133,Product_9133_3,books,607.3927616871956,433.0084122671912,pending,2024-08-20
39134,Product_9134_3,clothing,124.90069553290299,42.68573195831756,archived,2024-06-19
39135,Product_9135_3,sports,804.9849448670611,70.87287583456833,pending,2024-12-24
39136,Product_9136_3,books,911.8407568860882,441.60007318589135,inactive,2024-03-08
39137,Product_9137_3,electronics,256.3523512249812,465.28637543036905,pending,2024-05-20
39138,Product_9138_3,home,123.5248280040942,198.3879706628603,pending,2024-06-09
39139,Product_9139_3,books,344.40813162753454,211.45671070407715,archived,2024-11-23
39140,Product_9140_3,sports,617.7508065719163,404.3253408833091,archived,2024-05-26
39141,Product_9141_3,sports,26.687785646258035,273.3393496025717,archived,2024-02-06
39142,Product_9142_3,home,851.685364219395,250.08832236665233,active,2024-07-01
39143,Product_9143_3,electronics,179.00618406005557,309.22800520519127,pending,2024-08-10
39144,Product_9144_3,clothing,293.9038766280529,418.572359029802,pending,2024-11-08
39145,Product_9145_3,books,27.488604071587204,277.6586256202149,pending,2024-02-27
39146,Product_9146_3,clothing,589.3278378291421,411.6971331292094,active,2024-08-06
39147,Product_9147_3,books,731.2513432071017,126.95764546256277,inactive,2024-12-11
39148,Product_9148_3,home,375.7440846118541,251.17361547317748,active,2024-12-11
39149,Product_9149_3,electronics,826.9275597476778,149.41551639202123,archived,2024-02-23
39150,Product_9150_3,sports,302.13792112926006,133.69551013674823,archived,2024-10-07
39151,Product_9151_3,electronics,593.6764522950917,33.830684699531226,inactive,2024-08-03
39152,Product_9152_3,electronics,197.61697021277385,138.9963398480053,archived,2024-01-12
39153,Product_9153_3,sports,91.24957295211347,190.42436056463887,inactive,2024-08-19
39154,Product_9154_3,sports,649.0006360923061,37.44082575830839,pending,2024-04-18
39155,Product_9155_3,electronics,432.789626890093,235.14802922571008,active,2024-04-04
39156,Product_9156_3,home,48.28722390457543,162.01055454895874,inactive,2024-02-16
39157,Product_9157_3,home,804.7856548243917,425.1377840805324,pending,2024-01-11
39158,Product_9158_3,sports,496.0904553906979,320.8008141630487,pending,2024-05-26
39159,Product_9159_3,books,469.11524578971085,490.24442219014895,archived,2024-05-04
39160,Product_9160_3,books,679.6776134365227,370.553891968968,archived,2024-08-07
39161,Product_9161_3,sports,400.0186384470081,256.9049095081821,inactive,2024-11-08
39162,Product_9162_3,books,258.75236322721656,20.290871393406345,pending,2024-06-08
39163,Product_9163_3,clothing,399.38927234049663,196.53001226493672,inactive,2024-10-24
39164,Product_9164_3,clothing,286.3497554814915,382.6352860707724,active,2024-05-04
39165,Product_9165_3,electronics,132.14014663507103,143.31532225780242,archived,2024-06-15
39166,Product_9166_3,sports,46.295976198805654,25.942858525935044,archived,2024-07-04
39167,Product_9167_3,sports,442.27409159240653,132.49150763381127,active,2024-08-27
39168,Product_9168_3,home,944.3578116253383,284.2215164678209,active,2024-02-21
39169,Product_9169_3,clothing,387.65535546955147,339.3394613212241,active,2024-03-04
39170,Product_9170_3,clothing,298.68563692440637,206.86039569426092,active,2024-06-14
39171,Product_9171_3,sports,67.91640389935303,164.9975301410983,archived,2024-12-25
39172,Product_9172_3,books,303.9496145075537,126.47235415091095,archived,2024-03-24
39173,Product_9173_3,sports,289.3213497710441,169.05087323879758,pending,2024-11-27
39174,Product_9174_3,home,846.2486720364413,155.40815222829275,pending,2024-11-02
39175,Product_9175_3,home,288.34161660822673,240.94721298602252,active,2024-02-26
39176,Product_9176_3,home,140.26489835993647,235.48606724236768,archived,2024-05-19
39177,Product_9177_3,electronics,197.1767061631555,422.627451448762,inactive,2024-02-06
39178,Product_9178_3,clothing,513.4244561336812,449.5629895167722,active,2024-11-26
39179,Product_9179_3,sports,712.3769436939938,369.4703621465012,archived,2024-01-18
39180,Product_9180_3,home,199.47288278320204,436.2274321022708,pending,2024-05-17
39181,Product_9181_3,clothing,985.8830513014814,371.8068779887309,inactive,2024-10-19
39182,Product_9182_3,books,183.11728313065186,426.90036007294856,active,2024-10-22
39183,Product_9183_3,sports,656.3613896352258,324.46851568290055,pending,2024-02-27
39184,Product_9184_3,electronics,30.01280414643955,342.7238321152441,archived,2024-03-24
39185,Product_9185_3,sports,428.25925226333266,390.3866084440409,inactive,2024-02-08
39186,Product_9186_3,sports,952.8455572216867,309.9041051581637,pending,2024-10-15
39187,Product_9187_3,books,859.63131767236,113.19763386019824,archived,2024-05-16
39188,Product_9188_3,electronics,751.0839332541166,72.70146417482943,pending,2024-12-09
39189,Product_9189_3,home,376.7036949773056,376.88212507692936,archived,2024-02-01
39190,Product_9190_3,home,243.4353442377054,54.11243544573023,pending,2024-11-06
39191,Product_9191_3,books,365.6278929018783,75.89467311691185,inactive,2024-11-20
39192,Product_9192_3,books,53.474424153553116,295.23419885052834,active,2024-02-09
39193,Product_9193_3,sports,395.1472150908924,343.0028092440066,pending,2024-11-19
39194,Product_9194_3,electronics,326.9805055452958,448.73108770236894,inactive,2024-04-04
39195,Product_9195_3,clothing,379.97331105407704,323.3233232935559,pending,2024-11-13
39196,Product_9196_3,clothing,678.0757498476889,27.591566656697715,active,2024-12-16
39197,Product_9197_3,sports,69.10364647799753,386.2187755312263,pending,2024-01-28
39198,Product_9198_3,home,842.803277640277,373.112788541738,inactive,2024-01-09
39199,Product_9199_3,sports,408.96938211339415,298.69230233104554,inactive,2024-08-08
39200,Product_9200_3,sports,823.8860040678131,131.53113400608208,pending,2024-08-03
39201,Product_9201_3,clothing,887.605068624906,454.5015531534249,pending,2024-12-14
39202,Product_9202_3,home,695.8820012033638,449.5150273065657,active,2024-12-12
39203,Product_9203_3,sports,368.3663049236331,400.7364324215167,active,2024-01-09
39204,Product_9204_3,electronics,958.8283156131605,375.86671674037814,active,2024-05-24
39205,Product_9205_3,electronics,457.30371689672353,33.834772621903795,inactive,2024-07-25
39206,Product_9206_3,electronics,58.69821519299571,417.1843888709834,active,2024-10-22
39207,Product_9207_3,sports,838.1737048914717,163.4686337970359,inactive,2024-08-05
39208,Product_9208_3,home,190.59051029066433,296.59636503128513,archived,2024-04-03
39209,Product_9209_3,books,457.6897064297734,283.97449643041165,inactive,2024-06-08
39210,Product_9210_3,electronics,889.7452282026842,283.0258650044342,pending,2024-08-19
39211,Product_9211_3,books,449.02238157951376,57.59066162770006,archived,2024-02-28
39212,Product_9212_3,electronics,579.5223793825064,51.09170101358492,inactive,2024-06-04
39213,Product_9213_3,electronics,892.3685720380469,263.132447128556,archived,2024-08-21
39214,Product_9214_3,electronics,49.85742893216428,470.57256789312015,active,2024-01-16
39215,Product_9215_3,clothing,464.6421487073291,154.40598237588674,active,2024-09-27
39216,Product_9216_3,sports,891.2448578469439,461.2351488489889,pending,2024-01-28
39217,Product_9217_3,electronics,369.68632883830827,451.7282462011971,inactive,2024-05-17
39218,Product_9218_3,sports,591.6959769146258,459.57334718170347,archived,2024-09-24
39219,Product_9219_3,sports,806.7105427507458,242.94374512406912,pending,2024-01-04
39220,Product_9220_3,home,188.51938540838037,120.63653796427124,archived,2024-06-18
39221,Product_9221_3,sports,433.8147788039033,463.282444879561,pending,2024-08-15
39222,Product_9222_3,books,780.0049742310525,312.7834626242478,active,2024-03-09
39223,Product_9223_3,sports,391.056181858309,112.60860648546738,pending,2024-06-01
39224,Product_9224_3,sports,701.1206085537393,319.4628738201046,active,2024-02-25
39225,Product_9225_3,sports,609.0999667867334,93.90526455126738,archived,2024-12-02
39226,Product_9226_3,home,414.3922717456826,176.91189704170426,inactive,2024-10-24
39227,Product_9227_3,sports,397.8764131533718,422.861547024637,active,2024-08-26
39228,Product_9228_3,sports,464.69546357901805,490.93373190270074,archived,2024-04-08
39229,Product_9229_3,sports,5.890172667870833,115.06869238616365,active,2024-11-20
39230,Product_9230_3,sports,562.9375060074489,444.2746445667676,archived,2024-12-20
39231,Product_9231_3,electronics,425.15088046687185,374.9634418453264,inactive,2024-09-12
39232,Product_9232_3,books,62.55884673420971,127.94098546389931,archived,2024-10-02
39233,Product_9233_3,books,830.8437824541506,123.16904309212494,active,2024-02-09
39234,Product_9234_3,electronics,793.7231542052821,77.77197333043237,inactive,2024-07-01
39235,Product_9235_3,sports,462.1783619853652,430.945652526935,inactive,2024-12-16
39236,Product_9236_3,sports,931.0237072737399,43.36388519677949,pending,2024-09-24
39237,Product_9237_3,home,980.2117155357607,285.3798748450315,active,2024-12-11
39238,Product_9238_3,electronics,573.1561643819243,214.29966763487676,active,2024-10-09
39239,Product_9239_3,sports,524.0944759071639,379.1346549165265,pending,2024-08-25
39240,Product_9240_3,sports,424.7801259581358,333.9455157912813,archived,2024-08-23
39241,Product_9241_3,sports,935.596500381089,310.7431539444392,active,2024-01-07
39242,Product_9242_3,clothing,277.1903503306951,81.61075760854936,active,2024-01-19
39243,Product_9243_3,home,578.1408447846511,243.18015111861413,inactive,2024-09-26
39244,Product_9244_3,electronics,16.443962515416146,496.4575474443734,inactive,2024-02-23
39245,Product_9245_3,home,183.69491308472394,89.81168087334768,active,2024-05-12
39246,Product_9246_3,electronics,376.0750044924644,298.86419436531065,active,2024-09-20
39247,Product_9247_3,clothing,912.8005225923501,41.70760018772613,active,2024-04-18
39248,Product_9248_3,home,533.2082450703256,429.7564160322507,active,2024-01-10
39249,Product_9249_3,electronics,589.0661909998541,154.39704900967067,inactive,2024-10-26
39250,Product_9250_3,sports,828.2150790408922,428.7112208263747,archived,2024-06-05
39251,Product_9251_3,books,635.9244119725244,35.880182292840885,active,2024-11-23
39252,Product_9252_3,electronics,12.348160544255851,198.82382162041364,inactive,2024-07-13
39253,Product_9253_3,books,777.3034356645027,56.48481826690449,inactive,2024-12-10
39254,Product_9254_3,sports,934.4740501178499,228.3340885455572,active,2024-03-28
39255,Product_9255_3,home,515.1911639378498,213.77963336769827,pending,2024-09-14
39256,Product_9256_3,clothing,226.07196080038892,250.07970359131946,inactive,2024-04-26
39257,Product_9257_3,clothing,72.83964552964862,152.949968135825,pending,2024-09-14
39258,Product_9258_3,electronics,935.9221212521572,160.35647105792714,active,2024-04-20
39259,Product_9259_3,books,679.4267275278387,253.8599601941575,active,2024-02-18
39260,Product_9260_3,clothing,624.5307136000276,185.86712501771206,inactive,2024-03-07
39261,Product_9261_3,electronics,862.120526681296,381.8650390559852,inactive,2024-07-18
39262,Product_9262_3,books,272.67111749081647,420.8399727748296,pending,2024-04-27
39263,Product_9263_3,sports,319.18984412290365,279.6510872055988,active,2024-01-09
39264,Product_9264_3,electronics,419.92022439247205,262.00430921364534,active,2024-12-16
39265,Product_9265_3,clothing,632.2983575067182,232.6817189143427,inactive,2024-01-12
39266,Product_9266_3,sports,905.3835901325957,93.98637305779226,inactive,2024-04-09
39267,Product_9267_3,sports,289.58544081979295,226.30919826027153,archived,2024-12-13
39268,Product_9268_3,clothing,703.7742013347257,215.90821683911406,active,2024-03-26
39269,Product_9269_3,sports,189.48962532991345,115.39490853956887,archived,2024-03-02
39270,Product_9270_3,electronics,711.065838178804,105.2046055673632,active,2024-11-12
39271,Product_9271_3,sports,4.769539427016141,109.95234829328803,inactive,2024-02-14
39272,Product_9272_3,home,682.4750380240582,201.31521109087257,pending,2024-10-11
39273,Product_9273_3,electronics,323.95950889025556,57.30541904063171,archived,2024-01-05
39274,Product_9274_3,home,24.27422641699172,36.56694612962244,archived,2024-02-24
39275,Product_9275_3,home,505.36926181295206,276.1884644475801,archived,2024-04-14
39276,Product_9276_3,home,684.429119343197,186.85261643094776,archived,2024-12-19
39277,Product_9277_3,sports,640.8125423645677,170.68674386804102,pending,2024-12-24
39278,Product_9278_3,sports,46.96801226554276,365.8050930232096,pending,2024-11-25
39279,Product_9279_3,sports,551.9908018750618,140.77534542663003,pending,2024-01-09
39280,Product_9280_3,books,323.4659929307394,289.0311809292055,inactive,2024-03-13
39281,Product_9281_3,sports,442.1225349893108,196.0095167429798,pending,2024-09-28
39282,Product_9282_3,clothing,63.95470444401189,463.4988374993888,active,2024-04-17
39283,Product_9283_3,clothing,101.06329513863274,86.33426065346775,archived,2024-04-03
39284,Product_9284_3,home,131.91355496548715,33.80436138712217,inactive,2024-03-14
39285,Product_9285_3,sports,92.42479177573735,317.7127757321902,archived,2024-01-13
39286,Product_9286_3,home,339.5711165649509,108.00148915624642,pending,2024-01-22
39287,Product_9287_3,clothing,184.4773885816176,234.1420776021213,pending,2024-03-20
39288,Product_9288_3,sports,862.918715190764,296.0667085746346,archived,2024-08-08
39289,Product_9289_3,home,176.5611232163712,425.36160309514213,archived,2024-07-11
39290,Product_9290_3,clothing,827.8683131317159,112.43926715558146,inactive,2024-09-10
39291,Product_9291_3,home,225.8301193396392,476.6932838575114,inactive,2024-11-15
39292,Product_9292_3,clothing,581.9481829933417,65.21195316231004,archived,2024-09-15
39293,Product_9293_3,electronics,28.163348404066703,455.7782290573243,active,2024-07-19
39294,Product_9294_3,books,363.7717458664182,205.30759577392456,active,2024-04-19
39295,Product_9295_3,books,146.16409024625804,211.83832307830698,pending,2024-06-27
39296,Product_9296_3,home,702.5688276269935,310.2572369065069,inactive,2024-02-06
39297,Product_9297_3,electronics,856.1455358361877,403.5433143558428,archived,2024-07-07
39298,Product_9298_3,books,620.0193365220704,331.9042547089016,archived,2024-12-06
39299,Product_9299_3,home,146.30957265170352,205.76586363273742,active,2024-01-19
39300,Product_9300_3,home,881.8301866172086,167.08044853178546,pending,2024-09-23
39301,Product_9301_3,sports,328.247576767166,50.16284257649773,archived,2024-03-05
39302,Product_9302_3,books,439.40653480179907,282.62033016941706,inactive,2024-10-21
39303,Product_9303_3,clothing,402.86217180348757,290.4771786116159,archived,2024-05-15
39304,Product_9304_3,electronics,630.7833467440098,419.4191787885478,inactive,2024-04-06
39305,Product_9305_3,electronics,378.294323769364,45.6897017775979,pending,2024-07-04
39306,Product_9306_3,electronics,383.74387237724756,328.9296788975127,pending,2024-11-27
39307,Product_9307_3,clothing,807.2857198344597,434.0818653569388,archived,2024-09-12
39308,Product_9308_3,clothing,466.31712370245157,382.30622647055907,pending,2024-03-13
39309,Product_9309_3,clothing,376.7941662454359,434.3616777239618,pending,2024-04-03
39310,Product_9310_3,electronics,631.3133872990454,254.6805544195108,active,2024-12-09
39311,Product_9311_3,electronics,767.7020912463282,499.7870867876468,active,2024-11-10
39312,Product_9312_3,home,382.2283843999567,61.90675886856784,pending,2024-07-20
39313,Product_9313_3,home,426.6673146415225,34.92439705134272,active,2024-04-01
39314,Product_9314_3,books,337.591692001505,69.96205340428764,pending,2024-07-20
39315,Product_9315_3,clothing,861.1121816885908,52.13831609517296,active,2024-03-23
39316,Product_9316_3,books,751.8932455180266,66.6616484938672,pending,2024-02-17
39317,Product_9317_3,books,713.0186505165346,349.247426439358,active,2024-01-11
39318,Product_9318_3,sports,213.85892486298084,144.7819870992201,pending,2024-11-13
39319,Product_9319_3,home,79.54169908129155,184.18422259989586,active,2024-02-16
39320,Product_9320_3,sports,596.3669428478811,271.7850081995812,pending,2024-12-05
39321,Product_9321_3,clothing,952.3773578138845,118.13140479262051,archived,2024-07-13
39322,Product_9322_3,clothing,78.74824502291085,274.4248058209864,active,2024-04-09
39323,Product_9323_3,books,229.65399052306992,246.8884292987747,archived,2024-01-23
39324,Product_9324_3,books,929.8910142336074,202.54280329169694,pending,2024-04-25
39325,Product_9325_3,clothing,806.2869552405214,462.3347350285122,inactive,2024-11-13
39326,Product_9326_3,home,737.9502614773887,114.94835482937712,pending,2024-02-04
39327,Product_9327_3,electronics,550.0357294042554,94.56590911119842,archived,2024-06-25
39328,Product_9328_3,electronics,343.34288805716045,265.43643370243825,archived,2024-07-08
39329,Product_9329_3,books,671.4639033506943,121.56258419109184,active,2024-05-20
39330,Product_9330_3,home,207.34915605557077,317.24237324121833,inactive,2024-11-02
39331,Product_9331_3,sports,228.10789724528368,52.856480314679494,pending,2024-12-18
39332,Product_9332_3,books,762.0278677515869,187.94413198932278,inactive,2024-01-18
39333,Product_9333_3,electronics,880.0642625718461,24.694250403757472,archived,2024-12-18
39334,Product_9334_3,clothing,67.31902588605263,185.39948100844344,active,2024-10-12
39335,Product_9335_3,home,514.4695709967737,350.95768538836256,inactive,2024-12-21
39336,Product_9336_3,home,444.93359590702295,428.4194446351249,pending,2024-11-20
39337,Product_9337_3,clothing,821.8953295859262,170.5622224450247,active,2024-10-14
39338,Product_9338_3,home,298.48333951010727,101.00898631615804,pending,2024-09-16
39339,Product_9339_3,clothing,749.6110845844427,254.54044126498158,active,2024-02-08
39340,Product_9340_3,electronics,596.0917096152574,471.73190616371244,active,2024-03-12
39341,Product_9341_3,clothing,206.75447096683328,153.22176167774367,archived,2024-01-01
39342,Product_9342_3,home,604.3045598848013,79.76136644139801,inactive,2024-03-01
39343,Product_9343_3,electronics,892.0279837806827,123.1548976132485,inactive,2024-07-05
39344,Product_9344_3,home,944.5469226640492,306.0309207514039,pending,2024-09-17
39345,Product_9345_3,home,27.455974931745992,410.82814213417385,inactive,2024-12-16
39346,Product_9346_3,home,54.61644814625565,98.71104769550556,inactive,2024-03-28
39347,Product_9347_3,electronics,137.4165683611578,42.1605823959028,active,2024-01-06
39348,Product_9348_3,electronics,416.4999751102296,336.47509793151613,active,2024-04-26
39349,Product_9349_3,books,865.9383717565403,427.12437455095557,active,2024-09-18
39350,Product_9350_3,home,171.18340836036927,239.54220449912575,active,2024-05-24
39351,Product_9351_3,electronics,396.956383355451,255.3503105784461,inactive,2024-05-12
39352,Product_9352_3,sports,597.9533860518042,236.39514540552747,archived,2024-01-07
39353,Product_9353_3,home,235.35360756045426,458.1217292059068,active,2024-08-20
39354,Product_9354_3,clothing,803.0230105035822,498.40999447767774,pending,2024-09-09
39355,Product_9355_3,electronics,861.198097421093,297.87035101125156,archived,2024-02-28
39356,Product_9356_3,books,108.75769798930129,232.8550283850639,pending,2024-05-22
39357,Product_9357_3,sports,483.39806619071294,99.55149560534115,pending,2024-02-23
39358,Product_9358_3,clothing,825.0437260911132,385.7032352913344,active,2024-09-04
39359,Product_9359_3,electronics,739.2331435990037,418.2782105844514,archived,2024-02-11
39360,Product_9360_3,home,420.8117480197564,305.7033057956538,inactive,2024-08-01
39361,Product_9361_3,electronics,788.051703767513,84.59963484802265,archived,2024-09-10
39362,Product_9362_3,electronics,672.2519402076642,18.500779724629055,active,2024-01-06
39363,Product_9363_3,home,107.22600736079079,139.4534031068896,archived,2024-06-27
39364,Product_9364_3,clothing,745.239401309426,273.6929169743603,pending,2024-04-26
39365,Product_9365_3,home,946.6227283093496,172.77352362235283,pending,2024-09-22
39366,Product_9366_3,clothing,769.0210101540199,140.86980820164837,archived,2024-08-20
39367,Product_9367_3,books,170.91608586840508,474.39666646427395,pending,2024-09-18
39368,Product_9368_3,clothing,989.2475894348579,477.41598285403313,inactive,2024-07-12
39369,Product_9369_3,clothing,810.7577023854706,84.08468060524301,pending,2024-05-11
39370,Product_9370_3,home,216.5201974526215,32.86724091414433,inactive,2024-10-25
39371,Product_9371_3,clothing,864.1596665103738,432.279871623064,pending,2024-11-17
39372,Product_9372_3,books,793.5665971161054,219.47881150686402,archived,2024-04-25
39373,Product_9373_3,sports,571.3285205251993,169.73455982307755,pending,2024-03-20
39374,Product_9374_3,sports,607.5525042140994,320.18880682227626,active,2024-04-26
39375,Product_9375_3,books,146.54562268744397,103.45998414307009,archived,2024-10-23
39376,Product_9376_3,home,395.8535017896994,234.0082575249266,archived,2024-03-25
39377,Product_9377_3,electronics,252.67216859671467,190.36316206546425,archived,2024-03-07
39378,Product_9378_3,clothing,15.997070805690779,373.17051029961425,inactive,2024-10-19
39379,Product_9379_3,books,481.6015700663334,290.25405595072976,inactive,2024-12-21
39380,Product_9380_3,books,920.6563922216347,225.85163347940636,archived,2024-05-12
39381,Product_9381_3,sports,14.018918578366048,169.20889065422688,inactive,2024-06-24
39382,Product_9382_3,sports,823.3354266793248,175.58276746844382,pending,2024-04-01
39383,Product_9383_3,books,571.3158649457888,264.4372117059384,inactive,2024-11-04
39384,Product_9384_3,books,583.9131888944589,40.876284204282626,active,2024-04-11
39385,Product_9385_3,sports,68.72312182220271,268.06801797683846,archived,2024-10-11
39386,Product_9386_3,books,885.3282689524044,291.0171723204553,pending,2024-08-28
39387,Product_9387_3,clothing,943.1270443529321,349.0544035607214,archived,2024-04-05
39388,Product_9388_3,clothing,368.0581225936692,259.76760760951015,archived,2024-01-28
39389,Product_9389_3,sports,359.8145535480227,390.24343132495227,active,2024-06-04
39390,Product_9390_3,books,650.0742478642156,311.8058250864613,inactive,2024-09-06
39391,Product_9391_3,sports,865.9182610824531,252.6890037972004,active,2024-12-23
39392,Product_9392_3,clothing,44.90338149864718,228.13082470390034,inactive,2024-03-24
39393,Product_9393_3,sports,542.9895901330585,383.5853994260902,pending,2024-09-19
39394,Product_9394_3,home,199.21237968884088,35.816634204583835,pending,2024-02-06
39395,Product_9395_3,sports,299.01222023967836,108.81196085473938,active,2024-05-01
39396,Product_9396_3,home,209.722024963822,131.93789355834713,pending,2024-11-14
39397,Product_9397_3,books,302.2965513479276,85.87414047376123,archived,2024-02-22
39398,Product_9398_3,sports,246.7715371862911,178.50762431825544,archived,2024-08-06
39399,Product_9399_3,home,762.559391096169,356.18729663116517,active,2024-08-17
39400,Product_9400_3,electronics,174.7316661911351,76.11244911429021,inactive,2024-12-27
39401,Product_9401_3,sports,58.261765192825536,362.1120681894566,pending,2024-12-25
39402,Product_9402_3,clothing,619.8934104271274,198.7270536995337,active,2024-11-27
39403,Product_9403_3,clothing,203.96069833291142,123.99110882473373,archived,2024-07-10
39404,Product_9404_3,home,578.2661903621799,90.72190567602202,inactive,2024-03-28
39405,Product_9405_3,books,588.8766545699057,108.00290465127523,archived,2024-06-03
39406,Product_9406_3,clothing,527.5004010782328,458.49393862567416,inactive,2024-10-03
39407,Product_9407_3,sports,611.2193907344374,395.7454619754205,inactive,2024-09-11
39408,Product_9408_3,books,564.699361044164,15.861149716637108,inactive,2024-09-21
39409,Product_9409_3,home,725.2194823558252,450.105634143271,inactive,2024-09-06
39410,Product_9410_3,electronics,786.7697229439168,477.1810808819863,pending,2024-02-24
39411,Product_9411_3,electronics,346.5858917665762,255.05474063638587,inactive,2024-11-16
39412,Product_9412_3,clothing,900.9564711819928,77.71432029167742,pending,2024-12-23
39413,Product_9413_3,home,331.9495072732286,145.33831194167263,active,2024-07-06
39414,Product_9414_3,home,604.8785612872604,256.45161274564873,inactive,2024-01-17
39415,Product_9415_3,clothing,907.1775000688245,201.59103332542685,pending,2024-03-13
39416,Product_9416_3,books,671.7926510343065,428.8721506631135,pending,2024-09-25
39417,Product_9417_3,home,577.4602137049068,450.9854201440481,pending,2024-03-02
39418,Product_9418_3,home,663.9145803279755,470.1643223862776,active,2024-08-17
39419,Product_9419_3,sports,248.8539291050006,491.2072015930137,archived,2024-11-16
39420,Product_9420_3,sports,573.425775050343,432.1503004028132,active,2024-04-08
39421,Product_9421_3,home,816.3694723258102,119.00311852760724,inactive,2024-07-17
39422,Product_9422_3,clothing,645.0240760720947,493.0341429790033,inactive,2024-07-28
39423,Product_9423_3,sports,645.1447731962277,350.95517794859455,archived,2024-10-04
39424,Product_9424_3,sports,106.96204265966843,77.26846963119328,archived,2024-10-20
39425,Product_9425_3,home,711.2880423317008,355.3764762357666,inactive,2024-12-14
39426,Product_9426_3,electronics,868.1868749079205,313.6442865273688,archived,2024-03-22
39427,Product_9427_3,home,388.4550253630617,292.4643211748193,pending,2024-12-28
39428,Product_9428_3,home,619.4544220588482,405.8464906559858,active,2024-02-11
39429,Product_9429_3,books,888.8010118332718,84.86521389323622,pending,2024-03-15
39430,Product_9430_3,home,96.3300870043321,177.74748217663918,archived,2024-01-27
39431,Product_9431_3,electronics,904.4758806000989,269.2776558000303,pending,2024-10-17
39432,Product_9432_3,clothing,809.9979165114509,453.5294733143271,pending,2024-07-23
39433,Product_9433_3,clothing,60.318366983315094,53.51745119787906,inactive,2024-02-15
39434,Product_9434_3,books,301.6873630913726,413.2014935528553,active,2024-05-15
39435,Product_9435_3,sports,164.26099869502949,381.4827908619319,archived,2024-11-26
39436,Product_9436_3,books,630.7367719952234,481.4654437274077,pending,2024-11-28
39437,Product_9437_3,clothing,325.8660158901641,437.8498992501945,pending,2024-05-12
39438,Product_9438_3,electronics,212.47053599588583,158.8031239049314,pending,2024-11-24
39439,Product_9439_3,electronics,862.9335562158558,163.8429186795896,pending,2024-11-09
39440,Product_9440_3,clothing,488.4471883391828,190.3234434034269,archived,2024-07-03
39441,Product_9441_3,electronics,748.3207949452988,152.06583162426068,archived,2024-02-26
39442,Product_9442_3,sports,412.4457100588761,483.60707758107617,inactive,2024-11-22
39443,Product_9443_3,books,302.59480644609994,334.50285685953213,inactive,2024-02-11
39444,Product_9444_3,books,964.9281105661486,458.1078953230205,pending,2024-02-23
39445,Product_9445_3,electronics,378.73216840574673,69.18066291827844,inactive,2024-01-08
39446,Product_9446_3,books,151.51306572511285,455.4677172052767,inactive,2024-10-15
39447,Product_9447_3,sports,459.98422855559284,119.57111320200164,archived,2024-02-05
39448,Product_9448_3,clothing,18.345843801746287,490.22661583633584,inactive,2024-12-10
39449,Product_9449_3,sports,982.8652025025866,38.508349261026325,active,2024-11-20
39450,Product_9450_3,clothing,282.8848419633796,387.0210617982026,inactive,2024-02-20
39451,Product_9451_3,home,144.99414958873294,352.4183847290069,inactive,2024-10-26
39452,Product_9452_3,books,67.75870074327564,453.55985988325824,pending,2024-04-21
39453,Product_9453_3,books,620.5809735426936,333.586810275166,archived,2024-08-07
39454,Product_9454_3,home,522.0257313934239,447.8471031765974,archived,2024-06-06
39455,Product_9455_3,books,899.8568440303717,355.62143885379396,inactive,2024-12-04
39456,Product_9456_3,electronics,292.1243440752159,469.77127789329165,active,2024-04-15
39457,Product_9457_3,clothing,48.74492254316013,120.32345988238147,archived,2024-06-17
39458,Product_9458_3,clothing,279.3305837505001,422.63624710512795,pending,2024-02-27
39459,Product_9459_3,home,894.1779211465068,272.3252215070445,pending,2024-07-13
39460,Product_9460_3,home,146.10465054404554,39.83871277763545,inactive,2024-04-09
39461,Product_9461_3,books,889.3339805653367,128.2693590686651,archived,2024-06-24
39462,Product_9462_3,electronics,183.3829202984366,389.12053808903823,pending,2024-03-14
39463,Product_9463_3,home,114.76310457495498,228.85820939924812,inactive,2024-12-25
39464,Product_9464_3,home,432.96516968095835,297.2304872418867,active,2024-04-11
39465,Product_9465_3,books,176.00090489157634,272.6461775706602,active,2024-09-06
39466,Product_9466_3,sports,445.85704302913945,185.42191003917523,active,2024-07-14
39467,Product_9467_3,clothing,651.8503832110284,409.11702392899105,archived,2024-07-18
39468,Product_9468_3,sports,507.6039210435333,310.65188984736335,archived,2024-04-23
39469,Product_9469_3,sports,43.10522930696944,402.38409660408007,active,2024-01-07
39470,Product_9470_3,home,754.5431572427681,106.67780792531566,active,2024-10-26
39471,Product_9471_3,home,897.1160058850069,246.97814471896893,pending,2024-05-10
39472,Product_9472_3,electronics,675.5801037766093,208.2624248677066,active,2024-11-10
39473,Product_9473_3,sports,391.35791223939265,479.0762551051775,archived,2024-12-27
39474,Product_9474_3,electronics,122.93777428943082,368.01693698117305,active,2024-01-14
39475,Product_9475_3,sports,609.3906003704169,401.4399670683328,pending,2024-04-08
39476,Product_9476_3,sports,707.3938203887526,483.16768239841525,inactive,2024-04-25
39477,Product_9477_3,books,36.310557207010525,309.6073029992544,inactive,2024-10-09
39478,Product_9478_3,clothing,218.51958869190025,371.65007191565417,archived,2024-11-21
39479,Product_9479_3,clothing,167.86346408073686,264.1000627043694,active,2024-06-01
39480,Product_9480_3,electronics,426.58261394611696,10.482476548188389,pending,2024-05-15
39481,Product_9481_3,electronics,5.181986620130513,269.46248646516227,active,2024-06-16
39482,Product_9482_3,home,245.45190188334584,434.4348224692387,inactive,2024-02-25
39483,Product_9483_3,clothing,645.2942548551681,487.3755816571027,archived,2024-12-28
39484,Product_9484_3,electronics,840.7412609618466,329.0044691930647,archived,2024-03-03
39485,Product_9485_3,books,708.193306683657,326.70014325290396,active,2024-03-21
39486,Product_9486_3,books,984.9158103049359,338.0464465875129,inactive,2024-10-20
39487,Product_9487_3,electronics,904.6383097146472,81.44292397124097,inactive,2024-12-16
39488,Product_9488_3,books,679.4118142646093,337.55104788220245,archived,2024-12-07
39489,Product_9489_3,sports,530.6357676913027,399.27206149425086,pending,2024-10-10
39490,Product_9490_3,books,559.8859527518864,305.3006784076429,active,2024-06-01
39491,Product_9491_3,sports,607.0942962120754,121.10237679239242,pending,2024-11-08
39492,Product_9492_3,electronics,96.9048247353935,151.85434692815056,pending,2024-09-11
39493,Product_9493_3,home,818.1263958453143,30.44541242143628,archived,2024-08-11
39494,Product_9494_3,electronics,211.70172546342442,99.32716175843639,active,2024-08-19
39495,Product_9495_3,electronics,452.69032908011224,463.3882451975033,archived,2024-03-21
39496,Product_9496_3,electronics,246.8663244093245,291.73021599194635,active,2024-10-05
39497,Product_9497_3,sports,148.0679532435708,467.3116088051746,inactive,2024-12-14
39498,Product_9498_3,clothing,29.551217829734153,302.7030527211854,active,2024-06-09
39499,Product_9499_3,sports,261.3995298962832,120.88016457797885,pending,2024-12-09
39500,Product_9500_3,home,684.5136411985637,338.78899827009764,inactive,2024-12-16
39501,Product_9501_3,sports,1.2142157003244018,246.14940069363706,pending,2024-04-19
39502,Product_9502_3,sports,129.4129467795861,263.3517024411608,pending,2024-08-09
39503,Product_9503_3,clothing,4.856923169276966,259.51572501696415,archived,2024-07-18
39504,Product_9504_3,books,664.5867992947873,361.05027673928663,archived,2024-10-15
39505,Product_9505_3,books,872.7402803617765,346.12085412855686,archived,2024-03-02
39506,Product_9506_3,electronics,275.0014623040625,335.21886572004456,pending,2024-08-02
39507,Product_9507_3,sports,925.514555447477,474.58566832940244,active,2024-10-11
39508,Product_9508_3,home,107.50591518719114,73.00705782767336,inactive,2024-10-10
39509,Product_9509_3,sports,344.9713062725701,453.931707228243,inactive,2024-07-15
39510,Product_9510_3,books,199.033223120565,381.44281105346823,active,2024-10-04
39511,Product_9511_3,clothing,606.2791789813148,212.07127796581645,archived,2024-09-08
39512,Product_9512_3,electronics,519.1230833703102,223.23292314335552,archived,2024-09-05
39513,Product_9513_3,electronics,833.6717489503263,499.57737545086337,pending,2024-05-14
39514,Product_9514_3,home,964.4818069951489,483.68844397178486,inactive,2024-07-15
39515,Product_9515_3,clothing,387.94269188985317,236.02932582848194,archived,2024-07-05
39516,Product_9516_3,electronics,156.0122745595694,355.05470449104797,archived,2024-06-09
39517,Product_9517_3,electronics,130.77181687114347,148.94583477293625,active,2024-03-02
39518,Product_9518_3,books,57.37187423850953,336.374176731128,pending,2024-09-10
39519,Product_9519_3,home,204.3610386076549,18.160710158860972,archived,2024-11-18
39520,Product_9520_3,clothing,97.05543577612069,37.19760725449575,pending,2024-07-14
39521,Product_9521_3,electronics,42.04447458622806,257.10516211000964,inactive,2024-01-21
39522,Product_9522_3,home,788.2725414225089,495.1201641882152,inactive,2024-08-24
39523,Product_9523_3,clothing,888.6684489175783,427.44375004091484,inactive,2024-12-02
39524,Product_9524_3,books,795.1947133207057,404.6149805307071,pending,2024-11-28
39525,Product_9525_3,sports,471.87513503427164,238.373419915875,inactive,2024-06-22
39526,Product_9526_3,electronics,263.63419292131323,196.42582224320603,active,2024-07-12
39527,Product_9527_3,home,246.8454275358442,231.8166534856655,active,2024-09-09
39528,Product_9528_3,electronics,212.1969312408983,100.23269179765504,inactive,2024-12-20
39529,Product_9529_3,clothing,964.2782195782844,41.178723014080916,active,2024-07-19
39530,Product_9530_3,electronics,660.8495075389534,70.29397993929317,inactive,2024-04-09
39531,Product_9531_3,clothing,667.3527775929281,385.56025449326205,pending,2024-04-27
39532,Product_9532_3,clothing,615.3144123976899,232.04998580599653,active,2024-03-16
39533,Product_9533_3,home,84.18728235028023,463.4963198387801,inactive,2024-09-27
39534,Product_9534_3,clothing,571.8281488171519,373.7550527409315,archived,2024-06-23
39535,Product_9535_3,sports,443.0511300752966,96.13465464163254,active,2024-05-27
39536,Product_9536_3,home,173.06747518168626,324.8267978484063,pending,2024-03-08
39537,Product_9537_3,sports,111.88616498091605,203.54857305585097,pending,2024-04-11
39538,Product_9538_3,home,998.3239559246591,328.0446200869227,archived,2024-03-07
39539,Product_9539_3,electronics,405.41084357986637,491.1032295562849,inactive,2024-12-18
39540,Product_9540_3,electronics,157.81420539852706,327.7550488109123,pending,2024-01-10
39541,Product_9541_3,electronics,168.26761845022094,253.70967023476493,active,2024-05-13
39542,Product_9542_3,sports,588.7303348897043,427.8381454662442,active,2024-04-20
39543,Product_9543_3,sports,610.4656849628818,66.7333134475459,active,2024-02-15
39544,Product_9544_3,electronics,76.90972292879572,401.4168328433786,inactive,2024-06-09
39545,Product_9545_3,books,339.51652881334127,381.9093155795846,pending,2024-01-24
39546,Product_9546_3,home,462.9659948859534,312.2209821895108,active,2024-10-27
39547,Product_9547_3,books,456.12742419818653,355.9240010331097,archived,2024-05-18
39548,Product_9548_3,clothing,757.228668845985,303.733361518549,inactive,2024-07-16
39549,Product_9549_3,clothing,236.663499500175,102.40593793801881,archived,2024-04-09
39550,Product_9550_3,books,613.6737263513946,26.4814230689157,archived,2024-06-07
39551,Product_9551_3,books,355.52412354906227,211.56340298023417,inactive,2024-02-13
39552,Product_9552_3,home,473.4029749372742,383.42053706395086,pending,2024-09-26
39553,Product_9553_3,sports,860.3314969956489,461.5713929060561,archived,2024-07-27
39554,Product_9554_3,sports,499.7120104379217,225.29170608584454,inactive,2024-04-14
39555,Product_9555_3,books,403.07246489870977,123.29005320144643,archived,2024-06-20
39556,Product_9556_3,electronics,432.5582640191004,241.7098202460534,inactive,2024-05-15
39557,Product_9557_3,sports,424.03935033241686,199.63014985647087,active,2024-08-09
39558,Product_9558_3,clothing,35.74900991580538,294.9526286792546,archived,2024-11-12
39559,Product_9559_3,clothing,29.95768204707402,283.043340625022,inactive,2024-03-13
39560,Product_9560_3,home,32.11680207687461,336.1623376097337,pending,2024-02-16
39561,Product_9561_3,home,786.4256733685942,147.10926985320253,inactive,2024-01-17
39562,Product_9562_3,home,812.8434453944773,451.12489688032633,active,2024-11-12
39563,Product_9563_3,books,681.3831829455668,248.87497637001016,inactive,2024-10-19
39564,Product_9564_3,sports,740.5160325395248,175.68293050746794,active,2024-03-28
39565,Product_9565_3,sports,533.7554476155941,449.7430428343449,archived,2024-11-22
39566,Product_9566_3,home,107.69693288187291,81.58087811676987,pending,2024-06-28
39567,Product_9567_3,electronics,304.558524448149,66.62804635362545,inactive,2024-03-06
39568,Product_9568_3,home,431.96167018732126,362.94074094248106,pending,2024-06-12
39569,Product_9569_3,sports,364.9177693288167,98.63635534890463,pending,2024-05-26
39570,Product_9570_3,home,714.937184681977,414.6230971780424,active,2024-02-08
39571,Product_9571_3,books,381.33195690975936,446.804062778875,inactive,2024-06-07
39572,Product_9572_3,clothing,362.94211014373,468.79102018505,inactive,2024-03-19
39573,Product_9573_3,home,383.58402146184466,158.79059953878237,inactive,2024-12-04
39574,Product_9574_3,sports,665.1456964491399,122.7990212946883,active,2024-03-09
39575,Product_9575_3,books,78.91520526364839,454.9457698938158,pending,2024-01-27
39576,Product_9576_3,books,372.74328386500434,122.18604256320693,pending,2024-01-11
39577,Product_9577_3,electronics,252.07178840979273,251.1403948775093,active,2024-05-23
39578,Product_9578_3,books,257.46314378060356,444.4278155992843,archived,2024-02-06
39579,Product_9579_3,electronics,878.2597752902021,184.2852583844852,archived,2024-07-17
39580,Product_9580_3,books,620.3015912656938,217.13299695410197,active,2024-01-10
39581,Product_9581_3,clothing,883.5202352867597,181.42090015524295,inactive,2024-11-07
39582,Product_9582_3,books,49.72160983189079,106.88371267664309,archived,2024-08-17
39583,Product_9583_3,clothing,611.8834459291205,162.39280944484813,archived,2024-04-24
39584,Product_9584_3,home,77.89046288859038,141.04024342651712,pending,2024-10-01
39585,Product_9585_3,clothing,607.9129471366521,298.6741034032407,archived,2024-07-08
39586,Product_9586_3,electronics,110.95082814732999,364.56489478846566,archived,2024-09-24
39587,Product_9587_3,books,995.7714543498912,487.8195593190293,active,2024-04-21
39588,Product_9588_3,clothing,766.8166321077005,90.12162892785837,inactive,2024-11-10
39589,Product_9589_3,books,378.3870931301378,470.37369252678343,inactive,2024-08-01
39590,Product_9590_3,home,11.198568676241278,46.611376051271336,pending,2024-12-05
39591,Product_9591_3,books,939.0075716661581,31.545533408703008,pending,2024-04-07
39592,Product_9592_3,sports,322.683701109325,364.7891013741655,active,2024-09-19
39593,Product_9593_3,clothing,936.1433796376467,226.77889211451176,inactive,2024-12-25
39594,Product_9594_3,electronics,827.790863515652,328.7851354021893,archived,2024-12-09
39595,Product_9595_3,clothing,298.7146619128993,189.21761101437235,inactive,2024-12-18
39596,Product_9596_3,books,726.948029433629,109.9539312637398,archived,2024-07-22
39597,Product_9597_3,sports,683.9245813999381,41.46908393444102,active,2024-12-05
39598,Product_9598_3,books,254.79731953763314,107.83314691046937,inactive,2024-12-26
39599,Product_9599_3,sports,269.85138149239117,87.49528199679305,inactive,2024-03-03
39600,Product_9600_3,books,960.2701543500602,347.9010950471257,archived,2024-09-11
39601,Product_9601_3,clothing,982.6693769704367,78.94115948211866,active,2024-02-20
39602,Product_9602_3,home,638.7221599139325,425.903393939139,archived,2024-08-24
39603,Product_9603_3,clothing,628.1287392610137,297.59721456881664,archived,2024-02-20
39604,Product_9604_3,home,161.72212036656163,223.0495553569023,inactive,2024-06-10
39605,Product_9605_3,home,894.8435956882792,69.89797225548662,pending,2024-12-13
39606,Product_9606_3,electronics,995.0364320461417,239.75777770604026,archived,2024-03-20
39607,Product_9607_3,sports,378.16218953582774,115.8884816869426,active,2024-06-20
39608,Product_9608_3,books,701.3722508175439,31.16681014546567,active,2024-11-13
39609,Product_9609_3,electronics,216.620022072351,351.32086084679383,inactive,2024-09-03
39610,Product_9610_3,books,774.927441220819,181.9202789676978,inactive,2024-03-06
39611,Product_9611_3,clothing,617.2213404192968,366.7797819344109,pending,2024-02-14
39612,Product_9612_3,books,165.5475826702244,245.720969336283,inactive,2024-04-10
39613,Product_9613_3,home,135.41170780653223,94.94494658874187,pending,2024-02-06
39614,Product_9614_3,clothing,696.3188298333233,416.4746163269123,archived,2024-01-18
39615,Product_9615_3,home,763.1070882729658,261.19039538804986,active,2024-02-27
39616,Product_9616_3,books,485.84577933868076,78.59270921167041,active,2024-05-05
39617,Product_9617_3,books,585.8197072914502,255.95455602842455,inactive,2024-05-12
39618,Product_9618_3,sports,74.07978788795475,199.11632915637506,inactive,2024-08-12
39619,Product_9619_3,home,40.51688322582645,48.32324886840415,active,2024-07-22
39620,Product_9620_3,sports,628.4110285818921,204.85955968564662,inactive,2024-09-28
39621,Product_9621_3,home,898.6199936390867,138.55053186891413,pending,2024-10-12
39622,Product_9622_3,clothing,327.60225052733955,385.14607979991337,pending,2024-04-16
39623,Product_9623_3,clothing,151.20246363261876,326.13129052223553,active,2024-10-20
39624,Product_9624_3,home,552.8970085339364,222.81351933447283,inactive,2024-12-20
39625,Product_9625_3,books,818.4223971669759,91.03173687752589,inactive,2024-12-15
39626,Product_9626_3,books,376.21800786812526,38.91850738318113,archived,2024-03-18
39627,Product_9627_3,clothing,102.75700029652349,122.00925196979256,inactive,2024-09-12
39628,Product_9628_3,electronics,685.4919835448952,395.99141343569164,archived,2024-01-09
39629,Product_9629_3,electronics,617.3562733085092,206.99340838439812,pending,2024-09-25
39630,Product_9630_3,electronics,457.2494932393287,369.8411344881477,inactive,2024-12-24
39631,Product_9631_3,home,607.9256495049768,194.6922649222339,archived,2024-08-19
39632,Product_9632_3,home,411.6245896619182,354.89026932216603,inactive,2024-11-07
39633,Product_9633_3,home,202.91007880703864,434.4819867252517,inactive,2024-04-21
39634,Product_9634_3,electronics,136.38540811708708,256.473624339957,inactive,2024-03-02
39635,Product_9635_3,electronics,138.93473849970277,356.50046862639783,archived,2024-03-24
39636,Product_9636_3,sports,323.3796633905819,436.31469364562787,archived,2024-07-14
39637,Product_9637_3,electronics,357.02597440645116,258.6380670381253,active,2024-12-03
39638,Product_9638_3,sports,885.8973248969323,270.80484337501684,archived,2024-03-08
39639,Product_9639_3,electronics,835.4293375967809,407.425154728785,active,2024-11-21
39640,Product_9640_3,home,585.4349632136134,105.54677075640555,archived,2024-02-09
39641,Product_9641_3,clothing,826.545231306297,361.6758738929064,archived,2024-03-03
39642,Product_9642_3,books,101.54494654805377,163.01931319152678,pending,2024-09-27
39643,Product_9643_3,sports,258.5872780166846,77.39655240991955,pending,2024-09-24
39644,Product_9644_3,clothing,721.9128453381026,263.9254008176325,inactive,2024-12-13
39645,Product_9645_3,books,754.2145413466313,74.05692762655461,pending,2024-04-11
39646,Product_9646_3,home,15.356102382197832,299.2203972340944,inactive,2024-02-14
39647,Product_9647_3,electronics,138.34391405322788,94.98423839233305,archived,2024-02-12
39648,Product_9648_3,books,684.2331320265548,234.96978942555836,inactive,2024-06-15
39649,Product_9649_3,books,78.10497404136807,429.90972368363487,archived,2024-12-27
39650,Product_9650_3,clothing,778.8510745062198,404.4860911422277,archived,2024-03-21
39651,Product_9651_3,electronics,947.7416835592797,89.57967785945893,inactive,2024-11-24
39652,Product_9652_3,sports,543.2965933684532,440.27301927587524,pending,2024-02-12
39653,Product_9653_3,books,344.94484329126715,75.21238450423792,inactive,2024-05-22
39654,Product_9654_3,electronics,241.50138569296672,77.57573670903788,inactive,2024-11-04
39655,Product_9655_3,sports,782.6414348315926,74.44083126570573,archived,2024-07-05
39656,Product_9656_3,books,759.4282348507675,351.3178800973921,pending,2024-03-13
39657,Product_9657_3,electronics,43.85477344755525,498.8375958634564,active,2024-12-10
39658,Product_9658_3,sports,746.5246055756024,259.70397730832906,pending,2024-11-19
39659,Product_9659_3,clothing,315.1322944995574,435.1735869462526,inactive,2024-11-26
39660,Product_9660_3,clothing,125.1859902661547,388.2981410349149,active,2024-08-04
39661,Product_9661_3,electronics,160.48253838537622,279.30257694966434,active,2024-02-28
39662,Product_9662_3,electronics,749.2032493109807,438.6939205983641,pending,2024-09-18
39663,Product_9663_3,electronics,406.23371151828576,404.1391706706832,inactive,2024-10-05
39664,Product_9664_3,electronics,349.6845457102993,108.42387661002807,active,2024-03-26
39665,Product_9665_3,home,40.5835378396865,360.7352990672025,inactive,2024-06-11
39666,Product_9666_3,sports,66.44015738463467,120.60997005206279,active,2024-08-09
39667,Product_9667_3,home,804.8461204808966,397.484897040716,inactive,2024-07-28
39668,Product_9668_3,books,291.1057702951188,171.5176596853083,archived,2024-07-04
39669,Product_9669_3,clothing,885.1605131714922,79.72123154832872,archived,2024-07-06
39670,Product_9670_3,home,172.4701182151605,237.236182520698,active,2024-04-12
39671,Product_9671_3,clothing,720.420145457471,63.6242231271022,inactive,2024-04-27
39672,Product_9672_3,home,810.3883679403723,150.2189213809083,pending,2024-11-01
39673,Product_9673_3,clothing,24.985329601727365,251.40344504320885,pending,2024-07-07
39674,Product_9674_3,electronics,317.98490483148043,36.46752834496704,archived,2024-11-07
39675,Product_9675_3,clothing,407.907112089415,319.96908126469015,pending,2024-07-21
39676,Product_9676_3,clothing,441.2459351048102,348.67179821720924,inactive,2024-05-02
39677,Product_9677_3,electronics,505.4490946802896,183.72047364579987,archived,2024-06-01
39678,Product_9678_3,home,189.71130448891674,39.46228412464669,inactive,2024-08-04
39679,Product_9679_3,books,496.90296757649213,482.39680503713834,archived,2024-10-28
39680,Product_9680_3,clothing,558.6607801588623,20.027237501600098,pending,2024-08-05
39681,Product_9681_3,books,140.84748000076232,157.40560277907355,inactive,2024-04-05
39682,Product_9682_3,books,240.3526263401073,71.35853115709557,pending,2024-07-03
39683,Product_9683_3,clothing,6.841396836377545,464.7169505188585,active,2024-01-16
39684,Product_9684_3,home,908.5967322205074,316.863015882282,active,2024-11-04
39685,Product_9685_3,sports,874.7196950740206,424.60774730065174,archived,2024-07-02
39686,Product_9686_3,home,387.35962504144265,120.90269814786218,pending,2024-02-13
39687,Product_9687_3,electronics,101.3738158358165,121.95059514843078,pending,2024-10-20
39688,Product_9688_3,books,408.8441996601713,17.77577354872313,pending,2024-06-07
39689,Product_9689_3,home,254.74039343510012,384.4716746841894,archived,2024-07-19
39690,Product_9690_3,electronics,275.4503949165563,235.76752350077692,active,2024-10-19
39691,Product_9691_3,clothing,400.60108061070304,392.4984326233211,inactive,2024-06-12
39692,Product_9692_3,books,573.0245855722737,208.60849211254617,inactive,2024-11-22
39693,Product_9693_3,home,905.4173924554566,46.58544150068241,active,2024-02-20
39694,Product_9694_3,home,54.74209943022652,219.01710375629682,inactive,2024-05-05
39695,Product_9695_3,clothing,616.3938156211643,421.20507244136036,inactive,2024-03-07
39696,Product_9696_3,books,818.621419856637,231.64113611919444,inactive,2024-04-27
39697,Product_9697_3,books,669.7168835467832,458.13588942206457,archived,2024-08-13
39698,Product_9698_3,electronics,972.3358072657069,205.20051144609712,active,2024-06-27
39699,Product_9699_3,sports,791.8534790848271,487.0430708875483,archived,2024-07-03
39700,Product_9700_3,clothing,204.45958958526973,269.2055990916524,archived,2024-11-19
39701,Product_9701_3,electronics,726.3797698559712,296.5605409266201,archived,2024-11-17
39702,Product_9702_3,home,290.70503726915695,360.86597844803936,inactive,2024-11-28
39703,Product_9703_3,electronics,445.6714426711237,416.2871435634075,inactive,2024-07-02
39704,Product_9704_3,home,296.5046503291592,111.24944751102987,inactive,2024-03-24
39705,Product_9705_3,books,15.34572639560744,10.584892048002828,active,2024-05-24
39706,Product_9706_3,electronics,491.0145494780046,226.2334530524548,pending,2024-02-21
39707,Product_9707_3,books,676.4395788543668,380.92275948920064,inactive,2024-11-20
39708,Product_9708_3,sports,470.9379541820651,344.2598685572409,inactive,2024-06-23
39709,Product_9709_3,books,431.0711600121496,482.42222506645703,inactive,2024-02-24
39710,Product_9710_3,electronics,632.3898487759618,133.67847101268814,inactive,2024-06-09
39711,Product_9711_3,sports,828.4004072564207,57.03720841384535,archived,2024-05-26
39712,Product_9712_3,books,178.39019903347636,74.60115098931377,inactive,2024-04-20
39713,Product_9713_3,sports,265.195532621024,209.59256232677114,archived,2024-06-14
39714,Product_9714_3,electronics,378.9811295045783,26.968636853268787,pending,2024-04-09
39715,Product_9715_3,sports,542.7260881492192,383.2171477995682,active,2024-02-09
39716,Product_9716_3,sports,934.436562929314,272.6168466229491,archived,2024-06-17
39717,Product_9717_3,books,283.49556274732396,186.16271321678144,inactive,2024-10-23
39718,Product_9718_3,books,502.4452644640585,433.3779257841252,archived,2024-05-28
39719,Product_9719_3,clothing,588.7612473988008,365.2152530873875,pending,2024-10-15
39720,Product_9720_3,electronics,781.60223283862,164.70610143043282,inactive,2024-06-13
39721,Product_9721_3,electronics,983.8163370195488,66.17656734545656,archived,2024-11-07
39722,Product_9722_3,electronics,275.47042271738025,391.1990480189687,active,2024-11-09
39723,Product_9723_3,books,924.9716653767354,41.237191341710016,active,2024-05-07
39724,Product_9724_3,sports,45.97736933480857,160.2973825249206,active,2024-12-20
39725,Product_9725_3,home,867.2107814267105,115.22737912856608,inactive,2024-01-23
39726,Product_9726_3,clothing,991.5990346100075,109.17797467669229,inactive,2024-05-15
39727,Product_9727_3,home,723.9447922777174,36.39293623792966,active,2024-12-26
39728,Product_9728_3,sports,771.8532945144775,170.37035110897287,pending,2024-08-10
39729,Product_9729_3,books,110.16353633130956,244.97851403681472,active,2024-05-14
39730,Product_9730_3,books,985.4437388484,156.6881045218864,active,2024-11-24
39731,Product_9731_3,home,590.4157018344048,283.36797743165585,pending,2024-03-23
39732,Product_9732_3,clothing,79.16315826000249,310.582255579017,active,2024-01-14
39733,Product_9733_3,clothing,750.1442675182509,256.55900853102014,inactive,2024-12-06
39734,Product_9734_3,clothing,462.8903768894412,95.83469505224721,pending,2024-04-25
39735,Product_9735_3,clothing,390.2768366042253,150.41803194023072,active,2024-09-17
39736,Product_9736_3,books,661.8179561173359,286.40138038901637,archived,2024-11-21
39737,Product_9737_3,home,15.68515404807672,344.2443924672572,inactive,2024-06-20
39738,Product_9738_3,home,390.9300341604208,198.61575284415534,pending,2024-12-18
39739,Product_9739_3,clothing,421.63933246963524,467.7408450636621,inactive,2024-04-18
39740,Product_9740_3,electronics,166.59443225741387,79.34694323933442,inactive,2024-04-28
39741,Product_9741_3,books,930.8530085145006,390.43791492969905,pending,2024-07-02
39742,Product_9742_3,home,23.937964461402277,186.6697732416403,inactive,2024-09-17
39743,Product_9743_3,electronics,525.3586602019461,194.78494001296104,active,2024-07-18
39744,Product_9744_3,home,919.9032592711054,308.7926156244589,inactive,2024-07-02
39745,Product_9745_3,home,409.5320955380791,76.88419925676499,active,2024-09-15
39746,Product_9746_3,electronics,671.2184769567934,239.10845738038356,active,2024-04-13
39747,Product_9747_3,books,829.8117601988411,29.26092665467591,active,2024-10-04
39748,Product_9748_3,home,251.9314179141459,331.5630714165379,pending,2024-02-27
39749,Product_9749_3,home,501.57082811242475,228.3848677563445,active,2024-09-04
39750,Product_9750_3,sports,967.2479664646172,88.31462480909056,archived,2024-08-23
39751,Product_9751_3,sports,251.33985094045877,82.94089061123695,inactive,2024-10-02
39752,Product_9752_3,books,646.9760339656682,34.155036817624314,pending,2024-09-02
39753,Product_9753_3,books,953.5659514846058,411.38357001879183,inactive,2024-07-26
39754,Product_9754_3,home,309.2378907190132,100.60823573777236,inactive,2024-03-10
39755,Product_9755_3,electronics,182.83886956804338,332.2089604990011,inactive,2024-09-15
39756,Product_9756_3,electronics,939.6491147207172,453.35022437785733,active,2024-02-23
39757,Product_9757_3,electronics,255.78884158386288,335.35799707043185,archived,2024-05-14
39758,Product_9758_3,home,985.1765452272208,32.81669030882841,pending,2024-02-11
39759,Product_9759_3,electronics,853.0786536552346,82.06965800567362,active,2024-11-14
39760,Product_9760_3,sports,130.60279880057706,181.93527509352242,active,2024-04-18
39761,Product_9761_3,electronics,403.81694771282855,203.45646200162378,inactive,2024-11-08
39762,Product_9762_3,home,6.407247440969927,185.71166279413026,pending,2024-08-02
39763,Product_9763_3,clothing,186.6631133076749,252.91584665033463,archived,2024-06-23
39764,Product_9764_3,clothing,177.75819704218904,477.33728173943393,pending,2024-09-28
39765,Product_9765_3,clothing,514.4069105350253,300.9427876853808,archived,2024-08-21
39766,Product_9766_3,home,581.6355514692539,248.89540677652258,inactive,2024-10-05
39767,Product_9767_3,home,685.5903658912245,152.28071137932332,inactive,2024-08-22
39768,Product_9768_3,home,962.7949404259869,362.22275443754666,inactive,2024-11-04
39769,Product_9769_3,electronics,306.42995535439263,406.58901375008503,active,2024-03-19
39770,Product_9770_3,home,492.4778425295892,412.7381478296241,pending,2024-04-26
39771,Product_9771_3,clothing,888.700687258642,234.0890542372495,archived,2024-11-09
39772,Product_9772_3,electronics,441.65964693594987,479.2168343173415,archived,2024-08-10
39773,Product_9773_3,books,243.537731479646,106.54434038710453,pending,2024-06-27
39774,Product_9774_3,sports,950.422445104149,385.6178012669264,active,2024-01-07
39775,Product_9775_3,home,932.4056437924644,223.72369016673065,active,2024-09-09
39776,Product_9776_3,home,261.47715035527864,133.59193768975985,pending,2024-12-20
39777,Product_9777_3,sports,458.3281180024438,105.55869539067565,pending,2024-12-14
39778,Product_9778_3,clothing,580.5043185869697,431.51633701312153,active,2024-10-18
39779,Product_9779_3,electronics,84.61654534412207,477.5941327937904,archived,2024-12-05
39780,Product_9780_3,clothing,294.6418115367419,188.71563369569836,pending,2024-10-17
39781,Product_9781_3,clothing,478.5064992246155,384.15077141579405,archived,2024-02-15
39782,Product_9782_3,books,572.6822802699485,450.48959087244634,active,2024-07-18
39783,Product_9783_3,sports,181.81413672508123,458.4461102353758,pending,2024-12-26
39784,Product_9784_3,sports,184.87350984209868,44.13407601893091,archived,2024-11-09
39785,Product_9785_3,books,166.1372029666685,210.21589497892774,pending,2024-03-16
39786,Product_9786_3,clothing,325.444437625256,230.61587572288275,archived,2024-05-23
39787,Product_9787_3,sports,776.4987229385788,125.39089671918488,pending,2024-06-20
39788,Product_9788_3,sports,496.0950146700578,242.50658941310203,active,2024-11-03
39789,Product_9789_3,electronics,842.0384946523016,335.0629946634022,inactive,2024-04-20
39790,Product_9790_3,sports,259.5084542885502,102.27351272499419,pending,2024-12-02
39791,Product_9791_3,books,401.3207608374487,275.08479576159385,inactive,2024-11-25
39792,Product_9792_3,home,92.21230605532973,376.8736603373243,inactive,2024-11-19
39793,Product_9793_3,electronics,197.05051088479172,490.14423591579157,inactive,2024-08-01
39794,Product_9794_3,sports,172.9392113330773,482.9338116999647,inactive,2024-09-25
39795,Product_9795_3,sports,820.1741868789496,403.69261629884585,active,2024-09-01
39796,Product_9796_3,electronics,164.9878680547352,370.697032777694,archived,2024-06-24
39797,Product_9797_3,clothing,768.1041395296978,209.88876871984783,archived,2024-06-12
39798,Product_9798_3,electronics,586.992516937499,471.23048275599837,archived,2024-10-01
39799,Product_9799_3,books,404.93168492292256,325.2891266439111,active,2024-02-05
39800,Product_9800_3,books,263.4978563792676,98.79620844077513,active,2024-06-09
39801,Product_9801_3,clothing,250.20399293645568,360.52973687062223,archived,2024-09-08
39802,Product_9802_3,clothing,929.29053262025,460.9237509215427,inactive,2024-04-18
39803,Product_9803_3,home,891.3680664542059,224.23512311444168,active,2024-07-17
39804,Product_9804_3,clothing,948.1411260974952,297.1129516872058,inactive,2024-08-26
39805,Product_9805_3,clothing,440.3922617467021,445.3570351299532,archived,2024-04-23
39806,Product_9806_3,sports,422.0790165241857,192.41666112606188,inactive,2024-09-22
39807,Product_9807_3,electronics,347.0037572898115,301.4382620608965,pending,2024-02-04
39808,Product_9808_3,clothing,27.773182328391208,253.92378250988543,active,2024-08-05
39809,Product_9809_3,clothing,508.50644249993064,437.3958670995367,inactive,2024-05-03
39810,Product_9810_3,clothing,147.9844777893515,169.22869742525083,active,2024-06-27
39811,Product_9811_3,home,442.9467074716821,334.6921270174449,archived,2024-05-06
39812,Product_9812_3,home,920.184293120185,239.6751422297779,pending,2024-05-28
39813,Product_9813_3,books,202.3636656600828,154.89750837305704,archived,2024-10-19
39814,Product_9814_3,sports,464.8386017251251,487.8655750520803,archived,2024-03-05
39815,Product_9815_3,books,278.3965210298421,328.59044997411485,inactive,2024-04-18
39816,Product_9816_3,clothing,276.1601816452154,394.2749620690185,pending,2024-08-23
39817,Product_9817_3,books,688.4742777915513,323.2040853485813,inactive,2024-05-26
39818,Product_9818_3,books,974.221058353704,456.09979759924926,pending,2024-05-23
39819,Product_9819_3,home,365.1248199329758,85.1551079487471,archived,2024-07-03
39820,Product_9820_3,clothing,662.5721015223843,387.4396891008433,active,2024-04-25
39821,Product_9821_3,books,845.5852389324091,253.42612499434276,pending,2024-11-23
39822,Product_9822_3,clothing,894.8729838105164,49.63474401946719,pending,2024-12-04
39823,Product_9823_3,clothing,815.840609807198,234.02253915682056,pending,2024-08-10
39824,Product_9824_3,electronics,327.06095922773216,227.36449056888193,active,2024-10-20
39825,Product_9825_3,clothing,737.9934851401439,115.0155059044181,inactive,2024-01-21
39826,Product_9826_3,electronics,732.8934133591969,162.29712193689116,archived,2024-07-07
39827,Product_9827_3,clothing,952.4342789788648,13.38985648220875,inactive,2024-06-06
39828,Product_9828_3,electronics,91.22607252962322,66.1278098777075,inactive,2024-08-03
39829,Product_9829_3,electronics,223.65063951583562,126.00156613442927,pending,2024-11-04
39830,Product_9830_3,home,185.6472509506192,437.33268966268736,inactive,2024-04-02
39831,Product_9831_3,clothing,491.20471046717256,227.61671676453972,inactive,2024-09-06
39832,Product_9832_3,home,347.798524372927,69.47083768383564,inactive,2024-08-13
39833,Product_9833_3,home,451.4687737443837,370.19088636113025,inactive,2024-05-19
39834,Product_9834_3,electronics,180.9143622059441,433.25954010783926,archived,2024-02-09
39835,Product_9835_3,electronics,15.66002805859749,457.106871467083,archived,2024-02-11
39836,Product_9836_3,home,256.1454281410599,424.2331791719501,pending,2024-06-08
39837,Product_9837_3,books,433.4841366599788,148.77423061463202,active,2024-06-09
39838,Product_9838_3,clothing,658.5917163889592,123.19241185096493,archived,2024-09-26
39839,Product_9839_3,sports,699.9474165558008,289.1611306560037,pending,2024-06-15
39840,Product_9840_3,sports,474.06887984338005,232.73373334180715,inactive,2024-08-10
39841,Product_9841_3,sports,935.1808351331824,33.2163647228022,pending,2024-12-22
39842,Product_9842_3,clothing,935.5901168576953,334.4315127699423,inactive,2024-08-14
39843,Product_9843_3,clothing,939.6293138083358,231.09067225855907,archived,2024-07-14
39844,Product_9844_3,books,128.57491098449734,63.0597559088517,active,2024-04-05
39845,Product_9845_3,books,860.9216262806633,401.156559171373,archived,2024-05-12
39846,Product_9846_3,electronics,141.43739096841318,411.8741871523757,inactive,2024-12-25
39847,Product_9847_3,clothing,361.0784254799745,50.188826769172145,active,2024-06-11
39848,Product_9848_3,books,138.19257009818315,479.2998232478167,archived,2024-07-22
39849,Product_9849_3,books,434.75376788088295,473.9217266988502,active,2024-06-05
39850,Product_9850_3,clothing,942.3654689818832,49.81454639356504,archived,2024-02-06
39851,Product_9851_3,home,638.3507323602834,48.10265545544893,inactive,2024-11-02
39852,Product_9852_3,home,441.99212304045113,208.5529875426616,archived,2024-02-19
39853,Product_9853_3,sports,957.5417639785579,342.10798861044316,active,2024-11-16
39854,Product_9854_3,electronics,159.4625821376746,490.303119880917,active,2024-10-08
39855,Product_9855_3,home,980.2651794818024,440.4030671297884,active,2024-06-09
39856,Product_9856_3,clothing,138.41641335190266,390.22313904024674,pending,2024-04-23
39857,Product_9857_3,home,304.1227485258101,439.4211615874166,archived,2024-08-28
39858,Product_9858_3,clothing,86.60481705030902,156.06338831782867,pending,2024-08-09
39859,Product_9859_3,books,123.1414554670775,70.1485181335962,inactive,2024-01-22
39860,Product_9860_3,electronics,63.98711532834573,263.2681223932165,inactive,2024-04-20
39861,Product_9861_3,sports,186.89002260172643,34.445630114793346,active,2024-05-17
39862,Product_9862_3,electronics,46.08351275378995,134.93114949665556,pending,2024-06-05
39863,Product_9863_3,clothing,609.8974978624683,472.841876776416,archived,2024-05-11
39864,Product_9864_3,books,681.6840733394614,260.2629297645667,pending,2024-09-20
39865,Product_9865_3,home,732.6446832106486,289.5804083054475,pending,2024-06-05
39866,Product_9866_3,home,976.5421365458604,396.3557667767991,archived,2024-11-23
39867,Product_9867_3,home,484.3105619290512,252.1073691532062,pending,2024-08-19
39868,Product_9868_3,books,199.2452006687055,382.3472215560562,archived,2024-05-13
39869,Product_9869_3,sports,48.09249158782414,345.80650134945313,inactive,2024-03-01
39870,Product_9870_3,home,476.3914765437569,439.2140518050993,archived,2024-04-22
39871,Product_9871_3,sports,532.5890747294694,167.01609912935442,archived,2024-02-05
39872,Product_9872_3,sports,698.7695108532749,35.53183288427946,pending,2024-04-05
39873,Product_9873_3,home,291.7616101965161,279.0238614530103,active,2024-07-09
39874,Product_9874_3,electronics,856.6690131311909,28.584627167004818,active,2024-03-26
39875,Product_9875_3,books,867.0886778421118,182.6411481135958,active,2024-11-03
39876,Product_9876_3,sports,252.27848451883173,434.3780364173641,active,2024-05-25
39877,Product_9877_3,home,757.7891574293461,72.22236816846353,pending,2024-09-21
39878,Product_9878_3,books,413.1184755463412,360.4404365121658,active,2024-03-26
39879,Product_9879_3,home,121.61217387743045,483.40865742369925,archived,2024-03-16
39880,Product_9880_3,home,467.0857533335779,492.49033558768133,pending,2024-08-18
39881,Product_9881_3,sports,320.80142665182433,399.74207023301756,archived,2024-08-11
39882,Product_9882_3,sports,378.79080923171983,227.04297309919198,archived,2024-04-25
39883,Product_9883_3,home,797.1602866535684,495.3507985438146,pending,2024-05-08
39884,Product_9884_3,clothing,305.7074324219087,472.36344828960057,inactive,2024-11-09
39885,Product_9885_3,sports,477.1733177217813,353.03483761638944,archived,2024-04-16
39886,Product_9886_3,home,977.2648230323399,437.88747464496964,archived,2024-10-05
39887,Product_9887_3,clothing,373.85582937750905,137.87358184065653,pending,2024-05-08
39888,Product_9888_3,clothing,974.2592924801115,142.79047441619903,pending,2024-02-16
39889,Product_9889_3,sports,468.1067099232106,421.43201148267815,active,2024-11-02
39890,Product_9890_3,books,985.8015639245256,319.5402830275556,active,2024-02-08
39891,Product_9891_3,sports,320.61394078776954,423.29272307994677,archived,2024-05-10
39892,Product_9892_3,home,773.6192059618196,35.8653624801492,inactive,2024-11-01
39893,Product_9893_3,home,903.5820649301585,122.25759768773796,active,2024-10-16
39894,Product_9894_3,sports,921.6395561489934,122.7718996385151,inactive,2024-02-24
39895,Product_9895_3,sports,389.247969245269,191.64004388167066,active,2024-01-13
39896,Product_9896_3,home,327.6811334307514,60.65728499811412,archived,2024-05-05
39897,Product_9897_3,books,348.8008478903197,196.66412121704195,archived,2024-01-21
39898,Product_9898_3,home,416.47727600362373,410.7776545432781,pending,2024-04-25
39899,Product_9899_3,sports,587.2952445528048,368.6288536048288,pending,2024-09-28
39900,Product_9900_3,sports,110.87266709315406,321.96200447001166,inactive,2024-02-07
39901,Product_9901_3,books,37.01834675791148,279.57788411528986,pending,2024-09-22
39902,Product_9902_3,home,998.3230879059518,238.9534761941553,archived,2024-09-18
39903,Product_9903_3,sports,850.4373444898702,59.750103387741476,pending,2024-01-13
39904,Product_9904_3,books,542.3589806732796,236.79071867541646,active,2024-02-05
39905,Product_9905_3,home,572.1742993458936,360.1221220689874,archived,2024-08-26
39906,Product_9906_3,books,526.2128744041005,20.784657532046058,archived,2024-05-19
39907,Product_9907_3,sports,741.5217054981274,76.32809040016116,pending,2024-11-04
39908,Product_9908_3,home,147.99937827907968,292.574228871434,inactive,2024-05-27
39909,Product_9909_3,clothing,376.5663707044049,135.8033423070355,pending,2024-04-01
39910,Product_9910_3,sports,174.4697373050614,25.34723200605915,pending,2024-12-04
39911,Product_9911_3,books,885.9901241911278,74.50380949205275,archived,2024-07-01
39912,Product_9912_3,sports,276.72116243944845,412.3724536614868,active,2024-01-06
39913,Product_9913_3,clothing,950.5459440509633,328.4458585495398,inactive,2024-07-23
39914,Product_9914_3,sports,268.16203951212975,339.0879367492751,pending,2024-06-18
39915,Product_9915_3,electronics,88.13698844697757,219.98125931477358,inactive,2024-10-27
39916,Product_9916_3,home,814.7709781555678,342.974557235317,active,2024-02-06
39917,Product_9917_3,electronics,563.1395971333923,244.73255938251083,active,2024-08-10
39918,Product_9918_3,books,510.84730595502754,172.21910884527614,inactive,2024-02-21
39919,Product_9919_3,electronics,696.4681107685122,153.07632538634843,pending,2024-08-05
39920,Product_9920_3,clothing,311.5498186097873,190.94319017444153,pending,2024-04-18
39921,Product_9921_3,clothing,296.3574255572675,158.46709789159917,inactive,2024-03-24
39922,Product_9922_3,electronics,946.9917025050399,492.1959255445408,pending,2024-08-20
39923,Product_9923_3,books,138.53188932400013,391.6792790884156,inactive,2024-09-25
39924,Product_9924_3,sports,950.5993862979466,71.09828204181386,inactive,2024-11-13
39925,Product_9925_3,electronics,799.0404640467582,304.69114025360557,pending,2024-07-18
39926,Product_9926_3,sports,867.1067677103588,103.65993232551597,inactive,2024-03-23
39927,Product_9927_3,clothing,544.6597580448931,70.94507651232027,inactive,2024-08-22
39928,Product_9928_3,clothing,939.0670317702668,233.27038226243764,inactive,2024-04-03
39929,Product_9929_3,books,853.0069899433229,330.4639473856065,inactive,2024-02-13
39930,Product_9930_3,books,780.8546835050186,442.514603483995,archived,2024-05-01
39931,Product_9931_3,books,934.6825521131703,78.68813131321602,active,2024-06-18
39932,Product_9932_3,electronics,543.4652504748387,249.7644000870275,active,2024-12-21
39933,Product_9933_3,electronics,460.2639106201124,470.81275160579094,active,2024-12-15
39934,Product_9934_3,books,482.9499803454427,111.68719079033964,pending,2024-09-20
39935,Product_9935_3,electronics,398.98328250345094,364.39885858527146,archived,2024-08-15
39936,Product_9936_3,electronics,93.3242263187165,428.9711039262163,inactive,2024-02-08
39937,Product_9937_3,sports,215.20237424350938,214.9754090073734,active,2024-05-16
39938,Product_9938_3,books,167.34524681722655,132.43491433788,active,2024-02-09
39939,Product_9939_3,home,101.23577323868535,150.43407251632365,archived,2024-08-01
39940,Product_9940_3,home,929.801981677285,458.9299954156913,inactive,2024-04-23
39941,Product_9941_3,electronics,564.1087461047146,85.1744601889824,active,2024-04-21
39942,Product_9942_3,books,194.90307206190738,379.6157312977357,pending,2024-06-26
39943,Product_9943_3,home,942.9992237125216,213.5633560489967,archived,2024-05-03
39944,Product_9944_3,clothing,782.1035661987395,176.21413726328987,inactive,2024-07-07
39945,Product_9945_3,electronics,769.9580763312275,307.3281639848549,inactive,2024-11-08
39946,Product_9946_3,sports,871.7441952509394,234.13730798713152,inactive,2024-05-08
39947,Product_9947_3,books,308.4613102185138,184.657561989633,pending,2024-07-20
39948,Product_9948_3,books,883.7637436024355,295.56422853689753,archived,2024-07-01
39949,Product_9949_3,books,767.6566334635771,492.6084991280424,inactive,2024-07-02
39950,Product_9950_3,sports,702.9976908003598,160.8490942829145,archived,2024-08-04
39951,Product_9951_3,home,291.05101336638035,456.9276271924248,pending,2024-07-02
39952,Product_9952_3,books,848.410325897148,377.8584710447607,inactive,2024-11-07
39953,Product_9953_3,clothing,543.4464429053062,264.89046855983474,inactive,2024-09-13
39954,Product_9954_3,sports,537.9670335051457,455.25300033376675,archived,2024-10-05
39955,Product_9955_3,electronics,793.3968857006529,209.79773800737314,archived,2024-11-27
39956,Product_9956_3,electronics,289.1132267100443,55.98194447371331,pending,2024-01-18
39957,Product_9957_3,electronics,400.4227217814848,484.2439207422974,archived,2024-06-27
39958,Product_9958_3,home,264.6555680091379,155.42684184542966,pending,2024-10-10
39959,Product_9959_3,electronics,758.1194787611831,248.39133473599622,pending,2024-11-09
39960,Product_9960_3,electronics,276.2887641671076,130.92393573790832,active,2024-12-06
39961,Product_9961_3,electronics,814.5426616874797,200.25166399479284,inactive,2024-02-25
39962,Product_9962_3,clothing,223.14665261750116,52.939411135133746,inactive,2024-06-09
39963,Product_9963_3,books,547.9154574723839,19.188252697956145,pending,2024-01-27
39964,Product_9964_3,sports,20.746619841370258,69.65609440191463,archived,2024-05-19
39965,Product_9965_3,books,879.3349568688947,222.90217053032032,pending,2024-02-11
39966,Product_9966_3,electronics,549.1348098814026,151.50016991740205,active,2024-01-05
39967,Product_9967_3,home,986.4330427536324,60.281409941204316,active,2024-10-03
39968,Product_9968_3,home,279.5967296976563,453.38489108995367,archived,2024-05-15
39969,Product_9969_3,clothing,29.21785455897144,285.1014168728476,active,2024-05-06
39970,Product_9970_3,home,590.3497103493497,491.7423427360404,archived,2024-11-09
39971,Product_9971_3,electronics,719.9767035078498,146.50516541108655,pending,2024-03-05
39972,Product_9972_3,electronics,474.7073316165312,144.4527885423596,active,2024-01-16
39973,Product_9973_3,electronics,815.1975703260192,299.39855617260497,pending,2024-02-07
39974,Product_9974_3,sports,926.4472616614395,145.9072341048844,archived,2024-03-08
39975,Product_9975_3,electronics,621.9654954501341,272.89747770113496,inactive,2024-08-06
39976,Product_9976_3,clothing,802.8558030414405,304.7354033293396,pending,2024-12-25
39977,Product_9977_3,home,700.7405914252375,132.76795906818796,archived,2024-07-17
39978,Product_9978_3,sports,949.4788614651894,173.7560096958536,inactive,2024-09-17
39979,Product_9979_3,clothing,505.60594482575976,83.75828464372671,archived,2024-08-25
39980,Product_9980_3,electronics,790.1945505154285,477.5663428551089,inactive,2024-09-18
39981,Product_9981_3,home,987.5085418389965,131.29684800858877,pending,2024-06-26
39982,Product_9982_3,clothing,574.6589545472826,43.86835204930035,archived,2024-07-12
39983,Product_9983_3,electronics,636.6503609293677,257.0496151524755,pending,2024-05-13
39984,Product_9984_3,sports,562.4844331394704,32.05119650198299,pending,2024-06-07
39985,Product_9985_3,sports,777.4199554755339,162.61530574348268,archived,2024-02-24
39986,Product_9986_3,books,524.2627989852678,242.1328741211264,active,2024-01-28
39987,Product_9987_3,clothing,54.355508869118246,195.03971966095366,inactive,2024-08-14
39988,Product_9988_3,books,109.86438601478015,305.60680060466626,active,2024-10-18
39989,Product_9989_3,clothing,368.4901007259507,51.1533535123245,pending,2024-07-01
39990,Product_9990_3,sports,329.651395889526,29.483260693074797,pending,2024-09-20
39991,Product_9991_3,books,192.46481615462358,463.66134254297623,active,2024-09-04
39992,Product_9992_3,electronics,991.0954769026961,176.45633489788418,archived,2024-01-04
39993,Product_9993_3,electronics,57.21161604386967,50.85451123033326,inactive,2024-11-02
39994,Product_9994_3,books,470.8114935219005,337.38694096130286,active,2024-10-11
39995,Product_9995_3,electronics,479.8509367668524,414.50040131228747,active,2024-05-26
39996,Product_9996_3,electronics,627.0162049780681,476.8215213098923,pending,2024-08-07
39997,Product_9997_3,electronics,120.59838633408353,421.8825108957072,active,2024-01-28
39998,Product_9998_3,clothing,229.37119220897105,476.1440164306919,active,2024-11-13
39999,Product_9999_3,sports,991.7768739123176,109.45868077902294,inactive,2024-02-14
