id,name,category,value,price,status,created_at
0,Product_0_0,sports,936.7420835676656,317.4397985802611,active,2024-01-09
1,Product_1_0,sports,756.4635404643677,417.5637727822096,pending,2024-12-12
2,Product_2_0,clothing,661.4456729107991,90.12749630866051,pending,2024-03-24
3,Product_3_0,home,82.63451290948491,183.71779223261444,archived,2024-06-23
4,Product_4_0,clothing,918.9000868919725,252.8768750545592,pending,2024-01-08
5,Product_5_0,books,962.9443544648032,398.9989427883554,archived,2024-10-24
6,Product_6_0,electronics,653.4214928255144,205.04506711467508,active,2024-03-09
7,Product_7_0,home,151.86766658041773,384.8222206047228,pending,2024-02-15
8,Product_8_0,electronics,501.1373156007327,229.90808557443916,archived,2024-03-06
9,Product_9_0,clothing,938.2763741076399,407.7386933225597,archived,2024-04-10
10,Product_10_0,sports,322.60640935668283,292.6744405166389,active,2024-10-02
11,Product_11_0,home,709.5074001778776,414.0370728439825,pending,2024-08-13
12,Product_12_0,sports,701.7244157736104,489.1514851395883,active,2024-10-01
13,Product_13_0,books,90.79955082618507,266.5473622283449,active,2024-07-15
14,Product_14_0,clothing,100.96212748300553,480.67866972583613,archived,2024-04-16
15,Product_15_0,home,868.8437941364768,253.6018172264953,active,2024-01-26
16,Product_16_0,clothing,494.6871096260019,363.9498682610181,archived,2024-12-14
17,Product_17_0,sports,12.361553358283086,153.31542413372338,active,2024-06-21
18,Product_18_0,books,38.0424737881978,191.13687756354153,inactive,2024-12-17
19,Product_19_0,clothing,118.05800183498886,160.79026681999426,active,2024-05-01
20,Product_20_0,sports,708.8566395033885,220.10620708250465,pending,2024-04-20
21,Product_21_0,clothing,927.2510398850158,456.2716254017075,active,2024-10-21
22,Product_22_0,sports,990.5773566226361,200.593141319269,archived,2024-05-02
23,Product_23_0,books,711.8592418056079,156.07562799453805,archived,2024-06-01
24,Product_24_0,sports,761.6957266617912,472.42852398165456,archived,2024-09-11
25,Product_25_0,books,816.205391506922,111.2517417788413,pending,2024-03-23
26,Product_26_0,books,547.6393197195634,88.75944210902875,inactive,2024-06-06
27,Product_27_0,clothing,9.659634636946743,398.1148003829921,pending,2024-04-05
28,Product_28_0,electronics,968.9669987395433,363.3225117800819,inactive,2024-05-08
29,Product_29_0,clothing,731.6440524496819,238.4743334019403,pending,2024-03-07
30,Product_30_0,books,486.5278062450007,309.2433385792307,active,2024-08-18
31,Product_31_0,books,9.753665443447881,314.3616294627307,active,2024-03-12
32,Product_32_0,books,172.16927571410008,320.1358442768572,archived,2024-02-18
33,Product_33_0,sports,620.7102749438415,189.13011909717756,inactive,2024-07-25
34,Product_34_0,electronics,705.7259726565325,101.77285781536214,inactive,2024-06-22
35,Product_35_0,sports,258.53267398578646,392.5743421668452,pending,2024-03-20
36,Product_36_0,books,291.83790968591813,320.68570707402694,active,2024-09-08
37,Product_37_0,electronics,589.5481350781878,345.93353242105155,active,2024-03-16
38,Product_38_0,clothing,873.479276025469,439.1276210538504,inactive,2024-07-04
39,Product_39_0,books,407.2795808582238,147.9806912915456,inactive,2024-06-19
40,Product_40_0,home,396.1069173904897,256.02124051826615,pending,2024-11-04
41,Product_41_0,sports,722.8030703659912,122.67284452457419,active,2024-12-04
42,Product_42_0,electronics,518.995035741833,170.8533959981376,inactive,2024-01-07
43,Product_43_0,books,598.4709436617105,19.969869370210972,pending,2024-06-10
44,Product_44_0,clothing,382.52573664482725,432.50345907331865,inactive,2024-12-24
45,Product_45_0,sports,598.3176733184489,479.8433449428629,active,2024-07-09
46,Product_46_0,clothing,40.12236918641666,273.2540785934724,archived,2024-08-03
47,Product_47_0,home,176.83984407210824,475.8404080535993,active,2024-11-13
48,Product_48_0,home,651.1043124327858,28.042034920430552,archived,2024-09-01
49,Product_49_0,books,952.6181101117097,20.289480518891327,active,2024-07-07
50,Product_50_0,books,810.4275834775153,354.3327510226279,pending,2024-10-03
51,Product_51_0,electronics,369.9356459002934,198.33547421570506,pending,2024-09-17
52,Product_52_0,electronics,152.5447350576461,324.13913140820966,inactive,2024-09-08
53,Product_53_0,electronics,433.9208760844166,183.1784781583749,inactive,2024-10-13
54,Product_54_0,clothing,641.1803545656744,493.7760499646453,inactive,2024-10-04
55,Product_55_0,sports,402.3003036468743,89.7396970275048,inactive,2024-11-21
56,Product_56_0,sports,596.2624515677932,486.140066623247,inactive,2024-09-07
57,Product_57_0,sports,914.4984231233508,39.24576468864667,active,2024-06-15
58,Product_58_0,electronics,3.6993471121094323,39.56359339142762,active,2024-07-27
59,Product_59_0,sports,863.0238972672807,242.48215870200178,pending,2024-08-19
60,Product_60_0,sports,953.3491965574442,360.2758107213769,archived,2024-07-18
61,Product_61_0,sports,592.304326910906,385.99251772383025,active,2024-11-07
62,Product_62_0,clothing,356.8337071911103,93.57134449418777,pending,2024-05-14
63,Product_63_0,electronics,151.38673811917283,103.11349663086645,active,2024-01-26
64,Product_64_0,home,766.2901761186415,268.61537203981925,archived,2024-11-15
65,Product_65_0,sports,586.833388500832,446.9761594225525,active,2024-11-13
66,Product_66_0,books,832.5743334768964,252.94041831174204,archived,2024-12-03
67,Product_67_0,clothing,77.54860687034531,216.3064799234403,pending,2024-12-14
68,Product_68_0,sports,617.6075553322048,44.15201355616585,archived,2024-12-12
69,Product_69_0,clothing,511.2812826752366,96.24826181219156,inactive,2024-05-02
70,Product_70_0,clothing,176.37040160035198,342.1304006854871,inactive,2024-08-12
71,Product_71_0,books,40.0440388763678,372.6599647717726,inactive,2024-12-28
72,Product_72_0,sports,465.35245925569745,211.60372577575995,pending,2024-09-16
73,Product_73_0,clothing,232.0142254436506,265.07841378255546,archived,2024-07-17
74,Product_74_0,clothing,181.27909262310425,411.6622938490153,archived,2024-01-20
75,Product_75_0,electronics,736.6177499262702,95.32773086287568,pending,2024-07-09
76,Product_76_0,electronics,837.9975974435613,447.90093650845085,active,2024-05-04
77,Product_77_0,clothing,479.45098744521516,178.99636573430814,inactive,2024-02-12
78,Product_78_0,electronics,725.881105073354,493.4049593351053,active,2024-05-10
79,Product_79_0,books,775.4132666259982,424.5042527373642,archived,2024-09-14
80,Product_80_0,clothing,265.4154361141261,326.6485432193051,pending,2024-08-02
81,Product_81_0,electronics,365.3227537874296,459.93336329143847,archived,2024-10-03
82,Product_82_0,books,531.5408271026625,446.5147178455942,inactive,2024-12-19
83,Product_83_0,clothing,373.1769067552321,378.48038645076616,active,2024-02-27
84,Product_84_0,clothing,198.0965910349713,135.12969688208415,active,2024-06-12
85,Product_85_0,clothing,299.96356203519656,220.92591099332162,inactive,2024-05-08
86,Product_86_0,electronics,671.8588726267463,497.4617382557379,active,2024-10-10
87,Product_87_0,sports,85.34948778181054,370.2859284754311,inactive,2024-05-23
88,Product_88_0,clothing,734.1280236902685,275.733257698552,active,2024-10-10
89,Product_89_0,home,953.8225947144937,260.2519418924726,inactive,2024-04-23
90,Product_90_0,books,585.816552058043,314.17520139806896,archived,2024-02-10
91,Product_91_0,books,537.0443384193115,25.824709384801196,active,2024-07-13
92,Product_92_0,home,283.6604663081084,355.7744935519158,archived,2024-12-02
93,Product_93_0,clothing,258.54552639550576,353.0721239206013,pending,2024-04-28
94,Product_94_0,electronics,68.83599749687258,216.60562931185402,inactive,2024-02-21
95,Product_95_0,electronics,975.5278897018408,226.30389535643707,archived,2024-11-24
96,Product_96_0,clothing,609.6127302718104,489.21186465834734,active,2024-09-01
97,Product_97_0,sports,712.8146938191056,43.46859926592283,pending,2024-05-26
98,Product_98_0,home,68.96532141622681,109.38988076153265,archived,2024-07-06
99,Product_99_0,sports,881.119248054554,335.4328387221646,inactive,2024-02-16
100,Product_100_0,books,43.79705076825212,418.09090300690514,pending,2024-05-16
101,Product_101_0,sports,310.7536215360646,285.0061261597951,archived,2024-08-24
102,Product_102_0,books,701.6851816919408,285.9052375659871,active,2024-03-03
103,Product_103_0,books,508.2169107708907,376.9405410988685,active,2024-09-26
104,Product_104_0,books,558.6956837608082,28.634492555900373,archived,2024-06-18
105,Product_105_0,books,691.0754090774909,310.96240917515325,inactive,2024-03-21
106,Product_106_0,books,128.59893703504667,286.85395156933737,archived,2024-10-10
107,Product_107_0,clothing,48.24200230983104,175.93292648825053,archived,2024-08-20
108,Product_108_0,sports,619.2111451825374,203.60505740444484,inactive,2024-09-14
109,Product_109_0,clothing,307.8671041085615,24.27937618464906,archived,2024-11-06
110,Product_110_0,books,445.15486914143,154.860196091799,inactive,2024-07-08
111,Product_111_0,home,834.8434001164853,81.91158817889483,active,2024-05-26
112,Product_112_0,books,424.17509409834156,325.8888161964069,active,2024-04-09
113,Product_113_0,books,846.7114863833292,467.1552610556301,pending,2024-02-09
114,Product_114_0,electronics,283.601153318087,418.2026224135824,archived,2024-07-23
115,Product_115_0,clothing,653.4346794334249,222.0983335709097,archived,2024-02-06
116,Product_116_0,sports,583.7123167339538,59.155230551957665,inactive,2024-11-13
117,Product_117_0,clothing,316.8576722479946,30.648611358295195,pending,2024-02-19
118,Product_118_0,home,315.86349204191566,119.27857628610643,active,2024-05-19
119,Product_119_0,electronics,487.315584708149,359.86594068546833,active,2024-12-13
120,Product_120_0,clothing,2.706698010081445,148.05931274084034,inactive,2024-07-02
121,Product_121_0,electronics,205.90132893026004,116.1161656858891,pending,2024-01-11
122,Product_122_0,sports,14.783879806785253,310.5067569834166,inactive,2024-11-19
123,Product_123_0,clothing,88.78995225313726,441.9424019272024,archived,2024-09-20
124,Product_124_0,books,462.85405850303397,19.76395162976629,active,2024-08-22
125,Product_125_0,books,274.3683340685503,145.5618069150587,pending,2024-04-16
126,Product_126_0,books,808.9208538852458,51.81865691823226,pending,2024-03-22
127,Product_127_0,sports,233.3997403883336,291.5244820959354,archived,2024-06-18
128,Product_128_0,electronics,318.2982020147272,390.2287612350753,active,2024-02-10
129,Product_129_0,electronics,238.03468602797594,140.9474946416994,archived,2024-07-10
130,Product_130_0,home,166.25137049831912,229.29035809015744,archived,2024-12-04
131,Product_131_0,electronics,361.20161682439374,382.0252859267268,inactive,2024-01-01
132,Product_132_0,sports,774.0169720817905,390.4668994471837,pending,2024-01-27
133,Product_133_0,clothing,793.6836668132062,401.2592050624261,pending,2024-06-07
134,Product_134_0,electronics,317.0542107228191,151.66588098462051,inactive,2024-02-10
135,Product_135_0,sports,47.51728388254639,67.48243123136271,archived,2024-03-09
136,Product_136_0,home,860.885856429259,456.7266272098715,active,2024-03-24
137,Product_137_0,clothing,294.91770962972913,80.86912171118121,pending,2024-05-20
138,Product_138_0,home,8.057655917186437,186.06088597132748,inactive,2024-03-07
139,Product_139_0,books,874.2572003613008,37.4790174684457,inactive,2024-10-23
140,Product_140_0,home,964.3022171627857,236.74283464512712,archived,2024-01-08
141,Product_141_0,sports,987.2089903515525,381.7631116803832,pending,2024-01-10
142,Product_142_0,books,139.38971648281566,106.34574763101084,archived,2024-08-19
143,Product_143_0,clothing,330.31142936881815,266.7281246979396,active,2024-12-02
144,Product_144_0,electronics,574.9680646009053,295.940218480204,archived,2024-08-15
145,Product_145_0,home,898.5401626191954,89.2650709242174,active,2024-07-16
146,Product_146_0,clothing,187.66040624044632,213.81168911191284,pending,2024-06-23
147,Product_147_0,books,269.484400921618,135.06313408572598,pending,2024-10-13
148,Product_148_0,sports,459.32967725471474,84.55825217749621,inactive,2024-10-01
149,Product_149_0,clothing,197.39592222031675,437.4167296987731,archived,2024-02-14
150,Product_150_0,books,690.0245886643524,383.3755599324709,active,2024-03-02
151,Product_151_0,clothing,249.3504734379209,371.5888800377546,inactive,2024-12-13
152,Product_152_0,electronics,844.0205340033162,101.2390920519365,archived,2024-05-04
153,Product_153_0,clothing,957.2377512658062,323.37390824903105,archived,2024-12-25
154,Product_154_0,home,706.1277848378228,220.21763477186113,inactive,2024-11-19
155,Product_155_0,electronics,954.4262401853244,330.4141178250838,inactive,2024-08-03
156,Product_156_0,clothing,874.4426994054058,224.87678012856296,pending,2024-02-17
157,Product_157_0,electronics,647.9670839775544,19.829945382147137,active,2024-03-01
158,Product_158_0,home,908.3811704716788,60.23979256853365,inactive,2024-01-19
159,Product_159_0,electronics,321.67696114619474,149.52093130817033,archived,2024-10-06
160,Product_160_0,books,253.8961559238705,451.0955464284804,active,2024-01-08
161,Product_161_0,clothing,803.3264448098573,100.03125687713718,inactive,2024-08-06
162,Product_162_0,books,142.93732906647344,459.4562424670291,pending,2024-04-11
163,Product_163_0,books,873.157220946088,322.49298230994384,archived,2024-12-17
164,Product_164_0,books,762.0894821096795,197.3564510372845,pending,2024-07-07
165,Product_165_0,electronics,192.06870714155488,328.3686965618717,archived,2024-10-03
166,Product_166_0,electronics,545.826762740847,60.898835095600454,inactive,2024-07-10
167,Product_167_0,clothing,250.34426358468846,366.41101578574666,inactive,2024-11-10
168,Product_168_0,electronics,112.39968207173847,272.5960661791389,active,2024-07-01
169,Product_169_0,home,688.4480831829931,197.81544773034472,pending,2024-04-12
170,Product_170_0,electronics,515.7616443018884,108.45259497517347,archived,2024-06-18
171,Product_171_0,books,770.2374312083476,396.7986970922891,inactive,2024-06-23
172,Product_172_0,electronics,959.8210252306047,354.55110815844216,active,2024-11-26
173,Product_173_0,electronics,571.5423498260269,390.9079957492234,active,2024-06-27
174,Product_174_0,home,491.29828429942154,193.94659997473238,inactive,2024-07-09
175,Product_175_0,books,254.56790807511732,72.26893189971781,archived,2024-03-05
176,Product_176_0,electronics,464.02890959102973,21.989521684332235,archived,2024-06-06
177,Product_177_0,electronics,783.8998571504245,36.6180310205106,active,2024-04-13
178,Product_178_0,home,331.48678755670113,296.8162298583233,active,2024-05-17
179,Product_179_0,clothing,243.69846615061888,229.04297249857194,inactive,2024-06-14
180,Product_180_0,clothing,636.0136778332459,70.5811646234285,pending,2024-06-09
181,Product_181_0,clothing,896.7450709367391,185.36185320482673,pending,2024-05-16
182,Product_182_0,books,263.72774226664296,218.39067838605084,inactive,2024-01-26
183,Product_183_0,electronics,96.32653337693678,447.3144688225905,archived,2024-09-20
184,Product_184_0,books,870.5243321431378,228.40624946672037,active,2024-10-11
185,Product_185_0,home,761.3288345240186,102.14642519786862,archived,2024-08-11
186,Product_186_0,books,604.3460631110174,113.34660291376825,active,2024-10-21
187,Product_187_0,clothing,303.7175632297107,453.9859039349815,inactive,2024-06-09
188,Product_188_0,home,868.7342343442357,265.84921181790315,inactive,2024-02-17
189,Product_189_0,books,813.3755334756341,66.91178049465219,pending,2024-10-02
190,Product_190_0,clothing,258.9630380695931,344.406680891949,inactive,2024-02-22
191,Product_191_0,books,360.35717569521256,201.63660874408373,archived,2024-04-19
192,Product_192_0,home,507.372416245264,482.28838561630516,pending,2024-04-20
193,Product_193_0,electronics,115.78864475232636,486.9261760636927,archived,2024-07-19
194,Product_194_0,clothing,545.0034247942106,348.38922605231005,pending,2024-08-20
195,Product_195_0,books,358.7593473065224,361.3539333941786,pending,2024-03-16
196,Product_196_0,electronics,646.8194464289053,135.68516718135166,inactive,2024-11-23
197,Product_197_0,electronics,177.47598758490602,267.3934790734764,pending,2024-05-01
198,Product_198_0,home,776.4420689442549,60.42330195649688,archived,2024-07-03
199,Product_199_0,clothing,937.5009718766717,233.0697051299989,active,2024-09-03
200,Product_200_0,electronics,990.0387712186238,288.6646771425026,pending,2024-04-18
201,Product_201_0,clothing,124.7588789355138,70.00908082613424,inactive,2024-12-08
202,Product_202_0,sports,913.5875992344968,317.2957287110818,inactive,2024-06-19
203,Product_203_0,electronics,269.50949730860236,199.62247417111803,pending,2024-01-05
204,Product_204_0,home,241.11331214273102,276.10899288498337,active,2024-01-28
205,Product_205_0,books,590.7531804984886,219.4949384952622,active,2024-12-06
206,Product_206_0,home,966.8263769934626,111.54479195991894,pending,2024-12-07
207,Product_207_0,sports,940.4207739854766,280.8354178588015,inactive,2024-04-26
208,Product_208_0,books,593.2939690904524,231.3904694877431,inactive,2024-08-14
209,Product_209_0,clothing,959.711141991658,187.88903798458898,archived,2024-08-05
210,Product_210_0,books,285.19069444724516,49.90691937760076,inactive,2024-05-27
211,Product_211_0,clothing,96.34219656181358,144.88737926530615,archived,2024-02-20
212,Product_212_0,books,932.0152439333212,314.53892502793707,pending,2024-06-16
213,Product_213_0,home,789.4287516473951,335.71476616229654,inactive,2024-01-23
214,Product_214_0,clothing,743.5988501797262,325.35593938944385,archived,2024-12-22
215,Product_215_0,electronics,391.11191803742776,452.15648408899824,inactive,2024-10-24
216,Product_216_0,clothing,34.22023002935452,37.36106665162007,active,2024-08-04
217,Product_217_0,clothing,261.4499853576328,71.53524101250903,pending,2024-11-27
218,Product_218_0,books,369.46949468621983,285.91712342488853,pending,2024-10-26
219,Product_219_0,electronics,67.46663036216792,132.68990315755943,pending,2024-09-22
220,Product_220_0,home,122.36615500504837,347.55381033415836,inactive,2024-08-13
221,Product_221_0,electronics,534.4999267232579,415.1670501920056,archived,2024-08-09
222,Product_222_0,home,674.4815879249611,163.47096267021837,active,2024-02-05
223,Product_223_0,sports,131.77202265407655,168.3408380381469,archived,2024-09-02
224,Product_224_0,home,995.6143562303124,324.21036153272576,pending,2024-09-27
225,Product_225_0,home,434.8124799758987,469.53038213090423,archived,2024-10-27
226,Product_226_0,sports,318.038213184841,220.41365455474386,pending,2024-12-20
227,Product_227_0,books,247.32786805942868,207.50021615863577,archived,2024-02-14
228,Product_228_0,clothing,902.4671001211558,330.56867145553866,pending,2024-11-06
229,Product_229_0,books,791.2584902120218,450.6246780361116,active,2024-07-26
230,Product_230_0,books,743.4473208240026,188.39813472510082,pending,2024-01-10
231,Product_231_0,clothing,901.5342034828707,184.17969336033835,inactive,2024-08-19
232,Product_232_0,home,233.26692343963765,489.9611045679368,archived,2024-11-12
233,Product_233_0,books,263.4037613529832,29.819904481049726,pending,2024-02-07
234,Product_234_0,books,903.0482086777617,132.73044992897314,pending,2024-04-22
235,Product_235_0,books,637.0403411203059,432.017017435368,archived,2024-04-25
236,Product_236_0,electronics,531.168711665888,230.62677702758702,archived,2024-03-06
237,Product_237_0,books,81.5247567309796,210.2750238946303,inactive,2024-04-28
238,Product_238_0,electronics,780.888300731312,238.86086908617293,inactive,2024-02-09
239,Product_239_0,sports,75.63911600460764,376.7009153238302,active,2024-08-19
240,Product_240_0,books,275.802232806849,169.81671700533403,active,2024-10-26
241,Product_241_0,electronics,38.23971737470454,322.58369160883115,active,2024-05-16
242,Product_242_0,books,774.3865393322966,355.5828456636935,pending,2024-10-09
243,Product_243_0,clothing,142.5712598936195,356.1782191312679,archived,2024-08-01
244,Product_244_0,sports,614.8045543253368,56.28898570823616,inactive,2024-05-08
245,Product_245_0,electronics,421.4399982615792,370.6529112322245,active,2024-08-28
246,Product_246_0,sports,535.4391987447757,34.44677846743979,inactive,2024-08-09
247,Product_247_0,books,720.8069399348897,27.94619646852762,inactive,2024-05-25
248,Product_248_0,home,465.2124706934069,419.2171101802377,active,2024-03-18
249,Product_249_0,sports,965.6476671129609,157.34365978409005,inactive,2024-11-13
250,Product_250_0,clothing,738.0183812556045,450.51166506421725,active,2024-03-21
251,Product_251_0,sports,831.9518787034748,52.37458655587371,pending,2024-08-26
252,Product_252_0,clothing,575.3324540932376,72.74662915135241,active,2024-04-04
253,Product_253_0,books,704.7785609666181,241.0370959949721,active,2024-08-09
254,Product_254_0,sports,468.61071934663437,93.76148413967964,archived,2024-08-20
255,Product_255_0,home,137.75351522639934,163.00377095343742,archived,2024-02-19
256,Product_256_0,electronics,60.40525967377901,291.7064732049925,inactive,2024-04-20
257,Product_257_0,books,149.38581753382402,387.48162568366683,pending,2024-06-13
258,Product_258_0,clothing,667.4571757661737,120.66274658324502,archived,2024-11-09
259,Product_259_0,electronics,37.16643807737589,29.629293487396,active,2024-01-20
260,Product_260_0,home,282.20411645074205,68.94701164039442,inactive,2024-10-23
261,Product_261_0,books,686.2543143357188,417.7849763665854,inactive,2024-06-18
262,Product_262_0,electronics,509.9864424914754,378.9528717440746,inactive,2024-03-11
263,Product_263_0,books,897.6971532715875,58.2458449451665,active,2024-04-14
264,Product_264_0,home,389.14597038927315,220.53270133027982,inactive,2024-01-28
265,Product_265_0,sports,562.680407697233,407.33214782477165,active,2024-06-03
266,Product_266_0,clothing,208.32328134142912,204.99758293879395,inactive,2024-11-26
267,Product_267_0,electronics,34.624061604981975,60.214458299935345,inactive,2024-07-05
268,Product_268_0,clothing,452.5575484399874,178.06519589062563,archived,2024-09-08
269,Product_269_0,clothing,817.2461582346124,257.9234357724274,pending,2024-06-08
270,Product_270_0,sports,538.0283283181681,307.14182459342356,pending,2024-07-17
271,Product_271_0,books,964.6678665067215,287.61270336340135,inactive,2024-10-09
272,Product_272_0,electronics,455.32243384623257,115.93773743714318,inactive,2024-05-10
273,Product_273_0,home,65.19323387535626,245.53017061238305,pending,2024-02-12
274,Product_274_0,sports,854.1126549167099,115.90481753868617,archived,2024-05-05
275,Product_275_0,books,756.4461814385344,91.71071572607057,archived,2024-05-12
276,Product_276_0,home,340.7842593838942,392.14304246237066,inactive,2024-08-21
277,Product_277_0,electronics,277.3847485456477,210.871341028678,pending,2024-05-16
278,Product_278_0,books,53.847776442167635,38.22998356770597,archived,2024-06-08
279,Product_279_0,home,371.3884736004391,32.6604942618997,pending,2024-06-12
280,Product_280_0,sports,461.19379038296216,53.253578958200116,inactive,2024-03-28
281,Product_281_0,electronics,78.78550902427551,95.03039915544332,archived,2024-04-27
282,Product_282_0,electronics,621.769566798997,172.37098012257732,pending,2024-08-28
283,Product_283_0,electronics,922.1648066656418,439.48110857434733,inactive,2024-10-05
284,Product_284_0,electronics,786.9478944849376,363.7123004747703,inactive,2024-09-08
285,Product_285_0,electronics,813.1399404285232,407.0106937411333,active,2024-12-04
286,Product_286_0,books,615.3300870191665,23.61644900965601,archived,2024-03-22
287,Product_287_0,clothing,894.1671385519413,325.7734499095265,archived,2024-02-03
288,Product_288_0,books,392.75133739041576,440.47862720704063,inactive,2024-11-17
289,Product_289_0,home,954.0495779916754,392.1065359516014,archived,2024-07-18
290,Product_290_0,clothing,507.84515958249705,199.2300382092753,active,2024-06-24
291,Product_291_0,clothing,413.96233352399906,113.83541136115285,inactive,2024-03-17
292,Product_292_0,home,969.6714114229177,331.85470336946264,inactive,2024-09-11
293,Product_293_0,clothing,217.80100596977292,132.52466243733684,archived,2024-11-24
294,Product_294_0,electronics,149.3212487109562,430.4160969872144,archived,2024-10-15
295,Product_295_0,sports,341.5048979309775,484.52797957876567,inactive,2024-03-10
296,Product_296_0,home,585.5612167505567,157.30775483648364,pending,2024-12-26
297,Product_297_0,books,26.276827379453195,210.3341114752158,inactive,2024-06-17
298,Product_298_0,clothing,803.1617151384897,478.3432843993933,inactive,2024-12-01
299,Product_299_0,clothing,535.8705447272753,479.22043134503923,inactive,2024-04-26
300,Product_300_0,home,303.7943188264365,478.5516997221218,active,2024-08-01
301,Product_301_0,books,538.5883957915798,151.904443385714,archived,2024-07-21
302,Product_302_0,electronics,122.19982617881604,281.100946734448,active,2024-08-20
303,Product_303_0,home,147.05120163158242,138.37085236521858,active,2024-10-17
304,Product_304_0,clothing,68.95080070206303,203.1914208449945,archived,2024-02-01
305,Product_305_0,electronics,964.8231645155862,413.85794374506384,inactive,2024-04-28
306,Product_306_0,sports,306.0418163092051,407.41096008148963,inactive,2024-03-18
307,Product_307_0,sports,102.6742986154914,14.661425867535286,active,2024-05-04
308,Product_308_0,home,406.9143856103483,365.6326090137151,active,2024-02-11
309,Product_309_0,electronics,884.8467521685358,314.3746123725191,inactive,2024-07-18
310,Product_310_0,sports,232.28730774986462,186.72301486958386,archived,2024-08-16
311,Product_311_0,books,453.28835871459086,271.7546879427272,active,2024-08-23
312,Product_312_0,clothing,348.4543699482003,104.09584553570558,archived,2024-03-22
313,Product_313_0,books,812.2443314573482,213.98881002990362,archived,2024-03-05
314,Product_314_0,clothing,584.7389793643899,116.08453470745093,archived,2024-04-23
315,Product_315_0,clothing,936.4457299024895,405.7284518173425,active,2024-03-14
316,Product_316_0,home,515.0269049997409,375.7010703166041,active,2024-06-08
317,Product_317_0,sports,950.3146117635308,175.55002584314636,archived,2024-07-15
318,Product_318_0,home,778.3215622330399,373.0186794255142,active,2024-09-04
319,Product_319_0,clothing,110.77796792450786,321.1130964502132,inactive,2024-10-12
320,Product_320_0,home,903.4069884686878,259.68211779497835,inactive,2024-11-07
321,Product_321_0,electronics,544.0785446897096,364.3847157923574,pending,2024-04-27
322,Product_322_0,sports,687.7627773782916,240.234487337672,pending,2024-02-15
323,Product_323_0,clothing,336.18950624673823,59.13452895660592,inactive,2024-01-23
324,Product_324_0,sports,678.8908627348277,129.3177805619567,inactive,2024-02-13
325,Product_325_0,clothing,377.1362460809259,355.8162916891201,archived,2024-10-08
326,Product_326_0,home,746.8221331084496,16.311873683626395,archived,2024-10-17
327,Product_327_0,electronics,603.0180218474529,306.7621814062027,active,2024-07-28
328,Product_328_0,sports,938.1284447061958,207.23640204360373,archived,2024-11-02
329,Product_329_0,electronics,446.3836050602884,382.70832549227106,inactive,2024-02-21
330,Product_330_0,sports,734.8029690558105,487.16074394565936,active,2024-05-23
331,Product_331_0,home,470.9749380485129,294.77337527439244,inactive,2024-09-09
332,Product_332_0,books,534.8249712642901,419.0604541886829,pending,2024-07-11
333,Product_333_0,sports,417.4784632177631,432.7469891539853,inactive,2024-12-13
334,Product_334_0,home,761.2531362116206,244.16735802564202,archived,2024-08-27
335,Product_335_0,sports,210.47491792631752,175.94216023669418,inactive,2024-04-02
336,Product_336_0,clothing,673.3563601912327,234.52299310353425,inactive,2024-01-20
337,Product_337_0,home,771.3228528705029,396.1145549187241,archived,2024-12-21
338,Product_338_0,home,768.8365230869952,122.07568392284401,inactive,2024-03-12
339,Product_339_0,home,470.3741039406958,58.25220198465082,inactive,2024-06-03
340,Product_340_0,home,56.28668635904453,218.71249298987664,archived,2024-06-27
341,Product_341_0,electronics,202.22041111585443,320.16136238444403,pending,2024-02-27
342,Product_342_0,sports,891.875675462703,32.50818924265317,pending,2024-06-13
343,Product_343_0,books,270.05772087093334,480.8063024527168,archived,2024-01-01
344,Product_344_0,clothing,107.78714934295733,21.993376762471023,inactive,2024-07-20
345,Product_345_0,clothing,785.5087658311458,167.4928751585921,archived,2024-10-22
346,Product_346_0,home,927.5723144551348,366.98199895966593,pending,2024-01-22
347,Product_347_0,electronics,208.91963646262468,264.8924117803308,archived,2024-05-21
348,Product_348_0,books,913.3890411113075,366.4980811583077,pending,2024-04-20
349,Product_349_0,electronics,4.19030759633179,410.89467776210745,inactive,2024-07-16
350,Product_350_0,home,586.0201627441216,149.38657138115235,inactive,2024-01-05
351,Product_351_0,clothing,430.8083607238729,304.6313139677949,active,2024-12-09
352,Product_352_0,home,236.44051059186523,206.71182926109873,pending,2024-09-18
353,Product_353_0,home,835.6524776880901,219.80305643820316,pending,2024-10-20
354,Product_354_0,sports,813.9749752378063,333.6245382925125,archived,2024-10-17
355,Product_355_0,home,906.0051893574534,79.63935754583164,archived,2024-06-23
356,Product_356_0,sports,722.9522396233434,481.2316793425212,pending,2024-06-27
357,Product_357_0,home,419.5099560051362,154.8393646761739,inactive,2024-03-18
358,Product_358_0,books,230.54259129597486,103.60289438807435,pending,2024-01-22
359,Product_359_0,books,300.94661857238646,112.41524890872967,archived,2024-09-22
360,Product_360_0,books,788.2002443222776,20.84629049691749,pending,2024-09-15
361,Product_361_0,sports,172.78905544328273,442.63362817240966,active,2024-11-09
362,Product_362_0,sports,360.32118035180133,434.6278519480459,active,2024-06-19
363,Product_363_0,clothing,281.49582266781124,335.93240619888235,active,2024-01-24
364,Product_364_0,home,47.098511967192245,167.82773386621727,archived,2024-07-08
365,Product_365_0,home,803.0263671900605,236.5645051768776,archived,2024-01-06
366,Product_366_0,clothing,165.78642523756062,369.68775816087197,active,2024-10-07
367,Product_367_0,books,324.99680289120306,122.40264186505182,pending,2024-05-22
368,Product_368_0,home,919.2696780189755,431.63299314233626,pending,2024-06-18
369,Product_369_0,books,660.9523013018306,136.7806089852199,pending,2024-12-07
370,Product_370_0,home,968.3369217370773,29.260474721730034,archived,2024-12-02
371,Product_371_0,home,689.6493226633498,199.07708218228083,pending,2024-06-01
372,Product_372_0,sports,699.8963842486702,91.99952183995929,archived,2024-04-10
373,Product_373_0,clothing,387.41557546161437,322.21086617570296,pending,2024-09-24
374,Product_374_0,sports,913.0777306644688,250.78190533707632,active,2024-09-10
375,Product_375_0,sports,182.32609794768885,341.74478108960005,inactive,2024-05-17
376,Product_376_0,sports,169.3877488946701,456.6677432409078,inactive,2024-05-26
377,Product_377_0,clothing,918.7069688765602,350.6335914485924,archived,2024-08-04
378,Product_378_0,home,445.1516947837916,499.03723417988664,active,2024-05-14
379,Product_379_0,clothing,548.8607394862246,217.68643964240948,inactive,2024-05-28
380,Product_380_0,home,588.8554818018273,422.8376266333901,active,2024-06-16
381,Product_381_0,clothing,422.75590789395727,332.98653438171516,inactive,2024-01-17
382,Product_382_0,electronics,373.12052525740955,86.8628852881366,inactive,2024-09-16
383,Product_383_0,clothing,761.6603457731403,211.55837515170677,active,2024-05-03
384,Product_384_0,books,285.3561978103241,163.39379537899802,active,2024-05-28
385,Product_385_0,sports,541.2852297656817,91.34278732087121,pending,2024-01-02
386,Product_386_0,books,689.2331206913137,135.3060890139995,archived,2024-05-02
387,Product_387_0,books,205.9186103423615,318.71161114751243,active,2024-07-01
388,Product_388_0,books,725.0955239766563,381.49314318292824,inactive,2024-04-17
389,Product_389_0,books,119.93359342354103,300.3603979308378,active,2024-03-18
390,Product_390_0,electronics,304.1678997018146,182.97414901249445,pending,2024-09-05
391,Product_391_0,sports,144.043145694327,443.0282371871361,pending,2024-04-24
392,Product_392_0,home,132.46527054068275,329.58511347696293,pending,2024-04-24
393,Product_393_0,home,796.9123299689761,263.1167346107762,archived,2024-06-05
394,Product_394_0,home,177.409736906349,444.86843455181645,pending,2024-09-04
395,Product_395_0,sports,954.0248844399738,490.9202502667327,pending,2024-11-04
396,Product_396_0,books,356.02382907955024,490.99072624931716,archived,2024-12-18
397,Product_397_0,books,874.7191418694646,402.67600880843,pending,2024-07-23
398,Product_398_0,clothing,579.0911487785476,467.44384007745344,inactive,2024-10-18
399,Product_399_0,books,282.03174648246056,234.96922740202538,inactive,2024-06-02
400,Product_400_0,clothing,694.8530101745158,167.03713519290184,archived,2024-12-21
401,Product_401_0,home,462.52040146439583,60.53554802684656,active,2024-02-10
402,Product_402_0,clothing,699.7202420995743,310.9863393257768,pending,2024-09-12
403,Product_403_0,home,765.8015859853421,363.34522382155376,pending,2024-05-09
404,Product_404_0,electronics,911.5183617891217,263.63358239086347,archived,2024-01-12
405,Product_405_0,home,446.9438737513496,474.2206692253816,pending,2024-06-23
406,Product_406_0,home,587.589487486772,476.98358230286465,archived,2024-08-17
407,Product_407_0,sports,785.1639163022919,181.4040370671742,pending,2024-10-01
408,Product_408_0,clothing,272.5236021359992,348.28754140895387,inactive,2024-05-08
409,Product_409_0,home,902.4875796858182,79.60531183481545,pending,2024-05-13
410,Product_410_0,electronics,283.7325498337214,349.779997281935,inactive,2024-06-03
411,Product_411_0,sports,715.9968157406119,262.44021329648,active,2024-09-01
412,Product_412_0,sports,255.75762747132578,498.9702733198288,archived,2024-06-03
413,Product_413_0,home,210.66488045154983,325.6124424065966,inactive,2024-02-02
414,Product_414_0,sports,690.1616888152552,123.60860382355268,inactive,2024-05-28
415,Product_415_0,home,302.66028134546804,318.9578934473411,pending,2024-07-02
416,Product_416_0,home,630.2519445617446,121.0729877786185,inactive,2024-09-12
417,Product_417_0,sports,357.1707832967648,385.78080612679884,active,2024-07-06
418,Product_418_0,electronics,39.898494581682456,358.5085835795401,pending,2024-09-20
419,Product_419_0,electronics,142.29615080029237,235.60252322905535,archived,2024-11-18
420,Product_420_0,electronics,445.01670052889233,61.5795636791313,active,2024-01-28
421,Product_421_0,books,573.1071492296694,487.86497271780047,archived,2024-11-26
422,Product_422_0,books,417.62055520617923,210.31846543146415,archived,2024-09-07
423,Product_423_0,electronics,86.53413944363166,472.48846220648863,inactive,2024-07-07
424,Product_424_0,electronics,629.6819849327271,20.427241048810338,active,2024-09-16
425,Product_425_0,home,834.005143811651,141.92186772763097,pending,2024-05-01
426,Product_426_0,clothing,681.1458682586048,211.14468894890675,pending,2024-10-09
427,Product_427_0,electronics,724.9795857763872,440.62427291758814,archived,2024-03-10
428,Product_428_0,electronics,992.241772703118,343.9101426693482,archived,2024-02-04
429,Product_429_0,electronics,728.1176001999246,307.5568752383152,active,2024-08-04
430,Product_430_0,sports,458.32367244406413,141.3122557005968,inactive,2024-03-19
431,Product_431_0,home,605.1543230615462,15.616551593538565,inactive,2024-07-22
432,Product_432_0,clothing,680.0836802407239,467.5634869437077,active,2024-11-02
433,Product_433_0,electronics,297.11786672570014,106.42018660041208,pending,2024-06-03
434,Product_434_0,sports,975.0119180528665,107.68848683736007,archived,2024-11-06
435,Product_435_0,sports,141.6733967229284,186.43886428447408,inactive,2024-02-24
436,Product_436_0,clothing,639.3230912886629,225.5006144116724,pending,2024-10-20
437,Product_437_0,electronics,573.6344079504768,130.44644768503866,inactive,2024-09-15
438,Product_438_0,sports,242.56427258644484,25.32387386858554,pending,2024-04-16
439,Product_439_0,books,49.87588872082903,403.77023291747867,active,2024-05-28
440,Product_440_0,clothing,816.5795839449987,434.6744082182766,archived,2024-09-07
441,Product_441_0,clothing,50.09809914340383,153.806938080515,active,2024-05-13
442,Product_442_0,clothing,345.6530686728954,374.9257335250837,active,2024-03-09
443,Product_443_0,electronics,213.81719157854758,345.342250095298,active,2024-01-23
444,Product_444_0,sports,407.7910333467832,329.9605577766707,archived,2024-09-13
445,Product_445_0,sports,169.80289684314135,456.00489837111274,pending,2024-10-14
446,Product_446_0,sports,527.4339317532302,17.54965129983824,archived,2024-09-23
447,Product_447_0,sports,313.4088911065663,475.97232182811723,active,2024-08-27
448,Product_448_0,home,168.74474041621033,295.5072276012288,inactive,2024-02-02
449,Product_449_0,electronics,230.9492888687425,357.381225381596,active,2024-01-20
450,Product_450_0,sports,364.9866645887754,432.3603791862479,active,2024-04-08
451,Product_451_0,sports,599.7748291008428,334.9323186236343,active,2024-09-20
452,Product_452_0,home,378.33851408391496,98.86848897191196,pending,2024-11-01
453,Product_453_0,electronics,646.3425458603442,31.7813334386591,archived,2024-12-18
454,Product_454_0,home,830.3490073851018,174.51210818669531,pending,2024-09-28
455,Product_455_0,books,781.6420030012182,276.7108994967314,inactive,2024-03-01
456,Product_456_0,electronics,996.4205648570154,31.436141881599358,inactive,2024-09-08
457,Product_457_0,home,746.2011405819504,199.15301766975065,active,2024-12-03
458,Product_458_0,electronics,445.66587759640646,415.94530075393794,archived,2024-07-21
459,Product_459_0,clothing,818.3466763342191,355.95934392084206,pending,2024-02-03
460,Product_460_0,books,335.8103061288412,271.10771093538915,active,2024-05-25
461,Product_461_0,clothing,501.7234340547533,418.0005116567652,pending,2024-12-23
462,Product_462_0,electronics,452.20773173547497,406.1723969135436,archived,2024-03-16
463,Product_463_0,sports,209.98158186002263,215.00119746785998,inactive,2024-12-28
464,Product_464_0,clothing,654.6993955434474,271.2482029687085,pending,2024-07-01
465,Product_465_0,clothing,697.7711921836715,482.644781275229,pending,2024-03-07
466,Product_466_0,home,299.60218993089075,86.220876818932,archived,2024-08-25
467,Product_467_0,sports,847.6489467105216,194.7598897268138,pending,2024-10-17
468,Product_468_0,sports,842.6399600204514,358.62204640678084,archived,2024-07-02
469,Product_469_0,books,561.3555217325547,166.9445914927082,active,2024-08-08
470,Product_470_0,clothing,507.7902370153775,154.9004580748787,pending,2024-06-23
471,Product_471_0,electronics,154.89210297581246,293.6235240793582,pending,2024-08-04
472,Product_472_0,sports,234.03651256348647,376.4662324167977,pending,2024-07-13
473,Product_473_0,sports,944.8315748913129,90.4732359424779,archived,2024-11-14
474,Product_474_0,electronics,91.81419721841095,109.83716524570973,active,2024-11-08
475,Product_475_0,clothing,896.1051018654385,237.6200601801128,pending,2024-12-07
476,Product_476_0,home,316.027385886275,196.346808925116,pending,2024-12-01
477,Product_477_0,sports,686.9292395273611,15.668176738590507,active,2024-07-08
478,Product_478_0,electronics,735.2382931584104,426.92833055563136,pending,2024-11-23
479,Product_479_0,electronics,394.6621541022217,44.3859374584749,active,2024-02-12
480,Product_480_0,sports,269.91905887185584,258.2584245691752,active,2024-10-17
481,Product_481_0,sports,742.0216871091662,202.13288180425994,pending,2024-07-04
482,Product_482_0,sports,200.22554460507774,169.15765459696954,inactive,2024-09-11
483,Product_483_0,books,7.021896559954457,132.13575931291186,inactive,2024-03-27
484,Product_484_0,electronics,721.339892141418,393.3427295038883,active,2024-07-12
485,Product_485_0,books,163.13886998077618,154.24330417996552,active,2024-10-05
486,Product_486_0,home,280.6945792339785,359.75511254853393,inactive,2024-04-24
487,Product_487_0,electronics,94.26124672066825,487.1815118630469,active,2024-11-19
488,Product_488_0,books,74.89607395256482,253.81842469255702,inactive,2024-08-14
489,Product_489_0,home,215.56198188980258,68.2499244531527,active,2024-11-19
490,Product_490_0,books,291.90825936762525,228.24343137499676,inactive,2024-03-21
491,Product_491_0,home,17.537477282100074,98.06887928410973,inactive,2024-12-26
492,Product_492_0,books,778.7319754722539,115.0261915654529,pending,2024-04-19
493,Product_493_0,home,735.1446015572028,50.04937863937009,active,2024-06-10
494,Product_494_0,electronics,25.978003701304907,269.78973126443657,inactive,2024-03-16
495,Product_495_0,home,317.88401584667065,181.2732462682379,inactive,2024-03-20
496,Product_496_0,home,481.2074586402452,423.21199125971896,active,2024-06-13
497,Product_497_0,books,261.6119427840933,135.9239798260981,pending,2024-10-09
498,Product_498_0,electronics,941.0522249696043,279.4317662538083,pending,2024-05-10
499,Product_499_0,sports,434.1298767627066,12.394884684357026,inactive,2024-06-25
500,Product_500_0,clothing,76.01954878633381,32.073240575216836,inactive,2024-07-15
501,Product_501_0,electronics,709.8423063337522,19.481260955122956,active,2024-04-01
502,Product_502_0,home,295.3881010583631,306.1484651508102,pending,2024-04-13
503,Product_503_0,sports,108.00919287854401,103.84885411316833,active,2024-02-18
504,Product_504_0,home,529.1386606522016,197.96857314038425,active,2024-02-01
505,Product_505_0,clothing,30.970531645231425,172.03963277986358,inactive,2024-09-10
506,Product_506_0,clothing,77.85528168646306,36.587640465094694,active,2024-09-27
507,Product_507_0,clothing,915.8659042371737,488.40470863450446,archived,2024-03-11
508,Product_508_0,clothing,935.3302041822528,22.309936770061334,active,2024-08-09
509,Product_509_0,home,26.027929997679394,163.35282840767897,active,2024-07-19
510,Product_510_0,clothing,977.1475086386624,142.2529756891169,active,2024-05-12
511,Product_511_0,electronics,744.0436423195052,203.37205468170933,archived,2024-07-24
512,Product_512_0,clothing,282.75588872809095,372.08658746345566,inactive,2024-03-01
513,Product_513_0,clothing,317.44380321868886,51.44902233216323,archived,2024-11-13
514,Product_514_0,sports,99.87027842976886,54.26254367794438,active,2024-04-25
515,Product_515_0,books,411.7325763933509,439.0891442220833,pending,2024-03-26
516,Product_516_0,home,780.1456465883316,308.54258815416273,active,2024-05-05
517,Product_517_0,sports,509.22174789662654,18.78510807980708,inactive,2024-05-25
518,Product_518_0,home,991.1363269392917,468.7256532336231,active,2024-07-06
519,Product_519_0,sports,581.7054748636398,220.8554794458283,active,2024-07-23
520,Product_520_0,sports,447.87463658442897,409.46823974572953,inactive,2024-05-15
521,Product_521_0,electronics,865.0865729169781,317.5279746630742,inactive,2024-08-24
522,Product_522_0,home,956.6373046239048,460.14846323891373,inactive,2024-03-03
523,Product_523_0,sports,785.2879238942031,102.91690540154026,pending,2024-12-28
524,Product_524_0,home,162.4931245373587,46.21009011090056,pending,2024-10-21
525,Product_525_0,home,889.5575089483921,321.39360413356235,inactive,2024-09-11
526,Product_526_0,books,260.62620843638723,374.0234051357824,active,2024-09-28
527,Product_527_0,home,853.833299017002,234.47698483550388,inactive,2024-06-05
528,Product_528_0,electronics,131.34771168770573,326.87232459258564,inactive,2024-10-16
529,Product_529_0,home,529.6619003183986,150.5001441655911,inactive,2024-12-22
530,Product_530_0,home,220.62410008752016,167.4172007536073,inactive,2024-05-26
531,Product_531_0,sports,650.0636152617241,22.519553515749685,archived,2024-03-10
532,Product_532_0,books,304.48108131666845,384.55424221762894,pending,2024-09-08
533,Product_533_0,clothing,439.28065962812553,444.6082334441393,active,2024-05-06
534,Product_534_0,books,655.9373748331691,157.22159921853833,archived,2024-04-09
535,Product_535_0,home,786.554010412808,290.40901028220327,archived,2024-03-25
536,Product_536_0,home,190.63044005848846,126.45724063645798,active,2024-10-03
537,Product_537_0,home,895.1393695166245,149.40830239889908,active,2024-11-28
538,Product_538_0,books,393.64983984123063,53.87638610930218,active,2024-07-05
539,Product_539_0,sports,959.4445871975508,272.18468524206014,inactive,2024-10-05
540,Product_540_0,home,628.6191950355565,75.59073309319166,active,2024-08-07
541,Product_541_0,home,122.90604284909753,420.76972574155803,pending,2024-05-20
542,Product_542_0,home,179.66450563071498,91.48602983857747,pending,2024-04-10
543,Product_543_0,electronics,923.6536246211136,157.60659315518197,active,2024-05-25
544,Product_544_0,electronics,183.83178781398635,425.36135011435965,active,2024-12-24
545,Product_545_0,books,927.8998147106444,366.0630975754705,archived,2024-09-07
546,Product_546_0,books,107.9928539820739,459.29415810901696,pending,2024-09-14
547,Product_547_0,sports,339.6102481243202,355.8788195035688,pending,2024-05-11
548,Product_548_0,clothing,788.4345740035733,304.33930073747206,active,2024-06-23
549,Product_549_0,sports,741.7381888414727,13.862081615213881,inactive,2024-10-19
550,Product_550_0,clothing,129.56982773905764,251.5782963500009,active,2024-10-21
551,Product_551_0,clothing,139.6677883485178,268.15848985076485,active,2024-10-02
552,Product_552_0,home,469.1308156947159,137.04172866923412,active,2024-04-05
553,Product_553_0,electronics,824.224986737701,24.74775707310507,active,2024-08-03
554,Product_554_0,sports,705.044040390406,355.43805679260834,active,2024-10-25
555,Product_555_0,sports,539.2970227637558,448.42461464957114,active,2024-12-16
556,Product_556_0,books,565.7104860229213,252.36312197091857,inactive,2024-04-06
557,Product_557_0,electronics,982.4095534060237,257.21934868181097,active,2024-05-21
558,Product_558_0,clothing,950.7606326375513,154.70670854028873,pending,2024-01-10
559,Product_559_0,home,36.060071687916995,482.7397897490316,inactive,2024-02-04
560,Product_560_0,electronics,12.000751914665988,432.093177406173,inactive,2024-01-17
561,Product_561_0,home,624.18703523199,289.54193855710963,pending,2024-05-03
562,Product_562_0,books,502.53115888611154,49.43453854571685,inactive,2024-11-15
563,Product_563_0,books,972.7695945709078,457.0091788149748,archived,2024-05-12
564,Product_564_0,sports,917.7229942413356,218.5070680599762,archived,2024-10-08
565,Product_565_0,sports,613.2743595186193,211.71635504730548,active,2024-08-01
566,Product_566_0,clothing,841.3180072908386,267.9070163077183,active,2024-06-12
567,Product_567_0,books,550.4175229226606,393.7424992135114,inactive,2024-01-17
568,Product_568_0,clothing,59.993230920474154,409.0543189656453,inactive,2024-07-02
569,Product_569_0,home,321.75258399223827,254.24331931567863,active,2024-03-21
570,Product_570_0,sports,422.37821225499346,159.58148325526986,archived,2024-02-04
571,Product_571_0,books,961.3545658089874,489.7690519504282,pending,2024-12-10
572,Product_572_0,sports,425.6053054636743,450.00901391168384,archived,2024-12-14
573,Product_573_0,home,594.9545912237032,44.77406129115468,active,2024-09-22
574,Product_574_0,books,892.7654625694803,80.48215785247626,active,2024-10-24
575,Product_575_0,books,244.60856991961674,344.3622108588794,pending,2024-12-01
576,Product_576_0,clothing,39.62249016556697,123.30666804415225,archived,2024-07-17
577,Product_577_0,clothing,876.424526461299,101.27417216150887,archived,2024-06-07
578,Product_578_0,clothing,657.1492439252121,170.4414263242128,pending,2024-04-06
579,Product_579_0,sports,698.5819501423766,255.5948057049594,active,2024-09-19
580,Product_580_0,sports,719.1903502380856,132.29181190540345,archived,2024-08-25
581,Product_581_0,clothing,449.20928494184056,445.66059341506417,inactive,2024-12-16
582,Product_582_0,sports,622.756793523881,438.7943555132159,inactive,2024-05-11
583,Product_583_0,electronics,685.5968714277261,474.6140981550586,inactive,2024-03-11
584,Product_584_0,sports,58.839971788090374,372.7652726779237,inactive,2024-08-06
585,Product_585_0,clothing,33.1245315544023,239.8812328898024,archived,2024-09-25
586,Product_586_0,sports,117.04193933583073,337.54505873080444,archived,2024-06-22
587,Product_587_0,electronics,975.4367570546942,394.6038281915267,inactive,2024-12-20
588,Product_588_0,sports,574.80685725677,184.81949166084598,active,2024-06-14
589,Product_589_0,sports,220.34229919277163,228.64403187901542,active,2024-11-28
590,Product_590_0,sports,630.8180909449753,486.66736930683203,archived,2024-01-03
591,Product_591_0,electronics,831.60631505194,280.93403021986586,active,2024-08-26
592,Product_592_0,home,444.10819223944145,225.20231780483067,active,2024-11-17
593,Product_593_0,clothing,550.4315220096676,477.78204561287396,pending,2024-06-12
594,Product_594_0,electronics,103.12036402532645,405.29815649652215,active,2024-11-24
595,Product_595_0,electronics,304.8139436798336,235.53473087756197,active,2024-04-07
596,Product_596_0,electronics,261.20600165365954,467.22137055817944,archived,2024-08-17
597,Product_597_0,clothing,188.6124943684389,238.99419863982092,archived,2024-10-28
598,Product_598_0,home,897.3831611829465,116.31975103217864,active,2024-11-02
599,Product_599_0,books,126.73134191198129,326.2989168984022,archived,2024-12-13
600,Product_600_0,electronics,534.1277054374569,105.72753783414515,pending,2024-03-28
601,Product_601_0,sports,961.7372420223419,198.11048044588975,archived,2024-04-10
602,Product_602_0,sports,192.04372216779973,65.21233914043955,archived,2024-02-06
603,Product_603_0,electronics,250.41245525244588,247.2917076717822,active,2024-01-03
604,Product_604_0,sports,201.08676473215863,477.0676444838966,pending,2024-02-11
605,Product_605_0,home,243.3843417295628,92.1647213906404,archived,2024-02-04
606,Product_606_0,home,681.5172854049828,231.23710946595338,inactive,2024-06-13
607,Product_607_0,home,82.80251499191623,330.8494881506238,archived,2024-11-03
608,Product_608_0,books,115.39914531601912,399.1441603110149,pending,2024-05-08
609,Product_609_0,electronics,436.1518173303137,108.96524739212845,archived,2024-02-13
610,Product_610_0,home,999.712224372087,121.16078641276785,pending,2024-06-25
611,Product_611_0,electronics,559.6024193335837,124.74916013973765,active,2024-05-25
612,Product_612_0,books,135.44804386663677,111.64295474579409,inactive,2024-09-21
613,Product_613_0,books,77.9956776514597,53.08207314367878,active,2024-12-18
614,Product_614_0,sports,644.0991913905577,104.23157410910319,pending,2024-11-19
615,Product_615_0,home,622.5085795667621,257.1260654027998,inactive,2024-07-08
616,Product_616_0,home,730.4134987691386,48.157527636031034,archived,2024-06-26
617,Product_617_0,home,368.5664608088741,48.61850966050724,archived,2024-04-09
618,Product_618_0,books,648.2442465320737,340.81353802115325,archived,2024-05-11
619,Product_619_0,sports,272.4896172598957,378.9207752643012,active,2024-03-19
620,Product_620_0,books,442.23937079441623,306.6974402011501,pending,2024-09-24
621,Product_621_0,books,442.65228518579767,316.27372804393076,inactive,2024-07-04
622,Product_622_0,electronics,595.4964409772246,41.84433536828144,archived,2024-03-05
623,Product_623_0,books,180.55718114334994,103.65718840381552,pending,2024-09-06
624,Product_624_0,sports,319.9352172079846,78.60636787878815,pending,2024-05-22
625,Product_625_0,books,647.8720029233655,258.855217070379,active,2024-07-14
626,Product_626_0,sports,165.79517739123006,322.35401965397483,pending,2024-01-19
627,Product_627_0,sports,62.346319850390785,332.0802196655954,archived,2024-08-15
628,Product_628_0,sports,334.3005358692581,42.62708779237759,active,2024-05-06
629,Product_629_0,sports,497.9227882047927,352.6936567164083,active,2024-10-21
630,Product_630_0,clothing,285.19624073314554,85.73170503651289,inactive,2024-11-11
631,Product_631_0,home,233.97355864534595,348.0465067672905,archived,2024-09-06
632,Product_632_0,books,608.270436951047,250.07367909304583,active,2024-03-27
633,Product_633_0,clothing,741.6379950883065,71.43132286533637,active,2024-04-10
634,Product_634_0,sports,198.98856902367987,100.36083512120075,active,2024-10-24
635,Product_635_0,clothing,760.9163857807274,177.95631857140353,inactive,2024-05-24
636,Product_636_0,sports,812.8144288586691,405.64456010915916,archived,2024-04-16
637,Product_637_0,home,361.7055033267039,252.63432468787764,pending,2024-05-25
638,Product_638_0,home,594.278951955263,277.2464816330894,active,2024-12-06
639,Product_639_0,books,860.0690743802965,277.44055055222606,inactive,2024-12-13
640,Product_640_0,books,812.0426569392871,183.78305374719014,inactive,2024-11-08
641,Product_641_0,sports,247.9302904689409,42.23557295294778,inactive,2024-05-08
642,Product_642_0,sports,495.24690557471496,79.08890877649789,active,2024-12-19
643,Product_643_0,sports,551.2993928030396,142.77742241215643,archived,2024-10-19
644,Product_644_0,books,570.5467812575648,297.4293606215345,pending,2024-04-22
645,Product_645_0,electronics,117.72028167871794,333.2949003138998,inactive,2024-12-03
646,Product_646_0,clothing,506.96794706479227,23.324366229342587,inactive,2024-03-10
647,Product_647_0,books,789.902353865288,179.46843765525225,inactive,2024-09-25
648,Product_648_0,home,612.7133394874694,34.6438435322653,inactive,2024-05-11
649,Product_649_0,home,621.8324404255831,129.29372202141906,active,2024-02-11
650,Product_650_0,books,50.44925651465838,234.2310360035008,inactive,2024-03-16
651,Product_651_0,home,773.8244688933007,36.00141994800208,pending,2024-02-25
652,Product_652_0,home,461.3618448709722,70.54739963943427,inactive,2024-08-28
653,Product_653_0,home,596.2002007076871,455.7209730929223,pending,2024-07-12
654,Product_654_0,books,86.96534255644357,80.46310172118436,inactive,2024-06-05
655,Product_655_0,sports,183.17460472368825,330.8149192235444,pending,2024-11-28
656,Product_656_0,home,928.5137518865912,266.03285514771875,inactive,2024-04-20
657,Product_657_0,electronics,727.7634987210814,491.94062881567254,inactive,2024-02-14
658,Product_658_0,electronics,86.69077805834556,278.486988157061,active,2024-08-01
659,Product_659_0,home,414.2113327022894,305.5311468508594,pending,2024-01-14
660,Product_660_0,clothing,277.138895925901,32.84687606909823,active,2024-09-28
661,Product_661_0,clothing,61.60534189638737,32.61274217250377,inactive,2024-01-21
662,Product_662_0,electronics,99.00517997330469,362.69733600755467,pending,2024-01-08
663,Product_663_0,home,460.3259197348888,242.1722163592261,active,2024-04-23
664,Product_664_0,clothing,236.78376911844873,250.85035841448033,pending,2024-12-11
665,Product_665_0,clothing,529.8988542763437,477.7765427295153,inactive,2024-01-09
666,Product_666_0,home,2.926320025952658,106.41671728542477,active,2024-08-14
667,Product_667_0,sports,692.8596949542172,257.6449872920792,pending,2024-03-21
668,Product_668_0,home,274.0090992467803,259.11953129840924,active,2024-07-26
669,Product_669_0,electronics,72.00021554078526,431.91374364566224,archived,2024-10-19
670,Product_670_0,home,746.7645845234614,264.6412460161831,pending,2024-08-17
671,Product_671_0,sports,883.9252932838507,367.3650191203188,active,2024-08-27
672,Product_672_0,electronics,856.6794014452122,161.18032136710303,active,2024-01-27
673,Product_673_0,home,230.5077231592753,156.51664276092663,pending,2024-03-02
674,Product_674_0,clothing,112.99867701806028,22.764275411612473,archived,2024-06-11
675,Product_675_0,clothing,38.07782403081368,244.41586423191697,archived,2024-07-27
676,Product_676_0,home,765.2033810601957,115.19374327927643,inactive,2024-06-07
677,Product_677_0,home,205.3730730286531,469.92125416156557,pending,2024-11-15
678,Product_678_0,books,537.5245345314017,157.88199038719335,inactive,2024-02-03
679,Product_679_0,electronics,588.3649977435832,148.7104716294245,pending,2024-08-03
680,Product_680_0,books,822.7319409407236,401.54981571137137,pending,2024-06-19
681,Product_681_0,books,69.50328697060363,68.09098159809724,active,2024-10-24
682,Product_682_0,electronics,612.5047341944239,225.32075282177055,active,2024-12-19
683,Product_683_0,electronics,398.30043226223773,100.80040600237112,inactive,2024-01-09
684,Product_684_0,clothing,940.517517268617,465.7417524354269,archived,2024-06-25
685,Product_685_0,books,984.2829496334583,228.43872470894345,archived,2024-01-08
686,Product_686_0,electronics,800.8632996619372,99.58921215009343,inactive,2024-08-11
687,Product_687_0,sports,617.1474741461338,102.91265665333894,active,2024-08-20
688,Product_688_0,books,492.8198896137152,144.70046456072998,pending,2024-11-14
689,Product_689_0,clothing,3.4881995047763077,62.73581072086891,active,2024-03-18
690,Product_690_0,books,307.3882796398649,94.604733238469,archived,2024-11-16
691,Product_691_0,sports,510.2659010501777,203.09237909559786,active,2024-08-06
692,Product_692_0,home,628.5507451780484,14.336155881191573,inactive,2024-09-22
693,Product_693_0,electronics,246.92785075905869,433.2636067421077,active,2024-12-20
694,Product_694_0,sports,519.8402468026766,373.14930658179196,inactive,2024-10-07
695,Product_695_0,clothing,857.3733119314599,266.5919352787146,active,2024-03-03
696,Product_696_0,electronics,527.7056244397223,246.48917243631888,active,2024-02-22
697,Product_697_0,home,680.3112362501164,144.88400753856237,inactive,2024-08-08
698,Product_698_0,books,989.7716167525581,38.38030181566288,inactive,2024-03-14
699,Product_699_0,clothing,308.0721327454973,91.94438756659756,inactive,2024-05-26
700,Product_700_0,electronics,933.6846240528104,491.05311433590026,active,2024-10-04
701,Product_701_0,clothing,884.2106274561102,57.844919585704055,inactive,2024-06-13
702,Product_702_0,clothing,459.6963161923303,47.76426369652613,pending,2024-11-01
703,Product_703_0,home,989.5093877094538,155.33017959712745,archived,2024-07-15
704,Product_704_0,books,725.2196073799312,208.3131014550878,active,2024-02-15
705,Product_705_0,electronics,483.28127897827756,77.14331567257004,inactive,2024-03-06
706,Product_706_0,sports,406.9836879415222,497.87293641858184,pending,2024-12-15
707,Product_707_0,sports,924.6823389513166,24.834811449429267,archived,2024-10-23
708,Product_708_0,sports,379.33938667528736,111.72771799688722,active,2024-12-18
709,Product_709_0,home,210.98481893725656,436.1118279632083,pending,2024-05-24
710,Product_710_0,home,349.51153507672217,108.67560582101738,pending,2024-03-27
711,Product_711_0,books,64.86902598106195,282.0034647005785,inactive,2024-08-13
712,Product_712_0,home,657.0423672128503,442.42071171962476,pending,2024-11-02
713,Product_713_0,books,79.07097888769646,157.46890250903627,active,2024-12-18
714,Product_714_0,clothing,524.97743102204,212.53066726884796,inactive,2024-05-09
715,Product_715_0,clothing,978.4501552420281,437.01191878367274,pending,2024-05-17
716,Product_716_0,books,926.0922906369151,477.299972560194,archived,2024-11-02
717,Product_717_0,home,566.0210602426571,490.8070846666183,archived,2024-02-27
718,Product_718_0,home,510.6857596887248,30.65924837022276,active,2024-04-16
719,Product_719_0,clothing,378.06967113531624,489.3859632465289,pending,2024-10-10
720,Product_720_0,electronics,420.6210916793277,35.58342506901061,pending,2024-08-27
721,Product_721_0,home,925.9007115769565,267.1272011860245,pending,2024-01-02
722,Product_722_0,electronics,611.8362989508645,250.21841749627333,archived,2024-04-25
723,Product_723_0,electronics,566.9890383420759,59.65370063146424,archived,2024-12-09
724,Product_724_0,home,655.2068292609637,56.98038088828658,inactive,2024-07-23
725,Product_725_0,home,517.8914806521683,450.9828123351985,pending,2024-01-12
726,Product_726_0,books,265.46621686230253,171.85671557074411,pending,2024-07-02
727,Product_727_0,electronics,600.3753262304199,67.05934003595424,archived,2024-03-19
728,Product_728_0,books,757.8144475481758,355.4034505961298,archived,2024-10-04
729,Product_729_0,clothing,383.33652380985126,169.82128103317413,archived,2024-02-25
730,Product_730_0,home,776.2126272697934,332.60214244408627,active,2024-10-21
731,Product_731_0,clothing,849.2535895730066,217.14524848783608,active,2024-03-02
732,Product_732_0,clothing,207.71016707536128,117.3489638813982,pending,2024-12-12
733,Product_733_0,sports,920.0740539838582,279.660121867714,inactive,2024-05-22
734,Product_734_0,electronics,99.96153694795849,265.0735990721666,pending,2024-01-27
735,Product_735_0,electronics,942.883929203502,498.7472313495658,pending,2024-05-04
736,Product_736_0,home,987.5685891250279,472.071690758082,pending,2024-07-13
737,Product_737_0,home,354.78811481808117,311.61653194204575,pending,2024-08-15
738,Product_738_0,sports,650.0821888717518,175.76230365987013,active,2024-07-27
739,Product_739_0,sports,114.80456850438681,362.35976455124404,inactive,2024-06-07
740,Product_740_0,electronics,571.069521768476,150.71393114442574,active,2024-02-18
741,Product_741_0,clothing,252.49510131410517,445.28874951499915,inactive,2024-06-09
742,Product_742_0,home,894.9076618000855,385.440583709121,archived,2024-10-06
743,Product_743_0,home,996.8121235303854,412.27146997700277,inactive,2024-12-14
744,Product_744_0,books,605.5283486090254,475.10085193044875,active,2024-07-11
745,Product_745_0,sports,188.71072073857135,215.80646808103012,pending,2024-09-02
746,Product_746_0,clothing,948.5355554135235,396.2064255510682,pending,2024-02-12
747,Product_747_0,electronics,416.0331938611246,448.83840522973077,pending,2024-06-22
748,Product_748_0,sports,289.25965165945604,437.8484049314961,pending,2024-04-23
749,Product_749_0,clothing,502.8402277226328,272.2487342632317,pending,2024-02-14
750,Product_750_0,clothing,389.1938618343338,206.1327112034704,inactive,2024-06-11
751,Product_751_0,electronics,226.37989199185233,170.1535136940491,pending,2024-11-15
752,Product_752_0,electronics,248.35584206497936,375.11536011638606,inactive,2024-01-17
753,Product_753_0,electronics,475.02192679789664,146.41124641638785,inactive,2024-06-19
754,Product_754_0,clothing,202.18428155261202,155.62338058730631,archived,2024-04-19
755,Product_755_0,books,199.78523833668328,147.4197155660954,pending,2024-04-16
756,Product_756_0,sports,386.2090217100492,376.9118913045087,inactive,2024-08-19
757,Product_757_0,home,955.0710026048969,109.68720011055177,active,2024-05-17
758,Product_758_0,clothing,253.9840770248948,346.5333558272258,active,2024-01-06
759,Product_759_0,clothing,537.3709773254933,82.57335423573961,archived,2024-11-10
760,Product_760_0,clothing,463.64471567238843,132.81326956168198,pending,2024-07-20
761,Product_761_0,home,320.98355514471456,357.750327650366,active,2024-01-13
762,Product_762_0,books,858.3177864564384,283.5432206148601,archived,2024-01-04
763,Product_763_0,home,246.69999033826312,397.0976097353217,archived,2024-04-15
764,Product_764_0,electronics,617.9252116601443,499.94211889282474,active,2024-11-08
765,Product_765_0,sports,10.59025912456643,121.8546221836158,active,2024-03-01
766,Product_766_0,sports,740.9302686262322,256.62688827556235,inactive,2024-07-15
767,Product_767_0,clothing,854.6640073009296,353.6213247774092,active,2024-12-08
768,Product_768_0,sports,637.2055297793694,491.60777123841297,active,2024-10-07
769,Product_769_0,books,267.3394017969553,365.09175921108107,active,2024-05-27
770,Product_770_0,books,429.76372627236265,47.37996008883154,active,2024-04-25
771,Product_771_0,sports,662.3636467525367,378.51433929458705,active,2024-02-19
772,Product_772_0,electronics,818.965863046061,211.61762661118914,active,2024-08-16
773,Product_773_0,sports,452.9868626260977,50.23571773585407,active,2024-03-18
774,Product_774_0,books,477.1756201382784,299.75107513941276,inactive,2024-09-17
775,Product_775_0,books,44.25451024915385,112.9288270653251,pending,2024-12-17
776,Product_776_0,electronics,642.9167261015998,213.48794225384995,active,2024-09-28
777,Product_777_0,clothing,322.89099865234704,314.84551918578165,inactive,2024-09-10
778,Product_778_0,electronics,909.8016738749219,213.5892508851919,pending,2024-08-28
779,Product_779_0,clothing,348.77119943068215,225.17797590867124,archived,2024-03-10
780,Product_780_0,books,634.6675250345888,423.9041028357393,active,2024-08-16
781,Product_781_0,home,132.6390845091756,339.0851893219009,archived,2024-10-25
782,Product_782_0,sports,490.67515714082185,487.40399027645134,pending,2024-02-07
783,Product_783_0,sports,784.5164471392161,373.9372663193611,active,2024-11-20
784,Product_784_0,sports,160.90053735243302,404.4128924601834,active,2024-11-18
785,Product_785_0,home,225.46635844641054,15.516338616898318,pending,2024-09-16
786,Product_786_0,clothing,337.1272565417582,346.6423367849376,archived,2024-11-09
787,Product_787_0,clothing,59.89836063338973,145.84714935253018,pending,2024-01-13
788,Product_788_0,electronics,959.4196870885244,304.45128060167497,inactive,2024-01-17
789,Product_789_0,sports,926.7255354216849,421.540056135014,active,2024-06-26
790,Product_790_0,home,346.82782081216413,369.2384837032295,pending,2024-03-21
791,Product_791_0,sports,76.32707137841568,122.69904093973183,pending,2024-03-18
792,Product_792_0,electronics,195.262933442204,113.14828863897398,pending,2024-11-16
793,Product_793_0,sports,434.0351432242175,229.08034048871332,inactive,2024-10-11
794,Product_794_0,clothing,353.9697862560596,292.3402826253973,pending,2024-06-27
795,Product_795_0,home,100.11006463351697,408.8335371394264,inactive,2024-06-25
796,Product_796_0,home,876.6364510019794,164.90895855889212,active,2024-05-01
797,Product_797_0,sports,710.6967192972209,52.36799553572415,pending,2024-01-20
798,Product_798_0,electronics,424.15665082947004,487.2120526289537,active,2024-08-13
799,Product_799_0,electronics,422.09538139864975,484.5783810335218,pending,2024-06-05
800,Product_800_0,electronics,600.3540303972139,47.050689887103054,archived,2024-04-04
801,Product_801_0,sports,319.2396954737562,309.23028725281455,archived,2024-04-17
802,Product_802_0,clothing,778.7328971032636,230.6431200765442,active,2024-11-19
803,Product_803_0,electronics,815.3448113003268,391.8951985644229,active,2024-05-08
804,Product_804_0,sports,528.255878154506,494.88590102870137,active,2024-09-09
805,Product_805_0,clothing,681.1149612880779,497.287257665907,pending,2024-07-28
806,Product_806_0,home,840.3889153568743,496.541594706119,pending,2024-09-21
807,Product_807_0,sports,957.3634165227156,389.38775506408234,archived,2024-04-08
808,Product_808_0,sports,989.3452418768718,291.715023496547,inactive,2024-12-23
809,Product_809_0,clothing,493.2613999566157,360.97133160516114,active,2024-01-17
810,Product_810_0,sports,74.57833236849751,340.4605991011053,active,2024-02-02
811,Product_811_0,sports,513.8909338966242,372.44595158321295,inactive,2024-06-07
812,Product_812_0,clothing,134.0272396468633,284.2831695564418,inactive,2024-02-10
813,Product_813_0,books,304.39571819261977,167.09265643474671,pending,2024-01-12
814,Product_814_0,home,789.1954175863771,254.8929220583552,active,2024-08-20
815,Product_815_0,home,758.8020235700641,269.1056566153241,inactive,2024-03-03
816,Product_816_0,home,331.8455054949519,481.45313899506004,inactive,2024-11-20
817,Product_817_0,electronics,74.60202840034623,371.1994988624008,inactive,2024-07-01
818,Product_818_0,books,693.2558933529862,349.8441691139627,inactive,2024-05-17
819,Product_819_0,electronics,591.4077959875269,215.41716788320207,archived,2024-06-07
820,Product_820_0,home,211.01125342412485,176.0200937249655,active,2024-02-22
821,Product_821_0,books,321.8625258376849,178.68966499152378,archived,2024-08-23
822,Product_822_0,home,933.9342340720632,240.9731369074564,archived,2024-10-16
823,Product_823_0,electronics,614.9853632176851,419.3582286556986,active,2024-11-03
824,Product_824_0,books,257.56872469995795,407.1886828146434,pending,2024-09-02
825,Product_825_0,clothing,41.101084770807894,166.58455784655402,archived,2024-09-16
826,Product_826_0,books,687.0412151124387,309.0937035871644,active,2024-01-08
827,Product_827_0,home,324.25428920931284,339.676938693647,pending,2024-10-04
828,Product_828_0,electronics,820.9930649956274,136.07469323696802,active,2024-03-20
829,Product_829_0,books,192.12983945735868,48.42872960469456,inactive,2024-07-04
830,Product_830_0,books,959.2450626786339,429.32591424431075,inactive,2024-01-07
831,Product_831_0,sports,955.6319559930099,417.17282831134145,inactive,2024-03-24
832,Product_832_0,books,320.85421955948505,85.26340568071878,archived,2024-09-06
833,Product_833_0,books,108.14322424015927,356.6335533868972,inactive,2024-07-24
834,Product_834_0,electronics,812.0327656087663,326.0393999082809,archived,2024-05-09
835,Product_835_0,clothing,253.5545045095153,285.4782206134392,inactive,2024-11-14
836,Product_836_0,home,99.29553215438746,42.53126210105134,archived,2024-05-06
837,Product_837_0,clothing,63.04341855971863,436.2666750585167,active,2024-03-28
838,Product_838_0,electronics,601.9880963300227,375.04793738918255,inactive,2024-02-24
839,Product_839_0,electronics,464.1201429626194,316.70796905320145,active,2024-06-11
840,Product_840_0,clothing,744.9027303178489,319.01805344021585,pending,2024-07-20
841,Product_841_0,electronics,372.5474819284525,63.40801266119699,pending,2024-08-20
842,Product_842_0,clothing,885.6535417535792,267.8021913970055,archived,2024-10-16
843,Product_843_0,books,796.2168390677948,30.992617665234924,pending,2024-02-13
844,Product_844_0,electronics,752.1871249006392,207.30695376231867,active,2024-08-11
845,Product_845_0,home,527.5678862559554,462.29066805048143,active,2024-05-03
846,Product_846_0,books,409.5154722261397,257.90348236943623,archived,2024-08-26
847,Product_847_0,clothing,262.7092514584099,66.21558406847625,pending,2024-10-08
848,Product_848_0,books,600.3125999919338,208.03487820829756,active,2024-07-14
849,Product_849_0,clothing,896.3289356030895,419.5135007577244,archived,2024-04-03
850,Product_850_0,sports,447.38187362379205,184.57145008995258,active,2024-11-15
851,Product_851_0,clothing,677.6431375390439,63.899167827633086,inactive,2024-12-22
852,Product_852_0,books,715.8718011237552,409.15194129410446,archived,2024-02-21
853,Product_853_0,sports,345.9822729994677,56.51333942834405,pending,2024-02-05
854,Product_854_0,clothing,219.87023494530038,326.5278525662931,inactive,2024-03-23
855,Product_855_0,home,411.3562096427407,295.5729096967499,archived,2024-08-03
856,Product_856_0,books,669.3810312253526,283.2418817449914,inactive,2024-12-19
857,Product_857_0,electronics,839.8998279977384,407.32650829765356,pending,2024-11-08
858,Product_858_0,home,218.58320968709478,422.1248320407883,pending,2024-12-16
859,Product_859_0,electronics,639.7434507948286,466.15494118745244,archived,2024-07-19
860,Product_860_0,books,987.2819280469663,381.59719981633896,inactive,2024-02-15
861,Product_861_0,home,359.8343666123026,359.90046632011115,pending,2024-01-05
862,Product_862_0,electronics,953.1586814793436,189.3821915605048,inactive,2024-09-03
863,Product_863_0,electronics,701.8995031074437,251.81272786679017,inactive,2024-06-22
864,Product_864_0,books,88.71638751898185,26.085221925496995,active,2024-08-20
865,Product_865_0,sports,837.4796173370705,343.91683807651947,active,2024-08-19
866,Product_866_0,home,959.6624815941284,135.61510912810093,inactive,2024-03-13
867,Product_867_0,electronics,570.4939532276783,61.45756066507124,archived,2024-06-15
868,Product_868_0,sports,843.0458774777328,124.30361891452092,active,2024-11-28
869,Product_869_0,books,955.3412910000426,338.85350161662797,pending,2024-07-09
870,Product_870_0,sports,397.99774035481425,470.3373835278505,inactive,2024-07-27
871,Product_871_0,books,70.1184782453379,59.59592638285955,archived,2024-08-15
872,Product_872_0,books,548.7996183757479,39.64151688653162,archived,2024-07-23
873,Product_873_0,clothing,83.22892881357758,436.37822705745316,archived,2024-12-03
874,Product_874_0,clothing,225.5906637392492,126.19540365203112,archived,2024-11-04
875,Product_875_0,home,530.4782030260511,364.110548099718,archived,2024-05-06
876,Product_876_0,clothing,146.60296274338342,31.546718921369465,inactive,2024-02-08
877,Product_877_0,electronics,804.5647336822057,254.0422001249799,inactive,2024-06-07
878,Product_878_0,sports,846.9629705370007,160.39049623741013,archived,2024-10-01
879,Product_879_0,electronics,50.028589821779185,341.09335218431266,inactive,2024-01-07
880,Product_880_0,electronics,493.1125133911923,474.45237505846524,archived,2024-08-13
881,Product_881_0,sports,53.314249621918705,315.4115383093671,archived,2024-01-24
882,Product_882_0,clothing,302.5949237220614,455.8239478432295,active,2024-09-21
883,Product_883_0,clothing,476.25863958055584,165.26623448451133,archived,2024-01-01
884,Product_884_0,home,484.91913085234995,261.40755818271504,pending,2024-08-26
885,Product_885_0,electronics,81.86464376231929,56.456346588459745,inactive,2024-09-08
886,Product_886_0,clothing,383.40797775431815,424.0274835820407,inactive,2024-09-14
887,Product_887_0,clothing,419.49273825021555,279.20371751910807,pending,2024-07-18
888,Product_888_0,sports,446.19182241109786,114.07188767984547,pending,2024-07-27
889,Product_889_0,books,676.7325466522684,294.75276022400163,active,2024-06-18
890,Product_890_0,home,328.3741002244228,21.729836888330453,archived,2024-12-22
891,Product_891_0,clothing,620.6059930814904,149.77577907625184,inactive,2024-10-12
892,Product_892_0,books,881.9645029115136,366.1103011307458,pending,2024-09-10
893,Product_893_0,electronics,375.3157208191192,49.52468730245847,pending,2024-11-04
894,Product_894_0,clothing,55.618785439850775,187.1967762063583,inactive,2024-10-12
895,Product_895_0,clothing,882.5880622990672,151.9866726473182,pending,2024-02-21
896,Product_896_0,sports,895.4807585866164,436.31749630667116,active,2024-08-28
897,Product_897_0,home,640.1191372817844,320.31006837587887,inactive,2024-11-12
898,Product_898_0,sports,721.5200218476216,195.19032153313796,inactive,2024-11-16
899,Product_899_0,books,702.6312179057562,332.72669649118274,active,2024-05-24
900,Product_900_0,clothing,474.7836806355244,169.12638936013562,active,2024-08-18
901,Product_901_0,electronics,120.07474301278006,433.34535532259105,inactive,2024-09-17
902,Product_902_0,home,175.51419883098268,222.93285851467527,pending,2024-06-08
903,Product_903_0,sports,830.2263594031053,143.38969850162283,archived,2024-05-17
904,Product_904_0,clothing,80.16894465866866,237.46406578905146,inactive,2024-03-27
905,Product_905_0,clothing,324.0043561756826,117.26945192555304,active,2024-06-23
906,Product_906_0,books,393.9556530942775,100.99086049310954,pending,2024-08-17
907,Product_907_0,electronics,162.14243040244824,302.900059331283,active,2024-08-25
908,Product_908_0,books,511.07595870688795,62.10854343610792,active,2024-10-21
909,Product_909_0,home,930.6356075819107,420.97237730130837,pending,2024-06-01
910,Product_910_0,books,299.33602509973196,35.39520201535808,archived,2024-09-27
911,Product_911_0,electronics,932.6549625243943,471.1807464031453,active,2024-03-06
912,Product_912_0,sports,664.6318121059851,143.17672625484354,active,2024-07-11
913,Product_913_0,clothing,727.1371913149965,211.78806626007756,archived,2024-07-13
914,Product_914_0,books,530.0909818349204,344.2193317900363,pending,2024-09-20
915,Product_915_0,home,54.14523630873282,427.0038119142694,archived,2024-06-23
916,Product_916_0,sports,808.3353968338182,429.24229034092,inactive,2024-03-28
917,Product_917_0,clothing,652.6207754587736,332.8598992988353,inactive,2024-04-05
918,Product_918_0,home,487.53845324670766,452.6740683897675,pending,2024-10-07
919,Product_919_0,clothing,78.93201335059626,454.7155415131536,pending,2024-03-06
920,Product_920_0,sports,490.5264713121203,95.58254088190947,archived,2024-06-01
921,Product_921_0,electronics,73.58865944045735,194.28217442516763,archived,2024-05-27
922,Product_922_0,home,458.08040469650723,130.321176350089,active,2024-01-22
923,Product_923_0,clothing,925.9582403549217,263.74095303234583,inactive,2024-03-01
924,Product_924_0,clothing,198.0556364563375,456.01452599193743,pending,2024-03-27
925,Product_925_0,books,456.7617567247427,231.51517012640142,archived,2024-08-03
926,Product_926_0,home,436.9265834525272,432.9653495118326,archived,2024-01-28
927,Product_927_0,sports,32.13318884560226,341.2781941425892,pending,2024-04-08
928,Product_928_0,books,907.8659791358402,408.3918082726058,pending,2024-06-03
929,Product_929_0,home,854.8782718452363,489.5627210313438,active,2024-04-04
930,Product_930_0,books,587.9647683619597,400.28715212021723,pending,2024-08-05
931,Product_931_0,clothing,970.7788531429902,122.09148139424299,active,2024-06-17
932,Product_932_0,clothing,511.2560824414842,467.0362876043517,active,2024-11-11
933,Product_933_0,books,325.5669917352343,201.12758497710357,archived,2024-04-26
934,Product_934_0,electronics,620.8696571025594,375.5637404048192,pending,2024-02-01
935,Product_935_0,home,519.7695775559755,109.7638098370559,inactive,2024-04-09
936,Product_936_0,clothing,42.479561219715215,327.0253624688923,pending,2024-09-05
937,Product_937_0,electronics,136.18438962744548,430.1580968719199,archived,2024-03-28
938,Product_938_0,sports,469.1139622518317,135.7002167884806,inactive,2024-07-26
939,Product_939_0,home,299.9686645575137,474.03851785744706,archived,2024-10-04
940,Product_940_0,books,400.85830226805444,23.686071457517436,pending,2024-12-17
941,Product_941_0,books,483.9794482322817,86.84726851091064,active,2024-07-22
942,Product_942_0,sports,507.6621675183318,184.43832888410935,pending,2024-07-11
943,Product_943_0,electronics,386.6603129662537,220.36548321984168,pending,2024-12-08
944,Product_944_0,electronics,343.00933620777795,291.1711404544272,active,2024-02-01
945,Product_945_0,sports,400.41233238033493,227.26991845478798,pending,2024-02-17
946,Product_946_0,clothing,984.2793718605832,441.431853938674,pending,2024-11-17
947,Product_947_0,books,422.54413693862904,21.469931955854044,archived,2024-10-03
948,Product_948_0,home,429.9920876635251,431.70190188024696,archived,2024-09-05
949,Product_949_0,sports,445.54828356154195,292.11692599855223,inactive,2024-07-10
950,Product_950_0,clothing,756.1294772145668,441.0673778135547,inactive,2024-09-07
951,Product_951_0,electronics,53.30298831084651,158.97829284294087,active,2024-09-11
952,Product_952_0,electronics,186.1325267247743,130.23722994612365,pending,2024-03-21
953,Product_953_0,clothing,238.25768509639627,203.21980885771492,active,2024-07-16
954,Product_954_0,sports,192.5488044819852,440.7551008570937,active,2024-11-18
955,Product_955_0,home,335.8258246795143,140.67507611464475,active,2024-08-14
956,Product_956_0,sports,741.65500747191,215.20579645497097,archived,2024-03-20
957,Product_957_0,books,715.9919010228833,49.1586237201788,active,2024-07-21
958,Product_958_0,electronics,656.6482696930568,264.17359454710765,inactive,2024-01-18
959,Product_959_0,clothing,524.4269274854759,196.5254726658086,pending,2024-08-13
960,Product_960_0,sports,359.0356706856502,84.47982320466812,active,2024-05-20
961,Product_961_0,clothing,938.9194452181522,235.43815798513023,inactive,2024-09-13
962,Product_962_0,sports,831.107169768082,89.07899645757348,pending,2024-09-17
963,Product_963_0,electronics,491.09728159107226,427.6853045287555,archived,2024-08-18
964,Product_964_0,home,658.0305911029365,373.9197043876045,pending,2024-12-17
965,Product_965_0,clothing,339.0457963326234,466.3031932594464,archived,2024-01-28
966,Product_966_0,electronics,697.8679242077541,313.02524853265885,archived,2024-03-07
967,Product_967_0,home,266.00500020946873,498.6994012363105,active,2024-10-26
968,Product_968_0,clothing,695.915198853694,138.8406941256174,active,2024-05-01
969,Product_969_0,home,948.7899275894448,441.74165204575013,active,2024-07-06
970,Product_970_0,electronics,401.09061203680113,248.69352866276154,inactive,2024-06-07
971,Product_971_0,books,748.6315143427715,201.62168100342942,inactive,2024-04-06
972,Product_972_0,clothing,716.6226984852817,78.27223942583471,archived,2024-10-22
973,Product_973_0,home,145.0995405246536,50.88243079562184,inactive,2024-04-22
974,Product_974_0,electronics,799.4965245489244,323.8814723138129,pending,2024-02-27
975,Product_975_0,electronics,453.02819616669046,257.35462645201744,archived,2024-08-25
976,Product_976_0,clothing,419.30305150213275,97.54229336713334,inactive,2024-09-17
977,Product_977_0,sports,837.6957669073845,443.82978796108296,inactive,2024-09-03
978,Product_978_0,books,278.99233275501655,225.4642569961911,active,2024-08-04
979,Product_979_0,sports,448.692283558976,499.3993657600453,active,2024-12-16
980,Product_980_0,clothing,336.28491844160936,242.74172539838986,active,2024-03-20
981,Product_981_0,books,466.6650359936579,457.14631736258417,active,2024-06-15
982,Product_982_0,sports,236.1287978661395,12.293679137108871,inactive,2024-08-02
983,Product_983_0,home,202.49745153908128,454.6296831409034,pending,2024-09-02
984,Product_984_0,electronics,162.74728300978987,247.87411178611757,active,2024-11-02
985,Product_985_0,electronics,511.11493412170864,225.90175639221115,archived,2024-05-16
986,Product_986_0,sports,832.2932459414175,45.527837863851815,active,2024-02-02
987,Product_987_0,books,760.4698239114656,259.80455271745814,archived,2024-06-12
988,Product_988_0,sports,827.3899617711284,304.8931939186159,archived,2024-09-03
989,Product_989_0,sports,30.46216114679228,435.2565688101083,active,2024-11-24
990,Product_990_0,home,305.5130671378101,471.3571704279517,active,2024-04-24
991,Product_991_0,electronics,118.8550203381856,461.16829570287746,archived,2024-03-06
992,Product_992_0,books,919.7127809046503,335.06281707994606,inactive,2024-10-24
993,Product_993_0,books,688.1679805355151,62.230336759796145,active,2024-08-01
994,Product_994_0,sports,297.39593188902717,321.4693798473337,archived,2024-11-20
995,Product_995_0,home,725.8633603693497,128.61461122786397,inactive,2024-09-14
996,Product_996_0,sports,383.0529615690296,29.840149879276314,pending,2024-12-10
997,Product_997_0,clothing,344.2955270717571,432.12943604282054,inactive,2024-02-17
998,Product_998_0,home,208.55788256788156,113.09494169603389,pending,2024-07-15
999,Product_999_0,sports,792.4447009599792,360.57587239518733,active,2024-10-26
1000,Product_1000_0,clothing,712.2561328867323,344.40828211593373,pending,2024-11-03
1001,Product_1001_0,books,797.646707432349,162.23943162524614,active,2024-12-07
1002,Product_1002_0,clothing,728.726805153468,247.99202747370765,inactive,2024-08-05
1003,Product_1003_0,sports,602.9777819734112,283.51077162460876,archived,2024-06-21
1004,Product_1004_0,home,209.62039476981974,178.47838711588423,active,2024-11-25
1005,Product_1005_0,home,945.3123987956012,135.7634997817812,archived,2024-06-14
1006,Product_1006_0,clothing,376.04796489190556,311.64595490998806,archived,2024-05-04
1007,Product_1007_0,sports,477.62698438632145,323.25924494897623,inactive,2024-12-22
1008,Product_1008_0,books,697.3228531390369,15.265876918886299,pending,2024-10-25
1009,Product_1009_0,books,287.489609767918,166.19696865989425,inactive,2024-04-21
1010,Product_1010_0,home,52.247305022914276,261.1867304653274,inactive,2024-04-20
1011,Product_1011_0,clothing,422.59825470917843,379.26511162076207,pending,2024-07-05
1012,Product_1012_0,sports,17.51721900169989,172.68260196028476,active,2024-10-06
1013,Product_1013_0,sports,256.4941754191252,160.59731233069547,active,2024-06-02
1014,Product_1014_0,clothing,878.8965256642522,125.47689540283275,inactive,2024-07-23
1015,Product_1015_0,clothing,190.13657518374777,24.99152457446978,pending,2024-11-11
1016,Product_1016_0,books,187.11672947132303,342.7669033792476,pending,2024-02-13
1017,Product_1017_0,books,845.3243206912125,149.56303531128515,inactive,2024-04-23
1018,Product_1018_0,books,61.923841392525496,298.9823199468372,archived,2024-12-13
1019,Product_1019_0,home,901.6055915583095,363.3825385204926,active,2024-01-27
1020,Product_1020_0,books,61.81949324265281,112.78548970647086,pending,2024-03-24
1021,Product_1021_0,home,52.713866296571645,236.14617664444384,active,2024-03-13
1022,Product_1022_0,home,378.1109339991638,467.72498639354717,active,2024-06-16
1023,Product_1023_0,clothing,203.3632337524303,396.0050384435583,archived,2024-12-04
1024,Product_1024_0,books,198.40780950232335,117.17357208916656,archived,2024-10-11
1025,Product_1025_0,clothing,967.2649889149046,306.2216291993747,archived,2024-11-05
1026,Product_1026_0,home,216.41992604941623,22.777098547344867,archived,2024-04-16
1027,Product_1027_0,home,62.83371562372805,124.65725792301511,archived,2024-01-26
1028,Product_1028_0,sports,619.021810747753,427.5910836496763,pending,2024-01-11
1029,Product_1029_0,books,671.2746819977339,154.7007997342792,archived,2024-08-08
1030,Product_1030_0,sports,749.9128875735794,457.189040503754,inactive,2024-02-25
1031,Product_1031_0,books,676.699671515985,188.8583475442559,inactive,2024-07-05
1032,Product_1032_0,electronics,453.61596583606047,232.0811814037635,active,2024-04-05
1033,Product_1033_0,electronics,952.5719564903823,369.66324610111263,inactive,2024-08-25
1034,Product_1034_0,clothing,47.20225872908259,296.467230424234,pending,2024-04-21
1035,Product_1035_0,sports,514.7021444193059,473.41823860097526,active,2024-12-05
1036,Product_1036_0,sports,515.5577421853093,168.39325155835766,inactive,2024-06-08
1037,Product_1037_0,home,744.0137522894538,494.15403467830976,active,2024-02-04
1038,Product_1038_0,clothing,830.2978664384688,384.32408681271636,inactive,2024-09-01
1039,Product_1039_0,books,42.78626629971673,324.41780849101315,archived,2024-06-11
1040,Product_1040_0,books,63.6327679825889,416.0887701873763,inactive,2024-05-12
1041,Product_1041_0,electronics,870.3768534996431,296.2448602473785,pending,2024-12-12
1042,Product_1042_0,sports,986.8222394833278,140.69005275543677,archived,2024-05-19
1043,Product_1043_0,books,862.636777118302,363.7417631263133,archived,2024-07-05
1044,Product_1044_0,sports,22.914893343834486,487.66772786572096,inactive,2024-04-02
1045,Product_1045_0,sports,579.0244943914524,107.57501785573977,inactive,2024-05-11
1046,Product_1046_0,books,270.1896663501842,194.5609897103033,active,2024-11-17
1047,Product_1047_0,clothing,372.0775841936768,306.2452308231409,archived,2024-05-12
1048,Product_1048_0,home,148.2313427832361,40.398177917989344,archived,2024-05-13
1049,Product_1049_0,sports,944.1107259624786,177.76548312268906,active,2024-12-15
1050,Product_1050_0,sports,769.5778033273463,119.76884962152124,pending,2024-06-25
1051,Product_1051_0,clothing,59.86331639385032,391.73575485275705,pending,2024-07-03
1052,Product_1052_0,home,631.3890056012133,364.5608169243176,archived,2024-03-14
1053,Product_1053_0,books,806.2042997325912,64.36046942330722,inactive,2024-01-03
1054,Product_1054_0,sports,309.66084635129596,346.06822596661885,inactive,2024-01-28
1055,Product_1055_0,electronics,462.78546908352615,282.39260543145286,inactive,2024-04-25
1056,Product_1056_0,sports,258.0274693756978,137.47938009204483,inactive,2024-04-03
1057,Product_1057_0,electronics,372.74700779578615,254.04673399450854,inactive,2024-10-03
1058,Product_1058_0,sports,669.3170863213342,260.240284098458,pending,2024-01-09
1059,Product_1059_0,clothing,185.67105999191543,23.152999157369347,inactive,2024-02-22
1060,Product_1060_0,electronics,2.958719790522299,320.2469110069611,pending,2024-02-17
1061,Product_1061_0,clothing,333.1059168202937,194.12731814596424,archived,2024-10-15
1062,Product_1062_0,sports,568.6183153673937,271.9646822237081,active,2024-11-15
1063,Product_1063_0,clothing,586.1166319466164,496.0033138467433,inactive,2024-10-08
1064,Product_1064_0,electronics,779.5068830135016,160.25198053776725,inactive,2024-06-14
1065,Product_1065_0,electronics,272.1282620832615,193.21003245622984,active,2024-12-27
1066,Product_1066_0,clothing,604.0219449502066,324.93001771415624,inactive,2024-06-23
1067,Product_1067_0,sports,73.43998201811391,293.4676978555956,archived,2024-02-28
1068,Product_1068_0,sports,219.93137065926854,65.70936810688286,pending,2024-05-28
1069,Product_1069_0,sports,504.26095532969276,397.77840981215434,pending,2024-09-03
1070,Product_1070_0,clothing,528.6979979989935,370.73300904863373,archived,2024-10-12
1071,Product_1071_0,books,166.8910692639044,120.68142203824489,active,2024-01-17
1072,Product_1072_0,home,555.383817632452,227.52458661568014,archived,2024-01-22
1073,Product_1073_0,sports,388.91591001801334,405.28989266932,archived,2024-06-20
1074,Product_1074_0,home,341.48788439686757,265.6334376027715,pending,2024-11-25
1075,Product_1075_0,clothing,748.1436536770761,445.2162923873907,inactive,2024-12-26
1076,Product_1076_0,clothing,405.6427398769206,445.4320721667859,pending,2024-01-07
1077,Product_1077_0,sports,732.0926681491452,357.6573478223827,archived,2024-01-27
1078,Product_1078_0,home,267.224993448009,177.20077065027832,active,2024-05-17
1079,Product_1079_0,books,967.763304478201,437.98444605564777,pending,2024-09-22
1080,Product_1080_0,sports,838.9056070300816,453.1161227822433,pending,2024-01-24
1081,Product_1081_0,home,997.441045288085,76.58063417894142,active,2024-11-28
1082,Product_1082_0,books,858.1511343896524,324.84925061187414,active,2024-06-01
1083,Product_1083_0,sports,222.62100850379886,366.89600126060407,archived,2024-01-27
1084,Product_1084_0,books,966.2658558345498,370.48583709465464,active,2024-04-17
1085,Product_1085_0,electronics,902.1835782662206,225.481634228839,archived,2024-02-18
1086,Product_1086_0,electronics,651.3861038706802,466.32676812672287,pending,2024-04-22
1087,Product_1087_0,sports,679.6289548982256,181.45363831951954,archived,2024-09-04
1088,Product_1088_0,electronics,792.8527860099105,108.50191064002755,active,2024-08-01
1089,Product_1089_0,clothing,943.3876092895052,166.2980789271978,active,2024-05-07
1090,Product_1090_0,clothing,514.1362588549555,469.22652456080186,inactive,2024-09-01
1091,Product_1091_0,clothing,547.8426166942419,239.2323440829895,pending,2024-11-21
1092,Product_1092_0,books,917.3633440244319,475.4364044836616,pending,2024-04-13
1093,Product_1093_0,books,259.9739007092043,487.135361519362,pending,2024-07-17
1094,Product_1094_0,clothing,37.67450783779009,438.9673055653505,active,2024-02-09
1095,Product_1095_0,home,769.4000639629063,203.94329477466732,active,2024-02-11
1096,Product_1096_0,sports,312.2132060546229,206.61690939726932,pending,2024-07-17
1097,Product_1097_0,home,531.1019309684838,327.8034239327562,pending,2024-04-06
1098,Product_1098_0,home,341.65230947315393,321.1595284198376,inactive,2024-08-04
1099,Product_1099_0,books,908.7458394244061,438.2776596326979,active,2024-08-20
1100,Product_1100_0,home,590.5158287338768,354.6642532152332,active,2024-01-08
1101,Product_1101_0,electronics,791.9247120750738,380.0992547154623,archived,2024-09-07
1102,Product_1102_0,home,432.28160567652515,125.73849453603806,pending,2024-08-16
1103,Product_1103_0,electronics,259.48553311794166,150.52599369010122,archived,2024-08-18
1104,Product_1104_0,sports,601.1648596067586,41.99843135196495,inactive,2024-01-24
1105,Product_1105_0,electronics,469.70461149139265,498.93949282016655,inactive,2024-06-11
1106,Product_1106_0,clothing,685.8708549540714,225.4296719523482,active,2024-06-10
1107,Product_1107_0,electronics,930.8013611965264,357.3235408389452,pending,2024-06-25
1108,Product_1108_0,clothing,920.5155631024123,415.8242042183392,active,2024-05-07
1109,Product_1109_0,clothing,414.9864519940356,149.99448812935702,archived,2024-05-02
1110,Product_1110_0,electronics,354.6317689524082,324.77414100338035,archived,2024-08-12
1111,Product_1111_0,clothing,998.8139916269212,46.59643178125947,pending,2024-12-09
1112,Product_1112_0,books,975.7718923800808,32.2912248070287,inactive,2024-04-24
1113,Product_1113_0,sports,900.7780536926983,399.2138030319413,active,2024-04-17
1114,Product_1114_0,clothing,656.0663534843778,459.2076786453903,active,2024-01-20
1115,Product_1115_0,home,381.281399715883,73.23727388013592,inactive,2024-05-25
1116,Product_1116_0,sports,858.0624540079374,92.68100170353246,active,2024-03-02
1117,Product_1117_0,sports,752.1639314860025,213.17219881636277,active,2024-06-25
1118,Product_1118_0,books,900.0494147911529,204.51774600740688,pending,2024-12-07
1119,Product_1119_0,clothing,95.8377105979304,111.34059140480706,inactive,2024-03-15
1120,Product_1120_0,books,769.1532450335399,140.638514354928,inactive,2024-03-27
1121,Product_1121_0,home,246.12166396682173,200.94083771880867,archived,2024-03-20
1122,Product_1122_0,clothing,443.26641927117464,159.53729972736141,archived,2024-02-18
1123,Product_1123_0,books,872.0503714518156,290.84786077054343,pending,2024-09-14
1124,Product_1124_0,clothing,503.3657081338892,86.3494818206944,archived,2024-08-03
1125,Product_1125_0,books,151.4887204288541,406.8883485479576,archived,2024-10-09
1126,Product_1126_0,clothing,942.0130711961004,126.38224726586836,active,2024-04-01
1127,Product_1127_0,home,521.3007982448154,221.26485843810053,active,2024-03-12
1128,Product_1128_0,clothing,61.02077190817329,115.02395985805447,pending,2024-09-28
1129,Product_1129_0,sports,690.2353471483563,159.75306839824822,pending,2024-07-27
1130,Product_1130_0,home,73.68970428860256,402.31508607858115,inactive,2024-01-24
1131,Product_1131_0,clothing,565.8290411976733,337.435787672042,archived,2024-11-05
1132,Product_1132_0,clothing,826.4599149293128,73.47522460549541,archived,2024-01-17
1133,Product_1133_0,sports,127.14371079714769,243.02214547461128,inactive,2024-11-13
1134,Product_1134_0,books,381.0900947762101,252.6661931573003,archived,2024-01-09
1135,Product_1135_0,electronics,96.26121859412102,226.83730099465416,pending,2024-06-05
1136,Product_1136_0,electronics,494.9599909171095,167.96200932745796,pending,2024-05-24
1137,Product_1137_0,clothing,247.01968661211185,362.99296326070447,pending,2024-03-22
1138,Product_1138_0,sports,410.5514965417637,119.7083363795982,pending,2024-07-22
1139,Product_1139_0,clothing,42.65264977906421,411.0765706147523,archived,2024-04-23
1140,Product_1140_0,books,665.2552409033559,45.66057614215274,active,2024-01-05
1141,Product_1141_0,sports,341.36713249204354,216.50158650973415,archived,2024-11-09
1142,Product_1142_0,home,241.61950172677277,243.79432354791416,inactive,2024-07-18
1143,Product_1143_0,sports,98.25413683066512,498.8355783272777,archived,2024-02-08
1144,Product_1144_0,home,527.6503205312877,272.10122959806483,pending,2024-01-19
1145,Product_1145_0,electronics,258.9819798385808,329.14642686746777,pending,2024-03-18
1146,Product_1146_0,home,820.7881820826665,255.55475386378885,active,2024-03-01
1147,Product_1147_0,clothing,277.78833461873893,276.12420962353315,pending,2024-02-10
1148,Product_1148_0,electronics,131.4391290809504,308.14294143406346,pending,2024-01-25
1149,Product_1149_0,electronics,528.4778636549963,198.81132190404244,inactive,2024-01-06
1150,Product_1150_0,electronics,255.7576099031752,31.215456430322448,active,2024-03-27
1151,Product_1151_0,sports,124.40444112078663,34.85535972550258,archived,2024-12-03
1152,Product_1152_0,sports,996.2938103601044,364.292366768139,pending,2024-01-26
1153,Product_1153_0,books,445.39665433859545,46.264587066717496,inactive,2024-09-14
1154,Product_1154_0,clothing,3.0157901395231694,224.57468340520742,inactive,2024-08-13
1155,Product_1155_0,electronics,310.690130454843,360.2101647258313,pending,2024-08-04
1156,Product_1156_0,clothing,130.67879833723543,153.64955857118144,active,2024-03-05
1157,Product_1157_0,sports,170.683738547285,13.554169844446013,archived,2024-11-16
1158,Product_1158_0,clothing,623.930549171405,288.20095274780965,active,2024-02-10
1159,Product_1159_0,clothing,621.280353541294,124.73446382111631,inactive,2024-08-16
1160,Product_1160_0,clothing,639.17649305743,216.20420365575532,archived,2024-05-14
1161,Product_1161_0,books,474.9724358273274,265.283753653683,archived,2024-10-16
1162,Product_1162_0,clothing,486.4521731068135,199.031525721136,archived,2024-09-17
1163,Product_1163_0,sports,707.349398591989,10.392913037648354,archived,2024-04-11
1164,Product_1164_0,sports,62.440166438627344,280.0908569648802,archived,2024-07-25
1165,Product_1165_0,home,845.4218126343646,434.87649179876394,active,2024-11-13
1166,Product_1166_0,sports,999.4580314061724,257.45217254346716,inactive,2024-07-06
1167,Product_1167_0,electronics,697.0467450521559,331.3428988994251,pending,2024-02-24
1168,Product_1168_0,clothing,15.457207815083482,201.20257520029423,active,2024-12-08
1169,Product_1169_0,electronics,387.84510182656817,335.4462378008854,pending,2024-01-10
1170,Product_1170_0,books,904.365508573105,404.2314675138078,active,2024-09-15
1171,Product_1171_0,electronics,238.3246446071651,43.86169473486143,archived,2024-03-25
1172,Product_1172_0,clothing,37.094084490480554,414.8379910436259,inactive,2024-09-12
1173,Product_1173_0,home,676.469647342499,388.8828584118963,pending,2024-11-24
1174,Product_1174_0,books,35.55952725821113,132.32231652248245,archived,2024-10-18
1175,Product_1175_0,sports,4.4088411592355214,344.69118755422653,pending,2024-12-12
1176,Product_1176_0,books,421.9243124405766,260.14910980356717,active,2024-05-04
1177,Product_1177_0,home,660.5384065755425,499.24695165619687,pending,2024-06-20
1178,Product_1178_0,sports,176.49077646844356,359.7807540624556,pending,2024-02-19
1179,Product_1179_0,home,417.4333407662127,365.78704830906594,archived,2024-09-16
1180,Product_1180_0,books,721.8137941523598,191.7203454101574,pending,2024-02-25
1181,Product_1181_0,books,102.95228721741722,54.9946834950303,archived,2024-10-01
1182,Product_1182_0,electronics,666.4896554993067,412.96922545832143,pending,2024-06-21
1183,Product_1183_0,sports,937.918505240543,316.38541484449166,active,2024-01-25
1184,Product_1184_0,electronics,312.6863262629219,227.54144095591963,archived,2024-11-09
1185,Product_1185_0,electronics,444.6911862673621,467.90950651768907,inactive,2024-12-28
1186,Product_1186_0,home,944.5135538428467,18.053071222782307,pending,2024-03-07
1187,Product_1187_0,books,396.55755745742385,436.40820672017196,inactive,2024-04-19
1188,Product_1188_0,sports,392.28518545924294,298.5306278334079,archived,2024-02-02
1189,Product_1189_0,clothing,841.6872274014349,106.3887677570855,active,2024-08-16
1190,Product_1190_0,home,996.2912103185065,432.53655515492324,active,2024-09-01
1191,Product_1191_0,books,181.90179590546452,331.2505368285185,pending,2024-04-12
1192,Product_1192_0,books,426.6289566423955,59.65229226772505,pending,2024-04-02
1193,Product_1193_0,sports,26.26581946052081,482.02527591170224,archived,2024-03-21
1194,Product_1194_0,electronics,871.5698509732059,350.27006342434265,pending,2024-04-17
1195,Product_1195_0,electronics,959.5105032947728,89.98467923174688,inactive,2024-12-06
1196,Product_1196_0,clothing,658.4993608127817,484.4539293655521,inactive,2024-12-07
1197,Product_1197_0,sports,491.75427839514447,222.28456826706946,pending,2024-08-26
1198,Product_1198_0,clothing,816.7300812020636,272.7375167095591,pending,2024-11-28
1199,Product_1199_0,clothing,167.51179956223697,298.2224844827785,archived,2024-06-11
1200,Product_1200_0,books,100.39155208454775,18.83168893020852,inactive,2024-02-10
1201,Product_1201_0,books,530.267930819926,369.05073297902794,pending,2024-04-04
1202,Product_1202_0,clothing,679.8431710774042,94.69184460407214,archived,2024-03-21
1203,Product_1203_0,clothing,486.9216346825216,132.00606768025776,active,2024-11-10
1204,Product_1204_0,books,176.1409789377072,474.27096426768185,active,2024-10-26
1205,Product_1205_0,electronics,26.2233815134644,313.0288433809458,active,2024-02-16
1206,Product_1206_0,clothing,934.1606239451248,283.07923167572307,active,2024-02-27
1207,Product_1207_0,sports,94.6346219176642,74.63338988432454,pending,2024-10-03
1208,Product_1208_0,sports,437.24633508592166,314.17122719460144,inactive,2024-08-18
1209,Product_1209_0,sports,223.07335883008642,396.33389323696196,inactive,2024-10-28
1210,Product_1210_0,electronics,419.85236698385637,65.08209210350577,inactive,2024-01-05
1211,Product_1211_0,clothing,168.05214184591944,341.57613907534505,archived,2024-06-22
1212,Product_1212_0,home,829.2537401342106,145.89901885989147,inactive,2024-03-17
1213,Product_1213_0,electronics,751.4186341563704,36.48632434193892,archived,2024-05-01
1214,Product_1214_0,books,498.8470831570657,178.34646805656504,archived,2024-12-03
1215,Product_1215_0,books,365.3900854432619,463.15313293726877,pending,2024-05-21
1216,Product_1216_0,books,386.3804646291499,99.78678604038083,archived,2024-10-11
1217,Product_1217_0,electronics,359.62745372580326,445.1585685715553,inactive,2024-08-12
1218,Product_1218_0,home,649.8075040225157,88.10117144717145,active,2024-11-23
1219,Product_1219_0,home,605.962454546421,193.8163260696929,archived,2024-09-10
1220,Product_1220_0,sports,439.0751992228591,160.70860641508457,active,2024-04-13
1221,Product_1221_0,home,82.04576631265289,425.21121270257527,active,2024-07-10
1222,Product_1222_0,electronics,127.06689003674724,280.4967938266452,active,2024-02-18
1223,Product_1223_0,electronics,718.1196707639714,201.4510734391833,archived,2024-11-24
1224,Product_1224_0,home,6.760073671251166,435.7992081355458,pending,2024-02-20
1225,Product_1225_0,books,930.3298248283986,117.61882061916768,pending,2024-01-09
1226,Product_1226_0,books,361.67995326824473,356.3301840832667,pending,2024-05-19
1227,Product_1227_0,clothing,908.0337931539619,200.70324087961012,inactive,2024-09-04
1228,Product_1228_0,books,446.8221166118557,11.84056050411041,inactive,2024-11-20
1229,Product_1229_0,clothing,601.1183688276979,94.63241787655465,pending,2024-06-18
1230,Product_1230_0,electronics,260.84839939318965,164.1505363933073,inactive,2024-03-26
1231,Product_1231_0,electronics,27.701917023342773,328.8220011921843,archived,2024-01-24
1232,Product_1232_0,electronics,1.1574294853061837,328.5573790165964,pending,2024-05-08
1233,Product_1233_0,electronics,339.30555716803616,277.0542830573948,archived,2024-05-16
1234,Product_1234_0,sports,155.39583976075,233.59579429827969,pending,2024-07-14
1235,Product_1235_0,electronics,987.0187570828252,91.96292182673258,inactive,2024-10-02
1236,Product_1236_0,books,190.89488472691076,39.09386088634524,active,2024-11-05
1237,Product_1237_0,electronics,298.7441532162742,174.00035723295412,pending,2024-06-17
1238,Product_1238_0,books,87.07459202204289,407.1076055622885,inactive,2024-06-20
1239,Product_1239_0,home,487.4026176081665,129.2783135223924,active,2024-04-27
1240,Product_1240_0,electronics,489.96836529510483,311.4186290357531,archived,2024-02-02
1241,Product_1241_0,books,831.7864668108027,14.651670328391596,active,2024-06-04
1242,Product_1242_0,clothing,824.3384508769242,227.2735418073838,pending,2024-10-14
1243,Product_1243_0,home,680.2176637922295,409.2648117449088,inactive,2024-04-27
1244,Product_1244_0,books,821.9795796874118,95.97635025525176,pending,2024-10-28
1245,Product_1245_0,books,306.1779234274813,208.05737570662072,active,2024-02-11
1246,Product_1246_0,electronics,607.5077721942248,412.50836567409596,pending,2024-09-11
1247,Product_1247_0,home,16.68375724245081,105.6040117206415,inactive,2024-02-26
1248,Product_1248_0,home,508.95673033017255,277.4380514359586,archived,2024-07-27
1249,Product_1249_0,clothing,690.0016026515791,110.66994777344827,archived,2024-11-16
1250,Product_1250_0,clothing,915.0081239090191,492.5046086072517,archived,2024-08-27
1251,Product_1251_0,home,847.9383950364227,162.2626386740746,inactive,2024-06-01
1252,Product_1252_0,clothing,620.774642231968,20.89241864900019,active,2024-09-18
1253,Product_1253_0,books,828.6892635747151,231.18929332278472,inactive,2024-12-11
1254,Product_1254_0,home,109.93736727204038,436.7319050171815,archived,2024-12-13
1255,Product_1255_0,sports,478.89619826429566,74.52517711736566,archived,2024-09-18
1256,Product_1256_0,electronics,478.40015123105286,446.06623949040545,pending,2024-08-23
1257,Product_1257_0,books,714.1894814991798,162.69884126445695,inactive,2024-11-26
1258,Product_1258_0,clothing,928.4849985408226,331.68859947828514,inactive,2024-08-06
1259,Product_1259_0,electronics,216.57211269574088,499.5348364075437,active,2024-05-16
1260,Product_1260_0,electronics,98.12214333343827,348.24557146621765,archived,2024-06-03
1261,Product_1261_0,sports,237.19960056660878,67.23233085730692,archived,2024-03-09
1262,Product_1262_0,sports,715.0299336938148,415.02017847586325,active,2024-04-04
1263,Product_1263_0,home,279.83940321220564,44.929820214699966,archived,2024-06-23
1264,Product_1264_0,home,57.24893245616202,159.16689303610838,pending,2024-04-06
1265,Product_1265_0,sports,74.11554721934365,492.8038194538189,active,2024-06-02
1266,Product_1266_0,sports,489.1881914412446,57.08327997806986,active,2024-04-05
1267,Product_1267_0,sports,181.18322995374984,180.376052143115,inactive,2024-09-05
1268,Product_1268_0,electronics,236.3476609061845,155.99614264879628,pending,2024-05-11
1269,Product_1269_0,books,395.8691696553383,329.5396792057807,archived,2024-03-09
1270,Product_1270_0,sports,71.61251430187254,220.14974476721446,active,2024-02-17
1271,Product_1271_0,books,590.9154028602968,95.76038213255002,archived,2024-08-12
1272,Product_1272_0,home,34.96978517293459,51.746464991592006,inactive,2024-03-18
1273,Product_1273_0,books,697.5159447190141,182.79907491711847,inactive,2024-01-22
1274,Product_1274_0,sports,847.7396222547294,74.15177090814042,pending,2024-11-19
1275,Product_1275_0,sports,119.05312850833697,498.19466136221564,active,2024-09-22
1276,Product_1276_0,sports,352.66558176488536,114.59271119610393,archived,2024-01-20
1277,Product_1277_0,electronics,661.4785208913775,36.67320406416661,pending,2024-01-03
1278,Product_1278_0,sports,405.84697507756067,43.18309635223353,active,2024-02-11
1279,Product_1279_0,electronics,168.78270464476685,201.46723603811134,archived,2024-09-04
1280,Product_1280_0,sports,934.6296739714935,44.12517593165904,active,2024-04-19
1281,Product_1281_0,electronics,283.0363887460575,152.76837479507088,active,2024-10-25
1282,Product_1282_0,home,323.7220046448739,392.55997203596314,active,2024-05-24
1283,Product_1283_0,home,258.0581723277885,317.5363445033695,active,2024-08-24
1284,Product_1284_0,clothing,44.70526583249838,47.01455760968715,archived,2024-08-14
1285,Product_1285_0,books,97.8544447943107,109.98654507900356,archived,2024-09-25
1286,Product_1286_0,clothing,158.86271708856597,234.5356158842283,active,2024-08-03
1287,Product_1287_0,clothing,513.2119973055667,201.19854548248895,inactive,2024-01-13
1288,Product_1288_0,home,495.3083162593859,170.52101438132163,active,2024-03-13
1289,Product_1289_0,clothing,846.0565297385223,78.67168045753627,inactive,2024-01-12
1290,Product_1290_0,books,674.5224770457681,425.5237755691082,active,2024-10-24
1291,Product_1291_0,clothing,52.81305420167226,174.81124214429747,archived,2024-12-13
1292,Product_1292_0,books,847.8833996812641,137.16747647172727,archived,2024-02-14
1293,Product_1293_0,clothing,956.8211337500568,285.8669977035933,inactive,2024-05-13
1294,Product_1294_0,books,765.9511751516901,449.5622394772937,inactive,2024-03-12
1295,Product_1295_0,electronics,529.7838324605142,35.51768237364638,archived,2024-04-13
1296,Product_1296_0,sports,448.4504686193988,462.52134130604577,active,2024-02-21
1297,Product_1297_0,sports,429.0965851549867,75.42558897183721,pending,2024-02-28
1298,Product_1298_0,books,902.564003614705,79.80856176861214,active,2024-10-18
1299,Product_1299_0,electronics,310.2396567770856,232.76989157003138,pending,2024-08-04
1300,Product_1300_0,sports,118.1589119514223,301.5937469042129,inactive,2024-05-16
1301,Product_1301_0,electronics,194.53032642700893,409.49119775447036,archived,2024-09-15
1302,Product_1302_0,home,32.899317332139105,369.91827514829606,pending,2024-07-08
1303,Product_1303_0,electronics,732.0144233427096,364.0305172531946,active,2024-03-07
1304,Product_1304_0,electronics,65.98004289287931,252.90021266149358,archived,2024-04-22
1305,Product_1305_0,books,594.2027002520308,98.26166290830304,active,2024-12-24
1306,Product_1306_0,clothing,742.665700046457,356.10131830576495,active,2024-07-13
1307,Product_1307_0,sports,491.83701396965625,206.89582069481145,pending,2024-09-15
1308,Product_1308_0,electronics,554.6087153368227,233.77105048357376,archived,2024-06-26
1309,Product_1309_0,sports,684.3221108624368,346.23468570669894,archived,2024-09-25
1310,Product_1310_0,electronics,563.364210121153,28.811198924558155,pending,2024-12-07
1311,Product_1311_0,books,832.9709605160923,458.14182608152174,inactive,2024-02-19
1312,Product_1312_0,electronics,85.48525408483295,329.19062673532534,inactive,2024-04-24
1313,Product_1313_0,electronics,843.7717580077485,236.86195762421303,archived,2024-02-01
1314,Product_1314_0,home,89.89269202477928,362.1936051959048,pending,2024-09-16
1315,Product_1315_0,electronics,968.0898608026783,377.50444959182124,active,2024-09-07
1316,Product_1316_0,books,164.61778925251534,480.51020287314844,archived,2024-08-14
1317,Product_1317_0,clothing,904.5926453130477,440.4821038201285,archived,2024-10-13
1318,Product_1318_0,home,387.7637324723195,462.53861939785025,pending,2024-07-14
1319,Product_1319_0,clothing,544.751167066176,125.76072040841244,inactive,2024-06-20
1320,Product_1320_0,clothing,654.0345127206114,305.30157085406773,inactive,2024-10-02
1321,Product_1321_0,books,840.323222468331,38.25956727719877,pending,2024-03-01
1322,Product_1322_0,electronics,574.2085318466756,210.35232249843892,active,2024-08-05
1323,Product_1323_0,home,9.017258414770973,263.5047807560509,pending,2024-09-03
1324,Product_1324_0,sports,508.17046371831043,485.7137698410158,archived,2024-10-15
1325,Product_1325_0,home,861.3149226375859,78.18153576453756,active,2024-06-22
1326,Product_1326_0,clothing,515.5010183525081,125.2864723567913,inactive,2024-12-27
1327,Product_1327_0,clothing,945.3654924760494,430.96926429248396,inactive,2024-12-21
1328,Product_1328_0,electronics,640.3947949199479,267.94898427917525,active,2024-01-25
1329,Product_1329_0,home,318.07019016180664,488.5504656033637,inactive,2024-12-04
1330,Product_1330_0,home,205.2500232224269,225.41984078527855,active,2024-07-26
1331,Product_1331_0,electronics,248.62136828437949,202.81185236647917,active,2024-09-14
1332,Product_1332_0,sports,28.974641270800362,227.975064361551,inactive,2024-02-09
1333,Product_1333_0,books,931.7920612793687,439.8425824978271,archived,2024-07-21
1334,Product_1334_0,electronics,111.78246127820073,98.08037183061626,active,2024-04-08
1335,Product_1335_0,sports,48.89499002396284,41.676552385114306,pending,2024-05-15
1336,Product_1336_0,home,840.4139337274812,59.559249957124024,active,2024-01-16
1337,Product_1337_0,books,203.32046264081046,267.99990613246337,pending,2024-01-17
1338,Product_1338_0,electronics,252.2498454232135,172.193032535057,pending,2024-05-27
1339,Product_1339_0,electronics,496.3908160941455,102.65829123046925,pending,2024-08-26
1340,Product_1340_0,sports,490.0494261635946,265.3463148732304,archived,2024-06-07
1341,Product_1341_0,electronics,827.2719816595064,45.039763333662336,active,2024-02-16
1342,Product_1342_0,clothing,360.73512024405335,428.53955008512054,active,2024-03-16
1343,Product_1343_0,sports,745.3498150729732,230.45011072665108,active,2024-03-21
1344,Product_1344_0,sports,7.515215608994643,333.752211894649,archived,2024-09-19
1345,Product_1345_0,electronics,691.7093518669636,189.76755436994523,pending,2024-09-10
1346,Product_1346_0,sports,494.91952780666503,240.44956876946043,archived,2024-07-08
1347,Product_1347_0,home,639.0256304602473,435.1100221682159,pending,2024-12-15
1348,Product_1348_0,home,567.6155512315107,473.0915804854414,active,2024-09-02
1349,Product_1349_0,books,557.5553386212435,123.66775472957538,active,2024-12-18
1350,Product_1350_0,clothing,673.7769918915488,44.407801520837765,archived,2024-01-20
1351,Product_1351_0,clothing,88.84331409454396,446.2395491639505,pending,2024-02-05
1352,Product_1352_0,books,563.2965097728849,175.09557406369098,active,2024-07-17
1353,Product_1353_0,books,958.2784677988385,238.8546858565092,inactive,2024-09-04
1354,Product_1354_0,sports,277.19622508680203,201.444457415219,inactive,2024-02-04
1355,Product_1355_0,electronics,14.626784768591936,165.11361323217855,pending,2024-05-17
1356,Product_1356_0,clothing,341.7829438148957,381.4740028131804,active,2024-01-03
1357,Product_1357_0,sports,187.31498712072536,273.1093382736479,inactive,2024-12-24
1358,Product_1358_0,electronics,515.3586655987851,216.60706006033777,inactive,2024-05-03
1359,Product_1359_0,sports,144.42262470040734,367.93943591356623,inactive,2024-02-28
1360,Product_1360_0,clothing,214.65505181589802,337.0791924615404,archived,2024-08-16
1361,Product_1361_0,electronics,992.1825797873787,448.6899738912656,pending,2024-10-05
1362,Product_1362_0,books,97.56790747087753,354.36204345514193,active,2024-09-06
1363,Product_1363_0,home,855.7784255181002,437.28932751401766,inactive,2024-06-07
1364,Product_1364_0,home,693.8393384674115,443.91017675758377,pending,2024-08-23
1365,Product_1365_0,home,428.69252985008444,35.100681925112504,pending,2024-03-18
1366,Product_1366_0,books,468.7219164578723,131.38540568189447,active,2024-10-21
1367,Product_1367_0,home,102.60811343952166,190.37959667087213,archived,2024-05-28
1368,Product_1368_0,electronics,829.8018195238849,161.8928232735788,pending,2024-12-15
1369,Product_1369_0,sports,466.15891549785033,249.9305946997806,pending,2024-08-21
1370,Product_1370_0,clothing,138.08155932304788,88.89870453787869,pending,2024-03-27
1371,Product_1371_0,books,410.77739091646396,161.7285055746552,inactive,2024-06-06
1372,Product_1372_0,clothing,629.0874335854389,56.03562985971923,archived,2024-10-16
1373,Product_1373_0,home,129.48128566707217,470.58152195667265,pending,2024-05-09
1374,Product_1374_0,clothing,323.2999825010666,369.5956544307657,inactive,2024-06-21
1375,Product_1375_0,clothing,586.139732701562,272.91677559290326,pending,2024-01-19
1376,Product_1376_0,electronics,888.0964967093681,378.2298101458409,archived,2024-02-20
1377,Product_1377_0,sports,821.2212349864812,285.417170579216,active,2024-02-28
1378,Product_1378_0,books,553.0466590639362,256.61715775380725,pending,2024-12-13
1379,Product_1379_0,home,756.2581346438063,238.44184766519314,inactive,2024-03-24
1380,Product_1380_0,sports,813.2008226671724,335.58535069445946,active,2024-09-19
1381,Product_1381_0,sports,32.48294267744731,96.15545477105658,archived,2024-04-27
1382,Product_1382_0,electronics,338.050939855089,85.00930234437946,pending,2024-07-23
1383,Product_1383_0,home,146.94285017101097,471.5189595578812,pending,2024-07-17
1384,Product_1384_0,sports,801.5059812874304,109.05093870537861,inactive,2024-11-05
1385,Product_1385_0,books,429.8125915858674,281.76372387256436,active,2024-02-15
1386,Product_1386_0,electronics,338.74632185886446,205.3488264853898,active,2024-11-17
1387,Product_1387_0,sports,143.50370388293425,214.6664040428074,archived,2024-06-24
1388,Product_1388_0,books,388.9567606442263,310.7473737611488,active,2024-04-22
1389,Product_1389_0,electronics,656.8091149646301,135.05339605981226,pending,2024-10-28
1390,Product_1390_0,clothing,769.223340517457,448.1637568171434,pending,2024-02-07
1391,Product_1391_0,sports,776.4778035710508,306.6840085507687,pending,2024-03-08
1392,Product_1392_0,sports,725.8302324382142,90.48468214043608,active,2024-09-24
1393,Product_1393_0,clothing,458.6421965089342,443.31880646764404,pending,2024-03-01
1394,Product_1394_0,electronics,911.625517493566,295.31192941453855,archived,2024-05-02
1395,Product_1395_0,sports,925.1831638166785,10.849286605764867,archived,2024-11-19
1396,Product_1396_0,sports,545.0832193080564,413.5384638345681,archived,2024-03-25
1397,Product_1397_0,electronics,993.4561439384847,488.6820330447925,active,2024-03-20
1398,Product_1398_0,clothing,507.5903374676276,121.54297776543083,pending,2024-10-24
1399,Product_1399_0,clothing,47.42875386132017,168.36468241999538,active,2024-04-18
1400,Product_1400_0,books,539.5184900693909,381.6042549553337,inactive,2024-03-15
1401,Product_1401_0,sports,868.3238195050889,340.4081164700263,inactive,2024-04-09
1402,Product_1402_0,sports,169.2264568515862,426.6942665057592,archived,2024-09-14
1403,Product_1403_0,clothing,720.561283220594,152.81436599569602,inactive,2024-08-01
1404,Product_1404_0,books,394.9750520168126,52.910249731683834,active,2024-12-22
1405,Product_1405_0,clothing,600.685090017727,382.9326000291533,active,2024-12-12
1406,Product_1406_0,books,939.030100382295,89.44302992572527,pending,2024-07-05
1407,Product_1407_0,sports,822.1816768520636,390.18095588409585,inactive,2024-01-25
1408,Product_1408_0,sports,780.7834812655944,477.6044437619299,active,2024-11-24
1409,Product_1409_0,books,19.652532879936878,338.3811259909746,active,2024-01-25
1410,Product_1410_0,home,105.67783740520464,12.817403843249528,active,2024-03-08
1411,Product_1411_0,clothing,872.725444267352,330.8655998637573,archived,2024-06-13
1412,Product_1412_0,clothing,218.33564355396334,26.88546105637478,archived,2024-09-11
1413,Product_1413_0,home,540.7918563565928,23.995369825868273,active,2024-05-10
1414,Product_1414_0,sports,875.5202610320221,250.11988666107908,active,2024-06-19
1415,Product_1415_0,clothing,394.7441547415477,47.64238731187914,inactive,2024-11-02
1416,Product_1416_0,books,495.2282139679102,159.95350241411876,inactive,2024-07-12
1417,Product_1417_0,electronics,219.11380279376627,267.23573883211293,active,2024-01-04
1418,Product_1418_0,home,84.99203819026017,429.70248885157014,pending,2024-08-26
1419,Product_1419_0,books,124.89062124325073,209.61230142608343,inactive,2024-10-03
1420,Product_1420_0,home,287.34982601396536,221.08099172531155,active,2024-11-23
1421,Product_1421_0,books,386.72987741135404,312.39213585153794,pending,2024-02-03
1422,Product_1422_0,clothing,598.3353056887844,480.437203832935,inactive,2024-01-21
1423,Product_1423_0,home,964.2573197777745,121.41413651198002,pending,2024-10-20
1424,Product_1424_0,clothing,86.76181951790886,160.86548792568016,archived,2024-05-25
1425,Product_1425_0,sports,913.6062167570825,347.91979004914117,active,2024-08-19
1426,Product_1426_0,sports,472.8102297627817,382.6884092660056,inactive,2024-07-07
1427,Product_1427_0,books,115.72698028349541,499.8414335425693,pending,2024-03-20
1428,Product_1428_0,clothing,62.884093880646454,115.34382608039873,pending,2024-07-08
1429,Product_1429_0,books,889.4570901542306,399.9904216047704,active,2024-06-25
1430,Product_1430_0,clothing,161.29757710177924,364.0131742616368,inactive,2024-07-22
1431,Product_1431_0,sports,310.72709616675695,75.12987613137108,archived,2024-11-07
1432,Product_1432_0,sports,205.8515668044144,274.2063448604266,active,2024-07-20
1433,Product_1433_0,sports,999.8398545544644,282.2592950616395,active,2024-11-21
1434,Product_1434_0,sports,15.179738631942898,389.6486055034191,active,2024-03-07
1435,Product_1435_0,sports,607.388209349326,19.77159609399596,inactive,2024-02-13
1436,Product_1436_0,electronics,547.0449639410837,322.3131164156351,pending,2024-03-18
1437,Product_1437_0,clothing,370.516212106567,102.97654773333791,pending,2024-12-07
1438,Product_1438_0,clothing,449.81770464884147,474.44558929068063,archived,2024-08-20
1439,Product_1439_0,books,684.7827415713514,450.31237557759283,archived,2024-05-27
1440,Product_1440_0,clothing,870.7251496792671,190.06015050091258,pending,2024-11-24
1441,Product_1441_0,books,93.94571313457658,379.1188768553915,archived,2024-02-18
1442,Product_1442_0,electronics,699.9156436337789,238.3153292917152,pending,2024-11-20
1443,Product_1443_0,electronics,3.413855676027914,470.265060892555,active,2024-11-25
1444,Product_1444_0,clothing,589.5325594361275,296.1500885212152,archived,2024-10-08
1445,Product_1445_0,home,167.26852190490513,466.4826035155801,active,2024-02-13
1446,Product_1446_0,sports,10.996578551129245,36.34736561969069,active,2024-11-17
1447,Product_1447_0,books,684.9636445480342,68.91815476386647,active,2024-08-17
1448,Product_1448_0,sports,113.61510301695122,100.50269894726378,active,2024-09-18
1449,Product_1449_0,sports,621.7116992762903,222.00832620984616,pending,2024-06-06
1450,Product_1450_0,sports,523.9718612667027,267.22447035404974,inactive,2024-11-15
1451,Product_1451_0,sports,802.8224978342903,404.61935775273867,inactive,2024-01-07
1452,Product_1452_0,sports,13.473955837193458,327.2886983030938,archived,2024-10-08
1453,Product_1453_0,clothing,964.9049938247323,260.71432973596313,pending,2024-02-17
1454,Product_1454_0,books,775.5074701823976,338.8781661518089,active,2024-03-06
1455,Product_1455_0,books,561.2937474850976,276.1849709426706,pending,2024-02-09
1456,Product_1456_0,sports,838.8272683049802,213.8257836400058,active,2024-02-25
1457,Product_1457_0,books,329.0681786637113,31.317689736411413,inactive,2024-12-18
1458,Product_1458_0,electronics,255.32324812749135,172.20383517944015,archived,2024-02-11
1459,Product_1459_0,electronics,68.44971398852843,352.5322736563024,inactive,2024-01-09
1460,Product_1460_0,books,905.0633384295924,450.615304817108,inactive,2024-09-16
1461,Product_1461_0,clothing,246.01968830560736,316.2527697469776,inactive,2024-06-09
1462,Product_1462_0,home,209.75285611644912,292.7345474104121,archived,2024-06-11
1463,Product_1463_0,home,679.5725707013657,59.88947212136128,archived,2024-03-04
1464,Product_1464_0,home,644.2322916821922,416.6148984726949,active,2024-12-14
1465,Product_1465_0,books,352.57080581218264,160.32299284199686,archived,2024-04-22
1466,Product_1466_0,books,853.0580975667708,266.19739003250584,active,2024-03-08
1467,Product_1467_0,home,212.91564017962324,402.56780186666674,pending,2024-11-13
1468,Product_1468_0,home,559.7772736337521,167.598879273883,pending,2024-06-14
1469,Product_1469_0,electronics,835.132180106402,320.0686628354009,inactive,2024-11-23
1470,Product_1470_0,clothing,997.2494990943057,80.18667414815428,archived,2024-06-12
1471,Product_1471_0,sports,350.0402686341312,414.91209312930897,inactive,2024-04-25
1472,Product_1472_0,clothing,645.8070247486253,30.653238048972835,pending,2024-05-23
1473,Product_1473_0,electronics,67.92649367946282,467.8746902765184,pending,2024-04-16
1474,Product_1474_0,electronics,268.2056217945283,103.24260156638692,pending,2024-08-28
1475,Product_1475_0,clothing,297.66759480687057,93.2163139370032,pending,2024-07-19
1476,Product_1476_0,sports,618.7982980144213,383.70755492625256,pending,2024-08-17
1477,Product_1477_0,electronics,625.891295275881,278.6148499570791,archived,2024-02-23
1478,Product_1478_0,electronics,785.3355838697161,322.8715212072606,pending,2024-05-18
1479,Product_1479_0,sports,503.1377997039728,157.93914047939393,active,2024-07-19
1480,Product_1480_0,clothing,81.65767497095806,441.6223530255831,archived,2024-07-12
1481,Product_1481_0,home,240.26766473642337,477.9530885220487,archived,2024-12-12
1482,Product_1482_0,home,239.28544589701562,178.08990814563754,inactive,2024-07-06
1483,Product_1483_0,clothing,8.545785745873962,407.4640259006188,active,2024-05-21
1484,Product_1484_0,clothing,803.6784579438687,41.759567816942464,inactive,2024-10-25
1485,Product_1485_0,clothing,803.0156022706147,111.93818391424648,pending,2024-05-07
1486,Product_1486_0,sports,445.90521034540103,479.76421662303704,archived,2024-11-25
1487,Product_1487_0,clothing,86.03325955582989,53.80986807197176,active,2024-07-15
1488,Product_1488_0,books,954.7315050131768,268.52789530799885,inactive,2024-07-19
1489,Product_1489_0,books,430.65027874870015,62.075142987900364,archived,2024-04-14
1490,Product_1490_0,home,504.01972883025115,288.8626935044565,pending,2024-03-26
1491,Product_1491_0,sports,328.8656422419181,11.924787221066854,pending,2024-08-02
1492,Product_1492_0,electronics,24.45155137660291,407.071819088145,archived,2024-06-15
1493,Product_1493_0,sports,416.8877127792139,127.61559559431248,active,2024-04-28
1494,Product_1494_0,books,725.9280751848675,125.31385143302175,inactive,2024-09-10
1495,Product_1495_0,books,428.9466153958121,331.56893768991665,inactive,2024-09-21
1496,Product_1496_0,electronics,378.2228465986831,169.91065408561732,active,2024-02-13
1497,Product_1497_0,books,108.62055386499244,256.95106761091927,archived,2024-05-15
1498,Product_1498_0,clothing,806.7648998606181,13.624351312057094,pending,2024-08-01
1499,Product_1499_0,sports,525.3026246547499,45.266553088720386,active,2024-03-27
1500,Product_1500_0,electronics,245.67712114348697,286.8226576913916,archived,2024-03-20
1501,Product_1501_0,clothing,141.56156708424106,88.2950959794626,inactive,2024-08-03
1502,Product_1502_0,electronics,295.80060283711754,158.715875048384,pending,2024-09-12
1503,Product_1503_0,books,650.214272840197,97.59653114588757,pending,2024-05-19
1504,Product_1504_0,sports,535.3882122218323,340.6098290855524,pending,2024-01-09
1505,Product_1505_0,books,258.2619993658891,156.70257834914727,pending,2024-04-15
1506,Product_1506_0,books,183.1281511232597,336.9237432144336,pending,2024-02-10
1507,Product_1507_0,books,59.41472416706991,43.18293272376703,active,2024-11-19
1508,Product_1508_0,electronics,490.70732693335367,54.93380033252283,pending,2024-11-22
1509,Product_1509_0,books,193.7051233163292,486.5002329303684,active,2024-10-06
1510,Product_1510_0,books,745.7815599972428,197.2256365373526,archived,2024-04-11
1511,Product_1511_0,clothing,53.895441976036686,495.51588211418704,pending,2024-10-07
1512,Product_1512_0,books,26.721617714358874,289.4827698755853,active,2024-07-27
1513,Product_1513_0,books,109.74223125390728,247.21506051743094,active,2024-09-07
1514,Product_1514_0,clothing,8.641920707441123,218.35529014334372,inactive,2024-04-11
1515,Product_1515_0,books,552.3551598982564,231.59045742134828,pending,2024-10-06
1516,Product_1516_0,books,498.4949339147044,263.53871642635636,archived,2024-09-27
1517,Product_1517_0,electronics,526.9882791715709,122.00130215979021,archived,2024-02-13
1518,Product_1518_0,books,42.44632280655438,384.5502864451316,pending,2024-11-11
1519,Product_1519_0,home,54.023611848308484,131.15032509522524,archived,2024-08-16
1520,Product_1520_0,sports,410.29968764906243,155.11159326567886,archived,2024-12-01
1521,Product_1521_0,clothing,107.61621028889401,432.5542473272224,pending,2024-07-04
1522,Product_1522_0,electronics,670.0131283642851,486.8374651053436,active,2024-10-26
1523,Product_1523_0,electronics,386.1090318230742,117.50577553068888,pending,2024-12-02
1524,Product_1524_0,books,949.9825344840118,205.84921032511073,active,2024-02-12
1525,Product_1525_0,clothing,530.5812025498815,310.4809515030782,inactive,2024-05-14
1526,Product_1526_0,sports,640.5165536181952,262.14734782457634,active,2024-04-14
1527,Product_1527_0,electronics,214.7725959023919,112.41694741161226,inactive,2024-05-19
1528,Product_1528_0,sports,834.3321508362155,108.01679897249132,pending,2024-07-15
1529,Product_1529_0,clothing,989.9657106985632,107.61977868734084,archived,2024-06-19
1530,Product_1530_0,clothing,195.71742383149757,118.0936989394862,archived,2024-01-17
1531,Product_1531_0,clothing,266.26381865953334,55.47800568506459,inactive,2024-06-18
1532,Product_1532_0,clothing,573.749288380085,265.50114398792505,pending,2024-06-25
1533,Product_1533_0,electronics,583.1107130284953,340.8883809028115,pending,2024-12-23
1534,Product_1534_0,clothing,912.1430627154883,143.12143045564494,inactive,2024-04-02
1535,Product_1535_0,sports,714.8368943455456,244.22115821437924,archived,2024-12-08
1536,Product_1536_0,electronics,660.6353911072991,12.347838743324962,archived,2024-09-17
1537,Product_1537_0,sports,335.38917690338593,210.5963028325297,active,2024-04-18
1538,Product_1538_0,clothing,77.5352702584788,271.93462095857893,inactive,2024-10-24
1539,Product_1539_0,sports,350.78056185894104,274.5936385750942,pending,2024-05-21
1540,Product_1540_0,clothing,825.1852734702409,307.2912862319066,active,2024-12-22
1541,Product_1541_0,books,63.721554249444864,15.76070188076157,inactive,2024-08-28
1542,Product_1542_0,home,265.05642255129396,60.0925798234235,active,2024-12-26
1543,Product_1543_0,electronics,232.59636726852904,235.04020920701393,archived,2024-10-14
1544,Product_1544_0,books,524.490047980992,195.87993732859908,archived,2024-01-11
1545,Product_1545_0,home,303.0041745169852,186.86043937719023,active,2024-11-13
1546,Product_1546_0,home,6.152281085242944,41.90106119993672,pending,2024-10-03
1547,Product_1547_0,electronics,908.884242761817,200.4782723056575,pending,2024-10-02
1548,Product_1548_0,clothing,390.11032483043994,89.46564032593805,active,2024-08-16
1549,Product_1549_0,books,644.1403149251272,34.03637730040448,active,2024-09-23
1550,Product_1550_0,books,93.61352301030165,72.71578966494451,inactive,2024-07-11
1551,Product_1551_0,home,340.4243650179615,416.2808974409699,pending,2024-10-21
1552,Product_1552_0,clothing,229.53012339858796,391.86318502986256,archived,2024-07-12
1553,Product_1553_0,clothing,360.0182180629628,478.2262384525808,archived,2024-05-03
1554,Product_1554_0,home,515.5716717681447,214.6867804964303,archived,2024-04-03
1555,Product_1555_0,home,234.22319995505637,258.2124179512808,archived,2024-09-06
1556,Product_1556_0,electronics,980.2206478585573,455.0240143540858,pending,2024-12-13
1557,Product_1557_0,books,143.36429227111063,250.20765574988698,inactive,2024-07-05
1558,Product_1558_0,books,534.2919746378566,475.1813782796923,pending,2024-08-19
1559,Product_1559_0,home,81.59400836605342,253.97367453033235,inactive,2024-10-16
1560,Product_1560_0,books,857.0683673756987,254.45563922764447,inactive,2024-11-23
1561,Product_1561_0,electronics,910.2834552140083,400.88867224448853,pending,2024-01-27
1562,Product_1562_0,sports,27.656894336450232,168.4819494977962,active,2024-04-04
1563,Product_1563_0,home,917.9739218941575,25.947362295479145,pending,2024-10-06
1564,Product_1564_0,books,244.72744582347144,420.4493726411996,inactive,2024-09-26
1565,Product_1565_0,sports,285.616155668903,370.0055567455643,active,2024-07-18
1566,Product_1566_0,home,361.9889214096539,148.41058611287346,active,2024-09-11
1567,Product_1567_0,clothing,972.7170101951546,69.6182772250269,active,2024-09-21
1568,Product_1568_0,electronics,71.22095408782462,25.265913659628843,archived,2024-07-21
1569,Product_1569_0,electronics,845.2781316985294,133.55728109969897,active,2024-05-06
1570,Product_1570_0,sports,397.05824755063617,277.2015091244215,active,2024-02-24
1571,Product_1571_0,books,245.9379064497199,308.711431819309,pending,2024-07-04
1572,Product_1572_0,clothing,73.6362171485773,233.1924604474209,archived,2024-02-02
1573,Product_1573_0,electronics,342.83527351247864,470.8541367965926,archived,2024-09-11
1574,Product_1574_0,clothing,586.037990540226,273.9236498035185,inactive,2024-11-15
1575,Product_1575_0,electronics,541.2709273081949,305.0915434283524,archived,2024-02-02
1576,Product_1576_0,electronics,881.1251901400874,196.7357312299205,active,2024-05-22
1577,Product_1577_0,books,327.21982487816877,29.52539892350047,active,2024-01-16
1578,Product_1578_0,sports,49.140273720459746,137.1448540120257,active,2024-01-17
1579,Product_1579_0,electronics,526.1643156445573,92.86955483316744,active,2024-09-11
1580,Product_1580_0,books,38.384665054049584,57.00076279431313,archived,2024-11-10
1581,Product_1581_0,clothing,626.0163262718753,218.10257330654932,inactive,2024-08-08
1582,Product_1582_0,home,33.2779120829652,395.39197557525546,pending,2024-07-22
1583,Product_1583_0,sports,124.11143971439931,142.3291291132167,inactive,2024-09-02
1584,Product_1584_0,sports,696.9887556175795,108.28030741446739,archived,2024-07-24
1585,Product_1585_0,electronics,423.67964213426484,111.52419342400638,inactive,2024-12-18
1586,Product_1586_0,clothing,571.5918382826643,290.6725639661028,pending,2024-08-01
1587,Product_1587_0,sports,29.38325866227855,238.95981400373327,active,2024-05-13
1588,Product_1588_0,electronics,983.3625072228978,334.10608591299183,archived,2024-08-24
1589,Product_1589_0,books,671.6191565661499,303.06629441609203,pending,2024-12-23
1590,Product_1590_0,home,376.80659876243135,333.6219241477487,archived,2024-06-16
1591,Product_1591_0,books,731.2073277371996,458.63698334942933,active,2024-03-13
1592,Product_1592_0,home,505.6892117257536,445.82034181711714,archived,2024-06-16
1593,Product_1593_0,clothing,977.5638995563115,331.86170985209554,archived,2024-12-13
1594,Product_1594_0,sports,356.739771958808,111.24962412132696,pending,2024-11-11
1595,Product_1595_0,sports,113.36981615905039,177.67892255294785,active,2024-05-07
1596,Product_1596_0,books,230.43298122706466,326.9483592606565,archived,2024-06-23
1597,Product_1597_0,electronics,177.22714801890967,372.551571590282,archived,2024-06-24
1598,Product_1598_0,home,867.5621073712852,164.73775403301167,archived,2024-10-13
1599,Product_1599_0,books,243.26621648349246,412.5779095670418,archived,2024-08-07
1600,Product_1600_0,home,465.80438641504736,417.78355592063747,inactive,2024-05-22
1601,Product_1601_0,sports,364.2156157819412,35.716378933691274,archived,2024-10-06
1602,Product_1602_0,clothing,965.2979221016298,307.31602397582105,active,2024-09-22
1603,Product_1603_0,clothing,10.695271827691284,226.83670762927207,active,2024-07-22
1604,Product_1604_0,clothing,67.3796386054115,355.6066643969307,archived,2024-08-04
1605,Product_1605_0,home,80.73804765185199,406.53999390786964,active,2024-08-25
1606,Product_1606_0,home,573.9137228668629,147.91803411467086,inactive,2024-11-11
1607,Product_1607_0,sports,727.3939411453538,148.67730960098868,archived,2024-06-20
1608,Product_1608_0,sports,1.0591372244769024,171.60424553231175,inactive,2024-03-27
1609,Product_1609_0,clothing,57.70911448533282,163.45091316083975,inactive,2024-05-28
1610,Product_1610_0,books,780.0737504195757,380.66238095204744,archived,2024-06-03
1611,Product_1611_0,books,564.4819225633225,235.41020693037288,active,2024-01-08
1612,Product_1612_0,clothing,741.3528142789669,287.1704420364437,pending,2024-05-27
1613,Product_1613_0,books,611.0583976416899,495.3198889125314,active,2024-05-16
1614,Product_1614_0,home,101.06325189202597,173.80868053943922,archived,2024-09-04
1615,Product_1615_0,home,966.1946380751466,200.7898577198238,inactive,2024-07-23
1616,Product_1616_0,books,312.0897516186671,27.42955785218532,active,2024-06-28
1617,Product_1617_0,home,209.77410336348464,166.5679623718302,archived,2024-07-09
1618,Product_1618_0,books,705.806132873299,186.2669818635691,archived,2024-11-13
1619,Product_1619_0,electronics,599.2483307333954,97.05740590268691,active,2024-11-18
1620,Product_1620_0,sports,74.06783950987163,81.83353120432021,inactive,2024-02-03
1621,Product_1621_0,clothing,101.76905472736603,58.51553423637753,active,2024-11-26
1622,Product_1622_0,electronics,753.4551235022253,355.36066435465943,active,2024-05-03
1623,Product_1623_0,clothing,873.8037483488853,348.3665970477873,active,2024-11-02
1624,Product_1624_0,home,636.0381459023636,203.00574511199684,archived,2024-01-12
1625,Product_1625_0,clothing,946.9772565381263,482.8423135499406,pending,2024-01-15
1626,Product_1626_0,books,875.671905119224,469.9106339366985,pending,2024-11-20
1627,Product_1627_0,books,772.9116501002115,296.65537058100784,inactive,2024-09-03
1628,Product_1628_0,sports,280.7415936601223,290.54913478085604,active,2024-10-24
1629,Product_1629_0,books,958.7425091075693,381.7255121794684,archived,2024-12-26
1630,Product_1630_0,sports,863.7670217668788,263.98370844708325,pending,2024-12-02
1631,Product_1631_0,clothing,585.8348782278362,100.59440949602083,active,2024-12-01
1632,Product_1632_0,clothing,430.50951608929887,479.3267174786209,active,2024-11-24
1633,Product_1633_0,sports,24.76447758727974,405.8107155423996,archived,2024-06-19
1634,Product_1634_0,sports,232.8936883522308,498.0406324879827,active,2024-08-13
1635,Product_1635_0,electronics,67.48655747365937,277.9534942546927,archived,2024-08-04
1636,Product_1636_0,clothing,566.3105267341531,147.99781572911817,archived,2024-05-23
1637,Product_1637_0,sports,436.3047702768568,149.8394562022182,archived,2024-11-05
1638,Product_1638_0,home,257.7994164416029,83.92282321413319,inactive,2024-03-18
1639,Product_1639_0,home,684.8218451101219,74.66872492806988,pending,2024-11-19
1640,Product_1640_0,books,613.2928447855716,286.05086217908257,archived,2024-10-02
1641,Product_1641_0,sports,535.751936692975,29.237094322096638,active,2024-10-08
1642,Product_1642_0,sports,456.85680090296563,174.60527298292942,active,2024-07-20
1643,Product_1643_0,sports,717.2671852491471,77.03425479505077,active,2024-08-23
1644,Product_1644_0,sports,870.88365568712,309.1887622100246,pending,2024-11-24
1645,Product_1645_0,books,500.9304398954487,405.73874744157956,archived,2024-10-18
1646,Product_1646_0,electronics,991.6693641623559,354.88264535211897,inactive,2024-02-28
1647,Product_1647_0,clothing,731.2247089633861,355.506938372409,inactive,2024-03-03
1648,Product_1648_0,electronics,822.435357114752,455.1419268027982,archived,2024-04-28
1649,Product_1649_0,electronics,125.78186185287237,416.81482120551004,inactive,2024-11-08
1650,Product_1650_0,electronics,272.6366086032165,392.86248537010556,inactive,2024-07-24
1651,Product_1651_0,clothing,495.3866244296929,415.67196371042627,inactive,2024-03-20
1652,Product_1652_0,clothing,155.10302131660967,377.359804454418,inactive,2024-11-28
1653,Product_1653_0,books,143.02951112143518,282.7506352520309,inactive,2024-06-21
1654,Product_1654_0,home,381.7899030901014,16.74492786206314,inactive,2024-09-13
1655,Product_1655_0,electronics,527.2086058375178,351.2835001127438,archived,2024-12-21
1656,Product_1656_0,books,399.5562127098628,326.57713083376365,pending,2024-06-09
1657,Product_1657_0,home,317.18760750458375,153.8170919498027,pending,2024-09-06
1658,Product_1658_0,electronics,321.8272833425799,442.18116698423114,inactive,2024-12-09
1659,Product_1659_0,clothing,411.5937170984491,54.26682740964599,pending,2024-12-15
1660,Product_1660_0,clothing,172.05223607708726,245.16559263182987,inactive,2024-05-16
1661,Product_1661_0,clothing,736.575707167554,199.42821542421547,archived,2024-06-03
1662,Product_1662_0,books,434.32628711869086,223.84397744847178,inactive,2024-01-05
1663,Product_1663_0,clothing,260.5802091460694,472.89765013274825,inactive,2024-02-06
1664,Product_1664_0,clothing,982.2598990615913,94.19472242491028,archived,2024-09-14
1665,Product_1665_0,home,919.6750385787092,364.2748593898201,active,2024-05-27
1666,Product_1666_0,sports,874.2523865137215,235.28570574608403,archived,2024-05-23
1667,Product_1667_0,books,912.321074170651,480.2470136622216,archived,2024-05-23
1668,Product_1668_0,home,944.2542059061475,391.4707383531917,inactive,2024-01-02
1669,Product_1669_0,sports,895.7442482027093,181.5790827854629,pending,2024-09-25
1670,Product_1670_0,books,729.1962238345942,465.4276983123544,pending,2024-07-24
1671,Product_1671_0,clothing,234.77893547060108,125.55664491461981,archived,2024-07-21
1672,Product_1672_0,home,134.73245257597668,345.3697348387091,pending,2024-04-17
1673,Product_1673_0,clothing,682.4027705531793,197.10240873053868,inactive,2024-02-16
1674,Product_1674_0,sports,848.0694768382591,425.3840532907169,inactive,2024-11-28
1675,Product_1675_0,sports,60.53058341350475,336.5529546371197,active,2024-07-14
1676,Product_1676_0,sports,3.9659187534497318,251.67674153955247,inactive,2024-10-07
1677,Product_1677_0,books,438.20054041460213,450.0357972301947,archived,2024-03-12
1678,Product_1678_0,sports,600.5980161231619,461.2647090800594,active,2024-06-13
1679,Product_1679_0,books,667.6623361129668,372.2132974649304,active,2024-06-24
1680,Product_1680_0,home,107.33103860735235,76.03145021457127,active,2024-08-10
1681,Product_1681_0,home,565.8804346296841,286.3383949952789,inactive,2024-09-09
1682,Product_1682_0,home,765.7768347650559,461.2309239204017,inactive,2024-07-16
1683,Product_1683_0,sports,285.66822702480306,193.5915738077392,inactive,2024-11-05
1684,Product_1684_0,clothing,234.19147232683784,485.1327139629415,pending,2024-08-02
1685,Product_1685_0,electronics,883.0492623140976,410.50286105880997,pending,2024-11-09
1686,Product_1686_0,home,86.95363032809988,56.831339878778074,inactive,2024-07-01
1687,Product_1687_0,books,83.31854119238912,264.3016909984941,archived,2024-12-04
1688,Product_1688_0,electronics,737.6228354889131,364.2631889986757,pending,2024-04-26
1689,Product_1689_0,clothing,983.7311506930489,392.3903338599535,pending,2024-10-20
1690,Product_1690_0,clothing,976.3757136333912,129.3236922787405,archived,2024-10-15
1691,Product_1691_0,sports,399.3610589441668,271.57966759949676,pending,2024-04-03
1692,Product_1692_0,books,982.142334469384,17.299207210971197,pending,2024-12-24
1693,Product_1693_0,books,49.52957219155094,50.05578318493406,active,2024-01-10
1694,Product_1694_0,sports,560.4561219847269,431.52844062514254,pending,2024-05-04
1695,Product_1695_0,sports,835.7942906087319,251.56681892418172,pending,2024-10-10
1696,Product_1696_0,clothing,117.14861709512873,356.15397611327876,active,2024-04-06
1697,Product_1697_0,home,902.0356642940616,249.59068499353887,inactive,2024-06-07
1698,Product_1698_0,sports,257.97275036533665,413.78332438127086,archived,2024-02-01
1699,Product_1699_0,sports,947.1767270602902,285.56476903321624,archived,2024-04-20
1700,Product_1700_0,books,256.1801198953148,235.5875621038024,pending,2024-10-18
1701,Product_1701_0,electronics,488.5300896978315,255.82648212978557,inactive,2024-05-08
1702,Product_1702_0,electronics,758.7238809786231,276.4588134061568,pending,2024-07-25
1703,Product_1703_0,sports,860.7490314218736,35.07255521638962,pending,2024-08-03
1704,Product_1704_0,clothing,187.66846971468863,371.5028140686677,pending,2024-09-17
1705,Product_1705_0,electronics,75.24374710636785,51.7033661075725,active,2024-01-13
1706,Product_1706_0,books,962.1368202298564,444.1878751576585,archived,2024-09-06
1707,Product_1707_0,electronics,29.001356713513307,210.96453320179148,active,2024-07-15
1708,Product_1708_0,sports,346.2984128286629,332.0025775280445,active,2024-01-03
1709,Product_1709_0,clothing,382.7743660301631,138.64284289818474,active,2024-01-15
1710,Product_1710_0,books,560.8572312658142,416.15128685645266,archived,2024-11-13
1711,Product_1711_0,electronics,734.9958003105083,165.92761024976102,inactive,2024-01-22
1712,Product_1712_0,clothing,432.5696300467125,25.212508346055543,inactive,2024-08-02
1713,Product_1713_0,books,55.23318369936669,160.90970285694934,inactive,2024-05-05
1714,Product_1714_0,home,193.85531487757171,467.02617293742713,pending,2024-12-24
1715,Product_1715_0,clothing,642.4163023064569,447.05807746720654,inactive,2024-07-20
1716,Product_1716_0,clothing,147.16606793976035,308.6425581188665,pending,2024-12-16
1717,Product_1717_0,clothing,570.8753236928536,46.66998902154995,archived,2024-12-18
1718,Product_1718_0,books,493.6239174340481,175.05220391834027,active,2024-05-25
1719,Product_1719_0,sports,380.1788212811599,275.61438992615706,pending,2024-04-17
1720,Product_1720_0,books,324.1441165778699,55.80251216481452,archived,2024-03-17
1721,Product_1721_0,books,445.4624688341662,484.3874318908232,active,2024-05-09
1722,Product_1722_0,books,48.094871084850354,389.222274289188,pending,2024-10-22
1723,Product_1723_0,clothing,993.7342884245627,469.33265464867924,archived,2024-06-01
1724,Product_1724_0,sports,940.9684630715411,251.6498854823004,inactive,2024-06-07
1725,Product_1725_0,sports,567.5796120760507,60.47714044229254,archived,2024-01-27
1726,Product_1726_0,clothing,535.0916783673249,176.99884936771306,active,2024-05-02
1727,Product_1727_0,electronics,83.2910893016839,99.60256249570925,pending,2024-05-23
1728,Product_1728_0,clothing,777.5258026335362,313.7128662271475,inactive,2024-08-22
1729,Product_1729_0,clothing,247.47188011885905,352.0016496509075,archived,2024-02-11
1730,Product_1730_0,electronics,998.1333414983008,459.0657570464677,inactive,2024-12-22
1731,Product_1731_0,clothing,926.1668407368217,279.7533071984381,inactive,2024-06-04
1732,Product_1732_0,sports,278.0280720790033,486.1700807119853,inactive,2024-05-27
1733,Product_1733_0,electronics,678.1492131893356,213.79762461042796,pending,2024-04-22
1734,Product_1734_0,home,197.46016369044827,433.62318743427255,inactive,2024-07-04
1735,Product_1735_0,books,933.7266217620875,359.57656574673484,inactive,2024-03-13
1736,Product_1736_0,clothing,523.2367919141827,122.04780600273938,inactive,2024-02-04
1737,Product_1737_0,home,405.10853362848826,197.02799597826936,pending,2024-02-27
1738,Product_1738_0,clothing,933.529786431217,89.35742325745372,inactive,2024-06-02
1739,Product_1739_0,electronics,677.5992901975739,40.90137175183028,pending,2024-05-21
1740,Product_1740_0,books,898.9733042890197,303.0838765974523,inactive,2024-12-25
1741,Product_1741_0,electronics,931.7162968110465,451.2583263321071,active,2024-12-11
1742,Product_1742_0,books,986.907797815675,453.27243611807035,pending,2024-12-07
1743,Product_1743_0,clothing,906.7128922827953,278.9338545437305,archived,2024-08-19
1744,Product_1744_0,sports,810.5709911956886,404.5944458045796,pending,2024-06-06
1745,Product_1745_0,books,443.63327277926163,417.1330049328768,inactive,2024-05-17
1746,Product_1746_0,home,759.7137058892152,357.0045938799353,active,2024-01-11
1747,Product_1747_0,books,623.6344745280157,280.90280434297165,archived,2024-04-03
1748,Product_1748_0,books,280.57924904633296,197.91151339012367,active,2024-09-13
1749,Product_1749_0,clothing,373.349499822547,43.54626311148354,archived,2024-03-21
1750,Product_1750_0,sports,774.3146743171853,300.1090227720221,inactive,2024-02-18
1751,Product_1751_0,sports,675.1748280831171,337.4201736367911,inactive,2024-03-19
1752,Product_1752_0,sports,48.44041523813754,93.01905327739915,inactive,2024-11-06
1753,Product_1753_0,electronics,74.55138744249129,253.86354186028726,active,2024-02-18
1754,Product_1754_0,home,752.027609657015,271.07999244238044,pending,2024-08-17
1755,Product_1755_0,electronics,305.45932800793946,130.7279063116031,pending,2024-11-23
1756,Product_1756_0,clothing,229.99812279297635,187.30060507358385,active,2024-07-24
1757,Product_1757_0,home,544.5275147672418,315.1429327127027,active,2024-02-24
1758,Product_1758_0,home,276.12314161170883,482.65772129535884,pending,2024-07-01
1759,Product_1759_0,sports,102.7873979620078,210.0367215676894,active,2024-02-12
1760,Product_1760_0,books,424.440959082143,425.0882655337165,inactive,2024-06-20
1761,Product_1761_0,home,518.0995157916508,332.6588139214209,pending,2024-12-27
1762,Product_1762_0,home,127.42204762313864,113.46870420463374,archived,2024-03-12
1763,Product_1763_0,sports,10.044920844737497,328.02833834617275,inactive,2024-04-06
1764,Product_1764_0,electronics,230.6788874681989,334.706720001893,pending,2024-04-17
1765,Product_1765_0,clothing,832.5044593225947,27.273180452999856,pending,2024-06-12
1766,Product_1766_0,clothing,827.3327941741693,341.1772137878474,pending,2024-07-09
1767,Product_1767_0,sports,628.669855152707,147.76355134284788,active,2024-07-21
1768,Product_1768_0,clothing,193.64423290087652,461.8211915825655,active,2024-03-28
1769,Product_1769_0,clothing,192.91791526531114,265.4196073654844,pending,2024-08-25
1770,Product_1770_0,books,379.9068299915587,160.79905337492713,pending,2024-02-02
1771,Product_1771_0,electronics,299.09534932332616,418.15838055457925,active,2024-04-15
1772,Product_1772_0,electronics,154.8045706632386,70.93570992753791,active,2024-01-08
1773,Product_1773_0,home,859.7465255896449,219.8994779929273,archived,2024-09-24
1774,Product_1774_0,clothing,823.2007816470096,13.483563853101163,pending,2024-04-21
1775,Product_1775_0,books,329.69229780469755,43.07720790978709,active,2024-12-16
1776,Product_1776_0,home,907.6922564187288,340.23818591429324,inactive,2024-09-03
1777,Product_1777_0,electronics,879.9998706761015,483.43008710267674,pending,2024-12-10
1778,Product_1778_0,books,338.41052053967184,223.05043730556585,archived,2024-01-08
1779,Product_1779_0,sports,158.6320603138682,405.3436837303912,inactive,2024-08-21
1780,Product_1780_0,books,493.14854280541374,426.55278802341377,active,2024-01-20
1781,Product_1781_0,books,269.89437669582,300.91863790506903,inactive,2024-10-26
1782,Product_1782_0,electronics,106.42192851475338,290.6580255673419,pending,2024-04-14
1783,Product_1783_0,clothing,591.5741555237154,419.23155796611576,archived,2024-01-22
1784,Product_1784_0,home,847.5802869147753,433.65811314356756,inactive,2024-11-05
1785,Product_1785_0,home,808.9552775507091,235.5193228360127,inactive,2024-03-01
1786,Product_1786_0,sports,978.7266088768029,341.2335544692582,pending,2024-04-27
1787,Product_1787_0,books,738.4797197647882,119.72470117035888,inactive,2024-06-01
1788,Product_1788_0,electronics,85.67484665594593,348.92592840918945,inactive,2024-10-26
1789,Product_1789_0,sports,769.7864764653038,368.9327074552412,active,2024-08-14
1790,Product_1790_0,books,652.6997237034225,302.1103312501676,active,2024-10-09
1791,Product_1791_0,electronics,666.1881735691262,465.8232061536897,inactive,2024-08-23
1792,Product_1792_0,books,321.9552240873895,162.59727553433962,inactive,2024-09-21
1793,Product_1793_0,electronics,422.8509748236535,452.90847366694896,active,2024-09-10
1794,Product_1794_0,home,158.8052724411096,240.13013266408117,active,2024-05-27
1795,Product_1795_0,electronics,939.6166311689213,18.967460361397606,inactive,2024-01-13
1796,Product_1796_0,books,634.1024113607577,401.7677636375171,inactive,2024-08-21
1797,Product_1797_0,books,154.81467664024004,118.36796870509662,pending,2024-07-01
1798,Product_1798_0,sports,661.446740547321,496.09009546064294,archived,2024-05-04
1799,Product_1799_0,sports,847.2834905245603,359.8284100859555,inactive,2024-04-01
1800,Product_1800_0,clothing,383.22428363843727,477.65241041451975,active,2024-05-07
1801,Product_1801_0,sports,15.259669185316987,318.2650917229896,active,2024-07-08
1802,Product_1802_0,home,242.1863325988663,20.736977422727893,pending,2024-08-21
1803,Product_1803_0,electronics,681.1485444919888,181.45409359234137,active,2024-05-21
1804,Product_1804_0,sports,312.7098858119867,466.3876146913668,pending,2024-11-11
1805,Product_1805_0,electronics,901.9925373452114,459.2425384907089,pending,2024-02-12
1806,Product_1806_0,books,317.3897206212244,117.12513324440116,pending,2024-05-02
1807,Product_1807_0,sports,967.2708610324939,134.2161631538178,archived,2024-10-14
1808,Product_1808_0,home,311.0286745848627,423.21893789346143,pending,2024-02-13
1809,Product_1809_0,books,462.83323107322934,131.95324439265056,active,2024-11-18
1810,Product_1810_0,home,580.7213540174455,203.01572102510204,active,2024-04-09
1811,Product_1811_0,electronics,293.4626818189038,29.602162623485103,pending,2024-05-23
1812,Product_1812_0,home,674.2677227041621,486.85921572466106,archived,2024-03-14
1813,Product_1813_0,home,936.8278528450638,301.72568472269523,active,2024-06-04
1814,Product_1814_0,clothing,138.36505584651152,162.59785704384316,pending,2024-11-25
1815,Product_1815_0,clothing,746.1685944193733,392.8696819007816,active,2024-09-25
1816,Product_1816_0,clothing,734.6508461943913,102.45783679704553,inactive,2024-01-18
1817,Product_1817_0,clothing,564.9491124546554,452.28564905601274,inactive,2024-12-25
1818,Product_1818_0,home,329.3261806673821,117.6805272401283,active,2024-05-28
1819,Product_1819_0,books,689.865834031421,331.24955096357024,pending,2024-08-10
1820,Product_1820_0,books,693.8257591736555,168.7878964087605,active,2024-06-19
1821,Product_1821_0,electronics,727.0930638546105,341.16199000582276,archived,2024-05-14
1822,Product_1822_0,clothing,514.1843810089774,370.14967211333266,active,2024-11-25
1823,Product_1823_0,clothing,917.387941490764,38.15163525570839,inactive,2024-11-01
1824,Product_1824_0,books,936.5156776184006,189.27512366894058,active,2024-02-11
1825,Product_1825_0,sports,18.10098206477071,418.49978251006394,active,2024-10-24
1826,Product_1826_0,books,53.94254004711551,430.4848323071087,active,2024-07-21
1827,Product_1827_0,clothing,337.9961539998131,465.35214976166355,active,2024-11-02
1828,Product_1828_0,clothing,448.91684202948244,391.93810066850574,pending,2024-09-25
1829,Product_1829_0,clothing,740.2838678731632,137.63791135399003,archived,2024-11-06
1830,Product_1830_0,sports,910.8852198290768,397.5070363843475,active,2024-08-08
1831,Product_1831_0,clothing,316.99373414821076,253.5501395646361,active,2024-06-19
1832,Product_1832_0,books,340.0581612825907,392.38295158584066,pending,2024-11-02
1833,Product_1833_0,sports,744.6060088340361,275.8116046074915,pending,2024-09-22
1834,Product_1834_0,clothing,817.7708750903016,45.53202288958252,archived,2024-04-03
1835,Product_1835_0,home,125.3699752131733,433.96900959101174,archived,2024-07-18
1836,Product_1836_0,clothing,426.8042181215852,175.34250415977277,inactive,2024-11-11
1837,Product_1837_0,books,881.6674085511703,270.7731401654079,pending,2024-06-25
1838,Product_1838_0,home,340.8086338302329,339.5243935787382,active,2024-05-14
1839,Product_1839_0,sports,137.99797755761594,287.96881466156776,inactive,2024-02-28
1840,Product_1840_0,sports,945.1019754872805,103.36333529992804,inactive,2024-12-06
1841,Product_1841_0,home,750.1391432152616,303.1517582271756,inactive,2024-11-16
1842,Product_1842_0,books,825.4080833876278,32.55016921770525,inactive,2024-10-12
1843,Product_1843_0,books,588.753731722237,445.9157208648324,archived,2024-02-03
1844,Product_1844_0,home,366.8855546369245,340.4399263884261,inactive,2024-11-06
1845,Product_1845_0,books,916.0784267587126,386.13784573871885,pending,2024-05-07
1846,Product_1846_0,clothing,62.52426685237835,405.238136639192,active,2024-09-20
1847,Product_1847_0,home,503.7836250278245,224.3052301646396,inactive,2024-10-07
1848,Product_1848_0,home,775.8061029280589,406.9188501988793,pending,2024-03-26
1849,Product_1849_0,books,568.0823649380717,21.771517467587195,active,2024-10-27
1850,Product_1850_0,sports,644.0975030768718,35.942499383636374,active,2024-12-09
1851,Product_1851_0,clothing,51.641902855423695,210.00314557825428,inactive,2024-09-04
1852,Product_1852_0,sports,122.0113628610281,222.56763274499662,archived,2024-10-27
1853,Product_1853_0,books,307.96933218216515,309.317960654417,pending,2024-06-13
1854,Product_1854_0,electronics,224.43099935401375,442.2622093769724,archived,2024-05-20
1855,Product_1855_0,electronics,639.4089794715966,465.9711617619259,pending,2024-02-07
1856,Product_1856_0,books,206.56059851166856,197.24090710537192,active,2024-06-14
1857,Product_1857_0,home,242.64532419520324,101.93137929484722,inactive,2024-05-11
1858,Product_1858_0,home,206.0146198917113,476.3691561875612,inactive,2024-02-28
1859,Product_1859_0,home,873.0182762012146,87.21451275706688,pending,2024-03-10
1860,Product_1860_0,home,802.3513897658474,13.123837571271572,archived,2024-06-08
1861,Product_1861_0,electronics,53.25138593316885,323.09219622654854,archived,2024-12-17
1862,Product_1862_0,electronics,235.58743304898485,339.5055229097295,archived,2024-02-04
1863,Product_1863_0,home,691.6780044018869,155.64017092276293,inactive,2024-05-12
1864,Product_1864_0,clothing,493.2200142873931,160.85497455233394,archived,2024-06-13
1865,Product_1865_0,home,399.213925720886,470.3527811651678,active,2024-05-26
1866,Product_1866_0,home,52.74386309766003,149.80150035194853,archived,2024-07-03
1867,Product_1867_0,home,71.39587031344573,84.09618210578843,archived,2024-01-27
1868,Product_1868_0,sports,571.5311335745199,138.31169665611253,inactive,2024-01-23
1869,Product_1869_0,sports,178.6782834918672,98.96364366801517,active,2024-05-04
1870,Product_1870_0,clothing,13.849014194838585,234.08576647299137,active,2024-04-09
1871,Product_1871_0,sports,546.0207299316545,122.41811686907994,active,2024-03-04
1872,Product_1872_0,clothing,661.8007076241397,330.72573471075003,inactive,2024-08-20
1873,Product_1873_0,electronics,464.8545642731843,287.9909698251038,archived,2024-12-19
1874,Product_1874_0,clothing,735.9829838396033,90.51580583696106,archived,2024-06-20
1875,Product_1875_0,books,757.0365587214252,463.5933569721787,pending,2024-07-22
1876,Product_1876_0,books,950.278726721721,287.9219219980004,inactive,2024-07-08
1877,Product_1877_0,home,970.2184916083293,316.86191463508396,pending,2024-09-12
1878,Product_1878_0,clothing,37.01019942085285,412.9704393574209,archived,2024-10-04
1879,Product_1879_0,sports,500.3097095344319,374.05961488142844,pending,2024-09-05
1880,Product_1880_0,books,588.1964632507418,458.8947809101095,inactive,2024-05-21
1881,Product_1881_0,books,11.295123490071898,473.0601463649256,active,2024-03-07
1882,Product_1882_0,sports,314.90210667828137,100.59543613910509,pending,2024-03-15
1883,Product_1883_0,clothing,5.939825877866103,308.01091376902895,pending,2024-08-06
1884,Product_1884_0,home,119.24537954334538,495.6071577837124,archived,2024-03-27
1885,Product_1885_0,electronics,519.7845923456867,264.9547305204517,archived,2024-11-01
1886,Product_1886_0,books,963.194151343066,322.2389558799409,inactive,2024-03-03
1887,Product_1887_0,books,777.9761669606713,407.47100404128145,pending,2024-07-03
1888,Product_1888_0,clothing,656.0395550039601,334.2753486126605,inactive,2024-02-28
1889,Product_1889_0,electronics,6.970380428174931,175.55785776165908,inactive,2024-05-14
1890,Product_1890_0,home,76.14091864185507,432.27500817622916,pending,2024-11-07
1891,Product_1891_0,clothing,759.8552037417604,111.56463018275335,archived,2024-02-01
1892,Product_1892_0,clothing,450.1109104853431,415.10814967172547,active,2024-10-05
1893,Product_1893_0,books,78.80010936875374,452.49869962350976,pending,2024-09-10
1894,Product_1894_0,clothing,595.2367805537299,441.72593694005707,active,2024-07-28
1895,Product_1895_0,sports,299.3269788792456,275.8368539537093,inactive,2024-07-02
1896,Product_1896_0,books,837.3752913353729,34.89110997076072,pending,2024-09-04
1897,Product_1897_0,clothing,530.4693135991997,465.2098201711281,inactive,2024-04-15
1898,Product_1898_0,sports,9.848481582831468,384.2395580187545,inactive,2024-08-10
1899,Product_1899_0,home,845.1860994823917,353.65546923557304,archived,2024-11-10
1900,Product_1900_0,home,560.1357366920731,213.56874987115657,inactive,2024-03-25
1901,Product_1901_0,sports,810.4360861404587,274.93722740810216,archived,2024-06-23
1902,Product_1902_0,electronics,949.8769734590917,450.4543647450114,inactive,2024-01-18
1903,Product_1903_0,home,193.21032070360997,76.66331038432926,inactive,2024-11-01
1904,Product_1904_0,home,674.7178732640581,367.7101797455166,active,2024-01-15
1905,Product_1905_0,home,230.89344009359303,33.60676094740023,active,2024-10-28
1906,Product_1906_0,electronics,675.3974405131897,287.3575211234221,active,2024-04-12
1907,Product_1907_0,clothing,227.748582994693,127.93794078279241,pending,2024-12-10
1908,Product_1908_0,sports,849.8526691783491,334.6384159980173,active,2024-09-14
1909,Product_1909_0,electronics,746.7172268376722,259.00508869752616,archived,2024-10-23
1910,Product_1910_0,electronics,519.2069228426361,393.7709991448775,pending,2024-01-21
1911,Product_1911_0,clothing,343.3579792666214,245.61295448479314,inactive,2024-10-17
1912,Product_1912_0,home,864.7273405519308,472.39960030665236,active,2024-05-25
1913,Product_1913_0,clothing,922.7227454970587,153.1785234816196,active,2024-07-09
1914,Product_1914_0,home,7.727436368161701,127.79147987346266,archived,2024-08-24
1915,Product_1915_0,books,874.2057791631415,325.30245893491775,active,2024-04-20
1916,Product_1916_0,books,191.07955064690645,140.8626555137496,archived,2024-09-01
1917,Product_1917_0,books,680.7583762720354,116.27884994992786,inactive,2024-06-27
1918,Product_1918_0,books,400.63348251393165,461.0404489831838,active,2024-10-05
1919,Product_1919_0,sports,278.1813366420723,351.3468066287026,pending,2024-10-23
1920,Product_1920_0,books,33.09103053898669,298.4354032680349,archived,2024-08-05
1921,Product_1921_0,electronics,406.3853704199452,88.13742510432914,archived,2024-06-17
1922,Product_1922_0,books,814.913770097754,355.871024511378,inactive,2024-10-13
1923,Product_1923_0,clothing,940.8765722464701,229.8430865949814,pending,2024-11-15
1924,Product_1924_0,books,955.547605631148,296.0894621082007,pending,2024-07-01
1925,Product_1925_0,books,23.912485286106502,65.72467304673182,archived,2024-05-03
1926,Product_1926_0,clothing,911.5940870630985,349.3782158900909,pending,2024-07-05
1927,Product_1927_0,clothing,789.2739178720736,141.07117376557594,pending,2024-05-24
1928,Product_1928_0,clothing,807.8733113561574,423.3971726585446,pending,2024-02-06
1929,Product_1929_0,sports,761.170200835259,166.07866711718253,archived,2024-01-05
1930,Product_1930_0,books,611.3552519124108,13.382702714236663,inactive,2024-04-08
1931,Product_1931_0,books,852.1556969617504,378.1249357938394,inactive,2024-11-13
1932,Product_1932_0,sports,569.3837915149575,466.90943933567775,pending,2024-09-02
1933,Product_1933_0,books,137.64877591206516,218.5486170277036,active,2024-03-01
1934,Product_1934_0,books,367.93437341397737,210.84290277241257,pending,2024-07-21
1935,Product_1935_0,home,10.769610006155457,107.38348372839489,archived,2024-02-27
1936,Product_1936_0,home,588.5723716154309,382.22298423573756,archived,2024-04-05
1937,Product_1937_0,clothing,102.50112224609553,413.40922825286503,pending,2024-10-07
1938,Product_1938_0,books,60.70148263050682,82.89919665481834,inactive,2024-03-25
1939,Product_1939_0,clothing,712.4289155756054,199.7595352025413,inactive,2024-11-26
1940,Product_1940_0,home,11.733776117826629,18.301920829198025,inactive,2024-03-27
1941,Product_1941_0,books,21.420004997324362,294.4805393635804,archived,2024-06-06
1942,Product_1942_0,clothing,154.73026996630347,491.6191022876502,pending,2024-05-09
1943,Product_1943_0,clothing,43.00685459282275,309.10151098012807,active,2024-01-03
1944,Product_1944_0,electronics,376.6222310672121,358.1132961361336,active,2024-02-06
1945,Product_1945_0,sports,389.60683163921993,355.1317939527998,active,2024-12-25
1946,Product_1946_0,books,46.896399925740745,71.89339763553923,pending,2024-08-22
1947,Product_1947_0,clothing,557.6835512861326,282.3126976345293,inactive,2024-07-04
1948,Product_1948_0,books,456.0517158861155,314.9375263044921,active,2024-10-03
1949,Product_1949_0,sports,483.1908003397923,84.50600724241163,inactive,2024-04-07
1950,Product_1950_0,home,74.44374533997683,285.6787837103219,active,2024-07-28
1951,Product_1951_0,electronics,410.54488797930713,357.43935198829575,inactive,2024-09-05
1952,Product_1952_0,clothing,689.7667828992086,215.24825991102378,active,2024-05-01
1953,Product_1953_0,sports,719.9657178253643,334.3182462539665,pending,2024-01-05
1954,Product_1954_0,home,936.7845215271309,380.3076769608224,active,2024-01-15
1955,Product_1955_0,sports,994.0495885914561,192.0207786236144,inactive,2024-06-28
1956,Product_1956_0,clothing,36.441306281683694,373.69531252004157,inactive,2024-09-10
1957,Product_1957_0,home,946.8362716564636,203.15857828330758,archived,2024-12-21
1958,Product_1958_0,sports,956.9698421390596,67.41942680277444,pending,2024-04-03
1959,Product_1959_0,clothing,715.2882641377382,476.10425352493536,inactive,2024-10-28
1960,Product_1960_0,clothing,671.5415973698895,444.3070785106059,active,2024-10-09
1961,Product_1961_0,electronics,39.86728518013059,258.0868555014242,pending,2024-06-23
1962,Product_1962_0,electronics,282.755581563357,381.79737787385795,pending,2024-02-28
1963,Product_1963_0,home,52.05341185038353,438.4619973365424,active,2024-01-21
1964,Product_1964_0,electronics,924.9813555150762,168.43083112846273,inactive,2024-04-19
1965,Product_1965_0,clothing,254.96994351724004,20.831331107361294,inactive,2024-09-28
1966,Product_1966_0,books,873.8413416413633,415.37836061474394,pending,2024-03-27
1967,Product_1967_0,sports,922.1638428802894,189.7114354156874,archived,2024-08-02
1968,Product_1968_0,clothing,555.6049460661442,209.4880953991038,active,2024-02-22
1969,Product_1969_0,home,47.809411670520745,421.4452530979526,active,2024-09-25
1970,Product_1970_0,clothing,648.3582721624786,407.3874329028537,active,2024-12-12
1971,Product_1971_0,sports,403.70529157682614,496.2178974317092,active,2024-05-27
1972,Product_1972_0,home,266.2138416884786,30.776088395336004,inactive,2024-07-05
1973,Product_1973_0,books,26.622725428671394,352.1843125714571,active,2024-01-09
1974,Product_1974_0,clothing,663.0551802922599,41.12409648730807,inactive,2024-06-10
1975,Product_1975_0,electronics,21.89371804425856,437.542463003116,inactive,2024-10-14
1976,Product_1976_0,electronics,492.3816433059099,380.81725507104085,inactive,2024-09-24
1977,Product_1977_0,books,71.67145049548589,331.80216912254275,inactive,2024-01-02
1978,Product_1978_0,home,276.4828693047521,481.71516109928865,archived,2024-03-08
1979,Product_1979_0,electronics,810.1971204448064,26.638451622669685,active,2024-02-22
1980,Product_1980_0,books,116.77992217926142,468.62264633966515,archived,2024-02-22
1981,Product_1981_0,home,286.21064021897246,252.7715315543524,inactive,2024-11-24
1982,Product_1982_0,sports,849.7872420591816,208.04537667842015,inactive,2024-09-08
1983,Product_1983_0,sports,415.49560127300566,161.08544044784585,inactive,2024-01-27
1984,Product_1984_0,clothing,945.2421305766087,187.31108999046555,inactive,2024-07-10
1985,Product_1985_0,sports,252.53141621261784,30.76461873451002,pending,2024-09-09
1986,Product_1986_0,clothing,28.70029973456231,404.91543876819003,active,2024-08-13
1987,Product_1987_0,electronics,615.0387341088089,129.9201636383517,active,2024-06-14
1988,Product_1988_0,books,24.171818644593134,65.20036111428021,pending,2024-11-28
1989,Product_1989_0,clothing,1.832424846487635,105.62715831382454,active,2024-12-21
1990,Product_1990_0,electronics,274.07058908467195,442.60794988175,inactive,2024-11-18
1991,Product_1991_0,sports,537.473392516672,113.35230535344834,active,2024-11-09
1992,Product_1992_0,books,623.0961938539477,358.9446565042171,pending,2024-07-09
1993,Product_1993_0,home,573.1052077217964,308.23450179319985,archived,2024-01-26
1994,Product_1994_0,sports,280.62893052210194,290.07798169932954,archived,2024-01-07
1995,Product_1995_0,home,351.91341595564376,121.77718465084853,archived,2024-04-11
1996,Product_1996_0,books,886.552783745462,442.11640799739973,pending,2024-10-11
1997,Product_1997_0,books,136.40621928447766,139.49734454656243,archived,2024-10-24
1998,Product_1998_0,sports,378.62376121388365,388.97755355707267,archived,2024-04-25
1999,Product_1999_0,sports,603.8573767402211,57.31777216412829,pending,2024-05-24
2000,Product_2000_0,electronics,94.42102768912622,178.71527590344613,pending,2024-10-16
2001,Product_2001_0,clothing,825.6450870503843,262.4178924196904,pending,2024-07-01
2002,Product_2002_0,sports,517.6837602586239,285.9666240896012,inactive,2024-07-20
2003,Product_2003_0,clothing,327.644259852704,176.934392903744,pending,2024-09-14
2004,Product_2004_0,home,450.93093490289215,476.51402290479155,archived,2024-07-06
2005,Product_2005_0,home,804.2781909521826,230.32540115443382,inactive,2024-10-10
2006,Product_2006_0,books,634.9488798257227,151.02904307585732,active,2024-08-20
2007,Product_2007_0,home,921.466487325315,82.02238394676532,inactive,2024-07-09
2008,Product_2008_0,clothing,524.9474589719356,132.07806754084945,inactive,2024-03-22
2009,Product_2009_0,sports,651.8699213158576,468.8326958637197,active,2024-04-18
2010,Product_2010_0,electronics,410.45793395577317,28.107463952847137,inactive,2024-11-20
2011,Product_2011_0,clothing,353.8311699114233,177.26829304468154,active,2024-12-17
2012,Product_2012_0,sports,576.4953280478347,24.664607144407753,inactive,2024-02-26
2013,Product_2013_0,sports,102.90625725986017,49.283674987074875,archived,2024-10-08
2014,Product_2014_0,sports,175.70791397643575,412.5601177639928,active,2024-03-05
2015,Product_2015_0,electronics,785.48568098474,455.46995691571897,inactive,2024-10-20
2016,Product_2016_0,clothing,379.7282848580985,466.06415326791796,active,2024-07-25
2017,Product_2017_0,electronics,924.9107023414504,212.37240295164457,pending,2024-02-23
2018,Product_2018_0,books,575.0969874265962,183.97887429516376,pending,2024-02-19
2019,Product_2019_0,home,376.0268604536442,192.91468056647724,active,2024-03-18
2020,Product_2020_0,books,404.54479943968323,185.69855107447708,inactive,2024-06-25
2021,Product_2021_0,home,123.63673581799956,173.61805552794942,active,2024-06-08
2022,Product_2022_0,sports,728.329274296908,108.40337250348041,pending,2024-06-16
2023,Product_2023_0,books,921.387649215678,365.69537482948186,archived,2024-07-24
2024,Product_2024_0,clothing,469.84003988364816,397.5643372122789,active,2024-03-04
2025,Product_2025_0,sports,838.291885703244,182.5756247114069,active,2024-03-04
2026,Product_2026_0,sports,379.5095973343092,456.51978059552425,active,2024-02-25
2027,Product_2027_0,sports,192.64896864679258,269.7908889221644,archived,2024-01-04
2028,Product_2028_0,books,809.457573907615,128.82254128096298,archived,2024-03-11
2029,Product_2029_0,home,751.9434332158164,171.9841911023538,pending,2024-11-04
2030,Product_2030_0,sports,350.16273638794956,278.4747234326669,pending,2024-07-13
2031,Product_2031_0,books,695.9021659526114,13.459156101255287,archived,2024-12-26
2032,Product_2032_0,sports,332.08874699170957,30.841256530777233,pending,2024-10-16
2033,Product_2033_0,electronics,866.6082562852686,297.94327136771113,active,2024-05-20
2034,Product_2034_0,electronics,304.246766471124,435.06416027542133,active,2024-04-13
2035,Product_2035_0,books,215.02661213929284,201.8244834927876,inactive,2024-11-21
2036,Product_2036_0,clothing,474.7990140588377,384.71062104514533,archived,2024-09-22
2037,Product_2037_0,clothing,711.5615969215866,412.02600326715987,inactive,2024-12-15
2038,Product_2038_0,clothing,467.6160907146365,214.81004246645693,archived,2024-07-21
2039,Product_2039_0,clothing,984.4950972965734,105.13168427078197,inactive,2024-01-18
2040,Product_2040_0,sports,92.60935014996971,12.781279056513458,archived,2024-12-09
2041,Product_2041_0,electronics,717.94039413829,389.59301397715933,pending,2024-06-08
2042,Product_2042_0,sports,110.69158317128537,391.0744607326407,pending,2024-08-25
2043,Product_2043_0,electronics,669.6436946336485,296.70372446551255,inactive,2024-04-27
2044,Product_2044_0,home,600.7800875336598,95.01986812155741,pending,2024-06-07
2045,Product_2045_0,books,841.8895990910377,318.4062522405499,inactive,2024-12-08
2046,Product_2046_0,sports,371.6977998537347,462.0140149966632,archived,2024-03-04
2047,Product_2047_0,clothing,628.248853724823,342.3290235024579,active,2024-10-27
2048,Product_2048_0,electronics,760.7739049828799,167.8966382516174,active,2024-12-28
2049,Product_2049_0,books,799.0685055667441,278.1501978477976,inactive,2024-03-22
2050,Product_2050_0,sports,758.5807522003352,353.46028301148215,inactive,2024-05-24
2051,Product_2051_0,home,108.37946867771751,198.35157952406897,inactive,2024-09-12
2052,Product_2052_0,home,151.20485650309178,454.00867472606717,pending,2024-05-22
2053,Product_2053_0,sports,999.323171340147,41.53642184420811,pending,2024-01-03
2054,Product_2054_0,clothing,998.8775255332964,216.09668927310932,active,2024-07-22
2055,Product_2055_0,clothing,263.31712993916904,241.17131949045196,active,2024-06-15
2056,Product_2056_0,clothing,318.0147059746003,290.30845658521196,archived,2024-07-04
2057,Product_2057_0,home,66.71612184016533,477.9150791614796,inactive,2024-10-25
2058,Product_2058_0,electronics,218.62124638066305,327.855336592052,active,2024-08-07
2059,Product_2059_0,books,701.4763234946574,241.0838094980429,pending,2024-05-13
2060,Product_2060_0,sports,933.5870522436946,401.99693384287474,archived,2024-12-13
2061,Product_2061_0,books,77.32937268405055,13.959940504215613,pending,2024-03-12
2062,Product_2062_0,electronics,469.90932881396145,282.2739887333129,inactive,2024-04-06
2063,Product_2063_0,electronics,187.08147919104067,291.1598376734349,active,2024-11-24
2064,Product_2064_0,electronics,827.0577180413352,271.43718409817205,inactive,2024-09-25
2065,Product_2065_0,books,143.4208628033324,212.60417408261253,inactive,2024-05-01
2066,Product_2066_0,books,736.949386970764,408.71172200162096,archived,2024-08-09
2067,Product_2067_0,books,808.2427991178016,255.21127327942764,pending,2024-02-27
2068,Product_2068_0,home,184.70782425423184,96.78188157855905,pending,2024-10-06
2069,Product_2069_0,sports,911.1307381604449,436.53246667977453,active,2024-11-09
2070,Product_2070_0,home,758.7964750538872,112.52585709099891,active,2024-01-18
2071,Product_2071_0,sports,276.7413279120525,66.05810289043437,inactive,2024-09-11
2072,Product_2072_0,sports,343.43415616112577,124.3771546696474,inactive,2024-09-02
2073,Product_2073_0,home,756.0704066549476,381.23919189620216,inactive,2024-08-16
2074,Product_2074_0,books,396.2811301011437,349.4539813982993,active,2024-09-19
2075,Product_2075_0,electronics,756.7355852166462,27.010489483875716,archived,2024-12-26
2076,Product_2076_0,home,328.6777794463304,207.7053847499614,archived,2024-02-28
2077,Product_2077_0,books,14.377931896369878,150.610564376052,active,2024-06-19
2078,Product_2078_0,sports,756.3705517937991,62.18083614971072,pending,2024-04-14
2079,Product_2079_0,home,550.1186873742328,499.67976493974385,active,2024-07-11
2080,Product_2080_0,books,617.2027324392776,226.401648465358,inactive,2024-12-02
2081,Product_2081_0,home,852.7438125724423,350.71493991184514,inactive,2024-03-18
2082,Product_2082_0,clothing,773.76530821748,272.07600566399265,pending,2024-10-19
2083,Product_2083_0,electronics,364.12990226462574,282.70409424920115,inactive,2024-01-05
2084,Product_2084_0,electronics,260.95572098778075,60.45206174892658,active,2024-04-18
2085,Product_2085_0,clothing,383.60052691628124,83.39266248002507,pending,2024-07-08
2086,Product_2086_0,electronics,124.94907064563782,265.82427426876325,active,2024-01-27
2087,Product_2087_0,home,804.9191989027566,335.66004961419753,inactive,2024-04-17
2088,Product_2088_0,sports,783.4801070590971,236.24033418602983,inactive,2024-06-08
2089,Product_2089_0,electronics,650.855171301163,167.1031583150707,active,2024-10-07
2090,Product_2090_0,clothing,227.87429052440152,232.01671317787293,inactive,2024-01-02
2091,Product_2091_0,books,331.4750694677845,311.0522323628478,pending,2024-06-28
2092,Product_2092_0,books,412.0635746575106,396.79737190724586,inactive,2024-08-06
2093,Product_2093_0,home,697.0723170118524,185.42004964128915,inactive,2024-09-27
2094,Product_2094_0,home,777.8757969062237,129.02978288467176,inactive,2024-10-02
2095,Product_2095_0,home,409.732266657982,207.81902955474098,archived,2024-06-01
2096,Product_2096_0,electronics,527.0719169847986,233.16114639617533,archived,2024-02-26
2097,Product_2097_0,home,862.7110951549557,398.1789106682946,pending,2024-01-07
2098,Product_2098_0,books,129.70623542214324,61.7621294092002,inactive,2024-02-28
2099,Product_2099_0,sports,992.7380747577728,327.29790197289316,active,2024-03-10
2100,Product_2100_0,home,321.4481437296141,273.9094730277493,pending,2024-04-13
2101,Product_2101_0,clothing,732.6954553534952,118.4805565457052,archived,2024-01-02
2102,Product_2102_0,home,978.6618898621933,350.36884370639933,pending,2024-10-04
2103,Product_2103_0,electronics,101.40358260732476,463.18181994698637,inactive,2024-11-09
2104,Product_2104_0,electronics,250.08983050412928,226.81203988436508,pending,2024-05-16
2105,Product_2105_0,books,187.918712055857,125.49774416795127,pending,2024-07-12
2106,Product_2106_0,sports,206.82036800055988,55.702833156549346,inactive,2024-03-24
2107,Product_2107_0,clothing,320.6810825740395,37.98220461376155,active,2024-05-20
2108,Product_2108_0,books,179.60004806974086,138.13855400529434,pending,2024-01-25
2109,Product_2109_0,electronics,904.5250096847309,200.63579366283219,pending,2024-07-03
2110,Product_2110_0,electronics,456.08192252692174,131.66155916803788,inactive,2024-11-11
2111,Product_2111_0,electronics,937.4342504093195,151.46547129476085,archived,2024-12-01
2112,Product_2112_0,clothing,587.2688500981637,136.98269332892772,inactive,2024-01-14
2113,Product_2113_0,books,678.4548383544868,71.75112032038172,pending,2024-06-04
2114,Product_2114_0,sports,795.5802856524273,239.11892315596518,pending,2024-04-09
2115,Product_2115_0,sports,345.10399117900096,185.2691505306917,pending,2024-08-08
2116,Product_2116_0,books,990.1577365251025,95.03255182697612,active,2024-08-17
2117,Product_2117_0,sports,506.41578917555114,247.51558940074892,inactive,2024-01-10
2118,Product_2118_0,books,783.9915387504761,125.23192226947576,pending,2024-10-03
2119,Product_2119_0,sports,353.4314931964123,32.56859125989891,inactive,2024-05-12
2120,Product_2120_0,electronics,913.5177959436525,31.035853251720006,active,2024-05-20
2121,Product_2121_0,electronics,905.2288923431706,79.45451412389798,inactive,2024-07-26
2122,Product_2122_0,electronics,181.17111628027888,338.92665045048693,pending,2024-12-01
2123,Product_2123_0,clothing,157.78971661049428,386.81059198694896,pending,2024-06-09
2124,Product_2124_0,home,121.64747089120773,212.38961982690162,inactive,2024-05-06
2125,Product_2125_0,sports,959.7988954077388,253.98290207204496,pending,2024-11-23
2126,Product_2126_0,home,79.95847764311978,330.1573270409872,active,2024-12-13
2127,Product_2127_0,electronics,941.7299374564716,54.24347744120883,pending,2024-10-10
2128,Product_2128_0,home,194.4309253325707,272.60153485538564,active,2024-10-27
2129,Product_2129_0,books,531.0638588282986,305.2227212926929,archived,2024-07-19
2130,Product_2130_0,clothing,955.2809458488485,44.58594536756283,archived,2024-05-26
2131,Product_2131_0,electronics,154.42990354156245,334.9052145313416,active,2024-03-19
2132,Product_2132_0,books,781.2603416432534,431.79223143315505,inactive,2024-05-01
2133,Product_2133_0,home,986.7359521434693,336.26855275544244,active,2024-12-25
2134,Product_2134_0,sports,814.887777887783,232.90888521535703,pending,2024-04-20
2135,Product_2135_0,clothing,317.899079651331,329.6816567234551,inactive,2024-11-01
2136,Product_2136_0,books,732.2340504846762,351.23390878472367,archived,2024-09-22
2137,Product_2137_0,home,701.7102197588815,467.60694383747204,pending,2024-12-22
2138,Product_2138_0,books,846.4602473789606,250.71749910549335,pending,2024-01-24
2139,Product_2139_0,electronics,175.84891497142794,430.7659782187058,archived,2024-02-26
2140,Product_2140_0,home,825.8855192502305,265.7470460093277,inactive,2024-08-02
2141,Product_2141_0,books,891.559003514425,457.91278517796366,active,2024-08-19
2142,Product_2142_0,clothing,216.4201744836774,479.11373188018524,active,2024-08-26
2143,Product_2143_0,electronics,565.1416371517056,203.46379433029173,pending,2024-09-12
2144,Product_2144_0,home,338.78483377191924,133.99722130876563,inactive,2024-05-07
2145,Product_2145_0,sports,799.7183238834434,46.71093726383892,pending,2024-03-15
2146,Product_2146_0,clothing,569.7209678783597,57.364232560499346,active,2024-06-15
2147,Product_2147_0,home,614.5870323678865,340.41130408165805,active,2024-07-20
2148,Product_2148_0,electronics,967.0688019831124,353.7251506643641,archived,2024-03-04
2149,Product_2149_0,electronics,797.2118873786901,152.17533748720157,pending,2024-01-09
2150,Product_2150_0,home,583.1170141671079,29.046787745512866,inactive,2024-11-28
2151,Product_2151_0,books,865.9163246574875,396.33680708615645,active,2024-08-15
2152,Product_2152_0,home,527.3440646170264,491.573457928382,active,2024-02-16
2153,Product_2153_0,sports,282.7319671960247,80.84894186102943,archived,2024-09-06
2154,Product_2154_0,home,60.74791900149166,344.14383980654065,pending,2024-11-16
2155,Product_2155_0,books,283.0106221219975,469.3178596467606,pending,2024-03-11
2156,Product_2156_0,clothing,839.158065624364,404.70068645402586,inactive,2024-07-10
2157,Product_2157_0,books,504.1503843501928,179.5414806891326,inactive,2024-08-02
2158,Product_2158_0,home,233.92853210606265,102.0391379241031,pending,2024-02-12
2159,Product_2159_0,electronics,364.9931124573156,344.55542287246567,active,2024-09-15
2160,Product_2160_0,home,600.9256465088661,148.29926062145455,archived,2024-11-11
2161,Product_2161_0,books,110.79275830562015,253.80922359713654,active,2024-11-23
2162,Product_2162_0,books,1.99032446519591,47.4157018942576,active,2024-05-28
2163,Product_2163_0,clothing,225.2048328196824,15.606352173450773,archived,2024-07-01
2164,Product_2164_0,home,762.4529249181774,458.7141402742215,active,2024-03-08
2165,Product_2165_0,books,356.3745070035571,463.22315505936155,archived,2024-12-16
2166,Product_2166_0,home,840.7098830595638,394.48844623632715,inactive,2024-11-19
2167,Product_2167_0,electronics,55.626883042857074,312.31444830626697,active,2024-08-19
2168,Product_2168_0,clothing,649.4317452694268,144.49296717886543,active,2024-01-17
2169,Product_2169_0,home,762.8367744573724,176.1091786553721,inactive,2024-08-28
2170,Product_2170_0,books,74.62459006088375,320.9398446972496,pending,2024-04-26
2171,Product_2171_0,electronics,33.054078299379206,155.27268589032514,pending,2024-03-12
2172,Product_2172_0,home,997.2435443056114,36.420814640615134,active,2024-05-05
2173,Product_2173_0,clothing,212.23491983509047,20.67730270320898,inactive,2024-04-13
2174,Product_2174_0,sports,681.8485652267861,49.391914209550265,archived,2024-01-15
2175,Product_2175_0,electronics,351.9400466667711,77.9817533881486,archived,2024-09-23
2176,Product_2176_0,electronics,911.2915028727832,367.1111875053143,active,2024-08-14
2177,Product_2177_0,clothing,96.66831160983374,332.08465078590143,archived,2024-10-01
2178,Product_2178_0,electronics,573.0147769069289,314.36801102280805,active,2024-09-24
2179,Product_2179_0,books,74.59350248558088,90.3570378440572,active,2024-04-12
2180,Product_2180_0,books,575.27761509365,236.44756980934505,archived,2024-10-25
2181,Product_2181_0,home,880.950133815755,69.71431795214028,archived,2024-06-13
2182,Product_2182_0,books,597.6643975766381,202.0521286640253,active,2024-01-11
2183,Product_2183_0,sports,248.77336610919653,274.91671957429725,pending,2024-10-03
2184,Product_2184_0,books,782.2545216716511,387.2888044808358,active,2024-04-16
2185,Product_2185_0,home,84.23663192132743,181.04832588058892,inactive,2024-06-22
2186,Product_2186_0,clothing,121.50853674712381,74.0315869073342,inactive,2024-05-09
2187,Product_2187_0,home,526.1367462142085,59.31947187006719,inactive,2024-03-06
2188,Product_2188_0,home,478.6254218590814,485.4978043582473,inactive,2024-06-02
2189,Product_2189_0,home,795.8297528555088,347.21888933948037,active,2024-04-04
2190,Product_2190_0,electronics,907.8743150811339,181.81420706326776,pending,2024-11-18
2191,Product_2191_0,home,382.9421589382679,320.6676291673387,pending,2024-05-12
2192,Product_2192_0,clothing,164.91398395298842,432.3822457489093,inactive,2024-12-17
2193,Product_2193_0,home,804.1952313097992,375.74069941891014,pending,2024-08-04
2194,Product_2194_0,clothing,780.6793579462299,495.94038080662233,pending,2024-01-04
2195,Product_2195_0,clothing,351.13531028511727,26.75675067462522,active,2024-08-10
2196,Product_2196_0,sports,22.559072718485027,438.8579950665458,active,2024-01-26
2197,Product_2197_0,electronics,663.0388539201163,32.80499431330865,pending,2024-11-10
2198,Product_2198_0,books,73.70124117234903,421.3350846854515,active,2024-08-11
2199,Product_2199_0,electronics,293.65625094228886,13.456870697029352,pending,2024-11-01
2200,Product_2200_0,electronics,312.94906571818757,243.7393477015875,inactive,2024-01-11
2201,Product_2201_0,clothing,633.1034653235106,482.09664885152654,active,2024-12-10
2202,Product_2202_0,home,528.5683125936451,235.91591803990545,inactive,2024-07-10
2203,Product_2203_0,clothing,264.0514602085359,239.28415686885762,inactive,2024-07-08
2204,Product_2204_0,electronics,411.6555973322328,417.0871600270467,active,2024-02-23
2205,Product_2205_0,clothing,407.0111781354865,221.61515256219943,inactive,2024-08-14
2206,Product_2206_0,books,845.892567538816,64.91624290258329,active,2024-09-07
2207,Product_2207_0,sports,468.9276555096404,39.64210927267622,active,2024-09-20
2208,Product_2208_0,sports,271.3074610021893,233.09219848130883,pending,2024-04-28
2209,Product_2209_0,sports,806.2778715781607,286.5852959915581,inactive,2024-08-06
2210,Product_2210_0,clothing,727.2776650667388,305.20964842793774,inactive,2024-12-03
2211,Product_2211_0,sports,195.2354097140877,490.5739919016436,archived,2024-05-11
2212,Product_2212_0,home,725.1032615440458,100.1198272677307,active,2024-06-14
2213,Product_2213_0,books,321.29197058446204,201.97691525795213,archived,2024-02-22
2214,Product_2214_0,sports,991.0323293283128,247.60355793205576,active,2024-07-02
2215,Product_2215_0,books,294.55423576244317,267.96387673087065,inactive,2024-10-17
2216,Product_2216_0,sports,481.75010203010686,443.54497603898847,archived,2024-06-14
2217,Product_2217_0,home,654.539906899484,326.74747706990496,active,2024-08-08
2218,Product_2218_0,home,601.4667413083746,130.04969996311587,inactive,2024-01-28
2219,Product_2219_0,clothing,863.8605353950405,56.69433419246183,pending,2024-04-02
2220,Product_2220_0,home,560.4495938798052,38.64950231624521,archived,2024-09-07
2221,Product_2221_0,electronics,134.45229454207436,54.9822775636706,pending,2024-09-08
2222,Product_2222_0,home,420.1702577533531,265.2011839061382,pending,2024-12-03
2223,Product_2223_0,clothing,34.48360766157324,276.1036561681783,archived,2024-01-16
2224,Product_2224_0,home,741.3196217967512,409.32395167267765,inactive,2024-04-21
2225,Product_2225_0,clothing,80.2641610532622,143.0242752237319,pending,2024-06-09
2226,Product_2226_0,books,333.0954309827199,78.8542008609659,active,2024-09-19
2227,Product_2227_0,sports,638.1349213727168,392.25567725668776,pending,2024-04-14
2228,Product_2228_0,books,952.754173075844,492.8765272683779,inactive,2024-08-05
2229,Product_2229_0,books,620.9492225100353,479.70354799103154,inactive,2024-12-24
2230,Product_2230_0,home,660.6170636472715,56.68209525702884,inactive,2024-09-12
2231,Product_2231_0,electronics,336.5406366975541,52.76746190003546,archived,2024-10-08
2232,Product_2232_0,sports,135.6052987412518,191.8135801137766,inactive,2024-07-19
2233,Product_2233_0,home,197.8544717673718,455.25551239363296,archived,2024-02-08
2234,Product_2234_0,sports,509.88699584152243,83.22913008683327,inactive,2024-09-26
2235,Product_2235_0,books,461.2428870935741,408.8224898517902,archived,2024-02-22
2236,Product_2236_0,sports,549.2258233130451,409.63375572173146,archived,2024-12-14
2237,Product_2237_0,electronics,308.66179463496326,93.7643525146253,inactive,2024-05-19
2238,Product_2238_0,books,424.42790339407424,419.2912760922618,pending,2024-11-15
2239,Product_2239_0,books,383.712537267625,308.5709435834919,pending,2024-06-16
2240,Product_2240_0,sports,773.3876332328273,363.5293701589575,inactive,2024-02-20
2241,Product_2241_0,books,49.35710750990913,186.17208761918434,pending,2024-05-10
2242,Product_2242_0,electronics,805.6159016564919,403.3667244022836,inactive,2024-01-19
2243,Product_2243_0,books,328.635659323488,98.56310112538402,inactive,2024-10-10
2244,Product_2244_0,books,395.3358044994546,237.6808507718531,archived,2024-07-05
2245,Product_2245_0,home,633.9974265244925,173.13651511581386,pending,2024-06-17
2246,Product_2246_0,books,482.20862326348663,133.4880321270756,archived,2024-12-16
2247,Product_2247_0,home,822.8952022838741,195.1103597464396,pending,2024-12-21
2248,Product_2248_0,books,931.5099979832515,88.98247240819306,archived,2024-12-16
2249,Product_2249_0,sports,606.103986400867,444.05607169347877,active,2024-04-12
2250,Product_2250_0,home,831.2091548083558,492.44119980892225,inactive,2024-06-05
2251,Product_2251_0,books,691.0119330684188,257.9220566273795,active,2024-01-17
2252,Product_2252_0,home,684.370665818378,286.09243096515974,pending,2024-08-07
2253,Product_2253_0,home,298.9002376378551,465.1625406305912,archived,2024-09-24
2254,Product_2254_0,electronics,789.0534555027353,465.22227025232394,archived,2024-11-07
2255,Product_2255_0,home,228.6634178438375,121.53341493645362,pending,2024-04-17
2256,Product_2256_0,electronics,509.07417291604435,333.46565093175593,archived,2024-09-14
2257,Product_2257_0,electronics,369.9706478472883,265.6558291945963,pending,2024-12-14
2258,Product_2258_0,sports,915.1330862238544,451.02924481894416,pending,2024-02-27
2259,Product_2259_0,books,911.6866701792604,103.41614676429987,archived,2024-12-18
2260,Product_2260_0,electronics,362.2974931361821,439.4920807951454,active,2024-12-21
2261,Product_2261_0,books,644.4295194414809,456.06325755014257,pending,2024-08-01
2262,Product_2262_0,electronics,22.39239201007425,293.5400928155475,inactive,2024-08-11
2263,Product_2263_0,electronics,10.68847794088552,477.43586042345953,active,2024-09-10
2264,Product_2264_0,sports,158.59218989963293,435.09835529687865,active,2024-12-24
2265,Product_2265_0,books,951.5060629966855,479.95987075419026,pending,2024-02-13
2266,Product_2266_0,home,671.0656389732384,386.88377030897925,pending,2024-12-24
2267,Product_2267_0,sports,585.5117265625292,63.9008003138472,pending,2024-10-17
2268,Product_2268_0,sports,299.81417931260347,82.91448882280106,active,2024-01-10
2269,Product_2269_0,sports,576.670734703885,248.18822354990897,pending,2024-05-20
2270,Product_2270_0,clothing,226.47193860954886,160.3604989471851,active,2024-07-26
2271,Product_2271_0,sports,87.89620492009163,401.72859337027256,inactive,2024-05-28
2272,Product_2272_0,clothing,599.9298245702778,279.4561801156574,archived,2024-05-25
2273,Product_2273_0,home,688.4027678247733,142.470549992692,archived,2024-02-05
2274,Product_2274_0,clothing,741.1296839979293,394.09264633935476,pending,2024-10-28
2275,Product_2275_0,books,296.342369704037,39.96671636022866,active,2024-09-13
2276,Product_2276_0,books,891.9879117020489,356.9974113954035,pending,2024-05-03
2277,Product_2277_0,clothing,519.3871946204608,304.17553615801074,archived,2024-05-11
2278,Product_2278_0,home,432.5229979478095,384.92285246541024,inactive,2024-07-06
2279,Product_2279_0,clothing,622.4101704501171,182.18847188296056,pending,2024-03-19
2280,Product_2280_0,home,200.59997539605305,441.3869896377578,active,2024-04-01
2281,Product_2281_0,books,712.5230023909618,402.23283033840204,pending,2024-03-01
2282,Product_2282_0,electronics,505.50407307630803,245.6326196237737,archived,2024-11-12
2283,Product_2283_0,sports,972.8546475441478,273.60793272091087,active,2024-11-05
2284,Product_2284_0,electronics,523.0194781690726,117.17861123044128,inactive,2024-09-12
2285,Product_2285_0,electronics,976.5548451562274,27.095537533527533,archived,2024-05-06
2286,Product_2286_0,electronics,986.7275521725151,340.88931952779404,pending,2024-02-04
2287,Product_2287_0,books,241.07684695157292,480.00498557104265,active,2024-08-15
2288,Product_2288_0,clothing,714.0128862615107,403.755766695423,pending,2024-10-25
2289,Product_2289_0,home,10.132038813101067,97.18602826996778,pending,2024-09-21
2290,Product_2290_0,books,870.5199268350907,251.95320814659075,pending,2024-02-20
2291,Product_2291_0,sports,17.957150402264908,36.593044504910495,archived,2024-11-10
2292,Product_2292_0,home,523.7845273275473,39.027860494359345,archived,2024-01-14
2293,Product_2293_0,sports,976.0909693943955,489.7702095004452,archived,2024-08-20
2294,Product_2294_0,clothing,38.83062864659933,287.4214720939176,pending,2024-10-16
2295,Product_2295_0,home,830.5898173571721,42.111063079471876,archived,2024-08-10
2296,Product_2296_0,home,983.6265151761844,408.51339347634314,pending,2024-03-05
2297,Product_2297_0,home,603.1001626172648,83.02402261004158,active,2024-03-11
2298,Product_2298_0,clothing,234.4990060538944,83.23459427926844,inactive,2024-04-12
2299,Product_2299_0,books,32.13154255132879,164.29905264456656,pending,2024-09-20
2300,Product_2300_0,sports,519.105079510873,170.63227594474643,archived,2024-11-10
2301,Product_2301_0,home,239.48544234721203,214.14111722414856,pending,2024-11-19
2302,Product_2302_0,electronics,104.04173675050507,466.1082728762213,inactive,2024-02-25
2303,Product_2303_0,home,856.1525060658323,188.4646368450381,pending,2024-07-06
2304,Product_2304_0,sports,231.71337287853888,303.38918998687933,archived,2024-05-05
2305,Product_2305_0,electronics,65.90024732034524,412.7353829556783,archived,2024-02-07
2306,Product_2306_0,home,584.7245241505234,229.55909433910415,inactive,2024-01-08
2307,Product_2307_0,sports,472.9382596188328,219.609700512353,pending,2024-06-01
2308,Product_2308_0,books,990.9199673288741,165.72620371206094,pending,2024-12-22
2309,Product_2309_0,electronics,76.51184316850023,90.18119158988296,active,2024-06-06
2310,Product_2310_0,clothing,516.878097216285,189.06500157934687,inactive,2024-08-21
2311,Product_2311_0,sports,363.11337494774205,492.1925948823136,inactive,2024-03-05
2312,Product_2312_0,sports,122.8500600743571,104.07664245159029,pending,2024-09-03
2313,Product_2313_0,books,33.28433918583053,114.98206007313173,pending,2024-12-14
2314,Product_2314_0,books,312.57614837253266,152.98485233250827,pending,2024-03-23
2315,Product_2315_0,books,319.51902939472063,212.7156583913224,pending,2024-04-26
2316,Product_2316_0,electronics,692.2731063923769,86.76511680448594,active,2024-06-26
2317,Product_2317_0,books,5.833170391386755,393.0204258548036,inactive,2024-04-24
2318,Product_2318_0,books,30.668292136359952,65.16738880560095,archived,2024-11-06
2319,Product_2319_0,sports,784.4640916261969,93.90618278589368,pending,2024-08-24
2320,Product_2320_0,books,794.9071214696203,63.67916426193947,inactive,2024-05-15
2321,Product_2321_0,sports,888.6592398338133,320.20894202660514,active,2024-01-17
2322,Product_2322_0,home,32.96613456801778,141.7660590391783,inactive,2024-02-15
2323,Product_2323_0,electronics,181.33292241997395,438.34736154332836,archived,2024-02-16
2324,Product_2324_0,electronics,113.42869057461509,194.44853268175362,archived,2024-08-16
2325,Product_2325_0,books,912.4065836859629,347.15473127451065,pending,2024-10-03
2326,Product_2326_0,sports,966.6645917716019,55.15978616325103,pending,2024-05-27
2327,Product_2327_0,clothing,386.97340162346524,319.93904353194364,active,2024-06-07
2328,Product_2328_0,clothing,901.8443730322816,396.01911917571255,active,2024-09-21
2329,Product_2329_0,electronics,343.30842323303466,267.33116310153275,inactive,2024-06-22
2330,Product_2330_0,electronics,135.60776618301375,100.25053193856549,pending,2024-08-14
2331,Product_2331_0,books,105.4198767830033,246.53774362401168,inactive,2024-02-02
2332,Product_2332_0,home,488.33466281606536,323.64738122937257,inactive,2024-06-21
2333,Product_2333_0,sports,33.93245986351406,28.820706069823093,pending,2024-12-25
2334,Product_2334_0,electronics,28.966937112938396,402.5701605455444,pending,2024-11-15
2335,Product_2335_0,clothing,581.8212529829783,220.19308471291907,inactive,2024-03-25
2336,Product_2336_0,sports,450.7601657401147,445.9549918806865,archived,2024-05-08
2337,Product_2337_0,electronics,680.3589325558364,187.83005641382323,inactive,2024-01-20
2338,Product_2338_0,clothing,590.966123476592,489.425529495333,inactive,2024-02-20
2339,Product_2339_0,books,926.4173757208863,236.87741312010567,active,2024-07-19
2340,Product_2340_0,electronics,254.21089630427645,80.7249339703631,active,2024-03-27
2341,Product_2341_0,home,688.1901064131515,108.0142199207459,inactive,2024-01-17
2342,Product_2342_0,home,623.4746115587136,27.82796182285019,archived,2024-09-28
2343,Product_2343_0,home,753.9163198524418,22.696664420311865,pending,2024-07-27
2344,Product_2344_0,books,845.7343056100265,298.95197651387303,active,2024-12-28
2345,Product_2345_0,clothing,249.52481633890986,155.2887415678206,inactive,2024-05-03
2346,Product_2346_0,sports,741.2760813752042,455.95034671491226,archived,2024-11-16
2347,Product_2347_0,home,805.7237676081608,410.28580558301985,inactive,2024-08-01
2348,Product_2348_0,books,734.527481917654,316.9942852081627,inactive,2024-08-19
2349,Product_2349_0,sports,252.0734703822224,156.57224541743844,active,2024-01-27
2350,Product_2350_0,home,516.370689339251,373.2474383366938,pending,2024-09-26
2351,Product_2351_0,books,7.264940477438792,309.8144555741692,archived,2024-07-19
2352,Product_2352_0,clothing,93.33935218891543,191.7718512238942,active,2024-02-27
2353,Product_2353_0,home,355.1043914218346,360.7980535430621,archived,2024-05-03
2354,Product_2354_0,sports,401.48777800002887,399.85818058680326,active,2024-10-28
2355,Product_2355_0,electronics,437.51692257935923,147.6983528445971,active,2024-10-04
2356,Product_2356_0,sports,486.1564288809368,133.86937877118808,active,2024-05-15
2357,Product_2357_0,home,794.2755907858042,431.10921096516836,active,2024-01-03
2358,Product_2358_0,sports,307.47858185897655,457.4306036288663,active,2024-08-01
2359,Product_2359_0,clothing,754.09387302212,87.32165009941089,active,2024-10-19
2360,Product_2360_0,sports,944.3347583889799,274.9518960521398,archived,2024-02-20
2361,Product_2361_0,electronics,518.938201808979,56.161860134188665,pending,2024-08-01
2362,Product_2362_0,home,854.1978407636549,306.90217294576115,active,2024-06-04
2363,Product_2363_0,books,552.5764964799737,271.24606094423376,pending,2024-07-26
2364,Product_2364_0,books,21.286645001678448,163.7580265754444,archived,2024-03-24
2365,Product_2365_0,books,8.78123305714527,477.4732445618574,archived,2024-11-22
2366,Product_2366_0,electronics,255.47033698587842,54.57270448711906,archived,2024-04-01
2367,Product_2367_0,books,384.428688304021,414.9107448771031,active,2024-06-16
2368,Product_2368_0,home,935.12815436081,55.15429255242541,inactive,2024-07-16
2369,Product_2369_0,electronics,15.155739758195715,415.5496490444476,active,2024-04-22
2370,Product_2370_0,home,510.2500599668651,174.81981829224785,active,2024-04-14
2371,Product_2371_0,clothing,259.35791943588833,159.1646039708984,active,2024-09-06
2372,Product_2372_0,books,468.2152163902197,109.46251299541292,archived,2024-10-04
2373,Product_2373_0,books,613.7252401778755,272.40745457996155,archived,2024-05-10
2374,Product_2374_0,sports,605.6906639334787,211.61410529295733,inactive,2024-05-16
2375,Product_2375_0,sports,910.7710076303712,33.277561398673356,archived,2024-12-01
2376,Product_2376_0,electronics,295.7566771154886,119.01754417948807,pending,2024-12-05
2377,Product_2377_0,electronics,996.3984081800435,144.15724878798065,inactive,2024-06-28
2378,Product_2378_0,clothing,822.4068115388039,407.8903587112173,archived,2024-04-01
2379,Product_2379_0,books,217.01810987777873,435.8788298699776,inactive,2024-07-06
2380,Product_2380_0,clothing,852.3857521732597,274.1991707367639,inactive,2024-09-16
2381,Product_2381_0,books,118.94673942246472,147.94171333363556,archived,2024-10-01
2382,Product_2382_0,home,307.1537310371944,39.36295113140133,archived,2024-03-15
2383,Product_2383_0,books,529.5501367076382,456.6812836555447,pending,2024-10-10
2384,Product_2384_0,home,228.03347213482596,351.50162986796386,active,2024-09-26
2385,Product_2385_0,home,904.0878208157478,146.45625848597757,archived,2024-06-26
2386,Product_2386_0,sports,633.0753591322888,461.17149260787136,inactive,2024-07-07
2387,Product_2387_0,home,840.5718709804183,207.68035421958652,archived,2024-11-14
2388,Product_2388_0,books,189.25998775950603,99.74851112523116,active,2024-12-15
2389,Product_2389_0,home,921.3855718019133,404.00875175670353,archived,2024-08-25
2390,Product_2390_0,clothing,105.95098919686366,363.0946774660012,active,2024-01-19
2391,Product_2391_0,books,514.6720000569629,246.3582238429991,active,2024-06-24
2392,Product_2392_0,books,776.2150377416664,33.819712801021545,inactive,2024-12-19
2393,Product_2393_0,electronics,922.2519217115688,368.7526397354452,active,2024-04-19
2394,Product_2394_0,sports,632.8704610707434,26.363897785026722,inactive,2024-09-20
2395,Product_2395_0,clothing,241.96817535234024,115.28997472974758,inactive,2024-08-09
2396,Product_2396_0,sports,946.5303291976928,390.74809454176216,active,2024-04-11
2397,Product_2397_0,electronics,905.6231284423302,48.00164951232968,active,2024-09-19
2398,Product_2398_0,clothing,584.5662120320706,449.29268551480385,pending,2024-07-15
2399,Product_2399_0,clothing,86.57888813035615,83.79014668012263,active,2024-06-13
2400,Product_2400_0,sports,859.715394629586,34.055642179889844,active,2024-02-18
2401,Product_2401_0,electronics,427.7223912627933,43.93330316433819,archived,2024-12-10
2402,Product_2402_0,home,80.42240675833058,421.64658362540155,archived,2024-08-25
2403,Product_2403_0,electronics,154.42768219521494,41.37880257494288,active,2024-08-17
2404,Product_2404_0,home,303.0750964983536,404.5105858292836,active,2024-07-23
2405,Product_2405_0,clothing,453.96057248693637,84.30925116911413,active,2024-05-03
2406,Product_2406_0,clothing,680.9113568072506,44.67759235390588,inactive,2024-01-02
2407,Product_2407_0,clothing,518.3982732710566,29.750116464423204,pending,2024-08-23
2408,Product_2408_0,sports,410.347563110052,143.79960243166647,inactive,2024-09-20
2409,Product_2409_0,electronics,981.3339455682151,354.25942348574085,active,2024-10-12
2410,Product_2410_0,electronics,799.703981252075,27.440614214219806,inactive,2024-09-15
2411,Product_2411_0,home,104.61987647793916,487.3123249257906,pending,2024-02-25
2412,Product_2412_0,home,846.0709049990393,73.87250389045107,pending,2024-02-02
2413,Product_2413_0,books,876.8661615320112,202.45105027592183,active,2024-04-09
2414,Product_2414_0,clothing,498.42014474149823,31.403853451748112,inactive,2024-08-07
2415,Product_2415_0,sports,766.9911659134768,133.21596707552976,pending,2024-11-17
2416,Product_2416_0,home,552.901426987757,384.1448098927724,archived,2024-07-14
2417,Product_2417_0,clothing,426.5469235897668,75.99901985676426,active,2024-09-01
2418,Product_2418_0,books,146.93075723058556,166.26995862019797,active,2024-05-11
2419,Product_2419_0,home,784.06495206048,253.76533477408378,active,2024-06-18
2420,Product_2420_0,electronics,48.61383099287497,55.564406137748655,pending,2024-07-26
2421,Product_2421_0,sports,46.63339417651762,132.89789309843306,active,2024-11-02
2422,Product_2422_0,electronics,27.03194025016141,223.58701979818812,inactive,2024-10-15
2423,Product_2423_0,sports,153.45200278474664,125.07823358052634,pending,2024-11-04
2424,Product_2424_0,books,673.1546615881018,116.34151776216368,archived,2024-04-10
2425,Product_2425_0,electronics,151.249849633269,15.095103743042348,inactive,2024-11-09
2426,Product_2426_0,books,259.6984613484501,117.21914962066015,archived,2024-09-09
2427,Product_2427_0,sports,121.52385139269825,476.6543493877129,pending,2024-08-22
2428,Product_2428_0,home,516.8153892790913,41.506593403146965,inactive,2024-08-02
2429,Product_2429_0,clothing,559.2707302906086,143.7967042548695,archived,2024-01-23
2430,Product_2430_0,electronics,795.6467725690168,196.76146814160714,active,2024-12-05
2431,Product_2431_0,electronics,527.8675715293875,444.9586141694238,pending,2024-08-03
2432,Product_2432_0,books,866.9625253922159,438.47061814884216,archived,2024-01-21
2433,Product_2433_0,home,489.6552225775784,335.5890856417093,active,2024-03-03
2434,Product_2434_0,sports,565.9122828304662,26.847450020015376,active,2024-02-25
2435,Product_2435_0,books,821.9465734749587,10.810114830626372,active,2024-07-05
2436,Product_2436_0,electronics,129.70454067871296,410.2820112053108,pending,2024-05-01
2437,Product_2437_0,electronics,473.3135066394466,375.59576120046717,inactive,2024-06-15
2438,Product_2438_0,home,821.6080270842259,94.52297674563026,pending,2024-09-09
2439,Product_2439_0,sports,709.2448500515071,459.0708761116075,archived,2024-08-02
2440,Product_2440_0,books,490.92438017129865,465.8891739831164,archived,2024-12-20
2441,Product_2441_0,electronics,199.38731651419906,211.52500021985134,inactive,2024-09-21
2442,Product_2442_0,clothing,78.31511042999439,368.870364840075,active,2024-02-20
2443,Product_2443_0,books,35.36457416416537,98.10412041622283,inactive,2024-08-17
2444,Product_2444_0,clothing,491.1810113316223,194.5066341775098,pending,2024-06-25
2445,Product_2445_0,electronics,431.80100811275736,171.29061672746974,inactive,2024-03-27
2446,Product_2446_0,clothing,51.97129011011354,460.9382240792043,active,2024-06-23
2447,Product_2447_0,sports,512.4696526695842,89.36692471316591,archived,2024-05-07
2448,Product_2448_0,clothing,51.26188266221321,51.36496826013861,archived,2024-07-28
2449,Product_2449_0,sports,721.7071065202748,111.64188275914748,active,2024-06-13
2450,Product_2450_0,electronics,209.8233897992767,354.4102269709416,active,2024-05-04
2451,Product_2451_0,clothing,287.59369924554295,364.1173781240898,active,2024-02-08
2452,Product_2452_0,home,734.8798847316324,232.54864710142238,inactive,2024-07-10
2453,Product_2453_0,electronics,998.1546423058475,306.19107845193093,active,2024-06-01
2454,Product_2454_0,home,587.002608622253,49.629090055393355,inactive,2024-09-03
2455,Product_2455_0,books,45.931815924530504,249.67585997370497,inactive,2024-01-06
2456,Product_2456_0,books,793.701112053238,496.4000720518039,active,2024-03-04
2457,Product_2457_0,electronics,834.6699188559494,139.28868123574654,active,2024-12-05
2458,Product_2458_0,books,791.6979317894726,351.14023886841215,archived,2024-01-21
2459,Product_2459_0,electronics,399.93138115481923,329.97110302167425,active,2024-03-15
2460,Product_2460_0,electronics,38.597393810817756,203.4166160525912,pending,2024-09-03
2461,Product_2461_0,books,266.68395195506844,217.14174981549752,pending,2024-03-02
2462,Product_2462_0,home,108.37695566809192,290.5374874859163,archived,2024-01-09
2463,Product_2463_0,clothing,175.4560658450399,247.52494364799205,pending,2024-08-22
2464,Product_2464_0,electronics,835.956107246728,170.56191686857306,pending,2024-12-25
2465,Product_2465_0,home,521.8835439758284,242.2640650696364,archived,2024-04-01
2466,Product_2466_0,clothing,435.8443095569141,454.61939167006125,pending,2024-08-08
2467,Product_2467_0,books,369.1496521631694,140.63650738506104,inactive,2024-06-01
2468,Product_2468_0,sports,788.827597887903,135.82764038020352,active,2024-06-19
2469,Product_2469_0,electronics,769.6154241427627,159.28352489257668,inactive,2024-09-23
2470,Product_2470_0,clothing,966.7664773116726,230.9930638831804,inactive,2024-07-25
2471,Product_2471_0,clothing,217.0618990102415,490.2277711066573,pending,2024-09-02
2472,Product_2472_0,books,844.8450226714036,341.99998459016086,archived,2024-08-23
2473,Product_2473_0,clothing,523.1189657975469,382.91119659647654,archived,2024-12-28
2474,Product_2474_0,clothing,912.4419720534366,178.5755680931753,active,2024-10-19
2475,Product_2475_0,clothing,836.2684235717838,183.7444770534332,inactive,2024-10-09
2476,Product_2476_0,electronics,530.1899238042081,49.803733537411375,archived,2024-09-12
2477,Product_2477_0,home,564.4793234687428,422.97848043031235,archived,2024-07-12
2478,Product_2478_0,clothing,514.8308679919262,93.4318502711759,archived,2024-08-11
2479,Product_2479_0,sports,386.48541645131473,222.8131220688677,pending,2024-02-15
2480,Product_2480_0,electronics,56.04447963534543,101.0841446089872,pending,2024-09-19
2481,Product_2481_0,electronics,398.7003459009397,192.18058464731226,pending,2024-04-09
2482,Product_2482_0,clothing,511.26220319306,229.33373014677923,pending,2024-01-22
2483,Product_2483_0,books,66.93769951157886,215.56092398484347,inactive,2024-03-09
2484,Product_2484_0,books,421.4462603969962,164.6046063899862,active,2024-10-15
2485,Product_2485_0,clothing,467.09114140702087,14.913317830854245,active,2024-02-05
2486,Product_2486_0,clothing,316.8019517132305,286.23452661985885,active,2024-07-12
2487,Product_2487_0,books,713.0180787245014,455.03139425685384,active,2024-11-15
2488,Product_2488_0,clothing,399.4752269831538,94.5042181715353,archived,2024-08-03
2489,Product_2489_0,books,591.4721685722083,316.56738536084396,pending,2024-01-04
2490,Product_2490_0,books,212.71886362924425,362.3348346397871,inactive,2024-05-19
2491,Product_2491_0,clothing,203.30746859412469,280.30413306417853,active,2024-10-05
2492,Product_2492_0,electronics,675.1900006438037,337.9286858939263,active,2024-10-21
2493,Product_2493_0,books,474.5061075337361,304.1503316770152,inactive,2024-08-15
2494,Product_2494_0,clothing,160.76509675238165,45.44094894140149,pending,2024-01-17
2495,Product_2495_0,clothing,236.76312333240446,329.70744638840864,active,2024-12-22
2496,Product_2496_0,clothing,418.55288726781265,314.5638987593197,pending,2024-01-28
2497,Product_2497_0,clothing,948.7854455262075,22.519642041232025,inactive,2024-06-13
2498,Product_2498_0,clothing,203.50147230215197,428.13593065453136,pending,2024-07-01
2499,Product_2499_0,home,490.45957643654555,221.8541302219835,archived,2024-02-14
2500,Product_2500_0,books,462.4727055115143,35.89872142072734,inactive,2024-06-20
2501,Product_2501_0,sports,449.9557892641673,459.17822968354045,archived,2024-03-04
2502,Product_2502_0,clothing,676.5134598843953,389.2510963693642,pending,2024-06-06
2503,Product_2503_0,home,549.1811065151935,52.61315488435775,inactive,2024-04-12
2504,Product_2504_0,electronics,828.0785303490497,229.16257324009692,active,2024-11-25
2505,Product_2505_0,sports,884.2334532856676,320.04270567449544,active,2024-04-08
2506,Product_2506_0,books,166.69713467494918,232.96093213267068,inactive,2024-05-06
2507,Product_2507_0,clothing,528.1252366277902,437.1230508022136,active,2024-07-21
2508,Product_2508_0,electronics,61.66899064167213,257.0850247868399,archived,2024-08-21
2509,Product_2509_0,clothing,377.9159424307788,497.49947619292607,archived,2024-04-13
2510,Product_2510_0,electronics,884.85467490428,447.4499823873318,pending,2024-04-09
2511,Product_2511_0,home,826.654180629071,317.2662469990253,pending,2024-03-23
2512,Product_2512_0,electronics,36.41135628244608,342.08032259055005,inactive,2024-09-17
2513,Product_2513_0,books,680.1209926971619,135.9379709510303,archived,2024-10-14
2514,Product_2514_0,home,856.8428152726675,348.76228367745824,archived,2024-08-10
2515,Product_2515_0,home,621.1539052312138,96.69238286613732,pending,2024-03-15
2516,Product_2516_0,sports,440.48130618959146,26.060945837253296,inactive,2024-01-12
2517,Product_2517_0,clothing,878.895016135386,243.5626327925912,inactive,2024-02-03
2518,Product_2518_0,clothing,443.11630150982035,377.56125256936735,inactive,2024-11-25
2519,Product_2519_0,sports,752.8957537913623,463.49030425662215,inactive,2024-05-01
2520,Product_2520_0,home,140.9162611094399,364.7474420076355,inactive,2024-04-24
2521,Product_2521_0,sports,968.1574608239141,356.9416237562914,inactive,2024-01-02
2522,Product_2522_0,books,175.47290622997275,439.55782025505397,active,2024-09-02
2523,Product_2523_0,sports,431.56267536271423,305.3345644149644,active,2024-01-06
2524,Product_2524_0,clothing,80.98866656136536,20.31762590424516,active,2024-09-04
2525,Product_2525_0,clothing,581.0059329452944,87.65026886527193,active,2024-08-03
2526,Product_2526_0,sports,758.6856754078535,405.2761138631365,active,2024-01-05
2527,Product_2527_0,electronics,262.6548867854086,137.51554832337928,archived,2024-03-22
2528,Product_2528_0,books,623.0406866062349,161.5414450114357,inactive,2024-05-23
2529,Product_2529_0,books,45.22869482666232,290.692329584026,archived,2024-04-13
2530,Product_2530_0,electronics,539.4254376608179,203.5752665410546,archived,2024-10-17
2531,Product_2531_0,sports,5.829293194631809,206.32848571244858,active,2024-03-17
2532,Product_2532_0,electronics,901.6402800197185,285.737571290329,active,2024-07-01
2533,Product_2533_0,books,70.98677170454064,358.98837361545185,inactive,2024-12-02
2534,Product_2534_0,electronics,290.9457852132808,100.06752126829416,pending,2024-11-26
2535,Product_2535_0,sports,825.184173379961,35.92554203115812,active,2024-08-07
2536,Product_2536_0,electronics,927.0101766619106,317.127274810476,inactive,2024-10-14
2537,Product_2537_0,home,110.92775597380226,173.09770594159747,active,2024-08-15
2538,Product_2538_0,home,849.4085522712866,150.49508106556078,inactive,2024-12-15
2539,Product_2539_0,sports,96.6628585215903,364.0180400483166,active,2024-03-04
2540,Product_2540_0,electronics,195.64648800046035,420.75704895564627,active,2024-10-16
2541,Product_2541_0,electronics,63.46697765033856,345.19576265184867,inactive,2024-07-12
2542,Product_2542_0,books,182.80933134566519,444.5498236531105,pending,2024-12-23
2543,Product_2543_0,books,696.3315470580359,420.17695320563087,active,2024-11-15
2544,Product_2544_0,books,488.8734229488324,441.1200117711224,archived,2024-04-20
2545,Product_2545_0,clothing,284.1176762830135,119.55002067605567,pending,2024-02-04
2546,Product_2546_0,clothing,820.2279647250137,426.6907908139212,active,2024-12-07
2547,Product_2547_0,electronics,240.55922367288338,464.64353160708623,inactive,2024-03-21
2548,Product_2548_0,home,37.80401243551058,471.96771774689296,pending,2024-11-05
2549,Product_2549_0,home,434.00980201979746,365.6950400296255,pending,2024-01-21
2550,Product_2550_0,sports,863.6965292544787,209.58096012947635,inactive,2024-01-25
2551,Product_2551_0,books,194.11623250201387,322.2570664766131,inactive,2024-05-08
2552,Product_2552_0,books,147.98608107670535,253.09278102141118,pending,2024-06-23
2553,Product_2553_0,home,189.74477366125484,250.59183359428772,pending,2024-12-17
2554,Product_2554_0,home,688.3140387406879,356.03945643188166,inactive,2024-07-13
2555,Product_2555_0,clothing,623.4911358911584,150.05958740133323,archived,2024-10-25
2556,Product_2556_0,home,732.5418707922476,489.661038155927,active,2024-02-05
2557,Product_2557_0,clothing,436.22347220937326,412.6361416223444,inactive,2024-06-13
2558,Product_2558_0,sports,416.6665788775998,49.16975041261185,active,2024-12-16
2559,Product_2559_0,clothing,111.76748843258828,25.35573098934819,inactive,2024-05-06
2560,Product_2560_0,clothing,24.648691929667173,39.91091152768425,pending,2024-07-12
2561,Product_2561_0,books,40.595381685518475,435.1903735568836,archived,2024-04-22
2562,Product_2562_0,electronics,78.79902897377292,233.91824574096816,active,2024-05-27
2563,Product_2563_0,home,210.24134690848038,82.76560064117616,active,2024-03-22
2564,Product_2564_0,electronics,359.657072358351,273.7279995769206,pending,2024-02-06
2565,Product_2565_0,books,159.3268611577102,326.7571702301403,archived,2024-08-11
2566,Product_2566_0,home,569.2709470883726,98.78272145075906,archived,2024-03-19
2567,Product_2567_0,sports,535.5168330270562,294.48996389604804,archived,2024-02-19
2568,Product_2568_0,home,964.873730020361,448.884163265721,active,2024-07-06
2569,Product_2569_0,electronics,411.54387612511783,382.3706088992614,archived,2024-10-26
2570,Product_2570_0,home,63.43870801577413,92.46799362536493,active,2024-10-03
2571,Product_2571_0,books,224.77859255451358,14.386183451577175,active,2024-04-03
2572,Product_2572_0,electronics,235.8888373042188,412.87830219415207,pending,2024-05-24
2573,Product_2573_0,sports,874.9941291668597,473.44043480834614,active,2024-06-12
2574,Product_2574_0,books,257.3394174063376,472.7723265664112,archived,2024-01-12
2575,Product_2575_0,electronics,569.7446586872255,274.3741813894522,archived,2024-05-16
2576,Product_2576_0,books,672.7955814635059,425.27317050630614,inactive,2024-02-21
2577,Product_2577_0,electronics,745.1592417580232,92.33857523935764,pending,2024-05-10
2578,Product_2578_0,books,931.3948939661996,88.88581026200058,active,2024-08-02
2579,Product_2579_0,electronics,41.65664241209302,193.79085469014225,inactive,2024-07-15
2580,Product_2580_0,books,949.797856863326,188.58411468322333,inactive,2024-01-02
2581,Product_2581_0,electronics,188.03537576313963,384.9757540297528,active,2024-01-06
2582,Product_2582_0,books,550.9755000074241,320.1522783485493,active,2024-04-12
2583,Product_2583_0,home,824.5868044074206,483.23979085601053,active,2024-06-11
2584,Product_2584_0,clothing,982.821802017246,102.97821670754904,active,2024-08-25
2585,Product_2585_0,home,736.9534440608138,71.16591775212169,pending,2024-02-17
2586,Product_2586_0,home,9.140642193450448,240.4342247324446,inactive,2024-04-15
2587,Product_2587_0,clothing,527.3787672262474,241.21264383968108,pending,2024-11-06
2588,Product_2588_0,clothing,551.2781926649085,346.09932663379107,inactive,2024-09-26
2589,Product_2589_0,sports,648.3896082812961,439.1537040449893,active,2024-05-19
2590,Product_2590_0,clothing,599.7939567759759,299.3919862678481,inactive,2024-07-16
2591,Product_2591_0,electronics,899.3631479282961,329.57492322233077,pending,2024-03-15
2592,Product_2592_0,sports,765.6250739712679,174.33475404746244,inactive,2024-06-07
2593,Product_2593_0,electronics,516.82887287149,337.6091306465959,inactive,2024-04-11
2594,Product_2594_0,electronics,543.0980832657178,317.77222752498375,archived,2024-06-26
2595,Product_2595_0,clothing,726.537280364041,130.04505103228524,pending,2024-12-17
2596,Product_2596_0,home,923.1420067080519,432.9075677458348,inactive,2024-06-08
2597,Product_2597_0,books,747.7943953074187,42.02005316689947,pending,2024-01-22
2598,Product_2598_0,books,945.3620359477931,416.1645989533351,active,2024-06-25
2599,Product_2599_0,electronics,908.1677993365925,23.858102006652814,active,2024-12-19
2600,Product_2600_0,sports,212.55208238199108,242.96710613953118,inactive,2024-07-12
2601,Product_2601_0,clothing,284.16655266517296,436.9422844656974,inactive,2024-06-16
2602,Product_2602_0,clothing,415.9416037712881,16.975741322428828,archived,2024-04-15
2603,Product_2603_0,books,893.7276983914342,447.4688449946459,archived,2024-09-27
2604,Product_2604_0,clothing,525.2241134086197,73.1584064291493,pending,2024-02-18
2605,Product_2605_0,books,38.51782794047402,257.696337180803,inactive,2024-02-07
2606,Product_2606_0,clothing,695.7575045865507,81.48016309540805,archived,2024-02-22
2607,Product_2607_0,books,278.6461066963939,308.8494679448157,active,2024-09-10
2608,Product_2608_0,clothing,446.9585952135114,314.2568496411091,archived,2024-05-17
2609,Product_2609_0,electronics,222.20994238447085,363.6397602317101,active,2024-11-23
2610,Product_2610_0,sports,781.3857731679464,201.97219645275823,active,2024-03-23
2611,Product_2611_0,sports,288.3386704027493,482.1751381367202,inactive,2024-04-15
2612,Product_2612_0,sports,211.7928694544812,128.00608403067864,pending,2024-06-11
2613,Product_2613_0,home,38.099139569938934,217.76136252467967,pending,2024-10-19
2614,Product_2614_0,home,612.3997405788958,317.34171410672883,active,2024-06-16
2615,Product_2615_0,home,724.8677662248277,475.2729687966559,pending,2024-11-24
2616,Product_2616_0,sports,419.7981357385267,363.4961225415143,inactive,2024-06-25
2617,Product_2617_0,sports,327.15720286083223,15.171487329560748,inactive,2024-11-12
2618,Product_2618_0,electronics,903.190387246286,224.37518431066525,archived,2024-04-15
2619,Product_2619_0,home,447.3288263823636,150.3273729556682,archived,2024-01-16
2620,Product_2620_0,clothing,908.6830846977596,13.149251318880694,archived,2024-05-27
2621,Product_2621_0,books,167.3989636027395,156.60050923815513,active,2024-09-28
2622,Product_2622_0,sports,95.22806437531663,413.64709708167584,pending,2024-06-15
2623,Product_2623_0,sports,415.7105741078032,17.745699855253783,archived,2024-04-15
2624,Product_2624_0,home,418.8342420132239,268.2649105318206,active,2024-11-05
2625,Product_2625_0,clothing,341.0299989726955,479.3245381889966,inactive,2024-03-17
2626,Product_2626_0,home,448.13082601037235,148.36274293507043,pending,2024-08-27
2627,Product_2627_0,sports,991.8396812685003,356.01747088007073,archived,2024-07-06
2628,Product_2628_0,clothing,114.48393091665885,289.36427317168864,inactive,2024-02-05
2629,Product_2629_0,electronics,951.3243567902516,389.3004706799221,archived,2024-05-03
2630,Product_2630_0,electronics,982.0505492496148,154.50365683194903,pending,2024-04-07
2631,Product_2631_0,sports,234.39736102763212,267.9611129104678,inactive,2024-02-19
2632,Product_2632_0,home,270.9463958398792,177.45722739132017,archived,2024-03-08
2633,Product_2633_0,electronics,417.86637001527976,439.60155303683183,inactive,2024-01-03
2634,Product_2634_0,clothing,12.692798512627986,362.3504661170072,inactive,2024-07-16
2635,Product_2635_0,electronics,546.6951071382164,187.8417491392269,inactive,2024-11-22
2636,Product_2636_0,electronics,975.5463319626587,169.2576104020265,pending,2024-01-02
2637,Product_2637_0,clothing,117.86567981521692,119.28843951388124,archived,2024-06-22
2638,Product_2638_0,sports,193.43358600278322,50.71540108801475,pending,2024-06-10
2639,Product_2639_0,home,910.8800930917406,134.7653287726166,pending,2024-11-06
2640,Product_2640_0,electronics,188.24849698339457,226.54435014611983,pending,2024-02-01
2641,Product_2641_0,clothing,901.895855791383,353.9910300968929,archived,2024-11-07
2642,Product_2642_0,sports,400.06668309244395,454.3254797661638,inactive,2024-06-25
2643,Product_2643_0,home,707.6217586859933,38.00373786076115,archived,2024-05-25
2644,Product_2644_0,books,410.49256606705615,81.94644098168395,archived,2024-11-04
2645,Product_2645_0,home,41.016877670651134,386.826718270056,archived,2024-09-05
2646,Product_2646_0,clothing,128.52360444296554,136.81374774261087,archived,2024-02-17
2647,Product_2647_0,electronics,400.32492176735906,73.42882907894032,archived,2024-02-19
2648,Product_2648_0,electronics,510.3185192552516,341.2609425870627,pending,2024-04-17
2649,Product_2649_0,books,70.33562105717435,178.47634080296217,inactive,2024-08-26
2650,Product_2650_0,electronics,812.6728219156734,310.5165107837062,inactive,2024-10-22
2651,Product_2651_0,clothing,92.95886734416518,168.73339696791254,active,2024-11-10
2652,Product_2652_0,home,531.9447740957185,194.61160875544442,archived,2024-11-15
2653,Product_2653_0,sports,628.2051442097854,134.41764383460043,archived,2024-07-05
2654,Product_2654_0,books,700.4723155659807,443.0694477122874,active,2024-01-02
2655,Product_2655_0,sports,2.161561026131031,306.4326795957816,pending,2024-08-15
2656,Product_2656_0,electronics,258.53722780872187,286.4973161211405,inactive,2024-11-07
2657,Product_2657_0,books,955.7320996983975,405.7823173634254,archived,2024-09-25
2658,Product_2658_0,home,563.9201771398149,439.69512856601006,pending,2024-05-19
2659,Product_2659_0,home,304.2387289495268,455.74553233894767,pending,2024-02-11
2660,Product_2660_0,sports,403.3206493693434,31.041780426336768,active,2024-10-12
2661,Product_2661_0,electronics,508.45929672460636,434.2127663402454,pending,2024-10-12
2662,Product_2662_0,sports,629.9944476792161,30.323642513493617,pending,2024-05-07
2663,Product_2663_0,books,37.2522447539875,279.1618740063037,archived,2024-07-24
2664,Product_2664_0,electronics,887.4842962945374,410.74889420712515,pending,2024-12-14
2665,Product_2665_0,electronics,568.81662554155,235.6124471512493,inactive,2024-02-25
2666,Product_2666_0,home,929.1060444238466,169.6283147522459,archived,2024-07-05
2667,Product_2667_0,home,637.3801451093136,413.98085397129586,pending,2024-01-17
2668,Product_2668_0,home,885.6289622142908,344.5305845491584,inactive,2024-05-09
2669,Product_2669_0,books,52.05470360819195,124.93469477113958,active,2024-07-15
2670,Product_2670_0,home,547.2252231434406,190.610986517886,inactive,2024-04-21
2671,Product_2671_0,clothing,817.0372320555962,254.71759504331553,pending,2024-06-26
2672,Product_2672_0,sports,577.018784095092,251.2752592493312,active,2024-09-27
2673,Product_2673_0,clothing,945.7260278768564,330.06792876069875,archived,2024-07-20
2674,Product_2674_0,clothing,312.64620144527316,139.7186800262931,pending,2024-11-15
2675,Product_2675_0,home,682.3929326570835,77.64065341043539,archived,2024-05-04
2676,Product_2676_0,home,242.20536970577174,69.45642145416952,archived,2024-07-14
2677,Product_2677_0,clothing,681.8638115059406,105.74822414445238,inactive,2024-10-26
2678,Product_2678_0,clothing,385.8916935399854,301.85086037211835,inactive,2024-11-09
2679,Product_2679_0,sports,536.1211116907448,477.47682897414677,archived,2024-01-14
2680,Product_2680_0,books,184.39862230147153,448.67598895498486,pending,2024-02-03
2681,Product_2681_0,books,703.4221469911632,255.64635423803585,active,2024-11-24
2682,Product_2682_0,books,740.0252333527425,461.2741707650084,pending,2024-01-28
2683,Product_2683_0,sports,995.0841579327524,381.9382698418201,pending,2024-04-12
2684,Product_2684_0,clothing,532.3103305999069,362.53008598349146,pending,2024-07-05
2685,Product_2685_0,home,617.2562314851579,238.60753412731526,archived,2024-02-14
2686,Product_2686_0,clothing,870.9951741725167,443.0770456159388,pending,2024-12-25
2687,Product_2687_0,sports,546.3944519460745,137.99503778794713,active,2024-08-07
2688,Product_2688_0,home,676.5152490139603,337.27796192499164,inactive,2024-11-02
2689,Product_2689_0,clothing,185.5247525747719,336.82618886881204,active,2024-03-26
2690,Product_2690_0,sports,809.2003245913504,59.97582383860683,active,2024-08-13
2691,Product_2691_0,electronics,621.6607401623277,366.7658406864308,pending,2024-01-06
2692,Product_2692_0,home,766.1354434380154,336.25595069211727,active,2024-12-05
2693,Product_2693_0,electronics,290.08649232236814,88.55999257670034,inactive,2024-12-24
2694,Product_2694_0,books,558.0658932306111,459.0742383881295,archived,2024-01-27
2695,Product_2695_0,home,117.62513945741642,257.5512517838091,archived,2024-05-18
2696,Product_2696_0,home,495.8730072605225,73.52459036178269,archived,2024-03-17
2697,Product_2697_0,books,94.06561458261925,308.0519183821145,archived,2024-03-11
2698,Product_2698_0,home,404.9955226231526,448.7188277733981,pending,2024-07-09
2699,Product_2699_0,sports,878.1893885543273,146.9686193993973,pending,2024-12-04
2700,Product_2700_0,electronics,973.0637588765549,363.5452613282361,inactive,2024-09-28
2701,Product_2701_0,home,15.218028238610085,63.32048021178337,inactive,2024-06-02
2702,Product_2702_0,home,148.57317924150942,445.48383287209356,pending,2024-05-26
2703,Product_2703_0,home,752.7467794125746,456.96282571962035,archived,2024-08-14
2704,Product_2704_0,home,354.52015199089294,22.604970052792112,archived,2024-06-18
2705,Product_2705_0,books,311.7908901512946,171.4141088859144,pending,2024-07-07
2706,Product_2706_0,sports,565.4073380155917,465.62484826050826,pending,2024-07-24
2707,Product_2707_0,books,726.2701385645225,116.64733288483556,pending,2024-10-02
2708,Product_2708_0,sports,190.8173157365566,66.44803743948746,archived,2024-10-12
2709,Product_2709_0,books,411.82241708447305,200.89154661702884,inactive,2024-03-01
2710,Product_2710_0,home,317.6308489703385,130.5463849882747,pending,2024-02-06
2711,Product_2711_0,home,175.87807181397343,337.01211353543374,archived,2024-10-10
2712,Product_2712_0,books,119.33606660112117,10.007516034283565,active,2024-07-20
2713,Product_2713_0,books,78.54966605858414,294.37593440855335,archived,2024-05-03
2714,Product_2714_0,clothing,587.962324141712,138.21622501134914,archived,2024-10-03
2715,Product_2715_0,books,502.2923562473791,328.9000154315078,pending,2024-03-02
2716,Product_2716_0,electronics,560.9661876115692,20.204257937227283,active,2024-02-01
2717,Product_2717_0,sports,911.6758719078255,458.85238654350115,pending,2024-03-04
2718,Product_2718_0,books,367.05522709268007,356.84667921702265,inactive,2024-09-13
2719,Product_2719_0,clothing,465.9536382457292,488.7267350704318,inactive,2024-12-08
2720,Product_2720_0,electronics,681.1816082150301,305.25119698774125,inactive,2024-02-19
2721,Product_2721_0,home,613.3970139628985,18.523423455795943,archived,2024-09-22
2722,Product_2722_0,electronics,258.1595468430908,449.5537503971605,archived,2024-04-07
2723,Product_2723_0,clothing,284.3320330181921,187.4657963068416,pending,2024-11-26
2724,Product_2724_0,sports,718.3493974132945,343.2654806526934,inactive,2024-11-26
2725,Product_2725_0,electronics,779.236413213894,152.4825073917748,inactive,2024-10-03
2726,Product_2726_0,clothing,137.2503060883336,452.03506949467254,inactive,2024-08-28
2727,Product_2727_0,home,841.1422004650748,105.15205880066887,inactive,2024-12-05
2728,Product_2728_0,home,851.910519280332,225.09485658864642,inactive,2024-10-07
2729,Product_2729_0,electronics,839.6470629498724,295.22740055278774,inactive,2024-07-21
2730,Product_2730_0,electronics,178.47969934885802,177.3045678455192,archived,2024-06-16
2731,Product_2731_0,sports,239.80517476344846,350.67301594580516,inactive,2024-07-23
2732,Product_2732_0,home,938.2819096560347,134.35844400649464,active,2024-11-19
2733,Product_2733_0,electronics,923.6422311524465,301.78778642455285,inactive,2024-11-17
2734,Product_2734_0,electronics,940.0729033736745,33.67575638613456,active,2024-08-06
2735,Product_2735_0,sports,22.727846985526956,141.03083093024478,archived,2024-04-04
2736,Product_2736_0,clothing,747.3074431685495,237.8418918427016,inactive,2024-04-16
2737,Product_2737_0,clothing,401.10574180631517,143.71295854762215,pending,2024-10-09
2738,Product_2738_0,electronics,683.4749161870114,174.3167010241664,pending,2024-01-22
2739,Product_2739_0,electronics,211.4480239846395,127.18185037778889,inactive,2024-01-05
2740,Product_2740_0,home,585.9998644876661,367.21992354267144,pending,2024-01-28
2741,Product_2741_0,home,851.0349458672342,358.94817728914944,active,2024-11-08
2742,Product_2742_0,sports,629.3658910248333,31.985771915432107,inactive,2024-03-23
2743,Product_2743_0,electronics,388.70358688573265,107.77677337317245,pending,2024-11-02
2744,Product_2744_0,home,421.26557948402854,149.86769097379343,inactive,2024-01-07
2745,Product_2745_0,electronics,750.6250778128752,405.1416360832583,pending,2024-08-20
2746,Product_2746_0,books,331.30040976553687,69.24942004219177,active,2024-05-12
2747,Product_2747_0,electronics,890.2726740768143,492.9418753649209,archived,2024-07-01
2748,Product_2748_0,clothing,711.2008537759064,391.3661419610606,archived,2024-04-01
2749,Product_2749_0,clothing,825.9945025344044,177.28814832192407,inactive,2024-11-24
2750,Product_2750_0,books,171.54172674820316,407.2168323339955,inactive,2024-10-12
2751,Product_2751_0,clothing,303.91392977627106,58.744969972847414,active,2024-08-18
2752,Product_2752_0,home,379.177821095312,22.66240334921107,archived,2024-08-04
2753,Product_2753_0,home,284.1708155116722,417.0551623012108,active,2024-06-08
2754,Product_2754_0,clothing,218.3795517876972,22.096812458060512,inactive,2024-07-09
2755,Product_2755_0,sports,395.81040917507386,67.09486946263938,pending,2024-06-24
2756,Product_2756_0,books,81.56899284009076,119.72830608278521,pending,2024-07-13
2757,Product_2757_0,electronics,382.9521027961536,274.5848316060999,inactive,2024-06-13
2758,Product_2758_0,clothing,803.0977030313107,75.88951430517186,pending,2024-05-15
2759,Product_2759_0,home,493.7919062428589,390.7907431472962,archived,2024-02-23
2760,Product_2760_0,books,332.91969390428847,99.02450176637646,archived,2024-10-15
2761,Product_2761_0,clothing,881.1449334496131,412.44180500101317,inactive,2024-10-26
2762,Product_2762_0,electronics,426.19689550454177,297.1933362062176,pending,2024-04-12
2763,Product_2763_0,sports,922.4332803492638,283.86651029144485,inactive,2024-03-16
2764,Product_2764_0,clothing,744.4225509374367,476.1436268497706,active,2024-05-09
2765,Product_2765_0,books,504.6848257560058,471.1820226700083,active,2024-12-19
2766,Product_2766_0,sports,82.63067945507876,20.522880369238727,archived,2024-01-06
2767,Product_2767_0,clothing,514.1511965761213,372.09746286751107,pending,2024-01-17
2768,Product_2768_0,clothing,221.0704439793719,476.269141195358,pending,2024-09-22
2769,Product_2769_0,books,770.4678406697423,317.5301436543932,archived,2024-01-11
2770,Product_2770_0,electronics,676.1676010015607,451.39022702631956,archived,2024-02-28
2771,Product_2771_0,electronics,690.2190094725113,216.07147034057417,active,2024-01-28
2772,Product_2772_0,clothing,707.3684807626979,217.2998731611948,pending,2024-09-08
2773,Product_2773_0,clothing,696.8726392212508,417.6540357368045,archived,2024-01-14
2774,Product_2774_0,sports,43.11931787112872,86.14187001677071,inactive,2024-08-21
2775,Product_2775_0,books,23.712226432974,332.64594744741817,pending,2024-10-19
2776,Product_2776_0,books,279.4730091275672,253.19230436391496,inactive,2024-01-27
2777,Product_2777_0,home,957.3858807862712,264.95350388481086,active,2024-02-28
2778,Product_2778_0,home,651.8449657424153,264.82785077963246,pending,2024-05-13
2779,Product_2779_0,clothing,944.1432133363022,267.6008560472751,active,2024-06-15
2780,Product_2780_0,sports,820.9377820318387,62.70871851700811,inactive,2024-10-24
2781,Product_2781_0,sports,329.15343723286827,357.2038956207425,pending,2024-11-09
2782,Product_2782_0,electronics,515.1197133923054,392.2856388574697,pending,2024-12-11
2783,Product_2783_0,electronics,647.7548324511176,392.2314969354986,active,2024-12-03
2784,Product_2784_0,home,879.8492225946177,83.11817151841296,inactive,2024-10-27
2785,Product_2785_0,sports,361.60944271724543,127.39418529663709,inactive,2024-05-11
2786,Product_2786_0,electronics,705.095681889469,51.50602086080536,pending,2024-11-04
2787,Product_2787_0,clothing,414.5189105744865,21.767814851345804,inactive,2024-09-16
2788,Product_2788_0,electronics,434.4225423148139,433.4245161664455,pending,2024-10-22
2789,Product_2789_0,clothing,842.349125062566,327.2792318021603,active,2024-01-17
2790,Product_2790_0,books,104.06083442354358,57.76664308481871,archived,2024-02-02
2791,Product_2791_0,clothing,784.908675827046,140.0082408663956,active,2024-04-07
2792,Product_2792_0,books,964.8610203450169,260.5030516078995,archived,2024-03-26
2793,Product_2793_0,electronics,886.2044188544385,264.89262379413935,active,2024-11-12
2794,Product_2794_0,books,720.0729891100855,162.43482578989008,archived,2024-08-06
2795,Product_2795_0,clothing,300.1330232986228,399.1285661687309,inactive,2024-06-05
2796,Product_2796_0,electronics,471.6213025714735,188.43949657345388,pending,2024-07-21
2797,Product_2797_0,electronics,845.7599150151348,486.84987681890203,archived,2024-08-28
2798,Product_2798_0,books,848.8620567184017,142.010767135542,archived,2024-07-03
2799,Product_2799_0,sports,4.510790233478582,188.46223522849976,pending,2024-08-24
2800,Product_2800_0,books,692.1833887494325,286.4279627637486,archived,2024-07-13
2801,Product_2801_0,books,618.9803240192451,439.3111257648406,inactive,2024-11-09
2802,Product_2802_0,books,7.018014638931868,242.68986421178658,pending,2024-05-01
2803,Product_2803_0,home,564.5198894734991,21.995723282076973,pending,2024-05-09
2804,Product_2804_0,books,611.0032834735418,486.4690352467596,active,2024-07-24
2805,Product_2805_0,books,796.1557799781095,408.91776369051814,active,2024-04-19
2806,Product_2806_0,electronics,230.3436745195302,261.2000315213304,archived,2024-09-09
2807,Product_2807_0,books,545.6492271656691,403.3062988659777,active,2024-10-15
2808,Product_2808_0,books,279.2663493574754,70.76782818455405,inactive,2024-11-02
2809,Product_2809_0,books,698.7900895173545,352.87629940484624,active,2024-11-03
2810,Product_2810_0,sports,177.83021204846793,433.31888324574754,active,2024-05-05
2811,Product_2811_0,electronics,885.629483135979,174.86024665393933,active,2024-07-12
2812,Product_2812_0,sports,185.6538167007835,349.4726126698123,inactive,2024-06-16
2813,Product_2813_0,clothing,896.2396007326585,420.83353017949355,pending,2024-10-07
2814,Product_2814_0,sports,404.26718816846716,291.68335604665674,pending,2024-11-19
2815,Product_2815_0,books,862.9012547280697,112.3215229924759,active,2024-01-06
2816,Product_2816_0,clothing,621.9604383832384,390.9891568976534,pending,2024-03-24
2817,Product_2817_0,books,612.9461470023222,431.3748126470444,inactive,2024-10-25
2818,Product_2818_0,home,192.2444039048129,236.60046708265546,active,2024-05-25
2819,Product_2819_0,books,306.86582695382737,180.0874584496289,archived,2024-07-22
2820,Product_2820_0,sports,128.0623323365748,448.53603792781416,inactive,2024-07-26
2821,Product_2821_0,sports,994.9929447790544,236.1088755683602,pending,2024-01-20
2822,Product_2822_0,books,259.72379902401775,104.04956015194725,pending,2024-06-25
2823,Product_2823_0,clothing,512.0775431483416,91.40940770855464,pending,2024-10-26
2824,Product_2824_0,clothing,465.24239060747,56.54403196819018,pending,2024-03-03
2825,Product_2825_0,books,808.3015423814385,295.01063471188104,archived,2024-10-21
2826,Product_2826_0,clothing,418.2442768557258,100.69006572335226,archived,2024-12-07
2827,Product_2827_0,sports,49.68197104770958,479.5676320837136,pending,2024-12-14
2828,Product_2828_0,clothing,762.2646439398949,352.03358934421874,inactive,2024-03-05
2829,Product_2829_0,electronics,823.1297046939684,410.6063948584614,inactive,2024-11-26
2830,Product_2830_0,home,516.8592940992897,208.0040144398908,pending,2024-12-26
2831,Product_2831_0,electronics,637.4001175497286,202.6803287099848,archived,2024-03-26
2832,Product_2832_0,electronics,329.9630493240921,487.16379946206735,active,2024-08-14
2833,Product_2833_0,clothing,532.0399261828428,194.75724036777513,archived,2024-05-26
2834,Product_2834_0,clothing,82.15135367371845,363.15896642376134,inactive,2024-09-09
2835,Product_2835_0,electronics,380.2715759812505,275.34134222274656,pending,2024-02-02
2836,Product_2836_0,books,937.7469809551429,372.98670085032825,active,2024-09-28
2837,Product_2837_0,electronics,396.801190280192,452.16064978418825,archived,2024-08-25
2838,Product_2838_0,home,65.56341598523832,178.92041240986435,pending,2024-10-27
2839,Product_2839_0,sports,991.4590708132673,435.2835590999085,inactive,2024-02-15
2840,Product_2840_0,sports,442.2800791942743,392.61881844732585,pending,2024-02-15
2841,Product_2841_0,books,578.0927919825483,495.6821030242042,inactive,2024-09-04
2842,Product_2842_0,home,119.83484986541362,491.7183013981501,archived,2024-05-14
2843,Product_2843_0,home,450.5506430647244,343.83940498788195,inactive,2024-02-26
2844,Product_2844_0,home,661.4806977642947,403.44326900262587,inactive,2024-12-06
2845,Product_2845_0,books,823.4428392539322,472.44298456659664,active,2024-03-14
2846,Product_2846_0,electronics,593.3707502002834,263.5121902746693,active,2024-12-07
2847,Product_2847_0,electronics,526.5208129544314,191.742004313331,active,2024-06-03
2848,Product_2848_0,sports,181.3556687445771,410.46958351822406,archived,2024-11-08
2849,Product_2849_0,home,219.40814481713207,301.2399746125853,archived,2024-05-05
2850,Product_2850_0,home,91.40557853323408,27.97299861956766,inactive,2024-10-22
2851,Product_2851_0,clothing,940.3916227949875,492.1845271719545,pending,2024-01-04
2852,Product_2852_0,clothing,236.24232903494254,72.01980794254945,inactive,2024-11-06
2853,Product_2853_0,electronics,176.7773009598736,94.02079160847319,archived,2024-04-13
2854,Product_2854_0,home,980.8710185262315,441.13252871673313,archived,2024-12-17
2855,Product_2855_0,home,953.7176821886497,242.43165402753883,archived,2024-03-12
2856,Product_2856_0,books,654.8996658172891,272.26260014481556,pending,2024-04-08
2857,Product_2857_0,home,784.9287189621053,346.9766473691889,pending,2024-11-25
2858,Product_2858_0,books,932.051465530485,273.1776344159133,inactive,2024-11-09
2859,Product_2859_0,books,20.023861284653957,94.90840375905651,active,2024-09-23
2860,Product_2860_0,home,629.8933433457411,435.93148971680023,active,2024-01-28
2861,Product_2861_0,books,746.7329841898566,484.8860227352868,active,2024-10-13
2862,Product_2862_0,sports,131.6605539995498,142.9325035508025,archived,2024-05-19
2863,Product_2863_0,sports,40.512741879893845,37.979648909097875,inactive,2024-06-16
2864,Product_2864_0,sports,467.5560648564808,125.38346933356873,pending,2024-10-20
2865,Product_2865_0,books,805.8414357831439,251.39991932532658,active,2024-01-07
2866,Product_2866_0,sports,594.921069483452,398.14253179122056,active,2024-02-08
2867,Product_2867_0,electronics,546.2117206221569,76.51597206270989,archived,2024-12-06
2868,Product_2868_0,electronics,215.4436044014528,335.72211836654446,archived,2024-11-09
2869,Product_2869_0,home,267.85778019524236,306.2507091608478,archived,2024-01-17
2870,Product_2870_0,sports,67.25133822502764,11.468655556429521,active,2024-02-17
2871,Product_2871_0,books,575.6471014385812,177.50002180600833,inactive,2024-03-27
2872,Product_2872_0,books,620.3471261900505,276.2812740993597,inactive,2024-05-08
2873,Product_2873_0,books,437.8629739850567,165.1576818425002,active,2024-05-19
2874,Product_2874_0,sports,228.99445436112973,138.32912930955155,inactive,2024-09-15
2875,Product_2875_0,electronics,101.76224525817723,177.7884684424265,inactive,2024-08-01
2876,Product_2876_0,home,520.9487205186101,355.68448053496235,inactive,2024-04-01
2877,Product_2877_0,clothing,199.84404555120759,453.85281442600086,inactive,2024-05-07
2878,Product_2878_0,clothing,114.73094425113442,105.67543891684004,pending,2024-12-03
2879,Product_2879_0,books,772.4867489686973,37.744573810256824,active,2024-09-08
2880,Product_2880_0,sports,476.2771399166707,90.46424067017553,active,2024-10-07
2881,Product_2881_0,books,349.50940482052164,67.0459814277736,archived,2024-02-23
2882,Product_2882_0,home,397.2446337845912,276.7903307772379,inactive,2024-12-18
2883,Product_2883_0,books,976.4729218699237,304.6120932592253,pending,2024-01-10
2884,Product_2884_0,clothing,595.5356619952381,137.7731946710657,pending,2024-08-15
2885,Product_2885_0,books,622.3365019525964,378.90364780895254,archived,2024-07-10
2886,Product_2886_0,electronics,348.7738939856342,67.69559285821484,pending,2024-03-05
2887,Product_2887_0,home,217.6626887849048,221.13365012691642,archived,2024-11-10
2888,Product_2888_0,electronics,82.26498481717525,126.76980628356885,pending,2024-02-22
2889,Product_2889_0,clothing,64.17180926213322,201.7470068038822,pending,2024-05-09
2890,Product_2890_0,books,337.60923477340486,36.060485620834385,inactive,2024-11-06
2891,Product_2891_0,clothing,598.0296225326545,321.129573462852,archived,2024-03-11
2892,Product_2892_0,home,543.5569521968521,19.21765602570529,inactive,2024-01-27
2893,Product_2893_0,electronics,439.4774959717959,314.58890546525595,inactive,2024-04-25
2894,Product_2894_0,electronics,875.0426354956845,208.8821842624937,inactive,2024-07-05
2895,Product_2895_0,clothing,437.33618158974,48.172491275633796,pending,2024-12-06
2896,Product_2896_0,electronics,903.4127879956216,462.7786286255344,pending,2024-10-07
2897,Product_2897_0,home,679.4607266883431,20.809362724552685,active,2024-02-03
2898,Product_2898_0,books,312.48548386733535,349.92664263995795,active,2024-09-15
2899,Product_2899_0,electronics,129.94130454628544,109.36800541190891,inactive,2024-05-23
2900,Product_2900_0,sports,727.3118059166369,393.50585689184004,active,2024-11-15
2901,Product_2901_0,home,538.2489143309232,86.26641524829125,archived,2024-03-07
2902,Product_2902_0,sports,372.5425029754017,194.2233551395188,pending,2024-09-08
2903,Product_2903_0,sports,920.4563584749842,146.40584234239887,inactive,2024-08-28
2904,Product_2904_0,home,128.59322358791167,213.36332055169677,pending,2024-03-19
2905,Product_2905_0,clothing,180.95290203271222,31.702362376007578,archived,2024-09-14
2906,Product_2906_0,clothing,11.464987819742817,418.1463262975536,pending,2024-08-02
2907,Product_2907_0,home,52.21675487404616,283.64438988518737,inactive,2024-05-04
2908,Product_2908_0,clothing,233.45911447577538,342.11599156603677,pending,2024-06-14
2909,Product_2909_0,books,659.6852729339261,428.75841865515446,pending,2024-02-22
2910,Product_2910_0,electronics,225.3220983384945,134.14689738688924,active,2024-10-17
2911,Product_2911_0,books,746.713185551644,194.5477114997907,archived,2024-05-02
2912,Product_2912_0,electronics,431.7949912700852,260.3602160362609,pending,2024-04-20
2913,Product_2913_0,books,689.1810654993277,380.30478208403963,active,2024-12-17
2914,Product_2914_0,electronics,801.1563152839989,291.5435053484304,inactive,2024-12-02
2915,Product_2915_0,electronics,946.720284057879,62.09657339304142,active,2024-11-02
2916,Product_2916_0,home,831.2633478209754,350.84026799013077,pending,2024-05-28
2917,Product_2917_0,electronics,7.309094478310588,187.74680342633758,active,2024-06-01
2918,Product_2918_0,clothing,380.91240826773225,456.64348518312534,archived,2024-08-21
2919,Product_2919_0,books,983.9280327895766,307.94701995503317,active,2024-07-22
2920,Product_2920_0,clothing,227.65192183023444,188.16495427197577,pending,2024-06-02
2921,Product_2921_0,clothing,209.48887190170618,422.0965386768905,archived,2024-03-03
2922,Product_2922_0,clothing,137.25962853720148,218.02565140958697,active,2024-02-18
2923,Product_2923_0,electronics,950.629071853092,35.41170347531373,archived,2024-09-16
2924,Product_2924_0,sports,493.9315095879733,33.826188610037406,active,2024-09-05
2925,Product_2925_0,home,337.3009030002067,87.90854601242484,inactive,2024-09-10
2926,Product_2926_0,home,92.10530851438195,182.37249012472572,inactive,2024-10-01
2927,Product_2927_0,clothing,322.6366838227614,355.5917481363289,active,2024-02-09
2928,Product_2928_0,home,67.97476724192148,387.7471327678752,archived,2024-09-04
2929,Product_2929_0,electronics,720.7817682829191,27.478736208947712,active,2024-02-24
2930,Product_2930_0,sports,219.76128331157895,424.85281998338473,pending,2024-05-17
2931,Product_2931_0,sports,944.3196301821442,420.37127883711526,pending,2024-09-23
2932,Product_2932_0,sports,406.3315517408882,176.57530429388245,pending,2024-10-10
2933,Product_2933_0,sports,653.2546120657191,33.04841592736978,active,2024-04-12
2934,Product_2934_0,books,99.47698648681511,340.70490456210985,pending,2024-05-20
2935,Product_2935_0,books,839.1842722668905,474.11950042806114,inactive,2024-03-25
2936,Product_2936_0,electronics,988.4729111818639,136.9412854083829,pending,2024-01-23
2937,Product_2937_0,clothing,202.63933118094184,238.9004962808233,inactive,2024-03-13
2938,Product_2938_0,sports,292.34683158357655,30.695698652992366,pending,2024-02-02
2939,Product_2939_0,books,121.81835718303988,387.4878306812507,archived,2024-05-05
2940,Product_2940_0,home,314.46260100339646,44.73642812114789,inactive,2024-12-03
2941,Product_2941_0,electronics,764.2866662329989,407.4119482575657,inactive,2024-08-21
2942,Product_2942_0,books,310.8446979672128,340.9090846659837,active,2024-12-13
2943,Product_2943_0,sports,460.7100884146999,199.01818789982136,pending,2024-09-12
2944,Product_2944_0,books,45.26717885074542,360.790903520168,pending,2024-03-17
2945,Product_2945_0,home,115.56057552422807,313.1331538655663,inactive,2024-10-10
2946,Product_2946_0,home,260.44648074902994,222.9483146242076,pending,2024-07-18
2947,Product_2947_0,sports,596.6219046594339,20.232675622948857,archived,2024-04-13
2948,Product_2948_0,sports,521.9286627268879,73.21572086724325,pending,2024-06-08
2949,Product_2949_0,home,778.1914169027067,416.3217566697206,pending,2024-03-03
2950,Product_2950_0,books,568.9156152254226,238.13956703422426,archived,2024-10-10
2951,Product_2951_0,clothing,796.5852350539302,210.52974592517313,archived,2024-05-22
2952,Product_2952_0,clothing,145.50913148451224,275.951801456127,pending,2024-10-05
2953,Product_2953_0,clothing,820.7175223127595,228.2510190261493,active,2024-05-22
2954,Product_2954_0,clothing,993.4341070695316,462.43794316491534,active,2024-07-22
2955,Product_2955_0,sports,660.144522175477,244.51009091695062,active,2024-03-07
2956,Product_2956_0,electronics,410.91853683637385,330.39665380891057,pending,2024-11-01
2957,Product_2957_0,electronics,897.142795560697,182.28821275771796,inactive,2024-09-16
2958,Product_2958_0,clothing,403.08805897356564,173.0131310207763,pending,2024-01-24
2959,Product_2959_0,home,114.18574075046399,197.67175427045618,pending,2024-04-14
2960,Product_2960_0,books,550.3117415660665,476.12325106990664,pending,2024-06-26
2961,Product_2961_0,electronics,95.12987763122862,401.71170089221596,active,2024-09-19
2962,Product_2962_0,clothing,543.661191929859,213.6955712815962,archived,2024-03-01
2963,Product_2963_0,home,759.2708419016313,357.20419540046186,active,2024-04-05
2964,Product_2964_0,clothing,896.8128755145772,40.359357494141705,pending,2024-10-01
2965,Product_2965_0,clothing,268.2123967841374,214.83609595995145,inactive,2024-07-01
2966,Product_2966_0,books,212.81142885000082,494.3748818266563,active,2024-08-12
2967,Product_2967_0,books,943.623336697539,63.32695459476055,pending,2024-08-13
2968,Product_2968_0,sports,333.0777005055802,187.21194562461517,pending,2024-06-04
2969,Product_2969_0,electronics,882.6599283364943,410.92240895142817,inactive,2024-05-18
2970,Product_2970_0,electronics,857.044717866258,386.00750768959307,archived,2024-11-04
2971,Product_2971_0,home,203.81042373246808,376.3318872645483,inactive,2024-10-09
2972,Product_2972_0,electronics,996.6060184140194,105.84352761808874,archived,2024-12-22
2973,Product_2973_0,home,230.12599811078803,428.3222890887322,pending,2024-02-05
2974,Product_2974_0,electronics,716.3135048675489,362.0055107465655,archived,2024-09-18
2975,Product_2975_0,sports,139.1783938486437,118.26245249523738,pending,2024-05-08
2976,Product_2976_0,home,140.06952867236956,368.65242679980224,active,2024-08-17
2977,Product_2977_0,sports,51.656626304411304,381.3439793541924,inactive,2024-04-13
2978,Product_2978_0,books,384.9047852448828,391.9384324351855,archived,2024-03-20
2979,Product_2979_0,sports,691.8612509005821,17.77513016437268,pending,2024-11-23
2980,Product_2980_0,sports,806.6211464504349,262.9061423968872,archived,2024-04-06
2981,Product_2981_0,sports,263.31814136118237,278.07930492506097,inactive,2024-08-18
2982,Product_2982_0,electronics,488.29246415658787,236.52240466148973,archived,2024-02-27
2983,Product_2983_0,home,196.58853803385713,184.99479166154157,active,2024-02-24
2984,Product_2984_0,electronics,166.35213795543555,16.200705502665507,inactive,2024-11-20
2985,Product_2985_0,clothing,338.8432820864531,120.91192757702511,active,2024-09-25
2986,Product_2986_0,books,942.3641873410231,368.25625331010707,archived,2024-04-26
2987,Product_2987_0,home,4.233606563646271,320.0250027447118,active,2024-03-15
2988,Product_2988_0,electronics,916.4276908481974,159.43643215723665,archived,2024-11-27
2989,Product_2989_0,home,522.9815859466422,322.8011659716228,inactive,2024-08-15
2990,Product_2990_0,electronics,668.0506934334015,320.3666107250491,inactive,2024-05-25
2991,Product_2991_0,electronics,787.2920066561735,187.07780774455753,pending,2024-12-06
2992,Product_2992_0,electronics,39.969790873992665,11.994165460067238,pending,2024-02-01
2993,Product_2993_0,sports,6.003449848871708,48.43810619911362,pending,2024-03-04
2994,Product_2994_0,electronics,275.71063565423765,52.30227313015389,archived,2024-11-12
2995,Product_2995_0,clothing,358.30032068381513,424.64998218926905,active,2024-12-17
2996,Product_2996_0,home,593.335518956385,80.69014161878727,pending,2024-12-13
2997,Product_2997_0,books,120.5209175931676,79.70807979987426,inactive,2024-03-28
2998,Product_2998_0,books,426.16688390338186,492.07197859695384,inactive,2024-02-23
2999,Product_2999_0,sports,692.0711424949025,133.5162927538937,pending,2024-03-18
3000,Product_3000_0,electronics,220.0348042248284,95.6199054063492,archived,2024-09-23
3001,Product_3001_0,electronics,779.1383830052439,229.73610972438672,pending,2024-08-22
3002,Product_3002_0,books,815.9619638944869,482.7126254146574,inactive,2024-08-25
3003,Product_3003_0,electronics,664.5120976833824,450.4430487400112,pending,2024-04-28
3004,Product_3004_0,home,558.9309493447564,458.25364154848404,active,2024-04-14
3005,Product_3005_0,clothing,485.085893595303,452.6389197416034,pending,2024-09-04
3006,Product_3006_0,books,389.5064155331246,418.31182390885994,pending,2024-02-25
3007,Product_3007_0,clothing,812.1642371278924,50.67057681469266,archived,2024-02-22
3008,Product_3008_0,electronics,171.64844169575957,457.6010006403906,active,2024-02-10
3009,Product_3009_0,clothing,39.557650557652934,402.8743070304102,pending,2024-08-08
3010,Product_3010_0,home,974.0018491413034,350.02559282835324,archived,2024-02-03
3011,Product_3011_0,clothing,699.8689306021294,290.98762312521154,archived,2024-02-11
3012,Product_3012_0,books,837.7587945542141,27.831605803281775,pending,2024-05-21
3013,Product_3013_0,books,568.9235683952946,285.2974793970482,inactive,2024-08-04
3014,Product_3014_0,electronics,198.17463522446332,118.71817842258301,active,2024-09-21
3015,Product_3015_0,sports,440.1334897865291,417.0861894394795,archived,2024-09-21
3016,Product_3016_0,sports,603.5415471315894,360.42604603725306,archived,2024-03-22
3017,Product_3017_0,home,419.62850066271767,221.0578229493496,inactive,2024-09-10
3018,Product_3018_0,electronics,76.58648639974982,286.3653546391835,active,2024-06-15
3019,Product_3019_0,sports,268.4839794429867,196.51767025111286,archived,2024-07-07
3020,Product_3020_0,sports,313.9576606160375,347.2395485549164,inactive,2024-10-23
3021,Product_3021_0,electronics,57.85453580372599,337.3694742481998,inactive,2024-12-23
3022,Product_3022_0,home,874.0224166033963,263.2356799665173,pending,2024-07-07
3023,Product_3023_0,sports,594.1003676780927,167.40029284989478,pending,2024-09-09
3024,Product_3024_0,clothing,328.2676367004236,345.10325859259746,pending,2024-03-25
3025,Product_3025_0,sports,997.5227658735229,141.79087748487814,inactive,2024-12-04
3026,Product_3026_0,clothing,248.4261901286598,376.81440682666374,pending,2024-04-22
3027,Product_3027_0,books,761.7521759014127,114.84275278571525,pending,2024-04-17
3028,Product_3028_0,books,441.9252764063437,82.45256763806437,inactive,2024-12-17
3029,Product_3029_0,clothing,949.7273479177796,116.60330184182588,active,2024-10-20
3030,Product_3030_0,sports,578.339992233578,471.7433766296667,archived,2024-10-20
3031,Product_3031_0,sports,977.8535615347031,119.40280796958763,pending,2024-07-27
3032,Product_3032_0,sports,982.1167788455235,136.91180217669557,archived,2024-05-12
3033,Product_3033_0,home,43.598615742683,260.39258141915684,inactive,2024-11-02
3034,Product_3034_0,sports,321.7877497783709,420.17985022105347,inactive,2024-10-06
3035,Product_3035_0,books,708.4256028441002,442.8084763350864,pending,2024-08-06
3036,Product_3036_0,electronics,527.5662170984446,295.1336502846514,archived,2024-07-15
3037,Product_3037_0,sports,321.7084960091947,281.58882187953407,pending,2024-06-27
3038,Product_3038_0,home,219.67759173733407,138.0768972840191,pending,2024-02-22
3039,Product_3039_0,sports,678.4187898725716,71.93973985154682,pending,2024-06-01
3040,Product_3040_0,clothing,25.18055275305316,183.43164363695377,inactive,2024-05-18
3041,Product_3041_0,electronics,106.36749427283475,440.0456510968235,inactive,2024-12-15
3042,Product_3042_0,sports,663.9332312278246,214.67928821616863,active,2024-06-16
3043,Product_3043_0,clothing,185.30038295815717,210.11925456336158,inactive,2024-08-03
3044,Product_3044_0,sports,906.2898209700097,178.83208260619364,active,2024-07-13
3045,Product_3045_0,books,250.92912571585927,461.76336312225055,active,2024-07-22
3046,Product_3046_0,sports,100.21306142155927,232.31043783603678,archived,2024-03-09
3047,Product_3047_0,clothing,155.2484544084067,489.8215029010447,active,2024-09-06
3048,Product_3048_0,electronics,288.1225868975997,464.31979156638903,active,2024-12-27
3049,Product_3049_0,books,664.6429823484916,356.7340756849432,archived,2024-10-08
3050,Product_3050_0,home,22.606797205728668,221.5088493279916,active,2024-04-14
3051,Product_3051_0,home,346.66000607753216,62.508632353022406,archived,2024-07-09
3052,Product_3052_0,sports,563.934487448801,86.63770950891258,archived,2024-02-12
3053,Product_3053_0,books,324.62343028161223,476.92129145699596,archived,2024-12-01
3054,Product_3054_0,books,352.1242519813359,365.66439634191937,archived,2024-02-12
3055,Product_3055_0,home,314.47010807906224,203.31601483237915,active,2024-08-22
3056,Product_3056_0,books,375.99942287331083,54.62376168256132,active,2024-06-22
3057,Product_3057_0,sports,560.0741309668756,499.6147525563149,active,2024-06-10
3058,Product_3058_0,electronics,699.7268834223216,219.12411413988735,active,2024-10-21
3059,Product_3059_0,electronics,495.571553657594,374.39161682272953,archived,2024-06-24
3060,Product_3060_0,sports,142.198842032231,279.40313624433526,inactive,2024-10-16
3061,Product_3061_0,clothing,626.5191059634689,75.53891334056885,archived,2024-05-10
3062,Product_3062_0,home,893.5865786778955,381.29887638656146,active,2024-02-22
3063,Product_3063_0,home,245.76976062407843,187.8278333395777,active,2024-07-09
3064,Product_3064_0,clothing,231.40044338749877,72.60349327260414,pending,2024-12-08
3065,Product_3065_0,sports,290.62150690909033,472.21563698617774,active,2024-10-16
3066,Product_3066_0,clothing,225.3258993734912,401.69657277888376,active,2024-03-22
3067,Product_3067_0,clothing,742.9256398061304,245.15888941719933,active,2024-07-26
3068,Product_3068_0,electronics,278.73066835090015,441.74075925635583,pending,2024-01-22
3069,Product_3069_0,sports,62.724695669315295,383.37933023123304,inactive,2024-04-13
3070,Product_3070_0,electronics,34.58575929883856,431.818219712933,active,2024-11-14
3071,Product_3071_0,clothing,94.44179970192758,71.74892957522097,active,2024-10-07
3072,Product_3072_0,electronics,498.4497070487595,95.4593003688333,inactive,2024-08-19
3073,Product_3073_0,sports,859.1473027921176,344.06247495294167,inactive,2024-08-19
3074,Product_3074_0,home,419.4161402968181,378.90067536692726,pending,2024-08-08
3075,Product_3075_0,home,754.5312452208855,72.90453947692146,active,2024-07-18
3076,Product_3076_0,clothing,855.653855741077,342.06448269956576,pending,2024-06-15
3077,Product_3077_0,clothing,766.3946749528326,22.782139535901138,active,2024-06-13
3078,Product_3078_0,home,343.71809547753173,433.7703562892317,inactive,2024-05-22
3079,Product_3079_0,sports,221.9780831159536,269.38822137951627,pending,2024-12-06
3080,Product_3080_0,books,391.1750665807919,435.08187564539924,inactive,2024-02-26
3081,Product_3081_0,electronics,114.67150999880698,98.8814130590706,active,2024-07-08
3082,Product_3082_0,books,214.15689312928006,25.661531833059954,pending,2024-09-26
3083,Product_3083_0,clothing,545.6205013387291,239.52365990595507,pending,2024-09-17
3084,Product_3084_0,clothing,287.66845242913905,303.2756593991411,active,2024-12-11
3085,Product_3085_0,clothing,600.6472261166049,210.37770229416822,pending,2024-02-12
3086,Product_3086_0,books,454.3590160843145,230.0130463579686,archived,2024-10-16
3087,Product_3087_0,clothing,350.2995973677775,18.419697920938546,inactive,2024-11-11
3088,Product_3088_0,books,445.16450842600216,72.08315228512558,active,2024-01-23
3089,Product_3089_0,sports,622.2683458679021,337.7110481957042,pending,2024-04-07
3090,Product_3090_0,clothing,932.8563024825168,351.3058673582943,pending,2024-11-20
3091,Product_3091_0,books,457.1898177206579,228.32189906003651,archived,2024-12-18
3092,Product_3092_0,sports,139.0194534056762,181.43922434446364,pending,2024-05-17
3093,Product_3093_0,clothing,206.4251655043717,140.21645312355756,archived,2024-07-03
3094,Product_3094_0,clothing,352.76674088007854,127.17028886817204,active,2024-04-21
3095,Product_3095_0,clothing,977.856992240109,269.10736066571206,pending,2024-08-03
3096,Product_3096_0,home,664.2012935438747,223.15711332943408,pending,2024-04-19
3097,Product_3097_0,sports,819.3199443437792,163.31915943981525,active,2024-09-14
3098,Product_3098_0,books,774.6257859571712,310.0278232418034,archived,2024-07-27
3099,Product_3099_0,electronics,575.6729617693628,487.2275345265511,pending,2024-09-19
3100,Product_3100_0,clothing,753.7051023814082,213.3490507930633,inactive,2024-12-08
3101,Product_3101_0,books,847.9638715387886,24.863660103624017,archived,2024-11-04
3102,Product_3102_0,electronics,112.77264366709775,411.4803415595732,active,2024-10-08
3103,Product_3103_0,sports,495.1013774828987,247.3793633822891,pending,2024-09-11
3104,Product_3104_0,clothing,387.87582955083275,290.84069979508,active,2024-10-02
3105,Product_3105_0,home,945.3970230676806,94.23925182354759,inactive,2024-11-04
3106,Product_3106_0,sports,157.8960860775052,264.1908461841725,active,2024-06-24
3107,Product_3107_0,books,912.5001899227475,178.79890924550728,pending,2024-07-06
3108,Product_3108_0,books,203.61841235425703,422.69386484759224,archived,2024-04-03
3109,Product_3109_0,electronics,394.3227828099003,51.96581822804936,active,2024-08-01
3110,Product_3110_0,clothing,170.0168133051268,338.5706877588874,pending,2024-08-27
3111,Product_3111_0,clothing,791.9613706891504,149.2418099025147,inactive,2024-06-28
3112,Product_3112_0,books,283.94623012314963,238.3418866274302,archived,2024-03-28
3113,Product_3113_0,sports,700.5222478009101,324.17112577988433,pending,2024-05-15
3114,Product_3114_0,sports,1.3930727385013328,487.968727781097,archived,2024-12-02
3115,Product_3115_0,books,696.8709680665303,25.214869743676964,pending,2024-01-27
3116,Product_3116_0,home,570.2308897581978,482.2416852611393,pending,2024-01-08
3117,Product_3117_0,books,476.4585819609445,101.91214932790277,archived,2024-01-21
3118,Product_3118_0,electronics,395.88538615749684,277.61421785146365,active,2024-09-18
3119,Product_3119_0,sports,347.6572427884458,266.5763615447426,archived,2024-04-16
3120,Product_3120_0,sports,446.31288676673415,355.9286438147386,inactive,2024-03-25
3121,Product_3121_0,home,997.9736503010167,171.2819123720995,inactive,2024-03-20
3122,Product_3122_0,books,953.5633841690169,187.393554987483,archived,2024-11-09
3123,Product_3123_0,home,896.2808631201657,117.87637363083881,pending,2024-09-15
3124,Product_3124_0,home,369.93684897534257,252.39518377037737,pending,2024-07-24
3125,Product_3125_0,electronics,771.5863270979422,461.8989482169008,inactive,2024-09-25
3126,Product_3126_0,sports,852.1653003586546,247.04025216456216,inactive,2024-08-27
3127,Product_3127_0,home,615.5672004826023,182.19371093312034,pending,2024-07-23
3128,Product_3128_0,books,178.691958663483,453.84731670688194,active,2024-08-18
3129,Product_3129_0,books,584.8803568189991,56.714971455063605,active,2024-05-09
3130,Product_3130_0,home,291.5891327376264,469.138104899537,archived,2024-07-10
3131,Product_3131_0,sports,72.78716888634077,269.8909845808565,pending,2024-02-19
3132,Product_3132_0,sports,464.5432985143859,346.7324918054296,pending,2024-05-22
3133,Product_3133_0,clothing,386.3284694050788,489.8993157582883,pending,2024-02-09
3134,Product_3134_0,electronics,849.1605799854055,275.74859587244765,inactive,2024-10-17
3135,Product_3135_0,sports,640.0352553673717,157.84893618557226,active,2024-08-20
3136,Product_3136_0,sports,838.9340304659263,411.27349145153033,inactive,2024-02-03
3137,Product_3137_0,books,880.4043289886774,169.5578343250367,inactive,2024-02-08
3138,Product_3138_0,sports,819.7671202620163,310.80051443018573,inactive,2024-07-01
3139,Product_3139_0,clothing,250.00485465962353,454.8993653552229,active,2024-01-03
3140,Product_3140_0,clothing,665.5541679966076,305.76345872322975,inactive,2024-12-23
3141,Product_3141_0,clothing,449.1174851960834,99.16949869910381,pending,2024-04-16
3142,Product_3142_0,electronics,940.5137449007938,353.9628916104912,pending,2024-07-27
3143,Product_3143_0,clothing,155.08774026873763,103.12812814697872,active,2024-07-01
3144,Product_3144_0,electronics,411.5040498569711,374.3905914950177,active,2024-02-27
3145,Product_3145_0,sports,864.9964627637339,459.51760807997545,active,2024-08-19
3146,Product_3146_0,books,93.70047808782363,262.10250033946363,active,2024-06-28
3147,Product_3147_0,clothing,873.4244759978274,216.45610672387204,active,2024-10-24
3148,Product_3148_0,books,348.98065170794587,415.78604642369413,archived,2024-03-25
3149,Product_3149_0,sports,57.80580910864361,304.57961625082254,inactive,2024-09-03
3150,Product_3150_0,sports,362.20001660119544,319.81616465605447,active,2024-11-21
3151,Product_3151_0,books,876.5010180312619,321.66979976519764,pending,2024-12-13
3152,Product_3152_0,electronics,970.1669360300398,335.9133739076123,pending,2024-12-13
3153,Product_3153_0,sports,242.70581033807304,383.2273596754979,archived,2024-09-27
3154,Product_3154_0,electronics,616.3579735208449,73.13554693777033,inactive,2024-08-21
3155,Product_3155_0,clothing,128.68865220318762,203.23390906103202,inactive,2024-08-02
3156,Product_3156_0,clothing,960.5201713217388,275.6734433267138,pending,2024-09-10
3157,Product_3157_0,sports,100.60412972186991,94.42384639283159,inactive,2024-01-27
3158,Product_3158_0,sports,803.2388049758052,490.349323457883,inactive,2024-06-27
3159,Product_3159_0,clothing,744.6904191108913,405.43363398637877,active,2024-05-28
3160,Product_3160_0,home,147.7239319027528,141.15849127100444,active,2024-01-11
3161,Product_3161_0,books,818.1838488507259,260.61607973100456,pending,2024-10-02
3162,Product_3162_0,home,451.51856572076446,479.64815408649906,inactive,2024-02-26
3163,Product_3163_0,books,864.9182841359533,367.32375262599686,pending,2024-12-21
3164,Product_3164_0,clothing,242.41765771274595,373.8953678704913,pending,2024-12-01
3165,Product_3165_0,clothing,124.60395255033323,376.8644581446383,archived,2024-04-14
3166,Product_3166_0,electronics,974.815851059838,308.9167543263091,inactive,2024-04-25
3167,Product_3167_0,books,771.2792630609222,324.5466589560914,pending,2024-06-21
3168,Product_3168_0,home,816.3017358752188,409.3093407391718,pending,2024-08-16
3169,Product_3169_0,clothing,174.07511800454066,189.85638026113241,archived,2024-10-25
3170,Product_3170_0,home,866.0220411383651,265.08560867148145,active,2024-03-25
3171,Product_3171_0,books,250.89957400287565,12.219000645097092,archived,2024-02-25
3172,Product_3172_0,books,239.08907469360022,230.05007677434295,pending,2024-01-15
3173,Product_3173_0,sports,20.415191946101576,417.880962514376,inactive,2024-11-24
3174,Product_3174_0,sports,535.6929431438239,304.3312953077905,inactive,2024-02-26
3175,Product_3175_0,clothing,325.58828459992924,226.49287824087799,active,2024-08-01
3176,Product_3176_0,sports,414.17574863402115,44.43127330444853,archived,2024-09-06
3177,Product_3177_0,sports,117.03614394626261,433.9053056335766,active,2024-07-15
3178,Product_3178_0,books,92.0286257994894,486.66162772973524,active,2024-11-01
3179,Product_3179_0,electronics,752.9171110249928,345.9987929825199,pending,2024-02-04
3180,Product_3180_0,electronics,251.36221064886038,150.3248164460441,archived,2024-11-09
3181,Product_3181_0,books,263.16878221328443,47.25850187953112,pending,2024-10-08
3182,Product_3182_0,sports,46.60732037075569,289.17966874766086,pending,2024-11-13
3183,Product_3183_0,home,677.3462869096819,14.894415406184956,inactive,2024-02-21
3184,Product_3184_0,home,785.1260049804754,16.113572607177645,inactive,2024-06-23
3185,Product_3185_0,home,791.9178062246614,149.2395819058732,inactive,2024-04-20
3186,Product_3186_0,books,72.54822617733954,138.34918990052964,pending,2024-12-02
3187,Product_3187_0,electronics,621.4405892015014,361.8003236954275,active,2024-02-03
3188,Product_3188_0,electronics,113.12985338471151,297.75808151632555,pending,2024-12-22
3189,Product_3189_0,sports,859.6278684764425,153.14192148134396,inactive,2024-01-21
3190,Product_3190_0,books,833.1247544409057,37.307009618885445,pending,2024-11-18
3191,Product_3191_0,electronics,300.51768446795717,438.83130854429305,pending,2024-04-26
3192,Product_3192_0,clothing,970.956706324791,369.75595689175384,pending,2024-09-14
3193,Product_3193_0,sports,837.7663333566001,38.16568951949167,inactive,2024-10-19
3194,Product_3194_0,clothing,214.12860899988834,409.9731845093383,archived,2024-06-06
3195,Product_3195_0,books,803.9678841704275,296.5060944274074,inactive,2024-01-01
3196,Product_3196_0,clothing,114.09496932145068,262.956951371184,inactive,2024-02-26
3197,Product_3197_0,clothing,134.28734518190717,143.6364174066069,active,2024-06-18
3198,Product_3198_0,books,634.3303572965741,311.14313051205886,pending,2024-10-13
3199,Product_3199_0,electronics,227.92757163735985,429.1431495394212,active,2024-06-25
3200,Product_3200_0,home,98.38220213501381,439.7018189252453,pending,2024-02-28
3201,Product_3201_0,home,997.9168299679509,472.4484224267601,archived,2024-10-04
3202,Product_3202_0,electronics,970.5078034705846,35.53025956327022,archived,2024-11-08
3203,Product_3203_0,electronics,393.8785885360192,91.8348276197496,inactive,2024-02-27
3204,Product_3204_0,electronics,347.30294964969875,273.32171341854956,archived,2024-02-09
3205,Product_3205_0,sports,501.0169306483414,470.38300981032734,inactive,2024-04-25
3206,Product_3206_0,home,517.6202498165842,480.12640296674977,archived,2024-04-08
3207,Product_3207_0,home,281.7178522595475,78.23721100022388,active,2024-12-28
3208,Product_3208_0,clothing,789.2366915708151,351.74240860836863,inactive,2024-07-14
3209,Product_3209_0,electronics,741.8233373078672,85.23012166738636,active,2024-08-26
3210,Product_3210_0,clothing,901.6250344047866,357.8323926055409,pending,2024-03-27
3211,Product_3211_0,electronics,86.20000761598985,474.9130147396921,inactive,2024-10-06
3212,Product_3212_0,books,423.6552877404842,478.79255337852027,inactive,2024-04-09
3213,Product_3213_0,sports,589.0722871088535,499.78060477931854,active,2024-05-24
3214,Product_3214_0,books,780.1573832977645,70.82435660411664,archived,2024-11-28
3215,Product_3215_0,electronics,526.4817948968464,310.8835787931261,archived,2024-02-03
3216,Product_3216_0,electronics,725.1581257810819,170.88448168128102,active,2024-08-06
3217,Product_3217_0,clothing,112.99880474627261,455.8603494420388,pending,2024-02-19
3218,Product_3218_0,books,54.653332891342295,327.6945163257743,active,2024-02-11
3219,Product_3219_0,electronics,76.70092832083424,398.91151699575505,archived,2024-07-17
3220,Product_3220_0,home,199.62525620650797,490.36474388568274,pending,2024-11-03
3221,Product_3221_0,electronics,741.0463344589474,327.104991833822,pending,2024-07-27
3222,Product_3222_0,electronics,637.4311605553119,39.84063706557106,pending,2024-11-10
3223,Product_3223_0,sports,869.7519762998312,136.51181524431428,pending,2024-03-13
3224,Product_3224_0,electronics,927.9707580982612,468.6024790132371,active,2024-11-28
3225,Product_3225_0,clothing,434.05330928146384,348.3674165357725,archived,2024-09-03
3226,Product_3226_0,books,936.2146590657233,216.03299048032818,archived,2024-02-07
3227,Product_3227_0,clothing,371.94697076755585,291.09390302000446,active,2024-02-02
3228,Product_3228_0,electronics,688.6337073786727,23.394344155087126,pending,2024-03-13
3229,Product_3229_0,clothing,381.77208912841616,494.0653031223985,pending,2024-10-19
3230,Product_3230_0,sports,415.3611011408881,25.145708403775586,inactive,2024-10-21
3231,Product_3231_0,books,610.6530849716198,14.405620063276215,active,2024-12-27
3232,Product_3232_0,clothing,198.62841972212507,305.6032620520931,pending,2024-08-07
3233,Product_3233_0,clothing,565.6196268736768,223.259973301926,pending,2024-05-01
3234,Product_3234_0,books,833.5476005760398,369.0194494638318,archived,2024-08-11
3235,Product_3235_0,home,419.12176286984345,72.82208682269342,active,2024-07-09
3236,Product_3236_0,home,390.82555148058276,288.72250055442794,inactive,2024-05-05
3237,Product_3237_0,sports,995.1029046438496,373.5600877720797,archived,2024-01-03
3238,Product_3238_0,books,460.43267861567693,372.91042550860203,archived,2024-10-18
3239,Product_3239_0,clothing,942.4262018012915,389.7186444889745,active,2024-06-01
3240,Product_3240_0,home,848.735775499769,81.01935366894106,archived,2024-06-03
3241,Product_3241_0,electronics,932.8803769488659,214.2620531761356,active,2024-11-02
3242,Product_3242_0,books,477.79261511609536,43.809300338010395,archived,2024-08-28
3243,Product_3243_0,home,456.1901203370118,184.72131196820206,active,2024-03-14
3244,Product_3244_0,sports,489.3139695008015,122.85747136050317,inactive,2024-11-25
3245,Product_3245_0,home,272.524039886584,342.79675805385864,active,2024-09-13
3246,Product_3246_0,clothing,780.3740765608653,453.4364385985533,pending,2024-02-17
3247,Product_3247_0,clothing,125.65661316713687,109.72109911051035,active,2024-11-04
3248,Product_3248_0,electronics,692.9863663083702,238.42655618362605,archived,2024-03-22
3249,Product_3249_0,home,48.72846123048927,405.72784257496903,archived,2024-02-05
3250,Product_3250_0,electronics,272.04021520712706,395.11743758252317,pending,2024-12-13
3251,Product_3251_0,home,215.23236319815175,338.26425795309353,inactive,2024-09-16
3252,Product_3252_0,electronics,537.5222316148947,88.05852027418106,active,2024-10-06
3253,Product_3253_0,electronics,418.74278872585677,354.9806647846743,active,2024-07-07
3254,Product_3254_0,sports,282.2020431897348,472.18414021257644,inactive,2024-07-03
3255,Product_3255_0,electronics,272.400682844447,481.3964612411147,pending,2024-12-24
3256,Product_3256_0,home,249.9788535559257,10.77407209225538,active,2024-08-03
3257,Product_3257_0,home,208.36240662246456,28.049857454065492,active,2024-01-13
3258,Product_3258_0,books,682.0162384831835,354.64566803738114,archived,2024-02-25
3259,Product_3259_0,electronics,549.0109442452806,17.79729992065354,inactive,2024-02-28
3260,Product_3260_0,clothing,416.76422985372955,388.18817070940275,active,2024-09-01
3261,Product_3261_0,home,201.44588949722007,260.6199533410846,pending,2024-02-09
3262,Product_3262_0,clothing,310.0958119983305,233.28181027330848,archived,2024-07-04
3263,Product_3263_0,home,307.908135211307,258.9141255809909,archived,2024-11-05
3264,Product_3264_0,clothing,983.8585076306402,185.0022863885499,pending,2024-02-12
3265,Product_3265_0,electronics,732.6874396235704,193.19803243952967,active,2024-07-24
3266,Product_3266_0,clothing,533.6629427318389,390.5256786761643,inactive,2024-10-04
3267,Product_3267_0,books,475.4399806256088,497.63941780264753,archived,2024-01-19
3268,Product_3268_0,home,508.25868332261797,297.4223231742501,pending,2024-12-15
3269,Product_3269_0,sports,273.0322596691657,493.04722368201675,archived,2024-12-04
3270,Product_3270_0,books,311.37033383839116,87.27688082078349,pending,2024-03-18
3271,Product_3271_0,books,224.98951108786787,242.1617420118136,active,2024-10-24
3272,Product_3272_0,books,450.6943826813308,442.5259289717741,pending,2024-01-13
3273,Product_3273_0,books,107.30360702039958,477.8174224266356,pending,2024-12-16
3274,Product_3274_0,books,860.9833708565706,257.1337730047589,active,2024-11-03
3275,Product_3275_0,home,982.8037191720277,205.31938931082937,inactive,2024-01-07
3276,Product_3276_0,home,550.1278255252146,223.66026969874892,pending,2024-01-08
3277,Product_3277_0,clothing,50.85905957085192,138.08073857333312,active,2024-11-16
3278,Product_3278_0,home,58.70100576394215,317.3992549599746,archived,2024-11-10
3279,Product_3279_0,electronics,482.81830833461476,226.9325346599007,pending,2024-01-26
3280,Product_3280_0,books,859.8273863963598,218.48328880314094,archived,2024-02-18
3281,Product_3281_0,sports,941.5744096395722,344.7395913192716,inactive,2024-11-20
3282,Product_3282_0,clothing,23.611026136160817,253.3169071515583,active,2024-05-22
3283,Product_3283_0,electronics,659.803563602221,109.16035425598535,active,2024-04-25
3284,Product_3284_0,clothing,639.4810048445707,105.59400125150115,inactive,2024-01-17
3285,Product_3285_0,sports,946.802867135481,118.00735859890816,pending,2024-01-14
3286,Product_3286_0,books,685.6506718586545,457.49152267132166,pending,2024-10-08
3287,Product_3287_0,electronics,411.77307240091415,192.64582387691416,archived,2024-05-20
3288,Product_3288_0,home,549.0223413079198,259.2228955487701,archived,2024-12-06
3289,Product_3289_0,sports,413.1939179301959,485.85579495596414,active,2024-01-06
3290,Product_3290_0,clothing,842.4844999780838,403.5682569878827,active,2024-08-23
3291,Product_3291_0,clothing,992.883120062778,97.95635533055727,archived,2024-07-28
3292,Product_3292_0,electronics,589.4314226869045,173.64192168323862,active,2024-04-02
3293,Product_3293_0,clothing,697.3867269292344,20.17214582037782,pending,2024-06-26
3294,Product_3294_0,clothing,78.81075291128487,83.35506438609768,pending,2024-07-08
3295,Product_3295_0,home,896.6936311567632,360.8626134974339,pending,2024-04-26
3296,Product_3296_0,electronics,550.0720657828946,151.21700344003744,inactive,2024-07-19
3297,Product_3297_0,home,935.3149649667082,169.66542178082543,inactive,2024-03-15
3298,Product_3298_0,electronics,174.15862037325982,146.46379579073846,pending,2024-02-05
3299,Product_3299_0,clothing,276.2792720767235,368.310903469154,active,2024-07-01
3300,Product_3300_0,books,408.78983982096884,311.20926411645985,active,2024-03-22
3301,Product_3301_0,books,716.9397883287426,169.05639861159713,inactive,2024-06-06
3302,Product_3302_0,sports,664.4444652847224,17.495769870521176,active,2024-02-08
3303,Product_3303_0,books,728.593285423268,91.45145175716,inactive,2024-04-15
3304,Product_3304_0,clothing,224.74213121588218,480.9960295527778,pending,2024-12-18
3305,Product_3305_0,clothing,8.538664516946245,121.38204271190982,pending,2024-04-07
3306,Product_3306_0,home,314.5120296733695,139.5313628874531,pending,2024-08-18
3307,Product_3307_0,sports,990.4267649789072,55.22261806771963,active,2024-11-02
3308,Product_3308_0,clothing,185.67504842423648,449.73038311863047,inactive,2024-08-16
3309,Product_3309_0,sports,907.1799921531382,471.300607274734,active,2024-01-11
3310,Product_3310_0,home,223.85935533282074,82.9124068252948,active,2024-01-07
3311,Product_3311_0,home,711.5457738587138,171.08118024413193,pending,2024-07-27
3312,Product_3312_0,sports,874.3285188071494,236.54367760808304,pending,2024-09-24
3313,Product_3313_0,electronics,679.0588198188212,126.58860502354759,archived,2024-10-25
3314,Product_3314_0,clothing,477.80157363111954,183.53880424434692,archived,2024-12-26
3315,Product_3315_0,books,377.55466549864144,301.09072162652296,pending,2024-02-23
3316,Product_3316_0,sports,388.78025680578577,23.128201100547745,active,2024-12-13
3317,Product_3317_0,electronics,861.2629131163503,438.54626094513213,archived,2024-02-11
3318,Product_3318_0,books,667.4953027346938,248.64680507264845,active,2024-01-01
3319,Product_3319_0,clothing,38.340886225580576,478.87390762405283,archived,2024-01-18
3320,Product_3320_0,electronics,826.7717008816184,16.949162462346447,pending,2024-05-10
3321,Product_3321_0,books,902.0240995891664,245.04375478254974,archived,2024-06-24
3322,Product_3322_0,home,157.842450762722,267.99562345963284,pending,2024-05-19
3323,Product_3323_0,electronics,752.5946438182032,485.4710298604919,pending,2024-10-11
3324,Product_3324_0,home,858.2745752341801,128.5549390724784,pending,2024-12-26
3325,Product_3325_0,clothing,555.6675335300029,337.05169464167506,pending,2024-03-04
3326,Product_3326_0,sports,668.6890639394238,335.1240106174337,pending,2024-08-02
3327,Product_3327_0,books,417.6732315182745,479.71664566384885,inactive,2024-10-19
3328,Product_3328_0,electronics,327.0413556586712,209.57149720284715,inactive,2024-07-27
3329,Product_3329_0,sports,656.8181322962586,492.0832641590704,pending,2024-06-09
3330,Product_3330_0,sports,577.577075571291,482.81045040307794,inactive,2024-06-08
3331,Product_3331_0,home,95.91292547286562,413.09466383402366,pending,2024-11-05
3332,Product_3332_0,clothing,133.22442869804283,141.62582383649305,pending,2024-09-15
3333,Product_3333_0,books,507.43230247427215,360.0985237851134,pending,2024-08-04
3334,Product_3334_0,clothing,551.8313018541155,485.33764661782664,archived,2024-04-15
3335,Product_3335_0,clothing,868.39072656654,89.42794617037296,pending,2024-05-09
3336,Product_3336_0,books,461.2310650161235,221.39241888472094,pending,2024-09-22
3337,Product_3337_0,home,297.40530759704217,46.91987395350258,inactive,2024-11-08
3338,Product_3338_0,electronics,107.72450901649376,433.89137382351703,pending,2024-02-05
3339,Product_3339_0,sports,199.01168182421657,177.17539223336456,archived,2024-11-26
3340,Product_3340_0,clothing,356.28696987137204,285.2984544066897,archived,2024-11-07
3341,Product_3341_0,electronics,403.0348912945074,417.41346446906516,active,2024-02-08
3342,Product_3342_0,home,126.00577859341524,162.06750883183216,archived,2024-12-16
3343,Product_3343_0,home,81.90284672392296,384.5646346209767,active,2024-04-28
3344,Product_3344_0,clothing,81.1813729675679,380.5590489413995,active,2024-11-14
3345,Product_3345_0,sports,326.3849104540263,212.55513045202622,active,2024-05-15
3346,Product_3346_0,books,634.5847895859531,257.34333693706867,active,2024-06-03
3347,Product_3347_0,clothing,237.42960461022105,392.03333901968597,inactive,2024-09-24
3348,Product_3348_0,sports,700.7671047527741,81.95952122563514,inactive,2024-03-16
3349,Product_3349_0,books,940.5319576003716,197.58214659578678,archived,2024-10-20
3350,Product_3350_0,home,916.4109101193237,400.00354484458575,inactive,2024-04-19
3351,Product_3351_0,books,775.210074490779,291.0314827710718,pending,2024-07-14
3352,Product_3352_0,home,624.1868356902946,22.111182472559356,pending,2024-10-10
3353,Product_3353_0,clothing,444.5256922259875,380.89344841781735,pending,2024-09-23
3354,Product_3354_0,home,999.7037082877797,302.19299562925863,archived,2024-09-19
3355,Product_3355_0,sports,898.2338990140217,433.8728761949938,archived,2024-06-16
3356,Product_3356_0,home,9.710068576861707,43.5299603777196,pending,2024-02-12
3357,Product_3357_0,home,600.9110890191267,202.60748812220757,archived,2024-08-19
3358,Product_3358_0,home,132.5352021346338,398.3656312594348,archived,2024-05-27
3359,Product_3359_0,clothing,708.0163971537197,69.36745797033163,pending,2024-03-28
3360,Product_3360_0,home,263.533519033599,265.27341122728075,inactive,2024-08-06
3361,Product_3361_0,electronics,732.2007959928736,257.2971561586942,active,2024-02-13
3362,Product_3362_0,books,850.7657487199316,251.55654839774104,archived,2024-09-20
3363,Product_3363_0,clothing,509.69399683562733,305.34145650456713,archived,2024-03-09
3364,Product_3364_0,clothing,808.6219214288211,214.17579944978516,inactive,2024-12-19
3365,Product_3365_0,home,169.50511423338335,339.12899479300955,inactive,2024-02-02
3366,Product_3366_0,sports,189.93647610987452,414.3726043995369,pending,2024-06-20
3367,Product_3367_0,books,967.7215706968755,235.1429188776244,inactive,2024-07-12
3368,Product_3368_0,sports,94.71984701207913,226.5984445504295,inactive,2024-01-28
3369,Product_3369_0,clothing,26.96216730139788,481.7014356728264,pending,2024-09-27
3370,Product_3370_0,clothing,856.3399155705742,33.23004077984022,pending,2024-02-20
3371,Product_3371_0,books,743.0451984137744,494.72214514839175,pending,2024-03-22
3372,Product_3372_0,sports,355.7652135100247,62.118602969985666,pending,2024-06-25
3373,Product_3373_0,clothing,889.3347536613546,112.02541374362025,archived,2024-08-09
3374,Product_3374_0,books,539.4152632648318,390.0605788619654,inactive,2024-09-16
3375,Product_3375_0,sports,376.4360563202154,416.62193036772686,pending,2024-04-03
3376,Product_3376_0,books,770.3843418303923,111.72446001604317,archived,2024-04-18
3377,Product_3377_0,sports,635.1797593212431,389.89611436986127,archived,2024-04-14
3378,Product_3378_0,sports,243.38966536339026,344.9702022496891,active,2024-08-16
3379,Product_3379_0,clothing,719.1285564472307,489.7599294564811,inactive,2024-05-02
3380,Product_3380_0,electronics,323.04080029711,488.8961606789741,active,2024-02-14
3381,Product_3381_0,home,989.1966759087194,221.65410366556017,active,2024-09-01
3382,Product_3382_0,home,485.66614955592735,250.40838497935937,inactive,2024-06-07
3383,Product_3383_0,electronics,6.123570606064929,397.51427091312274,inactive,2024-10-06
3384,Product_3384_0,sports,17.805721245470586,124.43014871454362,inactive,2024-07-20
3385,Product_3385_0,electronics,258.2774706556473,10.31330783785428,archived,2024-04-19
3386,Product_3386_0,electronics,972.2437500127032,358.07439699951857,inactive,2024-07-03
3387,Product_3387_0,books,430.4489077932939,420.09788723788284,inactive,2024-01-26
3388,Product_3388_0,electronics,544.1329615841395,259.94060291095775,archived,2024-02-24
3389,Product_3389_0,home,26.350367860966273,223.10094338461985,inactive,2024-11-06
3390,Product_3390_0,sports,946.3770545037769,446.6640744376238,active,2024-03-16
3391,Product_3391_0,books,526.2643281660103,119.45489220526366,archived,2024-10-17
3392,Product_3392_0,clothing,267.0263940057835,461.81107991032434,pending,2024-01-28
3393,Product_3393_0,books,311.6409265733623,381.9846406650737,archived,2024-04-07
3394,Product_3394_0,home,665.3417937744488,44.59527919358223,active,2024-10-14
3395,Product_3395_0,home,521.0263895651659,315.6418550911621,pending,2024-12-14
3396,Product_3396_0,clothing,323.0776557780973,182.9068514239508,pending,2024-12-19
3397,Product_3397_0,clothing,210.8637167577315,411.14936256883516,active,2024-10-12
3398,Product_3398_0,books,827.4210715340132,370.34240517478867,archived,2024-09-10
3399,Product_3399_0,sports,845.7320299973334,252.52813325318704,inactive,2024-11-13
3400,Product_3400_0,sports,477.27917611726787,223.68136596395115,inactive,2024-11-10
3401,Product_3401_0,clothing,960.3040653672003,57.68910362559813,archived,2024-03-05
3402,Product_3402_0,sports,390.57202964976716,335.7096257876376,active,2024-05-21
3403,Product_3403_0,home,775.9110822157758,224.8347644350215,active,2024-10-26
3404,Product_3404_0,clothing,114.93550032707608,195.5174976758697,archived,2024-01-19
3405,Product_3405_0,books,886.6505923738665,205.74882572410795,active,2024-03-20
3406,Product_3406_0,clothing,184.01686590450942,13.847896149800183,inactive,2024-12-26
3407,Product_3407_0,electronics,867.7993845737379,130.45117537692173,active,2024-05-14
3408,Product_3408_0,clothing,622.4211211561328,234.3972024950052,active,2024-04-10
3409,Product_3409_0,books,737.2617727871534,136.39553934899482,inactive,2024-07-07
3410,Product_3410_0,books,72.27888917311542,336.65016162380164,archived,2024-06-02
3411,Product_3411_0,electronics,981.9015936226747,120.00234928150306,inactive,2024-03-26
3412,Product_3412_0,sports,226.98634257213973,36.60502918482875,inactive,2024-05-06
3413,Product_3413_0,sports,701.3790922558916,343.413706038218,pending,2024-03-15
3414,Product_3414_0,books,383.705458150732,153.5744689439161,active,2024-12-19
3415,Product_3415_0,clothing,571.9449276372663,378.9001167265772,active,2024-09-06
3416,Product_3416_0,sports,389.347707462291,492.9850805461166,active,2024-10-06
3417,Product_3417_0,sports,537.7863542895315,230.26726111937356,active,2024-07-24
3418,Product_3418_0,electronics,694.7147246831205,47.730663474500275,pending,2024-03-06
3419,Product_3419_0,home,517.7140106044517,37.46294023693515,inactive,2024-05-02
3420,Product_3420_0,books,313.32422847441745,12.39341355052038,archived,2024-05-25
3421,Product_3421_0,home,956.7739012521427,189.56114370288378,pending,2024-07-19
3422,Product_3422_0,electronics,536.7000817785002,135.41763075006438,archived,2024-06-18
3423,Product_3423_0,books,100.20466761566543,478.0054289146295,inactive,2024-10-01
3424,Product_3424_0,clothing,354.16183485540273,55.34868561207376,active,2024-06-12
3425,Product_3425_0,home,560.6994961526926,183.37390545336413,inactive,2024-02-17
3426,Product_3426_0,electronics,229.4906756762104,448.89598376922476,archived,2024-09-14
3427,Product_3427_0,clothing,469.1685049889695,152.64763402992241,active,2024-11-23
3428,Product_3428_0,books,849.1045533035664,454.9442013273889,active,2024-03-25
3429,Product_3429_0,books,625.927965770153,115.40008815177474,inactive,2024-07-21
3430,Product_3430_0,clothing,809.555086869415,384.6882354768065,archived,2024-07-15
3431,Product_3431_0,books,973.7942206319194,75.26193765720569,inactive,2024-07-01
3432,Product_3432_0,sports,835.5452707154026,233.0554769503295,archived,2024-10-08
3433,Product_3433_0,electronics,29.518000158939515,300.23139712245245,inactive,2024-02-19
3434,Product_3434_0,home,890.0511179575341,424.61774462781943,pending,2024-03-12
3435,Product_3435_0,books,527.4933902447839,50.77275900437295,inactive,2024-10-04
3436,Product_3436_0,books,835.8725702540017,430.1314537721996,active,2024-03-16
3437,Product_3437_0,electronics,208.36952186163856,434.0266622918232,pending,2024-01-13
3438,Product_3438_0,electronics,992.1760412939161,439.4892687091997,archived,2024-04-05
3439,Product_3439_0,sports,825.0747046524282,480.71176722171845,pending,2024-08-13
3440,Product_3440_0,sports,218.83767646629988,350.03045865705354,pending,2024-02-13
3441,Product_3441_0,home,368.7853446179211,456.66335184553077,active,2024-03-20
3442,Product_3442_0,electronics,279.5441038021765,217.34446996990562,inactive,2024-07-09
3443,Product_3443_0,books,855.5776770482371,209.30474554299047,inactive,2024-04-11
3444,Product_3444_0,books,634.3394988060348,309.8965176804359,active,2024-06-26
3445,Product_3445_0,sports,400.4634175555616,241.9214544308605,active,2024-01-16
3446,Product_3446_0,books,400.617221117837,83.01157050891516,active,2024-06-16
3447,Product_3447_0,home,762.8895349081704,58.59119806767572,active,2024-07-24
3448,Product_3448_0,sports,239.25145152997985,124.86524303283086,archived,2024-05-01
3449,Product_3449_0,sports,607.8112044332174,54.03507964013946,inactive,2024-03-04
3450,Product_3450_0,home,302.45595113999525,61.226813801042894,inactive,2024-03-15
3451,Product_3451_0,sports,71.51809086847115,397.60829094790233,inactive,2024-01-09
3452,Product_3452_0,clothing,154.5855134295797,12.238490199859976,inactive,2024-06-14
3453,Product_3453_0,clothing,721.6966575465648,245.81042683495133,inactive,2024-03-03
3454,Product_3454_0,home,223.9949335360236,280.3632789555042,inactive,2024-06-01
3455,Product_3455_0,home,387.4866907654528,418.5084231228337,archived,2024-11-05
3456,Product_3456_0,sports,136.67439532540033,345.153466234706,archived,2024-09-16
3457,Product_3457_0,home,885.3955491853083,375.5187253608739,active,2024-04-26
3458,Product_3458_0,sports,912.2117967856572,140.09735395100947,archived,2024-04-15
3459,Product_3459_0,books,745.5527882149627,388.9837744374515,active,2024-05-21
3460,Product_3460_0,sports,431.37851278786894,228.80151692498754,active,2024-10-26
3461,Product_3461_0,books,752.3884952727733,491.64702105615396,pending,2024-01-06
3462,Product_3462_0,books,341.0514827701802,175.67259872426888,pending,2024-11-28
3463,Product_3463_0,sports,878.472581472845,19.177776063731656,pending,2024-05-19
3464,Product_3464_0,books,407.2647458463472,205.23478845007992,inactive,2024-10-08
3465,Product_3465_0,sports,795.0159466130651,365.37313295271633,inactive,2024-04-26
3466,Product_3466_0,clothing,550.5323857659663,238.79627818113826,pending,2024-07-23
3467,Product_3467_0,books,933.0181399628611,478.8945862657709,archived,2024-12-14
3468,Product_3468_0,electronics,850.4472566273554,234.49298852934336,inactive,2024-10-20
3469,Product_3469_0,sports,893.9230522162002,10.40559282597627,active,2024-05-21
3470,Product_3470_0,books,271.94725435080824,61.872557271314825,inactive,2024-12-26
3471,Product_3471_0,home,450.5269950701277,90.30250015238968,active,2024-09-12
3472,Product_3472_0,clothing,781.8027334375994,182.49022378265826,active,2024-10-20
3473,Product_3473_0,sports,944.2901810707942,449.81536644330936,pending,2024-07-24
3474,Product_3474_0,books,205.0797180132477,130.97752824705364,active,2024-08-06
3475,Product_3475_0,sports,175.37933419513826,272.7004286507073,active,2024-10-05
3476,Product_3476_0,clothing,481.51557603115884,376.9411670739472,active,2024-01-25
3477,Product_3477_0,clothing,607.9224692318094,208.44789346469673,active,2024-12-25
3478,Product_3478_0,books,818.896084465625,485.75903824669143,pending,2024-02-19
3479,Product_3479_0,books,190.36821091394233,461.9726072210752,inactive,2024-10-03
3480,Product_3480_0,clothing,910.4599884940004,324.08082100157986,inactive,2024-01-07
3481,Product_3481_0,books,258.87450572369477,63.29334441762896,archived,2024-04-28
3482,Product_3482_0,home,383.9196760642526,169.2587459396974,active,2024-05-16
3483,Product_3483_0,books,466.92573662279034,74.3215814455434,inactive,2024-02-01
3484,Product_3484_0,electronics,201.5437291843301,441.9235745396598,inactive,2024-02-19
3485,Product_3485_0,home,518.8219685678903,432.8147886073833,pending,2024-06-02
3486,Product_3486_0,electronics,341.51788394737235,53.5641476199871,archived,2024-11-23
3487,Product_3487_0,sports,860.6371722214287,324.9813098632901,active,2024-12-19
3488,Product_3488_0,electronics,74.2436994715126,271.34246285139255,pending,2024-11-04
3489,Product_3489_0,electronics,862.3061809133328,420.69390450440727,archived,2024-11-24
3490,Product_3490_0,clothing,890.8432887142274,147.23707254876737,archived,2024-01-15
3491,Product_3491_0,books,518.2043002510931,109.09916220750208,inactive,2024-03-11
3492,Product_3492_0,home,333.280060517922,498.0187784426116,active,2024-11-11
3493,Product_3493_0,clothing,517.5625730085907,22.71764894585799,inactive,2024-04-09
3494,Product_3494_0,sports,462.9694610580759,194.3987499749722,archived,2024-08-02
3495,Product_3495_0,home,390.6448612301459,29.907295774701996,inactive,2024-07-02
3496,Product_3496_0,sports,695.0157831617382,355.91850003994625,archived,2024-06-20
3497,Product_3497_0,books,377.1375801987492,189.06435507082438,inactive,2024-09-17
3498,Product_3498_0,sports,315.9512494281401,287.94571428512023,inactive,2024-03-25
3499,Product_3499_0,clothing,945.2626601083266,307.4824369746327,pending,2024-03-14
3500,Product_3500_0,clothing,222.08772091652114,373.25860792697256,active,2024-09-10
3501,Product_3501_0,home,409.2790827686443,180.25746870075295,inactive,2024-12-25
3502,Product_3502_0,sports,265.67299222022075,293.3010782330193,archived,2024-02-03
3503,Product_3503_0,sports,988.275731068359,279.2830221832927,archived,2024-08-17
3504,Product_3504_0,books,370.9915374149397,220.54811210531446,inactive,2024-01-27
3505,Product_3505_0,sports,209.77733977517283,201.05198684943966,active,2024-12-16
3506,Product_3506_0,electronics,880.9762076553544,464.3318916120589,active,2024-01-19
3507,Product_3507_0,books,817.1324507707291,139.43175904979535,archived,2024-06-06
3508,Product_3508_0,home,383.84971011994224,263.50918767406154,inactive,2024-04-15
3509,Product_3509_0,home,710.2635177087286,71.71059204191971,archived,2024-07-26
3510,Product_3510_0,books,395.3625475219479,441.52971897310374,active,2024-11-27
3511,Product_3511_0,sports,711.1126649716787,172.5433328373493,pending,2024-01-09
3512,Product_3512_0,electronics,201.28196436022793,218.241658964204,archived,2024-03-13
3513,Product_3513_0,sports,339.80676685396884,336.93992022158596,archived,2024-06-05
3514,Product_3514_0,books,766.8840726570675,179.35677875203837,pending,2024-06-12
3515,Product_3515_0,books,88.19212095940047,354.4593733043617,archived,2024-12-08
3516,Product_3516_0,sports,862.7561308235001,357.4564906981195,archived,2024-11-13
3517,Product_3517_0,clothing,158.10109468190814,325.72967056685485,archived,2024-11-17
3518,Product_3518_0,books,128.32919022093876,289.4878285193436,archived,2024-04-07
3519,Product_3519_0,home,274.11981926873153,277.63111295975415,active,2024-12-28
3520,Product_3520_0,electronics,446.3019375351058,224.9111936919745,archived,2024-04-13
3521,Product_3521_0,electronics,303.1916893721983,288.96283027612316,archived,2024-02-14
3522,Product_3522_0,electronics,813.41094104307,111.70861715387706,pending,2024-06-28
3523,Product_3523_0,electronics,834.4499168641134,376.9874216837255,archived,2024-10-10
3524,Product_3524_0,books,177.47937828084702,355.9743296238867,inactive,2024-09-12
3525,Product_3525_0,home,940.7921502762063,250.47724199864763,active,2024-07-07
3526,Product_3526_0,books,491.711925214804,348.7053646548803,archived,2024-06-16
3527,Product_3527_0,electronics,596.8503003750161,208.5216986605411,inactive,2024-03-21
3528,Product_3528_0,electronics,92.07758603329597,355.1691451678055,inactive,2024-12-11
3529,Product_3529_0,clothing,49.05050775867334,60.385850975618624,pending,2024-10-25
3530,Product_3530_0,sports,153.18736743177274,306.11545914565244,inactive,2024-05-03
3531,Product_3531_0,clothing,919.2254055313115,279.53515410799866,inactive,2024-04-16
3532,Product_3532_0,sports,364.59759379118077,407.59481477413755,archived,2024-10-17
3533,Product_3533_0,books,944.8260162325423,197.11805663166547,active,2024-12-10
3534,Product_3534_0,clothing,690.431045215779,412.25171970503976,pending,2024-07-07
3535,Product_3535_0,home,886.1924231350797,468.0991963868145,inactive,2024-01-13
3536,Product_3536_0,clothing,279.777532403314,227.9298317089195,archived,2024-01-17
3537,Product_3537_0,clothing,351.25238082861694,123.00608177045297,inactive,2024-06-04
3538,Product_3538_0,books,780.8350652431211,401.3115856446594,inactive,2024-01-09
3539,Product_3539_0,clothing,923.531687244438,52.99685216095289,archived,2024-11-09
3540,Product_3540_0,books,305.9415967127741,310.58419597976194,active,2024-04-05
3541,Product_3541_0,sports,213.47794599862542,174.52826502361006,archived,2024-12-25
3542,Product_3542_0,electronics,248.10674642639427,83.14630960278497,active,2024-11-18
3543,Product_3543_0,electronics,383.2049981187404,71.11524694504209,archived,2024-01-22
3544,Product_3544_0,electronics,894.1696573227407,370.4780508039002,active,2024-06-20
3545,Product_3545_0,home,163.73603785326645,111.25940684238343,pending,2024-05-06
3546,Product_3546_0,books,846.1609432438709,99.86057811852062,pending,2024-09-14
3547,Product_3547_0,home,834.1861363095611,440.6150186863817,inactive,2024-04-28
3548,Product_3548_0,books,685.7772715339228,320.1602024436966,pending,2024-09-03
3549,Product_3549_0,sports,178.02947033472768,490.9041678033743,pending,2024-02-09
3550,Product_3550_0,sports,116.13041286680753,369.1589740847716,active,2024-05-16
3551,Product_3551_0,home,248.18629681378494,202.1917396440338,inactive,2024-07-24
3552,Product_3552_0,home,189.6813294332267,45.0549937491669,archived,2024-02-13
3553,Product_3553_0,home,692.8276918239883,446.803110121437,pending,2024-01-18
3554,Product_3554_0,home,381.1312382698984,442.37430579574425,archived,2024-12-18
3555,Product_3555_0,home,690.7165646164799,80.38909355566639,pending,2024-02-27
3556,Product_3556_0,books,565.1639671742108,200.7726610154446,archived,2024-05-24
3557,Product_3557_0,books,784.8072172204741,416.1374614223497,active,2024-09-04
3558,Product_3558_0,clothing,172.92313475564535,412.5252836930503,active,2024-03-11
3559,Product_3559_0,clothing,74.56472051665818,136.52922339243474,inactive,2024-05-03
3560,Product_3560_0,books,989.1777444504029,408.6035030909303,active,2024-06-24
3561,Product_3561_0,home,572.6108107002186,40.55672136169251,pending,2024-09-22
3562,Product_3562_0,home,923.8493924448125,85.72736106032022,active,2024-03-03
3563,Product_3563_0,home,1.3817683754410508,130.17041947153302,inactive,2024-04-12
3564,Product_3564_0,books,66.99526188951688,467.4060589734121,pending,2024-06-24
3565,Product_3565_0,electronics,110.99094479850986,125.73874495317285,active,2024-08-13
3566,Product_3566_0,home,897.1584851194305,264.5657709225319,archived,2024-12-27
3567,Product_3567_0,electronics,732.131670932547,396.297584326748,active,2024-11-05
3568,Product_3568_0,clothing,535.0015826061815,81.08222834058361,pending,2024-03-10
3569,Product_3569_0,clothing,301.7396435332113,324.6173931671847,inactive,2024-08-10
3570,Product_3570_0,electronics,485.3202482827067,192.81997321677025,pending,2024-07-06
3571,Product_3571_0,books,214.69035933349915,277.0005506045567,active,2024-12-19
3572,Product_3572_0,home,332.765924970098,432.75966756064673,active,2024-01-27
3573,Product_3573_0,sports,655.9262804167082,34.05616825901636,inactive,2024-11-06
3574,Product_3574_0,books,912.7978302276933,279.92809462614076,pending,2024-03-05
3575,Product_3575_0,home,374.15677527401925,214.92556855950667,inactive,2024-07-13
3576,Product_3576_0,books,845.9543214590989,148.42905558688952,inactive,2024-02-06
3577,Product_3577_0,sports,647.3305664634819,423.57998100636365,inactive,2024-12-14
3578,Product_3578_0,books,183.46268799507973,230.87595746747735,active,2024-06-23
3579,Product_3579_0,clothing,528.1691105854105,349.5841353037159,active,2024-12-28
3580,Product_3580_0,clothing,569.8851063434838,436.7925059865656,active,2024-02-19
3581,Product_3581_0,clothing,449.75006021179723,311.29855731351626,inactive,2024-08-11
3582,Product_3582_0,books,719.0713321326795,322.4240963843874,pending,2024-11-14
3583,Product_3583_0,electronics,586.4675003559842,132.44247862160412,active,2024-04-28
3584,Product_3584_0,electronics,95.97937639473639,98.27670805755307,active,2024-12-22
3585,Product_3585_0,clothing,999.6298511452237,130.0983092346638,archived,2024-06-21
3586,Product_3586_0,clothing,982.3321922859435,497.51739197672896,archived,2024-04-06
3587,Product_3587_0,sports,110.06997842158147,149.6422910439046,archived,2024-06-18
3588,Product_3588_0,sports,915.2556859485456,343.78860707057527,active,2024-01-17
3589,Product_3589_0,books,82.21493143952328,164.27360283562842,inactive,2024-03-22
3590,Product_3590_0,clothing,848.4811149027581,233.47920548699793,inactive,2024-01-05
3591,Product_3591_0,clothing,16.170605072429677,155.20595171998423,archived,2024-09-20
3592,Product_3592_0,sports,470.37593811828316,103.69406364169781,archived,2024-03-11
3593,Product_3593_0,books,530.8178746482557,30.46550076250775,pending,2024-08-21
3594,Product_3594_0,sports,545.8402448497822,22.685103831633093,pending,2024-05-09
3595,Product_3595_0,sports,285.8426181153444,349.19314258787125,inactive,2024-01-17
3596,Product_3596_0,electronics,270.18381521135746,455.40958880722775,active,2024-10-16
3597,Product_3597_0,home,75.69124279680263,109.32311501349236,pending,2024-04-18
3598,Product_3598_0,electronics,959.4399948398752,383.8150758008558,pending,2024-07-04
3599,Product_3599_0,books,552.0367056932535,93.55102608784574,archived,2024-08-24
3600,Product_3600_0,sports,595.7649059855241,18.994657235366283,active,2024-01-24
3601,Product_3601_0,electronics,659.56320899144,129.39638782055098,archived,2024-07-21
3602,Product_3602_0,clothing,404.6419389784503,249.61306695431438,archived,2024-03-05
3603,Product_3603_0,electronics,759.6199203561748,51.5999078963619,pending,2024-09-13
3604,Product_3604_0,books,764.9659784536509,149.6125575613346,inactive,2024-03-17
3605,Product_3605_0,books,683.4067565257089,118.01566472116421,archived,2024-07-27
3606,Product_3606_0,sports,317.06713927261063,168.61623034375043,active,2024-05-04
3607,Product_3607_0,sports,941.7926871627999,394.2438054481855,pending,2024-10-03
3608,Product_3608_0,electronics,628.1990749123912,301.82223124187755,active,2024-07-17
3609,Product_3609_0,books,690.6670981475268,69.09589186266157,pending,2024-09-09
3610,Product_3610_0,electronics,950.8062588749069,449.92529854247476,archived,2024-02-23
3611,Product_3611_0,electronics,650.8862367455158,187.8731715676058,inactive,2024-02-26
3612,Product_3612_0,home,734.7070034614082,490.2374871400442,inactive,2024-11-27
3613,Product_3613_0,books,144.50574320644404,319.2322573664569,archived,2024-03-07
3614,Product_3614_0,books,148.19386319844762,210.9937671477666,archived,2024-04-15
3615,Product_3615_0,home,344.5907523038288,238.73827423854055,inactive,2024-04-11
3616,Product_3616_0,books,749.5183206455414,345.5393721510845,active,2024-09-19
3617,Product_3617_0,electronics,920.4241808525521,388.29380678653496,active,2024-10-02
3618,Product_3618_0,home,753.0645133629644,116.13682117310609,archived,2024-05-16
3619,Product_3619_0,clothing,268.4130016569899,100.57435979094745,active,2024-02-21
3620,Product_3620_0,home,492.85137543793644,148.54167529930808,archived,2024-03-09
3621,Product_3621_0,sports,422.40022784717644,305.8160766591126,archived,2024-03-14
3622,Product_3622_0,clothing,920.5548625505916,26.952724963544593,pending,2024-08-07
3623,Product_3623_0,books,51.878542851818764,299.2518231401112,archived,2024-05-02
3624,Product_3624_0,books,721.019728443395,185.07510254794232,active,2024-12-04
3625,Product_3625_0,sports,400.2343258796142,81.24971160707457,inactive,2024-01-24
3626,Product_3626_0,clothing,647.824652503113,122.18065580208783,inactive,2024-05-09
3627,Product_3627_0,books,290.6630884867451,156.34417133714265,active,2024-11-26
3628,Product_3628_0,clothing,656.0467450022303,44.53142550689028,archived,2024-10-09
3629,Product_3629_0,books,596.6381849920068,475.3947159100926,archived,2024-08-01
3630,Product_3630_0,sports,67.29728632065165,268.78759107993193,inactive,2024-04-28
3631,Product_3631_0,books,923.5438958832929,186.67789796425845,active,2024-10-03
3632,Product_3632_0,electronics,930.583038547739,316.26343308205884,pending,2024-08-07
3633,Product_3633_0,clothing,583.7107191145924,480.3591086899838,inactive,2024-02-07
3634,Product_3634_0,clothing,543.2970358252362,152.0617698185331,pending,2024-12-03
3635,Product_3635_0,clothing,866.8136002609969,244.722466314809,archived,2024-04-03
3636,Product_3636_0,clothing,537.3933804024357,261.0005155243655,pending,2024-05-20
3637,Product_3637_0,sports,48.81435463328667,276.58457357930035,pending,2024-10-03
3638,Product_3638_0,clothing,285.8036013568718,388.77476979816976,pending,2024-09-17
3639,Product_3639_0,clothing,817.5912122457303,162.55612614789104,active,2024-11-02
3640,Product_3640_0,home,789.3628409563627,228.43560724575522,inactive,2024-11-25
3641,Product_3641_0,sports,198.35667096829215,53.96238141700993,active,2024-08-01
3642,Product_3642_0,clothing,630.1001315991014,295.1475151033148,archived,2024-07-21
3643,Product_3643_0,books,668.4213459405382,204.04555803191684,active,2024-01-11
3644,Product_3644_0,books,430.4947979151936,191.00175093238698,inactive,2024-12-16
3645,Product_3645_0,books,662.6923773414736,366.7564059564678,archived,2024-01-02
3646,Product_3646_0,clothing,456.25806778876836,178.1175670476518,pending,2024-04-11
3647,Product_3647_0,sports,447.4581228709059,473.64811774191986,inactive,2024-01-07
3648,Product_3648_0,home,272.1103764448106,498.21624498648,archived,2024-12-01
3649,Product_3649_0,clothing,732.8501356909497,158.05703391299494,pending,2024-11-16
3650,Product_3650_0,electronics,809.2358466400152,444.1120385769452,archived,2024-12-26
3651,Product_3651_0,clothing,216.0377567217027,117.89791116952465,pending,2024-09-05
3652,Product_3652_0,electronics,872.0421404238922,386.49674761934807,archived,2024-10-01
3653,Product_3653_0,clothing,396.74858937364877,498.77991800641746,active,2024-04-26
3654,Product_3654_0,sports,520.0224542053826,394.7844850507065,active,2024-02-02
3655,Product_3655_0,electronics,389.1326725203833,358.73669676120954,inactive,2024-12-16
3656,Product_3656_0,sports,901.0116390728258,218.07269980999328,active,2024-12-25
3657,Product_3657_0,books,484.0677128770749,76.77762113093347,inactive,2024-03-03
3658,Product_3658_0,electronics,626.7273457096162,398.29676099965906,pending,2024-05-13
3659,Product_3659_0,clothing,663.1925807130206,37.30377233302044,pending,2024-01-28
3660,Product_3660_0,home,682.5701735243508,447.847084437911,active,2024-09-09
3661,Product_3661_0,clothing,989.4461011061314,123.88820760968648,active,2024-10-09
3662,Product_3662_0,books,777.7957453305796,37.913553395702976,pending,2024-10-23
3663,Product_3663_0,books,740.955683783217,411.95259186189725,pending,2024-03-05
3664,Product_3664_0,home,572.785410408888,54.88455369707967,active,2024-06-04
3665,Product_3665_0,home,82.5857935030073,254.61926316025654,inactive,2024-11-15
3666,Product_3666_0,home,942.3147364893944,397.77049052090274,inactive,2024-04-20
3667,Product_3667_0,electronics,99.94677740404646,241.6825991933812,pending,2024-09-23
3668,Product_3668_0,clothing,524.7486426507228,319.3156893354729,pending,2024-10-11
3669,Product_3669_0,electronics,241.7423476396001,182.232205470706,active,2024-03-15
3670,Product_3670_0,sports,954.7747315547442,29.424302603565444,archived,2024-02-12
3671,Product_3671_0,electronics,496.5625342358216,339.2360258742822,active,2024-06-08
3672,Product_3672_0,books,1.0481427993303971,155.06569428779133,inactive,2024-05-08
3673,Product_3673_0,sports,358.3174794185219,486.03511825737235,archived,2024-01-03
3674,Product_3674_0,electronics,218.31435232735697,356.9253710112567,archived,2024-06-15
3675,Product_3675_0,home,567.9130496755139,29.553617340351266,archived,2024-12-13
3676,Product_3676_0,home,484.66889879476986,377.52294359206155,inactive,2024-07-18
3677,Product_3677_0,home,804.82215799971,369.1900063259272,pending,2024-11-25
3678,Product_3678_0,clothing,958.1219302500192,109.50637410474698,inactive,2024-04-20
3679,Product_3679_0,books,59.03433905485712,247.07601649074653,pending,2024-01-20
3680,Product_3680_0,clothing,26.033734959746674,474.38558080743655,active,2024-09-03
3681,Product_3681_0,clothing,68.84202913929724,338.5868218815201,inactive,2024-12-05
3682,Product_3682_0,clothing,2.1222238265825277,168.40578323961677,pending,2024-08-25
3683,Product_3683_0,books,849.1667116451619,292.7364377913395,archived,2024-09-27
3684,Product_3684_0,electronics,813.7880964258828,482.4246860737638,archived,2024-05-19
3685,Product_3685_0,home,913.8188862450676,109.18935226041823,pending,2024-05-04
3686,Product_3686_0,sports,585.0912215826048,456.96094868547357,active,2024-07-14
3687,Product_3687_0,sports,594.6310137747355,284.60841778410736,inactive,2024-10-10
3688,Product_3688_0,home,261.40047459109286,477.42853162372853,active,2024-02-14
3689,Product_3689_0,books,739.3718660349452,374.4410758685924,pending,2024-04-09
3690,Product_3690_0,books,411.61724259691306,438.97176241726504,active,2024-08-01
3691,Product_3691_0,home,427.57216163696535,441.68393963368584,inactive,2024-05-13
3692,Product_3692_0,electronics,387.31163480886704,176.25240430213034,inactive,2024-08-22
3693,Product_3693_0,electronics,417.9344823507061,470.4949740342317,pending,2024-02-01
3694,Product_3694_0,home,201.45974098753024,458.2385352330987,inactive,2024-06-25
3695,Product_3695_0,sports,691.0764442321471,225.93596088215062,pending,2024-05-25
3696,Product_3696_0,sports,378.15514395055095,75.7323752031315,inactive,2024-11-15
3697,Product_3697_0,electronics,538.9814749117224,176.07621469387877,active,2024-10-03
3698,Product_3698_0,books,354.65304450924754,470.28357269070455,inactive,2024-06-05
3699,Product_3699_0,clothing,120.51222485767686,212.49005382938066,pending,2024-07-02
3700,Product_3700_0,sports,367.1727405344654,404.43302512696533,pending,2024-06-08
3701,Product_3701_0,clothing,526.6583147358966,311.67156623074203,pending,2024-07-11
3702,Product_3702_0,electronics,332.99015310613476,499.425819263758,active,2024-02-03
3703,Product_3703_0,books,67.53924317585788,166.51829573592147,archived,2024-08-08
3704,Product_3704_0,sports,505.784305949319,157.1885599815294,pending,2024-09-20
3705,Product_3705_0,books,439.2573289332335,334.3144208352451,inactive,2024-11-21
3706,Product_3706_0,clothing,913.7618807691694,268.29445939873847,active,2024-04-08
3707,Product_3707_0,books,983.7099165356572,102.0334568439015,archived,2024-08-27
3708,Product_3708_0,home,535.7007098819064,252.66818421890642,active,2024-02-23
3709,Product_3709_0,home,265.2793287532258,399.26419162719225,inactive,2024-08-23
3710,Product_3710_0,clothing,6.2125165355715595,404.6094947362844,archived,2024-01-13
3711,Product_3711_0,electronics,635.8906823303163,36.86006741681446,archived,2024-09-15
3712,Product_3712_0,books,150.49213323722915,456.1296602577043,active,2024-05-05
3713,Product_3713_0,home,883.6552917830207,318.8617425414539,pending,2024-12-19
3714,Product_3714_0,sports,165.42258005137796,234.44609467873045,pending,2024-05-05
3715,Product_3715_0,books,277.7034283629803,47.63018602278091,active,2024-06-22
3716,Product_3716_0,clothing,17.434872795203162,12.254515616308948,inactive,2024-05-17
3717,Product_3717_0,electronics,991.5781462154832,238.24575002377844,pending,2024-08-18
3718,Product_3718_0,electronics,843.6520913898001,120.59655695434427,active,2024-03-04
3719,Product_3719_0,clothing,752.4605730714343,103.46114346065643,active,2024-08-17
3720,Product_3720_0,electronics,993.7073358637648,155.34926960361048,pending,2024-10-25
3721,Product_3721_0,sports,825.6670808062377,314.0520370254052,archived,2024-08-26
3722,Product_3722_0,electronics,525.4555794358388,368.1244622610219,active,2024-07-06
3723,Product_3723_0,home,590.6344970002839,417.3538739032582,inactive,2024-02-28
3724,Product_3724_0,electronics,550.4726150704017,96.3012527833298,active,2024-01-12
3725,Product_3725_0,clothing,241.46702934215818,59.58674004940626,active,2024-07-10
3726,Product_3726_0,electronics,315.2924218422233,187.56727775968537,inactive,2024-04-01
3727,Product_3727_0,electronics,855.3384169042215,487.8022411757883,archived,2024-04-06
3728,Product_3728_0,clothing,276.0998111426495,255.1769685321848,archived,2024-10-22
3729,Product_3729_0,clothing,472.7531610280065,15.816660829768495,active,2024-11-08
3730,Product_3730_0,electronics,906.7324887550003,394.5230602965757,active,2024-09-06
3731,Product_3731_0,clothing,531.5058279399207,296.47028466324093,active,2024-02-12
3732,Product_3732_0,home,351.9250258843691,169.8896184992562,active,2024-04-14
3733,Product_3733_0,clothing,691.6719498808939,327.8770813722652,pending,2024-09-21
3734,Product_3734_0,clothing,937.1641672812206,267.8375692502493,archived,2024-01-26
3735,Product_3735_0,books,1.5053406791921167,437.6145539835929,active,2024-08-04
3736,Product_3736_0,clothing,809.3144944866365,88.10689941769454,archived,2024-09-02
3737,Product_3737_0,electronics,348.78511782090624,321.0760304232842,archived,2024-03-08
3738,Product_3738_0,clothing,168.72790647453297,491.8369250410646,active,2024-03-14
3739,Product_3739_0,sports,305.2267417866103,98.1685016523416,active,2024-01-21
3740,Product_3740_0,sports,633.2943748852322,420.55597947763766,archived,2024-08-20
3741,Product_3741_0,electronics,403.28315460649515,29.97366828965658,inactive,2024-09-28
3742,Product_3742_0,books,39.26324019441338,87.70959848779489,archived,2024-02-05
3743,Product_3743_0,home,465.8374897005568,322.03480796913834,active,2024-04-13
3744,Product_3744_0,home,767.7188148737132,111.45212528727444,pending,2024-01-21
3745,Product_3745_0,home,865.8650637209114,466.15338603889666,active,2024-11-14
3746,Product_3746_0,electronics,44.511916419390445,281.9153522278636,inactive,2024-08-01
3747,Product_3747_0,clothing,809.0936458887023,494.53427148792497,pending,2024-11-11
3748,Product_3748_0,books,473.88899599989753,114.28699561972702,active,2024-03-05
3749,Product_3749_0,sports,194.91531637279908,129.2728368348501,pending,2024-02-13
3750,Product_3750_0,home,908.2699862783862,329.25825557904096,archived,2024-12-02
3751,Product_3751_0,home,850.7704199414646,135.5809580824036,inactive,2024-01-21
3752,Product_3752_0,electronics,23.8900488380575,259.0233590557045,pending,2024-03-01
3753,Product_3753_0,sports,255.36849349679844,458.9625969543302,archived,2024-03-06
3754,Product_3754_0,sports,632.4123840797665,341.68305401308777,active,2024-02-20
3755,Product_3755_0,electronics,362.8331713676512,450.4028440218944,active,2024-02-28
3756,Product_3756_0,sports,871.4913464484608,306.4288898138908,active,2024-06-01
3757,Product_3757_0,clothing,408.8960179101122,244.44170184244072,archived,2024-11-20
3758,Product_3758_0,home,814.3767747427909,258.58719873785867,archived,2024-09-17
3759,Product_3759_0,books,376.1149406108161,64.4557669280841,pending,2024-05-17
3760,Product_3760_0,electronics,396.84605141475294,389.59192917384644,active,2024-03-02
3761,Product_3761_0,electronics,387.03347800440747,164.51471093623834,pending,2024-09-24
3762,Product_3762_0,clothing,671.2253064675403,440.5827653779622,active,2024-04-16
3763,Product_3763_0,electronics,944.1382729088697,280.08899502599127,archived,2024-10-08
3764,Product_3764_0,sports,172.65938312306804,170.5140288872927,archived,2024-11-14
3765,Product_3765_0,home,198.53144347265868,368.2985799035934,archived,2024-07-03
3766,Product_3766_0,home,84.54073988967224,233.28166015959056,archived,2024-07-21
3767,Product_3767_0,home,582.8286834472439,98.18882075755468,active,2024-06-20
3768,Product_3768_0,electronics,108.4875313697814,404.5183240936873,active,2024-10-17
3769,Product_3769_0,clothing,811.7889202469831,317.16217494928424,inactive,2024-02-05
3770,Product_3770_0,home,112.42652555352943,144.92926809483933,active,2024-12-19
3771,Product_3771_0,electronics,383.72911509002574,129.29913492724796,inactive,2024-01-09
3772,Product_3772_0,clothing,587.0118262770933,387.8914007347853,active,2024-06-24
3773,Product_3773_0,clothing,72.32273737570652,444.2737091012195,inactive,2024-11-22
3774,Product_3774_0,clothing,493.39535153933025,400.67595358796433,pending,2024-03-22
3775,Product_3775_0,sports,631.4637347246279,251.82877648478024,active,2024-05-11
3776,Product_3776_0,electronics,324.0859422726151,100.09082423343331,pending,2024-02-19
3777,Product_3777_0,electronics,938.104680655708,406.4080473589378,pending,2024-09-07
3778,Product_3778_0,books,581.8014626728155,449.0840578560369,inactive,2024-06-20
3779,Product_3779_0,books,66.33473756151582,222.4850953614299,inactive,2024-06-04
3780,Product_3780_0,electronics,683.2032776722684,454.4123502457418,active,2024-02-14
3781,Product_3781_0,clothing,28.070296922671886,83.64011436248431,inactive,2024-10-07
3782,Product_3782_0,home,927.5984420647069,306.7000930672374,archived,2024-03-26
3783,Product_3783_0,books,999.0789863341998,435.53885495401124,inactive,2024-03-28
3784,Product_3784_0,books,202.15211716794752,36.831118295921186,active,2024-06-23
3785,Product_3785_0,clothing,867.9364026681964,467.44300909473156,active,2024-10-08
3786,Product_3786_0,home,551.6308805190407,480.027432069851,archived,2024-09-20
3787,Product_3787_0,sports,587.3871039865514,156.38269574711455,pending,2024-04-16
3788,Product_3788_0,home,449.9736881329672,191.16061870556618,inactive,2024-09-22
3789,Product_3789_0,sports,937.9779144965091,91.91762220835602,inactive,2024-09-04
3790,Product_3790_0,home,180.75610517112662,478.1938978148872,inactive,2024-09-20
3791,Product_3791_0,books,965.9514042916277,189.96446505740866,inactive,2024-09-26
3792,Product_3792_0,sports,284.9498077665468,428.55420169910275,pending,2024-04-05
3793,Product_3793_0,clothing,520.8899933479038,141.23708887850125,inactive,2024-04-11
3794,Product_3794_0,electronics,797.6608933917081,497.7264483472984,pending,2024-05-12
3795,Product_3795_0,clothing,411.7906787723386,457.0829439366969,archived,2024-10-19
3796,Product_3796_0,home,525.6860780191936,196.11171254495898,active,2024-12-19
3797,Product_3797_0,sports,8.3789891404335,456.0454448896398,pending,2024-05-26
3798,Product_3798_0,clothing,664.240452011507,331.725890371841,inactive,2024-06-16
3799,Product_3799_0,home,26.579114423948834,334.49460532563836,pending,2024-09-11
3800,Product_3800_0,electronics,727.8071973573354,413.41506600613457,inactive,2024-05-25
3801,Product_3801_0,books,772.6146822435522,369.80588574644116,pending,2024-12-24
3802,Product_3802_0,electronics,816.7577858366012,106.71454333897651,inactive,2024-06-20
3803,Product_3803_0,books,219.46946162793796,409.36790059875943,pending,2024-12-12
3804,Product_3804_0,electronics,82.93417694768537,329.91164323327223,active,2024-08-22
3805,Product_3805_0,home,689.7272933361073,276.43485427811515,pending,2024-10-10
3806,Product_3806_0,electronics,401.4463135426633,447.510833468175,active,2024-08-03
3807,Product_3807_0,home,685.4110114729596,77.57837412100262,pending,2024-12-25
3808,Product_3808_0,sports,313.93731156096493,354.32630863373595,pending,2024-02-05
3809,Product_3809_0,home,828.8125401493724,36.907473763678354,active,2024-05-11
3810,Product_3810_0,sports,535.3309043299562,337.1021952384283,active,2024-12-01
3811,Product_3811_0,clothing,146.16378041982517,287.4615358828102,pending,2024-04-10
3812,Product_3812_0,electronics,556.8360847559603,347.1429427397558,active,2024-02-26
3813,Product_3813_0,books,260.56988290084166,232.6085051177193,inactive,2024-08-01
3814,Product_3814_0,electronics,6.451027769793497,64.65338493993869,inactive,2024-09-05
3815,Product_3815_0,electronics,895.8216537297737,63.84743471975748,active,2024-10-26
3816,Product_3816_0,sports,486.7247270896246,258.3218985878335,archived,2024-04-27
3817,Product_3817_0,books,287.3040867074899,74.23783351849082,inactive,2024-05-28
3818,Product_3818_0,home,54.175742871088474,89.3587008185866,active,2024-04-24
3819,Product_3819_0,electronics,650.8543771907408,147.12039698216412,pending,2024-03-06
3820,Product_3820_0,sports,472.191226162791,121.59775296258431,inactive,2024-10-08
3821,Product_3821_0,clothing,319.0343165517779,217.14260247874466,archived,2024-04-20
3822,Product_3822_0,books,120.59176160428005,203.82520421569313,archived,2024-11-04
3823,Product_3823_0,home,314.16690952700867,305.14552085110375,archived,2024-10-18
3824,Product_3824_0,electronics,933.0440441384195,331.72025242930977,archived,2024-09-13
3825,Product_3825_0,sports,489.253804952138,150.24109481968856,inactive,2024-04-23
3826,Product_3826_0,clothing,331.1003390489026,455.9246582896049,archived,2024-10-05
3827,Product_3827_0,clothing,517.2758729825007,421.7648365732833,active,2024-09-13
3828,Product_3828_0,home,15.586515792942366,121.47887226388418,active,2024-03-14
3829,Product_3829_0,clothing,177.0921118103637,222.12897763821218,active,2024-07-14
3830,Product_3830_0,electronics,716.0711961217663,103.61084180585995,inactive,2024-06-21
3831,Product_3831_0,home,184.0137747766223,169.85550723537128,active,2024-12-24
3832,Product_3832_0,books,405.3780383242153,148.80768748225748,archived,2024-06-04
3833,Product_3833_0,sports,140.84742083189454,443.45596864298165,inactive,2024-07-17
3834,Product_3834_0,clothing,384.4885966256699,448.1823517201684,active,2024-01-02
3835,Product_3835_0,electronics,259.53411406260136,333.92094572299936,pending,2024-09-10
3836,Product_3836_0,sports,764.1583648745478,345.37177581127213,archived,2024-09-15
3837,Product_3837_0,sports,350.74716723266636,350.56997214633594,archived,2024-08-06
3838,Product_3838_0,clothing,810.4588035533035,66.90525736635124,archived,2024-04-19
3839,Product_3839_0,clothing,190.85137928332583,475.4334829266061,archived,2024-12-10
3840,Product_3840_0,sports,883.4008377745431,300.4178358189937,active,2024-10-23
3841,Product_3841_0,clothing,920.3393415022716,132.22214698480343,inactive,2024-10-23
3842,Product_3842_0,books,607.6054587978045,208.91109081616239,pending,2024-05-07
3843,Product_3843_0,clothing,309.03846635878915,84.86467732903931,archived,2024-11-14
3844,Product_3844_0,home,733.9199803011094,379.8305372204788,pending,2024-12-22
3845,Product_3845_0,clothing,44.86230053806912,81.10351617252282,inactive,2024-06-10
3846,Product_3846_0,books,825.7736187829424,376.59162247387906,archived,2024-03-14
3847,Product_3847_0,sports,385.5610268343815,331.9910098356259,active,2024-10-19
3848,Product_3848_0,books,820.07077545545,221.73934059582982,archived,2024-08-14
3849,Product_3849_0,clothing,205.87531722254136,451.7962210827221,active,2024-10-20
3850,Product_3850_0,books,441.2891039666902,80.49410236227067,active,2024-08-06
3851,Product_3851_0,home,66.93254669427436,160.40241301809965,active,2024-03-17
3852,Product_3852_0,electronics,879.1889039972468,219.52661149797862,pending,2024-10-22
3853,Product_3853_0,home,408.75394397503857,192.3315479714472,active,2024-11-05
3854,Product_3854_0,clothing,958.2445933196594,499.34005270850173,pending,2024-02-19
3855,Product_3855_0,home,242.05206786280863,217.85957315638638,archived,2024-01-25
3856,Product_3856_0,clothing,175.44533339140258,454.1470616075156,pending,2024-12-02
3857,Product_3857_0,electronics,288.7825429774318,331.05622343364354,active,2024-12-14
3858,Product_3858_0,home,302.1362959385944,337.60669085388616,inactive,2024-11-22
3859,Product_3859_0,books,293.0861195830623,210.02252472214445,archived,2024-11-01
3860,Product_3860_0,sports,980.0014609494007,418.46738616451756,archived,2024-02-27
3861,Product_3861_0,clothing,760.436773870419,236.35423292208384,inactive,2024-04-22
3862,Product_3862_0,books,321.25906211574505,344.97644746958775,pending,2024-06-04
3863,Product_3863_0,electronics,901.1351693238694,277.8007546763587,active,2024-10-06
3864,Product_3864_0,sports,28.261144974856435,411.3241649380161,inactive,2024-02-23
3865,Product_3865_0,clothing,144.7599815407807,313.8283199014844,active,2024-05-25
3866,Product_3866_0,clothing,506.71738216833006,137.26877213279107,inactive,2024-03-09
3867,Product_3867_0,books,644.6716147053593,169.60287774695442,active,2024-03-26
3868,Product_3868_0,home,179.72693162875447,394.8664035438049,inactive,2024-01-15
3869,Product_3869_0,electronics,638.0971388671053,208.47748043505015,pending,2024-10-20
3870,Product_3870_0,sports,75.18529547056231,425.275999290044,pending,2024-08-05
3871,Product_3871_0,sports,947.4289899024725,239.93724079234116,active,2024-07-16
3872,Product_3872_0,clothing,252.57135546438158,80.1501162840744,archived,2024-12-16
3873,Product_3873_0,clothing,310.8239909560401,40.021347560062125,inactive,2024-02-06
3874,Product_3874_0,sports,964.1450923392745,289.06690332411597,pending,2024-10-18
3875,Product_3875_0,home,700.5258827381294,483.4420268246944,archived,2024-04-06
3876,Product_3876_0,electronics,429.46767205590686,156.32729473855494,active,2024-10-10
3877,Product_3877_0,electronics,63.77646622123278,260.6320304422027,pending,2024-04-16
3878,Product_3878_0,home,250.6115568648468,436.9306009666247,archived,2024-07-05
3879,Product_3879_0,clothing,559.0533878120606,180.76251170065663,archived,2024-10-03
3880,Product_3880_0,electronics,693.0988802110803,327.0005656978949,active,2024-04-18
3881,Product_3881_0,books,134.10121695377924,457.0114574563225,inactive,2024-07-07
3882,Product_3882_0,sports,408.903093422866,137.42338289629873,archived,2024-12-07
3883,Product_3883_0,home,46.72569065815267,419.98107245093036,active,2024-09-15
3884,Product_3884_0,electronics,537.8962307506753,31.170496782199223,archived,2024-05-19
3885,Product_3885_0,books,481.5818377227272,359.21996750452485,active,2024-06-26
3886,Product_3886_0,home,56.18312928574567,76.97060768524972,active,2024-02-04
3887,Product_3887_0,books,49.14195252606926,255.0489665412826,active,2024-08-17
3888,Product_3888_0,clothing,158.50579686907474,393.77061054571783,inactive,2024-06-05
3889,Product_3889_0,sports,874.957370295965,122.70240377909936,archived,2024-01-03
3890,Product_3890_0,sports,561.5865832149215,309.4549518603562,pending,2024-02-27
3891,Product_3891_0,books,760.1556311650265,101.29274183112804,archived,2024-12-15
3892,Product_3892_0,sports,991.855456772685,346.14325250225227,inactive,2024-06-24
3893,Product_3893_0,books,840.2653883603774,227.83313360911484,active,2024-11-08
3894,Product_3894_0,clothing,277.25707237806347,352.31432095253655,active,2024-09-21
3895,Product_3895_0,books,735.1075665445683,47.233679137988,archived,2024-07-07
3896,Product_3896_0,sports,240.8557523523828,36.168783782219734,active,2024-01-13
3897,Product_3897_0,sports,607.4862506804043,303.326152570304,pending,2024-11-21
3898,Product_3898_0,sports,574.5636084890775,399.557561789467,inactive,2024-10-06
3899,Product_3899_0,electronics,640.8831088656001,358.8050922757515,archived,2024-02-27
3900,Product_3900_0,books,191.03923448501095,50.11948325407718,active,2024-12-09
3901,Product_3901_0,home,110.46230790619617,275.74309676250414,inactive,2024-11-14
3902,Product_3902_0,electronics,848.6349944632204,240.51736472609412,pending,2024-07-02
3903,Product_3903_0,books,829.0395770253978,192.41838054882948,active,2024-05-28
3904,Product_3904_0,home,6.3154470285141,260.5867668960359,inactive,2024-03-26
3905,Product_3905_0,electronics,824.2022526261301,357.4347571967656,active,2024-09-28
3906,Product_3906_0,sports,264.17931254275646,27.116762274308545,pending,2024-04-09
3907,Product_3907_0,home,370.1594894214565,444.07063667841055,archived,2024-09-04
3908,Product_3908_0,sports,292.9190350501276,133.1063081001403,active,2024-06-07
3909,Product_3909_0,clothing,691.6724639634589,426.613607288537,pending,2024-02-17
3910,Product_3910_0,books,156.81592921076887,483.24860395458194,active,2024-10-07
3911,Product_3911_0,electronics,540.6461571148839,61.10974709137224,active,2024-08-11
3912,Product_3912_0,books,801.0782913839068,26.506021232307308,pending,2024-01-23
3913,Product_3913_0,electronics,591.8345227445199,210.40677643100858,inactive,2024-02-28
3914,Product_3914_0,electronics,106.8532180429474,133.86055701859732,archived,2024-10-25
3915,Product_3915_0,books,209.25849848938518,414.0063079807802,active,2024-04-04
3916,Product_3916_0,electronics,708.7690309164421,73.93814813617763,inactive,2024-03-10
3917,Product_3917_0,electronics,447.31039031334984,66.11200991260293,inactive,2024-04-14
3918,Product_3918_0,sports,483.192667075399,122.75476024661351,pending,2024-06-11
3919,Product_3919_0,clothing,941.5551538725833,377.3066829095702,inactive,2024-02-14
3920,Product_3920_0,sports,474.197535947209,294.4176262249686,active,2024-06-17
3921,Product_3921_0,books,682.0094734843269,78.77673495204675,archived,2024-11-13
3922,Product_3922_0,clothing,596.97173321864,202.53331248004594,inactive,2024-10-22
3923,Product_3923_0,clothing,742.1018420657313,23.58004423635837,active,2024-12-09
3924,Product_3924_0,clothing,796.072069772328,323.51228001974624,archived,2024-10-14
3925,Product_3925_0,home,903.2681358989852,80.77695076792249,active,2024-04-12
3926,Product_3926_0,home,953.1822329933913,418.86438457408343,inactive,2024-07-06
3927,Product_3927_0,home,968.191416777903,12.477702632991964,active,2024-04-28
3928,Product_3928_0,sports,51.65166801000533,447.4813579865494,pending,2024-10-07
3929,Product_3929_0,sports,837.0055774923177,32.89566074568827,archived,2024-09-04
3930,Product_3930_0,books,325.8409490810629,170.78710079853872,archived,2024-09-04
3931,Product_3931_0,home,444.57446339247366,416.987262197346,active,2024-10-27
3932,Product_3932_0,books,214.26664039205258,370.95624420066025,inactive,2024-03-24
3933,Product_3933_0,home,807.7542697894676,132.3100451659206,active,2024-09-22
3934,Product_3934_0,sports,993.620748233708,336.4331110023753,pending,2024-08-07
3935,Product_3935_0,home,992.0322718009106,36.886258113981434,inactive,2024-05-27
3936,Product_3936_0,books,953.2759925721032,421.36240698491963,pending,2024-12-17
3937,Product_3937_0,sports,158.27061967711526,330.41487553741143,inactive,2024-02-07
3938,Product_3938_0,clothing,97.38261405874151,411.78450768896244,pending,2024-11-14
3939,Product_3939_0,home,121.40723832061398,64.819447516349,active,2024-06-27
3940,Product_3940_0,electronics,513.5940535758891,49.90687074069701,active,2024-03-12
3941,Product_3941_0,home,752.0452010944335,202.0386073537815,archived,2024-05-16
3942,Product_3942_0,sports,927.0363544690038,240.479940333927,active,2024-08-09
3943,Product_3943_0,sports,613.2420207380785,300.7055715595214,pending,2024-02-15
3944,Product_3944_0,sports,581.681254767601,71.56691349431523,inactive,2024-09-20
3945,Product_3945_0,sports,561.0236472483655,37.56854298056082,active,2024-11-21
3946,Product_3946_0,home,627.5256290463703,381.6573889662385,active,2024-01-01
3947,Product_3947_0,clothing,118.15157657101048,261.6416358540545,pending,2024-07-05
3948,Product_3948_0,books,687.0690379669617,172.2384372158939,active,2024-09-18
3949,Product_3949_0,books,506.1171615488542,12.970557132519074,inactive,2024-04-17
3950,Product_3950_0,books,85.03670295592228,98.23228039546811,inactive,2024-06-14
3951,Product_3951_0,sports,776.9973097533082,250.36266377527264,pending,2024-10-27
3952,Product_3952_0,electronics,78.56650737276077,112.94955351412676,archived,2024-01-09
3953,Product_3953_0,clothing,645.8368248088518,147.84554832066414,active,2024-06-15
3954,Product_3954_0,clothing,655.4273617173677,115.59023603897579,inactive,2024-04-18
3955,Product_3955_0,home,161.57107337499954,335.95780445521876,inactive,2024-12-10
3956,Product_3956_0,sports,747.45254884045,430.87637739480175,pending,2024-10-27
3957,Product_3957_0,books,637.3667957546747,293.81074406191675,pending,2024-06-16
3958,Product_3958_0,clothing,589.0415462438596,425.8409362496875,active,2024-01-12
3959,Product_3959_0,home,712.0548391130615,241.74823557314696,pending,2024-08-19
3960,Product_3960_0,electronics,750.5811202088653,395.15943610589295,pending,2024-09-03
3961,Product_3961_0,home,890.561640059318,417.01841714470015,pending,2024-06-07
3962,Product_3962_0,books,426.89864861045015,496.38863044477716,inactive,2024-10-16
3963,Product_3963_0,books,82.26661979873194,466.9139857671173,pending,2024-01-02
3964,Product_3964_0,books,477.5567281288518,417.6796520613785,inactive,2024-04-10
3965,Product_3965_0,clothing,662.3179421465505,439.84862197388145,active,2024-12-11
3966,Product_3966_0,books,210.24250895467023,224.03651264386968,archived,2024-02-13
3967,Product_3967_0,home,409.4283804213502,427.4079109642395,active,2024-11-12
3968,Product_3968_0,home,536.2035360695232,60.41417258066843,pending,2024-09-27
3969,Product_3969_0,home,459.30515520264953,372.81621785802065,active,2024-01-22
3970,Product_3970_0,books,111.65394284709741,97.7065079391766,active,2024-09-05
3971,Product_3971_0,sports,327.68555705616427,89.45505766367812,inactive,2024-10-10
3972,Product_3972_0,home,697.3232221691784,138.65481731500222,archived,2024-04-06
3973,Product_3973_0,clothing,138.23286772086172,96.8621041206715,inactive,2024-08-14
3974,Product_3974_0,sports,809.5790419502983,228.0080819304941,archived,2024-02-12
3975,Product_3975_0,home,467.5498724596804,179.89604968263467,active,2024-06-02
3976,Product_3976_0,clothing,94.10151303090328,387.35010278469804,inactive,2024-07-14
3977,Product_3977_0,electronics,227.40501963179753,75.9728254036565,archived,2024-12-22
3978,Product_3978_0,sports,807.5332094438791,20.913213555449385,active,2024-06-24
3979,Product_3979_0,electronics,725.4962548099962,358.6063362708779,archived,2024-12-03
3980,Product_3980_0,home,527.0822586010507,88.94914482304083,inactive,2024-06-14
3981,Product_3981_0,sports,940.9298517362051,207.77058108607372,inactive,2024-05-09
3982,Product_3982_0,books,807.6645500646417,394.9335789526041,pending,2024-03-21
3983,Product_3983_0,home,61.26652493792837,349.4353714034696,inactive,2024-09-11
3984,Product_3984_0,electronics,217.58092467296808,415.2811664909581,archived,2024-06-17
3985,Product_3985_0,home,591.7348458069293,328.0992573968972,inactive,2024-03-16
3986,Product_3986_0,books,481.1861394860385,100.9783611140856,archived,2024-05-09
3987,Product_3987_0,home,635.9165769244727,214.3095306642516,archived,2024-10-22
3988,Product_3988_0,electronics,467.00606325170776,362.4847141138571,archived,2024-04-14
3989,Product_3989_0,sports,186.26407674012694,481.12894286264316,active,2024-12-24
3990,Product_3990_0,home,403.5442294433048,366.089491312104,inactive,2024-11-09
3991,Product_3991_0,electronics,532.6387651620375,223.77975587435535,archived,2024-04-23
3992,Product_3992_0,sports,916.9456953622974,216.64111249615902,inactive,2024-09-05
3993,Product_3993_0,home,617.1278299542112,465.26800372076264,pending,2024-11-14
3994,Product_3994_0,sports,828.314322977369,88.19701872145592,inactive,2024-05-16
3995,Product_3995_0,books,282.74910527414346,474.5900444678715,active,2024-06-04
3996,Product_3996_0,clothing,667.1099968491229,317.6717149855148,active,2024-06-14
3997,Product_3997_0,home,595.8161429490555,400.9140581377196,archived,2024-09-26
3998,Product_3998_0,clothing,824.9386014329065,167.52724296925763,archived,2024-02-12
3999,Product_3999_0,home,256.6282493168607,114.39177521211833,active,2024-08-25
4000,Product_4000_0,electronics,420.41569061967414,111.92083069242179,archived,2024-02-24
4001,Product_4001_0,clothing,509.7505560401717,248.06910412266635,active,2024-05-18
4002,Product_4002_0,electronics,346.858507292776,383.01724057442397,archived,2024-09-13
4003,Product_4003_0,clothing,995.6891276012842,437.1598859538921,active,2024-07-19
4004,Product_4004_0,home,584.4020771935159,329.18883438139505,archived,2024-05-02
4005,Product_4005_0,books,63.334502930277544,11.431123362066623,archived,2024-11-25
4006,Product_4006_0,books,363.242119265752,411.3521148821449,active,2024-10-19
4007,Product_4007_0,clothing,846.5490788164788,137.88827024479227,inactive,2024-01-15
4008,Product_4008_0,sports,999.7614714550916,209.40332049230034,inactive,2024-06-16
4009,Product_4009_0,electronics,320.4226907780384,195.33879936975407,pending,2024-05-13
4010,Product_4010_0,electronics,174.7774705224126,60.27221000355831,active,2024-06-13
4011,Product_4011_0,electronics,309.63578525350226,230.63077121497687,archived,2024-02-01
4012,Product_4012_0,sports,802.2880501083979,283.6234771118778,archived,2024-01-07
4013,Product_4013_0,sports,381.0236091530237,224.34907566907376,archived,2024-11-07
4014,Product_4014_0,electronics,338.3551040343033,332.17502148965207,pending,2024-06-11
4015,Product_4015_0,clothing,18.96171220448023,391.54564359555707,archived,2024-08-11
4016,Product_4016_0,home,344.8007654120865,316.1974395007334,archived,2024-08-09
4017,Product_4017_0,clothing,757.2747884945253,475.59691829911077,pending,2024-02-03
4018,Product_4018_0,home,5.551997636997312,19.953376321869317,pending,2024-03-01
4019,Product_4019_0,books,383.0048422134876,294.30624630160025,inactive,2024-06-13
4020,Product_4020_0,books,705.5346291845533,91.77721518656617,pending,2024-05-01
4021,Product_4021_0,books,39.238687702474,338.3228036310062,active,2024-03-19
4022,Product_4022_0,books,36.24115568058967,191.1494124279888,archived,2024-02-14
4023,Product_4023_0,clothing,705.1980482060068,262.34259977333704,inactive,2024-04-01
4024,Product_4024_0,home,473.9643941310966,333.1485015459158,archived,2024-08-18
4025,Product_4025_0,sports,425.1288307308384,380.96318886362576,active,2024-10-02
4026,Product_4026_0,electronics,709.3981143760101,436.7504985537415,pending,2024-11-13
4027,Product_4027_0,electronics,59.13193886278966,68.1246841702641,active,2024-06-23
4028,Product_4028_0,home,872.4797913073052,19.596289779915768,inactive,2024-02-26
4029,Product_4029_0,books,506.4137155578582,49.78989207823134,active,2024-02-13
4030,Product_4030_0,home,631.3037303276232,25.234556814735495,inactive,2024-02-26
4031,Product_4031_0,sports,733.0066640096499,300.7347865320048,archived,2024-01-22
4032,Product_4032_0,sports,193.61986418919435,378.965306432681,inactive,2024-02-21
4033,Product_4033_0,clothing,825.027235859994,217.99183568001376,pending,2024-07-23
4034,Product_4034_0,electronics,286.0283291652219,219.45242669134453,pending,2024-11-21
4035,Product_4035_0,sports,71.77634728494003,93.3545708722468,pending,2024-10-19
4036,Product_4036_0,clothing,880.9646401660599,261.33479648466846,archived,2024-10-12
4037,Product_4037_0,clothing,861.3057273556727,176.27163008450617,inactive,2024-06-09
4038,Product_4038_0,home,117.61345526706926,445.63214407353036,archived,2024-09-14
4039,Product_4039_0,books,309.2027881490335,366.23144486922246,active,2024-09-18
4040,Product_4040_0,sports,604.1587680489911,335.4788494449615,inactive,2024-02-09
4041,Product_4041_0,electronics,560.6909289534423,378.98153839840603,inactive,2024-10-16
4042,Product_4042_0,clothing,709.9279616964776,368.3326892139003,pending,2024-07-02
4043,Product_4043_0,clothing,246.82563257618165,201.3417236292705,active,2024-12-01
4044,Product_4044_0,electronics,525.9399444504401,210.95272558681688,pending,2024-08-10
4045,Product_4045_0,electronics,545.5815733587524,105.78414051252138,active,2024-07-14
4046,Product_4046_0,books,871.7182816458663,414.0753913756698,inactive,2024-05-14
4047,Product_4047_0,sports,801.7355780508458,483.7961269771641,archived,2024-05-04
4048,Product_4048_0,sports,876.3308244872359,432.23813946902214,archived,2024-08-24
4049,Product_4049_0,home,374.8263059237453,474.63603217165917,archived,2024-12-28
4050,Product_4050_0,sports,180.2874598811896,40.78432634437114,active,2024-01-12
4051,Product_4051_0,home,429.82302283182463,59.54415226748941,active,2024-11-12
4052,Product_4052_0,electronics,486.3855253041052,349.26293638022395,active,2024-07-25
4053,Product_4053_0,books,986.1320488521206,83.1322065676202,pending,2024-12-04
4054,Product_4054_0,electronics,679.2815193229411,159.13420244480903,archived,2024-11-13
4055,Product_4055_0,home,965.0405025922214,183.91146597111427,active,2024-04-04
4056,Product_4056_0,clothing,240.63400900073583,12.106461840990312,inactive,2024-09-18
4057,Product_4057_0,clothing,934.0210822461892,219.97398229737337,archived,2024-01-07
4058,Product_4058_0,books,624.1833555636599,104.93226226053105,pending,2024-09-16
4059,Product_4059_0,home,641.3065809008439,400.2597193140736,inactive,2024-12-02
4060,Product_4060_0,books,878.2470635173769,186.42042219193422,active,2024-05-23
4061,Product_4061_0,sports,746.4123241295783,140.61118136102394,archived,2024-03-13
4062,Product_4062_0,electronics,9.442492173484283,55.697151657081214,active,2024-06-09
4063,Product_4063_0,books,566.1314760243334,197.76306488496525,active,2024-05-20
4064,Product_4064_0,books,702.141607680582,310.4330364218301,inactive,2024-12-16
4065,Product_4065_0,books,712.21687663342,304.43295993506996,inactive,2024-05-14
4066,Product_4066_0,electronics,690.5624128074005,37.51287145581113,active,2024-02-17
4067,Product_4067_0,electronics,408.88442391265875,80.61005601917122,inactive,2024-12-24
4068,Product_4068_0,home,513.0389919172278,297.2893201326945,active,2024-10-02
4069,Product_4069_0,clothing,260.7233563527552,313.211368920809,inactive,2024-02-04
4070,Product_4070_0,electronics,279.3237158767182,265.5341238188586,pending,2024-03-06
4071,Product_4071_0,sports,988.9763970382903,186.938336443008,archived,2024-10-18
4072,Product_4072_0,home,838.9341052791058,229.17148982209557,active,2024-09-25
4073,Product_4073_0,sports,183.66404662660594,203.85768011987557,pending,2024-11-13
4074,Product_4074_0,clothing,54.871161107604856,249.13588316861933,archived,2024-09-10
4075,Product_4075_0,clothing,50.546695176717265,130.4571174743028,pending,2024-01-22
4076,Product_4076_0,home,923.7868946207142,493.0983924761808,inactive,2024-06-28
4077,Product_4077_0,electronics,140.4932126920307,218.85586916943942,inactive,2024-03-14
4078,Product_4078_0,home,425.87779530040996,59.526652677716925,archived,2024-01-01
4079,Product_4079_0,sports,947.2192480223237,451.0249451811945,inactive,2024-04-01
4080,Product_4080_0,clothing,260.8199912586606,438.7130517972994,pending,2024-05-15
4081,Product_4081_0,electronics,577.2781616280619,388.7902324106591,inactive,2024-01-22
4082,Product_4082_0,books,711.0159339783936,148.006523787423,archived,2024-11-20
4083,Product_4083_0,electronics,464.86489254572507,78.1944688243636,pending,2024-06-14
4084,Product_4084_0,home,706.4134282080305,339.93074448135104,archived,2024-02-21
4085,Product_4085_0,books,669.5029468898855,223.59201439648723,inactive,2024-05-05
4086,Product_4086_0,sports,64.66820416040069,39.0126424160385,inactive,2024-01-05
4087,Product_4087_0,clothing,300.9402798897338,75.66727982034728,archived,2024-04-10
4088,Product_4088_0,books,404.93378585676044,263.5621920203947,pending,2024-02-01
4089,Product_4089_0,clothing,664.6496009396634,292.87445972459574,active,2024-12-03
4090,Product_4090_0,home,832.6378634464287,362.26206458398553,active,2024-01-25
4091,Product_4091_0,sports,828.2137967262322,457.72073315698105,pending,2024-05-07
4092,Product_4092_0,sports,853.3902618913448,326.15831328910303,pending,2024-10-24
4093,Product_4093_0,sports,210.37119477984825,358.9928314246429,pending,2024-03-06
4094,Product_4094_0,sports,413.63633794398027,356.28629120191795,active,2024-06-04
4095,Product_4095_0,home,704.1292836894961,18.364958887745402,active,2024-06-16
4096,Product_4096_0,home,948.7986423333375,290.1796093085662,pending,2024-09-04
4097,Product_4097_0,sports,270.4074041367195,151.8409373362407,pending,2024-01-28
4098,Product_4098_0,sports,689.9102254749005,217.1725857858129,pending,2024-10-18
4099,Product_4099_0,books,655.0296470685716,486.84029356257525,archived,2024-04-27
4100,Product_4100_0,electronics,459.0424876361464,370.3449248181113,archived,2024-06-13
4101,Product_4101_0,sports,929.7485629548951,391.50558816135066,active,2024-11-20
4102,Product_4102_0,books,612.8467486555535,68.91580036049774,archived,2024-03-09
4103,Product_4103_0,home,104.66042208804384,297.2150787216966,inactive,2024-09-25
4104,Product_4104_0,electronics,981.0394669371362,187.98799701776662,archived,2024-06-15
4105,Product_4105_0,sports,610.3106443775372,143.875411286629,pending,2024-11-20
4106,Product_4106_0,sports,298.6267950947561,28.81241535304069,inactive,2024-06-10
4107,Product_4107_0,sports,516.9112831676473,312.87445107526275,archived,2024-12-26
4108,Product_4108_0,books,532.9441204725746,86.54238461672364,active,2024-01-02
4109,Product_4109_0,books,588.3654905749507,465.88810676134176,archived,2024-07-13
4110,Product_4110_0,books,620.4581888039742,399.9905072820396,inactive,2024-01-22
4111,Product_4111_0,electronics,882.5540597805726,365.953717278884,archived,2024-09-22
4112,Product_4112_0,electronics,72.90248574095922,455.5921330704811,inactive,2024-11-24
4113,Product_4113_0,clothing,499.35679109103575,443.76376592312585,inactive,2024-11-23
4114,Product_4114_0,books,768.5057609340348,362.2676013666507,inactive,2024-08-03
4115,Product_4115_0,books,543.7044532653957,295.39543593230366,inactive,2024-10-09
4116,Product_4116_0,clothing,562.1302235025149,419.1499808328008,inactive,2024-12-19
4117,Product_4117_0,sports,769.3119262711238,278.6524677990993,archived,2024-10-14
4118,Product_4118_0,sports,141.60318056815441,169.84385434084936,inactive,2024-12-08
4119,Product_4119_0,sports,429.775906210487,386.6568230785497,inactive,2024-03-02
4120,Product_4120_0,home,940.7060694299922,449.4266042814589,pending,2024-02-26
4121,Product_4121_0,books,104.42405509826958,280.7649589052207,inactive,2024-10-22
4122,Product_4122_0,electronics,266.95001794538695,22.828449797881728,archived,2024-12-07
4123,Product_4123_0,books,434.1277264324763,287.7537612538486,active,2024-01-03
4124,Product_4124_0,home,721.3133811251439,60.51332191011944,pending,2024-09-23
4125,Product_4125_0,clothing,645.5705484645842,149.56851487956266,active,2024-08-22
4126,Product_4126_0,books,11.438614588970701,298.69581832156484,inactive,2024-07-12
4127,Product_4127_0,electronics,625.2403802572242,498.51253483273746,inactive,2024-11-08
4128,Product_4128_0,home,236.55383074459215,157.5531309411058,pending,2024-06-21
4129,Product_4129_0,sports,28.791929415592733,128.1369455325497,active,2024-12-28
4130,Product_4130_0,clothing,327.54834394904503,62.16122849020439,inactive,2024-07-04
4131,Product_4131_0,home,684.0510126013019,296.5464124287573,pending,2024-11-10
4132,Product_4132_0,sports,739.8305206381976,478.3719328769577,inactive,2024-08-02
4133,Product_4133_0,clothing,169.83130615914908,166.64516597843965,pending,2024-09-27
4134,Product_4134_0,clothing,949.477783604169,127.46884606629251,archived,2024-07-16
4135,Product_4135_0,electronics,240.00698790866807,418.2981931875348,archived,2024-04-18
4136,Product_4136_0,books,853.8417060773935,103.40109746557557,inactive,2024-10-02
4137,Product_4137_0,sports,757.4267750152328,361.48753514626316,pending,2024-08-23
4138,Product_4138_0,clothing,709.6286560893769,76.28680650205136,pending,2024-05-21
4139,Product_4139_0,books,93.82050347403033,37.36987512199211,pending,2024-04-05
4140,Product_4140_0,electronics,554.6547885462127,155.8310494442386,inactive,2024-02-02
4141,Product_4141_0,sports,526.8006459598446,43.529152691551246,pending,2024-10-24
4142,Product_4142_0,home,958.054993879153,417.3709005719757,archived,2024-08-22
4143,Product_4143_0,sports,789.0265286227201,200.94778312381234,archived,2024-06-20
4144,Product_4144_0,home,600.0893241954158,497.89718580514676,archived,2024-06-23
4145,Product_4145_0,home,613.0167969458722,243.26670096339092,active,2024-08-09
4146,Product_4146_0,electronics,649.155779738197,321.73432874050815,pending,2024-07-04
4147,Product_4147_0,clothing,862.2058898224052,337.82444969170024,inactive,2024-10-24
4148,Product_4148_0,books,571.9431627982016,327.3244233511222,inactive,2024-04-10
4149,Product_4149_0,clothing,954.9614836850891,485.70982242127025,archived,2024-06-03
4150,Product_4150_0,clothing,371.4438753628043,433.56076373701444,archived,2024-07-25
4151,Product_4151_0,electronics,83.45125276992056,312.9878369605633,pending,2024-09-22
4152,Product_4152_0,sports,489.7133968647611,61.64185680768506,inactive,2024-07-23
4153,Product_4153_0,clothing,197.17076633112953,414.67484699090465,inactive,2024-08-10
4154,Product_4154_0,home,377.16086486922296,261.7468559945487,active,2024-01-27
4155,Product_4155_0,home,229.43794348815638,56.34409572969499,active,2024-11-09
4156,Product_4156_0,sports,981.8773860257123,489.51503133571765,inactive,2024-05-03
4157,Product_4157_0,sports,438.2534574020987,273.8169272869599,pending,2024-08-02
4158,Product_4158_0,home,504.03644885884,140.35818074852543,archived,2024-07-14
4159,Product_4159_0,electronics,107.34177431465935,75.73983929161658,pending,2024-08-17
4160,Product_4160_0,home,330.0984765247824,235.38955843118708,active,2024-08-16
4161,Product_4161_0,books,893.5902620435347,322.8753840073239,pending,2024-03-14
4162,Product_4162_0,home,65.73206325626393,432.4937840404412,active,2024-06-02
4163,Product_4163_0,electronics,664.4664194082414,181.77619383844925,archived,2024-04-17
4164,Product_4164_0,clothing,539.2885943936698,283.6585233263599,active,2024-09-22
4165,Product_4165_0,clothing,364.4019383107058,389.3129315853279,active,2024-02-27
4166,Product_4166_0,home,660.4306026570978,82.39383028331315,inactive,2024-05-26
4167,Product_4167_0,clothing,255.03838922126505,227.76240045684582,inactive,2024-07-13
4168,Product_4168_0,electronics,847.6321880278172,229.02724596490717,inactive,2024-09-23
4169,Product_4169_0,sports,678.5232131563907,107.83050453497867,archived,2024-12-17
4170,Product_4170_0,electronics,481.171720705783,357.1286021329707,inactive,2024-10-10
4171,Product_4171_0,clothing,507.233754555131,262.2254909406828,archived,2024-08-06
4172,Product_4172_0,home,850.0352459485224,294.66136306598656,inactive,2024-01-10
4173,Product_4173_0,electronics,554.2621192081775,356.27940131960264,pending,2024-04-12
4174,Product_4174_0,electronics,636.9109773085945,160.9787220853057,archived,2024-01-22
4175,Product_4175_0,sports,464.0292230552479,320.0512273640445,archived,2024-12-19
4176,Product_4176_0,home,554.7096747942408,494.8526729641276,pending,2024-12-16
4177,Product_4177_0,home,786.3190175138028,406.45612851089265,pending,2024-11-04
4178,Product_4178_0,books,962.0882085619254,304.31787516016647,pending,2024-10-06
4179,Product_4179_0,clothing,957.2592456218232,238.49893056166437,inactive,2024-06-10
4180,Product_4180_0,electronics,526.4534707865067,218.6801953066124,inactive,2024-10-02
4181,Product_4181_0,sports,458.4226772461539,212.90167176159588,active,2024-02-22
4182,Product_4182_0,sports,555.9675186918757,296.35675186811807,archived,2024-03-15
4183,Product_4183_0,books,910.8947883538984,436.75414297901267,active,2024-12-02
4184,Product_4184_0,books,392.17645757459013,298.7667700144616,active,2024-11-06
4185,Product_4185_0,home,44.71484058286756,465.7330990614953,inactive,2024-02-25
4186,Product_4186_0,sports,281.621737410593,458.44847009668956,active,2024-08-10
4187,Product_4187_0,home,286.468888583448,123.2703411102888,archived,2024-03-24
4188,Product_4188_0,clothing,252.35526682279212,53.78902848841467,active,2024-12-07
4189,Product_4189_0,home,79.57195121930935,471.2948285203483,pending,2024-02-08
4190,Product_4190_0,books,599.3089812862767,149.44088867114033,archived,2024-02-13
4191,Product_4191_0,books,732.6493002256677,425.36691729715864,archived,2024-06-08
4192,Product_4192_0,clothing,958.1741299052657,200.78591829749325,active,2024-10-04
4193,Product_4193_0,sports,708.6257927627448,462.35143730029387,active,2024-12-22
4194,Product_4194_0,sports,864.6393320151848,238.11514779246508,inactive,2024-11-22
4195,Product_4195_0,books,293.72589869746315,279.52601946489983,inactive,2024-03-07
4196,Product_4196_0,home,186.87851056165076,183.58756236220728,pending,2024-07-11
4197,Product_4197_0,electronics,334.91726339937566,70.94877964499022,pending,2024-03-12
4198,Product_4198_0,clothing,631.2201768177852,157.40519021090267,inactive,2024-02-18
4199,Product_4199_0,books,341.20918741527356,216.13955170145266,active,2024-07-05
4200,Product_4200_0,clothing,821.6433854590582,51.95342815154843,inactive,2024-08-28
4201,Product_4201_0,clothing,468.2409324350168,300.2622547188778,inactive,2024-07-15
4202,Product_4202_0,books,527.6598261874068,458.5523686952573,archived,2024-06-09
4203,Product_4203_0,electronics,114.03969823451388,93.29487221349373,active,2024-12-22
4204,Product_4204_0,electronics,111.03995734638585,349.65854863535145,active,2024-06-21
4205,Product_4205_0,sports,2.0413062667470916,106.43249673503315,inactive,2024-12-07
4206,Product_4206_0,home,735.1598345992903,389.9146141505773,active,2024-07-06
4207,Product_4207_0,clothing,212.0975517125437,103.8960816881734,active,2024-04-09
4208,Product_4208_0,books,256.77290166017326,185.18601984577037,active,2024-06-05
4209,Product_4209_0,books,493.1277933218243,408.16319912226396,inactive,2024-01-28
4210,Product_4210_0,sports,150.08231428787118,141.85238954099785,inactive,2024-11-04
4211,Product_4211_0,sports,579.0939454547915,395.45256284668295,active,2024-12-25
4212,Product_4212_0,clothing,814.2458342388725,477.01847098805786,archived,2024-12-20
4213,Product_4213_0,electronics,465.7328972840731,65.49774561572963,pending,2024-11-04
4214,Product_4214_0,books,933.4129344182978,46.70620597895984,pending,2024-04-20
4215,Product_4215_0,clothing,238.24137688057723,50.919999148102804,archived,2024-11-12
4216,Product_4216_0,books,592.4880298691074,459.44741568130206,pending,2024-10-08
4217,Product_4217_0,electronics,475.1008883552352,322.2812971174047,archived,2024-10-18
4218,Product_4218_0,sports,386.47821477297924,47.68362804795738,active,2024-07-15
4219,Product_4219_0,clothing,772.1681991087423,48.020689759822666,pending,2024-07-06
4220,Product_4220_0,sports,828.5105473027843,304.8659237528282,archived,2024-07-25
4221,Product_4221_0,home,124.41089693939382,449.20194953475465,archived,2024-04-12
4222,Product_4222_0,sports,996.4047098437095,459.9891951544843,active,2024-05-18
4223,Product_4223_0,sports,348.47489960586336,79.6239389409583,archived,2024-07-16
4224,Product_4224_0,books,597.2751454227599,486.27578566929105,inactive,2024-08-23
4225,Product_4225_0,sports,455.528878297784,246.45819476463595,archived,2024-11-18
4226,Product_4226_0,electronics,344.57207239122596,418.2052657751546,archived,2024-12-07
4227,Product_4227_0,sports,331.04656827952505,119.77756803999455,inactive,2024-12-03
4228,Product_4228_0,home,684.1068020439761,354.9386724489493,active,2024-08-09
4229,Product_4229_0,books,369.5287494934401,227.06676892191072,pending,2024-01-20
4230,Product_4230_0,books,322.64021799019787,450.92365557309853,archived,2024-02-27
4231,Product_4231_0,electronics,645.363072993823,119.31352510858599,inactive,2024-12-27
4232,Product_4232_0,home,419.1590118438612,53.05479069744389,active,2024-01-26
4233,Product_4233_0,books,654.3948439600493,270.3024203550467,active,2024-04-27
4234,Product_4234_0,books,379.4726120375572,11.77835954371943,archived,2024-04-12
4235,Product_4235_0,electronics,895.8466465173003,191.49976715900198,inactive,2024-10-16
4236,Product_4236_0,sports,438.98692554961895,11.401715910326404,active,2024-09-26
4237,Product_4237_0,home,415.80422624205033,427.9995655688893,pending,2024-06-05
4238,Product_4238_0,sports,254.53936415980016,478.94560314553075,archived,2024-05-19
4239,Product_4239_0,books,378.00490330992926,52.21823906363036,inactive,2024-07-25
4240,Product_4240_0,clothing,436.14842623236876,411.94080851077763,active,2024-05-10
4241,Product_4241_0,sports,953.8561646631505,307.43288572667603,archived,2024-11-09
4242,Product_4242_0,sports,824.5970307745039,10.421228555069021,inactive,2024-12-02
4243,Product_4243_0,sports,665.0331962111857,457.86251690089495,archived,2024-06-17
4244,Product_4244_0,sports,516.6556651071625,329.8431786282476,pending,2024-06-14
4245,Product_4245_0,sports,472.09020703344083,486.52645236177847,pending,2024-06-18
4246,Product_4246_0,books,77.01191941872658,437.73306252601645,archived,2024-04-22
4247,Product_4247_0,clothing,279.96737560466323,302.19535607745314,pending,2024-11-19
4248,Product_4248_0,clothing,446.2250039734014,81.1648375025614,active,2024-02-17
4249,Product_4249_0,books,568.6560636654832,271.42570529122867,pending,2024-06-26
4250,Product_4250_0,sports,861.4615965502062,206.4455302063378,archived,2024-08-01
4251,Product_4251_0,books,893.8717528695786,155.22528093377144,archived,2024-01-28
4252,Product_4252_0,sports,711.0496533353481,250.73356063518995,archived,2024-10-11
4253,Product_4253_0,sports,510.43811298964596,412.0626998801202,active,2024-08-03
4254,Product_4254_0,electronics,374.8209476012297,35.06711626373581,archived,2024-09-14
4255,Product_4255_0,books,532.9486604724518,216.7052507382562,active,2024-08-23
4256,Product_4256_0,home,810.6039771536224,69.32908178286661,active,2024-02-03
4257,Product_4257_0,books,95.72696531108083,343.33808770371735,pending,2024-04-12
4258,Product_4258_0,clothing,141.425135697313,284.14715923763623,inactive,2024-04-20
4259,Product_4259_0,clothing,1.7061238036015864,225.1242823672205,inactive,2024-12-19
4260,Product_4260_0,books,723.1185231245355,469.9610620883012,archived,2024-03-03
4261,Product_4261_0,sports,767.268238233229,47.219815023664786,active,2024-12-27
4262,Product_4262_0,home,673.6091787735686,280.6396640573936,inactive,2024-12-05
4263,Product_4263_0,home,527.4514849259394,102.81380235506411,archived,2024-07-10
4264,Product_4264_0,books,348.48449726975895,140.2916009182589,archived,2024-04-01
4265,Product_4265_0,clothing,10.366668452083225,16.49520233259132,inactive,2024-11-12
4266,Product_4266_0,sports,594.237794847148,39.568941446328225,inactive,2024-07-21
4267,Product_4267_0,clothing,535.8161449328882,201.78017588710046,inactive,2024-08-16
4268,Product_4268_0,home,118.55445542779182,269.7557800968581,active,2024-04-27
4269,Product_4269_0,books,468.31944152937825,37.773892928863,archived,2024-06-09
4270,Product_4270_0,electronics,201.4002182614472,153.56497044968705,inactive,2024-06-18
4271,Product_4271_0,sports,800.3302551308267,33.33025919954418,archived,2024-07-26
4272,Product_4272_0,sports,269.8894999745496,413.36487532623096,active,2024-01-24
4273,Product_4273_0,sports,471.6407388335135,245.0884979908711,active,2024-09-20
4274,Product_4274_0,books,146.7998200545769,191.41020432340866,inactive,2024-11-27
4275,Product_4275_0,sports,145.78701355085155,358.9590992354417,pending,2024-07-18
4276,Product_4276_0,clothing,840.7068422444682,142.6346814744733,inactive,2024-11-01
4277,Product_4277_0,electronics,510.8172042578278,392.7265322242899,archived,2024-06-15
4278,Product_4278_0,home,233.22712169231144,404.6143925425378,archived,2024-02-12
4279,Product_4279_0,sports,126.57878737249304,186.1642696082258,archived,2024-04-28
4280,Product_4280_0,electronics,164.87142091489213,383.7887422705382,archived,2024-07-10
4281,Product_4281_0,electronics,642.9140641372754,451.5124625172672,pending,2024-02-24
4282,Product_4282_0,books,42.75654823831011,320.85209806052376,active,2024-10-07
4283,Product_4283_0,sports,617.2254175724163,447.3852209669686,archived,2024-02-25
4284,Product_4284_0,electronics,377.37843140835713,193.58842565868648,pending,2024-08-10
4285,Product_4285_0,clothing,985.0273194787163,346.4100075564774,archived,2024-03-05
4286,Product_4286_0,home,525.3898685837478,451.75141463428764,archived,2024-11-09
4287,Product_4287_0,books,64.34853165633868,337.65210113993385,active,2024-09-25
4288,Product_4288_0,sports,523.244681063291,167.94920047919751,archived,2024-07-27
4289,Product_4289_0,books,579.2185986055613,385.27524581169365,inactive,2024-05-17
4290,Product_4290_0,electronics,225.7784331474677,155.64243949681986,active,2024-11-25
4291,Product_4291_0,home,445.6499614507718,350.9192136585767,archived,2024-07-15
4292,Product_4292_0,books,103.3630337910694,193.42347458615725,pending,2024-07-08
4293,Product_4293_0,sports,415.8678982881858,427.07692345199695,inactive,2024-01-17
4294,Product_4294_0,books,236.20250577268916,71.08208786481008,inactive,2024-06-03
4295,Product_4295_0,home,590.6282742050804,374.1242482255769,archived,2024-04-06
4296,Product_4296_0,sports,269.87735370191916,274.06303879103,inactive,2024-08-06
4297,Product_4297_0,home,560.4142196207894,425.9705594679516,inactive,2024-06-19
4298,Product_4298_0,electronics,289.0504851898609,265.84499576165007,pending,2024-07-17
4299,Product_4299_0,books,751.9837807511916,264.7650761028675,active,2024-11-15
4300,Product_4300_0,clothing,399.0053735048549,167.02227752682023,pending,2024-02-24
4301,Product_4301_0,clothing,322.08418015685135,14.213583209283073,active,2024-06-05
4302,Product_4302_0,sports,972.209299061784,358.75696578361544,archived,2024-08-11
4303,Product_4303_0,books,625.3234006910379,326.04336587285474,archived,2024-10-15
4304,Product_4304_0,electronics,516.4085857953457,254.38075776484953,inactive,2024-04-05
4305,Product_4305_0,clothing,186.28037407641548,352.42323664791076,archived,2024-02-25
4306,Product_4306_0,books,775.4682516696641,497.5468348231752,pending,2024-01-27
4307,Product_4307_0,electronics,601.8245035779458,273.7102781200464,inactive,2024-02-21
4308,Product_4308_0,clothing,516.3288041939089,211.34609319130047,archived,2024-06-17
4309,Product_4309_0,sports,955.7381480386953,47.10736554893962,archived,2024-03-25
4310,Product_4310_0,electronics,367.5058944595321,228.8000866726081,active,2024-01-16
4311,Product_4311_0,books,305.08355371422016,403.5719405153428,archived,2024-12-14
4312,Product_4312_0,electronics,846.5413727073999,178.61286136710194,inactive,2024-03-24
4313,Product_4313_0,books,837.8350078242783,408.79458076230776,archived,2024-11-26
4314,Product_4314_0,home,959.8811217978758,257.9627030363408,pending,2024-11-17
4315,Product_4315_0,sports,287.4485336256222,56.841577939668205,pending,2024-11-18
4316,Product_4316_0,books,805.2360562812576,430.49567436096766,inactive,2024-03-12
4317,Product_4317_0,clothing,848.0769467895409,62.18263799734551,active,2024-10-07
4318,Product_4318_0,home,219.4791304716933,265.68850852388846,archived,2024-03-04
4319,Product_4319_0,books,22.33769583276035,92.20398541174289,archived,2024-02-23
4320,Product_4320_0,home,113.41279810022232,443.1709766744576,archived,2024-09-02
4321,Product_4321_0,sports,618.4319978082144,88.72985529373223,inactive,2024-05-19
4322,Product_4322_0,books,798.0117462696606,324.7409848328551,active,2024-02-08
4323,Product_4323_0,electronics,888.5108544044698,437.2975805862313,inactive,2024-02-27
4324,Product_4324_0,home,786.4787870237554,68.98487543676247,pending,2024-12-25
4325,Product_4325_0,electronics,561.9579002649102,107.33666984323771,inactive,2024-07-14
4326,Product_4326_0,books,206.75082971426545,351.57348606032787,inactive,2024-04-09
4327,Product_4327_0,books,7.358403209730089,479.2531701057693,archived,2024-09-26
4328,Product_4328_0,sports,333.16889247851094,55.328840593637615,inactive,2024-09-28
4329,Product_4329_0,home,644.2870618257678,168.73267793000636,archived,2024-10-25
4330,Product_4330_0,electronics,76.22741342639837,391.12702324696454,active,2024-03-05
4331,Product_4331_0,books,186.40792343480243,226.20989075974194,pending,2024-06-28
4332,Product_4332_0,electronics,863.1411553522637,371.9345668309671,active,2024-11-16
4333,Product_4333_0,books,939.0360994562868,201.112812578147,pending,2024-01-02
4334,Product_4334_0,books,724.1871791194773,135.51432748729712,pending,2024-06-01
4335,Product_4335_0,clothing,968.1476698287003,419.461764697109,archived,2024-02-11
4336,Product_4336_0,sports,341.18673891309425,104.82202285506344,archived,2024-02-06
4337,Product_4337_0,books,122.13646038006306,215.68490890904448,pending,2024-02-19
4338,Product_4338_0,books,135.11168168012784,431.8473196684567,active,2024-12-17
4339,Product_4339_0,electronics,409.4933787347633,199.00599450313166,pending,2024-06-10
4340,Product_4340_0,clothing,165.28134247612388,255.4013691446811,archived,2024-02-24
4341,Product_4341_0,electronics,992.4898201200107,29.48948523521701,inactive,2024-01-11
4342,Product_4342_0,electronics,312.98431561372377,498.41603349493795,archived,2024-07-01
4343,Product_4343_0,clothing,815.2777921896172,21.62161180262242,archived,2024-10-07
4344,Product_4344_0,sports,938.630016514596,282.4006907158137,inactive,2024-11-09
4345,Product_4345_0,clothing,779.8022522110642,221.0819911221536,archived,2024-11-23
4346,Product_4346_0,electronics,413.4012343341001,33.72397523059462,archived,2024-12-15
4347,Product_4347_0,home,407.4817816862011,384.73658216505595,active,2024-11-23
4348,Product_4348_0,clothing,709.6223858035415,436.7487974968116,pending,2024-11-07
4349,Product_4349_0,clothing,174.23401468716048,378.7485145456416,pending,2024-07-25
4350,Product_4350_0,clothing,28.45931754697534,182.2000403106696,pending,2024-04-10
4351,Product_4351_0,clothing,23.87001168264868,106.85791100406989,active,2024-11-27
4352,Product_4352_0,clothing,61.24835860835592,125.53889593499682,archived,2024-06-09
4353,Product_4353_0,home,238.80570648126422,283.4949069517422,archived,2024-12-06
4354,Product_4354_0,home,451.94040203726985,20.743529732901344,pending,2024-06-09
4355,Product_4355_0,home,374.9666031468293,109.15082036056104,pending,2024-02-24
4356,Product_4356_0,clothing,673.2163766401736,495.8142236701509,inactive,2024-04-18
4357,Product_4357_0,electronics,83.4269899971001,99.86739873973376,inactive,2024-07-09
4358,Product_4358_0,electronics,390.47089577927017,116.08117357999532,inactive,2024-12-07
4359,Product_4359_0,clothing,284.7547863209844,25.98866247113944,archived,2024-06-14
4360,Product_4360_0,books,813.8756128413588,483.8926261032258,inactive,2024-06-07
4361,Product_4361_0,clothing,454.7703542244679,102.51613600392797,archived,2024-08-20
4362,Product_4362_0,sports,252.98071407632528,354.8638911719521,active,2024-10-13
4363,Product_4363_0,home,533.7862098461786,396.12691951866157,active,2024-01-26
4364,Product_4364_0,books,751.796727152855,45.546713685187974,pending,2024-12-23
4365,Product_4365_0,home,925.7939000633014,327.74192257214753,active,2024-01-18
4366,Product_4366_0,sports,101.07626030721542,334.46735866722236,active,2024-06-11
4367,Product_4367_0,books,904.6369616610606,340.5296002806404,active,2024-12-24
4368,Product_4368_0,books,486.7846260310712,27.82891890579911,pending,2024-07-12
4369,Product_4369_0,home,4.744348317636666,498.52576395413746,pending,2024-09-19
4370,Product_4370_0,books,546.4375006859675,379.0716321272175,inactive,2024-01-14
4371,Product_4371_0,clothing,844.6585391302909,420.9507928959247,pending,2024-07-28
4372,Product_4372_0,clothing,313.04202237897647,40.638475148633376,inactive,2024-03-23
4373,Product_4373_0,sports,39.42560129623282,25.94964713472114,pending,2024-05-18
4374,Product_4374_0,electronics,770.2469047478081,23.617771861607103,archived,2024-12-27
4375,Product_4375_0,sports,488.47856937078853,208.8042910280952,inactive,2024-09-24
4376,Product_4376_0,sports,221.98234502776228,210.86253335594498,pending,2024-09-03
4377,Product_4377_0,home,564.8940412663367,66.07400874790038,active,2024-08-23
4378,Product_4378_0,sports,598.0763830008137,355.83257328884423,active,2024-03-17
4379,Product_4379_0,home,192.87444114233293,64.82354552475685,active,2024-05-25
4380,Product_4380_0,sports,943.7014162902854,243.66913226994913,inactive,2024-11-09
4381,Product_4381_0,clothing,960.4069275717738,200.5830238143324,archived,2024-07-15
4382,Product_4382_0,home,414.32320466451495,143.59624373286266,archived,2024-02-15
4383,Product_4383_0,home,945.1320676195511,276.17301624716,active,2024-07-01
4384,Product_4384_0,home,228.03967444853427,452.9250076633459,active,2024-03-23
4385,Product_4385_0,sports,391.5660383408472,54.344530639400226,archived,2024-02-07
4386,Product_4386_0,clothing,242.63232983483252,188.08878579746113,active,2024-01-08
4387,Product_4387_0,clothing,568.4357894529024,460.17521017811686,archived,2024-02-15
4388,Product_4388_0,electronics,50.86938296109392,498.30575427342086,archived,2024-01-28
4389,Product_4389_0,electronics,220.90560958221533,123.99518247809186,active,2024-03-21
4390,Product_4390_0,electronics,726.1530887175118,350.67551697403644,archived,2024-01-16
4391,Product_4391_0,sports,81.15764522969707,398.8698854343665,active,2024-11-24
4392,Product_4392_0,clothing,247.10526176156156,211.80273074160593,archived,2024-04-07
4393,Product_4393_0,clothing,915.9807239509627,126.52991259627002,pending,2024-09-01
4394,Product_4394_0,sports,418.19758912433497,352.2778926508854,active,2024-09-08
4395,Product_4395_0,clothing,312.74777015819296,302.1710135479288,inactive,2024-01-07
4396,Product_4396_0,sports,848.623911698191,157.80770301622383,active,2024-03-09
4397,Product_4397_0,home,463.310562282889,236.576813614966,archived,2024-10-27
4398,Product_4398_0,electronics,729.1812835042315,428.6784784019872,archived,2024-06-26
4399,Product_4399_0,home,721.851985501944,476.63647856699544,inactive,2024-09-17
4400,Product_4400_0,electronics,261.0601024783658,172.8626645584663,pending,2024-10-01
4401,Product_4401_0,books,693.9098447901412,144.1937225887669,pending,2024-04-23
4402,Product_4402_0,books,838.7291500625979,367.0866322464264,pending,2024-11-02
4403,Product_4403_0,books,186.03104953081404,131.18232538335735,pending,2024-07-11
4404,Product_4404_0,electronics,399.7445703014734,425.11742035728,active,2024-09-06
4405,Product_4405_0,electronics,462.8922088791892,177.18659114185567,inactive,2024-03-07
4406,Product_4406_0,home,298.83766524982593,109.76826729770868,active,2024-04-06
4407,Product_4407_0,electronics,924.8399952344597,363.5972480996789,pending,2024-02-03
4408,Product_4408_0,books,847.1010102694987,106.88084285639907,inactive,2024-03-06
4409,Product_4409_0,clothing,204.06089500397454,496.2663063383264,archived,2024-09-07
4410,Product_4410_0,books,600.3545246712866,77.68205893746078,inactive,2024-09-25
4411,Product_4411_0,books,403.1495388041856,477.0909290484087,active,2024-08-21
4412,Product_4412_0,electronics,956.592406748631,153.43236130221993,active,2024-11-17
4413,Product_4413_0,books,605.8707229391542,110.87129540164692,archived,2024-12-20
4414,Product_4414_0,books,603.4138609748386,294.64413226997266,archived,2024-06-16
4415,Product_4415_0,home,254.07385441201117,431.2102037787307,inactive,2024-12-11
4416,Product_4416_0,home,877.7353428138873,121.45213678931249,pending,2024-01-20
4417,Product_4417_0,electronics,345.3642313141017,458.9929676076242,pending,2024-09-21
4418,Product_4418_0,sports,707.8393539995624,477.6156400461958,inactive,2024-01-22
4419,Product_4419_0,sports,989.7551478260975,15.838994702095379,active,2024-05-14
4420,Product_4420_0,home,504.8455475969244,392.5308638900814,pending,2024-08-15
4421,Product_4421_0,home,26.207137327811907,415.4579765665235,pending,2024-10-07
4422,Product_4422_0,electronics,898.8337269709195,378.54310650411213,pending,2024-05-26
4423,Product_4423_0,sports,730.0859919865471,139.3283600316835,inactive,2024-07-15
4424,Product_4424_0,sports,270.7283745674344,332.7125853141036,inactive,2024-07-03
4425,Product_4425_0,home,257.2705173567244,77.79017621323635,archived,2024-09-13
4426,Product_4426_0,sports,501.2648358891867,55.4028681292653,archived,2024-11-14
4427,Product_4427_0,clothing,141.5040657171484,348.0053790573766,archived,2024-11-16
4428,Product_4428_0,home,45.53782691650962,382.66953235669797,archived,2024-06-22
4429,Product_4429_0,home,283.73899439763795,112.26322513033715,pending,2024-02-17
4430,Product_4430_0,books,355.3731085062574,121.85471394035991,pending,2024-06-24
4431,Product_4431_0,clothing,926.8544724308254,400.6653230851755,inactive,2024-05-21
4432,Product_4432_0,sports,802.6098650531421,97.91055463803899,active,2024-12-09
4433,Product_4433_0,sports,731.7187713214873,384.39275775304765,pending,2024-02-19
4434,Product_4434_0,home,875.7202337495004,173.28459160646815,active,2024-02-08
4435,Product_4435_0,sports,573.4067263827783,44.38747045805961,pending,2024-10-10
4436,Product_4436_0,electronics,351.5659171362449,272.2153199537862,inactive,2024-05-27
4437,Product_4437_0,home,593.1947463077643,482.83807775187967,archived,2024-11-20
4438,Product_4438_0,home,941.1110868566936,326.4806206681077,inactive,2024-01-02
4439,Product_4439_0,books,388.029957984634,180.09544419331795,archived,2024-03-18
4440,Product_4440_0,electronics,294.10457164100495,187.4100284792486,archived,2024-11-08
4441,Product_4441_0,clothing,156.03085403826424,137.36976408432142,pending,2024-11-22
4442,Product_4442_0,books,576.0878862929117,247.09886847488542,active,2024-10-17
4443,Product_4443_0,electronics,762.0754247988981,384.91280172660316,pending,2024-09-16
4444,Product_4444_0,sports,362.7035216802748,94.20606446089633,archived,2024-07-06
4445,Product_4445_0,books,451.9577193541334,51.0982052949637,inactive,2024-05-28
4446,Product_4446_0,electronics,222.9481153895052,306.9638486476831,archived,2024-07-23
4447,Product_4447_0,clothing,219.9127707661971,126.69608556948683,pending,2024-07-11
4448,Product_4448_0,sports,500.52305530990577,403.48164391058555,pending,2024-06-13
4449,Product_4449_0,books,24.918848913335726,193.4197870066811,active,2024-03-16
4450,Product_4450_0,home,705.1990267438497,335.88751548139084,archived,2024-10-10
4451,Product_4451_0,sports,327.7493811714589,411.46918301491485,archived,2024-08-06
4452,Product_4452_0,electronics,789.459860097262,295.1831293942128,active,2024-07-05
4453,Product_4453_0,clothing,543.0457355580506,78.90626433212653,active,2024-01-01
4454,Product_4454_0,books,250.6097298479928,289.01751158430557,archived,2024-11-01
4455,Product_4455_0,clothing,4.437066572795768,361.5666713298274,inactive,2024-01-05
4456,Product_4456_0,books,609.0627356629786,188.32193105796844,active,2024-03-02
4457,Product_4457_0,electronics,518.5461705693214,395.4225737256819,active,2024-12-28
4458,Product_4458_0,electronics,977.6439386495631,166.5609733159276,inactive,2024-03-27
4459,Product_4459_0,clothing,772.1468627738662,228.66637268426797,pending,2024-10-24
4460,Product_4460_0,sports,15.879513992930162,459.0505898502285,archived,2024-11-09
4461,Product_4461_0,books,838.9574458034673,467.6523454906859,archived,2024-03-07
4462,Product_4462_0,books,983.089808000122,328.12119513527387,active,2024-12-16
4463,Product_4463_0,sports,887.1555211007599,298.0185372057827,active,2024-11-24
4464,Product_4464_0,electronics,495.51450488459346,249.54342515139814,inactive,2024-02-16
4465,Product_4465_0,books,370.13822071354286,306.5487804400975,archived,2024-05-26
4466,Product_4466_0,books,64.41237374780376,338.1905437228939,inactive,2024-01-01
4467,Product_4467_0,electronics,884.516884122579,450.40338649835695,active,2024-02-15
4468,Product_4468_0,electronics,414.91221486310735,14.888156444647276,pending,2024-06-17
4469,Product_4469_0,sports,767.0279588359402,194.72752777059614,inactive,2024-03-11
4470,Product_4470_0,home,603.7766119986262,435.1391881291417,active,2024-02-25
4471,Product_4471_0,clothing,993.958936148005,73.57592224561103,active,2024-03-02
4472,Product_4472_0,home,119.54253776010086,369.92198704261966,active,2024-05-16
4473,Product_4473_0,home,641.3024474051963,124.21515379913099,inactive,2024-07-04
4474,Product_4474_0,sports,73.19385938033382,63.07799755212232,pending,2024-06-14
4475,Product_4475_0,clothing,802.0003514054092,41.95036526647896,archived,2024-06-13
4476,Product_4476_0,clothing,724.517713843133,398.09156307885456,pending,2024-08-28
4477,Product_4477_0,clothing,217.3296413087178,388.54589037233427,active,2024-09-17
4478,Product_4478_0,electronics,676.4676051102116,402.65320417769925,inactive,2024-07-21
4479,Product_4479_0,clothing,565.1617170191083,469.66740307552647,active,2024-06-22
4480,Product_4480_0,sports,963.1354350838534,484.85238805931846,active,2024-06-01
4481,Product_4481_0,books,821.837352136579,427.20646220951755,active,2024-11-25
4482,Product_4482_0,home,35.21555387435451,219.77684718113184,active,2024-12-06
4483,Product_4483_0,home,150.74051562656226,11.564781679646392,active,2024-09-05
4484,Product_4484_0,electronics,242.30177496221498,269.2028495052371,archived,2024-04-09
4485,Product_4485_0,clothing,347.6094978644786,289.3066617865998,pending,2024-06-10
4486,Product_4486_0,electronics,292.9525173558017,234.26317554960502,archived,2024-05-11
4487,Product_4487_0,home,572.2602757211988,25.47626028543231,pending,2024-04-07
4488,Product_4488_0,clothing,635.0165472598853,297.6994202596116,pending,2024-11-04
4489,Product_4489_0,electronics,677.6231068417038,257.31086885745583,pending,2024-01-09
4490,Product_4490_0,home,419.23057264534697,12.871176431420412,active,2024-04-10
4491,Product_4491_0,clothing,8.596511738522215,487.3260729529484,archived,2024-07-02
4492,Product_4492_0,books,917.0024896751893,33.4698538485081,pending,2024-05-20
4493,Product_4493_0,clothing,920.7938351788847,423.46497077211126,inactive,2024-07-23
4494,Product_4494_0,books,314.10727563733695,280.0255960994186,pending,2024-10-17
4495,Product_4495_0,home,508.78530785820874,489.6569447657108,archived,2024-06-14
4496,Product_4496_0,home,306.564228609333,340.9304625199445,pending,2024-05-14
4497,Product_4497_0,sports,538.8227936150056,255.57483248819145,archived,2024-09-20
4498,Product_4498_0,home,343.32485196134195,22.818713263073107,active,2024-06-25
4499,Product_4499_0,electronics,945.142583539795,282.77170930061294,inactive,2024-04-17
4500,Product_4500_0,electronics,125.53413382476627,427.4022259965698,pending,2024-11-24
4501,Product_4501_0,clothing,928.5736545372912,142.65729501145552,active,2024-12-08
4502,Product_4502_0,home,209.67828501619366,76.74147535531729,pending,2024-06-27
4503,Product_4503_0,sports,783.6680133518846,114.6102985261406,pending,2024-09-22
4504,Product_4504_0,books,609.8945457782901,169.0333216386523,archived,2024-05-15
4505,Product_4505_0,clothing,138.6433260215107,285.2492289200753,active,2024-07-03
4506,Product_4506_0,books,720.5872239653642,403.9789610383487,pending,2024-02-22
4507,Product_4507_0,electronics,902.818287532263,102.66067984551628,inactive,2024-10-01
4508,Product_4508_0,books,260.1880549496852,351.43992986788567,active,2024-05-08
4509,Product_4509_0,home,274.3499454565521,344.23918005146743,inactive,2024-11-25
4510,Product_4510_0,home,713.529342533792,57.62906728497069,archived,2024-03-23
4511,Product_4511_0,sports,624.7753941099362,170.98917239083758,pending,2024-06-22
4512,Product_4512_0,sports,933.201278688956,48.30167219678603,archived,2024-06-28
4513,Product_4513_0,books,173.62128962198335,161.81814113769815,pending,2024-02-05
4514,Product_4514_0,home,711.1109431280391,412.32774911497535,pending,2024-03-01
4515,Product_4515_0,clothing,369.1382768352651,45.67844498107223,archived,2024-02-21
4516,Product_4516_0,electronics,777.8925684249733,55.164955931279586,pending,2024-09-09
4517,Product_4517_0,electronics,266.27199811678076,292.6832607861358,active,2024-11-25
4518,Product_4518_0,clothing,744.5753072274334,454.2143343422447,archived,2024-10-20
4519,Product_4519_0,clothing,11.345463644845436,221.3962367874353,pending,2024-09-15
4520,Product_4520_0,clothing,135.68211306267682,429.5627999113053,active,2024-03-04
4521,Product_4521_0,sports,257.3265987344618,288.4816139396903,active,2024-03-03
4522,Product_4522_0,electronics,242.8757332272127,459.9874063929235,active,2024-07-10
4523,Product_4523_0,clothing,298.57506374973127,346.31635460112864,active,2024-07-12
4524,Product_4524_0,clothing,3.850467485523055,370.6850698092614,inactive,2024-11-02
4525,Product_4525_0,clothing,422.41365721746666,22.349960315261924,inactive,2024-03-18
4526,Product_4526_0,home,51.54551542692475,285.759595957361,archived,2024-09-20
4527,Product_4527_0,sports,637.8439412719431,54.51885075720117,pending,2024-11-20
4528,Product_4528_0,sports,21.604777983113596,263.61077765666096,pending,2024-03-03
4529,Product_4529_0,home,538.945628920058,342.8551780446177,active,2024-05-18
4530,Product_4530_0,books,821.0187555863864,406.1933790064427,active,2024-07-13
4531,Product_4531_0,sports,701.0503522792352,411.9495630856471,pending,2024-01-02
4532,Product_4532_0,home,765.7167064134978,457.8392572704646,active,2024-01-10
4533,Product_4533_0,home,977.9787857821761,281.1036226211215,archived,2024-06-12
4534,Product_4534_0,books,852.2179590936685,231.79901321390005,active,2024-03-18
4535,Product_4535_0,clothing,472.69248062386015,278.65979985111505,inactive,2024-02-04
4536,Product_4536_0,home,486.61012679301615,418.9709378883884,inactive,2024-09-02
4537,Product_4537_0,electronics,842.9537355310722,426.0585609866404,active,2024-11-15
4538,Product_4538_0,home,336.2286531823288,282.7602634152118,active,2024-06-24
4539,Product_4539_0,clothing,301.99011561976624,494.56834783173775,pending,2024-03-11
4540,Product_4540_0,home,236.61554758007543,320.76342065825196,inactive,2024-04-13
4541,Product_4541_0,home,68.12700453391678,173.83010308759506,pending,2024-05-17
4542,Product_4542_0,electronics,683.2071414777675,207.74691808180967,inactive,2024-07-08
4543,Product_4543_0,electronics,665.1233942815613,214.36702973162977,active,2024-06-16
4544,Product_4544_0,clothing,26.025084019331853,338.49995182884396,archived,2024-09-27
4545,Product_4545_0,books,285.83391459254824,354.5491097946556,active,2024-01-13
4546,Product_4546_0,electronics,930.6726620591163,418.56081694210184,inactive,2024-07-13
4547,Product_4547_0,sports,787.7082700055256,216.63409783298482,pending,2024-09-14
4548,Product_4548_0,clothing,184.54295804133673,126.84214199927665,inactive,2024-08-04
4549,Product_4549_0,electronics,589.2777047034651,331.01404673241393,active,2024-06-18
4550,Product_4550_0,books,864.79534746802,290.8645354752594,active,2024-11-25
4551,Product_4551_0,clothing,15.32801291223976,392.7632914858095,pending,2024-08-14
4552,Product_4552_0,electronics,301.3239179856014,84.05937140620992,archived,2024-09-01
4553,Product_4553_0,home,868.5523371217286,61.11230920657236,pending,2024-12-23
4554,Product_4554_0,sports,88.86283438280242,200.45318664622806,inactive,2024-03-26
4555,Product_4555_0,books,426.94277019429444,111.95169062102586,archived,2024-05-26
4556,Product_4556_0,books,623.9586901840283,226.3984547147829,pending,2024-09-22
4557,Product_4557_0,electronics,558.9765337969673,492.79398331874347,pending,2024-10-15
4558,Product_4558_0,books,124.47006322108601,305.3699746580308,active,2024-04-13
4559,Product_4559_0,sports,749.9693511042694,61.135114901592345,pending,2024-08-06
4560,Product_4560_0,electronics,110.29902850968031,67.41315559071177,active,2024-05-02
4561,Product_4561_0,clothing,952.1183399454999,129.1412782178519,inactive,2024-08-17
4562,Product_4562_0,electronics,364.42168712432135,172.33124745534255,archived,2024-04-21
4563,Product_4563_0,electronics,202.8055803329232,60.96461596466542,archived,2024-02-02
4564,Product_4564_0,clothing,531.6088548546595,38.40359716178399,active,2024-07-23
4565,Product_4565_0,electronics,118.69396942806932,24.649050163343375,archived,2024-06-06
4566,Product_4566_0,sports,397.00598420797405,416.1334311561398,active,2024-08-14
4567,Product_4567_0,electronics,228.91683962812073,126.61854875933619,inactive,2024-06-15
4568,Product_4568_0,books,46.55739258379205,486.96737519297585,archived,2024-11-08
4569,Product_4569_0,electronics,540.2933454681802,266.33775813424415,inactive,2024-10-25
4570,Product_4570_0,books,299.8133826839588,199.50184353475723,active,2024-10-24
4571,Product_4571_0,clothing,14.54301733859103,348.0267272565101,inactive,2024-03-22
4572,Product_4572_0,electronics,797.4345721272896,434.2334278833189,pending,2024-11-08
4573,Product_4573_0,sports,956.0885607343334,402.07661335118553,pending,2024-06-06
4574,Product_4574_0,home,589.3242195596985,46.543390099962416,archived,2024-09-04
4575,Product_4575_0,home,941.49161929409,219.7651455144952,active,2024-08-26
4576,Product_4576_0,clothing,219.23449315283614,403.2729568019257,active,2024-10-09
4577,Product_4577_0,electronics,179.38729215531114,454.3360751547543,archived,2024-07-21
4578,Product_4578_0,books,196.00581142633575,80.09003665092477,active,2024-12-17
4579,Product_4579_0,electronics,96.38918071042956,311.32165633588755,inactive,2024-06-16
4580,Product_4580_0,electronics,711.0539727821113,72.10694885454754,active,2024-09-02
4581,Product_4581_0,home,118.17561632170157,214.0021618220727,pending,2024-11-25
4582,Product_4582_0,electronics,747.6631164361478,56.908172725005436,active,2024-04-04
4583,Product_4583_0,home,991.363131611509,86.42377939284992,active,2024-05-19
4584,Product_4584_0,clothing,521.2189414311218,416.599602352602,active,2024-01-21
4585,Product_4585_0,home,205.11219707898638,101.51455060716594,pending,2024-10-08
4586,Product_4586_0,sports,778.7214469384999,93.63201235455453,archived,2024-11-04
4587,Product_4587_0,sports,94.05848032794604,315.30811452699066,active,2024-02-10
4588,Product_4588_0,books,995.6747398940219,17.35633910277307,active,2024-11-21
4589,Product_4589_0,books,697.4216260055912,280.3736719170008,pending,2024-11-25
4590,Product_4590_0,clothing,85.08395430934529,292.82521947417797,pending,2024-03-16
4591,Product_4591_0,books,744.9557386515153,353.9489266728455,pending,2024-03-06
4592,Product_4592_0,home,864.3078228776257,230.95483587972808,active,2024-08-11
4593,Product_4593_0,electronics,191.4971485458059,149.24142959463353,archived,2024-06-07
4594,Product_4594_0,electronics,407.27220963969046,412.44335469903535,inactive,2024-01-13
4595,Product_4595_0,books,81.70338402905118,57.365599451753695,inactive,2024-07-28
4596,Product_4596_0,sports,678.6445935914139,485.55326505153215,inactive,2024-12-26
4597,Product_4597_0,sports,291.5017054860825,303.13508793533856,active,2024-04-14
4598,Product_4598_0,home,458.5057120511397,378.947285018473,active,2024-01-18
4599,Product_4599_0,clothing,216.56799065172666,65.6787614772155,active,2024-09-13
4600,Product_4600_0,clothing,656.2261597248979,337.1169205875455,inactive,2024-04-12
4601,Product_4601_0,books,368.0716101481958,399.023863595457,pending,2024-01-17
4602,Product_4602_0,home,941.6970543957876,106.03351004802843,active,2024-04-05
4603,Product_4603_0,sports,922.2968360999473,411.28668539392277,archived,2024-12-27
4604,Product_4604_0,electronics,938.4571600818485,267.5307313418384,pending,2024-06-25
4605,Product_4605_0,home,492.5455625614626,208.13275740448051,inactive,2024-02-04
4606,Product_4606_0,clothing,535.3209009080991,100.55512048012453,active,2024-09-22
4607,Product_4607_0,electronics,523.9397795051419,455.80293858813826,archived,2024-02-01
4608,Product_4608_0,home,558.9242232815614,353.6681720413529,pending,2024-05-01
4609,Product_4609_0,books,994.2738650072777,281.306905140549,inactive,2024-02-10
4610,Product_4610_0,books,225.94781341273884,49.67005894341069,pending,2024-11-13
4611,Product_4611_0,books,534.2008230729692,12.691477413648403,inactive,2024-08-13
4612,Product_4612_0,books,789.897307373777,99.18772452832114,archived,2024-04-28
4613,Product_4613_0,books,204.40869799694354,181.4960902661258,active,2024-09-13
4614,Product_4614_0,home,859.4612850345603,447.9505795414631,active,2024-05-01
4615,Product_4615_0,electronics,332.7343548402245,133.3780525610344,active,2024-09-07
4616,Product_4616_0,sports,709.4918367162329,73.71794172667832,active,2024-05-01
4617,Product_4617_0,clothing,862.11566316044,217.33843014372948,active,2024-03-02
4618,Product_4618_0,home,664.7571833330234,161.43419910730586,inactive,2024-08-17
4619,Product_4619_0,books,445.99618240137147,471.97505878280157,inactive,2024-12-20
4620,Product_4620_0,clothing,722.8163953863374,283.26359987991157,archived,2024-02-07
4621,Product_4621_0,sports,615.2122339561787,498.7058033387786,archived,2024-06-08
4622,Product_4622_0,home,709.8852032727985,338.07790183729696,archived,2024-06-07
4623,Product_4623_0,home,220.16788301305394,184.339472676139,inactive,2024-07-09
4624,Product_4624_0,sports,726.7207753158049,325.79021375322577,archived,2024-04-26
4625,Product_4625_0,clothing,941.8523448423344,79.19536235178063,active,2024-02-12
4626,Product_4626_0,sports,918.9219318693481,261.44094365596425,inactive,2024-10-05
4627,Product_4627_0,electronics,594.9317647687021,224.54750692370826,inactive,2024-02-08
4628,Product_4628_0,sports,717.2441383416367,385.0167860207813,active,2024-11-02
4629,Product_4629_0,clothing,456.01696855719507,180.45857177016467,archived,2024-01-07
4630,Product_4630_0,clothing,25.338502567603637,32.918986708417144,inactive,2024-06-14
4631,Product_4631_0,electronics,43.47959348279508,18.479517032107992,active,2024-04-18
4632,Product_4632_0,books,891.8685575386144,476.31165384820963,archived,2024-01-10
4633,Product_4633_0,sports,831.8607678582754,325.386888359873,inactive,2024-10-02
4634,Product_4634_0,sports,625.1276529535068,211.48546405400228,pending,2024-03-15
4635,Product_4635_0,home,915.8955802067051,404.5383923672427,inactive,2024-08-12
4636,Product_4636_0,books,715.157946328749,346.2603100715491,inactive,2024-09-20
4637,Product_4637_0,electronics,268.0427146652983,64.05261110352514,pending,2024-10-02
4638,Product_4638_0,electronics,661.7908969460922,160.95143580712931,active,2024-08-16
4639,Product_4639_0,sports,247.32436837501172,468.0927926015097,pending,2024-05-07
4640,Product_4640_0,electronics,717.6591380042988,23.805596007991227,archived,2024-12-20
4641,Product_4641_0,electronics,191.16043292143866,269.26974430147095,archived,2024-03-21
4642,Product_4642_0,home,222.5225284465291,81.41078123713088,pending,2024-01-14
4643,Product_4643_0,home,229.6562691416492,476.0960044593512,archived,2024-12-26
4644,Product_4644_0,home,289.9599800634831,461.5621466953772,pending,2024-01-18
4645,Product_4645_0,electronics,92.33258476347562,148.08817266221675,inactive,2024-12-15
4646,Product_4646_0,clothing,382.77503843774286,42.33653323854696,pending,2024-12-19
4647,Product_4647_0,home,292.8341922445053,489.69327807925043,archived,2024-04-06
4648,Product_4648_0,sports,213.02627487675883,416.89099129218175,archived,2024-07-17
4649,Product_4649_0,sports,582.509012528566,99.64304905346336,active,2024-07-20
4650,Product_4650_0,home,216.0854635790264,440.4880017762907,archived,2024-12-07
4651,Product_4651_0,clothing,143.5180981803823,442.7401655045764,archived,2024-09-10
4652,Product_4652_0,books,379.3927313621333,314.2983763190797,inactive,2024-05-06
4653,Product_4653_0,books,3.280626822630973,294.10260989428457,pending,2024-02-18
4654,Product_4654_0,clothing,709.4041376124804,379.56402527538955,active,2024-11-21
4655,Product_4655_0,electronics,256.96878500851784,153.54861456136038,pending,2024-05-18
4656,Product_4656_0,home,918.2340734291288,164.55461241008607,pending,2024-02-27
4657,Product_4657_0,home,22.764001683449163,385.51481083913006,pending,2024-06-13
4658,Product_4658_0,clothing,638.0457587791543,142.58569027152836,pending,2024-07-03
4659,Product_4659_0,books,880.632856096516,93.43959678730215,pending,2024-10-21
4660,Product_4660_0,books,389.92403029191485,205.98017942172623,pending,2024-11-27
4661,Product_4661_0,clothing,651.6824316934371,409.3976612545358,active,2024-03-24
4662,Product_4662_0,electronics,277.1916544519797,178.3926146119797,active,2024-08-12
4663,Product_4663_0,books,57.745283350703374,292.30328558234913,inactive,2024-06-02
4664,Product_4664_0,clothing,869.9666126461129,57.518428513961254,archived,2024-01-23
4665,Product_4665_0,electronics,742.1521275390872,98.08756163627135,active,2024-10-08
4666,Product_4666_0,home,808.448945299796,407.65785199155823,archived,2024-07-23
4667,Product_4667_0,clothing,436.70302999517105,110.2894432004792,archived,2024-12-02
4668,Product_4668_0,books,647.6037216646929,275.8842195335005,pending,2024-12-27
4669,Product_4669_0,sports,480.4424078099205,371.14561553386926,archived,2024-06-01
4670,Product_4670_0,books,675.8150488977977,405.31766114160314,archived,2024-08-17
4671,Product_4671_0,clothing,478.13094938968305,34.57834058608761,pending,2024-03-24
4672,Product_4672_0,books,751.1607593804572,237.8133523419488,archived,2024-07-01
4673,Product_4673_0,books,997.7983478166204,202.65274225343484,pending,2024-05-21
4674,Product_4674_0,books,602.6994707393927,446.6588290928725,active,2024-04-05
4675,Product_4675_0,books,79.6981362315459,364.6580979559926,active,2024-01-19
4676,Product_4676_0,books,486.58328631396887,190.23500573228245,pending,2024-11-04
4677,Product_4677_0,sports,79.34585200931075,467.38941271042876,archived,2024-05-22
4678,Product_4678_0,books,686.64452618095,424.32974533443956,pending,2024-05-12
4679,Product_4679_0,books,353.2650498572835,105.96813165176533,archived,2024-05-05
4680,Product_4680_0,sports,894.79144986002,442.74058143073523,archived,2024-12-24
4681,Product_4681_0,sports,23.990886104340877,407.3730266026339,pending,2024-01-18
4682,Product_4682_0,books,313.0492459785823,364.046292527047,active,2024-08-08
4683,Product_4683_0,books,124.63961413363471,375.71110205561206,archived,2024-06-15
4684,Product_4684_0,home,647.2361074179552,22.716683685664066,archived,2024-04-20
4685,Product_4685_0,books,741.0281415626067,193.47914975155044,active,2024-02-07
4686,Product_4686_0,clothing,130.68068931493204,458.89232289980606,inactive,2024-11-06
4687,Product_4687_0,home,338.8099818521851,283.6626938720549,inactive,2024-01-14
4688,Product_4688_0,electronics,658.4213483429317,75.7890209756424,inactive,2024-10-27
4689,Product_4689_0,books,951.2597753208935,221.6576901722911,archived,2024-02-10
4690,Product_4690_0,electronics,284.5895164266296,81.90449746789632,pending,2024-05-24
4691,Product_4691_0,sports,539.9008127455469,285.9187182109536,inactive,2024-12-18
4692,Product_4692_0,electronics,362.20057740632626,325.2166581227901,archived,2024-10-19
4693,Product_4693_0,books,372.4243849390901,400.9648080734913,active,2024-01-04
4694,Product_4694_0,home,126.74973717068568,369.1457267774846,archived,2024-01-07
4695,Product_4695_0,clothing,475.76346132270453,398.76788544234967,inactive,2024-09-24
4696,Product_4696_0,electronics,380.15418976993664,323.36539393335886,pending,2024-05-11
4697,Product_4697_0,electronics,937.4979407334639,376.1865571012587,pending,2024-09-04
4698,Product_4698_0,books,413.7921127209778,352.6359095380307,archived,2024-06-27
4699,Product_4699_0,electronics,194.50714052595347,241.06403756990332,pending,2024-08-20
4700,Product_4700_0,electronics,882.6405623870381,480.28516698356,pending,2024-12-20
4701,Product_4701_0,books,252.32112620648897,359.05529678112475,inactive,2024-05-11
4702,Product_4702_0,books,981.4512706953757,60.34828505722973,archived,2024-03-22
4703,Product_4703_0,books,115.40690927837485,434.46787537647936,active,2024-02-28
4704,Product_4704_0,sports,438.19844485593813,461.9863830016739,pending,2024-10-05
4705,Product_4705_0,electronics,206.29764617457545,162.501285063308,archived,2024-04-03
4706,Product_4706_0,electronics,822.4402400549683,438.3832833022075,pending,2024-07-17
4707,Product_4707_0,sports,498.40926984046786,360.1929352837069,inactive,2024-12-20
4708,Product_4708_0,electronics,365.15834003113855,474.4215940551193,archived,2024-12-09
4709,Product_4709_0,home,187.9067927102323,292.3388364917819,pending,2024-04-06
4710,Product_4710_0,sports,166.09061348616908,169.3759906804765,pending,2024-03-11
4711,Product_4711_0,clothing,761.7351311666489,282.9471651128894,inactive,2024-01-10
4712,Product_4712_0,electronics,125.69099991969934,151.68451142780376,archived,2024-07-20
4713,Product_4713_0,clothing,650.5731129600606,437.5326785918423,archived,2024-01-01
4714,Product_4714_0,books,121.38221342292509,297.5447111422095,inactive,2024-11-24
4715,Product_4715_0,books,863.4660757322821,56.88706106741653,archived,2024-10-01
4716,Product_4716_0,clothing,283.2296307823796,123.33116181815261,pending,2024-12-11
4717,Product_4717_0,books,300.51956227016507,462.9643891582456,active,2024-03-25
4718,Product_4718_0,clothing,304.5028040197407,77.74188333158008,archived,2024-09-21
4719,Product_4719_0,electronics,86.03605013329413,182.903070434613,active,2024-11-22
4720,Product_4720_0,sports,731.5773271909939,312.91809454038463,inactive,2024-09-28
4721,Product_4721_0,sports,658.9293426805128,286.1247947770573,inactive,2024-04-11
4722,Product_4722_0,sports,960.1020545469424,412.8112268293701,inactive,2024-11-24
4723,Product_4723_0,home,474.102357544167,156.7107456095881,pending,2024-01-06
4724,Product_4724_0,home,177.0132858565459,183.0278232835931,active,2024-01-08
4725,Product_4725_0,books,680.7696881268452,312.22472495157723,inactive,2024-02-20
4726,Product_4726_0,clothing,323.9848681810249,422.4275054419227,pending,2024-11-25
4727,Product_4727_0,books,493.86048462863977,304.7497357700216,inactive,2024-09-14
4728,Product_4728_0,electronics,359.12327519408564,226.30633929008283,inactive,2024-12-17
4729,Product_4729_0,electronics,284.85352888083753,50.93750863604747,archived,2024-05-22
4730,Product_4730_0,books,658.7598853600658,347.5566400394002,active,2024-11-12
4731,Product_4731_0,sports,3.9163970095090295,257.5025137997583,active,2024-10-03
4732,Product_4732_0,clothing,169.5574234120747,179.26858212344854,archived,2024-05-06
4733,Product_4733_0,books,652.664460318416,333.5714444386212,archived,2024-04-23
4734,Product_4734_0,sports,8.47901900207609,480.76308424948644,pending,2024-04-03
4735,Product_4735_0,sports,990.9367505409665,484.84538984607264,active,2024-07-05
4736,Product_4736_0,electronics,880.9797618289842,391.3197120127669,archived,2024-05-23
4737,Product_4737_0,sports,424.53829889644487,497.8374428350202,inactive,2024-01-19
4738,Product_4738_0,sports,915.5915748512459,312.45404998986135,active,2024-04-04
4739,Product_4739_0,clothing,141.38810913392484,475.3631082159982,active,2024-12-07
4740,Product_4740_0,home,4.721808856623515,198.1372164114753,inactive,2024-06-19
4741,Product_4741_0,clothing,184.49825952777786,261.5167531631929,active,2024-04-14
4742,Product_4742_0,clothing,571.4247657536621,292.74997644225033,pending,2024-08-07
4743,Product_4743_0,home,177.85578295172215,288.7773504152588,pending,2024-04-16
4744,Product_4744_0,sports,923.3551519215671,410.49775736822073,archived,2024-11-10
4745,Product_4745_0,electronics,989.6773500774831,182.33647085572247,active,2024-04-09
4746,Product_4746_0,books,246.3665752925391,237.6887580129342,inactive,2024-10-12
4747,Product_4747_0,books,895.7896844724911,375.3852336224147,inactive,2024-08-18
4748,Product_4748_0,clothing,941.171832110149,65.7471407622185,pending,2024-10-12
4749,Product_4749_0,electronics,995.4623951036992,102.17119525574535,active,2024-07-27
4750,Product_4750_0,electronics,161.2961722311837,37.129380585601155,pending,2024-09-22
4751,Product_4751_0,electronics,627.0877546340208,341.7009781771736,pending,2024-09-17
4752,Product_4752_0,electronics,964.1424647015092,385.1388708157885,inactive,2024-08-25
4753,Product_4753_0,books,335.1814157027901,97.62481218561712,pending,2024-10-04
4754,Product_4754_0,electronics,36.666645039294195,223.08637887581344,inactive,2024-06-11
4755,Product_4755_0,sports,865.1226138164267,480.24300631184553,active,2024-05-10
4756,Product_4756_0,electronics,566.2463029283518,291.3018421106938,active,2024-09-04
4757,Product_4757_0,home,314.28154925156605,104.31904310115024,archived,2024-08-21
4758,Product_4758_0,books,163.4760353129739,17.92353054361815,pending,2024-01-09
4759,Product_4759_0,electronics,545.2717153600004,115.61513917357624,inactive,2024-11-25
4760,Product_4760_0,clothing,254.1216038077545,82.1184554865172,active,2024-05-18
4761,Product_4761_0,electronics,59.876935736972136,313.1906705374558,pending,2024-10-28
4762,Product_4762_0,clothing,807.8327781761801,68.84825942642243,archived,2024-07-27
4763,Product_4763_0,books,785.19308412367,224.98827523259476,inactive,2024-09-28
4764,Product_4764_0,home,816.9903928097557,40.4515269620484,active,2024-07-16
4765,Product_4765_0,sports,482.1579889186373,351.86922103435734,archived,2024-06-06
4766,Product_4766_0,books,117.2202984713747,267.60215991836395,pending,2024-06-11
4767,Product_4767_0,books,676.2038512638934,374.60746561443494,inactive,2024-01-23
4768,Product_4768_0,electronics,370.1631049096427,340.34781956416026,active,2024-11-26
4769,Product_4769_0,home,122.1125918107448,466.242896289129,pending,2024-05-28
4770,Product_4770_0,books,556.7489124701837,352.113924312121,active,2024-06-08
4771,Product_4771_0,electronics,311.7741192375594,397.77923647415804,archived,2024-12-19
4772,Product_4772_0,sports,324.5067442904988,222.47607099312438,pending,2024-03-20
4773,Product_4773_0,books,649.0942060289707,407.84232834176515,inactive,2024-08-21
4774,Product_4774_0,sports,97.74903945881933,168.91309447998032,archived,2024-01-13
4775,Product_4775_0,home,781.3120535391611,397.3855668697936,archived,2024-12-07
4776,Product_4776_0,sports,111.0130195228726,251.8003640226211,archived,2024-04-23
4777,Product_4777_0,books,389.1966926896401,266.4453177224121,active,2024-12-20
4778,Product_4778_0,clothing,867.0520398383968,95.25647810151479,archived,2024-10-13
4779,Product_4779_0,sports,924.3149534283012,413.03799274419674,active,2024-09-22
4780,Product_4780_0,books,539.6574462302077,415.2167607015849,inactive,2024-10-27
4781,Product_4781_0,electronics,918.338112505877,225.18021903509734,active,2024-10-25
4782,Product_4782_0,books,722.8623890976543,378.7856898516687,active,2024-01-02
4783,Product_4783_0,books,699.1483701904382,467.59184041441847,archived,2024-05-07
4784,Product_4784_0,books,446.4048911152762,265.76647379885156,inactive,2024-02-05
4785,Product_4785_0,clothing,418.05028177966136,268.7663203450241,active,2024-11-11
4786,Product_4786_0,clothing,418.6157871017031,444.9166977117204,archived,2024-08-09
4787,Product_4787_0,electronics,353.4783030099644,348.12996306379387,active,2024-08-23
4788,Product_4788_0,home,616.0986477371893,303.5637150358033,pending,2024-06-21
4789,Product_4789_0,clothing,657.243938573326,220.7310547836039,active,2024-09-19
4790,Product_4790_0,home,769.4035866163532,153.54254070543473,archived,2024-07-16
4791,Product_4791_0,books,825.096696916467,167.96983831988368,archived,2024-07-07
4792,Product_4792_0,electronics,858.447274166264,157.19393412208626,archived,2024-11-08
4793,Product_4793_0,home,299.8676125580974,251.0533414038107,pending,2024-03-26
4794,Product_4794_0,books,23.09439610105487,70.54511036351974,pending,2024-05-04
4795,Product_4795_0,electronics,486.40407737058564,436.5359201011515,pending,2024-01-19
4796,Product_4796_0,electronics,727.3201347280211,432.55030266166614,pending,2024-09-27
4797,Product_4797_0,clothing,402.38971050108444,493.8769360432849,archived,2024-05-14
4798,Product_4798_0,electronics,163.19380089117527,228.13902458186388,inactive,2024-09-21
4799,Product_4799_0,clothing,908.3119316708436,98.72300996468817,archived,2024-01-14
4800,Product_4800_0,clothing,712.1020778389224,352.65982236224283,archived,2024-08-09
4801,Product_4801_0,electronics,675.5940510437176,417.00788228217954,archived,2024-12-11
4802,Product_4802_0,clothing,28.082132342799497,412.62262493492904,archived,2024-11-10
4803,Product_4803_0,electronics,549.685755046224,238.47179226528726,inactive,2024-01-25
4804,Product_4804_0,books,156.7096718640314,369.67050959656035,pending,2024-09-11
4805,Product_4805_0,electronics,256.40117926743164,306.33413713333266,archived,2024-03-13
4806,Product_4806_0,home,975.2940028781173,279.670746164493,active,2024-11-16
4807,Product_4807_0,sports,699.3737269380255,228.42010222111062,pending,2024-06-15
4808,Product_4808_0,home,205.95971405910433,18.978176478921597,inactive,2024-04-03
4809,Product_4809_0,home,279.70877356592985,401.98737329433476,inactive,2024-05-27
4810,Product_4810_0,sports,709.6540597325214,204.67615954948906,pending,2024-09-20
4811,Product_4811_0,books,824.427134906097,311.82539962228884,pending,2024-03-10
4812,Product_4812_0,home,406.24151743023845,324.8868910347194,active,2024-11-26
4813,Product_4813_0,sports,940.8492967903361,356.3332058639842,inactive,2024-09-11
4814,Product_4814_0,home,126.07319028510209,142.79472853294558,pending,2024-10-03
4815,Product_4815_0,books,107.27833204073279,281.539388669723,inactive,2024-08-01
4816,Product_4816_0,home,456.20499202735414,248.2854718133287,archived,2024-06-11
4817,Product_4817_0,electronics,277.36840358350224,220.0558751256865,pending,2024-10-06
4818,Product_4818_0,books,371.28562530552915,156.54599851400167,archived,2024-05-25
4819,Product_4819_0,clothing,113.4324556086384,34.63292261067885,pending,2024-03-05
4820,Product_4820_0,clothing,72.06349801508804,13.662999956091173,active,2024-09-26
4821,Product_4821_0,home,877.6024150801425,174.98018651341405,inactive,2024-03-11
4822,Product_4822_0,electronics,548.2023969637427,452.6236548402604,active,2024-10-12
4823,Product_4823_0,electronics,767.7696221068434,100.91259632989487,inactive,2024-01-15
4824,Product_4824_0,books,704.703976931597,277.2179053908785,inactive,2024-11-28
4825,Product_4825_0,home,267.99535283956095,438.31448802181,pending,2024-05-02
4826,Product_4826_0,home,575.3999678143874,237.2225288912904,pending,2024-05-03
4827,Product_4827_0,sports,894.4807427469341,203.01689322906574,archived,2024-12-07
4828,Product_4828_0,books,697.1746879634946,300.90221480671363,pending,2024-11-26
4829,Product_4829_0,electronics,507.28700653523583,289.7050751799933,pending,2024-05-01
4830,Product_4830_0,books,746.9649360131891,104.27513703409166,archived,2024-09-18
4831,Product_4831_0,home,309.17164418056615,430.7784791637013,inactive,2024-04-17
4832,Product_4832_0,books,906.7656415186805,492.9028335774269,active,2024-07-12
4833,Product_4833_0,clothing,392.69567116842467,106.65584017484609,active,2024-02-19
4834,Product_4834_0,books,31.008536590050802,67.11127733798037,pending,2024-10-11
4835,Product_4835_0,home,883.7948144119201,296.66128387720266,inactive,2024-11-05
4836,Product_4836_0,electronics,978.5660708295477,148.4169110622182,archived,2024-05-09
4837,Product_4837_0,clothing,940.5693481854128,363.1088230940074,inactive,2024-09-28
4838,Product_4838_0,clothing,338.5363494121858,450.8635052107137,pending,2024-10-06
4839,Product_4839_0,sports,465.16464472512746,292.56940606977275,inactive,2024-08-18
4840,Product_4840_0,clothing,106.25922729280747,196.58199829377637,inactive,2024-02-26
4841,Product_4841_0,books,699.6263417477406,258.6017342847444,archived,2024-06-02
4842,Product_4842_0,electronics,795.8542730170356,197.47207313676216,active,2024-03-08
4843,Product_4843_0,books,175.06648809184156,463.9295098424161,archived,2024-09-11
4844,Product_4844_0,home,96.29487339056942,411.9078327133524,pending,2024-03-04
4845,Product_4845_0,electronics,775.9617127674662,16.00181659302163,pending,2024-05-24
4846,Product_4846_0,clothing,222.81274416440377,18.956313422083728,active,2024-11-27
4847,Product_4847_0,clothing,59.31194086081156,203.12293916089817,active,2024-06-05
4848,Product_4848_0,books,453.69498703298916,377.5972887816254,pending,2024-04-26
4849,Product_4849_0,books,130.04837017162419,148.9340324674439,inactive,2024-03-03
4850,Product_4850_0,home,885.6430034614338,341.011292297427,inactive,2024-03-09
4851,Product_4851_0,books,265.6087129811641,179.67343866148752,active,2024-05-12
4852,Product_4852_0,electronics,164.68635563635303,374.8214255905763,active,2024-02-27
4853,Product_4853_0,home,756.2053772488998,481.43769783115863,inactive,2024-03-02
4854,Product_4854_0,clothing,886.3017964696699,106.77956612128493,inactive,2024-10-21
4855,Product_4855_0,home,805.9073856237095,433.0004932805534,active,2024-07-09
4856,Product_4856_0,clothing,395.27703002271556,49.480206432234176,pending,2024-06-06
4857,Product_4857_0,electronics,598.5204702223708,316.8875129143983,archived,2024-11-01
4858,Product_4858_0,clothing,32.71538242000472,228.29848894691588,active,2024-05-24
4859,Product_4859_0,electronics,878.4103707320703,24.46810258489569,active,2024-02-26
4860,Product_4860_0,clothing,644.4735052067101,427.8607052706291,archived,2024-12-22
4861,Product_4861_0,sports,968.862429659474,407.5477828731986,inactive,2024-11-23
4862,Product_4862_0,electronics,253.30641709321296,490.30143055713677,archived,2024-11-23
4863,Product_4863_0,clothing,142.47568567028745,189.8001061383065,pending,2024-08-27
4864,Product_4864_0,home,526.6654074207429,45.39224664904231,archived,2024-10-02
4865,Product_4865_0,home,473.6308974781272,103.8108317094423,pending,2024-07-21
4866,Product_4866_0,electronics,253.8809373232949,306.7115230469175,inactive,2024-06-09
4867,Product_4867_0,clothing,334.9322681554153,411.01426639153175,inactive,2024-09-13
4868,Product_4868_0,books,251.64799013272898,223.32010715697973,archived,2024-06-14
4869,Product_4869_0,books,126.1374402715475,186.45451768250268,pending,2024-03-18
4870,Product_4870_0,sports,168.3428194096957,278.57006266568476,pending,2024-04-21
4871,Product_4871_0,home,303.63295392271664,277.550579454042,pending,2024-03-17
4872,Product_4872_0,sports,746.070329789498,262.0832621333104,inactive,2024-04-07
4873,Product_4873_0,clothing,494.48927576424165,133.55279135599736,active,2024-02-16
4874,Product_4874_0,books,117.94309115252358,472.9095927664267,archived,2024-03-15
4875,Product_4875_0,home,8.368208982471202,141.49290028969057,pending,2024-08-11
4876,Product_4876_0,clothing,33.282025763357,281.1491917578608,archived,2024-11-12
4877,Product_4877_0,electronics,554.3854388947569,10.631289637487685,inactive,2024-07-27
4878,Product_4878_0,electronics,453.9559429106493,340.90165279992993,inactive,2024-11-09
4879,Product_4879_0,electronics,625.5268656148124,268.65667997038105,inactive,2024-12-23
4880,Product_4880_0,clothing,983.7688595797238,425.86471135121735,pending,2024-09-24
4881,Product_4881_0,books,864.117560669094,297.5666639964927,pending,2024-01-17
4882,Product_4882_0,sports,535.6308306000338,22.267377413504732,archived,2024-01-20
4883,Product_4883_0,clothing,96.35179564945196,326.9239779948933,active,2024-08-21
4884,Product_4884_0,home,637.7806279599528,438.33891649492745,active,2024-03-08
4885,Product_4885_0,home,830.7159241736917,161.69754766413465,inactive,2024-12-16
4886,Product_4886_0,clothing,907.2308338814703,189.09223193711264,inactive,2024-03-24
4887,Product_4887_0,home,395.43188651671386,470.0041351824885,inactive,2024-03-20
4888,Product_4888_0,electronics,524.9060503288113,261.5059092520375,inactive,2024-04-18
4889,Product_4889_0,books,813.1491325508417,426.4692796078477,active,2024-03-03
4890,Product_4890_0,home,869.1219405527767,370.36280570864733,inactive,2024-03-23
4891,Product_4891_0,books,876.1930113598478,440.9067384054571,inactive,2024-07-25
4892,Product_4892_0,electronics,344.79846782218556,146.69434546486912,archived,2024-05-14
4893,Product_4893_0,clothing,874.885703011976,198.64764457952407,inactive,2024-05-11
4894,Product_4894_0,sports,197.9410573566254,165.90977972884997,inactive,2024-03-13
4895,Product_4895_0,books,972.6241215681873,423.3707117457822,active,2024-01-28
4896,Product_4896_0,books,677.2192469482454,183.93606141179356,archived,2024-05-17
4897,Product_4897_0,electronics,821.3936053804044,188.8600608162735,inactive,2024-12-22
4898,Product_4898_0,clothing,329.2503563683679,384.92419599527653,archived,2024-12-27
4899,Product_4899_0,books,798.871945177429,420.76124210167114,active,2024-05-06
4900,Product_4900_0,home,662.8886456403419,223.53887758876053,pending,2024-09-04
4901,Product_4901_0,sports,294.8243854922416,200.36454514544164,archived,2024-01-13
4902,Product_4902_0,electronics,731.0947480405741,421.09856177301754,inactive,2024-05-28
4903,Product_4903_0,books,317.36410418846975,279.7906060377572,active,2024-06-03
4904,Product_4904_0,home,626.6131587980016,207.02350751121688,inactive,2024-06-11
4905,Product_4905_0,clothing,514.9302587343133,121.48497710703117,archived,2024-04-14
4906,Product_4906_0,books,552.4967959067429,86.1733131423763,archived,2024-10-05
4907,Product_4907_0,books,637.4793307585157,404.3840243732899,archived,2024-11-21
4908,Product_4908_0,home,680.167958601216,196.026221695678,archived,2024-06-20
4909,Product_4909_0,sports,37.188493069845286,368.5949114380684,inactive,2024-12-15
4910,Product_4910_0,electronics,881.8732367947553,456.93438447177704,pending,2024-08-25
4911,Product_4911_0,home,938.670024982997,162.3853845812992,pending,2024-09-10
4912,Product_4912_0,clothing,790.3032225612836,220.98679935279768,archived,2024-03-17
4913,Product_4913_0,sports,924.791694598286,327.84064561436065,archived,2024-05-07
4914,Product_4914_0,clothing,928.2995954088686,439.6025740701947,active,2024-04-26
4915,Product_4915_0,clothing,978.5433727109031,495.38121014873855,inactive,2024-07-06
4916,Product_4916_0,home,900.8803854339012,91.11007759116549,archived,2024-05-22
4917,Product_4917_0,sports,696.942602794306,135.1241033796377,pending,2024-07-14
4918,Product_4918_0,electronics,140.09683985897837,352.86073816016466,pending,2024-05-28
4919,Product_4919_0,home,56.67228859842342,259.72438275542606,pending,2024-01-05
4920,Product_4920_0,home,659.6587156790823,377.48753774986614,active,2024-07-28
4921,Product_4921_0,electronics,828.0115852025797,472.46111180179514,archived,2024-09-16
4922,Product_4922_0,sports,256.13461352208606,166.00967627596748,archived,2024-07-17
4923,Product_4923_0,electronics,436.3015577275055,287.8235564826213,inactive,2024-09-11
4924,Product_4924_0,books,496.9517036064995,302.5340747938003,pending,2024-08-16
4925,Product_4925_0,books,242.65361719272744,270.08017199854686,active,2024-02-12
4926,Product_4926_0,sports,985.999610942319,269.534215043826,archived,2024-06-24
4927,Product_4927_0,sports,97.08738438222451,474.61771148451385,active,2024-12-09
4928,Product_4928_0,clothing,776.806367382138,223.50890461006037,pending,2024-02-02
4929,Product_4929_0,clothing,211.94941976372874,497.35270703857185,pending,2024-05-05
4930,Product_4930_0,sports,380.25993870192457,159.16239628369567,active,2024-03-03
4931,Product_4931_0,clothing,64.45345613766065,429.1074630657929,active,2024-10-04
4932,Product_4932_0,clothing,899.3448714038498,374.28199382737927,inactive,2024-02-13
4933,Product_4933_0,electronics,588.1057203539792,263.3549468004231,archived,2024-02-13
4934,Product_4934_0,electronics,346.97036833865263,38.28971798331488,inactive,2024-12-03
4935,Product_4935_0,home,913.1026231865774,356.2750301074925,archived,2024-05-01
4936,Product_4936_0,books,737.9644548684935,295.1037329744163,pending,2024-02-20
4937,Product_4937_0,sports,616.1616621435871,72.74130821588398,pending,2024-04-17
4938,Product_4938_0,books,145.11604993914418,269.0296230114388,inactive,2024-08-21
4939,Product_4939_0,clothing,422.44164977058176,267.867438784033,active,2024-02-26
4940,Product_4940_0,home,929.8380018319493,271.75077796775514,inactive,2024-07-24
4941,Product_4941_0,clothing,247.62458490753917,416.3461579799056,active,2024-09-18
4942,Product_4942_0,clothing,914.1556751787022,260.75747894921983,archived,2024-12-14
4943,Product_4943_0,home,69.20850248396839,364.6397959425184,pending,2024-02-10
4944,Product_4944_0,clothing,514.2120075767067,326.57226215195243,inactive,2024-12-25
4945,Product_4945_0,books,605.4412923839336,161.88359852098162,inactive,2024-05-17
4946,Product_4946_0,electronics,789.1704294724263,392.2844474069171,archived,2024-06-02
4947,Product_4947_0,electronics,891.9029479755397,285.85209953319094,inactive,2024-06-03
4948,Product_4948_0,home,574.0245621307674,374.99030271793947,active,2024-07-25
4949,Product_4949_0,books,592.2332308764613,268.29842033515314,active,2024-06-10
4950,Product_4950_0,sports,167.75917511676226,26.756931274923677,pending,2024-04-11
4951,Product_4951_0,home,52.79127612646279,223.7586736274777,inactive,2024-10-03
4952,Product_4952_0,clothing,706.5244929847152,359.986739742685,inactive,2024-01-11
4953,Product_4953_0,books,895.9246439322656,425.4773839572145,archived,2024-03-25
4954,Product_4954_0,sports,20.01814464900186,363.64943005057444,pending,2024-04-27
4955,Product_4955_0,books,485.4275075760589,464.2486879185722,pending,2024-03-16
4956,Product_4956_0,books,740.9124130553188,17.936453205347178,pending,2024-02-25
4957,Product_4957_0,sports,52.361363549159755,473.7419601779809,pending,2024-09-21
4958,Product_4958_0,home,756.3045487594464,241.806922497042,pending,2024-03-26
4959,Product_4959_0,home,733.6350367345105,106.37242225617901,active,2024-08-27
4960,Product_4960_0,electronics,700.6849871667837,252.37513679962925,active,2024-12-05
4961,Product_4961_0,clothing,272.3898401581238,382.85935339746186,inactive,2024-10-05
4962,Product_4962_0,home,723.150459344373,35.718787315653884,inactive,2024-09-12
4963,Product_4963_0,home,399.0564781405254,363.8702680764776,pending,2024-06-06
4964,Product_4964_0,home,729.0528722585975,143.63210818785032,pending,2024-12-28
4965,Product_4965_0,sports,809.1854105319895,400.4395198216033,inactive,2024-01-16
4966,Product_4966_0,sports,239.2613803824295,251.9796344855011,inactive,2024-01-04
4967,Product_4967_0,home,658.1236775408211,146.76161636507817,inactive,2024-09-06
4968,Product_4968_0,sports,283.03405187637986,202.69767707796603,pending,2024-05-05
4969,Product_4969_0,books,198.0438134678499,357.5969991504201,active,2024-02-06
4970,Product_4970_0,sports,660.5933612248298,43.48333903567944,archived,2024-12-19
4971,Product_4971_0,home,224.17941413510104,290.8584216261218,pending,2024-03-03
4972,Product_4972_0,sports,203.21137693503405,471.36749205640996,archived,2024-03-25
4973,Product_4973_0,electronics,906.8326824146961,168.43318044016704,pending,2024-01-14
4974,Product_4974_0,electronics,61.509141828710675,112.65360398311823,pending,2024-09-24
4975,Product_4975_0,sports,575.1195789244161,435.19859258809294,active,2024-05-25
4976,Product_4976_0,electronics,564.8912882072375,43.00074931758658,inactive,2024-10-08
4977,Product_4977_0,home,482.38019771533277,346.9701614681426,pending,2024-10-11
4978,Product_4978_0,electronics,173.03753821573156,460.3500284105485,inactive,2024-01-20
4979,Product_4979_0,books,719.8488170140934,20.062584396075614,pending,2024-01-01
4980,Product_4980_0,home,64.71442128831548,366.2669267336093,inactive,2024-03-09
4981,Product_4981_0,home,219.59892673025095,465.6411523554078,archived,2024-03-14
4982,Product_4982_0,sports,335.7363280279986,203.84288800203706,active,2024-08-23
4983,Product_4983_0,clothing,40.19736176247587,156.7048462150622,active,2024-05-14
4984,Product_4984_0,home,64.63672360886875,292.42054561256555,pending,2024-01-13
4985,Product_4985_0,books,926.8070946290435,203.26206840864353,inactive,2024-02-11
4986,Product_4986_0,home,193.12543051790405,325.0296352883104,archived,2024-07-09
4987,Product_4987_0,home,116.5009419928835,64.38973252512623,archived,2024-09-20
4988,Product_4988_0,clothing,536.5811051854416,433.465980796393,archived,2024-09-07
4989,Product_4989_0,electronics,781.7188320611587,54.094866335958116,inactive,2024-10-09
4990,Product_4990_0,sports,248.27012308572498,221.66152626717104,inactive,2024-02-25
4991,Product_4991_0,home,247.11530041194308,425.74534295009954,inactive,2024-11-07
4992,Product_4992_0,books,84.25570637715096,382.75834159139487,active,2024-02-19
4993,Product_4993_0,electronics,754.7885553279976,390.11751842571687,archived,2024-08-09
4994,Product_4994_0,electronics,644.7802388425947,148.6217617183777,pending,2024-05-18
4995,Product_4995_0,electronics,416.66207897531325,404.0856432631776,inactive,2024-12-21
4996,Product_4996_0,clothing,446.8453007237427,100.35688057177106,inactive,2024-08-16
4997,Product_4997_0,home,849.5892920378307,89.48367850847514,pending,2024-03-17
4998,Product_4998_0,books,802.7214447214396,331.2499540000013,inactive,2024-12-24
4999,Product_4999_0,sports,294.7817113958699,362.8723146204503,archived,2024-03-08
5000,Product_5000_0,electronics,140.58775434645005,465.1549436934952,inactive,2024-01-03
5001,Product_5001_0,home,14.5203258311396,70.344762678098,pending,2024-07-20
5002,Product_5002_0,electronics,376.16129799765554,99.75518176890287,archived,2024-05-18
5003,Product_5003_0,electronics,453.61271090361237,184.5000879415018,archived,2024-04-06
5004,Product_5004_0,home,907.3611489509425,216.5287223541346,active,2024-06-14
5005,Product_5005_0,sports,864.7248291799453,437.61011665858825,active,2024-07-13
5006,Product_5006_0,home,713.2024232566481,363.2218219039731,active,2024-04-01
5007,Product_5007_0,clothing,917.4912287410644,34.90733071484355,inactive,2024-02-24
5008,Product_5008_0,home,158.37975276828104,268.1030960319219,active,2024-12-16
5009,Product_5009_0,electronics,429.6126529961142,66.1608589891608,active,2024-04-12
5010,Product_5010_0,home,924.5304799051777,429.71482828851583,inactive,2024-12-09
5011,Product_5011_0,electronics,562.6166791838276,251.31949373582543,archived,2024-04-15
5012,Product_5012_0,home,539.755899605283,120.68901737420732,pending,2024-12-20
5013,Product_5013_0,clothing,864.849322077755,165.66876327139522,active,2024-01-23
5014,Product_5014_0,electronics,779.2880262209306,210.30213084599308,active,2024-03-02
5015,Product_5015_0,home,660.7577665408191,236.87402406285702,inactive,2024-02-01
5016,Product_5016_0,home,674.1506118350944,208.68812938287505,inactive,2024-09-11
5017,Product_5017_0,clothing,487.0905351428244,257.2265121704876,pending,2024-05-26
5018,Product_5018_0,clothing,6.304719146279966,485.98460509428736,archived,2024-07-07
5019,Product_5019_0,home,70.38974991445515,330.387810278286,archived,2024-09-21
5020,Product_5020_0,sports,189.17858410247888,440.2113067797071,pending,2024-11-19
5021,Product_5021_0,electronics,988.1544093031845,77.98663309508495,inactive,2024-07-24
5022,Product_5022_0,books,739.5858533660144,156.5111219900919,inactive,2024-05-23
5023,Product_5023_0,books,29.24001700973076,66.57559672309225,active,2024-08-08
5024,Product_5024_0,sports,774.8096647856217,25.740786764260562,inactive,2024-06-21
5025,Product_5025_0,sports,9.38209535582169,305.97599088995764,active,2024-09-28
5026,Product_5026_0,home,436.9493517392427,311.3659296407023,inactive,2024-09-02
5027,Product_5027_0,sports,913.5367552038248,462.42119831402607,pending,2024-10-19
5028,Product_5028_0,sports,959.832952096333,387.0399175028852,archived,2024-07-25
5029,Product_5029_0,electronics,514.8489366827708,252.5902391903113,inactive,2024-04-25
5030,Product_5030_0,books,943.2634735532195,412.1311944643796,pending,2024-09-17
5031,Product_5031_0,sports,98.89749662657937,423.465518182577,archived,2024-09-09
5032,Product_5032_0,home,758.1153471035426,395.33502499285885,pending,2024-11-10
5033,Product_5033_0,books,870.3081473785643,428.86021292176656,inactive,2024-12-03
5034,Product_5034_0,books,694.8306448578835,63.09145972559717,archived,2024-02-17
5035,Product_5035_0,electronics,314.2108706459416,324.75293592794924,active,2024-01-23
5036,Product_5036_0,electronics,130.7018563037238,136.89083385069537,pending,2024-01-08
5037,Product_5037_0,electronics,723.5356770463417,194.53834212480828,active,2024-10-11
5038,Product_5038_0,electronics,386.07605173339994,131.61713190647035,inactive,2024-08-01
5039,Product_5039_0,home,299.80007495751545,113.22968217266632,archived,2024-03-10
5040,Product_5040_0,books,695.7938799351974,174.2027838878378,pending,2024-12-28
5041,Product_5041_0,clothing,388.19689010112495,352.9704774608779,inactive,2024-06-26
5042,Product_5042_0,clothing,839.9698335147737,182.90194161160198,archived,2024-01-22
5043,Product_5043_0,sports,378.919966416375,385.29641657545204,archived,2024-12-15
5044,Product_5044_0,sports,343.51435177350146,407.2836123087055,inactive,2024-04-11
5045,Product_5045_0,clothing,881.4600698331694,369.6948502117897,active,2024-10-24
5046,Product_5046_0,sports,653.4317884735709,267.63020617660567,pending,2024-12-17
5047,Product_5047_0,electronics,662.9387839970229,242.37089761344325,archived,2024-11-27
5048,Product_5048_0,clothing,721.1093171025666,445.11020661494695,active,2024-11-11
5049,Product_5049_0,sports,917.8098460995304,81.64574061699584,pending,2024-05-12
5050,Product_5050_0,clothing,620.9532391239825,458.03860624277155,pending,2024-05-23
5051,Product_5051_0,electronics,113.93130940125253,306.2930796763669,archived,2024-08-14
5052,Product_5052_0,home,618.8380019990025,201.10127484330826,archived,2024-10-18
5053,Product_5053_0,sports,785.660863434325,314.44304923488573,active,2024-09-21
5054,Product_5054_0,sports,599.5563591989763,141.55495264537842,archived,2024-09-16
5055,Product_5055_0,home,330.958391681326,260.6676901896468,inactive,2024-12-24
5056,Product_5056_0,sports,521.2472203058167,203.40730750517412,inactive,2024-08-22
5057,Product_5057_0,clothing,483.03927428490846,68.78946509488033,active,2024-03-19
5058,Product_5058_0,clothing,247.27951593986484,32.83259826984155,archived,2024-02-07
5059,Product_5059_0,home,382.8757355357872,164.97460010746653,archived,2024-12-21
5060,Product_5060_0,electronics,817.5230314266103,58.82000611110264,active,2024-06-13
5061,Product_5061_0,books,419.9284347398972,206.81540033923312,active,2024-09-03
5062,Product_5062_0,electronics,606.712725279462,363.2765416619384,active,2024-12-02
5063,Product_5063_0,sports,241.41163250760192,73.90148186392486,active,2024-07-16
5064,Product_5064_0,sports,698.6312871433231,15.135240992467065,inactive,2024-09-16
5065,Product_5065_0,clothing,262.0266110317467,71.28121511762217,inactive,2024-02-23
5066,Product_5066_0,books,877.2887704599079,351.91062051073516,inactive,2024-02-11
5067,Product_5067_0,clothing,809.8717818178944,104.17030196069724,inactive,2024-11-06
5068,Product_5068_0,sports,101.47392513671932,430.74452153001596,archived,2024-08-20
5069,Product_5069_0,books,583.4111358958735,390.5696947976503,archived,2024-01-19
5070,Product_5070_0,home,673.5651159500014,391.1356045594945,active,2024-11-18
5071,Product_5071_0,books,985.3506905027456,131.32207353855094,archived,2024-03-28
5072,Product_5072_0,clothing,143.88587706703342,355.3161934921757,archived,2024-04-01
5073,Product_5073_0,home,28.082015151106763,280.7340298711452,pending,2024-08-10
5074,Product_5074_0,home,558.4465566193176,182.08735858021012,inactive,2024-03-22
5075,Product_5075_0,electronics,89.1170681782836,187.37171968089226,pending,2024-05-11
5076,Product_5076_0,electronics,10.345618142265646,139.71515468911468,inactive,2024-11-23
5077,Product_5077_0,home,379.402200442439,344.5589371476839,active,2024-07-08
5078,Product_5078_0,books,476.20646728486156,426.66050288102326,inactive,2024-08-26
5079,Product_5079_0,home,194.47699332064056,411.29570441045587,active,2024-01-03
5080,Product_5080_0,clothing,153.83675990951448,67.71507207835586,active,2024-11-08
5081,Product_5081_0,books,399.1310081239331,67.36133052725529,archived,2024-10-19
5082,Product_5082_0,home,668.8755426879793,62.75939903195515,active,2024-12-05
5083,Product_5083_0,electronics,187.09036541446932,17.802125970509458,active,2024-09-07
5084,Product_5084_0,home,512.7937677825197,282.7313505017649,pending,2024-02-09
5085,Product_5085_0,sports,520.991614399159,170.26459690417533,archived,2024-07-09
5086,Product_5086_0,electronics,50.68466790281194,214.91508528550608,pending,2024-05-27
5087,Product_5087_0,clothing,798.3559955681629,487.4418535004939,active,2024-05-06
5088,Product_5088_0,books,187.42502614887957,239.8255173152784,pending,2024-08-14
5089,Product_5089_0,sports,408.9979744040033,20.95560111252111,active,2024-07-01
5090,Product_5090_0,electronics,150.8203137102945,371.5356532318819,inactive,2024-06-07
5091,Product_5091_0,home,833.347769091561,260.0903676808384,inactive,2024-09-11
5092,Product_5092_0,home,913.4300619948789,93.61151603370631,archived,2024-12-25
5093,Product_5093_0,home,263.43811945901615,358.3673717848807,pending,2024-09-14
5094,Product_5094_0,sports,516.4999612024823,364.820301202263,active,2024-02-05
5095,Product_5095_0,home,399.2459174570573,497.6752742287912,inactive,2024-11-14
5096,Product_5096_0,home,454.52659326105055,474.217658491306,active,2024-04-02
5097,Product_5097_0,home,391.10834534652344,138.9600913883265,pending,2024-10-27
5098,Product_5098_0,sports,14.800790650847349,280.2161668977229,pending,2024-09-20
5099,Product_5099_0,sports,213.28431617978202,72.01601644180005,active,2024-04-20
5100,Product_5100_0,sports,24.480637999618015,212.92643673163693,active,2024-10-16
5101,Product_5101_0,electronics,182.23016507221834,472.2782553391895,pending,2024-07-27
5102,Product_5102_0,electronics,470.7090877748833,103.2861588485809,pending,2024-01-10
5103,Product_5103_0,books,143.66079131449368,95.19418094147835,archived,2024-08-27
5104,Product_5104_0,sports,34.5875111856707,298.0924894964884,pending,2024-05-19
5105,Product_5105_0,sports,197.59010282187427,309.9994890424617,inactive,2024-05-06
5106,Product_5106_0,clothing,84.08441100211365,364.86161467419925,active,2024-08-23
5107,Product_5107_0,books,606.494592123589,363.5574018357761,archived,2024-03-15
5108,Product_5108_0,clothing,864.3352370181098,492.05533868833925,inactive,2024-01-20
5109,Product_5109_0,books,498.5897055081548,63.28540346956322,archived,2024-09-26
5110,Product_5110_0,sports,421.372621357012,54.07515864978235,pending,2024-01-26
5111,Product_5111_0,books,16.390608855915513,121.43456614774738,archived,2024-08-16
5112,Product_5112_0,books,653.8255876734105,428.45591621048357,archived,2024-03-09
5113,Product_5113_0,clothing,202.59211323750685,94.9670844100584,inactive,2024-03-14
5114,Product_5114_0,electronics,432.13048727115444,130.49992063912137,active,2024-02-13
5115,Product_5115_0,clothing,598.1455390109293,46.97329595549869,inactive,2024-12-13
5116,Product_5116_0,books,188.89741962646812,387.55945090888827,active,2024-12-10
5117,Product_5117_0,books,973.7781010590058,258.81425556759484,pending,2024-11-11
5118,Product_5118_0,home,819.267809528826,364.02329694235345,active,2024-03-20
5119,Product_5119_0,electronics,255.32992595917494,100.97274237828957,active,2024-12-14
5120,Product_5120_0,books,434.0350114748759,37.13460971149814,inactive,2024-05-03
5121,Product_5121_0,books,187.0512258212188,473.38455800921895,pending,2024-06-04
5122,Product_5122_0,electronics,185.86220508923935,366.71884503273407,active,2024-09-05
5123,Product_5123_0,clothing,696.0361845567404,481.95621978072035,pending,2024-02-18
5124,Product_5124_0,sports,668.207251076977,469.7306481755562,pending,2024-11-23
5125,Product_5125_0,sports,771.9906798902907,93.09807136434772,archived,2024-08-05
5126,Product_5126_0,sports,655.3399220599927,151.17412553230815,archived,2024-05-27
5127,Product_5127_0,home,975.7469239395533,290.60005185278567,archived,2024-10-25
5128,Product_5128_0,sports,76.03619791199401,381.54289456310534,active,2024-11-10
5129,Product_5129_0,electronics,133.4874670708584,168.9038955188014,pending,2024-09-14
5130,Product_5130_0,books,516.0218526746354,442.5772534332936,inactive,2024-05-17
5131,Product_5131_0,sports,246.46645528246273,308.14441007532247,active,2024-10-26
5132,Product_5132_0,clothing,410.3323305756234,236.1732849892498,pending,2024-03-04
5133,Product_5133_0,home,623.6875016032733,181.90830234720417,active,2024-08-28
5134,Product_5134_0,clothing,280.9230988208922,389.30628410299727,inactive,2024-05-13
5135,Product_5135_0,books,370.1091807863381,98.87262971226546,inactive,2024-05-08
5136,Product_5136_0,books,877.0128159676569,170.1603516893473,inactive,2024-12-23
5137,Product_5137_0,electronics,344.37131461708276,444.36166804542506,archived,2024-12-17
5138,Product_5138_0,home,109.14660727363352,275.3251556736372,active,2024-07-06
5139,Product_5139_0,electronics,772.2272771558031,383.66436358035463,pending,2024-01-22
5140,Product_5140_0,electronics,80.93750157680026,113.72715371333571,active,2024-12-16
5141,Product_5141_0,sports,725.0442824340959,239.5665760403453,archived,2024-06-12
5142,Product_5142_0,clothing,658.1809091118644,226.49811202975542,inactive,2024-12-17
5143,Product_5143_0,home,155.94353333793035,155.1903403940415,archived,2024-08-09
5144,Product_5144_0,electronics,831.961504306983,271.8649904321139,archived,2024-01-24
5145,Product_5145_0,books,270.46109637321047,264.2159204702674,inactive,2024-06-16
5146,Product_5146_0,clothing,916.9184100235165,319.0897772798619,inactive,2024-05-22
5147,Product_5147_0,home,427.32185342393336,59.32197533283128,active,2024-04-25
5148,Product_5148_0,home,157.6361241044502,220.4208647297871,archived,2024-09-22
5149,Product_5149_0,sports,718.1009243103554,236.04522439735618,pending,2024-01-11
5150,Product_5150_0,clothing,58.77391548970213,360.92974757808156,archived,2024-04-01
5151,Product_5151_0,sports,11.81698617024948,115.19606453239979,inactive,2024-02-27
5152,Product_5152_0,electronics,862.8738637571577,102.96321539929478,archived,2024-09-19
5153,Product_5153_0,sports,642.6568809462367,79.52308601938364,archived,2024-04-12
5154,Product_5154_0,sports,834.899518347585,227.72139283577735,pending,2024-02-13
5155,Product_5155_0,sports,459.20355138870934,178.99607089379546,pending,2024-01-08
5156,Product_5156_0,clothing,591.3946982470463,35.18793295459399,active,2024-11-05
5157,Product_5157_0,clothing,290.2669228194144,181.33273633939945,inactive,2024-11-28
5158,Product_5158_0,home,520.0200178427868,472.1926797128969,active,2024-03-25
5159,Product_5159_0,electronics,594.482124875217,389.67465421061917,inactive,2024-02-09
5160,Product_5160_0,books,892.2567910381609,27.799599546653187,inactive,2024-11-20
5161,Product_5161_0,sports,324.71839156275263,371.0467169212656,inactive,2024-05-09
5162,Product_5162_0,books,111.88855150844914,489.20635120551583,inactive,2024-05-21
5163,Product_5163_0,clothing,675.3769395353605,156.14665524388386,archived,2024-12-25
5164,Product_5164_0,clothing,499.7851506010905,439.88197567182493,inactive,2024-05-05
5165,Product_5165_0,electronics,44.724978674766646,362.35142815771627,active,2024-10-11
5166,Product_5166_0,sports,147.8951731936694,180.1386731334828,archived,2024-06-16
5167,Product_5167_0,electronics,167.24277543156174,79.87300639181154,active,2024-02-26
5168,Product_5168_0,sports,303.2019867056804,138.82709837063237,archived,2024-02-09
5169,Product_5169_0,sports,735.5924631799984,47.184358659673364,archived,2024-12-16
5170,Product_5170_0,books,644.0367163178948,470.11436456901856,inactive,2024-02-11
5171,Product_5171_0,home,776.7455329912474,443.78421055370814,inactive,2024-12-01
5172,Product_5172_0,electronics,891.5741964267277,413.12580829760924,archived,2024-02-13
5173,Product_5173_0,sports,552.695607832909,408.6830876523327,inactive,2024-03-18
5174,Product_5174_0,home,898.8179374674357,358.96051273098993,inactive,2024-01-07
5175,Product_5175_0,books,467.88496044818754,209.94562257987465,active,2024-04-06
5176,Product_5176_0,home,193.83769121641933,233.78477770330713,inactive,2024-03-17
5177,Product_5177_0,home,602.3808260144667,191.78179242670655,inactive,2024-04-07
5178,Product_5178_0,clothing,218.71518214866418,188.78817673951897,pending,2024-12-27
5179,Product_5179_0,books,533.855642846965,156.9458870410533,archived,2024-11-11
5180,Product_5180_0,clothing,812.4619416291293,295.05720158495603,pending,2024-03-05
5181,Product_5181_0,books,618.5656620589803,485.54396198354567,archived,2024-02-14
5182,Product_5182_0,clothing,310.98451562751274,465.10126442381255,pending,2024-03-26
5183,Product_5183_0,sports,58.78010210840798,407.7355159809494,archived,2024-05-24
5184,Product_5184_0,electronics,953.0245942343354,394.6666642025819,active,2024-05-01
5185,Product_5185_0,home,151.26141586726902,198.65713815816073,pending,2024-09-23
5186,Product_5186_0,home,863.9008911668316,241.0247662656825,active,2024-12-02
5187,Product_5187_0,books,201.15671296553634,289.7791890616265,pending,2024-03-20
5188,Product_5188_0,sports,545.0758175020441,364.9879868318736,inactive,2024-12-17
5189,Product_5189_0,electronics,497.83835572372794,32.92315940664738,archived,2024-03-02
5190,Product_5190_0,electronics,719.3042246847899,82.09540479005545,active,2024-09-09
5191,Product_5191_0,books,317.04568454145743,47.847223815301604,archived,2024-07-15
5192,Product_5192_0,home,274.34591826335463,222.0702351539116,pending,2024-01-18
5193,Product_5193_0,sports,786.9108734748714,343.11526512213203,archived,2024-05-13
5194,Product_5194_0,home,493.14067145522625,66.7768998249804,inactive,2024-02-12
5195,Product_5195_0,clothing,711.4581155128885,321.9968627376353,active,2024-01-12
5196,Product_5196_0,home,866.4256581862005,358.03996078610925,inactive,2024-05-24
5197,Product_5197_0,books,511.90691996152003,168.28670570352887,inactive,2024-03-25
5198,Product_5198_0,electronics,745.4926168145149,143.77284199160601,inactive,2024-08-15
5199,Product_5199_0,electronics,644.8843195820027,18.05454696728465,active,2024-11-11
5200,Product_5200_0,sports,905.2339387117738,338.54198985556866,pending,2024-07-07
5201,Product_5201_0,sports,266.6666933098273,397.9824192233955,pending,2024-07-03
5202,Product_5202_0,sports,220.66185589729199,142.84878092292948,active,2024-09-07
5203,Product_5203_0,electronics,72.8298577101103,231.3673397386253,pending,2024-10-12
5204,Product_5204_0,sports,921.8246430678847,146.09358497955347,archived,2024-01-19
5205,Product_5205_0,electronics,579.6663705007215,185.72599267629073,pending,2024-03-21
5206,Product_5206_0,electronics,403.7473033631294,146.9153231684213,pending,2024-11-05
5207,Product_5207_0,clothing,973.2511142538028,165.7935023451645,pending,2024-11-20
5208,Product_5208_0,electronics,934.9422400181882,456.33670387269683,archived,2024-04-26
5209,Product_5209_0,clothing,144.6466556434796,416.0370898253177,inactive,2024-04-07
5210,Product_5210_0,sports,949.6371590067348,346.168198906757,pending,2024-04-06
5211,Product_5211_0,electronics,908.7526572511917,86.95813391032468,pending,2024-08-09
5212,Product_5212_0,home,503.52949356379514,344.8024214742556,active,2024-01-05
5213,Product_5213_0,books,576.1006794344266,403.50123328878425,archived,2024-02-12
5214,Product_5214_0,books,747.0191517855122,263.04135541376445,active,2024-06-22
5215,Product_5215_0,electronics,270.8482825922094,107.89725142312784,pending,2024-07-27
5216,Product_5216_0,home,425.0006628565039,425.1784532954467,pending,2024-12-26
5217,Product_5217_0,home,621.5787459720127,161.75500069812298,pending,2024-01-20
5218,Product_5218_0,electronics,158.35252225900894,482.7387893420165,inactive,2024-03-18
5219,Product_5219_0,clothing,364.9541716137365,259.72396621115894,inactive,2024-06-08
5220,Product_5220_0,home,868.0271946772735,381.93338329820165,active,2024-11-08
5221,Product_5221_0,electronics,92.64708639188387,455.0069678650874,active,2024-08-04
5222,Product_5222_0,sports,615.5081458134886,282.9672106733614,archived,2024-06-17
5223,Product_5223_0,books,999.3088433274295,181.67590508524952,inactive,2024-02-08
5224,Product_5224_0,clothing,185.1464106902641,461.8163911574081,inactive,2024-06-07
5225,Product_5225_0,home,939.6152596981113,426.902972625049,pending,2024-06-25
5226,Product_5226_0,clothing,122.81554396721623,280.68862098937046,pending,2024-12-26
5227,Product_5227_0,home,321.2821165003413,14.648675455282996,archived,2024-02-16
5228,Product_5228_0,books,350.96115565934343,371.0716496504849,pending,2024-12-27
5229,Product_5229_0,sports,634.8830575663214,163.4688311438855,active,2024-09-07
5230,Product_5230_0,home,767.2616213828268,227.07805947323357,active,2024-09-10
5231,Product_5231_0,home,855.1419483050755,90.61829516438914,pending,2024-01-24
5232,Product_5232_0,electronics,367.7492815344105,170.90758777680617,active,2024-12-15
5233,Product_5233_0,electronics,736.5711552064936,216.48570492668998,active,2024-09-06
5234,Product_5234_0,books,629.6099467121597,250.11627602003335,active,2024-06-09
5235,Product_5235_0,sports,406.2095853763324,470.58902353264307,inactive,2024-11-18
5236,Product_5236_0,electronics,155.1264112419637,47.22963078834669,archived,2024-12-02
5237,Product_5237_0,sports,791.1863947972074,217.7731757576372,pending,2024-02-09
5238,Product_5238_0,books,20.07662821743522,427.67106004079676,pending,2024-05-23
5239,Product_5239_0,home,922.9817023890412,293.5893744958611,archived,2024-10-05
5240,Product_5240_0,books,18.806167129876865,295.5844208303617,pending,2024-09-17
5241,Product_5241_0,home,675.2219514761964,431.8633029969197,pending,2024-10-26
5242,Product_5242_0,clothing,404.4681769518482,274.2894456868033,archived,2024-12-12
5243,Product_5243_0,electronics,300.99476486180305,71.05043544701942,active,2024-10-27
5244,Product_5244_0,electronics,786.960791611197,23.191235686896476,inactive,2024-02-21
5245,Product_5245_0,sports,275.5707704834972,309.4361836431336,inactive,2024-07-28
5246,Product_5246_0,books,568.2847816366216,345.39730439566085,active,2024-01-19
5247,Product_5247_0,books,736.0810050219333,148.25228024565564,active,2024-04-11
5248,Product_5248_0,sports,112.32699749880238,242.03351861383376,archived,2024-08-21
5249,Product_5249_0,books,587.2361845151908,126.5651576941349,pending,2024-04-13
5250,Product_5250_0,books,781.5025179717172,80.23660804107384,archived,2024-08-02
5251,Product_5251_0,books,642.2500230721367,420.69190061554684,active,2024-05-08
5252,Product_5252_0,sports,139.3890518183369,65.92141781399707,archived,2024-05-01
5253,Product_5253_0,home,1.0999955721834453,258.4666118284009,inactive,2024-08-24
5254,Product_5254_0,books,344.02510869859003,368.27782169212037,active,2024-02-02
5255,Product_5255_0,clothing,279.1107336848781,28.168298359446815,pending,2024-09-04
5256,Product_5256_0,home,262.11333711150917,53.538010003448846,archived,2024-10-15
5257,Product_5257_0,electronics,311.5839063185395,375.34662260716584,inactive,2024-11-22
5258,Product_5258_0,clothing,899.1961471242989,101.39889446582524,pending,2024-12-08
5259,Product_5259_0,home,102.11879331934105,247.46772095791366,active,2024-02-18
5260,Product_5260_0,clothing,525.6745145790229,30.304530096355,pending,2024-04-05
5261,Product_5261_0,sports,481.5240532489949,207.82670401306072,inactive,2024-04-12
5262,Product_5262_0,clothing,376.8960090557744,438.0797661405549,inactive,2024-09-14
5263,Product_5263_0,books,545.9902185767296,346.7915067743398,archived,2024-04-04
5264,Product_5264_0,electronics,108.38080043400814,494.1743223332961,active,2024-09-09
5265,Product_5265_0,clothing,69.27155738999568,22.180427346744082,active,2024-01-16
5266,Product_5266_0,books,860.0783296195992,414.59760583029896,pending,2024-07-26
5267,Product_5267_0,electronics,116.7937157479037,443.8377260386832,inactive,2024-10-10
5268,Product_5268_0,electronics,211.29502211241632,79.027846534319,active,2024-06-10
5269,Product_5269_0,electronics,636.1302393905972,63.57396269231074,inactive,2024-01-21
5270,Product_5270_0,sports,645.9636084076111,363.22212182951444,inactive,2024-01-05
5271,Product_5271_0,electronics,643.5020309369924,90.55133205509725,active,2024-08-25
5272,Product_5272_0,electronics,856.4849753565351,327.1004987136258,archived,2024-12-21
5273,Product_5273_0,home,395.72850347092583,112.1720273114361,active,2024-09-24
5274,Product_5274_0,clothing,780.6166362393622,218.55552914238112,archived,2024-08-26
5275,Product_5275_0,clothing,353.4654890705546,278.7866942384143,inactive,2024-08-22
5276,Product_5276_0,home,33.63392181272157,254.12531897099439,active,2024-01-11
5277,Product_5277_0,clothing,132.64780425575805,492.91100208682974,inactive,2024-02-15
5278,Product_5278_0,home,976.0159763885453,424.8663138603343,archived,2024-01-16
5279,Product_5279_0,electronics,925.7410528377169,232.1243993050234,inactive,2024-03-07
5280,Product_5280_0,electronics,167.73091434184192,205.27815050869253,pending,2024-07-10
5281,Product_5281_0,clothing,253.80624263245303,217.0079591444718,active,2024-08-07
5282,Product_5282_0,sports,759.3285302497032,397.6696938993464,archived,2024-06-06
5283,Product_5283_0,sports,914.593380662816,175.43015911543256,inactive,2024-10-27
5284,Product_5284_0,clothing,184.0164715276024,118.1132292561527,pending,2024-11-10
5285,Product_5285_0,books,852.2204042942743,127.69441179075181,pending,2024-11-26
5286,Product_5286_0,clothing,402.1167233500774,332.9107200616113,active,2024-04-28
5287,Product_5287_0,books,389.8684365994112,345.90935337440123,archived,2024-09-04
5288,Product_5288_0,clothing,189.53907628045795,220.36132658417523,archived,2024-07-05
5289,Product_5289_0,books,4.80267074655935,121.39644742588644,pending,2024-01-24
5290,Product_5290_0,electronics,272.0719947468989,312.156870456926,active,2024-09-18
5291,Product_5291_0,electronics,108.32889603330884,96.77731098219573,active,2024-04-21
5292,Product_5292_0,books,757.8117143511837,94.07885533315621,inactive,2024-07-04
5293,Product_5293_0,clothing,546.2806323243839,18.76946361866206,pending,2024-07-09
5294,Product_5294_0,home,793.8184302571469,303.2897313596281,pending,2024-02-02
5295,Product_5295_0,sports,822.2766638186364,408.5813658294113,archived,2024-07-23
5296,Product_5296_0,clothing,992.7162424161335,52.59099969019117,inactive,2024-01-14
5297,Product_5297_0,sports,5.375083413061663,137.45460941932683,pending,2024-12-20
5298,Product_5298_0,clothing,652.341404326741,26.59474950045257,pending,2024-09-08
5299,Product_5299_0,electronics,449.18784073867096,232.63865318394141,active,2024-07-09
5300,Product_5300_0,clothing,236.35191293929446,458.46584730454475,archived,2024-09-25
5301,Product_5301_0,clothing,605.9271456728586,355.91004567401706,active,2024-12-19
5302,Product_5302_0,clothing,858.3049310103925,327.02745723629414,pending,2024-09-14
5303,Product_5303_0,books,926.8188243886951,227.9491749661355,active,2024-10-23
5304,Product_5304_0,books,356.64382130626234,17.84001312495394,pending,2024-07-08
5305,Product_5305_0,home,25.615286645543883,324.6588318380034,archived,2024-12-20
5306,Product_5306_0,sports,636.1682853033284,387.6776696789743,archived,2024-06-17
5307,Product_5307_0,clothing,882.9291718302416,141.2342999198585,inactive,2024-08-15
5308,Product_5308_0,home,535.2546135751705,210.55687740075228,pending,2024-06-20
5309,Product_5309_0,clothing,754.5308560397214,318.24270117797363,inactive,2024-03-16
5310,Product_5310_0,books,372.2170603078238,191.10533272523068,inactive,2024-03-03
5311,Product_5311_0,clothing,837.229886932305,74.87607463960138,active,2024-04-23
5312,Product_5312_0,sports,181.83779073357366,266.3448976638814,inactive,2024-01-15
5313,Product_5313_0,clothing,319.0367450062952,229.9752382017418,active,2024-08-24
5314,Product_5314_0,electronics,722.5097105633575,316.9582191161206,archived,2024-12-03
5315,Product_5315_0,sports,43.338334129450104,150.304494800138,active,2024-02-02
5316,Product_5316_0,sports,749.4618555276863,62.63954309978746,inactive,2024-03-20
5317,Product_5317_0,home,541.5954989358632,261.38350865512723,inactive,2024-12-01
5318,Product_5318_0,books,403.0790670080996,434.2236879832952,inactive,2024-02-01
5319,Product_5319_0,home,82.23405050474632,257.01697289134415,active,2024-12-06
5320,Product_5320_0,home,331.5370629661973,195.83568822817506,archived,2024-09-12
5321,Product_5321_0,books,134.06264537581097,161.61059170881373,inactive,2024-01-05
5322,Product_5322_0,electronics,919.4974091055972,187.32655941090854,inactive,2024-03-09
5323,Product_5323_0,sports,33.52043796015354,371.18533867118634,archived,2024-05-06
5324,Product_5324_0,sports,683.0160398381664,288.8172149674181,inactive,2024-11-28
5325,Product_5325_0,home,478.9793961290424,270.23186642511615,active,2024-06-19
5326,Product_5326_0,clothing,501.3878734223018,314.5114742535542,active,2024-04-20
5327,Product_5327_0,sports,398.8286096956723,83.88950824889842,pending,2024-05-25
5328,Product_5328_0,electronics,51.60850007120763,277.89495073577365,archived,2024-04-19
5329,Product_5329_0,books,388.21226452563553,19.152558802001817,inactive,2024-07-04
5330,Product_5330_0,sports,457.93242711691255,123.32714128901532,active,2024-10-09
5331,Product_5331_0,home,955.0019035044371,213.71013968251927,active,2024-04-22
5332,Product_5332_0,clothing,624.6517896857728,405.1913765992033,pending,2024-01-27
5333,Product_5333_0,books,882.8991436634889,420.54624831674323,inactive,2024-12-05
5334,Product_5334_0,clothing,488.242482748434,333.75765101611097,pending,2024-04-18
5335,Product_5335_0,sports,603.1191708675323,339.340906049391,pending,2024-04-27
5336,Product_5336_0,sports,776.5751770120802,20.013735704166486,pending,2024-04-07
5337,Product_5337_0,sports,340.5553000742146,483.5043088413718,archived,2024-09-26
5338,Product_5338_0,books,599.1817291843307,133.06084506891648,archived,2024-05-16
5339,Product_5339_0,books,726.0936722094527,157.23751803973107,archived,2024-06-06
5340,Product_5340_0,electronics,296.22397004413915,127.6326487798663,archived,2024-06-19
5341,Product_5341_0,sports,60.95269919857792,239.2150734607021,archived,2024-06-08
5342,Product_5342_0,electronics,982.5503460269515,404.45424024412796,active,2024-10-26
5343,Product_5343_0,electronics,358.3070820107606,452.75332923733805,archived,2024-02-26
5344,Product_5344_0,clothing,171.73130715356885,176.47406159993798,pending,2024-06-20
5345,Product_5345_0,home,638.144547645133,383.7300172120922,active,2024-01-11
5346,Product_5346_0,home,120.58841983069917,65.94834506960086,active,2024-10-12
5347,Product_5347_0,books,497.2446319377462,291.58779739231085,inactive,2024-12-09
5348,Product_5348_0,home,994.2267323636524,473.3459414433132,archived,2024-08-17
5349,Product_5349_0,clothing,69.51482902042684,79.76356165671174,inactive,2024-02-04
5350,Product_5350_0,home,378.81137772960966,118.19893896351249,pending,2024-12-15
5351,Product_5351_0,sports,351.5553215798903,429.4971123022369,active,2024-10-11
5352,Product_5352_0,electronics,531.1389613439452,65.29844414382445,inactive,2024-04-14
5353,Product_5353_0,books,833.7923365788566,341.8154765765503,active,2024-05-13
5354,Product_5354_0,books,324.4982054539351,31.19157494157032,archived,2024-12-10
5355,Product_5355_0,sports,490.4059015395392,293.959891648722,inactive,2024-07-07
5356,Product_5356_0,home,898.9984120824519,413.44442256394257,active,2024-03-22
5357,Product_5357_0,electronics,994.4519243319518,148.57994687964975,active,2024-04-09
5358,Product_5358_0,home,319.43607624255174,291.79951598335,archived,2024-03-13
5359,Product_5359_0,sports,757.1550427623735,122.00337840883994,pending,2024-06-02
5360,Product_5360_0,clothing,548.1543884736767,367.8377934639702,pending,2024-10-24
5361,Product_5361_0,clothing,98.27068661095132,399.93213407259555,inactive,2024-01-01
5362,Product_5362_0,sports,824.0159072437759,331.1257439036376,archived,2024-11-12
5363,Product_5363_0,books,612.062506328075,48.350487263781076,inactive,2024-04-10
5364,Product_5364_0,electronics,212.09521336552797,437.5068544127831,active,2024-07-10
5365,Product_5365_0,sports,718.8145853401783,183.78135221344925,active,2024-12-18
5366,Product_5366_0,books,208.5686987312264,159.87224395901782,active,2024-06-02
5367,Product_5367_0,books,422.4730536662704,449.666668779171,inactive,2024-12-25
5368,Product_5368_0,electronics,607.1600024570649,443.6247533106523,archived,2024-11-02
5369,Product_5369_0,home,765.4256859429888,319.8131149714498,pending,2024-11-12
5370,Product_5370_0,electronics,719.3764912708959,129.08422099643224,archived,2024-10-11
5371,Product_5371_0,sports,471.68722922423404,316.11087123750923,active,2024-02-18
5372,Product_5372_0,electronics,602.2389561443708,101.84732387899179,pending,2024-06-21
5373,Product_5373_0,electronics,16.08369593992071,67.49632875587861,pending,2024-06-22
5374,Product_5374_0,electronics,622.6162042859057,237.34095010551903,archived,2024-10-05
5375,Product_5375_0,sports,174.97465102855932,293.11636177154963,archived,2024-02-28
5376,Product_5376_0,books,141.30912184911594,486.764282524293,inactive,2024-06-16
5377,Product_5377_0,books,996.3924384341431,337.9703442211834,archived,2024-06-18
5378,Product_5378_0,books,375.33896541676364,496.618073459005,inactive,2024-05-16
5379,Product_5379_0,books,429.7987417782131,423.68353385371887,archived,2024-12-11
5380,Product_5380_0,sports,236.40209198194609,289.81757932970083,pending,2024-06-02
5381,Product_5381_0,home,147.79913714095272,56.57222462705192,pending,2024-06-15
5382,Product_5382_0,books,589.5210224669266,250.81108264851426,pending,2024-09-11
5383,Product_5383_0,books,550.4319187444617,463.4052307586997,inactive,2024-06-21
5384,Product_5384_0,books,220.46382172525958,173.5211678343485,pending,2024-07-25
5385,Product_5385_0,home,492.1997707668647,292.34560748144645,archived,2024-03-05
5386,Product_5386_0,clothing,569.7585619244878,342.7769430242605,active,2024-12-07
5387,Product_5387_0,home,661.3215539665273,284.8102621632911,pending,2024-08-06
5388,Product_5388_0,home,607.2550547076264,203.6884563556867,archived,2024-05-01
5389,Product_5389_0,books,620.2980897987165,148.2251659866989,archived,2024-11-05
5390,Product_5390_0,books,986.7392397968791,273.12856946495657,pending,2024-08-01
5391,Product_5391_0,electronics,231.68802326404693,407.52798710299965,archived,2024-01-02
5392,Product_5392_0,clothing,455.29794839433043,320.2150283628006,active,2024-11-01
5393,Product_5393_0,electronics,676.7431716651934,26.722382319805064,archived,2024-08-26
5394,Product_5394_0,sports,818.5763338241784,223.9530329539138,active,2024-02-27
5395,Product_5395_0,books,614.0706663232869,133.90010907116857,pending,2024-09-24
5396,Product_5396_0,sports,984.16601907709,148.40470485442037,archived,2024-10-08
5397,Product_5397_0,sports,969.827585150792,455.755720737403,inactive,2024-07-22
5398,Product_5398_0,books,325.8101459590809,225.70322604828928,active,2024-11-15
5399,Product_5399_0,clothing,488.52794074856706,177.22872161328706,archived,2024-11-03
5400,Product_5400_0,electronics,736.6025134447841,180.00729306600513,active,2024-06-02
5401,Product_5401_0,electronics,179.37291250835992,224.3927633221733,archived,2024-10-18
5402,Product_5402_0,books,951.869852574861,418.91735600687747,inactive,2024-02-20
5403,Product_5403_0,clothing,370.2391615008706,293.773440215414,pending,2024-04-16
5404,Product_5404_0,books,833.5414324500583,188.17012263139333,inactive,2024-01-15
5405,Product_5405_0,electronics,221.75178930472893,349.3986804515981,active,2024-10-06
5406,Product_5406_0,clothing,78.31584957055719,77.23451495201748,pending,2024-06-22
5407,Product_5407_0,clothing,890.7451078856154,282.400961347878,archived,2024-12-11
5408,Product_5408_0,electronics,314.2821384175268,279.0472212058726,inactive,2024-07-21
5409,Product_5409_0,home,361.4495762296751,387.629083922513,pending,2024-12-05
5410,Product_5410_0,clothing,640.4879612039588,217.74329614546616,active,2024-03-04
5411,Product_5411_0,clothing,333.16119833842663,195.4170715537722,inactive,2024-07-14
5412,Product_5412_0,books,679.9864816652059,252.50083311737083,pending,2024-06-05
5413,Product_5413_0,clothing,516.5794932086682,200.90080106207176,active,2024-05-25
5414,Product_5414_0,electronics,777.2120561643633,113.5681130047313,pending,2024-12-21
5415,Product_5415_0,books,778.021005444819,128.09473423876642,pending,2024-10-28
5416,Product_5416_0,clothing,182.99265725222264,287.60052808209343,archived,2024-06-03
5417,Product_5417_0,books,357.25035075663214,496.9516287546616,active,2024-05-18
5418,Product_5418_0,books,633.0415055487824,437.52950884741125,archived,2024-05-02
5419,Product_5419_0,sports,751.3810311515485,427.4896914977744,pending,2024-06-25
5420,Product_5420_0,sports,264.14619660809046,305.07667191739677,pending,2024-06-09
5421,Product_5421_0,clothing,843.2954513853299,466.69518788089187,active,2024-01-19
5422,Product_5422_0,sports,181.3497419142843,385.04703164983357,pending,2024-02-17
5423,Product_5423_0,books,509.63445366961764,481.35161888835205,active,2024-04-16
5424,Product_5424_0,home,922.7546324664971,438.4814768316436,pending,2024-03-16
5425,Product_5425_0,sports,130.8069513283419,273.68110140721797,pending,2024-07-15
5426,Product_5426_0,clothing,930.7268751082711,206.1954693177997,archived,2024-06-14
5427,Product_5427_0,electronics,234.39340794884225,306.2882474319907,active,2024-10-24
5428,Product_5428_0,books,2.7672407057822626,237.0947740423899,active,2024-02-17
5429,Product_5429_0,clothing,369.8322121798709,214.85381536350388,pending,2024-10-07
5430,Product_5430_0,electronics,263.8832782773713,343.5490049675895,archived,2024-12-12
5431,Product_5431_0,home,260.1679467234428,146.7516231701173,archived,2024-05-22
5432,Product_5432_0,home,88.89026808889632,74.61009628484625,inactive,2024-04-21
5433,Product_5433_0,electronics,98.05863221702586,414.05448072827255,archived,2024-08-04
5434,Product_5434_0,sports,13.097781787929023,379.4482743386411,archived,2024-08-11
5435,Product_5435_0,electronics,445.63343811731363,281.3603569529798,pending,2024-02-14
5436,Product_5436_0,books,821.5993872325141,397.2042498831241,pending,2024-06-08
5437,Product_5437_0,home,674.8803846458319,385.29533293551015,active,2024-11-19
5438,Product_5438_0,clothing,79.76614997525024,188.19244523750015,inactive,2024-01-02
5439,Product_5439_0,clothing,789.7346346415594,496.2922055621373,archived,2024-12-22
5440,Product_5440_0,clothing,67.43379775918864,297.9638555149817,pending,2024-05-18
5441,Product_5441_0,sports,847.7931986517348,268.96862332627,inactive,2024-07-18
5442,Product_5442_0,sports,81.68823910595388,360.85179689958136,active,2024-11-15
5443,Product_5443_0,home,539.7836153012055,230.8490245275392,pending,2024-08-24
5444,Product_5444_0,books,77.92294072711759,38.230525416027916,pending,2024-03-06
5445,Product_5445_0,electronics,562.1985173948896,177.56445053870434,archived,2024-11-16
5446,Product_5446_0,sports,420.61862389804435,342.6164667620731,pending,2024-02-14
5447,Product_5447_0,books,322.4927634293513,30.71857474814871,archived,2024-03-09
5448,Product_5448_0,home,803.6275739950718,348.3825055990011,active,2024-04-27
5449,Product_5449_0,electronics,789.2136916270739,421.2593525941762,inactive,2024-09-05
5450,Product_5450_0,books,930.9197629145817,211.2462470969219,active,2024-04-02
5451,Product_5451_0,books,369.3366045098469,287.9556842907399,pending,2024-03-12
5452,Product_5452_0,books,788.4142015886341,319.3815027603183,pending,2024-05-10
5453,Product_5453_0,clothing,594.6617252439472,304.4960565427526,active,2024-10-02
5454,Product_5454_0,sports,460.46346068501254,412.5157633069309,pending,2024-06-24
5455,Product_5455_0,sports,409.2514425097299,427.6212455572624,archived,2024-10-18
5456,Product_5456_0,electronics,934.8574406221489,49.879402497612375,pending,2024-03-05
5457,Product_5457_0,books,767.7826804673437,215.713693802767,active,2024-06-01
5458,Product_5458_0,clothing,535.2830494574957,420.9419119268804,archived,2024-11-20
5459,Product_5459_0,clothing,559.5511429124775,46.324180593587705,active,2024-02-25
5460,Product_5460_0,electronics,459.4236213769802,390.75391966251516,active,2024-02-16
5461,Product_5461_0,home,171.60964697821422,128.7126618848207,pending,2024-11-16
5462,Product_5462_0,electronics,710.2225477575477,406.31400059217884,inactive,2024-10-15
5463,Product_5463_0,sports,514.3458387028343,471.5990064287961,active,2024-04-05
5464,Product_5464_0,sports,778.9099966369005,417.7376785432322,pending,2024-04-11
5465,Product_5465_0,electronics,631.9825531716893,372.65312627801774,archived,2024-03-26
5466,Product_5466_0,books,906.9931626867113,353.27783485157823,archived,2024-11-05
5467,Product_5467_0,electronics,499.9337455846646,352.73613014485505,inactive,2024-12-15
5468,Product_5468_0,electronics,607.4254656723325,453.4989081113869,active,2024-07-18
5469,Product_5469_0,books,960.4576905987545,415.16643749349834,pending,2024-08-09
5470,Product_5470_0,clothing,195.6810550743426,413.3105440391715,active,2024-02-16
5471,Product_5471_0,clothing,161.1664372001752,256.52461965698836,active,2024-03-11
5472,Product_5472_0,home,525.1139857942175,316.1461461635818,archived,2024-01-03
5473,Product_5473_0,books,912.6716031058518,429.30957637817886,active,2024-02-25
5474,Product_5474_0,clothing,125.73729494854742,292.91507610827733,active,2024-06-19
5475,Product_5475_0,sports,652.4282708701589,173.53018258511233,inactive,2024-10-10
5476,Product_5476_0,clothing,987.5625335047747,62.65213984475324,inactive,2024-03-04
5477,Product_5477_0,electronics,658.732163684224,19.884568882800018,pending,2024-08-17
5478,Product_5478_0,home,299.7028784066196,54.71163790153416,active,2024-11-02
5479,Product_5479_0,books,507.41952926325865,351.131274832157,active,2024-04-11
5480,Product_5480_0,electronics,277.3472905129759,444.80650726996487,active,2024-04-12
5481,Product_5481_0,sports,958.8231678826626,336.9819357582431,active,2024-11-16
5482,Product_5482_0,electronics,487.7885556523086,383.93271227079754,pending,2024-01-18
5483,Product_5483_0,sports,702.9969929501608,260.23466406735764,inactive,2024-08-26
5484,Product_5484_0,home,125.05705908130895,275.45075911402773,archived,2024-08-26
5485,Product_5485_0,home,68.17571979217465,264.49801250057317,archived,2024-11-06
5486,Product_5486_0,clothing,209.05564639989709,40.18987868287819,active,2024-11-19
5487,Product_5487_0,books,162.07297981199477,496.72285441060234,active,2024-11-15
5488,Product_5488_0,sports,365.30546509974795,45.27754254453418,active,2024-09-17
5489,Product_5489_0,clothing,30.042028102320877,67.40509571735313,archived,2024-12-21
5490,Product_5490_0,home,687.8646689044494,387.81527065849167,pending,2024-05-16
5491,Product_5491_0,sports,644.5684242874971,107.18565552496747,pending,2024-05-18
5492,Product_5492_0,home,16.750988302367773,214.1901018598672,archived,2024-08-16
5493,Product_5493_0,home,473.58900668500627,359.8200154036448,active,2024-10-05
5494,Product_5494_0,sports,256.27134375476146,143.91496281632362,archived,2024-05-02
5495,Product_5495_0,home,293.0468599452861,204.88058734465758,archived,2024-10-25
5496,Product_5496_0,home,811.7771994621098,173.81599437023414,inactive,2024-11-10
5497,Product_5497_0,clothing,622.8870344782903,496.95233506922915,inactive,2024-04-15
5498,Product_5498_0,sports,770.3262601860428,451.5298881844456,archived,2024-07-10
5499,Product_5499_0,books,555.1884655715845,314.1481967043602,inactive,2024-03-05
5500,Product_5500_0,home,238.86345701133754,145.55491303924853,inactive,2024-07-11
5501,Product_5501_0,books,800.0414727025156,243.18702328907324,inactive,2024-07-28
5502,Product_5502_0,books,667.5820659102998,247.6906420047981,inactive,2024-10-12
5503,Product_5503_0,electronics,746.8033708923388,269.6040254303127,archived,2024-01-20
5504,Product_5504_0,books,396.23374322394034,72.89357380531149,pending,2024-05-06
5505,Product_5505_0,books,424.8387168288773,282.97026298501265,archived,2024-08-02
5506,Product_5506_0,books,962.6336574290791,332.9185679864251,inactive,2024-08-12
5507,Product_5507_0,electronics,985.295554705411,246.9033100168116,archived,2024-09-09
5508,Product_5508_0,books,83.73788674632034,413.8212538495763,active,2024-10-03
5509,Product_5509_0,home,670.5354113287198,265.05365652022283,inactive,2024-06-26
5510,Product_5510_0,clothing,136.20488021617493,43.41603750580494,pending,2024-05-03
5511,Product_5511_0,home,670.7581163842908,49.11426494276723,inactive,2024-04-25
5512,Product_5512_0,books,813.8919919345072,401.25228289241306,pending,2024-09-07
5513,Product_5513_0,sports,488.3444596213784,227.44355128024085,active,2024-05-25
5514,Product_5514_0,clothing,937.9011876750358,464.1934431463781,pending,2024-07-07
5515,Product_5515_0,electronics,129.53347724479397,170.83774975158167,inactive,2024-04-02
5516,Product_5516_0,clothing,594.3245792753105,299.8277162658103,archived,2024-02-18
5517,Product_5517_0,electronics,292.49722491832506,283.67037035937886,inactive,2024-05-05
5518,Product_5518_0,clothing,195.4770351821156,354.71277347922995,archived,2024-11-22
5519,Product_5519_0,clothing,334.3304449004161,165.03267840282655,archived,2024-11-01
5520,Product_5520_0,home,499.6945075662592,119.8120875367343,archived,2024-07-16
5521,Product_5521_0,home,751.3698099240962,97.8454488720468,archived,2024-11-08
5522,Product_5522_0,books,232.52162287059727,348.34482016226406,archived,2024-03-18
5523,Product_5523_0,sports,117.08788491306906,280.56432685166277,inactive,2024-03-07
5524,Product_5524_0,books,861.1841992002305,456.7833812808719,inactive,2024-12-05
5525,Product_5525_0,home,130.5343257458827,66.8909012970033,pending,2024-02-03
5526,Product_5526_0,home,26.16860428845988,64.04814697288384,pending,2024-07-28
5527,Product_5527_0,electronics,169.5265649014602,142.0933075828636,pending,2024-09-10
5528,Product_5528_0,books,600.9041061501356,362.25518150681603,pending,2024-09-24
5529,Product_5529_0,home,560.4789603503226,191.5207275008351,inactive,2024-04-03
5530,Product_5530_0,electronics,743.5531125963633,91.09700895179857,archived,2024-07-18
5531,Product_5531_0,sports,163.43133025061167,384.2532832178474,archived,2024-10-20
5532,Product_5532_0,home,733.4831476582614,276.37988045180094,pending,2024-06-11
5533,Product_5533_0,electronics,9.679586231393252,13.969151448438566,pending,2024-03-10
5534,Product_5534_0,sports,665.1952826401823,385.08275542204314,active,2024-11-17
5535,Product_5535_0,books,913.0336648555448,150.41735549233456,active,2024-03-06
5536,Product_5536_0,sports,787.3623167719055,320.9927596204108,pending,2024-01-25
5537,Product_5537_0,books,42.539717973842265,181.47092668094768,pending,2024-12-20
5538,Product_5538_0,electronics,788.7240345691405,191.30953527546032,active,2024-03-25
5539,Product_5539_0,clothing,188.7444515833618,269.5640362209611,inactive,2024-12-06
5540,Product_5540_0,home,42.72719468856184,259.5111781985145,pending,2024-03-15
5541,Product_5541_0,electronics,330.82157511258185,473.44972787190375,archived,2024-08-14
5542,Product_5542_0,electronics,574.6785886830385,296.30899559450796,archived,2024-10-28
5543,Product_5543_0,home,430.0405939779453,64.1338631868833,inactive,2024-07-10
5544,Product_5544_0,sports,307.1083130574244,234.52129697601526,active,2024-09-03
5545,Product_5545_0,clothing,879.548073788269,309.5628576002245,archived,2024-08-28
5546,Product_5546_0,sports,350.57869594064755,20.28101591284443,archived,2024-07-04
5547,Product_5547_0,electronics,214.28076260425667,473.00207599377393,inactive,2024-01-01
5548,Product_5548_0,clothing,932.7123516288566,315.81920384026546,active,2024-03-08
5549,Product_5549_0,sports,813.0370738446449,350.54642122208844,inactive,2024-02-07
5550,Product_5550_0,sports,235.8960668248533,104.18840607536093,inactive,2024-03-02
5551,Product_5551_0,home,541.5355773411545,450.11219311287135,pending,2024-05-20
5552,Product_5552_0,books,158.81749347082368,56.246579154695254,pending,2024-08-12
5553,Product_5553_0,books,311.48734031366314,477.61026761308773,pending,2024-07-02
5554,Product_5554_0,sports,11.788034778179002,431.3191585284484,active,2024-10-03
5555,Product_5555_0,clothing,564.4681764805379,300.3957223059769,inactive,2024-07-08
5556,Product_5556_0,clothing,299.90326530918117,175.65195237223838,archived,2024-08-26
5557,Product_5557_0,clothing,447.4561840546509,419.61568270572536,pending,2024-05-28
5558,Product_5558_0,sports,312.5281974939787,175.6217003107632,inactive,2024-01-26
5559,Product_5559_0,clothing,821.0963678950174,418.7993370456289,pending,2024-11-10
5560,Product_5560_0,sports,308.89564708907056,447.43604875735485,archived,2024-12-05
5561,Product_5561_0,home,321.7216379073944,380.4632756324494,inactive,2024-08-15
5562,Product_5562_0,clothing,233.7957816431767,16.66896109698756,active,2024-05-14
5563,Product_5563_0,sports,420.28703770860807,156.5395955629672,pending,2024-03-04
5564,Product_5564_0,home,407.8899785467692,277.4685948192548,pending,2024-02-08
5565,Product_5565_0,clothing,498.2340691450388,207.6461000235479,inactive,2024-09-03
5566,Product_5566_0,clothing,7.909528365056884,82.16745190540469,inactive,2024-12-17
5567,Product_5567_0,clothing,563.319939702932,239.16803744531887,inactive,2024-06-14
5568,Product_5568_0,sports,974.9962457577685,268.40472207155926,active,2024-11-16
5569,Product_5569_0,home,555.8533708362336,14.908108431647051,inactive,2024-07-19
5570,Product_5570_0,electronics,853.2387297130933,346.6135134045571,inactive,2024-11-28
5571,Product_5571_0,electronics,684.1066856664462,33.28729984032058,active,2024-05-01
5572,Product_5572_0,electronics,120.13761886112175,336.14191311796355,archived,2024-11-17
5573,Product_5573_0,clothing,958.0997156598947,136.63953039045995,archived,2024-06-08
5574,Product_5574_0,home,699.0551664767212,412.4681680176125,active,2024-10-09
5575,Product_5575_0,books,739.8863471545295,104.26788342184068,pending,2024-05-25
5576,Product_5576_0,electronics,184.77579348044384,298.9598067376629,archived,2024-05-14
5577,Product_5577_0,home,828.8166234459962,372.72965363813233,active,2024-03-08
5578,Product_5578_0,home,334.12006289256374,203.0139294459769,archived,2024-03-14
5579,Product_5579_0,electronics,334.3512587403165,78.63862881694776,archived,2024-07-04
5580,Product_5580_0,clothing,713.7187834398545,468.7017616002425,archived,2024-04-21
5581,Product_5581_0,books,833.9893545296703,85.36549026410474,archived,2024-11-13
5582,Product_5582_0,electronics,25.252577847787812,141.48409656985683,pending,2024-04-21
5583,Product_5583_0,electronics,447.0601751719265,215.36028582328998,pending,2024-07-17
5584,Product_5584_0,home,535.4359010504255,270.5857562308982,archived,2024-10-15
5585,Product_5585_0,electronics,579.6476089255076,111.6948135068927,pending,2024-07-12
5586,Product_5586_0,books,509.59176107645436,306.22944327151976,inactive,2024-05-12
5587,Product_5587_0,home,338.8244131947173,395.02858466162604,inactive,2024-05-12
5588,Product_5588_0,sports,922.3269716694379,337.6478115779602,archived,2024-02-27
5589,Product_5589_0,clothing,90.06480581205112,62.32028489922231,pending,2024-09-26
5590,Product_5590_0,electronics,814.2046058265169,71.7995302555868,pending,2024-09-14
5591,Product_5591_0,home,59.98499818332072,95.84198752301228,archived,2024-11-15
5592,Product_5592_0,clothing,914.225094813779,469.7716533316516,inactive,2024-05-24
5593,Product_5593_0,clothing,572.9197182380602,53.393544557639196,pending,2024-08-19
5594,Product_5594_0,sports,148.242577636234,365.71025924206924,inactive,2024-03-09
5595,Product_5595_0,electronics,223.83074135152523,110.2637441144331,active,2024-02-16
5596,Product_5596_0,sports,602.4218637290745,458.97320797916046,inactive,2024-12-08
5597,Product_5597_0,sports,880.0465562425702,10.23670985842209,inactive,2024-08-24
5598,Product_5598_0,clothing,418.12313980913297,262.06685297413355,archived,2024-04-27
5599,Product_5599_0,clothing,685.9978806903003,265.20237125019696,inactive,2024-12-08
5600,Product_5600_0,electronics,865.9269819641107,355.0124099227198,archived,2024-06-27
5601,Product_5601_0,sports,942.0283845820707,29.079102621433403,inactive,2024-09-09
5602,Product_5602_0,electronics,445.51720609818886,468.86470054333665,pending,2024-05-03
5603,Product_5603_0,electronics,983.690730442952,234.08283905482224,pending,2024-02-25
5604,Product_5604_0,books,330.9969020636126,427.9863935716185,active,2024-08-05
5605,Product_5605_0,clothing,329.0160831926529,159.88731263174427,active,2024-12-04
5606,Product_5606_0,electronics,232.9915305463416,428.16416292517226,active,2024-07-02
5607,Product_5607_0,clothing,386.85593428917997,33.68275111218507,active,2024-11-14
5608,Product_5608_0,clothing,356.9249058743836,484.57867146226704,inactive,2024-11-01
5609,Product_5609_0,electronics,91.28614163485383,57.60993241104507,inactive,2024-03-16
5610,Product_5610_0,books,872.1297832067283,61.70270535286136,inactive,2024-04-19
5611,Product_5611_0,home,259.0166582981571,33.75170889388076,archived,2024-05-11
5612,Product_5612_0,electronics,218.61580302922596,121.48773068721424,pending,2024-03-15
5613,Product_5613_0,sports,446.8442319862548,384.3825038913087,active,2024-01-21
5614,Product_5614_0,books,352.35532885270425,75.58229747811669,inactive,2024-10-09
5615,Product_5615_0,clothing,691.4591348605343,423.9827654275291,pending,2024-08-15
5616,Product_5616_0,books,422.88220539655794,33.176555626989,archived,2024-07-17
5617,Product_5617_0,clothing,81.92056139505995,60.41270002579331,pending,2024-05-01
5618,Product_5618_0,books,184.2664006784274,411.41989474254297,active,2024-09-25
5619,Product_5619_0,books,321.36266588668667,469.3251560329596,pending,2024-07-06
5620,Product_5620_0,electronics,630.1677642766836,21.37023926910755,inactive,2024-03-20
5621,Product_5621_0,books,525.5673964522625,317.9174268996438,inactive,2024-12-09
5622,Product_5622_0,clothing,126.84402349181295,359.2655777771638,inactive,2024-09-12
5623,Product_5623_0,clothing,350.82775438105034,400.38273118259735,active,2024-03-21
5624,Product_5624_0,home,718.992515845738,229.203001191275,active,2024-05-14
5625,Product_5625_0,books,93.54949119142073,336.80366119498524,inactive,2024-07-02
5626,Product_5626_0,clothing,888.5307178816939,337.0772180587996,archived,2024-12-18
5627,Product_5627_0,sports,613.5772633445387,172.94511929216503,archived,2024-06-24
5628,Product_5628_0,electronics,384.6376412765271,274.2608928838985,inactive,2024-06-02
5629,Product_5629_0,books,799.5562942248879,343.23881001384996,archived,2024-08-02
5630,Product_5630_0,home,857.7163022630855,411.14427833055925,archived,2024-02-24
5631,Product_5631_0,sports,182.163409818379,281.72672521643943,archived,2024-04-24
5632,Product_5632_0,home,793.3103761329143,115.38273450163615,inactive,2024-12-09
5633,Product_5633_0,clothing,804.9768096236432,421.6684661289755,inactive,2024-12-24
5634,Product_5634_0,home,129.3361430927929,450.5334183515719,pending,2024-05-27
5635,Product_5635_0,sports,814.2599887089939,443.59790941347273,inactive,2024-03-18
5636,Product_5636_0,electronics,963.8587642056946,43.49607135143315,active,2024-05-13
5637,Product_5637_0,clothing,56.25617178752769,457.48786527119296,inactive,2024-11-19
5638,Product_5638_0,books,464.3626618059367,282.4968217557326,pending,2024-02-18
5639,Product_5639_0,home,195.043916421622,60.65590204371078,inactive,2024-02-21
5640,Product_5640_0,home,300.51086502418826,244.07510492631903,active,2024-03-19
5641,Product_5641_0,books,535.8135889135069,441.85180711255725,archived,2024-07-22
5642,Product_5642_0,books,607.4491841863951,434.4771958766344,archived,2024-04-11
5643,Product_5643_0,home,897.0501461369138,347.7262846559856,pending,2024-03-09
5644,Product_5644_0,sports,968.366587191255,494.9877798682991,active,2024-11-08
5645,Product_5645_0,electronics,123.77188243988907,187.57810843031314,inactive,2024-10-11
5646,Product_5646_0,electronics,773.9325016843785,430.0596325034595,archived,2024-06-22
5647,Product_5647_0,books,533.5069209584615,19.96018669232791,active,2024-06-05
5648,Product_5648_0,books,52.217638609828576,162.93417349955874,archived,2024-03-25
5649,Product_5649_0,sports,556.5493547222911,35.70106974925163,pending,2024-07-12
5650,Product_5650_0,clothing,456.94670487808366,467.7343489011458,pending,2024-01-11
5651,Product_5651_0,books,300.03443405840335,105.82000742738339,active,2024-02-16
5652,Product_5652_0,electronics,141.01041203258748,412.772537805478,pending,2024-05-20
5653,Product_5653_0,electronics,788.0967625622735,74.6173254549476,inactive,2024-03-22
5654,Product_5654_0,clothing,4.432947023509849,133.3227621757693,active,2024-03-14
5655,Product_5655_0,sports,74.2164709328989,88.83846742811042,pending,2024-08-01
5656,Product_5656_0,sports,114.88843833072485,239.648244815783,archived,2024-03-25
5657,Product_5657_0,clothing,215.35288770070719,120.77557857292324,active,2024-02-09
5658,Product_5658_0,books,380.33496880989304,206.95172185817967,archived,2024-07-12
5659,Product_5659_0,electronics,607.5214984248838,467.5058606291628,active,2024-12-10
5660,Product_5660_0,sports,119.22239900301796,90.72222062643475,pending,2024-10-06
5661,Product_5661_0,books,126.68422321193152,26.69468795017483,inactive,2024-09-14
5662,Product_5662_0,clothing,789.2753500632226,174.49733427131193,pending,2024-04-16
5663,Product_5663_0,home,99.21263057177184,438.5513225471476,inactive,2024-04-24
5664,Product_5664_0,clothing,169.45458798029512,460.9592087294063,pending,2024-09-18
5665,Product_5665_0,home,422.23463444899505,85.24713829426314,archived,2024-08-18
5666,Product_5666_0,electronics,806.8261228547052,128.195170761002,inactive,2024-10-15
5667,Product_5667_0,clothing,848.6678906177904,414.05210882290186,archived,2024-08-19
5668,Product_5668_0,books,172.32393420276733,341.6452146369708,pending,2024-07-12
5669,Product_5669_0,electronics,500.28833289526403,283.00768447516106,active,2024-11-06
5670,Product_5670_0,clothing,987.5418283902839,195.56111292549156,pending,2024-05-03
5671,Product_5671_0,electronics,447.2924642603427,451.2560680194152,inactive,2024-03-11
5672,Product_5672_0,electronics,98.76095930746723,418.8631722809786,inactive,2024-12-07
5673,Product_5673_0,clothing,908.8233134843822,81.19427538561993,inactive,2024-01-23
5674,Product_5674_0,sports,715.5567756650768,385.65211530230107,archived,2024-05-18
5675,Product_5675_0,books,474.82713048887564,189.129726757657,archived,2024-04-17
5676,Product_5676_0,clothing,607.5929019889711,195.65942273034145,archived,2024-09-20
5677,Product_5677_0,clothing,452.2142532135794,150.75897463375182,archived,2024-02-25
5678,Product_5678_0,clothing,761.1547623875089,415.35200619728175,inactive,2024-03-27
5679,Product_5679_0,sports,117.93359623628152,497.7780022473426,archived,2024-04-25
5680,Product_5680_0,sports,709.6634291624754,241.05639233695865,archived,2024-01-28
5681,Product_5681_0,books,920.249065970949,291.8154964842773,active,2024-05-11
5682,Product_5682_0,clothing,933.9096353949778,168.73616270039966,inactive,2024-01-24
5683,Product_5683_0,books,349.7892513867913,464.0913686173846,active,2024-03-24
5684,Product_5684_0,books,446.1394294939804,77.72307579866415,archived,2024-05-02
5685,Product_5685_0,electronics,161.31620138451103,291.7143166121852,archived,2024-05-01
5686,Product_5686_0,electronics,161.0973028180672,141.1250194386624,archived,2024-05-23
5687,Product_5687_0,clothing,307.1752024712953,206.5228419408013,pending,2024-03-23
5688,Product_5688_0,home,401.6153026637982,120.79842266587136,inactive,2024-09-20
5689,Product_5689_0,electronics,16.999429560555285,491.0871350561906,pending,2024-09-04
5690,Product_5690_0,home,414.47454530524845,434.59559632973884,archived,2024-11-09
5691,Product_5691_0,home,45.3054170984041,257.4294913401207,inactive,2024-03-24
5692,Product_5692_0,electronics,439.4675374196065,74.98739115192166,inactive,2024-03-06
5693,Product_5693_0,sports,652.4544820655468,425.2906979585786,inactive,2024-02-02
5694,Product_5694_0,books,156.56170178494713,451.8164826510421,archived,2024-11-02
5695,Product_5695_0,clothing,528.4737491309269,490.91096292175115,active,2024-11-08
5696,Product_5696_0,clothing,958.3485816128976,73.69262627949512,archived,2024-01-04
5697,Product_5697_0,electronics,894.0239228408207,104.92527526981004,pending,2024-02-11
5698,Product_5698_0,books,818.5655265016053,161.4716834981358,inactive,2024-10-06
5699,Product_5699_0,sports,256.6764647166159,416.99224441189574,archived,2024-06-10
5700,Product_5700_0,home,681.6915491500699,54.095158762896965,inactive,2024-07-10
5701,Product_5701_0,home,108.80054980443943,433.048012888368,active,2024-12-21
5702,Product_5702_0,clothing,371.71044418345116,472.158011246786,active,2024-10-16
5703,Product_5703_0,home,474.40283053225943,258.2725074715224,inactive,2024-08-19
5704,Product_5704_0,sports,592.8052325724262,423.1077652052959,archived,2024-10-07
5705,Product_5705_0,home,351.07471745679675,44.30902255274811,inactive,2024-10-27
5706,Product_5706_0,home,520.1594867752574,81.15076289941142,inactive,2024-04-05
5707,Product_5707_0,books,750.5102424195691,107.63919331959345,archived,2024-02-26
5708,Product_5708_0,books,858.1699527162723,219.9989081288361,archived,2024-01-13
5709,Product_5709_0,books,525.6046144759982,56.6177527046305,archived,2024-03-15
5710,Product_5710_0,sports,497.961100286529,156.87602181224565,archived,2024-08-14
5711,Product_5711_0,clothing,144.28676621872705,418.4826235391138,pending,2024-03-08
5712,Product_5712_0,sports,339.2134542093204,222.52231180186774,pending,2024-08-22
5713,Product_5713_0,clothing,117.83524973858151,205.44252174103508,active,2024-08-04
5714,Product_5714_0,clothing,374.16542731068716,377.6580088967294,active,2024-02-26
5715,Product_5715_0,electronics,980.8142048013225,431.15162134166246,active,2024-10-07
5716,Product_5716_0,electronics,779.5538056779955,363.66078661707786,active,2024-12-16
5717,Product_5717_0,home,898.6709794497667,48.18615736402536,inactive,2024-05-25
5718,Product_5718_0,sports,82.73500659142114,278.74047173333395,pending,2024-09-17
5719,Product_5719_0,home,394.474695296603,312.09114231178614,archived,2024-08-19
5720,Product_5720_0,electronics,779.783096578133,471.954538006636,archived,2024-11-18
5721,Product_5721_0,home,411.6150464513412,10.543995531846292,pending,2024-06-04
5722,Product_5722_0,sports,630.540054363577,196.50547520975528,pending,2024-10-06
5723,Product_5723_0,electronics,988.850652535678,165.19448661825393,inactive,2024-11-15
5724,Product_5724_0,clothing,376.1424583871168,366.93571974900243,inactive,2024-09-04
5725,Product_5725_0,clothing,859.5355057438575,449.97626477233877,inactive,2024-02-17
5726,Product_5726_0,home,278.8348798151897,205.87799667439077,archived,2024-08-07
5727,Product_5727_0,sports,428.54651179542515,412.7158858922709,archived,2024-11-21
5728,Product_5728_0,books,924.1041716311857,479.3584663863857,pending,2024-08-16
5729,Product_5729_0,clothing,831.2036602030531,135.32924344894843,pending,2024-12-25
5730,Product_5730_0,books,878.4069049256498,94.34450592981263,active,2024-03-07
5731,Product_5731_0,clothing,481.2028231649845,250.6821685651857,pending,2024-08-04
5732,Product_5732_0,electronics,288.0700293122264,105.04872654474586,pending,2024-08-02
5733,Product_5733_0,clothing,836.3551139252954,62.104798629442364,active,2024-09-12
5734,Product_5734_0,home,929.1153229358845,383.6627313869956,active,2024-03-13
5735,Product_5735_0,sports,21.027315270689197,203.12763661222561,pending,2024-05-12
5736,Product_5736_0,home,350.169225959782,454.72373661969726,pending,2024-03-11
5737,Product_5737_0,home,54.72709099263903,372.86169856202986,pending,2024-08-01
5738,Product_5738_0,home,970.9175534652778,105.70034351224011,inactive,2024-05-04
5739,Product_5739_0,electronics,243.26756118585521,246.75614554721417,active,2024-12-19
5740,Product_5740_0,books,819.0694439021455,175.7837675218756,inactive,2024-07-09
5741,Product_5741_0,sports,302.3937015066917,232.16970709819435,inactive,2024-06-25
5742,Product_5742_0,books,102.3121696015451,268.6715778443545,inactive,2024-07-18
5743,Product_5743_0,home,8.84487863952747,395.0079175640053,pending,2024-02-21
5744,Product_5744_0,books,241.70707057479206,112.93754969604585,archived,2024-08-24
5745,Product_5745_0,electronics,124.22498856306886,26.329796816663045,archived,2024-08-27
5746,Product_5746_0,books,265.9600594514878,66.53492682850099,archived,2024-12-19
5747,Product_5747_0,sports,553.4803586858397,482.0305410023677,archived,2024-03-07
5748,Product_5748_0,electronics,167.8249919279021,217.67030274300524,archived,2024-09-10
5749,Product_5749_0,clothing,404.6899288589185,237.25754672616037,pending,2024-08-21
5750,Product_5750_0,sports,35.30951299749137,266.53344116032935,archived,2024-07-16
5751,Product_5751_0,sports,590.6160907176,442.6636540907976,archived,2024-04-06
5752,Product_5752_0,electronics,604.7102172893691,409.79035772393206,archived,2024-04-22
5753,Product_5753_0,electronics,730.5177418729386,182.3140550868538,active,2024-12-20
5754,Product_5754_0,electronics,353.69807330587565,486.7369762174913,archived,2024-01-14
5755,Product_5755_0,home,795.5578563198255,202.23312416635048,active,2024-06-28
5756,Product_5756_0,books,283.495746402334,420.45703824352944,active,2024-08-22
5757,Product_5757_0,clothing,321.7949891047861,227.18737220393962,archived,2024-03-25
5758,Product_5758_0,clothing,319.1332454192226,293.18840457947766,inactive,2024-10-01
5759,Product_5759_0,electronics,945.0180095494319,207.47296546102444,active,2024-11-28
5760,Product_5760_0,electronics,823.4759051280251,399.0022157397661,inactive,2024-07-19
5761,Product_5761_0,books,290.1506730419651,119.4702429443051,pending,2024-07-19
5762,Product_5762_0,sports,893.6586600748415,324.51158878869654,inactive,2024-10-21
5763,Product_5763_0,electronics,744.1381649532264,49.826662691362195,inactive,2024-03-21
5764,Product_5764_0,books,775.0530556287528,294.27280968479903,active,2024-06-19
5765,Product_5765_0,home,106.31638143075432,463.2035865512643,inactive,2024-04-13
5766,Product_5766_0,electronics,15.113494367229357,67.61974486526856,inactive,2024-09-05
5767,Product_5767_0,clothing,964.1247417296447,238.56506370157038,active,2024-07-25
5768,Product_5768_0,electronics,455.4017580752585,398.8756657374771,inactive,2024-02-22
5769,Product_5769_0,books,230.64472312011353,327.92385823323696,archived,2024-08-05
5770,Product_5770_0,sports,972.6497707913168,171.99285877792138,pending,2024-01-07
5771,Product_5771_0,books,231.91173533432743,273.84195193517144,pending,2024-02-13
5772,Product_5772_0,books,305.4999569769274,102.72918681629535,pending,2024-10-16
5773,Product_5773_0,electronics,551.5520499432819,115.08040906666693,inactive,2024-09-21
5774,Product_5774_0,books,432.4009724943077,273.18170413309247,active,2024-11-26
5775,Product_5775_0,home,194.12686760892706,410.8715552751287,inactive,2024-03-08
5776,Product_5776_0,sports,459.9079832302497,78.25070137167081,inactive,2024-03-17
5777,Product_5777_0,clothing,415.095788438646,387.41335356817603,pending,2024-02-18
5778,Product_5778_0,home,454.74917324841624,177.57151796760883,archived,2024-12-22
5779,Product_5779_0,clothing,746.0807716249668,186.35878059305782,inactive,2024-01-14
5780,Product_5780_0,clothing,943.2925351407303,490.1153838407515,archived,2024-01-04
5781,Product_5781_0,sports,508.93546263251676,304.4849753924965,active,2024-04-07
5782,Product_5782_0,home,632.1708807905594,250.24893480118263,pending,2024-04-01
5783,Product_5783_0,electronics,870.2806767061038,343.1839259995865,inactive,2024-09-15
5784,Product_5784_0,sports,818.7973201158952,142.49070181713432,inactive,2024-12-19
5785,Product_5785_0,home,176.3723765791685,256.6595782608764,pending,2024-12-20
5786,Product_5786_0,sports,579.1265655178414,353.97607375165757,inactive,2024-09-03
5787,Product_5787_0,electronics,798.3654763040851,249.8436657093531,pending,2024-09-10
5788,Product_5788_0,electronics,676.0967267717691,366.6615693379091,pending,2024-04-27
5789,Product_5789_0,electronics,158.8758074505512,266.4335750722876,pending,2024-12-24
5790,Product_5790_0,clothing,842.6608622863153,170.38199185585412,inactive,2024-07-27
5791,Product_5791_0,sports,802.1223372224039,189.08250804988427,inactive,2024-06-23
5792,Product_5792_0,sports,973.915627559742,446.263829891016,archived,2024-09-09
5793,Product_5793_0,books,195.8098562463433,257.73227907638596,inactive,2024-07-15
5794,Product_5794_0,electronics,598.4407291632682,53.571373613665955,archived,2024-05-23
5795,Product_5795_0,clothing,23.34923135369044,280.26247750453115,inactive,2024-01-09
5796,Product_5796_0,clothing,994.980275256924,243.1482463588146,archived,2024-09-07
5797,Product_5797_0,clothing,494.32201390980066,218.077846464224,active,2024-02-16
5798,Product_5798_0,clothing,899.4662787287805,91.51818715305004,archived,2024-02-04
5799,Product_5799_0,electronics,281.64975512486126,136.56610114456123,inactive,2024-04-02
5800,Product_5800_0,electronics,333.6507870756343,26.14026157382169,archived,2024-04-14
5801,Product_5801_0,books,611.290698181638,348.57246079137195,archived,2024-08-07
5802,Product_5802_0,sports,9.67407713441092,38.5780403480226,archived,2024-01-11
5803,Product_5803_0,clothing,779.4643115045443,417.4069224484528,archived,2024-02-02
5804,Product_5804_0,sports,769.6818638293339,496.7081937186259,pending,2024-11-28
5805,Product_5805_0,sports,271.6057848220703,341.51234843610723,active,2024-02-01
5806,Product_5806_0,sports,646.2910518019216,438.7592494139482,inactive,2024-07-16
5807,Product_5807_0,home,314.9669863021893,253.11779562453614,active,2024-08-14
5808,Product_5808_0,clothing,906.3952536315871,30.25750342021065,pending,2024-12-09
5809,Product_5809_0,clothing,168.1617423794376,264.1602286437003,pending,2024-01-23
5810,Product_5810_0,clothing,284.0562894810994,195.42259880711032,pending,2024-09-01
5811,Product_5811_0,home,977.2488192976714,336.94528948260177,pending,2024-07-10
5812,Product_5812_0,electronics,609.9331804262505,118.75725724958818,pending,2024-11-17
5813,Product_5813_0,books,137.07777261845484,456.74596937717195,inactive,2024-11-28
5814,Product_5814_0,sports,342.07115100761723,468.99654045696167,active,2024-11-11
5815,Product_5815_0,clothing,176.30813756823508,154.79533277957344,pending,2024-09-18
5816,Product_5816_0,clothing,750.5944517694112,33.08567246260277,active,2024-07-23
5817,Product_5817_0,clothing,131.3458980012131,436.86752624929466,active,2024-02-20
5818,Product_5818_0,clothing,163.31239587372707,318.4382787207958,inactive,2024-01-27
5819,Product_5819_0,electronics,16.056367129096355,51.96336941229493,pending,2024-08-04
5820,Product_5820_0,books,650.7373570183203,481.87964218865307,archived,2024-06-18
5821,Product_5821_0,home,276.63478771005157,379.0431020560726,inactive,2024-03-01
5822,Product_5822_0,home,259.7348476402355,337.50301414008715,inactive,2024-10-02
5823,Product_5823_0,sports,653.9329422440996,429.1460522084497,inactive,2024-07-26
5824,Product_5824_0,home,196.93974982702846,96.05112721187571,inactive,2024-04-05
5825,Product_5825_0,clothing,969.5265376014222,333.30119501412474,archived,2024-01-04
5826,Product_5826_0,clothing,779.4483957738184,121.64574618101352,pending,2024-01-11
5827,Product_5827_0,home,540.8449031631536,478.73483847082673,pending,2024-11-02
5828,Product_5828_0,electronics,917.0935127862191,215.08716376125074,inactive,2024-01-17
5829,Product_5829_0,sports,689.8149408047024,389.42663965403386,pending,2024-09-19
5830,Product_5830_0,clothing,574.8966837644396,295.1615419838599,active,2024-06-13
5831,Product_5831_0,clothing,374.03062369558575,98.2055885352968,inactive,2024-03-09
5832,Product_5832_0,electronics,210.58098586998364,452.0689827003075,archived,2024-06-16
5833,Product_5833_0,sports,243.04808364471015,392.0664405426657,pending,2024-04-13
5834,Product_5834_0,books,760.3956689574269,116.08809603409397,archived,2024-11-04
5835,Product_5835_0,books,168.83494273014614,327.4574226504846,inactive,2024-08-14
5836,Product_5836_0,clothing,960.2125074269389,16.558396057434425,active,2024-01-08
5837,Product_5837_0,clothing,685.8537657893789,485.23822751055116,active,2024-12-25
5838,Product_5838_0,books,314.0456094867156,290.0522262169303,pending,2024-01-24
5839,Product_5839_0,clothing,544.2895010391371,399.0248054745867,pending,2024-04-17
5840,Product_5840_0,home,897.2269307865769,228.76963212848437,inactive,2024-02-28
5841,Product_5841_0,sports,914.6031330061667,273.24398806033383,active,2024-12-18
5842,Product_5842_0,books,633.5904061752472,452.85648839265144,active,2024-12-23
5843,Product_5843_0,books,619.5485128565778,93.53276825912822,archived,2024-05-12
5844,Product_5844_0,books,476.45603391032756,404.73167806210853,inactive,2024-10-07
5845,Product_5845_0,sports,504.18438778668406,10.1925313052872,archived,2024-08-17
5846,Product_5846_0,sports,114.31260859580632,43.00743925723065,inactive,2024-11-19
5847,Product_5847_0,home,33.352917996440134,56.21209877557731,archived,2024-08-22
5848,Product_5848_0,books,86.69660505788285,205.10023811201557,archived,2024-06-21
5849,Product_5849_0,clothing,250.37450578585845,140.99118512494522,archived,2024-08-05
5850,Product_5850_0,books,425.9608504819781,213.44666470785808,inactive,2024-01-26
5851,Product_5851_0,clothing,331.3865352821127,216.4245303618392,inactive,2024-04-03
5852,Product_5852_0,clothing,915.8663585199535,89.6929811717064,active,2024-01-22
5853,Product_5853_0,sports,206.05443822748867,17.54458067535674,archived,2024-01-12
5854,Product_5854_0,home,464.60232131716975,303.7899466736073,pending,2024-05-20
5855,Product_5855_0,electronics,550.6871127119867,193.25424758942734,archived,2024-09-21
5856,Product_5856_0,home,65.78070885217521,451.0066008361511,inactive,2024-01-21
5857,Product_5857_0,books,786.4717738957158,296.03215168049144,archived,2024-08-17
5858,Product_5858_0,sports,275.39743113802507,478.8531637148329,inactive,2024-07-21
5859,Product_5859_0,sports,402.69718029973336,417.180260197564,pending,2024-02-07
5860,Product_5860_0,home,764.7541735603238,427.84114163642306,pending,2024-04-13
5861,Product_5861_0,books,648.2453566856809,420.4125271485521,archived,2024-06-18
5862,Product_5862_0,sports,400.8370744504252,477.4921654758414,inactive,2024-08-05
5863,Product_5863_0,home,899.0537414567335,57.51953088072157,archived,2024-01-10
5864,Product_5864_0,clothing,760.7059505728402,171.4632821262752,active,2024-04-16
5865,Product_5865_0,books,350.8136378694387,12.33866635706729,inactive,2024-08-17
5866,Product_5866_0,books,735.6348560093845,101.28871937929205,inactive,2024-09-22
5867,Product_5867_0,books,481.62672045571543,461.0082321312002,active,2024-05-27
5868,Product_5868_0,home,734.3662535175549,90.8946209691731,inactive,2024-01-17
5869,Product_5869_0,sports,503.5737677318223,432.44416298400824,inactive,2024-12-26
5870,Product_5870_0,books,618.335126296042,84.53743861477045,archived,2024-03-08
5871,Product_5871_0,sports,217.01396137948288,423.909059260425,active,2024-03-25
5872,Product_5872_0,books,672.1497272919265,414.4660410889894,archived,2024-03-27
5873,Product_5873_0,books,694.4581696278283,237.12116889871788,pending,2024-11-08
5874,Product_5874_0,home,553.1479738798295,202.55369908401408,inactive,2024-12-01
5875,Product_5875_0,clothing,608.539398513785,196.7224803220661,active,2024-08-26
5876,Product_5876_0,electronics,849.7019581080324,144.61821697960164,pending,2024-01-03
5877,Product_5877_0,home,562.6774367808804,86.57242583811323,inactive,2024-10-18
5878,Product_5878_0,clothing,67.95269491652193,181.5275544433973,inactive,2024-12-14
5879,Product_5879_0,books,15.955397761323063,471.1455313705515,active,2024-11-18
5880,Product_5880_0,home,988.3161830635454,387.690368814077,archived,2024-09-25
5881,Product_5881_0,books,60.187045332910564,44.12308344361275,inactive,2024-05-04
5882,Product_5882_0,books,493.8308917527596,189.40172997117054,pending,2024-01-15
5883,Product_5883_0,books,158.93920619335262,33.59061931039457,inactive,2024-02-22
5884,Product_5884_0,home,389.4770126996878,193.65646587218453,active,2024-12-07
5885,Product_5885_0,home,188.10956178948592,51.711584716711144,active,2024-07-17
5886,Product_5886_0,sports,755.0101374045498,202.97450417061924,active,2024-05-11
5887,Product_5887_0,clothing,127.14813976988297,333.26448581869334,inactive,2024-05-03
5888,Product_5888_0,sports,37.47609958449109,474.8829168995195,active,2024-05-10
5889,Product_5889_0,home,624.8772837650191,75.09199519273383,active,2024-01-28
5890,Product_5890_0,electronics,152.45380330123393,280.15537345651086,archived,2024-11-28
5891,Product_5891_0,books,346.1649047190342,256.24745232492864,pending,2024-12-05
5892,Product_5892_0,home,811.4995607959823,11.32487523245035,archived,2024-09-07
5893,Product_5893_0,books,254.98931143573597,181.46955452123538,active,2024-10-05
5894,Product_5894_0,books,861.500179453925,472.1446850886215,pending,2024-06-28
5895,Product_5895_0,sports,83.02066828086451,447.3318378732078,inactive,2024-04-26
5896,Product_5896_0,clothing,119.33827422840635,167.6945426538105,active,2024-06-05
5897,Product_5897_0,electronics,332.5005294956783,456.1084551362987,inactive,2024-03-15
5898,Product_5898_0,home,544.9575000070511,167.20956066019687,active,2024-05-15
5899,Product_5899_0,sports,445.9113660266837,35.672416581923066,inactive,2024-03-16
5900,Product_5900_0,books,673.6784361247376,167.88871680474983,inactive,2024-09-11
5901,Product_5901_0,electronics,668.4836668108167,384.82069506244324,active,2024-11-22
5902,Product_5902_0,clothing,834.7024317782345,263.92767150410396,active,2024-11-05
5903,Product_5903_0,clothing,653.2257565813414,408.31249508958916,active,2024-08-28
5904,Product_5904_0,sports,723.8926295152442,235.86982875178015,archived,2024-10-21
5905,Product_5905_0,home,893.0788113057844,489.95931881234594,archived,2024-05-21
5906,Product_5906_0,sports,212.44193599469023,35.36058806533657,pending,2024-10-18
5907,Product_5907_0,electronics,576.957836154656,185.403767916756,archived,2024-03-07
5908,Product_5908_0,clothing,185.38124265822023,431.7429807373935,active,2024-07-21
5909,Product_5909_0,electronics,871.967665612548,172.5201722097452,archived,2024-04-23
5910,Product_5910_0,electronics,364.7696756086571,122.4417756280809,inactive,2024-01-20
5911,Product_5911_0,electronics,279.32025842087785,65.72162867121364,active,2024-09-21
5912,Product_5912_0,home,404.98069219108305,76.95742636163027,archived,2024-12-02
5913,Product_5913_0,books,864.8332366501098,429.3146301667922,active,2024-08-09
5914,Product_5914_0,clothing,247.65885157797388,114.39966277220137,pending,2024-12-20
5915,Product_5915_0,sports,482.51050990075555,228.328414979407,active,2024-07-03
5916,Product_5916_0,electronics,514.4775499442853,344.1000482367943,archived,2024-02-22
5917,Product_5917_0,home,729.0624590736022,242.36717213106775,active,2024-06-19
5918,Product_5918_0,electronics,13.369893688496603,213.74107276727966,archived,2024-07-19
5919,Product_5919_0,home,19.73827855779199,11.74054561541691,archived,2024-03-27
5920,Product_5920_0,electronics,448.38151107267333,166.60992211567066,active,2024-10-01
5921,Product_5921_0,books,639.8542999389043,479.39943374684776,active,2024-08-12
5922,Product_5922_0,books,615.2317646183526,186.1549087000977,archived,2024-10-21
5923,Product_5923_0,sports,74.71558617022559,143.829387763502,pending,2024-12-09
5924,Product_5924_0,electronics,380.3873571016709,175.7412590841637,inactive,2024-12-08
5925,Product_5925_0,home,917.2661817246399,480.56382463925274,archived,2024-02-04
5926,Product_5926_0,sports,672.8035631088121,313.9184329179291,active,2024-08-20
5927,Product_5927_0,electronics,348.9783746008953,464.2975505776366,pending,2024-12-24
5928,Product_5928_0,electronics,805.6530197517282,419.77185548669183,archived,2024-09-05
5929,Product_5929_0,electronics,988.9571994276266,344.38126010572535,inactive,2024-07-25
5930,Product_5930_0,books,619.4646853223841,347.9112833503209,pending,2024-06-10
5931,Product_5931_0,clothing,631.894758038217,480.826194822855,inactive,2024-04-28
5932,Product_5932_0,books,835.6739222384521,375.00801348152356,active,2024-10-18
5933,Product_5933_0,books,471.68232047172484,16.18140287916905,pending,2024-05-25
5934,Product_5934_0,books,6.587850617814686,199.9897219683316,inactive,2024-08-04
5935,Product_5935_0,electronics,656.7856735393584,121.79500308430113,inactive,2024-04-07
5936,Product_5936_0,sports,988.9115278169714,34.85250742422597,pending,2024-03-17
5937,Product_5937_0,books,291.8167015763636,348.5082958768884,archived,2024-03-05
5938,Product_5938_0,clothing,274.5434302254515,271.15660680075223,archived,2024-10-02
5939,Product_5939_0,sports,718.5520664180322,247.40240946018278,inactive,2024-02-06
5940,Product_5940_0,clothing,691.9978599413843,436.67041445307694,pending,2024-09-18
5941,Product_5941_0,sports,63.64063403415747,182.24743716642516,inactive,2024-12-05
5942,Product_5942_0,home,67.29451373534614,91.47590069352935,active,2024-02-27
5943,Product_5943_0,home,66.96394462157993,428.90952621465266,pending,2024-03-10
5944,Product_5944_0,home,625.0572037701604,451.57255540499455,inactive,2024-07-15
5945,Product_5945_0,home,938.7364363242787,230.49496706179545,active,2024-04-15
5946,Product_5946_0,sports,262.83863561134626,336.07266881426295,pending,2024-03-17
5947,Product_5947_0,sports,313.656342169157,28.569991265207435,pending,2024-12-06
5948,Product_5948_0,electronics,123.4676622222079,263.5623246287961,active,2024-05-27
5949,Product_5949_0,books,211.15326011796589,350.10796209681604,active,2024-05-10
5950,Product_5950_0,sports,983.1461640551186,399.6439062745922,archived,2024-12-27
5951,Product_5951_0,clothing,618.5680997692423,160.10148890227467,archived,2024-04-20
5952,Product_5952_0,clothing,485.8854670713741,394.0362469480424,active,2024-06-25
5953,Product_5953_0,electronics,304.34687917974446,476.5380263360057,inactive,2024-09-10
5954,Product_5954_0,home,893.6951780502644,91.66220208111288,archived,2024-08-10
5955,Product_5955_0,home,627.384850696393,91.41732359972524,active,2024-09-14
5956,Product_5956_0,electronics,908.660956060539,381.4499484770645,archived,2024-04-18
5957,Product_5957_0,home,915.1867084491432,304.71876410563834,active,2024-10-21
5958,Product_5958_0,home,874.8950080786312,392.4086394500231,pending,2024-03-06
5959,Product_5959_0,sports,557.4820076800737,78.18894285617603,active,2024-11-07
5960,Product_5960_0,sports,896.412552296193,280.50475611686215,inactive,2024-09-19
5961,Product_5961_0,books,206.40099497845492,21.824811054090336,pending,2024-12-24
5962,Product_5962_0,home,821.8902403440202,116.7459364213054,inactive,2024-02-10
5963,Product_5963_0,books,214.398583781265,36.33551868374025,archived,2024-12-10
5964,Product_5964_0,electronics,562.9247267245314,46.87468380395,inactive,2024-01-01
5965,Product_5965_0,books,784.2717647958947,356.64003000019136,pending,2024-11-06
5966,Product_5966_0,clothing,225.89469119341473,91.26553927770468,inactive,2024-10-01
5967,Product_5967_0,clothing,550.1033040572025,230.92583484763128,archived,2024-01-02
5968,Product_5968_0,books,368.5700567619902,25.291040323700976,inactive,2024-01-20
5969,Product_5969_0,books,405.52133562300025,82.81031518287406,archived,2024-08-27
5970,Product_5970_0,clothing,31.827894616998105,82.11558726942494,pending,2024-05-25
5971,Product_5971_0,clothing,65.01235851783346,173.2077256297469,archived,2024-12-08
5972,Product_5972_0,home,891.5279463105105,249.0425043713949,inactive,2024-07-03
5973,Product_5973_0,sports,486.6429908447801,164.61896032998163,pending,2024-03-19
5974,Product_5974_0,electronics,277.8232298008191,153.37768777630183,active,2024-03-28
5975,Product_5975_0,home,54.94470511040523,435.3574046418396,pending,2024-05-13
5976,Product_5976_0,home,408.72621063951505,105.19919621108123,active,2024-02-13
5977,Product_5977_0,clothing,693.6100821699685,492.1993909842367,pending,2024-12-09
5978,Product_5978_0,clothing,929.2924252923444,348.72521411268997,pending,2024-06-05
5979,Product_5979_0,clothing,639.4145622505685,495.00952321016183,pending,2024-02-13
5980,Product_5980_0,home,747.0098251520025,105.21251769254762,active,2024-12-24
5981,Product_5981_0,home,479.18908129783074,482.48505443573805,active,2024-09-24
5982,Product_5982_0,books,496.1447307122121,167.93288847090193,pending,2024-02-28
5983,Product_5983_0,books,127.22215897057731,221.6668059869132,archived,2024-11-11
5984,Product_5984_0,home,802.5675441764433,240.48667343102423,active,2024-10-27
5985,Product_5985_0,home,971.7098799982238,430.5758618196202,pending,2024-09-22
5986,Product_5986_0,clothing,406.3359925653212,423.2238648372893,active,2024-08-12
5987,Product_5987_0,electronics,551.1998851257282,295.39745335645694,inactive,2024-10-06
5988,Product_5988_0,electronics,677.1027363627643,86.07998543631862,inactive,2024-05-15
5989,Product_5989_0,home,703.6540760846017,136.90880122168517,inactive,2024-07-20
5990,Product_5990_0,books,753.5992291436169,93.57172819032245,pending,2024-01-17
5991,Product_5991_0,home,846.6187702088226,467.00606034439545,active,2024-06-07
5992,Product_5992_0,sports,202.070572897862,360.7760917773441,archived,2024-08-17
5993,Product_5993_0,books,231.64189278819006,184.21546141770645,active,2024-07-01
5994,Product_5994_0,books,534.121692009615,149.715369272427,archived,2024-05-04
5995,Product_5995_0,electronics,438.5460798483457,173.1998589988075,active,2024-05-12
5996,Product_5996_0,home,811.6730001154365,26.32831898367572,pending,2024-01-12
5997,Product_5997_0,sports,411.479804827729,40.207388815416564,active,2024-06-28
5998,Product_5998_0,electronics,855.3711416869311,183.06894667103438,inactive,2024-03-22
5999,Product_5999_0,clothing,28.997216492957538,176.74283894087264,archived,2024-05-26
6000,Product_6000_0,electronics,780.4552913494847,293.8156862012564,active,2024-04-15
6001,Product_6001_0,electronics,481.9776315760545,429.99692427431256,active,2024-03-11
6002,Product_6002_0,electronics,779.4082893650614,225.2621670171261,active,2024-10-14
6003,Product_6003_0,clothing,83.78962719545882,135.9646652020167,pending,2024-05-26
6004,Product_6004_0,books,855.4616333033242,186.444503886765,pending,2024-03-27
6005,Product_6005_0,books,544.894856378578,423.9815463186141,inactive,2024-12-10
6006,Product_6006_0,electronics,964.8239230373516,54.311716992477095,archived,2024-07-14
6007,Product_6007_0,electronics,827.378729469071,415.91533036989114,archived,2024-02-27
6008,Product_6008_0,sports,630.1625324758563,308.1392846411283,active,2024-03-11
6009,Product_6009_0,clothing,459.3906309373879,400.2305356868449,archived,2024-06-14
6010,Product_6010_0,sports,730.952835612854,414.4210742828959,archived,2024-04-11
6011,Product_6011_0,electronics,40.811245929764446,393.83800869547207,pending,2024-04-07
6012,Product_6012_0,home,863.1945667620315,158.09506076004652,pending,2024-07-11
6013,Product_6013_0,clothing,901.9485804354199,426.062760976747,active,2024-02-25
6014,Product_6014_0,clothing,217.84536699776515,467.2170157131371,pending,2024-10-23
6015,Product_6015_0,books,927.948485532382,254.20296661476834,archived,2024-08-17
6016,Product_6016_0,books,7.480245656513835,327.69831503350673,inactive,2024-09-21
6017,Product_6017_0,home,961.1220798796112,157.0244029597281,active,2024-12-14
6018,Product_6018_0,books,400.03140339936647,330.51381668208495,archived,2024-11-10
6019,Product_6019_0,home,473.63626751987215,250.11778321946127,pending,2024-11-12
6020,Product_6020_0,books,188.14431365583908,42.521327264352195,pending,2024-01-21
6021,Product_6021_0,electronics,304.61558401832366,308.62159581925516,archived,2024-01-10
6022,Product_6022_0,books,770.4385483085939,188.89625550767994,archived,2024-09-23
6023,Product_6023_0,books,915.253639498169,305.6995405101474,inactive,2024-10-23
6024,Product_6024_0,books,774.0836485469572,12.431509929544095,pending,2024-01-18
6025,Product_6025_0,sports,744.2015109512441,29.81815554189638,inactive,2024-04-23
6026,Product_6026_0,books,170.3711382641204,71.2157781447439,archived,2024-02-12
6027,Product_6027_0,electronics,840.5938312748866,109.08358419202825,archived,2024-02-04
6028,Product_6028_0,clothing,691.6200071857795,353.7277229796136,active,2024-11-04
6029,Product_6029_0,electronics,929.8874665941751,398.88991333259094,inactive,2024-10-05
6030,Product_6030_0,electronics,857.459832594026,334.1017727602764,inactive,2024-10-25
6031,Product_6031_0,clothing,127.30704406859584,227.5763915977203,archived,2024-03-16
6032,Product_6032_0,books,593.6433480754969,314.16148519721116,active,2024-01-14
6033,Product_6033_0,books,581.8744848816121,111.74842794288062,active,2024-02-20
6034,Product_6034_0,electronics,420.0575026810222,306.49226764355075,inactive,2024-09-02
6035,Product_6035_0,clothing,314.8687575652406,442.188555003774,pending,2024-02-23
6036,Product_6036_0,books,214.81797454227333,479.1500444270758,pending,2024-06-11
6037,Product_6037_0,clothing,846.7147064069133,297.1982204541453,pending,2024-03-11
6038,Product_6038_0,clothing,681.4826775356485,65.43131243161969,archived,2024-11-07
6039,Product_6039_0,home,408.8026446037308,170.05294549796847,inactive,2024-12-09
6040,Product_6040_0,clothing,968.1439439334993,14.963039656590208,inactive,2024-04-03
6041,Product_6041_0,books,826.0406819821458,336.65887947099924,inactive,2024-10-26
6042,Product_6042_0,electronics,210.33404966202664,208.18182249901614,archived,2024-04-07
6043,Product_6043_0,electronics,941.3040345495044,463.30828129949595,active,2024-06-04
6044,Product_6044_0,electronics,678.2034495841067,324.551564094332,inactive,2024-02-07
6045,Product_6045_0,home,288.76087380942715,470.7031104402516,inactive,2024-06-13
6046,Product_6046_0,sports,111.86954282961541,120.06841830698598,pending,2024-03-01
6047,Product_6047_0,books,149.29413894766557,491.6903261586307,archived,2024-07-25
6048,Product_6048_0,clothing,810.1465011311507,446.61967769323456,active,2024-08-20
6049,Product_6049_0,electronics,997.5651448279956,498.4709639797316,pending,2024-02-04
6050,Product_6050_0,clothing,432.3658696325746,317.66708791154883,inactive,2024-09-17
6051,Product_6051_0,sports,118.6515538577339,226.90081489088615,active,2024-01-18
6052,Product_6052_0,home,812.4877231365988,494.07274467449025,inactive,2024-02-15
6053,Product_6053_0,home,971.2702436049368,136.09155306765877,inactive,2024-08-24
6054,Product_6054_0,clothing,911.634554990804,365.6957167107096,pending,2024-05-12
6055,Product_6055_0,clothing,259.6850510162954,484.4829078205682,archived,2024-07-22
6056,Product_6056_0,books,921.952722108848,48.89609191414799,pending,2024-04-20
6057,Product_6057_0,clothing,332.8935969755621,451.6470513867841,archived,2024-04-25
6058,Product_6058_0,sports,454.46456336477644,15.041385715386372,active,2024-06-07
6059,Product_6059_0,home,783.009915691377,31.294345540089758,inactive,2024-08-09
6060,Product_6060_0,home,229.17793928224688,460.73329537915436,inactive,2024-05-02
6061,Product_6061_0,clothing,963.5503754539536,175.2591037498212,active,2024-11-24
6062,Product_6062_0,books,864.3919096961868,275.74167735607773,inactive,2024-11-05
6063,Product_6063_0,home,290.79050561434735,244.78687377548619,archived,2024-12-03
6064,Product_6064_0,electronics,985.0495773178382,170.10589766097308,pending,2024-09-01
6065,Product_6065_0,home,38.73618310598482,153.76549046029612,pending,2024-07-26
6066,Product_6066_0,clothing,474.47736240495027,67.30894365402591,pending,2024-10-20
6067,Product_6067_0,sports,584.7082579834694,206.83133567875174,pending,2024-06-25
6068,Product_6068_0,sports,617.2619054325595,334.78667221745957,pending,2024-02-13
6069,Product_6069_0,sports,342.8835763370348,406.8957980935363,active,2024-07-27
6070,Product_6070_0,clothing,422.6559253167137,55.299245485166026,active,2024-07-07
6071,Product_6071_0,electronics,582.8537336795924,234.42317247418566,active,2024-04-01
6072,Product_6072_0,electronics,829.9540684685961,351.68216509946546,pending,2024-07-14
6073,Product_6073_0,sports,706.3234204514031,185.88231338120076,inactive,2024-06-14
6074,Product_6074_0,home,226.8465490280038,423.3935481137293,archived,2024-04-17
6075,Product_6075_0,electronics,740.3926048667685,10.966910472264287,active,2024-10-13
6076,Product_6076_0,clothing,331.5012364308007,64.06628455342306,archived,2024-03-04
6077,Product_6077_0,electronics,492.4561589806287,194.46818613870568,active,2024-04-25
6078,Product_6078_0,home,703.6703438330734,167.17519170112857,inactive,2024-08-24
6079,Product_6079_0,clothing,66.64274100957839,387.2524708504884,pending,2024-02-02
6080,Product_6080_0,electronics,442.8054092612116,176.77994859852043,active,2024-06-11
6081,Product_6081_0,electronics,227.69631898984795,476.07498555517526,active,2024-05-25
6082,Product_6082_0,electronics,438.51493957787017,146.70166249526395,pending,2024-08-13
6083,Product_6083_0,books,716.8940523402548,325.3613059750946,inactive,2024-06-21
6084,Product_6084_0,books,682.9068897086757,438.1231173777195,active,2024-01-21
6085,Product_6085_0,clothing,637.9965718710317,378.3239304536095,inactive,2024-06-04
6086,Product_6086_0,electronics,327.76021414777546,335.26118353410277,pending,2024-06-05
6087,Product_6087_0,sports,853.5476318122211,361.6539509612637,pending,2024-02-03
6088,Product_6088_0,books,933.6764634184963,197.55048808280586,archived,2024-12-07
6089,Product_6089_0,sports,383.4723355178168,210.75699411837041,archived,2024-03-17
6090,Product_6090_0,books,246.38312051796808,335.807593759095,archived,2024-08-17
6091,Product_6091_0,clothing,773.2487696498205,296.90711656267507,archived,2024-12-01
6092,Product_6092_0,electronics,161.65659248257438,275.3091459056113,active,2024-05-02
6093,Product_6093_0,home,661.8127793147314,338.8975646761338,active,2024-04-25
6094,Product_6094_0,clothing,208.05117518397196,419.9021768773033,inactive,2024-10-16
6095,Product_6095_0,electronics,603.0482968952227,477.21537109085057,active,2024-10-14
6096,Product_6096_0,home,779.6860775039946,412.484652105923,archived,2024-02-04
6097,Product_6097_0,electronics,426.1459162649869,39.2731304661037,active,2024-01-20
6098,Product_6098_0,sports,498.30932871455576,108.43766552860266,archived,2024-10-04
6099,Product_6099_0,electronics,328.70695903821496,255.49354370282677,archived,2024-09-20
6100,Product_6100_0,sports,430.6960403628382,313.83083178741924,pending,2024-04-05
6101,Product_6101_0,electronics,336.209115618661,496.41760886591953,pending,2024-02-03
6102,Product_6102_0,books,129.05668429742596,108.40836805949475,active,2024-01-24
6103,Product_6103_0,clothing,677.4990832576375,412.86035974509,inactive,2024-02-16
6104,Product_6104_0,clothing,189.82770660001418,30.466967910251842,pending,2024-07-02
6105,Product_6105_0,sports,65.0143315226547,62.2451583779688,inactive,2024-07-28
6106,Product_6106_0,electronics,617.1541553002539,23.70169779718542,active,2024-04-27
6107,Product_6107_0,clothing,838.1004488545924,498.5182945723775,archived,2024-01-20
6108,Product_6108_0,sports,872.5904922001146,398.5944933373674,pending,2024-12-13
6109,Product_6109_0,clothing,160.75729779463597,72.49010967968941,pending,2024-07-13
6110,Product_6110_0,home,64.55214522345068,363.1238981213154,inactive,2024-03-24
6111,Product_6111_0,sports,883.9481792265595,303.4148654717241,active,2024-03-26
6112,Product_6112_0,electronics,219.49349326137295,25.61098610468693,inactive,2024-05-02
6113,Product_6113_0,sports,778.3517565916775,140.72493569072708,pending,2024-09-03
6114,Product_6114_0,electronics,64.01263466384268,49.58214142785901,pending,2024-04-08
6115,Product_6115_0,home,290.8586936499773,116.32155186076889,archived,2024-08-26
6116,Product_6116_0,home,702.7496837972086,342.74351725355814,pending,2024-02-18
6117,Product_6117_0,electronics,886.9284756518155,400.7375056209964,inactive,2024-12-09
6118,Product_6118_0,electronics,867.9269925525401,28.849082471763097,archived,2024-04-23
6119,Product_6119_0,clothing,949.6364137892281,499.682040863434,active,2024-04-15
6120,Product_6120_0,books,880.0301795387225,247.5250212126099,archived,2024-07-21
6121,Product_6121_0,books,993.3649971117918,101.48162521368135,archived,2024-02-17
6122,Product_6122_0,books,648.5235823920466,95.3304909659843,active,2024-06-24
6123,Product_6123_0,home,994.028965713665,203.41271363251505,inactive,2024-07-19
6124,Product_6124_0,books,127.30967382320445,154.15966039783638,active,2024-09-23
6125,Product_6125_0,electronics,230.72613220320656,140.23299571526385,archived,2024-07-03
6126,Product_6126_0,clothing,267.5507349046056,52.63340137239764,active,2024-07-07
6127,Product_6127_0,books,747.4337597846853,300.6665244072161,active,2024-05-08
6128,Product_6128_0,home,202.13279009331418,142.56400721945906,archived,2024-11-09
6129,Product_6129_0,clothing,752.1911486660847,195.67640849355416,inactive,2024-08-19
6130,Product_6130_0,electronics,475.0923239873946,175.6780305439902,archived,2024-04-13
6131,Product_6131_0,clothing,927.0674480109274,164.9765162773397,archived,2024-05-22
6132,Product_6132_0,books,643.9155558162219,363.06943404850654,active,2024-10-12
6133,Product_6133_0,electronics,234.84938008197182,144.32430559703653,active,2024-09-17
6134,Product_6134_0,sports,629.7391485980629,464.0807155467471,active,2024-09-28
6135,Product_6135_0,clothing,378.7665911846902,262.31633558972686,active,2024-05-02
6136,Product_6136_0,books,710.3412951575908,61.7690982744062,archived,2024-12-06
6137,Product_6137_0,home,7.5063305242269065,343.74056568307105,inactive,2024-05-09
6138,Product_6138_0,books,174.85727531524807,38.958141023663266,active,2024-06-15
6139,Product_6139_0,sports,613.4696909620784,437.09239592419823,active,2024-10-13
6140,Product_6140_0,home,941.1235981283235,325.4310173912157,inactive,2024-12-06
6141,Product_6141_0,electronics,271.15337722688616,173.08949883682627,pending,2024-08-05
6142,Product_6142_0,books,909.461324823015,279.85314811101335,archived,2024-01-07
6143,Product_6143_0,clothing,826.657287353281,123.81521192425457,active,2024-04-19
6144,Product_6144_0,home,482.80183653850867,142.41766424156822,active,2024-11-17
6145,Product_6145_0,clothing,448.9558472801647,368.21409170151014,inactive,2024-05-02
6146,Product_6146_0,books,29.854784333458902,240.0072671990808,archived,2024-11-11
6147,Product_6147_0,home,964.4819652704207,353.4421828268217,active,2024-06-11
6148,Product_6148_0,clothing,563.8058690750546,450.93259794295807,pending,2024-12-06
6149,Product_6149_0,electronics,132.21304967041792,173.26815975096818,active,2024-06-06
6150,Product_6150_0,sports,714.167546337226,267.1092505079269,pending,2024-05-15
6151,Product_6151_0,electronics,907.2358844839184,443.5355336243162,active,2024-08-10
6152,Product_6152_0,books,778.1995337695552,280.1523825871913,active,2024-05-07
6153,Product_6153_0,books,868.7446132325331,120.7949386924114,inactive,2024-08-19
6154,Product_6154_0,clothing,38.480413908648195,383.5860973505397,archived,2024-05-14
6155,Product_6155_0,home,517.648460989613,255.98700641129406,active,2024-07-24
6156,Product_6156_0,home,54.13953738833359,63.62521278086937,active,2024-11-21
6157,Product_6157_0,sports,32.65675547043897,235.81216788768475,pending,2024-05-01
6158,Product_6158_0,home,170.62385187587702,249.25009130391282,inactive,2024-07-06
6159,Product_6159_0,sports,599.8057385781399,125.52395573193944,archived,2024-02-27
6160,Product_6160_0,home,736.8364691002525,59.30845354741483,pending,2024-12-18
6161,Product_6161_0,sports,550.8205650084851,443.17439428828277,pending,2024-12-28
6162,Product_6162_0,sports,610.1665020772057,197.95227741279405,active,2024-11-14
6163,Product_6163_0,electronics,837.939873949639,431.99020340345834,active,2024-10-19
6164,Product_6164_0,sports,964.7130252954388,378.7418840225255,inactive,2024-09-03
6165,Product_6165_0,books,467.33049525156997,438.0582533142123,active,2024-07-26
6166,Product_6166_0,books,286.33387713174534,448.46093139624503,inactive,2024-09-14
6167,Product_6167_0,clothing,911.380743494093,24.05080613955326,active,2024-01-11
6168,Product_6168_0,sports,633.6643736007217,229.80081433371706,pending,2024-05-11
6169,Product_6169_0,electronics,687.9231783208166,67.24131246213364,archived,2024-03-13
6170,Product_6170_0,clothing,19.269454196711585,30.402315835766828,pending,2024-04-07
6171,Product_6171_0,books,860.6260134856374,431.6288486321343,inactive,2024-06-09
6172,Product_6172_0,electronics,218.4476453442012,208.3601901175043,inactive,2024-09-28
6173,Product_6173_0,home,275.68371049504157,454.90336386041747,archived,2024-02-21
6174,Product_6174_0,home,171.9045231591572,414.82820130291066,pending,2024-12-08
6175,Product_6175_0,sports,809.6450651811551,454.76026448535856,inactive,2024-06-28
6176,Product_6176_0,sports,258.0166868496551,210.53319964849706,archived,2024-12-19
6177,Product_6177_0,clothing,756.8406090143062,293.3199096784397,active,2024-11-26
6178,Product_6178_0,books,511.15966010510425,451.26168242344437,archived,2024-03-28
6179,Product_6179_0,books,997.2295037767608,99.37480336879524,pending,2024-08-22
6180,Product_6180_0,books,807.5685043376542,291.6639361992129,inactive,2024-02-09
6181,Product_6181_0,clothing,694.7565663482337,429.5674126615575,pending,2024-06-11
6182,Product_6182_0,books,78.35998874226232,454.1597687170181,archived,2024-12-21
6183,Product_6183_0,home,880.1311530941329,153.12876592076256,archived,2024-11-13
6184,Product_6184_0,clothing,609.205948958705,28.211990959918158,inactive,2024-09-24
6185,Product_6185_0,clothing,203.02903268127295,269.8401295090038,archived,2024-01-17
6186,Product_6186_0,electronics,473.6263372600038,96.89012948369584,pending,2024-09-04
6187,Product_6187_0,books,366.04191477065046,330.92253066660635,archived,2024-07-16
6188,Product_6188_0,books,310.93637124725143,477.4105361824592,pending,2024-11-19
6189,Product_6189_0,electronics,750.9345636557846,371.8017429795268,pending,2024-01-19
6190,Product_6190_0,electronics,759.9057141271369,295.77391655701916,pending,2024-11-01
6191,Product_6191_0,clothing,392.8780215323868,203.40281188968976,archived,2024-05-04
6192,Product_6192_0,sports,847.3737952706225,333.459027015136,archived,2024-02-03
6193,Product_6193_0,home,796.7313649272453,274.3467607885684,pending,2024-11-20
6194,Product_6194_0,sports,322.5137565171407,242.27164776409435,archived,2024-02-25
6195,Product_6195_0,books,372.11746289772617,72.3273437237673,pending,2024-07-17
6196,Product_6196_0,electronics,556.086299844814,39.216481742364536,active,2024-10-12
6197,Product_6197_0,electronics,343.8698202308682,182.32070595276616,active,2024-03-08
6198,Product_6198_0,home,337.2366876024839,454.90870500282176,inactive,2024-02-18
6199,Product_6199_0,clothing,323.0709024473079,492.4966401537509,pending,2024-08-10
6200,Product_6200_0,sports,71.64334851298301,243.97978130317273,pending,2024-02-11
6201,Product_6201_0,clothing,294.27125866425905,345.41601516159665,archived,2024-10-19
6202,Product_6202_0,books,9.712518709472555,443.8914987716693,pending,2024-06-16
6203,Product_6203_0,home,66.84432018429496,315.5189608175163,inactive,2024-10-09
6204,Product_6204_0,electronics,605.328648341073,80.8006004267962,archived,2024-05-18
6205,Product_6205_0,electronics,873.2554127442066,206.9859330222428,active,2024-07-15
6206,Product_6206_0,books,562.9966343505888,35.855463185183396,archived,2024-04-04
6207,Product_6207_0,electronics,869.3743483253589,200.17816341924566,pending,2024-04-04
6208,Product_6208_0,sports,443.9225556257993,281.87177441615034,active,2024-08-07
6209,Product_6209_0,books,990.0933316973355,404.226951380669,inactive,2024-06-07
6210,Product_6210_0,home,737.2252118975479,108.5615099222977,pending,2024-11-02
6211,Product_6211_0,clothing,68.5489330684816,377.05550475074676,active,2024-11-16
6212,Product_6212_0,sports,827.7760192406917,459.17194993951045,inactive,2024-11-20
6213,Product_6213_0,sports,303.5231158784542,466.3764290357979,archived,2024-09-16
6214,Product_6214_0,home,262.93901689641217,235.65968959511613,pending,2024-10-01
6215,Product_6215_0,clothing,324.6154783902987,247.37195570056272,pending,2024-04-23
6216,Product_6216_0,books,634.8261359327711,496.8316517727599,inactive,2024-09-06
6217,Product_6217_0,books,151.54976867827577,385.0832523103716,archived,2024-02-17
6218,Product_6218_0,books,176.42359197844658,55.425194648737865,archived,2024-10-16
6219,Product_6219_0,books,893.0749523270517,212.40320178409712,pending,2024-08-28
6220,Product_6220_0,electronics,958.3581620016575,224.41496871857566,inactive,2024-07-16
6221,Product_6221_0,home,169.57841332014857,14.334351521339437,active,2024-09-06
6222,Product_6222_0,home,874.5338538284739,366.32310871865025,active,2024-06-12
6223,Product_6223_0,clothing,298.17683291034916,67.55134184665394,inactive,2024-10-09
6224,Product_6224_0,home,174.02454182030775,382.45814392849235,inactive,2024-02-08
6225,Product_6225_0,sports,955.9231853835337,444.56861252479723,pending,2024-06-28
6226,Product_6226_0,books,774.1753995316158,481.6913111927773,active,2024-08-02
6227,Product_6227_0,electronics,677.2545486060533,112.99841825714057,archived,2024-02-23
6228,Product_6228_0,sports,113.49366949512931,428.800268901097,pending,2024-08-06
6229,Product_6229_0,home,149.9104529752581,62.33665311958943,pending,2024-08-07
6230,Product_6230_0,clothing,521.3564843902269,441.87603624326687,archived,2024-03-02
6231,Product_6231_0,books,80.99726392132611,480.0562799583202,active,2024-03-11
6232,Product_6232_0,sports,575.3705428278881,491.7505648248544,inactive,2024-03-21
6233,Product_6233_0,clothing,338.56197874094715,26.107806961677127,pending,2024-06-06
6234,Product_6234_0,books,449.6682872651514,147.51724167947344,pending,2024-10-20
6235,Product_6235_0,sports,355.71539937378805,361.1021606206292,active,2024-06-13
6236,Product_6236_0,electronics,592.4713850376646,241.19543449386265,pending,2024-03-25
6237,Product_6237_0,books,621.816176165448,284.7440600033622,archived,2024-01-21
6238,Product_6238_0,home,573.1192214499177,440.2094639093504,archived,2024-02-15
6239,Product_6239_0,electronics,742.2300491331763,179.67379899188876,inactive,2024-04-19
6240,Product_6240_0,books,564.57627809471,331.37041867510504,pending,2024-02-25
6241,Product_6241_0,electronics,751.599462615812,376.07378600955593,archived,2024-05-17
6242,Product_6242_0,books,592.3037580493653,188.6398271818184,active,2024-10-17
6243,Product_6243_0,clothing,943.7637276377249,216.65859511337666,active,2024-07-11
6244,Product_6244_0,sports,908.9000082536515,454.5301413413661,inactive,2024-06-23
6245,Product_6245_0,electronics,732.6155102135389,97.17222590127257,inactive,2024-12-13
6246,Product_6246_0,electronics,788.7864479751048,50.80155795668907,archived,2024-02-21
6247,Product_6247_0,electronics,729.8633832735333,13.76354417441539,archived,2024-10-18
6248,Product_6248_0,electronics,579.0254041651901,14.38525866612803,archived,2024-07-10
6249,Product_6249_0,home,333.11653967455226,26.851348107966693,pending,2024-09-06
6250,Product_6250_0,electronics,377.53847023692776,474.2462383033658,archived,2024-12-10
6251,Product_6251_0,clothing,60.30820012820744,412.1243144282941,archived,2024-11-05
6252,Product_6252_0,electronics,198.5861802823571,272.1025679758736,pending,2024-01-16
6253,Product_6253_0,clothing,675.9364396372347,93.51335556814303,inactive,2024-11-21
6254,Product_6254_0,sports,279.63269362273047,160.47677778563335,pending,2024-01-09
6255,Product_6255_0,electronics,203.6464306992536,171.37001353604555,inactive,2024-05-03
6256,Product_6256_0,books,11.724589538923912,380.8442110747257,active,2024-08-27
6257,Product_6257_0,books,798.7770824925667,344.5804851907979,archived,2024-04-21
6258,Product_6258_0,home,878.9120108390409,174.81014341733308,pending,2024-09-24
6259,Product_6259_0,clothing,46.97891492444381,149.25246731429039,archived,2024-05-22
6260,Product_6260_0,books,795.6320608085507,405.76704769638485,active,2024-04-17
6261,Product_6261_0,sports,334.09163465102495,119.78117818331177,archived,2024-01-18
6262,Product_6262_0,books,801.156817981738,328.2583211063878,inactive,2024-08-02
6263,Product_6263_0,clothing,861.9452534252624,193.2979702634927,inactive,2024-10-15
6264,Product_6264_0,clothing,334.68712573518746,191.40601134055186,active,2024-06-20
6265,Product_6265_0,clothing,940.2714847932542,241.72394064990408,pending,2024-08-09
6266,Product_6266_0,electronics,476.9658995270647,73.78500805153561,inactive,2024-06-25
6267,Product_6267_0,sports,465.1395961929901,343.33992250167165,inactive,2024-05-15
6268,Product_6268_0,electronics,329.5295554749001,209.35748372289598,archived,2024-03-13
6269,Product_6269_0,clothing,85.54186269957572,79.74410901247397,active,2024-09-05
6270,Product_6270_0,electronics,674.9407933546426,307.70092482472563,archived,2024-09-13
6271,Product_6271_0,electronics,632.7448604046673,412.445329806492,pending,2024-05-10
6272,Product_6272_0,sports,5.94381084644119,410.69196116919545,pending,2024-09-23
6273,Product_6273_0,sports,286.6670142242803,365.15971794930033,pending,2024-07-25
6274,Product_6274_0,electronics,457.46980500875253,416.18233632626584,pending,2024-12-06
6275,Product_6275_0,books,435.21758589928163,322.3878484880282,inactive,2024-10-12
6276,Product_6276_0,electronics,790.4041482648056,240.51089554936524,inactive,2024-05-09
6277,Product_6277_0,sports,521.4033944883365,11.283124588172733,inactive,2024-05-26
6278,Product_6278_0,sports,535.2660678085587,333.8031760237064,inactive,2024-11-16
6279,Product_6279_0,home,273.2216402713276,378.6568474796386,inactive,2024-11-15
6280,Product_6280_0,books,953.2942674044377,62.747683286521394,archived,2024-09-05
6281,Product_6281_0,clothing,907.3400643942496,393.80401138599063,pending,2024-11-20
6282,Product_6282_0,sports,26.96147239062787,16.71884539125457,archived,2024-12-19
6283,Product_6283_0,clothing,899.6792531899245,357.9859940263474,pending,2024-08-24
6284,Product_6284_0,clothing,464.8281937434849,177.99980616569388,inactive,2024-01-08
6285,Product_6285_0,home,107.8086199684441,325.23001657694203,archived,2024-05-08
6286,Product_6286_0,clothing,442.8259360592457,233.3896290204827,pending,2024-10-08
6287,Product_6287_0,books,264.15798696226045,51.32822838441354,active,2024-07-05
6288,Product_6288_0,home,756.1538539740791,336.09418257022,inactive,2024-11-14
6289,Product_6289_0,books,844.9128081606075,108.28002961565237,archived,2024-03-02
6290,Product_6290_0,home,875.4160663708506,262.3077841709928,pending,2024-05-06
6291,Product_6291_0,sports,542.3784777427837,442.7423073984656,pending,2024-06-09
6292,Product_6292_0,books,610.3804951359821,406.0344427547893,pending,2024-03-28
6293,Product_6293_0,clothing,720.1916912102087,418.8357594527716,active,2024-09-13
6294,Product_6294_0,electronics,366.7903849293783,199.64254445265476,archived,2024-02-16
6295,Product_6295_0,books,638.3409404449602,277.2175986236115,inactive,2024-08-26
6296,Product_6296_0,clothing,10.161668614619968,268.4268142936168,pending,2024-02-06
6297,Product_6297_0,sports,316.22341711936457,408.55492043723797,active,2024-04-02
6298,Product_6298_0,electronics,134.14507118675508,64.00214845100727,archived,2024-11-09
6299,Product_6299_0,electronics,452.01013274895803,473.50876866216896,archived,2024-07-07
6300,Product_6300_0,home,221.13713333783218,345.2031282496696,pending,2024-12-06
6301,Product_6301_0,sports,536.4345043121759,184.6721015464702,inactive,2024-11-26
6302,Product_6302_0,books,803.4368323393246,494.48577254846305,active,2024-03-01
6303,Product_6303_0,sports,136.58340499065605,448.6269210978163,active,2024-07-20
6304,Product_6304_0,electronics,777.3330190181392,385.49753470702757,active,2024-04-24
6305,Product_6305_0,home,757.9021718018564,417.21164993196817,inactive,2024-12-06
6306,Product_6306_0,home,664.5062842422236,325.44291461543844,active,2024-08-20
6307,Product_6307_0,home,237.46987152484476,150.41679333741774,inactive,2024-04-26
6308,Product_6308_0,home,695.0459577612764,179.38465847797914,inactive,2024-02-28
6309,Product_6309_0,electronics,300.78461005472116,448.1159290039501,archived,2024-02-09
6310,Product_6310_0,sports,142.41136372018886,146.8555233697086,active,2024-03-26
6311,Product_6311_0,books,543.1070058152937,371.4962522612705,archived,2024-03-17
6312,Product_6312_0,home,53.08488508682984,450.980523212623,pending,2024-10-27
6313,Product_6313_0,home,735.1823520336679,326.66555581560726,pending,2024-06-11
6314,Product_6314_0,sports,470.4331095036429,263.52830427730544,archived,2024-06-07
6315,Product_6315_0,books,424.490029116459,460.5679993721729,pending,2024-05-12
6316,Product_6316_0,sports,574.5235122345117,260.76398171422267,active,2024-10-27
6317,Product_6317_0,books,208.50004665634808,19.3008338945928,active,2024-09-23
6318,Product_6318_0,home,675.9405767743901,391.15285136081434,inactive,2024-05-22
6319,Product_6319_0,sports,137.15079874375357,167.48627478674868,archived,2024-08-16
6320,Product_6320_0,home,926.1277045884589,394.4160312048257,active,2024-04-07
6321,Product_6321_0,sports,974.9297688984236,387.28867155873,archived,2024-02-28
6322,Product_6322_0,home,412.57878884865494,104.91860457895223,pending,2024-10-21
6323,Product_6323_0,home,813.845554604097,55.183911764027876,inactive,2024-10-19
6324,Product_6324_0,electronics,734.3820064360649,385.23127400584235,pending,2024-09-23
6325,Product_6325_0,books,913.9132783683917,499.92196005582775,inactive,2024-12-23
6326,Product_6326_0,electronics,592.5318589979963,21.931594334778858,pending,2024-05-04
6327,Product_6327_0,clothing,983.0878835940619,455.8488577404625,active,2024-02-08
6328,Product_6328_0,books,602.9070504999416,273.72700317448545,pending,2024-06-27
6329,Product_6329_0,books,428.5599774838978,23.4183195444417,active,2024-06-18
6330,Product_6330_0,books,963.3818905647385,275.4890325320181,pending,2024-10-06
6331,Product_6331_0,clothing,741.1452103635362,465.790611193103,inactive,2024-09-06
6332,Product_6332_0,books,151.434700736571,361.82015962647586,archived,2024-09-22
6333,Product_6333_0,clothing,649.0488795904371,465.0959303017804,active,2024-11-25
6334,Product_6334_0,home,940.7731222070692,115.47245221747139,pending,2024-06-19
6335,Product_6335_0,books,37.39070857344941,40.045154818464226,archived,2024-05-11
6336,Product_6336_0,home,880.0846011215679,233.20358694161467,inactive,2024-11-24
6337,Product_6337_0,home,869.1891800470141,450.75188370896683,archived,2024-04-17
6338,Product_6338_0,home,313.94798007505386,85.28367552652286,pending,2024-06-27
6339,Product_6339_0,home,874.9555873375888,123.42361144468268,pending,2024-06-08
6340,Product_6340_0,books,25.33181776401591,482.27499705903006,inactive,2024-07-06
6341,Product_6341_0,home,840.451489985048,93.45196507031964,inactive,2024-03-11
6342,Product_6342_0,electronics,630.370083869208,487.336527001447,pending,2024-03-03
6343,Product_6343_0,home,859.784625109678,302.3315792643847,inactive,2024-05-18
6344,Product_6344_0,electronics,681.2781131850489,147.9216082306956,archived,2024-01-12
6345,Product_6345_0,clothing,666.3213992431204,341.2191424384931,active,2024-02-28
6346,Product_6346_0,sports,711.4742340031795,420.59290665116856,active,2024-06-15
6347,Product_6347_0,sports,629.2924421211072,348.63867303772435,archived,2024-02-28
6348,Product_6348_0,electronics,575.291649792577,351.12880366125324,archived,2024-07-07
6349,Product_6349_0,sports,90.11743066495406,312.8350853069939,archived,2024-02-28
6350,Product_6350_0,sports,56.65569495610406,67.19877218768752,inactive,2024-11-04
6351,Product_6351_0,clothing,537.8748193567413,107.53680719049645,archived,2024-07-28
6352,Product_6352_0,sports,390.184406653662,337.2327910034116,active,2024-04-23
6353,Product_6353_0,sports,556.4448598708072,245.42658206165387,inactive,2024-09-15
6354,Product_6354_0,sports,161.39926500437642,24.782204744371764,archived,2024-12-11
6355,Product_6355_0,clothing,848.1631904601958,62.555676721760314,archived,2024-10-22
6356,Product_6356_0,sports,651.65905491952,15.261324461525163,pending,2024-10-19
6357,Product_6357_0,home,371.27417047879334,491.7146993288182,archived,2024-07-25
6358,Product_6358_0,sports,420.6624448446844,67.17542939917315,active,2024-11-15
6359,Product_6359_0,home,782.3845102885426,396.51733598942525,pending,2024-09-14
6360,Product_6360_0,electronics,290.9644351900926,252.3105714107919,inactive,2024-05-14
6361,Product_6361_0,books,20.196112608560664,114.59780078913747,pending,2024-06-18
6362,Product_6362_0,books,802.6136508110657,461.5453374899582,inactive,2024-01-11
6363,Product_6363_0,books,259.9968184902715,238.0331327529661,active,2024-04-23
6364,Product_6364_0,clothing,222.69209060446266,376.90231077387375,active,2024-11-14
6365,Product_6365_0,sports,431.04271738786747,91.28614401567856,active,2024-06-05
6366,Product_6366_0,sports,854.1583849117267,74.51181828738353,pending,2024-02-03
6367,Product_6367_0,home,839.1604319860878,154.26163544776503,archived,2024-04-04
6368,Product_6368_0,sports,981.7996147985513,81.78076733518463,inactive,2024-03-09
6369,Product_6369_0,clothing,747.8242005208367,290.75383222963586,archived,2024-02-07
6370,Product_6370_0,books,20.310882436162927,243.01826296003864,archived,2024-11-08
6371,Product_6371_0,electronics,339.06877909105833,238.93203129067444,active,2024-05-20
6372,Product_6372_0,electronics,800.0454641085536,218.5714983987628,active,2024-12-05
6373,Product_6373_0,sports,462.74700025165987,78.393722847647,active,2024-08-15
6374,Product_6374_0,electronics,258.4033266351348,250.72810228648376,pending,2024-06-03
6375,Product_6375_0,electronics,775.0568124699493,477.9380373838343,inactive,2024-07-22
6376,Product_6376_0,books,830.7613826558033,87.54907784700528,archived,2024-05-06
6377,Product_6377_0,books,894.9036995465949,164.41365056429643,pending,2024-12-14
6378,Product_6378_0,clothing,845.7153270316994,292.6006370844635,active,2024-06-12
6379,Product_6379_0,books,711.2768926494739,363.80478130161214,pending,2024-01-20
6380,Product_6380_0,home,721.945663478144,70.55031122403835,active,2024-05-23
6381,Product_6381_0,sports,763.2467563791417,232.2249558971089,active,2024-05-26
6382,Product_6382_0,books,282.17069763046135,422.8192896231747,active,2024-03-07
6383,Product_6383_0,sports,304.8596419726375,70.8699688939619,active,2024-01-24
6384,Product_6384_0,home,327.1515255042893,34.5578358446246,inactive,2024-06-03
6385,Product_6385_0,electronics,928.7364065037561,137.49905561890353,archived,2024-02-21
6386,Product_6386_0,clothing,382.37779871107716,493.6907543640197,archived,2024-11-16
6387,Product_6387_0,clothing,835.7636815305998,155.58838821762473,pending,2024-09-17
6388,Product_6388_0,sports,978.4033312323577,420.81299050973604,inactive,2024-11-09
6389,Product_6389_0,books,482.117320018246,168.1127934550124,active,2024-09-05
6390,Product_6390_0,sports,604.6235704349292,73.64136524284538,archived,2024-09-18
6391,Product_6391_0,sports,198.98914117639228,255.14686781575992,archived,2024-07-09
6392,Product_6392_0,home,462.7283126299177,104.73483579817999,archived,2024-05-19
6393,Product_6393_0,electronics,324.88378561555714,280.8186312711327,inactive,2024-04-19
6394,Product_6394_0,books,836.0826526519554,35.273145149148206,archived,2024-03-26
6395,Product_6395_0,sports,154.30093030517685,48.725778300647384,inactive,2024-04-17
6396,Product_6396_0,home,265.83332936961267,399.21775122648245,active,2024-11-20
6397,Product_6397_0,books,342.80356995692426,333.60822506062453,pending,2024-02-09
6398,Product_6398_0,sports,780.6262930033517,12.657077925166426,pending,2024-03-18
6399,Product_6399_0,electronics,12.060826733674093,22.10199122400075,active,2024-01-04
6400,Product_6400_0,books,476.97696804625366,195.16793818734436,inactive,2024-09-22
6401,Product_6401_0,sports,13.78550504783496,20.710752393018325,active,2024-02-01
6402,Product_6402_0,clothing,133.76841575521786,92.97490840890404,active,2024-10-10
6403,Product_6403_0,clothing,985.6505753968735,198.4934328130707,archived,2024-11-14
6404,Product_6404_0,books,199.04020214131765,393.834260932031,active,2024-01-14
6405,Product_6405_0,books,259.8306022460014,319.8648319006199,pending,2024-03-16
6406,Product_6406_0,books,979.0605766319243,433.4651481170249,archived,2024-10-21
6407,Product_6407_0,electronics,211.98641283054042,35.74651269272398,archived,2024-05-21
6408,Product_6408_0,clothing,777.6136842025667,127.72171711214207,active,2024-09-17
6409,Product_6409_0,electronics,914.6995238674409,261.0382356583183,inactive,2024-01-15
6410,Product_6410_0,electronics,257.78945121677225,379.8231125011559,pending,2024-03-23
6411,Product_6411_0,clothing,945.7916835379182,383.61629544259034,inactive,2024-06-28
6412,Product_6412_0,books,656.3863205013344,337.68958263449707,inactive,2024-10-17
6413,Product_6413_0,electronics,199.93913238750264,237.29137411600362,inactive,2024-03-20
6414,Product_6414_0,electronics,799.6357393307563,172.0508373781235,pending,2024-01-17
6415,Product_6415_0,clothing,537.5218228908417,477.9825324941787,inactive,2024-09-15
6416,Product_6416_0,clothing,627.4171130183823,413.6575215126678,inactive,2024-01-02
6417,Product_6417_0,home,406.1643412878972,191.3762230706953,active,2024-01-14
6418,Product_6418_0,sports,383.91694018290224,137.6816181296811,inactive,2024-01-05
6419,Product_6419_0,sports,240.50968073737715,223.51231209035936,active,2024-11-10
6420,Product_6420_0,books,937.5303073790606,84.65767217262398,active,2024-09-28
6421,Product_6421_0,books,232.89074183190277,311.1687967546426,active,2024-02-22
6422,Product_6422_0,sports,910.8632267763014,219.2992233252252,archived,2024-07-27
6423,Product_6423_0,electronics,415.45763055030784,312.68797428259677,pending,2024-12-14
6424,Product_6424_0,sports,104.72207297778495,143.11751329917232,active,2024-10-08
6425,Product_6425_0,electronics,680.2637759726455,400.9220630982197,inactive,2024-12-19
6426,Product_6426_0,books,300.25096913113606,250.3287127286235,pending,2024-06-16
6427,Product_6427_0,books,414.23016415515883,18.073287016271294,inactive,2024-09-23
6428,Product_6428_0,books,505.37735187997885,318.95099595222104,archived,2024-05-10
6429,Product_6429_0,clothing,569.4156526964896,313.52217320136,pending,2024-05-13
6430,Product_6430_0,home,434.41439281534775,33.09232808009129,inactive,2024-03-11
6431,Product_6431_0,sports,628.3653196176073,98.84912903005578,active,2024-03-25
6432,Product_6432_0,books,361.70171872743805,183.7884357903829,active,2024-07-28
6433,Product_6433_0,electronics,247.46501939430078,437.4735011386172,active,2024-12-11
6434,Product_6434_0,clothing,636.8069500972695,222.85220816089614,active,2024-08-26
6435,Product_6435_0,electronics,968.9618901510906,474.1274299517995,archived,2024-12-22
6436,Product_6436_0,sports,790.5631741578675,236.07600095529648,archived,2024-12-04
6437,Product_6437_0,electronics,649.7711685907069,430.57939959889615,inactive,2024-08-08
6438,Product_6438_0,clothing,554.8218868736624,33.2195234653492,active,2024-06-17
6439,Product_6439_0,books,199.42098037056417,215.91831310743078,active,2024-10-03
6440,Product_6440_0,home,207.5646784757604,274.39504750652947,inactive,2024-05-05
6441,Product_6441_0,electronics,690.8424958070489,425.7388642649336,inactive,2024-05-08
6442,Product_6442_0,sports,583.1969369619684,15.080060661131444,active,2024-09-06
6443,Product_6443_0,sports,708.5615121066136,290.4064554094091,inactive,2024-06-09
6444,Product_6444_0,home,185.77681463857812,17.24872572128541,inactive,2024-11-21
6445,Product_6445_0,sports,733.3232320543466,239.7175388023485,pending,2024-01-04
6446,Product_6446_0,clothing,437.89671579001924,473.2879681164755,pending,2024-12-10
6447,Product_6447_0,electronics,274.56232486747854,232.2061617998718,active,2024-12-06
6448,Product_6448_0,electronics,34.82176177196902,412.2458415593302,pending,2024-07-03
6449,Product_6449_0,electronics,879.963153471897,11.12844329743313,active,2024-06-22
6450,Product_6450_0,home,838.5829432199669,237.03924464991852,archived,2024-09-19
6451,Product_6451_0,books,40.99676070550081,383.6266565531168,active,2024-05-24
6452,Product_6452_0,sports,856.0104047631623,96.93428152949151,active,2024-05-09
6453,Product_6453_0,books,840.4309439270949,314.8248486389435,archived,2024-11-28
6454,Product_6454_0,books,851.0162223589817,52.605243060920586,archived,2024-01-12
6455,Product_6455_0,books,850.6073267287586,445.90240175276267,pending,2024-02-13
6456,Product_6456_0,clothing,515.8829753194735,157.2227115897179,pending,2024-09-06
6457,Product_6457_0,home,688.4988900461763,342.11160155855566,inactive,2024-09-16
6458,Product_6458_0,clothing,858.4221850317382,94.44307346578104,pending,2024-10-18
6459,Product_6459_0,electronics,540.1695348036316,287.4299225456717,inactive,2024-04-11
6460,Product_6460_0,electronics,31.27841106067767,289.9627082972774,active,2024-08-20
6461,Product_6461_0,clothing,12.367305169459552,69.84032488540589,archived,2024-04-18
6462,Product_6462_0,home,403.2899089102021,346.008595844676,archived,2024-08-10
6463,Product_6463_0,electronics,572.6831550880065,187.15586143655648,archived,2024-04-12
6464,Product_6464_0,electronics,373.38687130218625,300.93361313448383,active,2024-07-16
6465,Product_6465_0,books,134.6793039001331,267.70138932953796,inactive,2024-06-06
6466,Product_6466_0,electronics,17.466138402503184,281.9848604546376,active,2024-10-16
6467,Product_6467_0,clothing,969.3904750652623,424.7049848134331,archived,2024-07-15
6468,Product_6468_0,sports,254.92046079710772,13.428695300282218,active,2024-07-24
6469,Product_6469_0,electronics,801.2918706651993,225.92011464789837,inactive,2024-08-13
6470,Product_6470_0,home,613.1681243106747,83.28379822352292,archived,2024-12-05
6471,Product_6471_0,clothing,598.925651414992,299.58139040832566,active,2024-03-22
6472,Product_6472_0,electronics,331.0382651774224,187.36477634326764,pending,2024-04-24
6473,Product_6473_0,electronics,153.83480134863356,284.1078126510085,pending,2024-07-23
6474,Product_6474_0,electronics,38.613025917208034,281.7998501112859,inactive,2024-12-26
6475,Product_6475_0,clothing,122.34294681492877,196.49054360324536,pending,2024-09-20
6476,Product_6476_0,books,456.45462278701916,28.326640658238112,archived,2024-06-19
6477,Product_6477_0,clothing,538.1357213038738,407.09251021447926,archived,2024-06-09
6478,Product_6478_0,home,451.2956554423393,433.74744353294506,archived,2024-05-16
6479,Product_6479_0,electronics,263.0981305124377,297.95083149448226,active,2024-06-22
6480,Product_6480_0,clothing,790.5410590083231,490.06907468681635,archived,2024-06-26
6481,Product_6481_0,sports,101.77794043242895,120.59516910403907,active,2024-11-25
6482,Product_6482_0,electronics,912.210829318802,174.66742231498205,pending,2024-06-19
6483,Product_6483_0,clothing,430.6794725857935,345.9293259230608,pending,2024-07-27
6484,Product_6484_0,clothing,79.10325359106756,266.8034034239156,pending,2024-01-28
6485,Product_6485_0,electronics,798.3608268708308,386.4120565612484,archived,2024-04-17
6486,Product_6486_0,electronics,464.76823268799194,379.93165626451577,active,2024-01-09
6487,Product_6487_0,books,798.8348643837735,441.6203643369275,archived,2024-03-13
6488,Product_6488_0,electronics,534.7558635492295,330.06302952274393,inactive,2024-01-04
6489,Product_6489_0,books,814.6751363128518,31.418271516217732,archived,2024-05-09
6490,Product_6490_0,home,32.933391439054475,65.2569195085334,inactive,2024-09-10
6491,Product_6491_0,sports,860.4183381697557,344.03387039442464,inactive,2024-09-19
6492,Product_6492_0,home,328.782307361459,288.4907298112165,inactive,2024-01-01
6493,Product_6493_0,home,161.60357187041438,53.11694677679063,archived,2024-11-16
6494,Product_6494_0,books,554.4433617741345,219.37938721661826,pending,2024-10-17
6495,Product_6495_0,clothing,622.4768825071607,341.4290643317079,active,2024-02-22
6496,Product_6496_0,clothing,75.7665806368626,357.52860051055785,inactive,2024-01-24
6497,Product_6497_0,electronics,76.95298852688639,42.80917320213648,archived,2024-03-28
6498,Product_6498_0,sports,159.88271907312142,413.3982184198283,inactive,2024-09-11
6499,Product_6499_0,books,380.32047418834384,471.30989370809505,pending,2024-08-06
6500,Product_6500_0,home,539.0159685947922,379.26037774002685,active,2024-01-07
6501,Product_6501_0,books,937.4935968591665,194.07476843787236,pending,2024-10-12
6502,Product_6502_0,clothing,243.13695533047635,120.8076744205203,pending,2024-12-05
6503,Product_6503_0,sports,559.2050089163981,158.47473659745125,active,2024-06-26
6504,Product_6504_0,electronics,95.5851575389183,344.7753559244575,inactive,2024-12-09
6505,Product_6505_0,books,291.2160993816825,415.8096208628481,archived,2024-07-28
6506,Product_6506_0,home,831.029244938019,431.01239222684035,active,2024-10-25
6507,Product_6507_0,home,234.1719258589498,191.2351201276941,pending,2024-06-24
6508,Product_6508_0,electronics,229.22427158057718,32.84571548572969,archived,2024-01-12
6509,Product_6509_0,sports,947.1997116723694,368.63120968223245,inactive,2024-08-03
6510,Product_6510_0,home,207.0602964983498,328.12249769752174,pending,2024-11-04
6511,Product_6511_0,electronics,750.7814349189009,156.56086073982362,active,2024-07-03
6512,Product_6512_0,sports,256.96313957024717,153.511328809349,pending,2024-07-05
6513,Product_6513_0,clothing,89.24060335934522,37.367333633535885,active,2024-08-20
6514,Product_6514_0,books,712.1600209883409,453.19767193769854,inactive,2024-02-28
6515,Product_6515_0,electronics,967.9780966825525,227.23985689781833,archived,2024-01-05
6516,Product_6516_0,clothing,582.8665791636813,173.95947542820574,active,2024-05-19
6517,Product_6517_0,sports,763.2535647979275,409.2425703357117,inactive,2024-05-06
6518,Product_6518_0,electronics,462.90363482843776,216.70048576753445,inactive,2024-10-07
6519,Product_6519_0,electronics,85.73893741122569,448.9039287978656,pending,2024-08-16
6520,Product_6520_0,books,859.8032502730621,185.59353445512457,active,2024-05-02
6521,Product_6521_0,sports,184.3876790930327,424.0008527782613,pending,2024-08-21
6522,Product_6522_0,home,613.4207375556525,119.76484315032545,inactive,2024-01-02
6523,Product_6523_0,sports,351.3347174765351,250.31692408871717,inactive,2024-05-11
6524,Product_6524_0,books,783.2546825749615,49.45806495131932,pending,2024-04-11
6525,Product_6525_0,electronics,99.98831645653432,476.31842628896186,pending,2024-05-15
6526,Product_6526_0,clothing,663.7992802108685,71.63004060149382,active,2024-04-05
6527,Product_6527_0,home,702.334477670145,377.6301351343303,active,2024-05-21
6528,Product_6528_0,home,777.3438822898493,386.09239607172094,pending,2024-06-10
6529,Product_6529_0,clothing,870.9514229540309,271.181604656232,active,2024-04-21
6530,Product_6530_0,books,910.073481171117,201.6350054370643,active,2024-11-16
6531,Product_6531_0,books,448.8720809213577,427.71009208123513,pending,2024-04-19
6532,Product_6532_0,electronics,766.7888031149167,12.807375324423749,pending,2024-08-21
6533,Product_6533_0,clothing,857.0776831156588,118.59554484440964,archived,2024-09-18
6534,Product_6534_0,electronics,841.5857832207257,138.40493909624163,pending,2024-09-24
6535,Product_6535_0,books,269.1032336997598,94.96762057294553,inactive,2024-05-09
6536,Product_6536_0,books,467.022543686215,89.82087003341859,pending,2024-08-02
6537,Product_6537_0,sports,544.7373671658121,417.77126906548017,pending,2024-11-20
6538,Product_6538_0,sports,424.2674223685557,425.8222326932236,pending,2024-06-16
6539,Product_6539_0,home,62.44390729224197,59.185558881487715,inactive,2024-03-01
6540,Product_6540_0,clothing,189.35347272501298,286.2669204021812,inactive,2024-07-18
6541,Product_6541_0,home,906.358182497948,482.21599501180134,pending,2024-11-26
6542,Product_6542_0,electronics,845.7937641385874,110.31794525092305,pending,2024-08-27
6543,Product_6543_0,electronics,53.249383791860375,368.7456782707477,active,2024-06-23
6544,Product_6544_0,sports,347.5720956177895,121.67323408938752,inactive,2024-06-01
6545,Product_6545_0,sports,535.7901723871526,475.03481455887044,active,2024-03-01
6546,Product_6546_0,electronics,974.4944434088637,286.35407143086053,inactive,2024-06-15
6547,Product_6547_0,electronics,392.6520730736284,341.6965374359712,pending,2024-09-14
6548,Product_6548_0,clothing,451.3089840542774,424.2582278471087,inactive,2024-07-09
6549,Product_6549_0,home,342.65087918957244,48.79186057632909,pending,2024-08-11
6550,Product_6550_0,home,656.1299449318575,245.14857480766548,inactive,2024-09-20
6551,Product_6551_0,books,717.6716956063086,251.5320075381717,active,2024-11-28
6552,Product_6552_0,clothing,83.5523256286977,233.69398250309814,active,2024-04-17
6553,Product_6553_0,sports,784.2672899979899,233.5371856052144,archived,2024-05-05
6554,Product_6554_0,clothing,293.5039837829283,268.94106017708845,archived,2024-08-28
6555,Product_6555_0,sports,687.2241175226264,290.9845034025067,archived,2024-07-18
6556,Product_6556_0,sports,893.2304241540384,242.24637021916294,active,2024-04-04
6557,Product_6557_0,home,797.5666526511527,210.49695994770457,pending,2024-01-06
6558,Product_6558_0,clothing,612.9983466779612,332.1756575764838,pending,2024-02-08
6559,Product_6559_0,electronics,884.4402633671332,134.9414152185459,pending,2024-11-28
6560,Product_6560_0,clothing,81.85815417267368,142.9634039283404,archived,2024-10-09
6561,Product_6561_0,clothing,149.25741993400237,142.85053702206906,inactive,2024-01-15
6562,Product_6562_0,clothing,890.8906829198162,476.3283441604255,archived,2024-08-13
6563,Product_6563_0,books,641.5831778368798,309.10550060695994,active,2024-04-04
6564,Product_6564_0,electronics,739.6977701766805,316.4861618350915,pending,2024-06-14
6565,Product_6565_0,home,975.5886592841666,233.52680797108272,inactive,2024-02-25
6566,Product_6566_0,home,780.6662851252224,159.3589677533283,active,2024-02-06
6567,Product_6567_0,clothing,589.2402937739732,352.82544174905354,active,2024-07-26
6568,Product_6568_0,books,3.11630007969974,222.24336704468544,pending,2024-04-07
6569,Product_6569_0,books,289.01537933329087,313.83372319525813,inactive,2024-12-10
6570,Product_6570_0,electronics,291.18770664426563,263.81295701864497,pending,2024-02-06
6571,Product_6571_0,home,345.9263290944937,258.5140271478987,active,2024-02-04
6572,Product_6572_0,clothing,561.7558395020939,29.02772579707639,archived,2024-08-05
6573,Product_6573_0,clothing,277.10233716834745,88.79240408738617,archived,2024-10-13
6574,Product_6574_0,clothing,120.16986539512004,117.68717582738034,pending,2024-09-13
6575,Product_6575_0,clothing,466.1864338097159,44.795115703475034,pending,2024-10-06
6576,Product_6576_0,electronics,235.8780093438864,446.53889588965916,active,2024-06-24
6577,Product_6577_0,clothing,511.1062463505519,259.471026869968,inactive,2024-12-23
6578,Product_6578_0,books,843.3866591764543,131.5540448012414,pending,2024-08-22
6579,Product_6579_0,books,308.03465119304576,84.20253845827747,active,2024-02-06
6580,Product_6580_0,electronics,363.9784617942784,158.94197597919324,pending,2024-05-22
6581,Product_6581_0,home,423.3430173443581,352.95533511459166,pending,2024-07-09
6582,Product_6582_0,clothing,12.548357172684666,322.25589189489637,inactive,2024-10-01
6583,Product_6583_0,books,469.3979766606006,71.03823451199474,active,2024-10-21
6584,Product_6584_0,home,458.65378577885184,368.40083070742963,active,2024-08-10
6585,Product_6585_0,sports,627.1970955400842,329.52675674899984,active,2024-10-25
6586,Product_6586_0,clothing,749.1063312375896,335.13727157418003,archived,2024-12-01
6587,Product_6587_0,books,547.8032691434637,18.98744067980097,inactive,2024-06-11
6588,Product_6588_0,clothing,133.88146036774728,252.64787560257028,active,2024-05-28
6589,Product_6589_0,books,798.4919537899451,322.75965943594815,inactive,2024-08-25
6590,Product_6590_0,home,380.05806678212593,374.3153809604894,active,2024-12-22
6591,Product_6591_0,home,414.31389288710784,174.7113245055225,inactive,2024-04-05
6592,Product_6592_0,sports,325.57586546109013,194.41487450817414,inactive,2024-10-04
6593,Product_6593_0,clothing,287.75466610849855,42.00481710021789,active,2024-01-12
6594,Product_6594_0,electronics,4.118078702071153,179.7467350471845,active,2024-07-02
6595,Product_6595_0,electronics,523.4616930964595,469.55204274813025,active,2024-09-03
6596,Product_6596_0,sports,523.8295220041551,147.02285824148768,active,2024-03-19
6597,Product_6597_0,clothing,910.8125468160678,358.1458912851676,pending,2024-11-19
6598,Product_6598_0,home,667.0186404544888,384.71045812833955,pending,2024-09-23
6599,Product_6599_0,clothing,861.5164168113209,368.4064358298414,pending,2024-07-24
6600,Product_6600_0,electronics,993.4042626236804,201.64092667299062,pending,2024-01-03
6601,Product_6601_0,clothing,152.80148520112851,378.5227816790822,archived,2024-01-19
6602,Product_6602_0,clothing,546.0686049882867,374.5058113309903,active,2024-06-08
6603,Product_6603_0,clothing,193.8119199115608,156.67170894946437,archived,2024-09-28
6604,Product_6604_0,electronics,770.4041306428537,210.24245151438942,inactive,2024-01-06
6605,Product_6605_0,clothing,884.8167584356908,55.2214889867708,inactive,2024-01-11
6606,Product_6606_0,clothing,643.2722992810776,233.1984758209403,archived,2024-06-27
6607,Product_6607_0,sports,221.48302005822498,377.4865335966586,inactive,2024-06-09
6608,Product_6608_0,clothing,327.6735830906707,280.65619072588976,archived,2024-08-10
6609,Product_6609_0,books,190.2226605975227,282.37038390262575,archived,2024-02-13
6610,Product_6610_0,books,77.4728155206407,340.28622209072955,inactive,2024-01-20
6611,Product_6611_0,sports,857.2705954256361,450.5749524705299,inactive,2024-09-04
6612,Product_6612_0,clothing,540.5317554179394,347.2207770578964,inactive,2024-07-03
6613,Product_6613_0,home,524.8020645418538,185.0812024380809,pending,2024-05-05
6614,Product_6614_0,home,5.534922499002257,213.53309307933034,archived,2024-11-04
6615,Product_6615_0,electronics,733.1578008378484,61.11493029959212,pending,2024-04-15
6616,Product_6616_0,electronics,255.06976487451942,478.13263587818426,active,2024-10-08
6617,Product_6617_0,clothing,802.5668574876177,360.92219114548556,pending,2024-10-26
6618,Product_6618_0,sports,622.2352676147691,34.14802944929819,active,2024-09-13
6619,Product_6619_0,clothing,997.8592259544047,360.8128579297519,active,2024-04-15
6620,Product_6620_0,electronics,205.621501962092,84.5036373480283,archived,2024-07-14
6621,Product_6621_0,clothing,341.2472172969034,182.74096478524442,archived,2024-06-21
6622,Product_6622_0,sports,973.9125493035344,79.20285990615581,archived,2024-03-27
6623,Product_6623_0,clothing,349.2903724940796,384.44979784811466,active,2024-12-18
6624,Product_6624_0,books,898.3636456008218,339.8290590060432,inactive,2024-04-26
6625,Product_6625_0,sports,803.2016775555938,210.38705462901635,inactive,2024-08-12
6626,Product_6626_0,home,529.6116668069603,154.9763235382701,archived,2024-12-05
6627,Product_6627_0,electronics,57.67238331195013,177.5306712621646,archived,2024-01-07
6628,Product_6628_0,sports,42.0663142861012,400.35381600680716,pending,2024-12-13
6629,Product_6629_0,clothing,180.82456436580873,184.16404586287544,inactive,2024-01-03
6630,Product_6630_0,electronics,343.5464366583655,208.20025615850713,archived,2024-05-21
6631,Product_6631_0,home,15.01729416574796,72.2635441213494,inactive,2024-07-13
6632,Product_6632_0,electronics,925.1112495247474,142.64503734135243,inactive,2024-08-08
6633,Product_6633_0,books,653.0388844484376,38.11984017598726,inactive,2024-08-14
6634,Product_6634_0,sports,415.26580107483863,184.3916855018821,inactive,2024-11-27
6635,Product_6635_0,home,517.3948240128493,120.46408362334797,inactive,2024-06-11
6636,Product_6636_0,books,851.7870107329791,395.0257288924832,pending,2024-12-09
6637,Product_6637_0,electronics,193.68049094289427,261.4363233174244,inactive,2024-04-22
6638,Product_6638_0,clothing,735.732111080599,440.67978445203056,inactive,2024-01-24
6639,Product_6639_0,books,664.8185085968585,162.0183528610955,inactive,2024-01-21
6640,Product_6640_0,electronics,828.0722996216703,184.4020467092901,active,2024-08-15
6641,Product_6641_0,electronics,446.18542049027786,273.2154626838499,inactive,2024-08-02
6642,Product_6642_0,sports,113.98080469423377,465.5802868039061,pending,2024-05-04
6643,Product_6643_0,sports,737.6921174460721,30.950184671900846,archived,2024-07-18
6644,Product_6644_0,clothing,920.8488970918719,352.91341765542955,active,2024-09-16
6645,Product_6645_0,home,860.8224845842366,43.16045264846621,inactive,2024-02-14
6646,Product_6646_0,sports,602.2422622824679,359.53598915971236,pending,2024-08-12
6647,Product_6647_0,electronics,979.7932487664631,242.94162747093193,pending,2024-12-18
6648,Product_6648_0,home,973.4648063925845,342.48794488929525,archived,2024-07-16
6649,Product_6649_0,books,844.1592249329641,471.800889697514,inactive,2024-01-16
6650,Product_6650_0,electronics,988.9461127949293,425.4669948762228,archived,2024-08-26
6651,Product_6651_0,home,762.2039940162457,442.4080686000348,active,2024-01-26
6652,Product_6652_0,books,875.463442212736,348.69452866099886,pending,2024-04-20
6653,Product_6653_0,sports,522.1457295143356,87.93201439067415,archived,2024-08-27
6654,Product_6654_0,home,928.4544015583455,364.2341185583762,pending,2024-02-19
6655,Product_6655_0,home,333.35783507915,308.1426214482146,inactive,2024-06-07
6656,Product_6656_0,clothing,275.42061877591345,54.46024620239929,pending,2024-09-09
6657,Product_6657_0,books,556.293179926659,359.40088210205545,pending,2024-01-01
6658,Product_6658_0,books,14.839216078635387,366.9540641977667,inactive,2024-10-15
6659,Product_6659_0,sports,2.4099317335102706,331.9188811367973,inactive,2024-08-02
6660,Product_6660_0,clothing,759.2921988307907,357.00157458696,archived,2024-08-18
6661,Product_6661_0,home,390.23214379451866,233.58196436932639,inactive,2024-11-09
6662,Product_6662_0,home,652.4053746599662,73.56417886885129,archived,2024-08-12
6663,Product_6663_0,electronics,930.9052431010908,284.2115361764447,pending,2024-08-04
6664,Product_6664_0,clothing,862.2998403695652,119.84011895692863,active,2024-08-14
6665,Product_6665_0,books,874.4135741546903,459.42011833767106,inactive,2024-03-25
6666,Product_6666_0,books,746.5724725809379,101.77572421700357,active,2024-01-05
6667,Product_6667_0,home,533.4276433788204,147.7105835191853,inactive,2024-12-15
6668,Product_6668_0,home,852.2834444299305,272.4379522199941,archived,2024-10-14
6669,Product_6669_0,home,822.0589157034535,279.84959801077383,inactive,2024-02-24
6670,Product_6670_0,home,928.7036793116569,219.2982674024541,pending,2024-08-13
6671,Product_6671_0,electronics,833.3849415547402,102.050780807543,inactive,2024-10-15
6672,Product_6672_0,clothing,610.293983702957,310.86055157582007,active,2024-09-16
6673,Product_6673_0,clothing,633.2174167193463,470.0802520696707,inactive,2024-03-07
6674,Product_6674_0,electronics,202.91392739919948,311.8431776080404,archived,2024-03-06
6675,Product_6675_0,sports,627.6211909977477,274.61227428587074,archived,2024-08-20
6676,Product_6676_0,sports,708.5697594556066,307.9746065401164,pending,2024-01-03
6677,Product_6677_0,electronics,420.263765187009,210.06543892224667,active,2024-06-12
6678,Product_6678_0,electronics,618.9567365123498,288.9095185172874,active,2024-10-18
6679,Product_6679_0,books,552.3681850383571,169.61382597247706,inactive,2024-02-24
6680,Product_6680_0,electronics,647.9983356866671,386.7891404011184,active,2024-05-05
6681,Product_6681_0,electronics,229.79797262783796,354.362766256063,active,2024-01-22
6682,Product_6682_0,clothing,507.03249575871166,140.90102722053922,inactive,2024-06-06
6683,Product_6683_0,clothing,533.8216543407567,462.6057909506876,inactive,2024-08-25
6684,Product_6684_0,clothing,294.77594718671975,129.11613045332362,archived,2024-08-20
6685,Product_6685_0,books,748.7367360839929,177.0304824258474,active,2024-04-25
6686,Product_6686_0,clothing,74.50400912201644,226.41596047176654,pending,2024-03-10
6687,Product_6687_0,sports,428.59848741984763,117.09662616934646,archived,2024-01-21
6688,Product_6688_0,electronics,489.6152089416113,321.85349283710696,active,2024-10-10
6689,Product_6689_0,electronics,98.33423065133377,333.89954613171193,archived,2024-02-16
6690,Product_6690_0,clothing,748.5679647374142,116.69140980371508,active,2024-08-08
6691,Product_6691_0,sports,156.2015740222203,204.06253500445862,pending,2024-09-02
6692,Product_6692_0,sports,689.7389734471652,158.42889933298275,active,2024-07-24
6693,Product_6693_0,electronics,826.9359587371949,56.98789927283452,inactive,2024-05-23
6694,Product_6694_0,electronics,99.09837870434993,43.75988912624137,inactive,2024-04-20
6695,Product_6695_0,sports,461.4080601179874,436.3995286193026,inactive,2024-04-21
6696,Product_6696_0,sports,432.25462643325176,379.4745929879762,inactive,2024-06-01
6697,Product_6697_0,electronics,186.0703486400649,12.13549777916192,inactive,2024-10-20
6698,Product_6698_0,home,658.5699906098675,100.24848969863575,archived,2024-04-04
6699,Product_6699_0,electronics,402.4188098405767,344.87323704599976,active,2024-10-25
6700,Product_6700_0,clothing,551.8828888938556,461.8043805759923,inactive,2024-09-16
6701,Product_6701_0,electronics,725.0619956457724,307.2112072815334,archived,2024-07-23
6702,Product_6702_0,home,565.015999155668,203.83103323900883,archived,2024-07-07
6703,Product_6703_0,books,144.4703529967801,138.60751504651935,active,2024-06-21
6704,Product_6704_0,clothing,837.3722690646762,234.52807188542164,active,2024-09-14
6705,Product_6705_0,home,152.49462546621592,307.8244353219326,archived,2024-09-16
6706,Product_6706_0,home,322.58695818941214,331.6394575075318,inactive,2024-07-25
6707,Product_6707_0,home,819.7948812566011,151.23768547810175,active,2024-08-02
6708,Product_6708_0,home,235.73063692608824,371.7749334945642,archived,2024-08-16
6709,Product_6709_0,home,999.9048949384628,288.3195191856059,archived,2024-08-03
6710,Product_6710_0,clothing,757.3307973423565,284.0004111439198,active,2024-12-18
6711,Product_6711_0,clothing,61.96939392441118,402.4515410319555,pending,2024-06-22
6712,Product_6712_0,sports,405.8809354981589,446.4136540855642,archived,2024-02-26
6713,Product_6713_0,books,889.2702453218433,134.42669422095378,pending,2024-11-04
6714,Product_6714_0,home,487.5187886919625,409.2475570924968,active,2024-10-21
6715,Product_6715_0,electronics,815.5685897563642,488.47198303517797,active,2024-08-02
6716,Product_6716_0,books,980.0342154870408,30.911785850301,inactive,2024-09-07
6717,Product_6717_0,sports,16.08099433832728,45.983496226375266,archived,2024-10-11
6718,Product_6718_0,home,554.8841819480322,400.6932623768699,pending,2024-06-12
6719,Product_6719_0,electronics,16.41615653874741,247.1726032782065,inactive,2024-12-13
6720,Product_6720_0,electronics,729.4344145644864,405.87525807115605,active,2024-04-11
6721,Product_6721_0,sports,711.014718990803,431.81970347265457,inactive,2024-02-11
6722,Product_6722_0,sports,159.484244266594,262.8396100434152,active,2024-01-24
6723,Product_6723_0,home,911.0202480427703,459.3365392328484,pending,2024-07-18
6724,Product_6724_0,electronics,636.351679987678,318.9733671926026,inactive,2024-05-03
6725,Product_6725_0,sports,913.765051911188,157.22382498419097,active,2024-04-11
6726,Product_6726_0,home,8.243105964822758,191.9454031833138,pending,2024-12-26
6727,Product_6727_0,home,449.830055999829,453.1091831977758,archived,2024-03-02
6728,Product_6728_0,home,750.7786709929464,277.8216433357648,archived,2024-03-23
6729,Product_6729_0,books,711.6464816703533,140.88519705382475,inactive,2024-05-01
6730,Product_6730_0,home,223.50196010635557,40.62453022541105,pending,2024-08-10
6731,Product_6731_0,clothing,219.18371803547302,279.59018653839985,archived,2024-04-21
6732,Product_6732_0,sports,655.730285153781,73.1838392923447,active,2024-05-10
6733,Product_6733_0,clothing,529.3631491816841,188.41790696911298,archived,2024-10-07
6734,Product_6734_0,sports,963.080513424153,342.03844884504764,active,2024-07-27
6735,Product_6735_0,books,949.3029118167768,489.1760170727097,active,2024-04-03
6736,Product_6736_0,sports,826.0636058966485,330.61650284424553,inactive,2024-09-17
6737,Product_6737_0,books,958.414567393854,317.51477992664763,inactive,2024-08-01
6738,Product_6738_0,clothing,512.661049425067,454.5346572090644,active,2024-03-16
6739,Product_6739_0,books,910.0064749748137,137.86079229019037,pending,2024-08-19
6740,Product_6740_0,books,748.6013497376475,483.63437173056883,active,2024-01-05
6741,Product_6741_0,books,326.93506148012216,454.17419181768497,active,2024-08-07
6742,Product_6742_0,books,672.1593199300152,422.27682860889223,pending,2024-11-28
6743,Product_6743_0,home,881.7232363377885,267.44710863549267,active,2024-09-04
6744,Product_6744_0,home,646.2857950592057,69.90658173784198,inactive,2024-09-25
6745,Product_6745_0,electronics,668.6249254798653,374.3462333179146,archived,2024-04-10
6746,Product_6746_0,books,784.7706998224987,425.98756873917546,inactive,2024-08-17
6747,Product_6747_0,home,313.7892703657151,330.37074123118373,inactive,2024-04-03
6748,Product_6748_0,home,729.6688716834434,156.75899790591959,pending,2024-11-01
6749,Product_6749_0,home,57.39013346609675,169.34319238618315,pending,2024-09-28
6750,Product_6750_0,electronics,500.4369727593955,410.98847447720806,active,2024-10-05
6751,Product_6751_0,sports,354.41999340501616,368.87143687129316,archived,2024-08-19
6752,Product_6752_0,clothing,719.0575356273581,11.689738563660946,active,2024-11-22
6753,Product_6753_0,sports,827.8409038077978,328.1956613191804,inactive,2024-02-16
6754,Product_6754_0,clothing,719.2241756393931,382.0681337799267,archived,2024-08-22
6755,Product_6755_0,sports,677.1894881955885,457.0304832003506,pending,2024-12-01
6756,Product_6756_0,clothing,848.3063931435329,116.97522389322394,pending,2024-08-18
6757,Product_6757_0,books,134.53586244564192,321.48593206020087,pending,2024-11-21
6758,Product_6758_0,home,630.9255509012256,135.92072060335738,inactive,2024-08-08
6759,Product_6759_0,home,720.3172859612832,16.248972023057537,pending,2024-09-11
6760,Product_6760_0,electronics,339.10311678260086,139.53408152548275,inactive,2024-04-03
6761,Product_6761_0,sports,591.2029790437392,387.4357886920484,archived,2024-07-05
6762,Product_6762_0,books,151.32866315654002,343.3120422606001,archived,2024-05-24
6763,Product_6763_0,books,991.3822624927338,15.573436243162954,inactive,2024-05-20
6764,Product_6764_0,sports,212.30755986670093,11.917056204656415,inactive,2024-09-16
6765,Product_6765_0,home,264.3210814386229,59.411589063673276,archived,2024-01-05
6766,Product_6766_0,electronics,198.92130383166847,264.72443525879885,inactive,2024-07-17
6767,Product_6767_0,home,317.8378551855286,192.41791308572684,pending,2024-10-20
6768,Product_6768_0,clothing,198.6963646260903,124.7842659068247,pending,2024-03-18
6769,Product_6769_0,sports,912.9943452047571,42.33996137067797,pending,2024-03-16
6770,Product_6770_0,books,315.9545792487281,375.1877497896716,archived,2024-05-25
6771,Product_6771_0,sports,410.9108627072795,408.1475886027824,pending,2024-06-15
6772,Product_6772_0,clothing,122.155977559297,97.07688580022123,pending,2024-07-02
6773,Product_6773_0,electronics,571.053885676913,43.30620142060081,inactive,2024-07-02
6774,Product_6774_0,books,499.7506225512773,332.26862626032386,active,2024-10-02
6775,Product_6775_0,electronics,502.9387422091827,83.88308819533844,archived,2024-10-03
6776,Product_6776_0,electronics,823.0001754457561,412.02185706756643,inactive,2024-07-27
6777,Product_6777_0,electronics,835.9708257548335,325.58936539246645,pending,2024-04-27
6778,Product_6778_0,sports,362.36279653751643,446.7765343676341,pending,2024-01-10
6779,Product_6779_0,books,89.56885152020074,64.5068151563826,active,2024-02-03
6780,Product_6780_0,books,829.4363071937419,56.23994691859381,inactive,2024-07-15
6781,Product_6781_0,home,767.8176999835649,12.958239986445962,archived,2024-06-07
6782,Product_6782_0,electronics,246.1423416307013,247.80937904160012,inactive,2024-08-23
6783,Product_6783_0,clothing,495.3915369328467,483.536476458994,active,2024-02-17
6784,Product_6784_0,clothing,751.6338946023708,79.72722440051147,archived,2024-04-15
6785,Product_6785_0,clothing,911.6178133789324,46.88465912856385,pending,2024-08-13
6786,Product_6786_0,clothing,646.8022685928714,329.22685606885767,inactive,2024-07-27
6787,Product_6787_0,electronics,362.4865438615142,395.9555421752095,archived,2024-10-19
6788,Product_6788_0,sports,964.5533569874235,353.2907127427493,inactive,2024-09-01
6789,Product_6789_0,books,441.73821035579084,335.5144671427856,archived,2024-03-22
6790,Product_6790_0,sports,139.14498151989645,259.5324903409367,pending,2024-05-15
6791,Product_6791_0,books,116.85168571433772,278.6416489517064,inactive,2024-10-19
6792,Product_6792_0,home,550.4137095014836,231.57640682733074,active,2024-08-22
6793,Product_6793_0,electronics,867.8082123974596,169.02662321206688,inactive,2024-07-09
6794,Product_6794_0,clothing,51.063681365350334,96.12457094373268,active,2024-06-11
6795,Product_6795_0,books,664.2619899392242,117.65244664229363,archived,2024-01-02
6796,Product_6796_0,books,274.8573869637515,316.5521389152268,inactive,2024-08-08
6797,Product_6797_0,electronics,878.596683347352,106.26261409686481,pending,2024-11-23
6798,Product_6798_0,sports,529.2504788830305,156.50001005186542,archived,2024-07-19
6799,Product_6799_0,clothing,349.23633653594146,123.10259501015923,archived,2024-04-17
6800,Product_6800_0,clothing,198.24220792622515,356.64887019307474,active,2024-09-15
6801,Product_6801_0,home,561.7101920141109,84.42246408654691,active,2024-09-14
6802,Product_6802_0,electronics,268.2829858737298,265.4179105607071,archived,2024-01-19
6803,Product_6803_0,home,559.923042498555,399.34347701477844,active,2024-08-06
6804,Product_6804_0,books,719.5073355718057,246.4951207890478,archived,2024-07-24
6805,Product_6805_0,books,852.5871189438338,26.648332219473684,pending,2024-09-08
6806,Product_6806_0,home,752.2938605862842,219.41108674581204,archived,2024-01-25
6807,Product_6807_0,books,235.8808131292343,172.8303453016265,pending,2024-07-15
6808,Product_6808_0,books,403.71412346303595,15.547552258864197,inactive,2024-03-16
6809,Product_6809_0,clothing,28.047350668759087,466.59998431671886,archived,2024-04-17
6810,Product_6810_0,sports,261.9413733995184,262.3196706723544,inactive,2024-11-24
6811,Product_6811_0,clothing,431.01710937964407,121.26488504261536,inactive,2024-10-14
6812,Product_6812_0,home,244.62375232581203,175.76401135828334,pending,2024-04-05
6813,Product_6813_0,electronics,676.5144455062511,372.63020157003507,active,2024-04-11
6814,Product_6814_0,electronics,286.0068895425112,42.65422241714281,archived,2024-06-13
6815,Product_6815_0,clothing,145.3357425561236,31.621323690465186,active,2024-07-26
6816,Product_6816_0,electronics,471.98264518521285,373.7917309415445,active,2024-04-16
6817,Product_6817_0,clothing,48.87612185657952,103.54424098131258,inactive,2024-08-19
6818,Product_6818_0,books,882.1000668391937,12.948059407016892,active,2024-07-26
6819,Product_6819_0,sports,593.201120382314,108.82569884032443,archived,2024-04-13
6820,Product_6820_0,electronics,63.55208729916376,46.554864157549865,inactive,2024-01-14
6821,Product_6821_0,home,865.4076781280243,391.33389985145044,pending,2024-07-26
6822,Product_6822_0,home,581.1710330515452,40.53169491748757,inactive,2024-01-03
6823,Product_6823_0,home,185.7136761150719,101.1974610833134,inactive,2024-02-03
6824,Product_6824_0,electronics,928.4521470951616,199.14829454818081,pending,2024-01-06
6825,Product_6825_0,electronics,523.5586335547986,429.4550676806184,inactive,2024-12-28
6826,Product_6826_0,electronics,127.41393498529344,462.2536671885437,active,2024-09-28
6827,Product_6827_0,sports,442.64413767933127,14.984862101659163,archived,2024-10-08
6828,Product_6828_0,home,755.4867544337002,388.12475061382247,inactive,2024-10-02
6829,Product_6829_0,sports,732.8997671123609,346.6883445415604,inactive,2024-12-13
6830,Product_6830_0,clothing,718.6886703551263,441.49615668798083,inactive,2024-11-09
6831,Product_6831_0,books,858.7911058222659,218.14906489677176,inactive,2024-05-19
6832,Product_6832_0,clothing,681.1907691213787,20.454464332575352,active,2024-07-01
6833,Product_6833_0,sports,193.08879136135843,89.2624922584872,archived,2024-07-26
6834,Product_6834_0,home,634.572150636239,185.26045838072974,pending,2024-02-12
6835,Product_6835_0,home,909.8060052225121,422.12468491274404,inactive,2024-10-16
6836,Product_6836_0,electronics,474.618829009857,33.88172068287804,inactive,2024-03-28
6837,Product_6837_0,books,630.1332845767035,493.8782428854884,archived,2024-02-10
6838,Product_6838_0,home,513.7924138820958,250.29037619158598,active,2024-11-14
6839,Product_6839_0,home,327.1554026898898,320.962341088365,archived,2024-06-01
6840,Product_6840_0,clothing,383.4979777424066,332.1929909062016,pending,2024-07-19
6841,Product_6841_0,books,274.18546642754706,142.21577284679637,active,2024-10-07
6842,Product_6842_0,books,292.88892129540216,469.7826862236714,inactive,2024-11-02
6843,Product_6843_0,clothing,637.7733598392981,39.83586374122467,pending,2024-10-18
6844,Product_6844_0,home,469.01423598138433,214.32166925863007,archived,2024-06-27
6845,Product_6845_0,books,510.0416389686136,36.498489214900104,archived,2024-02-18
6846,Product_6846_0,sports,745.3661744482754,234.06909689846768,active,2024-01-24
6847,Product_6847_0,sports,717.1281481258063,72.5812802789583,pending,2024-01-10
6848,Product_6848_0,home,216.2963254266727,166.69368126307674,archived,2024-04-15
6849,Product_6849_0,sports,970.4100664039112,152.55239372580766,pending,2024-01-19
6850,Product_6850_0,books,421.12826722372967,165.84185515516694,inactive,2024-12-03
6851,Product_6851_0,electronics,167.08632078724833,465.85541778578664,active,2024-02-09
6852,Product_6852_0,books,747.9351614440191,406.1017922445049,active,2024-10-18
6853,Product_6853_0,clothing,390.46120829073107,185.40243817029233,inactive,2024-08-11
6854,Product_6854_0,home,131.92863387280678,251.17996388625238,inactive,2024-09-06
6855,Product_6855_0,sports,169.24175208691656,305.0457253210355,inactive,2024-10-22
6856,Product_6856_0,home,586.0913912980944,169.40921084167243,pending,2024-08-24
6857,Product_6857_0,clothing,294.2251906195158,407.9684371556379,inactive,2024-12-01
6858,Product_6858_0,clothing,210.75926196577356,290.79056689841485,pending,2024-04-07
6859,Product_6859_0,clothing,947.3541269359524,410.4263735352299,active,2024-02-25
6860,Product_6860_0,electronics,627.2615721890585,289.373814384951,pending,2024-03-04
6861,Product_6861_0,clothing,355.53551194825707,134.3990201335655,active,2024-02-14
6862,Product_6862_0,home,196.75576240370958,309.20374148915727,pending,2024-01-04
6863,Product_6863_0,home,109.74317670337732,219.3424012648703,inactive,2024-08-13
6864,Product_6864_0,sports,445.08023028216013,165.96305950286566,active,2024-12-12
6865,Product_6865_0,clothing,24.563959158527986,400.9903148041563,archived,2024-01-22
6866,Product_6866_0,books,992.0687988643949,315.97391329618176,inactive,2024-05-01
6867,Product_6867_0,sports,127.8111080133176,213.78937759234384,inactive,2024-11-09
6868,Product_6868_0,sports,661.6992940063503,487.0364798821317,archived,2024-03-14
6869,Product_6869_0,sports,814.805917993459,302.18425070824645,active,2024-08-14
6870,Product_6870_0,clothing,495.84231080874264,397.7183188449156,pending,2024-09-03
6871,Product_6871_0,clothing,454.04689030135535,455.67527221464496,archived,2024-09-23
6872,Product_6872_0,books,111.27318766351365,46.01757191094086,active,2024-09-06
6873,Product_6873_0,home,785.3128857911983,103.64033737795347,pending,2024-09-09
6874,Product_6874_0,electronics,108.28696608519269,334.3552682770203,archived,2024-01-19
6875,Product_6875_0,books,941.0546633346563,123.21285188343174,pending,2024-10-26
6876,Product_6876_0,sports,23.624852472457555,468.75267206040047,active,2024-12-26
6877,Product_6877_0,electronics,464.53063365818974,309.04297356045515,active,2024-01-07
6878,Product_6878_0,sports,415.3036498438706,93.6863106716508,active,2024-04-04
6879,Product_6879_0,home,716.8678086038643,465.2464817455954,pending,2024-05-12
6880,Product_6880_0,electronics,354.281292764742,402.2208443804936,inactive,2024-10-15
6881,Product_6881_0,books,530.7501126759756,403.8431505627804,inactive,2024-02-28
6882,Product_6882_0,books,428.71301435114157,337.93097168543187,archived,2024-08-15
6883,Product_6883_0,sports,166.3035848984763,69.95896094720197,active,2024-11-23
6884,Product_6884_0,clothing,677.2632221794566,308.37570593727884,archived,2024-09-27
6885,Product_6885_0,sports,215.62668920374804,216.15709970679802,pending,2024-05-13
6886,Product_6886_0,electronics,809.0434133029357,36.26513432162116,archived,2024-04-25
6887,Product_6887_0,sports,411.12378377211104,395.8898509946633,pending,2024-12-13
6888,Product_6888_0,sports,584.9900075949628,173.01864055695228,archived,2024-03-09
6889,Product_6889_0,clothing,899.7530856106426,468.4463887900685,archived,2024-01-06
6890,Product_6890_0,home,972.1101723208476,336.5073494634356,pending,2024-07-03
6891,Product_6891_0,books,992.3325114713662,209.37487739588656,archived,2024-04-20
6892,Product_6892_0,clothing,566.3014510499207,461.3560447630069,archived,2024-08-25
6893,Product_6893_0,electronics,156.35915602411148,197.812894466894,inactive,2024-04-05
6894,Product_6894_0,electronics,934.3453625170437,68.9895163301731,inactive,2024-07-27
6895,Product_6895_0,home,455.9559201374134,307.3607872275173,pending,2024-05-28
6896,Product_6896_0,electronics,299.0122892992861,434.38733320476274,inactive,2024-10-03
6897,Product_6897_0,home,966.5538721868156,89.31098760491548,active,2024-11-09
6898,Product_6898_0,clothing,931.1946398616184,498.88737382864196,inactive,2024-08-27
6899,Product_6899_0,books,399.7020043604347,373.8213734760112,inactive,2024-02-03
6900,Product_6900_0,electronics,620.2883880054748,136.446000489009,active,2024-07-08
6901,Product_6901_0,sports,931.0882455783567,263.07857737063046,active,2024-05-26
6902,Product_6902_0,sports,425.3790321671689,20.77813099309001,active,2024-10-08
6903,Product_6903_0,books,452.6242529055742,375.3052411233613,inactive,2024-04-19
6904,Product_6904_0,clothing,861.1324815499114,20.81628952718301,inactive,2024-01-21
6905,Product_6905_0,books,608.4421545579073,66.73903847129755,pending,2024-12-06
6906,Product_6906_0,sports,621.9524077611172,360.2531302496886,archived,2024-03-17
6907,Product_6907_0,clothing,896.456786873302,448.3891458077339,archived,2024-07-27
6908,Product_6908_0,electronics,281.2304833044069,166.74009955203297,pending,2024-07-27
6909,Product_6909_0,electronics,254.56945833214291,128.8211725393163,pending,2024-01-08
6910,Product_6910_0,clothing,20.41986527660374,402.6157547109012,pending,2024-08-10
6911,Product_6911_0,sports,276.12210032644265,191.1004435014576,active,2024-07-22
6912,Product_6912_0,home,360.5084674593079,475.7940303918052,archived,2024-01-04
6913,Product_6913_0,clothing,613.8196134287291,37.85039939128878,pending,2024-04-15
6914,Product_6914_0,electronics,93.82401439886122,164.39156047581,pending,2024-07-23
6915,Product_6915_0,sports,810.0564497986543,392.06518889483567,inactive,2024-04-18
6916,Product_6916_0,electronics,680.2503940502183,60.72996521009213,archived,2024-10-06
6917,Product_6917_0,books,660.9671906736788,143.79644850487503,inactive,2024-12-02
6918,Product_6918_0,books,778.6093032047501,295.44175463488983,active,2024-06-21
6919,Product_6919_0,sports,458.89761556216865,413.0626109179882,archived,2024-04-11
6920,Product_6920_0,sports,368.1173702790377,448.8804049583639,pending,2024-05-07
6921,Product_6921_0,sports,514.0695175741274,326.0862871846874,pending,2024-05-08
6922,Product_6922_0,sports,383.90410712246273,103.20234495928231,inactive,2024-03-25
6923,Product_6923_0,sports,510.68852076748874,498.0557126578048,pending,2024-06-10
6924,Product_6924_0,home,384.88346373063524,173.52210477548684,active,2024-07-20
6925,Product_6925_0,electronics,558.020862047423,491.901156059801,pending,2024-08-04
6926,Product_6926_0,home,845.3598378424565,95.4350812440663,archived,2024-02-12
6927,Product_6927_0,home,373.4021913359689,361.1819354349946,pending,2024-09-20
6928,Product_6928_0,sports,706.2920583587534,271.9766588075936,archived,2024-10-07
6929,Product_6929_0,books,354.2050606112936,415.7930522568323,inactive,2024-08-05
6930,Product_6930_0,electronics,610.5317262175377,133.0394762019318,pending,2024-02-09
6931,Product_6931_0,books,716.9007146039488,182.65894970270165,active,2024-11-15
6932,Product_6932_0,electronics,302.0026102358922,314.35831784281163,inactive,2024-06-08
6933,Product_6933_0,home,226.2868677086684,342.54968214024746,pending,2024-02-04
6934,Product_6934_0,electronics,838.2123712819598,126.61474667591358,inactive,2024-09-17
6935,Product_6935_0,clothing,483.7170522709079,264.1395771821949,inactive,2024-06-28
6936,Product_6936_0,clothing,509.8202762334076,116.35173427563937,archived,2024-03-06
6937,Product_6937_0,sports,685.811162404116,73.95460015291218,inactive,2024-11-10
6938,Product_6938_0,clothing,7.654926315333218,226.19050136881984,active,2024-01-11
6939,Product_6939_0,electronics,555.7405905372652,227.34780989290326,inactive,2024-12-03
6940,Product_6940_0,clothing,73.21959520686765,499.93482918555435,pending,2024-07-17
6941,Product_6941_0,clothing,248.7504904975633,174.43765420112805,active,2024-05-02
6942,Product_6942_0,clothing,367.3916120182021,326.10900629094357,inactive,2024-01-06
6943,Product_6943_0,books,825.2986282166647,289.31465376171894,archived,2024-11-19
6944,Product_6944_0,books,465.53174608424865,195.86211330234067,inactive,2024-08-25
6945,Product_6945_0,sports,473.27434365430935,60.04650043066491,archived,2024-12-03
6946,Product_6946_0,books,218.68930308062738,262.3596267876664,inactive,2024-01-01
6947,Product_6947_0,home,232.24758283513955,262.3400140027177,archived,2024-10-11
6948,Product_6948_0,sports,492.63081223386337,237.36077740789415,pending,2024-11-25
6949,Product_6949_0,books,768.1822763299359,77.85865033769977,archived,2024-03-11
6950,Product_6950_0,books,144.62981905262652,119.75409427360971,inactive,2024-10-01
6951,Product_6951_0,sports,321.30641485877203,94.13156383807183,pending,2024-04-12
6952,Product_6952_0,electronics,678.4604813928717,327.9234579818466,pending,2024-01-08
6953,Product_6953_0,clothing,390.20036931637725,310.08121430368465,pending,2024-03-23
6954,Product_6954_0,books,792.1030121889797,73.17129496747086,active,2024-08-12
6955,Product_6955_0,sports,537.2684721767574,228.64349595968477,active,2024-08-12
6956,Product_6956_0,books,835.4687802438879,84.06373718328533,pending,2024-07-04
6957,Product_6957_0,sports,877.0852013228805,92.93523178589678,archived,2024-03-26
6958,Product_6958_0,sports,981.5021617214868,353.1988979153258,archived,2024-01-09
6959,Product_6959_0,clothing,120.92214686624654,443.6855518956875,pending,2024-09-24
6960,Product_6960_0,books,68.30768445887489,413.45583379869765,active,2024-10-08
6961,Product_6961_0,books,431.57911617111057,168.9289981010652,active,2024-03-13
6962,Product_6962_0,sports,474.32228490886627,485.91166597874906,pending,2024-05-22
6963,Product_6963_0,clothing,510.05068412409224,229.56106546855614,pending,2024-07-07
6964,Product_6964_0,electronics,469.7861597072837,436.527146005219,archived,2024-08-02
6965,Product_6965_0,sports,302.33200596198947,112.52831507992424,active,2024-10-16
6966,Product_6966_0,sports,650.6386486156675,369.90740436768084,pending,2024-02-11
6967,Product_6967_0,sports,536.4992097625367,202.1217578263382,archived,2024-02-25
6968,Product_6968_0,sports,450.47962717523006,338.45519691641397,pending,2024-07-18
6969,Product_6969_0,electronics,705.9267189092577,481.0575179306051,active,2024-11-08
6970,Product_6970_0,home,792.409565314487,146.08988183403085,pending,2024-01-24
6971,Product_6971_0,clothing,978.6515846333027,141.17798476151808,inactive,2024-02-09
6972,Product_6972_0,sports,538.7331918395004,238.83587676298808,archived,2024-05-28
6973,Product_6973_0,sports,192.72796499505546,341.53099188720455,active,2024-11-22
6974,Product_6974_0,home,309.7613045339025,445.4378173531209,inactive,2024-06-19
6975,Product_6975_0,books,300.7135817050199,83.30279514664541,pending,2024-02-28
6976,Product_6976_0,electronics,495.8067689258211,22.762208567417904,pending,2024-04-10
6977,Product_6977_0,electronics,217.58850344463326,340.97089922733795,inactive,2024-10-01
6978,Product_6978_0,clothing,465.1125519795191,401.19898418876227,active,2024-01-27
6979,Product_6979_0,home,933.6438096639945,153.56753354833748,archived,2024-04-01
6980,Product_6980_0,books,510.24858166861947,473.7262394097321,archived,2024-09-26
6981,Product_6981_0,clothing,382.5950057539034,11.933251015051509,inactive,2024-11-15
6982,Product_6982_0,sports,576.3580444997144,226.94296475113967,archived,2024-11-25
6983,Product_6983_0,books,646.2504593043553,199.50794104998096,pending,2024-12-06
6984,Product_6984_0,books,943.7083107034257,232.81331454157305,pending,2024-09-01
6985,Product_6985_0,sports,7.3077184620152815,442.3165171161876,pending,2024-02-06
6986,Product_6986_0,books,873.2330717795197,339.79621769711434,archived,2024-08-14
6987,Product_6987_0,electronics,983.1648888100465,480.0079934541432,inactive,2024-11-10
6988,Product_6988_0,clothing,263.7374270360145,350.07992403340484,active,2024-03-24
6989,Product_6989_0,clothing,806.1041840083556,98.12858903870193,active,2024-11-22
6990,Product_6990_0,electronics,156.2403590365658,97.33069733575952,pending,2024-11-21
6991,Product_6991_0,electronics,572.8020262335011,136.07844091123303,inactive,2024-03-19
6992,Product_6992_0,home,484.25871123504,73.44141520651476,pending,2024-01-23
6993,Product_6993_0,clothing,231.41566896112892,418.7924203750908,pending,2024-03-18
6994,Product_6994_0,home,714.5635383280293,410.65035900809386,inactive,2024-06-28
6995,Product_6995_0,electronics,567.4924629780804,285.48788568280133,inactive,2024-03-17
6996,Product_6996_0,clothing,211.6888278894628,354.07423455493984,inactive,2024-12-17
6997,Product_6997_0,home,283.5521050285577,236.3716151542092,archived,2024-10-03
6998,Product_6998_0,sports,199.71170662431766,420.27451484423335,active,2024-05-14
6999,Product_6999_0,home,586.2908144006063,369.33440705581563,active,2024-11-20
7000,Product_7000_0,sports,279.5130370939046,40.87740285189194,archived,2024-04-28
7001,Product_7001_0,electronics,798.4534031963533,320.37962775851724,archived,2024-04-11
7002,Product_7002_0,home,305.77612476109886,90.80509755517046,inactive,2024-10-15
7003,Product_7003_0,home,170.48681471122816,198.60714251016995,inactive,2024-02-22
7004,Product_7004_0,home,21.288688264788103,26.131266738426444,active,2024-10-16
7005,Product_7005_0,books,458.35989795112874,314.9261972634658,pending,2024-02-12
7006,Product_7006_0,sports,165.98364178012528,29.257945550367655,archived,2024-03-27
7007,Product_7007_0,books,166.7369524239014,72.72718346268856,inactive,2024-08-07
7008,Product_7008_0,home,509.43622634789443,264.1176284791895,pending,2024-05-13
7009,Product_7009_0,sports,279.27494126459607,395.75092837457447,active,2024-12-24
7010,Product_7010_0,sports,444.8649305927078,126.05283375912906,inactive,2024-11-10
7011,Product_7011_0,sports,109.52283840880875,226.12057616854761,pending,2024-08-16
7012,Product_7012_0,sports,104.0411507652815,81.85904669707381,pending,2024-10-09
7013,Product_7013_0,clothing,479.0033575761024,11.81558747096783,pending,2024-03-20
7014,Product_7014_0,electronics,668.4391531748471,482.4998244315153,archived,2024-10-16
7015,Product_7015_0,electronics,453.70682431343687,449.0915153036426,archived,2024-10-08
7016,Product_7016_0,sports,175.904273572066,400.6142351004543,archived,2024-09-28
7017,Product_7017_0,home,751.0521534996029,394.0347324022582,active,2024-05-26
7018,Product_7018_0,clothing,189.1868508290538,143.2854904972763,inactive,2024-02-28
7019,Product_7019_0,home,255.16739838663085,389.7730004771292,active,2024-06-18
7020,Product_7020_0,books,937.4748658060305,390.6289809755763,archived,2024-03-12
7021,Product_7021_0,sports,878.7301477772937,341.26643961293973,pending,2024-11-03
7022,Product_7022_0,home,386.4679629907063,419.99977264740164,pending,2024-05-24
7023,Product_7023_0,home,45.33949501332962,449.43628745717723,active,2024-04-17
7024,Product_7024_0,electronics,596.8943597005596,470.9643371521015,active,2024-03-09
7025,Product_7025_0,electronics,663.3836913796891,175.40960471569403,inactive,2024-01-22
7026,Product_7026_0,electronics,985.0494557114243,440.9136294194684,archived,2024-02-13
7027,Product_7027_0,electronics,686.4356371180407,391.8887644045186,archived,2024-06-16
7028,Product_7028_0,sports,640.5601147485286,251.18641271106037,archived,2024-07-09
7029,Product_7029_0,clothing,132.34869046713618,351.9195015588585,inactive,2024-08-21
7030,Product_7030_0,electronics,464.3940796069172,38.65315174347225,inactive,2024-04-15
7031,Product_7031_0,home,685.3648588434121,76.39654263136624,active,2024-09-27
7032,Product_7032_0,sports,485.36659791507316,240.95476773078124,archived,2024-10-06
7033,Product_7033_0,books,289.75613987205486,282.10507300462046,inactive,2024-02-16
7034,Product_7034_0,electronics,453.5110919806758,339.756060302049,inactive,2024-01-08
7035,Product_7035_0,home,246.93145321209803,479.6880780282708,pending,2024-05-19
7036,Product_7036_0,books,203.51926276457934,119.20378684236822,archived,2024-01-26
7037,Product_7037_0,electronics,200.84285196057195,94.19545777091287,pending,2024-05-06
7038,Product_7038_0,clothing,373.7705790947549,476.4135892243684,archived,2024-05-24
7039,Product_7039_0,electronics,49.745360043435696,222.1405283908501,archived,2024-02-12
7040,Product_7040_0,clothing,417.5363393587158,455.31224494082466,pending,2024-10-25
7041,Product_7041_0,electronics,324.674852194507,362.5038729808737,inactive,2024-05-05
7042,Product_7042_0,home,298.3477011644105,150.36475272468059,active,2024-05-08
7043,Product_7043_0,sports,190.34778855521418,319.91811704813165,active,2024-02-12
7044,Product_7044_0,sports,206.63580296210137,117.8066482278738,active,2024-08-17
7045,Product_7045_0,home,63.51571291755503,138.67807734302207,pending,2024-08-11
7046,Product_7046_0,books,601.220303268961,211.023103837185,pending,2024-04-16
7047,Product_7047_0,clothing,115.49103677992338,274.43875457194224,pending,2024-11-13
7048,Product_7048_0,clothing,960.4743333111188,293.90588939200074,archived,2024-03-21
7049,Product_7049_0,clothing,864.9087187109483,293.01450310479913,archived,2024-07-15
7050,Product_7050_0,electronics,972.9645135357257,19.732921327336676,archived,2024-01-14
7051,Product_7051_0,sports,186.7749027675086,410.4541444395217,inactive,2024-09-16
7052,Product_7052_0,books,586.9221582905989,311.30871909457875,pending,2024-04-10
7053,Product_7053_0,sports,915.1660404045778,182.30955150158448,active,2024-09-11
7054,Product_7054_0,books,19.875529910562513,480.72178922152307,active,2024-09-23
7055,Product_7055_0,sports,408.31994494560973,425.64679581454146,pending,2024-12-07
7056,Product_7056_0,clothing,117.53194148691004,178.18757183268343,pending,2024-10-28
7057,Product_7057_0,electronics,48.52287176105975,174.92293375588585,inactive,2024-04-27
7058,Product_7058_0,electronics,677.7584381295744,160.98430962741904,pending,2024-06-03
7059,Product_7059_0,books,427.745845671895,326.29589571190627,inactive,2024-08-23
7060,Product_7060_0,home,913.77205121771,94.50692873924237,active,2024-10-01
7061,Product_7061_0,home,347.6842404081605,51.811863377957735,pending,2024-08-20
7062,Product_7062_0,sports,841.4148424611417,195.92945516440375,archived,2024-05-23
7063,Product_7063_0,clothing,774.8575226944693,465.85376986718813,pending,2024-09-28
7064,Product_7064_0,sports,416.8112669471056,140.004575986271,archived,2024-05-16
7065,Product_7065_0,home,926.604574058008,239.52465335953391,archived,2024-08-21
7066,Product_7066_0,clothing,666.9536657072813,383.62958452159364,archived,2024-08-21
7067,Product_7067_0,sports,574.0888774858686,364.8271115093598,inactive,2024-05-05
7068,Product_7068_0,electronics,89.1309238092812,347.0674505137549,inactive,2024-11-09
7069,Product_7069_0,electronics,547.4834980362298,33.5992295943853,archived,2024-12-26
7070,Product_7070_0,home,433.6657981678818,368.47698006094373,inactive,2024-07-20
7071,Product_7071_0,books,409.82632894478405,393.2363989219634,inactive,2024-02-07
7072,Product_7072_0,home,371.8264833831943,112.18659412720822,archived,2024-01-15
7073,Product_7073_0,home,282.49499793456823,102.52538309677753,inactive,2024-01-25
7074,Product_7074_0,sports,86.04864389245463,437.61119786898337,archived,2024-01-25
7075,Product_7075_0,electronics,969.6048786705412,200.51082569213983,inactive,2024-03-09
7076,Product_7076_0,sports,990.1425992259752,313.43901661263885,archived,2024-10-05
7077,Product_7077_0,clothing,750.8184294590843,391.6749623870434,archived,2024-03-13
7078,Product_7078_0,electronics,306.7776915575581,413.88755477975013,active,2024-04-28
7079,Product_7079_0,home,165.7459244008369,273.1148733963915,archived,2024-06-06
7080,Product_7080_0,electronics,579.8349886786046,213.4409094091691,active,2024-10-11
7081,Product_7081_0,books,671.6888282725072,213.1784538774555,archived,2024-11-22
7082,Product_7082_0,clothing,179.8694725747454,212.15196296018266,pending,2024-12-04
7083,Product_7083_0,electronics,788.67126300111,349.64774372506145,pending,2024-12-08
7084,Product_7084_0,home,59.282109610240454,182.77145293792591,archived,2024-01-03
7085,Product_7085_0,books,917.0816775031024,259.18215329343616,pending,2024-08-08
7086,Product_7086_0,electronics,157.30672193578616,455.7907803169943,pending,2024-08-21
7087,Product_7087_0,clothing,640.6422834617108,10.73353602267338,active,2024-01-19
7088,Product_7088_0,electronics,379.0996468538062,312.0269100036345,inactive,2024-09-15
7089,Product_7089_0,clothing,938.1510458956261,280.2784003829123,archived,2024-10-17
7090,Product_7090_0,clothing,972.3992168732068,226.53309901980552,pending,2024-05-11
7091,Product_7091_0,home,628.8855541315412,446.0935989476166,archived,2024-07-14
7092,Product_7092_0,electronics,601.1153107107496,139.9603126369282,archived,2024-09-03
7093,Product_7093_0,books,100.90172240975741,306.5288740144056,active,2024-04-10
7094,Product_7094_0,electronics,46.76651712667188,471.6444965747445,inactive,2024-09-04
7095,Product_7095_0,sports,661.8239353975812,371.77129440228066,pending,2024-01-03
7096,Product_7096_0,home,658.3719782475949,493.74256764015155,active,2024-03-03
7097,Product_7097_0,electronics,625.4213343522463,283.45770841715375,inactive,2024-03-10
7098,Product_7098_0,clothing,746.4970507752137,86.6196597580179,active,2024-03-06
7099,Product_7099_0,sports,712.6880282105105,250.46359364697759,active,2024-11-09
7100,Product_7100_0,sports,968.5351180788393,475.50212505998786,pending,2024-02-10
7101,Product_7101_0,home,404.0004717807041,287.892715234502,archived,2024-11-25
7102,Product_7102_0,clothing,315.0876430677276,80.29602175469178,inactive,2024-04-16
7103,Product_7103_0,electronics,89.10996110616053,497.8742312293793,pending,2024-11-15
7104,Product_7104_0,sports,835.0452767577632,306.58655589199697,archived,2024-02-07
7105,Product_7105_0,home,912.3097135865152,314.46618688834684,pending,2024-03-16
7106,Product_7106_0,electronics,932.1659434754811,387.95339368634137,pending,2024-11-25
7107,Product_7107_0,home,627.5233393138765,452.7323429245936,pending,2024-07-16
7108,Product_7108_0,books,923.8863802288131,216.22925687554743,inactive,2024-05-02
7109,Product_7109_0,books,148.33718306719126,354.10596619541445,archived,2024-02-14
7110,Product_7110_0,home,321.48836683691763,147.39090262524502,inactive,2024-02-08
7111,Product_7111_0,books,963.3881015125887,203.51849751071504,pending,2024-11-19
7112,Product_7112_0,books,911.5819862349963,408.04030986534326,inactive,2024-11-06
7113,Product_7113_0,books,589.3543663645216,373.90626404258717,archived,2024-04-06
7114,Product_7114_0,home,360.4450043687357,51.87406005333928,active,2024-02-06
7115,Product_7115_0,home,606.925480764142,37.49161563888134,inactive,2024-03-03
7116,Product_7116_0,electronics,636.9639150933988,242.36109378096384,archived,2024-09-01
7117,Product_7117_0,electronics,573.8355727377746,100.8723980874222,active,2024-05-19
7118,Product_7118_0,electronics,976.4409719733337,470.42456737961066,inactive,2024-04-15
7119,Product_7119_0,electronics,879.8728637696278,195.478965310079,pending,2024-01-23
7120,Product_7120_0,clothing,88.67037804754634,468.958773128655,pending,2024-11-16
7121,Product_7121_0,sports,832.4192480539357,106.97569997339139,archived,2024-06-27
7122,Product_7122_0,sports,592.9218111701855,293.1324951019252,inactive,2024-09-04
7123,Product_7123_0,electronics,478.50315265194996,186.8252844888829,archived,2024-02-09
7124,Product_7124_0,sports,359.82761516509646,121.77314583781191,pending,2024-01-06
7125,Product_7125_0,books,68.7225538217878,170.5507529861421,pending,2024-03-24
7126,Product_7126_0,clothing,958.2729571969596,475.76880701273427,archived,2024-04-16
7127,Product_7127_0,books,653.5950804444549,472.05244824044036,active,2024-07-05
7128,Product_7128_0,books,503.46859470319936,187.414599877794,inactive,2024-10-18
7129,Product_7129_0,home,30.650287636848564,362.6499345848172,inactive,2024-12-04
7130,Product_7130_0,books,32.63436323030939,191.4439089465347,archived,2024-09-12
7131,Product_7131_0,clothing,482.82744143774346,303.54992568001404,pending,2024-01-06
7132,Product_7132_0,sports,283.53792926995857,99.41683267670396,archived,2024-02-12
7133,Product_7133_0,clothing,684.296655925928,215.35013018085894,inactive,2024-05-21
7134,Product_7134_0,sports,574.1549204023772,328.0920559538078,active,2024-05-11
7135,Product_7135_0,clothing,198.02943803767698,267.4473132573311,active,2024-01-16
7136,Product_7136_0,sports,379.4239065380648,261.9801955172226,inactive,2024-04-01
7137,Product_7137_0,books,810.2118025958418,496.5029288482777,pending,2024-05-02
7138,Product_7138_0,electronics,249.94694912586962,229.03770197962803,inactive,2024-12-18
7139,Product_7139_0,electronics,74.60064774348768,11.98595004363426,pending,2024-01-07
7140,Product_7140_0,electronics,787.7075602055729,263.3364958473221,inactive,2024-01-03
7141,Product_7141_0,books,916.3271394125942,115.93472203076801,archived,2024-10-14
7142,Product_7142_0,clothing,442.68475398703316,346.4924604110883,archived,2024-11-13
7143,Product_7143_0,books,712.9177455839979,457.4969891426607,inactive,2024-03-14
7144,Product_7144_0,home,749.5532372755871,464.2665105795541,archived,2024-05-04
7145,Product_7145_0,sports,747.8792544488705,98.27661724054717,archived,2024-02-19
7146,Product_7146_0,electronics,636.81985355536,356.9968562811961,pending,2024-08-18
7147,Product_7147_0,home,308.25853683404375,84.38966803727543,pending,2024-10-27
7148,Product_7148_0,sports,155.81037915077417,217.0725686028554,active,2024-07-16
7149,Product_7149_0,clothing,495.5251492314667,332.9818855635606,active,2024-01-05
7150,Product_7150_0,sports,320.0574534593234,249.76616406003265,pending,2024-07-27
7151,Product_7151_0,clothing,372.36086945822285,68.56759934803559,archived,2024-10-21
7152,Product_7152_0,sports,269.9436533880135,167.19370285835058,archived,2024-01-28
7153,Product_7153_0,sports,246.28370537044046,278.43900710559495,pending,2024-07-20
7154,Product_7154_0,clothing,553.2219686617599,87.27545568691554,active,2024-09-01
7155,Product_7155_0,home,792.2754024490421,363.3627863800065,inactive,2024-12-08
7156,Product_7156_0,clothing,552.0363852958601,316.613277939189,inactive,2024-08-10
7157,Product_7157_0,electronics,155.14404797703978,342.4101491042771,inactive,2024-02-09
7158,Product_7158_0,home,53.3735616001712,380.73170724352724,inactive,2024-10-27
7159,Product_7159_0,electronics,671.6690030428774,171.31187666975222,active,2024-09-27
7160,Product_7160_0,home,67.24275172611456,268.70754759826895,archived,2024-07-23
7161,Product_7161_0,books,637.4326169999189,498.44816984740277,inactive,2024-09-01
7162,Product_7162_0,sports,988.2633562467563,156.63903004714996,inactive,2024-11-03
7163,Product_7163_0,electronics,963.6338382963501,413.18600560954417,active,2024-04-28
7164,Product_7164_0,sports,137.66952002061825,205.8765691809152,inactive,2024-11-12
7165,Product_7165_0,books,824.5878203400586,280.76116934210256,inactive,2024-02-11
7166,Product_7166_0,home,58.0559196230992,91.68879433723382,pending,2024-12-23
7167,Product_7167_0,home,294.1989752505518,350.3922363921676,active,2024-12-28
7168,Product_7168_0,electronics,400.69959309520306,359.6274802484608,archived,2024-01-22
7169,Product_7169_0,electronics,379.8111777222633,220.46678264100072,inactive,2024-02-19
7170,Product_7170_0,electronics,696.5349467224294,165.97789129453653,inactive,2024-02-13
7171,Product_7171_0,electronics,263.5967405629335,141.40378237090616,active,2024-01-22
7172,Product_7172_0,electronics,417.7445247823151,309.2706415532962,active,2024-02-03
7173,Product_7173_0,clothing,916.9377454757456,135.79772217013402,inactive,2024-12-03
7174,Product_7174_0,sports,933.7186253055285,180.24764419657154,pending,2024-04-02
7175,Product_7175_0,electronics,994.3534479844897,450.57848322955914,pending,2024-04-13
7176,Product_7176_0,home,608.786748917541,83.25735532356889,archived,2024-11-07
7177,Product_7177_0,home,431.52177348586997,231.44845667331944,archived,2024-03-21
7178,Product_7178_0,sports,855.4177694573542,168.8163175539288,inactive,2024-02-17
7179,Product_7179_0,home,166.56784528374527,158.63866546798982,inactive,2024-07-15
7180,Product_7180_0,home,465.1386913537261,416.95834331122427,active,2024-04-26
7181,Product_7181_0,sports,671.7924747763591,36.420987286158976,inactive,2024-11-09
7182,Product_7182_0,clothing,964.5286103419356,49.027118466904575,archived,2024-02-04
7183,Product_7183_0,books,22.697233752043246,354.94164566084766,archived,2024-10-13
7184,Product_7184_0,home,912.7068386399299,467.61154587498305,inactive,2024-09-09
7185,Product_7185_0,sports,197.38919665491812,359.48355053147327,active,2024-10-15
7186,Product_7186_0,electronics,713.2900880798514,492.3283349710947,active,2024-11-06
7187,Product_7187_0,books,688.6208784086072,125.05686357715923,inactive,2024-04-12
7188,Product_7188_0,home,65.87428026842235,289.9357469048983,archived,2024-08-10
7189,Product_7189_0,home,542.3079315556228,222.2780195746402,archived,2024-05-17
7190,Product_7190_0,home,144.08508991586933,190.54126417513785,archived,2024-12-14
7191,Product_7191_0,home,539.3170057077691,123.7621865527892,active,2024-07-15
7192,Product_7192_0,home,367.64684483558034,361.64375213807244,active,2024-02-04
7193,Product_7193_0,electronics,503.8549880599225,413.701917573902,archived,2024-01-03
7194,Product_7194_0,electronics,585.2916325616224,332.76218347565094,inactive,2024-04-15
7195,Product_7195_0,clothing,972.0221274037709,29.292510777805415,archived,2024-04-06
7196,Product_7196_0,electronics,349.8328980000486,499.9109911496759,pending,2024-06-14
7197,Product_7197_0,books,134.0098228065623,280.3040680510203,active,2024-12-20
7198,Product_7198_0,electronics,157.00203346902165,156.00634362920295,inactive,2024-05-13
7199,Product_7199_0,sports,961.8568078254873,486.01106244714947,active,2024-11-24
7200,Product_7200_0,home,42.423360319619256,153.58102435733767,pending,2024-10-23
7201,Product_7201_0,sports,648.0074975681027,335.5440323098541,active,2024-04-16
7202,Product_7202_0,clothing,343.8142167819344,188.53078874861833,pending,2024-02-22
7203,Product_7203_0,clothing,45.84337925825024,448.9999561520262,pending,2024-07-03
7204,Product_7204_0,clothing,370.94084459019734,62.96720027843567,active,2024-03-24
7205,Product_7205_0,clothing,297.71555863845697,52.18478576715785,inactive,2024-11-24
7206,Product_7206_0,books,665.5561319965764,162.70758129999808,archived,2024-04-04
7207,Product_7207_0,home,960.7304878372502,173.36556192843088,pending,2024-08-21
7208,Product_7208_0,books,334.23533402442564,368.8567543600884,active,2024-08-25
7209,Product_7209_0,home,823.3254906434144,136.14077654390712,pending,2024-08-09
7210,Product_7210_0,books,934.6382593325174,196.2083111329903,pending,2024-06-15
7211,Product_7211_0,sports,362.43171681206434,420.2201742807693,active,2024-02-03
7212,Product_7212_0,electronics,266.60037405271476,251.67075202752784,pending,2024-07-11
7213,Product_7213_0,clothing,892.573994345521,243.73113026377666,pending,2024-04-21
7214,Product_7214_0,home,340.58583299870287,328.67822558099186,inactive,2024-03-13
7215,Product_7215_0,home,1.642005686351505,171.8371455684721,pending,2024-04-19
7216,Product_7216_0,clothing,194.1042691968007,45.325725855561,inactive,2024-06-13
7217,Product_7217_0,home,41.076663582718666,453.4979432728372,archived,2024-10-10
7218,Product_7218_0,sports,935.9477907350217,440.8770577698458,pending,2024-08-19
7219,Product_7219_0,electronics,458.3923138785267,473.2080955885886,active,2024-05-18
7220,Product_7220_0,clothing,375.2649224084862,274.0036261103023,pending,2024-04-26
7221,Product_7221_0,books,910.9430490585063,389.1508331471051,pending,2024-01-12
7222,Product_7222_0,electronics,654.3722331138679,268.42202645362767,inactive,2024-02-06
7223,Product_7223_0,electronics,817.7719997170126,326.8181494052356,active,2024-07-07
7224,Product_7224_0,electronics,470.34845712432934,387.16215748649864,archived,2024-01-20
7225,Product_7225_0,clothing,860.6834442053951,141.88854890169245,archived,2024-11-18
7226,Product_7226_0,books,74.19884995548317,385.4274968102798,archived,2024-07-27
7227,Product_7227_0,books,575.8432510899518,85.13350087306112,active,2024-06-16
7228,Product_7228_0,clothing,19.98904690629853,199.23953447751055,archived,2024-09-12
7229,Product_7229_0,clothing,760.8833221548763,134.44705494537453,active,2024-09-21
7230,Product_7230_0,sports,549.3348319831118,424.084410333328,active,2024-09-14
7231,Product_7231_0,sports,69.87636950851143,33.06465130312887,archived,2024-08-05
7232,Product_7232_0,electronics,741.5068971036058,475.0048892810991,inactive,2024-02-19
7233,Product_7233_0,sports,339.14208005819023,212.22143049570607,pending,2024-02-26
7234,Product_7234_0,home,202.84583950915024,91.53697727724902,pending,2024-02-10
7235,Product_7235_0,books,595.6370518125929,187.31512109605927,active,2024-08-21
7236,Product_7236_0,sports,465.9386432096851,274.0759473292508,inactive,2024-03-12
7237,Product_7237_0,clothing,435.66812486902234,493.4167091271402,inactive,2024-08-18
7238,Product_7238_0,sports,817.2712128348962,105.9496108509751,active,2024-08-04
7239,Product_7239_0,home,293.7356894243261,274.7347464144686,pending,2024-12-03
7240,Product_7240_0,home,171.74466771989813,435.45361907098527,archived,2024-05-16
7241,Product_7241_0,clothing,713.1814282928999,251.53526147367305,active,2024-05-15
7242,Product_7242_0,books,784.9900098472978,452.7764859619773,inactive,2024-02-15
7243,Product_7243_0,electronics,848.2034779869151,486.69635722975966,active,2024-04-23
7244,Product_7244_0,home,446.57288527674734,338.18341913911075,pending,2024-08-18
7245,Product_7245_0,electronics,17.249275719325738,332.0870218987365,archived,2024-08-02
7246,Product_7246_0,books,644.3198627627677,472.18736930038136,active,2024-01-04
7247,Product_7247_0,electronics,613.749648639559,475.9651029464438,active,2024-01-22
7248,Product_7248_0,books,333.2743830618034,340.4924382764916,pending,2024-01-19
7249,Product_7249_0,sports,567.1841755753574,220.28804106730777,archived,2024-08-23
7250,Product_7250_0,home,268.15672625189853,464.84954076637615,archived,2024-03-22
7251,Product_7251_0,sports,533.8230469242694,55.411815216549364,pending,2024-06-16
7252,Product_7252_0,electronics,579.5957413167317,80.735944980509,active,2024-11-10
7253,Product_7253_0,electronics,651.3681638937082,67.83733887547982,inactive,2024-11-18
7254,Product_7254_0,sports,17.875032935457224,219.43260562293642,archived,2024-10-06
7255,Product_7255_0,electronics,897.5798017067456,108.76016257657224,active,2024-07-27
7256,Product_7256_0,home,180.49395285044272,186.12812480384952,active,2024-07-09
7257,Product_7257_0,books,604.4467005899477,419.71789025358777,archived,2024-08-21
7258,Product_7258_0,sports,340.53792669240573,101.03947712393914,pending,2024-09-19
7259,Product_7259_0,clothing,222.52921970952013,123.14020313256871,pending,2024-04-28
7260,Product_7260_0,clothing,114.62474889072345,420.36876139729924,pending,2024-05-16
7261,Product_7261_0,sports,440.9500398768211,300.03917789456824,active,2024-12-15
7262,Product_7262_0,books,936.0982016268117,254.52197777950812,inactive,2024-08-05
7263,Product_7263_0,sports,613.5964072726582,335.82207094886377,archived,2024-08-03
7264,Product_7264_0,home,615.0805908311835,391.01394151052455,inactive,2024-11-26
7265,Product_7265_0,sports,24.733837981329692,184.5907545785882,pending,2024-11-06
7266,Product_7266_0,books,199.70585581484474,296.5870631377944,pending,2024-04-25
7267,Product_7267_0,electronics,189.93178744610503,446.2756090421822,inactive,2024-02-04
7268,Product_7268_0,clothing,28.77033842515809,436.12134461587544,active,2024-05-25
7269,Product_7269_0,books,454.5627135411775,221.10949121162994,active,2024-03-08
7270,Product_7270_0,sports,323.5210669975062,414.026701947958,pending,2024-01-25
7271,Product_7271_0,books,655.6075721297162,458.17255586341815,active,2024-05-25
7272,Product_7272_0,sports,452.8306735040791,423.81087156564115,inactive,2024-04-04
7273,Product_7273_0,home,102.15166117935117,241.40473060939837,active,2024-03-22
7274,Product_7274_0,clothing,626.9184609682991,217.11634592412784,active,2024-12-01
7275,Product_7275_0,clothing,615.4394756719881,235.38864816809087,active,2024-02-09
7276,Product_7276_0,home,140.70898633310622,380.92925295439704,active,2024-08-15
7277,Product_7277_0,books,997.3170885942005,276.6829913300072,pending,2024-12-20
7278,Product_7278_0,sports,618.1634043832521,179.22317727561594,archived,2024-04-08
7279,Product_7279_0,sports,508.0581849240522,158.04273356460553,pending,2024-09-04
7280,Product_7280_0,sports,521.8879709945821,212.98165420013535,pending,2024-09-14
7281,Product_7281_0,sports,377.15800440952387,431.68950375141594,inactive,2024-06-06
7282,Product_7282_0,books,171.27201433509498,343.16949739429424,archived,2024-05-23
7283,Product_7283_0,sports,632.7644298223374,490.44968742293645,archived,2024-07-25
7284,Product_7284_0,home,989.4537931455734,303.65091895529713,inactive,2024-02-03
7285,Product_7285_0,electronics,269.12050257665504,280.58683622730223,active,2024-07-08
7286,Product_7286_0,sports,339.089418556119,391.51045045634254,pending,2024-10-19
7287,Product_7287_0,home,718.8236968200853,22.547190497414412,archived,2024-01-18
7288,Product_7288_0,sports,354.109730552305,90.45619902971374,inactive,2024-11-19
7289,Product_7289_0,clothing,963.7797908989933,280.7911588353493,pending,2024-04-25
7290,Product_7290_0,home,567.2439832720677,298.3504222342875,inactive,2024-09-13
7291,Product_7291_0,home,860.6484151377158,62.88705325138098,inactive,2024-12-20
7292,Product_7292_0,books,138.0817502918113,394.44251854108256,archived,2024-07-22
7293,Product_7293_0,sports,958.6544766414225,120.16094360824134,archived,2024-02-10
7294,Product_7294_0,sports,162.5240871211141,337.2314231011835,active,2024-02-11
7295,Product_7295_0,clothing,100.06723776857139,434.15998975749375,inactive,2024-06-14
7296,Product_7296_0,clothing,699.515918959018,26.15295643255804,inactive,2024-08-08
7297,Product_7297_0,clothing,106.68534099223673,358.9736898803349,pending,2024-10-28
7298,Product_7298_0,home,346.4751779895709,241.371174400257,pending,2024-08-05
7299,Product_7299_0,books,21.319494140858353,112.52792709703381,pending,2024-07-13
7300,Product_7300_0,books,782.6148954127409,381.4494111208325,pending,2024-07-16
7301,Product_7301_0,sports,752.4313350106762,319.72564340731435,inactive,2024-03-26
7302,Product_7302_0,electronics,962.9198638463058,262.45966233449735,archived,2024-12-18
7303,Product_7303_0,clothing,956.3413646765457,474.5858397348409,inactive,2024-01-11
7304,Product_7304_0,books,111.12236207848544,211.40499748401433,active,2024-06-20
7305,Product_7305_0,home,639.9091476891432,265.6238653226145,inactive,2024-07-05
7306,Product_7306_0,electronics,878.6882483224429,172.28763719915835,pending,2024-04-25
7307,Product_7307_0,books,812.1290577087179,412.3121399681778,inactive,2024-02-24
7308,Product_7308_0,clothing,760.8816803800127,413.9514986327765,archived,2024-08-15
7309,Product_7309_0,books,65.96915180145017,289.0283630967925,pending,2024-03-14
7310,Product_7310_0,books,314.5185744032495,181.3027408028047,inactive,2024-04-04
7311,Product_7311_0,home,636.2466349066203,314.5962638838156,active,2024-10-03
7312,Product_7312_0,books,388.983464929316,238.1839925526538,archived,2024-02-12
7313,Product_7313_0,books,661.9101520755877,368.69647635641496,archived,2024-06-03
7314,Product_7314_0,books,420.79376116372475,112.94303147194985,inactive,2024-01-14
7315,Product_7315_0,sports,751.023811136562,463.09174758219973,inactive,2024-10-16
7316,Product_7316_0,home,549.4905657617036,209.7642783206673,active,2024-03-23
7317,Product_7317_0,electronics,432.4464946563988,311.650294554004,inactive,2024-06-09
7318,Product_7318_0,clothing,238.34282443134464,126.40671650288255,archived,2024-05-26
7319,Product_7319_0,home,985.4991631618037,207.59356135432122,pending,2024-10-27
7320,Product_7320_0,clothing,588.0226891225843,33.34866238134577,active,2024-03-22
7321,Product_7321_0,sports,758.1896274811113,79.8245937347133,inactive,2024-03-20
7322,Product_7322_0,books,634.3238067269132,41.040616410562734,archived,2024-02-25
7323,Product_7323_0,books,793.5396058216161,366.56693643871296,pending,2024-03-16
7324,Product_7324_0,clothing,643.2586726564153,107.70820196706708,pending,2024-01-23
7325,Product_7325_0,home,302.5428984195962,138.36738745748661,inactive,2024-07-24
7326,Product_7326_0,sports,900.1717133766332,397.2606180036891,inactive,2024-09-26
7327,Product_7327_0,home,272.9413716468972,460.92598458571314,inactive,2024-04-04
7328,Product_7328_0,clothing,104.30929502450131,172.61909373543537,inactive,2024-12-12
7329,Product_7329_0,sports,176.92870734927416,37.14784782601137,inactive,2024-04-25
7330,Product_7330_0,books,754.2903208115918,393.3734900538514,pending,2024-09-27
7331,Product_7331_0,sports,590.3572845122502,41.456273008611745,active,2024-05-11
7332,Product_7332_0,books,690.2950115539385,23.405923338244534,archived,2024-06-06
7333,Product_7333_0,books,400.87550618415133,103.05853249694773,active,2024-12-21
7334,Product_7334_0,sports,276.8880368606015,239.9841664234628,active,2024-11-05
7335,Product_7335_0,clothing,425.1517136398583,90.83058571451535,pending,2024-08-01
7336,Product_7336_0,electronics,950.2417971939859,345.77271314549114,archived,2024-10-11
7337,Product_7337_0,electronics,742.8074089571073,235.9770823940687,active,2024-07-19
7338,Product_7338_0,home,170.1071594465223,354.79700077641456,inactive,2024-07-25
7339,Product_7339_0,electronics,252.38036875880414,299.55726844010826,pending,2024-02-10
7340,Product_7340_0,electronics,600.82492481433,453.91601270813925,active,2024-03-14
7341,Product_7341_0,sports,448.1583432824901,340.60207728704927,inactive,2024-07-24
7342,Product_7342_0,books,592.8543458184344,434.44623465533056,archived,2024-11-09
7343,Product_7343_0,clothing,640.7055398362727,57.90385393342225,active,2024-07-28
7344,Product_7344_0,electronics,425.2765773935675,429.3602703253302,inactive,2024-07-23
7345,Product_7345_0,sports,787.69867247363,265.7500603412224,inactive,2024-11-27
7346,Product_7346_0,sports,429.63595338895266,215.24173324022405,active,2024-03-18
7347,Product_7347_0,electronics,746.2423794420155,43.92828451193219,active,2024-02-08
7348,Product_7348_0,books,737.4059242815877,498.31844478042103,active,2024-01-02
7349,Product_7349_0,books,572.7992614294843,196.97181964541412,inactive,2024-07-24
7350,Product_7350_0,home,95.78115670343202,186.35618723559034,pending,2024-12-22
7351,Product_7351_0,electronics,100.72881242314266,232.82706095355323,archived,2024-09-26
7352,Product_7352_0,electronics,91.01131308467258,398.2743312096272,pending,2024-03-24
7353,Product_7353_0,books,767.8070171178778,339.30925874843064,active,2024-08-21
7354,Product_7354_0,electronics,870.6357703537445,346.0444582333797,archived,2024-03-28
7355,Product_7355_0,home,962.0547105927225,471.94072662316603,archived,2024-02-25
7356,Product_7356_0,electronics,440.20508400856437,17.01453299170982,active,2024-06-17
7357,Product_7357_0,home,27.473727952598793,158.6394458831185,active,2024-12-01
7358,Product_7358_0,electronics,415.26217537828336,151.738874317326,pending,2024-01-22
7359,Product_7359_0,books,834.5534255184317,452.8634582669465,archived,2024-02-26
7360,Product_7360_0,electronics,582.4256436201447,199.84612173126567,pending,2024-02-02
7361,Product_7361_0,books,365.2557822735388,353.54640331433035,pending,2024-12-26
7362,Product_7362_0,books,835.8649763095619,434.4514145590579,inactive,2024-04-12
7363,Product_7363_0,clothing,528.697103683952,128.8195719224823,active,2024-09-22
7364,Product_7364_0,sports,922.5500251161363,293.64502564122336,inactive,2024-12-18
7365,Product_7365_0,books,785.083407591273,441.6237137949503,pending,2024-02-18
7366,Product_7366_0,clothing,573.2124818916619,15.28170156654696,archived,2024-09-12
7367,Product_7367_0,electronics,624.5325395540617,138.7893281293088,archived,2024-09-20
7368,Product_7368_0,clothing,96.01079575299096,101.00531999307158,inactive,2024-05-06
7369,Product_7369_0,home,605.4850590752968,174.15713688924984,pending,2024-02-02
7370,Product_7370_0,electronics,984.3060161520372,498.8948703966427,pending,2024-07-10
7371,Product_7371_0,home,457.96732895971473,318.61405695116866,inactive,2024-09-09
7372,Product_7372_0,sports,887.2301886979548,25.71517801022101,active,2024-07-27
7373,Product_7373_0,sports,330.32700917121497,296.9574600458,pending,2024-09-09
7374,Product_7374_0,books,486.3409345014262,44.78265739499897,pending,2024-09-22
7375,Product_7375_0,clothing,812.7309931916421,262.3592617953205,archived,2024-03-26
7376,Product_7376_0,books,666.3862442495612,391.4557512547698,active,2024-02-22
7377,Product_7377_0,electronics,631.8302574724867,127.28929638275811,active,2024-03-13
7378,Product_7378_0,books,894.4917291721947,422.53671927767573,inactive,2024-01-03
7379,Product_7379_0,books,948.7341647505413,242.36547593520248,inactive,2024-07-28
7380,Product_7380_0,home,288.53177419529567,480.82262013822105,archived,2024-04-24
7381,Product_7381_0,clothing,20.115185148067432,385.70094879292304,active,2024-02-07
7382,Product_7382_0,sports,268.640448263588,286.63583244030673,archived,2024-04-08
7383,Product_7383_0,books,588.4663934913764,354.5060686993922,archived,2024-08-17
7384,Product_7384_0,sports,401.5331979659885,159.4386945885728,inactive,2024-02-24
7385,Product_7385_0,clothing,312.72479570174966,253.06043121562143,active,2024-10-04
7386,Product_7386_0,home,372.10152934161255,147.59828251765268,active,2024-09-05
7387,Product_7387_0,sports,780.1178340906059,458.9939304072091,pending,2024-08-07
7388,Product_7388_0,electronics,425.8743405769299,184.87114833511424,pending,2024-11-18
7389,Product_7389_0,clothing,511.7251576641378,397.54744811322166,inactive,2024-07-18
7390,Product_7390_0,books,602.8544886402944,43.95546670677965,pending,2024-03-27
7391,Product_7391_0,home,405.7889061487753,391.376826989837,active,2024-07-11
7392,Product_7392_0,sports,368.59412359246477,175.0516395560753,archived,2024-05-26
7393,Product_7393_0,books,31.317876169198602,394.17238280812074,pending,2024-03-10
7394,Product_7394_0,books,981.6379248861091,84.31690566530446,archived,2024-11-23
7395,Product_7395_0,home,224.5361988844423,151.59673817049065,active,2024-01-15
7396,Product_7396_0,home,174.6399811877935,21.430977778189295,archived,2024-04-03
7397,Product_7397_0,electronics,82.86581390343466,69.17487828356973,active,2024-12-11
7398,Product_7398_0,electronics,581.6034159627454,96.97474525195172,archived,2024-04-22
7399,Product_7399_0,books,449.744420562269,450.0636424532043,pending,2024-11-08
7400,Product_7400_0,home,400.80912664684075,232.46319161350777,inactive,2024-09-24
7401,Product_7401_0,clothing,963.8820088158491,394.50570890243296,inactive,2024-06-17
7402,Product_7402_0,electronics,300.7744739965775,329.49210451660514,pending,2024-05-28
7403,Product_7403_0,clothing,705.9250277143418,262.97129645537746,pending,2024-08-18
7404,Product_7404_0,sports,615.0086767828064,17.702389555814122,active,2024-03-06
7405,Product_7405_0,clothing,711.0530020320112,198.04250844323738,active,2024-03-09
7406,Product_7406_0,clothing,834.4927787331652,304.14435327268717,pending,2024-01-02
7407,Product_7407_0,books,449.37484435096354,404.64426922526053,inactive,2024-04-17
7408,Product_7408_0,clothing,253.2599681673804,348.3980856041619,archived,2024-04-09
7409,Product_7409_0,clothing,885.8666220754923,343.49144420102306,pending,2024-09-18
7410,Product_7410_0,sports,731.4110909219078,22.931896892961866,inactive,2024-07-28
7411,Product_7411_0,sports,210.4094338053517,416.1160189770444,pending,2024-08-02
7412,Product_7412_0,clothing,965.9202797081506,28.61141138204218,archived,2024-10-04
7413,Product_7413_0,clothing,888.17146098369,213.81144840917258,archived,2024-12-13
7414,Product_7414_0,sports,790.6253552853011,409.8981049957247,pending,2024-10-06
7415,Product_7415_0,clothing,590.4723055293863,308.3819459181036,active,2024-12-08
7416,Product_7416_0,home,390.8300540270345,349.8708445887635,archived,2024-03-07
7417,Product_7417_0,books,709.3244868109007,386.61415776982085,inactive,2024-06-23
7418,Product_7418_0,sports,144.9616760581407,393.6252180438919,archived,2024-12-17
7419,Product_7419_0,clothing,387.0771848830027,40.84778948370729,active,2024-11-23
7420,Product_7420_0,home,589.6351334700712,331.36084590103195,pending,2024-12-11
7421,Product_7421_0,books,548.4826863955344,490.75688675502215,pending,2024-07-05
7422,Product_7422_0,sports,364.60745207569454,164.83988601705192,pending,2024-06-07
7423,Product_7423_0,clothing,206.0315842512937,130.64380178910844,archived,2024-04-25
7424,Product_7424_0,books,457.00102033123653,23.975476382979934,active,2024-07-24
7425,Product_7425_0,home,868.6239096170743,277.59039422592184,pending,2024-03-17
7426,Product_7426_0,books,503.1686175779136,98.5504492225342,inactive,2024-03-01
7427,Product_7427_0,books,913.5106289626148,174.71443930618818,inactive,2024-10-13
7428,Product_7428_0,books,355.13334747016046,368.3628967551576,pending,2024-07-11
7429,Product_7429_0,electronics,890.134901812341,346.63761483718747,pending,2024-07-04
7430,Product_7430_0,books,469.5578814154538,490.0392045795027,archived,2024-09-16
7431,Product_7431_0,sports,584.0237707568982,356.0008647508249,pending,2024-05-01
7432,Product_7432_0,electronics,665.0933731551498,161.06874943498963,active,2024-03-10
7433,Product_7433_0,clothing,801.7363598604903,406.24491864614396,archived,2024-03-27
7434,Product_7434_0,books,242.45310709294088,444.41530199594007,active,2024-06-22
7435,Product_7435_0,sports,506.9580503412206,358.18825268291283,pending,2024-01-06
7436,Product_7436_0,books,810.9089621631338,293.73987642106783,active,2024-06-24
7437,Product_7437_0,books,792.8983756205469,228.7709663447588,active,2024-05-15
7438,Product_7438_0,books,762.1436443752252,334.5306201047312,active,2024-03-05
7439,Product_7439_0,books,779.1302963758906,244.23347389291555,active,2024-02-12
7440,Product_7440_0,books,734.7025052832554,114.35919435964315,archived,2024-04-24
7441,Product_7441_0,books,250.0975936526539,208.78888214855246,pending,2024-02-04
7442,Product_7442_0,electronics,687.4788958344243,167.8071399743011,active,2024-12-16
7443,Product_7443_0,sports,80.88128673381547,109.4630891361528,inactive,2024-05-21
7444,Product_7444_0,home,119.09101623965135,462.3906585108115,archived,2024-02-05
7445,Product_7445_0,electronics,88.11938461995896,483.5798060466111,active,2024-02-09
7446,Product_7446_0,books,34.99962257007653,335.6880421387475,archived,2024-04-06
7447,Product_7447_0,electronics,164.06677571733806,168.12858386079898,archived,2024-03-19
7448,Product_7448_0,books,585.0759506774292,321.2733593755528,archived,2024-12-03
7449,Product_7449_0,sports,175.07555148369815,337.05619181882184,active,2024-09-23
7450,Product_7450_0,clothing,574.0904708376573,13.32841663222305,inactive,2024-12-07
7451,Product_7451_0,clothing,261.47942767924064,377.808337390551,archived,2024-07-25
7452,Product_7452_0,electronics,940.0649012620347,36.691157157017834,archived,2024-06-10
7453,Product_7453_0,electronics,749.6639769412883,367.98227762766555,inactive,2024-04-01
7454,Product_7454_0,electronics,524.7151429452135,95.98630000562504,pending,2024-01-23
7455,Product_7455_0,clothing,708.0251135822534,378.1593523560083,pending,2024-04-24
7456,Product_7456_0,electronics,776.8093090125278,58.78514072979701,active,2024-02-02
7457,Product_7457_0,electronics,687.3031598224566,74.2733125677989,pending,2024-01-06
7458,Product_7458_0,home,153.13629261766582,310.24069870774366,archived,2024-05-27
7459,Product_7459_0,home,832.4097269529813,100.93964012522821,active,2024-08-20
7460,Product_7460_0,home,571.7181138135173,107.1150481751783,active,2024-06-28
7461,Product_7461_0,sports,158.55780610991545,318.11551386083596,active,2024-07-20
7462,Product_7462_0,home,530.4247990109021,163.51900744795304,archived,2024-06-23
7463,Product_7463_0,sports,149.03304912761416,384.7131976531254,inactive,2024-06-11
7464,Product_7464_0,home,187.48197420342944,357.08771462155846,active,2024-01-20
7465,Product_7465_0,clothing,966.9491422553178,417.7149847047404,archived,2024-02-21
7466,Product_7466_0,books,419.13512237472565,114.3652987564988,inactive,2024-07-26
7467,Product_7467_0,home,956.8946555119096,133.35935735087622,inactive,2024-11-26
7468,Product_7468_0,books,785.8012904542705,130.73751757015097,inactive,2024-07-28
7469,Product_7469_0,clothing,68.55346305476809,89.80926107774192,inactive,2024-08-27
7470,Product_7470_0,clothing,935.5145256042772,124.79316424893972,active,2024-11-12
7471,Product_7471_0,home,515.0545353249665,374.8193937869558,active,2024-12-10
7472,Product_7472_0,electronics,371.458112804929,231.28981785520435,inactive,2024-09-04
7473,Product_7473_0,sports,149.2224294206772,213.3225845928983,archived,2024-06-27
7474,Product_7474_0,clothing,922.6355619927712,228.94308070381635,archived,2024-05-06
7475,Product_7475_0,clothing,48.14561733210361,67.09345781647048,inactive,2024-07-16
7476,Product_7476_0,books,12.313100604952783,283.97731033434115,pending,2024-11-27
7477,Product_7477_0,home,845.9978515948616,330.40611176202583,archived,2024-07-24
7478,Product_7478_0,clothing,127.22722046488164,361.07781141349045,pending,2024-07-03
7479,Product_7479_0,electronics,293.5045293347554,317.8298779043343,active,2024-12-25
7480,Product_7480_0,clothing,611.3378028875486,12.65442185578471,active,2024-07-16
7481,Product_7481_0,books,470.29150571103446,127.38036046862332,archived,2024-10-20
7482,Product_7482_0,electronics,150.76600812576785,328.61269822917876,inactive,2024-09-12
7483,Product_7483_0,home,404.3599813255452,458.00371674899145,pending,2024-03-03
7484,Product_7484_0,electronics,922.8160614685229,165.59570586691953,active,2024-01-20
7485,Product_7485_0,clothing,493.03118904483983,296.9337521764857,active,2024-08-10
7486,Product_7486_0,home,755.6384868694063,164.85105061120044,archived,2024-11-19
7487,Product_7487_0,home,506.12057587229975,195.6664127886282,pending,2024-02-11
7488,Product_7488_0,clothing,802.038855660506,168.9563370301462,archived,2024-12-19
7489,Product_7489_0,sports,222.45896065578157,138.169121666918,pending,2024-02-01
7490,Product_7490_0,home,652.5489322813579,313.3875319708467,inactive,2024-11-28
7491,Product_7491_0,books,600.6314819511232,458.02406007458427,archived,2024-12-09
7492,Product_7492_0,electronics,118.17407080037667,455.64050087260676,archived,2024-04-21
7493,Product_7493_0,electronics,959.1985215884129,188.85676415084708,inactive,2024-02-15
7494,Product_7494_0,sports,197.6301872923553,146.87881501416857,pending,2024-11-13
7495,Product_7495_0,electronics,940.2160277898217,21.979703717497824,active,2024-04-10
7496,Product_7496_0,books,558.270105128494,337.57390999782837,archived,2024-11-14
7497,Product_7497_0,home,927.6237634701362,58.8202290115662,archived,2024-02-09
7498,Product_7498_0,clothing,126.53978806308415,339.7763735026895,inactive,2024-01-25
7499,Product_7499_0,home,71.78558001917526,436.6040093783497,archived,2024-07-10
7500,Product_7500_0,electronics,248.8267174591065,231.03925810471222,active,2024-12-20
7501,Product_7501_0,electronics,45.70737811726705,282.77279155030845,active,2024-06-16
7502,Product_7502_0,clothing,871.7075930966963,41.76188023170053,archived,2024-01-19
7503,Product_7503_0,electronics,883.559203051606,193.17946603717678,pending,2024-11-13
7504,Product_7504_0,sports,785.5034380148779,96.73762563738484,pending,2024-06-22
7505,Product_7505_0,clothing,878.2374502201634,413.8298166493776,pending,2024-04-26
7506,Product_7506_0,home,785.3755110274473,305.5156728554312,inactive,2024-09-01
7507,Product_7507_0,books,119.9568774264808,379.0540451855271,pending,2024-07-01
7508,Product_7508_0,clothing,846.2541342392692,123.29581578456182,inactive,2024-08-17
7509,Product_7509_0,home,300.1004611852952,71.96807436374024,pending,2024-10-01
7510,Product_7510_0,books,968.6123660370247,276.2562731377911,active,2024-12-17
7511,Product_7511_0,sports,323.6166117662899,190.58554322189357,archived,2024-11-23
7512,Product_7512_0,electronics,4.508318495813858,160.06135976147,active,2024-03-05
7513,Product_7513_0,clothing,724.4982935521385,164.88010381455487,active,2024-02-19
7514,Product_7514_0,sports,695.27885562859,481.57363003972716,pending,2024-08-08
7515,Product_7515_0,books,524.1418815443466,388.57107320316993,pending,2024-06-01
7516,Product_7516_0,books,48.991054964783594,262.0691649710213,pending,2024-12-26
7517,Product_7517_0,books,690.9657641050801,209.20973550674123,active,2024-06-26
7518,Product_7518_0,electronics,259.3214634885187,146.9061492275527,active,2024-06-21
7519,Product_7519_0,home,931.657830051079,13.899866761344114,inactive,2024-04-06
7520,Product_7520_0,home,763.3292891765843,459.1978200134741,pending,2024-09-02
7521,Product_7521_0,home,332.87682598268844,75.26025046815073,archived,2024-11-04
7522,Product_7522_0,home,864.6751177062001,290.6457556261576,inactive,2024-08-08
7523,Product_7523_0,clothing,459.7564789944936,215.76552281203638,active,2024-02-03
7524,Product_7524_0,electronics,682.0597972263264,151.7289265284755,pending,2024-05-13
7525,Product_7525_0,books,214.64764025845247,220.9965488206769,archived,2024-09-28
7526,Product_7526_0,clothing,547.9834248893021,406.3053728076443,pending,2024-05-22
7527,Product_7527_0,books,497.2022861818894,361.0570307101219,inactive,2024-01-23
7528,Product_7528_0,clothing,720.0312495041858,484.750767641245,pending,2024-08-06
7529,Product_7529_0,home,432.37034648199653,208.63971678040738,archived,2024-06-01
7530,Product_7530_0,books,591.4317218724245,328.7433063755956,archived,2024-10-15
7531,Product_7531_0,home,87.11561461193442,419.6365193458534,active,2024-05-25
7532,Product_7532_0,home,767.1477512941053,138.3019834083577,pending,2024-01-26
7533,Product_7533_0,sports,485.7612029088912,312.47977996365216,archived,2024-09-02
7534,Product_7534_0,electronics,147.30468591976472,334.66448695867575,inactive,2024-07-21
7535,Product_7535_0,books,625.7479915347199,41.71141015590183,inactive,2024-05-18
7536,Product_7536_0,sports,202.30857659287128,415.45084690266117,active,2024-04-08
7537,Product_7537_0,clothing,165.39733980837934,245.00591391249696,inactive,2024-12-11
7538,Product_7538_0,home,95.42074520559845,448.66789140300386,inactive,2024-08-22
7539,Product_7539_0,home,588.355888802015,80.29270275873259,pending,2024-08-07
7540,Product_7540_0,clothing,438.24354398928534,130.89223987332656,active,2024-11-25
7541,Product_7541_0,sports,687.1310620835541,207.53736983860412,inactive,2024-05-09
7542,Product_7542_0,clothing,340.9345998233681,288.4640387562567,active,2024-09-27
7543,Product_7543_0,sports,604.8380537133085,463.78331885801737,inactive,2024-06-04
7544,Product_7544_0,home,466.97715448444023,174.29094592460638,inactive,2024-04-20
7545,Product_7545_0,electronics,240.02028944342024,334.8462905237472,active,2024-11-10
7546,Product_7546_0,books,794.5702313269513,229.11878565783465,inactive,2024-01-11
7547,Product_7547_0,clothing,614.6020347153927,270.7046454677647,active,2024-09-07
7548,Product_7548_0,electronics,905.6706278987728,191.73024283285127,archived,2024-04-05
7549,Product_7549_0,electronics,252.21988618728912,118.49506839130711,pending,2024-02-26
7550,Product_7550_0,electronics,272.57359286030106,314.34944094158095,inactive,2024-12-28
7551,Product_7551_0,home,586.0575321821685,81.52811402491373,active,2024-02-11
7552,Product_7552_0,home,872.8222444627552,76.07471752361779,inactive,2024-10-14
7553,Product_7553_0,sports,318.20909256776184,204.34765477387438,archived,2024-06-09
7554,Product_7554_0,sports,985.495388432795,83.88447216322325,archived,2024-05-17
7555,Product_7555_0,books,285.8961250954492,201.3486833377581,inactive,2024-05-04
7556,Product_7556_0,electronics,28.934568663710532,266.6862850101093,archived,2024-01-21
7557,Product_7557_0,clothing,916.8578451956753,398.3574547256211,archived,2024-09-13
7558,Product_7558_0,sports,945.5198501247107,261.54793594203124,active,2024-01-07
7559,Product_7559_0,electronics,46.582719266835774,162.83952638017163,active,2024-01-06
7560,Product_7560_0,sports,141.91282849999445,353.4140581487054,archived,2024-11-03
7561,Product_7561_0,home,199.57156320050336,152.4919434956671,inactive,2024-04-19
7562,Product_7562_0,books,981.4895591412992,222.18897156916816,active,2024-05-05
7563,Product_7563_0,home,657.3376195621944,178.47850044494623,pending,2024-01-08
7564,Product_7564_0,home,792.8371299161718,380.19300492903926,archived,2024-05-11
7565,Product_7565_0,electronics,623.1017516869849,237.4431646342614,pending,2024-07-19
7566,Product_7566_0,electronics,224.15196628562944,250.09387799601788,inactive,2024-09-28
7567,Product_7567_0,sports,797.7670407913238,314.6647848089863,archived,2024-10-15
7568,Product_7568_0,home,516.8797355157786,437.11719842684937,archived,2024-08-11
7569,Product_7569_0,clothing,31.40692605472903,143.7898325711265,pending,2024-08-04
7570,Product_7570_0,clothing,536.4560495252211,24.24460757540252,pending,2024-12-27
7571,Product_7571_0,electronics,703.4568122656949,158.145842672159,inactive,2024-02-21
7572,Product_7572_0,books,127.51376721217532,206.64357436243307,pending,2024-02-28
7573,Product_7573_0,books,485.6761118284165,214.20457105327296,active,2024-07-15
7574,Product_7574_0,sports,543.9419708766342,93.18035441669677,active,2024-03-20
7575,Product_7575_0,home,793.309812851095,193.0303440418731,active,2024-05-13
7576,Product_7576_0,electronics,456.40876380743595,296.9802818848636,pending,2024-05-11
7577,Product_7577_0,clothing,547.486637224718,256.4760913073791,archived,2024-09-28
7578,Product_7578_0,electronics,641.8227588694152,34.649939163947096,archived,2024-12-18
7579,Product_7579_0,books,673.4554266471629,89.11080647747333,pending,2024-03-27
7580,Product_7580_0,electronics,826.2075323216408,284.98834420556557,archived,2024-02-12
7581,Product_7581_0,electronics,985.7538818308919,341.89070243761387,pending,2024-02-25
7582,Product_7582_0,books,745.3502669912572,338.09707111611334,active,2024-09-13
7583,Product_7583_0,clothing,329.9193030212134,351.7983182112119,pending,2024-06-01
7584,Product_7584_0,clothing,499.5571293107863,195.6190366324679,pending,2024-03-25
7585,Product_7585_0,sports,857.1870420453018,19.804823579990572,active,2024-11-09
7586,Product_7586_0,electronics,278.9971114996972,473.3922766647849,archived,2024-11-23
7587,Product_7587_0,clothing,432.89108411701017,121.45586924847882,active,2024-09-19
7588,Product_7588_0,books,431.5136354721021,104.99578068266297,active,2024-07-20
7589,Product_7589_0,sports,186.41146132581272,395.0886661249164,archived,2024-09-17
7590,Product_7590_0,home,428.74097001545636,110.2672621554613,inactive,2024-12-19
7591,Product_7591_0,home,329.6800895818037,440.8786364163818,active,2024-08-27
7592,Product_7592_0,home,389.38827642188613,458.648388049501,archived,2024-08-27
7593,Product_7593_0,sports,659.6448862387683,351.7683388068847,inactive,2024-10-13
7594,Product_7594_0,clothing,507.7822701825511,119.43597785337066,pending,2024-06-16
7595,Product_7595_0,sports,787.1464411330884,77.37318639936007,pending,2024-12-27
7596,Product_7596_0,clothing,226.83786663462374,144.1506339328384,pending,2024-08-24
7597,Product_7597_0,clothing,436.54158352723545,240.9885167969381,inactive,2024-12-12
7598,Product_7598_0,clothing,85.35206320950974,238.87913942019944,inactive,2024-04-15
7599,Product_7599_0,clothing,515.032730541731,358.06211656793676,archived,2024-10-20
7600,Product_7600_0,sports,202.8489558046986,69.3353898154898,inactive,2024-02-17
7601,Product_7601_0,sports,998.123217530626,173.28139460875863,active,2024-03-26
7602,Product_7602_0,electronics,866.5731649713885,427.74876705582216,pending,2024-05-17
7603,Product_7603_0,clothing,965.2137341860554,271.0985272317068,pending,2024-07-08
7604,Product_7604_0,sports,87.58746992226334,398.2664446185749,pending,2024-09-07
7605,Product_7605_0,clothing,128.28583343189268,29.427130387454635,archived,2024-08-13
7606,Product_7606_0,clothing,554.9271828187213,141.7305126560736,active,2024-06-11
7607,Product_7607_0,sports,176.22462656523604,441.6270064795923,active,2024-10-10
7608,Product_7608_0,home,184.6740786162925,10.609240673477982,pending,2024-11-20
7609,Product_7609_0,clothing,627.0598722510113,369.66628260145524,active,2024-05-11
7610,Product_7610_0,sports,286.7064707673841,241.81660006300274,inactive,2024-06-21
7611,Product_7611_0,clothing,425.89369692843024,469.68189658328436,active,2024-08-08
7612,Product_7612_0,electronics,343.2415586731573,291.73523253107373,pending,2024-04-24
7613,Product_7613_0,books,964.9442205004646,38.146886061491415,active,2024-11-28
7614,Product_7614_0,electronics,733.3033497789714,218.15916161637983,inactive,2024-05-28
7615,Product_7615_0,home,385.38043698546164,460.4767342914004,inactive,2024-08-04
7616,Product_7616_0,books,140.45585421805592,257.69737026434734,active,2024-11-15
7617,Product_7617_0,clothing,646.1399331177656,159.74332397838046,active,2024-04-02
7618,Product_7618_0,home,586.318750254468,363.63322294537153,active,2024-01-14
7619,Product_7619_0,books,871.5221349921667,339.2102244330636,pending,2024-04-24
7620,Product_7620_0,sports,824.2476417681283,166.292305513483,pending,2024-02-07
7621,Product_7621_0,home,468.3160790877577,40.283710638409666,pending,2024-09-14
7622,Product_7622_0,sports,589.3154363521533,241.07720192693412,pending,2024-10-24
7623,Product_7623_0,books,932.5477711095172,192.39483330788158,pending,2024-01-16
7624,Product_7624_0,books,434.0316209435973,265.496319451595,archived,2024-07-04
7625,Product_7625_0,sports,870.0272676029341,220.65139345755094,inactive,2024-04-15
7626,Product_7626_0,electronics,254.1732641085146,487.38637176311306,inactive,2024-12-04
7627,Product_7627_0,electronics,251.3320789699732,415.5178682049263,inactive,2024-07-17
7628,Product_7628_0,sports,442.5344823287724,332.7537261228865,archived,2024-10-19
7629,Product_7629_0,sports,15.883376939537092,353.8842786531045,inactive,2024-10-12
7630,Product_7630_0,sports,317.54429370641213,268.8207428163126,active,2024-06-18
7631,Product_7631_0,clothing,395.5368523892153,343.2436880842434,inactive,2024-12-12
7632,Product_7632_0,electronics,964.6923229406402,235.97162704484492,active,2024-12-01
7633,Product_7633_0,clothing,425.53310745065085,150.19935347263956,active,2024-02-26
7634,Product_7634_0,books,364.1735107133486,80.25070077053971,archived,2024-03-19
7635,Product_7635_0,home,203.09280559235464,438.6117011669711,inactive,2024-10-16
7636,Product_7636_0,books,391.716704188122,234.17491118086744,inactive,2024-03-09
7637,Product_7637_0,sports,134.31716815331643,475.339631813105,active,2024-01-25
7638,Product_7638_0,home,446.1613613867187,211.8951422505342,pending,2024-03-02
7639,Product_7639_0,books,77.35998910539507,205.96780681753333,active,2024-10-12
7640,Product_7640_0,clothing,644.3530952871714,272.0127230316105,archived,2024-05-04
7641,Product_7641_0,home,261.32248804329527,248.10502623152996,active,2024-08-18
7642,Product_7642_0,home,32.03863595531935,235.9417405580896,pending,2024-10-14
7643,Product_7643_0,electronics,576.7477583085637,89.00014823420126,active,2024-03-15
7644,Product_7644_0,clothing,523.728878019254,12.67565257293473,archived,2024-09-21
7645,Product_7645_0,sports,337.70435569046344,84.86575427606537,archived,2024-11-28
7646,Product_7646_0,electronics,195.49483826202206,338.8235479760813,inactive,2024-12-21
7647,Product_7647_0,books,767.2529813124214,219.6464771517106,active,2024-08-10
7648,Product_7648_0,home,878.8408115209879,356.2022622725644,active,2024-08-03
7649,Product_7649_0,books,945.9396504325213,411.41036175133075,active,2024-07-07
7650,Product_7650_0,sports,760.0324390102962,160.4292045188647,inactive,2024-01-18
7651,Product_7651_0,home,880.1809367199623,17.262939912499466,active,2024-07-11
7652,Product_7652_0,clothing,722.7481931859813,82.2997792345598,archived,2024-01-13
7653,Product_7653_0,home,386.3093567708397,306.9576268781297,archived,2024-08-27
7654,Product_7654_0,home,727.843781944664,188.2899467662838,archived,2024-02-24
7655,Product_7655_0,home,381.96592837776564,304.70719801931256,pending,2024-06-05
7656,Product_7656_0,books,153.60537852655182,320.93456375059475,inactive,2024-02-27
7657,Product_7657_0,electronics,254.84870671479476,461.6101442612211,inactive,2024-10-19
7658,Product_7658_0,books,826.7481170131325,165.98331486509412,archived,2024-08-20
7659,Product_7659_0,home,17.93109442560506,49.990642255235834,pending,2024-07-11
7660,Product_7660_0,sports,713.308533214536,399.54629780204846,pending,2024-03-20
7661,Product_7661_0,electronics,948.0593414451918,261.3112381657677,pending,2024-12-15
7662,Product_7662_0,electronics,299.7346075918804,135.3390850244466,inactive,2024-12-04
7663,Product_7663_0,electronics,979.1775989565133,463.0542860567196,pending,2024-10-25
7664,Product_7664_0,home,167.20309672297577,19.009851223446052,active,2024-04-27
7665,Product_7665_0,clothing,994.4132090472287,349.50068030325775,inactive,2024-09-16
7666,Product_7666_0,home,453.70744514935996,284.8387973785104,active,2024-04-16
7667,Product_7667_0,clothing,176.56522140453671,396.0326071409262,archived,2024-06-22
7668,Product_7668_0,sports,515.2749542223642,428.1043616533394,pending,2024-06-19
7669,Product_7669_0,clothing,240.33194978473082,247.67628936626636,inactive,2024-09-15
7670,Product_7670_0,electronics,644.8381632676804,331.5524384787522,inactive,2024-10-18
7671,Product_7671_0,electronics,63.78221867726329,90.52739135674452,pending,2024-04-20
7672,Product_7672_0,electronics,180.0907935354865,184.82673082141358,archived,2024-07-13
7673,Product_7673_0,clothing,92.14046892850165,437.3351546493444,active,2024-08-17
7674,Product_7674_0,sports,300.67509111276604,347.91781085139553,active,2024-12-15
7675,Product_7675_0,sports,653.8936263360602,88.72573107344336,active,2024-12-09
7676,Product_7676_0,clothing,970.2253890583511,113.8914968593875,inactive,2024-04-24
7677,Product_7677_0,sports,907.6555816097041,287.4690896715794,archived,2024-10-27
7678,Product_7678_0,sports,720.656039212128,358.78113172788323,pending,2024-12-05
7679,Product_7679_0,books,675.2382910341333,131.98775090306103,pending,2024-10-04
7680,Product_7680_0,electronics,508.01134210855264,83.59332566213274,inactive,2024-05-23
7681,Product_7681_0,home,901.7314349688905,278.6688418649695,active,2024-03-22
7682,Product_7682_0,electronics,718.8903740541648,354.9132546463558,pending,2024-09-16
7683,Product_7683_0,sports,556.1920075342737,366.90233489101604,pending,2024-10-28
7684,Product_7684_0,home,729.1399934897468,24.324405492901796,pending,2024-10-12
7685,Product_7685_0,home,971.6180963474733,38.1848007800608,active,2024-11-27
7686,Product_7686_0,books,745.8004658467763,473.5701350020768,pending,2024-06-04
7687,Product_7687_0,books,406.2832895504021,224.36826595746263,pending,2024-05-10
7688,Product_7688_0,electronics,738.2595551242803,434.4785202374394,pending,2024-06-03
7689,Product_7689_0,home,53.770663581406474,359.5810484312069,archived,2024-02-26
7690,Product_7690_0,books,333.63454324849556,400.2720007758976,active,2024-02-11
7691,Product_7691_0,sports,351.2960855704282,221.34155012647173,archived,2024-04-06
7692,Product_7692_0,books,751.4683676722296,207.16254143616223,active,2024-09-28
7693,Product_7693_0,electronics,563.0237857608665,393.67168172739235,archived,2024-09-14
7694,Product_7694_0,sports,788.3086773532724,354.61481250449015,active,2024-11-24
7695,Product_7695_0,sports,446.8024004078442,226.2527986133649,pending,2024-04-13
7696,Product_7696_0,home,627.9295910569606,346.59319433345155,active,2024-03-08
7697,Product_7697_0,clothing,805.2983080699208,249.2132688729466,archived,2024-01-20
7698,Product_7698_0,sports,620.7723118407839,92.84355691142338,archived,2024-04-20
7699,Product_7699_0,books,168.0260963687052,499.1192343383211,active,2024-03-22
7700,Product_7700_0,home,279.32878508720876,116.8074303201296,pending,2024-10-17
7701,Product_7701_0,clothing,827.667938198938,240.01926630812238,inactive,2024-10-26
7702,Product_7702_0,electronics,217.5708952761174,88.59502521655546,archived,2024-01-17
7703,Product_7703_0,sports,850.5077401706686,154.0147494780924,archived,2024-05-28
7704,Product_7704_0,home,437.3282928850558,292.17494915360743,pending,2024-02-09
7705,Product_7705_0,books,461.14326207571014,366.1035035039229,archived,2024-06-04
7706,Product_7706_0,books,663.3189236773445,209.03253783761363,archived,2024-01-23
7707,Product_7707_0,home,1.4476183978535133,11.688378205413247,archived,2024-03-16
7708,Product_7708_0,clothing,380.71301470899704,51.85378230796586,inactive,2024-03-03
7709,Product_7709_0,electronics,237.69258918141313,416.3212975254918,archived,2024-05-05
7710,Product_7710_0,clothing,913.1499562614432,73.25605768378182,inactive,2024-03-13
7711,Product_7711_0,home,128.87722517388562,363.9919824775392,active,2024-05-16
7712,Product_7712_0,electronics,497.79195497932517,427.0287636474843,archived,2024-01-10
7713,Product_7713_0,sports,753.5802430323029,150.50084066065236,pending,2024-11-18
7714,Product_7714_0,books,971.3151892639244,225.35043203531154,active,2024-09-24
7715,Product_7715_0,home,277.5445923420723,77.60450620223904,active,2024-02-11
7716,Product_7716_0,books,79.58845544550732,65.83124928908526,archived,2024-12-13
7717,Product_7717_0,home,442.98969190892,93.76845547835522,archived,2024-05-05
7718,Product_7718_0,electronics,33.758790243698805,73.83834867623038,active,2024-10-23
7719,Product_7719_0,home,344.1007483116911,457.34435758475803,archived,2024-04-13
7720,Product_7720_0,home,841.0586364760521,335.01571584304594,archived,2024-04-11
7721,Product_7721_0,home,167.05069835234823,371.87179910430126,pending,2024-04-03
7722,Product_7722_0,electronics,823.6651680734367,436.4247542315121,archived,2024-02-09
7723,Product_7723_0,books,260.80888337753174,357.7388880110442,archived,2024-08-11
7724,Product_7724_0,electronics,883.6588737473855,59.075747152554996,pending,2024-07-18
7725,Product_7725_0,electronics,408.24069029511355,431.4637243945848,inactive,2024-07-22
7726,Product_7726_0,books,784.1688978929767,228.1111158682708,inactive,2024-02-02
7727,Product_7727_0,sports,739.832115357082,85.50384607830435,active,2024-04-18
7728,Product_7728_0,electronics,253.5273776713542,206.326902856785,inactive,2024-02-01
7729,Product_7729_0,electronics,791.0422081013962,216.56298686643342,archived,2024-01-16
7730,Product_7730_0,sports,220.79727696616285,97.83957438977676,active,2024-06-07
7731,Product_7731_0,clothing,422.6393758992548,304.5795538280515,active,2024-02-24
7732,Product_7732_0,books,719.1931077061826,162.9813000883552,pending,2024-02-10
7733,Product_7733_0,sports,548.8271433455933,26.75754658303739,pending,2024-02-13
7734,Product_7734_0,home,752.8184935599545,378.344037966737,archived,2024-09-26
7735,Product_7735_0,clothing,496.07532260339667,397.54256652560696,archived,2024-05-06
7736,Product_7736_0,home,382.37139123221135,443.9754172277687,active,2024-08-21
7737,Product_7737_0,books,942.0368219940824,247.3446591471546,pending,2024-09-24
7738,Product_7738_0,sports,95.68503847376023,390.6121885917882,pending,2024-11-10
7739,Product_7739_0,sports,794.9015725521017,76.96399209694687,pending,2024-08-01
7740,Product_7740_0,home,627.8497250736534,176.2616576967253,inactive,2024-03-01
7741,Product_7741_0,clothing,786.2626081958352,237.23534974937405,inactive,2024-12-13
7742,Product_7742_0,books,345.2070381003129,126.01304925587053,active,2024-12-25
7743,Product_7743_0,books,828.1545115998629,274.10265601457775,pending,2024-12-02
7744,Product_7744_0,electronics,247.9116911433782,451.17032170964336,inactive,2024-03-05
7745,Product_7745_0,books,398.273085374359,323.29710620547917,pending,2024-08-21
7746,Product_7746_0,home,906.2582157783086,17.510724251550428,pending,2024-12-04
7747,Product_7747_0,clothing,190.17272977111307,88.98531639978899,inactive,2024-07-23
7748,Product_7748_0,home,911.4346696474942,93.14920899841886,inactive,2024-12-10
7749,Product_7749_0,clothing,992.2409214905597,346.61201509231967,inactive,2024-09-15
7750,Product_7750_0,home,230.08159804976435,301.4198756157209,archived,2024-11-01
7751,Product_7751_0,electronics,472.6278769411553,366.3021372416844,inactive,2024-12-22
7752,Product_7752_0,electronics,21.340918044474144,119.06592106520472,archived,2024-04-09
7753,Product_7753_0,electronics,785.4867869470947,397.7576043342784,pending,2024-03-22
7754,Product_7754_0,sports,77.5599404827932,343.0004986949095,inactive,2024-12-24
7755,Product_7755_0,books,209.23660065739008,340.69998516804304,archived,2024-04-16
7756,Product_7756_0,electronics,386.55860788303494,477.3400844059182,archived,2024-02-04
7757,Product_7757_0,electronics,913.9222271311354,276.59502464196544,pending,2024-10-27
7758,Product_7758_0,electronics,282.0060458010186,22.293403405366416,archived,2024-04-13
7759,Product_7759_0,books,263.1140490240718,269.3179337627363,inactive,2024-05-25
7760,Product_7760_0,home,167.1911568639244,279.88593975378274,active,2024-12-05
7761,Product_7761_0,clothing,486.49082036176515,472.7454279660676,pending,2024-08-17
7762,Product_7762_0,clothing,128.8058146383771,404.8487333746256,pending,2024-10-28
7763,Product_7763_0,books,729.523362694698,50.70061649904208,inactive,2024-02-06
7764,Product_7764_0,home,230.16328097270107,303.853861664415,archived,2024-05-09
7765,Product_7765_0,electronics,93.26709690680484,164.64844718202727,archived,2024-04-10
7766,Product_7766_0,home,961.1245936774212,405.9941135373132,archived,2024-05-27
7767,Product_7767_0,clothing,908.0584887147692,48.68901094736757,archived,2024-09-19
7768,Product_7768_0,books,323.37458469904095,140.8152920757116,archived,2024-03-11
7769,Product_7769_0,electronics,395.5439390718435,434.8343900017213,pending,2024-11-28
7770,Product_7770_0,electronics,899.0006012561932,443.8718177940792,active,2024-07-11
7771,Product_7771_0,clothing,789.6257677403851,413.4219866509535,pending,2024-05-06
7772,Product_7772_0,home,732.5099804632501,239.09729685331286,active,2024-12-20
7773,Product_7773_0,clothing,733.0613847315701,13.657185715720424,archived,2024-12-03
7774,Product_7774_0,home,418.63751636086295,336.5842502539104,active,2024-01-05
7775,Product_7775_0,books,784.2741716413118,423.7925539744124,archived,2024-07-23
7776,Product_7776_0,home,451.68791056860704,306.98367976967137,archived,2024-03-18
7777,Product_7777_0,sports,324.173977003921,322.25080444611694,active,2024-06-06
7778,Product_7778_0,sports,914.8984002756874,221.19059529724458,archived,2024-09-13
7779,Product_7779_0,home,104.291720086402,179.81013494818126,inactive,2024-07-17
7780,Product_7780_0,clothing,60.177022572578736,404.16120600717255,active,2024-12-16
7781,Product_7781_0,home,454.79350933380005,443.04957795219127,inactive,2024-12-01
7782,Product_7782_0,home,130.73637939993856,487.7846048766152,pending,2024-03-04
7783,Product_7783_0,books,529.5926289149727,225.8506861680495,archived,2024-01-22
7784,Product_7784_0,home,672.5327190886172,245.44596745512092,inactive,2024-08-18
7785,Product_7785_0,electronics,332.38432978385947,67.92657212867803,pending,2024-02-16
7786,Product_7786_0,sports,816.0789318855104,350.73152758445406,inactive,2024-04-04
7787,Product_7787_0,books,808.7158193895572,127.23661503211119,archived,2024-10-17
7788,Product_7788_0,home,553.7126734545179,189.92188472645827,inactive,2024-04-14
7789,Product_7789_0,clothing,958.8411305792654,235.30365213519397,active,2024-05-27
7790,Product_7790_0,sports,785.3060808047384,380.28184125539366,inactive,2024-12-20
7791,Product_7791_0,home,624.5464875594432,445.46173701306634,archived,2024-06-25
7792,Product_7792_0,electronics,793.1038071303245,173.08478735774892,active,2024-10-26
7793,Product_7793_0,home,809.9733235802343,287.76548406167217,archived,2024-08-24
7794,Product_7794_0,clothing,520.7351096269346,14.423117584514605,pending,2024-02-25
7795,Product_7795_0,home,101.27189002222862,279.14360662270457,inactive,2024-03-06
7796,Product_7796_0,electronics,594.8316312593531,262.7672495969748,active,2024-05-06
7797,Product_7797_0,home,522.967238577524,126.13742287239741,pending,2024-03-05
7798,Product_7798_0,electronics,129.28819703492368,279.1945815673682,active,2024-02-26
7799,Product_7799_0,sports,453.7407009691975,299.66522829892403,pending,2024-05-24
7800,Product_7800_0,sports,603.8409609109916,195.46532507382344,active,2024-09-05
7801,Product_7801_0,books,642.3372589337012,244.23443815766842,archived,2024-02-28
7802,Product_7802_0,home,242.68262649807835,477.20414630747433,inactive,2024-11-16
7803,Product_7803_0,electronics,775.3170598980179,458.07254743167397,archived,2024-06-05
7804,Product_7804_0,clothing,795.8179862717859,474.3981563828025,inactive,2024-05-10
7805,Product_7805_0,books,718.0860579659743,348.97139041596427,pending,2024-06-23
7806,Product_7806_0,electronics,732.1493855150632,406.4426510889518,active,2024-08-25
7807,Product_7807_0,electronics,519.8713675610448,266.5922084219852,archived,2024-12-09
7808,Product_7808_0,sports,768.3038406632595,339.98402247200755,inactive,2024-03-24
7809,Product_7809_0,books,268.2469148811736,243.13663937831797,inactive,2024-11-16
7810,Product_7810_0,sports,660.6913125379444,174.95323773584713,active,2024-05-13
7811,Product_7811_0,electronics,217.71888432613892,210.8200465455819,archived,2024-01-05
7812,Product_7812_0,sports,809.0280383817859,200.26416993105497,inactive,2024-04-14
7813,Product_7813_0,electronics,753.5320388465545,291.2383271928869,active,2024-05-05
7814,Product_7814_0,books,237.4045010177131,181.14067266811202,inactive,2024-05-04
7815,Product_7815_0,home,742.3730332111778,375.1375409512136,inactive,2024-04-13
7816,Product_7816_0,books,37.390344178368245,288.39030853650604,archived,2024-06-25
7817,Product_7817_0,electronics,895.652726336955,202.3719611795937,inactive,2024-08-10
7818,Product_7818_0,clothing,353.4289451249251,210.267624432734,inactive,2024-05-26
7819,Product_7819_0,home,149.40527804792882,45.172173066540196,inactive,2024-03-12
7820,Product_7820_0,electronics,531.1802297150963,140.50891808642533,archived,2024-09-18
7821,Product_7821_0,electronics,928.6280012464828,458.44625048904896,archived,2024-09-26
7822,Product_7822_0,clothing,707.6616763704249,283.86266184821363,inactive,2024-06-25
7823,Product_7823_0,home,844.0625846299167,426.79832608949897,archived,2024-03-13
7824,Product_7824_0,sports,505.95547222388893,175.7807311248921,active,2024-06-25
7825,Product_7825_0,home,477.25035322448673,260.1843131579392,pending,2024-06-02
7826,Product_7826_0,clothing,212.47894760275753,241.89062455164415,inactive,2024-01-06
7827,Product_7827_0,books,405.0818268102737,262.6180300184219,pending,2024-02-11
7828,Product_7828_0,sports,54.2016257337441,153.41226516979702,active,2024-08-07
7829,Product_7829_0,books,850.6143413586284,315.5054213568294,archived,2024-01-23
7830,Product_7830_0,books,584.5944232405906,321.91781528989947,pending,2024-08-22
7831,Product_7831_0,sports,907.8195232779291,362.72398178025384,inactive,2024-08-16
7832,Product_7832_0,electronics,827.4598883925903,151.8635229633241,pending,2024-04-26
7833,Product_7833_0,clothing,31.02106665784746,150.0578261371036,inactive,2024-04-25
7834,Product_7834_0,electronics,397.27567659964154,337.90944400013524,archived,2024-04-08
7835,Product_7835_0,electronics,170.20625546028305,397.4395969972702,inactive,2024-03-20
7836,Product_7836_0,clothing,998.5469233477993,56.008071578776594,inactive,2024-11-05
7837,Product_7837_0,clothing,102.75044284179823,259.6251756708273,inactive,2024-11-19
7838,Product_7838_0,home,30.848498784221924,469.85509988959006,pending,2024-09-20
7839,Product_7839_0,sports,204.9584005324729,146.2781197425215,pending,2024-01-22
7840,Product_7840_0,sports,933.3883201009733,390.89177969239626,archived,2024-08-10
7841,Product_7841_0,home,788.314040387704,150.39006085148236,inactive,2024-11-09
7842,Product_7842_0,home,368.8395171848037,401.52697346284015,active,2024-06-15
7843,Product_7843_0,home,3.527521256142094,85.65592031589865,archived,2024-04-08
7844,Product_7844_0,sports,367.90652575622585,452.225856459525,inactive,2024-08-18
7845,Product_7845_0,books,869.1485790877828,129.22777616219742,inactive,2024-05-07
7846,Product_7846_0,sports,509.00056025109797,106.97847869685238,active,2024-06-03
7847,Product_7847_0,clothing,933.9811177845418,471.1710398528409,archived,2024-06-13
7848,Product_7848_0,home,119.06588276032694,308.30947069404357,inactive,2024-04-13
7849,Product_7849_0,clothing,216.34371480486564,14.61986169397786,inactive,2024-12-04
7850,Product_7850_0,electronics,675.036085403397,118.98111748674403,archived,2024-07-11
7851,Product_7851_0,books,873.8137242744067,363.9508482830266,pending,2024-01-11
7852,Product_7852_0,sports,367.87625476567314,336.86099366129616,active,2024-03-19
7853,Product_7853_0,home,868.8620803147595,134.75852344867275,inactive,2024-08-28
7854,Product_7854_0,home,372.00249208933815,87.03434632439293,active,2024-09-09
7855,Product_7855_0,clothing,395.9943976682101,141.9729940364792,pending,2024-06-07
7856,Product_7856_0,home,168.39802694733092,452.4216798110793,pending,2024-07-02
7857,Product_7857_0,sports,276.2552376255709,170.0669185364932,active,2024-10-19
7858,Product_7858_0,home,539.2231151595133,138.0942975966038,pending,2024-03-14
7859,Product_7859_0,books,788.3064730509208,42.06806474281506,inactive,2024-12-02
7860,Product_7860_0,clothing,715.2605072294599,452.18291678316785,active,2024-01-28
7861,Product_7861_0,sports,249.328643795534,374.8467208345089,pending,2024-02-19
7862,Product_7862_0,books,141.98955679254973,200.074864371858,archived,2024-07-13
7863,Product_7863_0,home,676.5460807946171,279.72157344516097,archived,2024-12-25
7864,Product_7864_0,clothing,726.8140634324691,82.88521222605242,pending,2024-08-22
7865,Product_7865_0,electronics,862.9657763301076,408.20445685917656,archived,2024-12-08
7866,Product_7866_0,sports,817.9680904530472,136.61074475654615,archived,2024-12-11
7867,Product_7867_0,clothing,954.9232375820641,406.58651394549963,pending,2024-08-02
7868,Product_7868_0,electronics,267.79003231438634,272.5337436038157,inactive,2024-07-12
7869,Product_7869_0,sports,445.5037015559601,53.613340907046265,archived,2024-03-11
7870,Product_7870_0,clothing,919.0640907292094,307.9498027842345,inactive,2024-03-20
7871,Product_7871_0,electronics,328.85357522917855,292.2903118501014,active,2024-03-24
7872,Product_7872_0,home,644.1182864364787,316.9013401347117,archived,2024-12-09
7873,Product_7873_0,electronics,352.19210772822413,115.5836343752189,pending,2024-11-28
7874,Product_7874_0,clothing,444.72501358785814,238.89035222569473,archived,2024-07-27
7875,Product_7875_0,clothing,708.2737502260466,349.17657441247053,inactive,2024-12-11
7876,Product_7876_0,clothing,558.2230327379988,243.42334236343692,active,2024-04-13
7877,Product_7877_0,clothing,113.9506938194744,489.31926472255265,active,2024-12-17
7878,Product_7878_0,home,802.7545071911619,77.71217357127372,active,2024-09-22
7879,Product_7879_0,electronics,753.3475346681056,31.06292626746847,pending,2024-11-04
7880,Product_7880_0,sports,955.1426740911984,426.9007365448185,inactive,2024-04-22
7881,Product_7881_0,home,392.19135769610153,209.13899683582792,inactive,2024-05-11
7882,Product_7882_0,books,572.1158981972628,95.31600004675774,inactive,2024-02-15
7883,Product_7883_0,books,690.4098650140903,179.87777099370453,pending,2024-05-21
7884,Product_7884_0,books,560.3719510961453,219.3802912748244,active,2024-02-16
7885,Product_7885_0,electronics,885.8511967306508,441.64479694087385,archived,2024-11-10
7886,Product_7886_0,sports,943.9409805994367,409.80346647571815,inactive,2024-10-02
7887,Product_7887_0,electronics,539.0459977345165,459.9351659060329,inactive,2024-03-22
7888,Product_7888_0,electronics,696.3582922250047,92.03655946107502,active,2024-05-11
7889,Product_7889_0,home,33.668277129363496,389.7470035816583,active,2024-03-17
7890,Product_7890_0,home,399.8057103814575,74.16816933799632,inactive,2024-02-11
7891,Product_7891_0,clothing,859.990696715701,300.31131156368804,pending,2024-03-02
7892,Product_7892_0,books,602.1580735067581,199.42905450689537,inactive,2024-11-17
7893,Product_7893_0,books,75.15973702154062,336.21168235997106,active,2024-12-28
7894,Product_7894_0,clothing,614.8687898906245,155.4880518302088,archived,2024-09-27
7895,Product_7895_0,sports,19.60369510531871,61.54225427149251,inactive,2024-04-28
7896,Product_7896_0,electronics,124.64917189770786,245.24291350181886,pending,2024-12-10
7897,Product_7897_0,home,953.6901607349971,247.7040188691086,pending,2024-12-13
7898,Product_7898_0,clothing,715.1582615307822,59.8623063325004,inactive,2024-05-03
7899,Product_7899_0,home,726.2024798111037,272.3608088237588,active,2024-12-15
7900,Product_7900_0,sports,595.2569442470568,170.4561000009778,inactive,2024-12-12
7901,Product_7901_0,electronics,19.51720979979143,464.9558529179738,archived,2024-11-10
7902,Product_7902_0,electronics,434.4443475922281,135.13758566149636,archived,2024-01-20
7903,Product_7903_0,home,182.29240040554959,125.25638633472443,pending,2024-10-19
7904,Product_7904_0,electronics,197.44289128400285,415.293393418086,active,2024-11-09
7905,Product_7905_0,books,644.022842333931,266.47437999000243,active,2024-03-01
7906,Product_7906_0,clothing,359.71418638238396,398.51726912143437,active,2024-05-13
7907,Product_7907_0,electronics,146.13388772023492,32.82261539889126,archived,2024-10-15
7908,Product_7908_0,sports,715.9276189617832,75.53202853648007,archived,2024-09-23
7909,Product_7909_0,electronics,806.5766726726758,175.87613114413267,pending,2024-07-28
7910,Product_7910_0,home,981.6699278154647,360.65230781307423,active,2024-11-23
7911,Product_7911_0,sports,57.28086309882291,11.264922707674636,inactive,2024-07-10
7912,Product_7912_0,books,131.28196243507412,182.02451914848913,active,2024-03-28
7913,Product_7913_0,clothing,973.013642181842,105.507268912925,pending,2024-08-02
7914,Product_7914_0,home,286.48613820314847,93.38716358557188,pending,2024-02-03
7915,Product_7915_0,sports,868.8727559306794,237.35945563338095,pending,2024-02-10
7916,Product_7916_0,electronics,668.406430381769,327.9724077512227,active,2024-10-21
7917,Product_7917_0,books,172.85582551432387,241.80917937458253,active,2024-09-28
7918,Product_7918_0,books,563.2051998684448,478.71752310226174,pending,2024-11-09
7919,Product_7919_0,home,687.5858718539448,261.4369556467599,archived,2024-08-22
7920,Product_7920_0,sports,471.8286491749627,148.26264256280444,pending,2024-08-11
7921,Product_7921_0,electronics,947.9384177520814,221.33432871306994,archived,2024-07-22
7922,Product_7922_0,sports,369.9515510353561,375.39196389453315,pending,2024-02-22
7923,Product_7923_0,books,140.2677933408271,18.70684431517642,inactive,2024-05-11
7924,Product_7924_0,sports,752.5470825512925,185.96135749639572,pending,2024-06-17
7925,Product_7925_0,sports,897.1074078798438,425.07279356204754,inactive,2024-06-20
7926,Product_7926_0,books,354.70561088234354,202.42950647482266,inactive,2024-11-02
7927,Product_7927_0,clothing,86.79524203434634,197.008549026465,active,2024-11-05
7928,Product_7928_0,electronics,98.07950906645219,387.0684838293615,inactive,2024-03-20
7929,Product_7929_0,home,192.6288447382088,482.7586196414958,inactive,2024-07-25
7930,Product_7930_0,home,162.1273793026342,332.00077080693006,inactive,2024-11-02
7931,Product_7931_0,books,765.8823069334002,139.3967836890816,pending,2024-11-11
7932,Product_7932_0,clothing,510.7289562005111,395.1619413035122,inactive,2024-06-05
7933,Product_7933_0,books,304.6792463422981,31.83535993163565,inactive,2024-11-16
7934,Product_7934_0,home,84.88552539987879,158.28425003712576,pending,2024-05-28
7935,Product_7935_0,clothing,537.2216475095751,261.9802958074776,pending,2024-05-09
7936,Product_7936_0,books,246.35848811620576,81.09934136683064,archived,2024-10-08
7937,Product_7937_0,books,164.2892099660461,103.82727115324693,archived,2024-10-03
7938,Product_7938_0,home,223.8921136743853,202.34176041730566,archived,2024-08-14
7939,Product_7939_0,home,756.2686642763764,435.8677412680612,inactive,2024-08-23
7940,Product_7940_0,electronics,150.80610878265307,213.56404088453147,archived,2024-12-08
7941,Product_7941_0,electronics,158.60782585692706,315.18343696154164,active,2024-11-01
7942,Product_7942_0,sports,267.9178084184554,196.63699693451312,active,2024-12-18
7943,Product_7943_0,sports,546.3951568005326,444.02163536366686,pending,2024-11-15
7944,Product_7944_0,clothing,280.1835173292624,294.1117463611415,active,2024-05-03
7945,Product_7945_0,electronics,853.2318552891733,200.53594713371496,pending,2024-10-28
7946,Product_7946_0,electronics,2.346182110908745,118.05888795782839,archived,2024-08-02
7947,Product_7947_0,home,731.0993160914386,353.4853515237198,active,2024-05-16
7948,Product_7948_0,home,815.4068923127134,229.2241314455005,inactive,2024-09-08
7949,Product_7949_0,home,959.7592349757697,439.0098130725239,active,2024-02-12
7950,Product_7950_0,electronics,776.3950629493478,392.4635965349023,active,2024-02-13
7951,Product_7951_0,clothing,427.61278183628235,127.10138152266502,pending,2024-03-27
7952,Product_7952_0,sports,529.2958059344442,198.40037102799386,pending,2024-07-21
7953,Product_7953_0,electronics,443.2799866308031,396.4438277452183,active,2024-12-10
7954,Product_7954_0,electronics,432.85334119911204,412.01837998039736,archived,2024-03-18
7955,Product_7955_0,home,77.12449784238134,314.041824408449,archived,2024-10-03
7956,Product_7956_0,books,526.6751072617566,111.53430363825261,active,2024-11-11
7957,Product_7957_0,home,590.6582790367441,460.54540302995235,archived,2024-03-05
7958,Product_7958_0,clothing,174.17206291279433,193.69979803719517,inactive,2024-11-17
7959,Product_7959_0,home,126.5375165216289,207.09925092322231,active,2024-05-28
7960,Product_7960_0,electronics,16.40464596213798,113.85503464878391,active,2024-06-22
7961,Product_7961_0,clothing,611.6603745701211,405.806849494039,archived,2024-09-10
7962,Product_7962_0,home,135.54754927965925,494.94774153094045,archived,2024-07-14
7963,Product_7963_0,electronics,497.0617984605888,467.3600554167572,archived,2024-06-07
7964,Product_7964_0,sports,545.6639827977591,491.52778435141636,pending,2024-03-19
7965,Product_7965_0,electronics,903.4204994504588,194.3334428302827,active,2024-10-14
7966,Product_7966_0,clothing,73.21858948407798,332.6317753585499,inactive,2024-02-21
7967,Product_7967_0,sports,973.125804366277,471.94431417483116,pending,2024-03-16
7968,Product_7968_0,electronics,541.9103810886986,173.92286966243984,archived,2024-07-10
7969,Product_7969_0,clothing,568.7298023323409,377.19095444716436,inactive,2024-05-13
7970,Product_7970_0,sports,391.03659673548185,247.08005678861804,archived,2024-01-11
7971,Product_7971_0,books,98.43074914280929,232.26269655860915,pending,2024-01-11
7972,Product_7972_0,home,649.4520726951281,268.7916573523782,archived,2024-11-15
7973,Product_7973_0,electronics,254.77031158495328,248.2883812642798,active,2024-10-21
7974,Product_7974_0,electronics,654.3754370446853,365.34352793154915,archived,2024-02-03
7975,Product_7975_0,electronics,666.8289207204526,101.73365882928034,active,2024-03-12
7976,Product_7976_0,sports,785.1325526258196,178.87352191565543,archived,2024-05-10
7977,Product_7977_0,home,807.625662911278,195.01650895263148,archived,2024-06-22
7978,Product_7978_0,clothing,418.04877564778263,377.86603111324024,pending,2024-04-11
7979,Product_7979_0,home,767.9985705479581,257.56698834792803,pending,2024-10-07
7980,Product_7980_0,electronics,387.6770181720448,103.81438570088157,inactive,2024-08-11
7981,Product_7981_0,books,993.5351692233361,179.94217275376536,inactive,2024-05-14
7982,Product_7982_0,electronics,381.9858065615652,470.6991235666391,active,2024-08-10
7983,Product_7983_0,clothing,168.09155058462193,270.7956621053001,inactive,2024-10-24
7984,Product_7984_0,home,243.14176172769393,331.377123621234,archived,2024-09-13
7985,Product_7985_0,electronics,190.68441422296033,54.246676087551286,archived,2024-11-03
7986,Product_7986_0,electronics,478.37178001995204,489.84948814077404,active,2024-12-11
7987,Product_7987_0,clothing,634.7534928618887,225.61631079140238,archived,2024-08-26
7988,Product_7988_0,sports,386.4332394494279,390.1376166642652,active,2024-05-16
7989,Product_7989_0,home,217.6087730244971,161.37239558619157,pending,2024-06-19
7990,Product_7990_0,sports,113.41125568459107,428.82126277286386,inactive,2024-10-26
7991,Product_7991_0,home,275.05356869504675,331.7470162447315,archived,2024-05-03
7992,Product_7992_0,sports,807.1828840784783,183.83564500285746,archived,2024-03-07
7993,Product_7993_0,clothing,977.7064126777275,293.4606916370972,pending,2024-03-08
7994,Product_7994_0,books,642.6321895421814,416.9278738987481,pending,2024-09-13
7995,Product_7995_0,home,237.02802789022712,357.62524125402564,inactive,2024-06-16
7996,Product_7996_0,electronics,665.8838365691246,128.11158332234032,inactive,2024-06-04
7997,Product_7997_0,sports,26.361419803548525,25.426588326900866,pending,2024-04-10
7998,Product_7998_0,sports,181.29917646098372,324.2431464968947,archived,2024-07-04
7999,Product_7999_0,books,274.077695505912,408.4408339997333,active,2024-09-01
8000,Product_8000_0,home,582.1182874325451,160.84117308013774,archived,2024-04-16
8001,Product_8001_0,books,104.75298780959258,139.6972154534663,active,2024-08-11
8002,Product_8002_0,electronics,577.6802105632748,193.50731846203746,archived,2024-01-13
8003,Product_8003_0,electronics,665.339075130365,34.7801214662459,pending,2024-01-18
8004,Product_8004_0,clothing,576.381514096461,412.1657480549558,pending,2024-04-01
8005,Product_8005_0,home,140.00222616645587,124.20936841808005,pending,2024-09-07
8006,Product_8006_0,clothing,282.0521729354262,372.44163569571543,inactive,2024-12-20
8007,Product_8007_0,books,984.2646384656053,264.53629674344774,inactive,2024-04-02
8008,Product_8008_0,home,87.81591210112641,243.74402183264766,pending,2024-07-20
8009,Product_8009_0,home,209.17863226168762,434.1122013010372,archived,2024-12-12
8010,Product_8010_0,clothing,819.5265604178296,354.3393685606219,active,2024-09-18
8011,Product_8011_0,sports,303.55761168030966,343.28363425273164,pending,2024-12-20
8012,Product_8012_0,clothing,664.3664335732883,322.83673057393804,active,2024-12-10
8013,Product_8013_0,electronics,933.6819654965404,281.1589724131725,pending,2024-04-28
8014,Product_8014_0,sports,488.7467117766553,236.51590693424762,pending,2024-12-16
8015,Product_8015_0,sports,18.022816141959254,238.46802417953305,archived,2024-02-09
8016,Product_8016_0,electronics,621.447861069347,342.34818292871324,inactive,2024-04-03
8017,Product_8017_0,books,434.48861330511403,234.6606887487983,inactive,2024-02-01
8018,Product_8018_0,electronics,488.93906240215404,26.76844924865008,active,2024-07-05
8019,Product_8019_0,sports,328.3747556058601,405.6921620435236,inactive,2024-11-19
8020,Product_8020_0,home,227.1577078426485,379.62566631950415,active,2024-12-17
8021,Product_8021_0,home,840.9481342222205,419.09855377820406,archived,2024-11-18
8022,Product_8022_0,books,302.51040209113825,230.90478602538803,inactive,2024-12-03
8023,Product_8023_0,clothing,754.0817863220138,167.65585224663354,archived,2024-09-06
8024,Product_8024_0,sports,428.6750589229744,380.57813479359874,pending,2024-07-27
8025,Product_8025_0,electronics,728.0355568502207,145.5218112367581,archived,2024-09-19
8026,Product_8026_0,books,900.4453939169014,306.4009756377812,inactive,2024-10-08
8027,Product_8027_0,home,361.03598748567066,24.51659740197524,active,2024-02-20
8028,Product_8028_0,books,485.07432120328883,186.5072616310116,archived,2024-06-15
8029,Product_8029_0,clothing,577.2592096803908,24.16078913928714,active,2024-03-11
8030,Product_8030_0,sports,422.0036469500872,153.0610025480211,archived,2024-04-17
8031,Product_8031_0,electronics,979.719277787724,132.62235399980557,pending,2024-12-26
8032,Product_8032_0,home,890.3822557960132,319.6016563828639,active,2024-12-07
8033,Product_8033_0,electronics,19.260243626271542,346.3522871728197,active,2024-07-17
8034,Product_8034_0,books,839.7726805844538,263.6850213657926,inactive,2024-08-17
8035,Product_8035_0,books,777.966262200442,18.965473073411,pending,2024-09-11
8036,Product_8036_0,electronics,251.38050790783905,197.8566520227006,active,2024-04-24
8037,Product_8037_0,electronics,698.8549291304283,250.52431879402164,archived,2024-06-24
8038,Product_8038_0,sports,768.3362589780081,233.43658765132582,inactive,2024-12-11
8039,Product_8039_0,books,645.5713793970452,388.11628237957234,active,2024-03-20
8040,Product_8040_0,books,632.0855356878727,447.2608328076654,pending,2024-04-21
8041,Product_8041_0,sports,763.0229182740671,245.8567457393388,inactive,2024-03-28
8042,Product_8042_0,home,888.2477991055889,121.40195460214458,pending,2024-05-12
8043,Product_8043_0,clothing,423.5216922758175,394.09200478967585,pending,2024-03-10
8044,Product_8044_0,home,404.74190264767657,183.6735680438846,archived,2024-05-03
8045,Product_8045_0,home,330.41249675717944,144.40355003352892,inactive,2024-05-16
8046,Product_8046_0,clothing,55.88286240611512,298.27908439116914,inactive,2024-10-22
8047,Product_8047_0,books,900.9065459880898,308.93904781834055,archived,2024-04-02
8048,Product_8048_0,home,883.0828760164653,83.19846283418543,pending,2024-03-21
8049,Product_8049_0,electronics,527.9170408592602,238.37761611040557,inactive,2024-06-06
8050,Product_8050_0,electronics,534.6227170706811,40.402524997680445,inactive,2024-05-08
8051,Product_8051_0,books,498.4659414566623,44.88917500520624,archived,2024-01-25
8052,Product_8052_0,sports,253.79940734960098,186.78296643646476,pending,2024-07-14
8053,Product_8053_0,electronics,301.9542514343222,156.6658714043142,archived,2024-08-21
8054,Product_8054_0,sports,826.6629876733582,112.4669535427867,active,2024-07-02
8055,Product_8055_0,books,430.2363659376125,404.3718283801524,pending,2024-10-08
8056,Product_8056_0,electronics,800.2132883836008,466.9185004758784,pending,2024-06-15
8057,Product_8057_0,electronics,533.5657693756589,388.09844629045796,active,2024-05-10
8058,Product_8058_0,sports,916.1123998968721,419.56124423863724,archived,2024-02-01
8059,Product_8059_0,sports,230.1459063737274,492.81969302476045,pending,2024-12-09
8060,Product_8060_0,sports,551.7978366038717,243.65963748078292,pending,2024-01-05
8061,Product_8061_0,sports,720.0208203457228,259.9343037520134,inactive,2024-09-04
8062,Product_8062_0,home,158.1220530619927,388.5589299723691,active,2024-01-13
8063,Product_8063_0,home,622.5894022397857,113.81910225898227,archived,2024-10-17
8064,Product_8064_0,clothing,723.8483425103897,167.06186031522643,archived,2024-04-01
8065,Product_8065_0,sports,339.84632593019126,61.97312319515929,pending,2024-07-16
8066,Product_8066_0,sports,428.4096841021992,459.87990141807813,active,2024-10-11
8067,Product_8067_0,sports,480.13082426116654,341.56701584999814,inactive,2024-09-27
8068,Product_8068_0,clothing,722.3998444729707,26.70982598633738,pending,2024-04-07
8069,Product_8069_0,home,321.8086355907209,412.7956342797453,archived,2024-08-03
8070,Product_8070_0,books,523.4845631140645,358.82547507532865,active,2024-02-26
8071,Product_8071_0,electronics,420.66196110002215,49.623858248649086,inactive,2024-03-16
8072,Product_8072_0,books,814.9364035299441,325.0183889351445,inactive,2024-11-25
8073,Product_8073_0,electronics,844.4087516368853,17.668104527497974,archived,2024-01-11
8074,Product_8074_0,home,590.0481298997403,338.70317014118035,active,2024-11-07
8075,Product_8075_0,electronics,359.19254764026334,188.0009509486525,archived,2024-07-03
8076,Product_8076_0,clothing,30.309669689085048,295.3214176730261,active,2024-04-04
8077,Product_8077_0,clothing,620.1021621577967,334.52131236062274,pending,2024-02-17
8078,Product_8078_0,clothing,363.3905811301577,85.93378065487056,pending,2024-04-03
8079,Product_8079_0,clothing,725.5706723927572,27.968843165363722,active,2024-08-13
8080,Product_8080_0,sports,39.36980229535111,265.5923520116917,archived,2024-02-06
8081,Product_8081_0,clothing,690.1340334409184,72.69929856007106,pending,2024-05-09
8082,Product_8082_0,clothing,376.89314215932075,111.87881382403349,pending,2024-06-05
8083,Product_8083_0,sports,64.26828061542994,73.75212429912688,pending,2024-09-05
8084,Product_8084_0,clothing,858.2554931847727,180.52354405590734,pending,2024-02-21
8085,Product_8085_0,books,12.3546829954636,361.56160192632416,pending,2024-01-22
8086,Product_8086_0,books,720.9631052134467,346.1637136820098,archived,2024-07-12
8087,Product_8087_0,clothing,304.37736664416815,252.5943917062802,active,2024-01-16
8088,Product_8088_0,home,816.5012742266878,279.7676507575775,pending,2024-06-23
8089,Product_8089_0,clothing,648.2066127740242,123.30726117485243,archived,2024-06-20
8090,Product_8090_0,sports,18.620912407315217,452.16646937849595,active,2024-09-21
8091,Product_8091_0,clothing,364.61813404237915,406.5644509121275,inactive,2024-07-16
8092,Product_8092_0,electronics,196.98348050517836,359.42367281945667,inactive,2024-10-22
8093,Product_8093_0,books,977.1340715735673,347.19484579286353,pending,2024-11-16
8094,Product_8094_0,clothing,924.7227838209923,436.6351259014532,inactive,2024-11-27
8095,Product_8095_0,sports,124.55618737684566,135.80557222396914,pending,2024-11-15
8096,Product_8096_0,home,682.2481166929424,425.9076243907559,active,2024-05-03
8097,Product_8097_0,clothing,840.7544029189781,228.88179923733196,archived,2024-02-09
8098,Product_8098_0,electronics,671.8189153235563,40.7154422731183,archived,2024-04-09
8099,Product_8099_0,sports,906.1048338397453,431.0740948936474,inactive,2024-03-10
8100,Product_8100_0,electronics,193.05508818184381,175.74204187769152,active,2024-07-21
8101,Product_8101_0,electronics,161.6752565433033,281.5208784411837,active,2024-12-26
8102,Product_8102_0,home,370.01420006221525,333.55493260147296,pending,2024-03-02
8103,Product_8103_0,electronics,593.4206537875644,137.2747553502142,active,2024-02-19
8104,Product_8104_0,books,25.473222925731076,308.6281052815299,active,2024-09-21
8105,Product_8105_0,electronics,922.7172515394982,115.77247986950194,active,2024-07-09
8106,Product_8106_0,books,739.0080512237722,419.96465014308313,active,2024-01-24
8107,Product_8107_0,electronics,35.67738213720729,296.80974201592437,inactive,2024-10-20
8108,Product_8108_0,sports,308.7491648661375,186.2126086240452,pending,2024-02-15
8109,Product_8109_0,clothing,587.9871175218174,99.35832167218582,pending,2024-12-09
8110,Product_8110_0,sports,468.0571252793899,160.4324453567428,pending,2024-09-20
8111,Product_8111_0,home,486.8999566276215,301.11096814196287,inactive,2024-09-13
8112,Product_8112_0,home,769.3850797336204,247.05151893134462,active,2024-07-13
8113,Product_8113_0,clothing,748.1790447013519,462.4806661085926,pending,2024-07-12
8114,Product_8114_0,sports,18.340325758653556,495.371121366954,inactive,2024-06-23
8115,Product_8115_0,electronics,49.19158257874773,341.32063145072925,archived,2024-01-13
8116,Product_8116_0,sports,125.45811257442898,499.93731537843775,inactive,2024-09-20
8117,Product_8117_0,home,666.6882141231399,144.5412794098663,pending,2024-10-27
8118,Product_8118_0,clothing,866.6739817886601,389.7711447221896,archived,2024-07-22
8119,Product_8119_0,clothing,707.0411595617649,124.54978023196,pending,2024-04-18
8120,Product_8120_0,sports,853.7408578863673,456.25747049655854,pending,2024-07-17
8121,Product_8121_0,books,997.2708600509644,155.6029017523043,archived,2024-04-26
8122,Product_8122_0,sports,813.4888669630634,188.3069389135915,active,2024-06-26
8123,Product_8123_0,sports,577.1007855748616,412.73006438989336,pending,2024-08-20
8124,Product_8124_0,electronics,742.9881059678635,495.78670511008954,active,2024-05-07
8125,Product_8125_0,books,411.00310286644816,230.22658598714915,archived,2024-02-20
8126,Product_8126_0,sports,701.8483534637885,449.42033876982174,active,2024-08-04
8127,Product_8127_0,sports,491.52447061600253,138.1263929920863,inactive,2024-09-11
8128,Product_8128_0,books,354.5926992346137,350.4650555908866,active,2024-09-15
8129,Product_8129_0,electronics,89.8521977559638,371.14580115999524,inactive,2024-08-27
8130,Product_8130_0,books,241.75932590393282,111.07734018006005,archived,2024-03-20
8131,Product_8131_0,books,732.9585362973679,53.633132827308195,pending,2024-12-01
8132,Product_8132_0,clothing,350.68200187661796,350.20468691168776,active,2024-04-07
8133,Product_8133_0,books,587.0197301230706,64.32036357911159,pending,2024-09-13
8134,Product_8134_0,home,505.8650997991779,416.7672981929965,pending,2024-01-19
8135,Product_8135_0,electronics,618.5997232068456,223.82515438401978,active,2024-12-24
8136,Product_8136_0,electronics,975.7822469208583,116.59079126392234,pending,2024-06-04
8137,Product_8137_0,electronics,672.2137267705274,341.2280444274777,active,2024-11-02
8138,Product_8138_0,clothing,21.884385827246334,278.79379934291455,archived,2024-12-08
8139,Product_8139_0,home,744.1982927677087,253.72895637130475,pending,2024-11-22
8140,Product_8140_0,books,231.7100848528943,74.45857137996023,active,2024-05-01
8141,Product_8141_0,books,305.643549718267,290.75990965081536,pending,2024-04-12
8142,Product_8142_0,home,957.8861245648159,104.76253418997179,inactive,2024-09-21
8143,Product_8143_0,home,696.0569180972417,246.59821288522994,active,2024-09-24
8144,Product_8144_0,home,271.9371461604916,128.39887461392834,pending,2024-01-24
8145,Product_8145_0,home,77.29039390961196,147.46073079963082,inactive,2024-02-18
8146,Product_8146_0,sports,660.9027177223554,201.64294916196997,pending,2024-06-03
8147,Product_8147_0,electronics,284.5697670003269,70.56903510448787,pending,2024-08-11
8148,Product_8148_0,home,505.18975658487847,76.75976605453799,active,2024-12-15
8149,Product_8149_0,sports,337.6413150152432,333.641151733001,archived,2024-06-09
8150,Product_8150_0,home,493.2922386978055,258.9556102886594,active,2024-11-19
8151,Product_8151_0,books,190.59145103229113,27.49911118992498,pending,2024-01-26
8152,Product_8152_0,electronics,770.6703532628718,317.80626985624167,inactive,2024-12-09
8153,Product_8153_0,home,810.2975302162582,91.36878840839063,archived,2024-05-13
8154,Product_8154_0,home,62.76441599348115,168.52153670288368,archived,2024-05-01
8155,Product_8155_0,electronics,974.0881599504092,229.12117821736177,active,2024-06-28
8156,Product_8156_0,electronics,157.1909504283048,107.51298326884304,inactive,2024-04-26
8157,Product_8157_0,clothing,221.8039994290522,448.5328474659278,inactive,2024-05-11
8158,Product_8158_0,home,623.5039923820447,91.82675141485218,active,2024-03-10
8159,Product_8159_0,books,192.09763363116073,455.4379079609911,active,2024-10-16
8160,Product_8160_0,home,433.28783154232366,444.99533579654286,pending,2024-09-21
8161,Product_8161_0,sports,893.086056245363,109.00145049868038,active,2024-02-08
8162,Product_8162_0,home,988.4950403325568,302.08649494345457,archived,2024-06-07
8163,Product_8163_0,books,537.3142878512014,265.9544723722705,inactive,2024-01-18
8164,Product_8164_0,home,649.0864410145242,195.40786333635154,inactive,2024-12-11
8165,Product_8165_0,books,490.2684221099841,384.60308616109035,archived,2024-09-25
8166,Product_8166_0,electronics,37.36508859438933,421.94289194361085,pending,2024-11-20
8167,Product_8167_0,electronics,826.4520914306322,433.72922147568,active,2024-12-23
8168,Product_8168_0,books,597.414044600185,372.47576365184733,pending,2024-04-22
8169,Product_8169_0,clothing,975.6663244505044,244.23984250120913,pending,2024-11-21
8170,Product_8170_0,clothing,348.97162840151924,129.136519614657,active,2024-02-04
8171,Product_8171_0,sports,106.11733541263493,38.493559328903544,archived,2024-05-11
8172,Product_8172_0,books,262.21657508959413,278.94484710993777,active,2024-06-10
8173,Product_8173_0,clothing,313.3218855693883,232.17355591617346,active,2024-03-13
8174,Product_8174_0,electronics,519.529508872001,307.6702804072502,archived,2024-02-17
8175,Product_8175_0,books,839.9590936385644,61.321273100762625,archived,2024-09-23
8176,Product_8176_0,electronics,919.3914645576574,313.9948336565272,archived,2024-11-11
8177,Product_8177_0,books,914.7262305641586,273.90414053704706,inactive,2024-09-27
8178,Product_8178_0,home,770.3588311577327,151.2537895505439,archived,2024-05-18
8179,Product_8179_0,home,475.0542556026562,236.4604944232545,archived,2024-12-12
8180,Product_8180_0,clothing,208.68595849783202,364.0713479995732,inactive,2024-12-27
8181,Product_8181_0,clothing,626.3798542979983,306.6548069441885,pending,2024-07-27
8182,Product_8182_0,books,837.9715199654538,23.835066873640983,pending,2024-11-13
8183,Product_8183_0,sports,942.9349787431756,15.616419218813657,archived,2024-04-23
8184,Product_8184_0,electronics,851.7071159487541,493.776828539963,archived,2024-06-26
8185,Product_8185_0,clothing,696.3499443848538,279.67092892396875,pending,2024-05-13
8186,Product_8186_0,electronics,540.4965977385551,102.17724703000148,pending,2024-09-17
8187,Product_8187_0,sports,473.61133136514394,269.9034777364602,active,2024-10-28
8188,Product_8188_0,home,615.0347510006029,33.11873617235861,active,2024-12-08
8189,Product_8189_0,books,408.95896914399395,78.62226664857607,archived,2024-11-23
8190,Product_8190_0,sports,296.29792264119015,209.46907945574637,inactive,2024-05-15
8191,Product_8191_0,clothing,322.73854449414205,351.5364368732046,pending,2024-04-14
8192,Product_8192_0,sports,766.270775638913,144.6871008609894,archived,2024-10-05
8193,Product_8193_0,sports,459.8428996589396,160.33558339459742,inactive,2024-07-22
8194,Product_8194_0,sports,454.33409598758163,468.9408250790562,archived,2024-12-28
8195,Product_8195_0,books,189.11527830470067,380.72313840380275,archived,2024-04-14
8196,Product_8196_0,books,454.4231573304464,375.8959377726466,pending,2024-04-19
8197,Product_8197_0,books,579.7462686221251,61.68961912589076,active,2024-07-07
8198,Product_8198_0,books,995.8521297823289,408.65828920365533,inactive,2024-03-19
8199,Product_8199_0,sports,85.43139040306929,95.11747745677572,pending,2024-11-01
8200,Product_8200_0,sports,249.55722484893641,332.24468994457413,archived,2024-02-26
8201,Product_8201_0,sports,941.8102665069939,347.92897192677583,inactive,2024-01-13
8202,Product_8202_0,books,623.802887526432,175.17637353381127,inactive,2024-05-23
8203,Product_8203_0,home,980.0300571482247,161.71959176620086,archived,2024-05-03
8204,Product_8204_0,sports,891.816989767338,331.3726470465044,inactive,2024-09-20
8205,Product_8205_0,books,931.9439190229269,85.4475086150741,archived,2024-07-08
8206,Product_8206_0,home,550.6055498284327,121.99385499058309,active,2024-02-12
8207,Product_8207_0,electronics,506.877177329019,80.85937835325721,active,2024-11-05
8208,Product_8208_0,home,453.5528795592672,156.00869599469186,pending,2024-02-12
8209,Product_8209_0,clothing,566.5025944985712,117.11728072205146,inactive,2024-05-23
8210,Product_8210_0,home,803.6885139378654,415.03499005522707,pending,2024-06-25
8211,Product_8211_0,home,287.02401996178634,397.534337229458,active,2024-09-06
8212,Product_8212_0,clothing,7.779403533462157,19.01066244361305,pending,2024-02-11
8213,Product_8213_0,sports,757.7406518720393,478.7257605531793,inactive,2024-12-27
8214,Product_8214_0,home,142.70581728288258,446.8611864329515,pending,2024-10-12
8215,Product_8215_0,electronics,9.514106666888784,301.4597741576263,active,2024-03-13
8216,Product_8216_0,home,669.3476038378988,144.32297375665965,inactive,2024-09-15
8217,Product_8217_0,books,84.63675507424543,311.97493631943826,inactive,2024-07-19
8218,Product_8218_0,books,152.34664396498425,318.5119034810273,pending,2024-11-20
8219,Product_8219_0,home,43.71646694556947,317.91925827060743,pending,2024-01-26
8220,Product_8220_0,books,315.35072389088316,371.29507504015356,active,2024-01-19
8221,Product_8221_0,clothing,375.5133145125563,363.409262293551,active,2024-10-22
8222,Product_8222_0,home,177.136973847516,249.51642670479328,active,2024-08-08
8223,Product_8223_0,books,552.067372622918,417.24945177214585,active,2024-01-22
8224,Product_8224_0,clothing,795.9589769146079,24.695945363377966,archived,2024-12-14
8225,Product_8225_0,sports,109.49304914848624,143.8222670083375,pending,2024-01-17
8226,Product_8226_0,electronics,264.1793441461465,488.88333229937456,pending,2024-11-08
8227,Product_8227_0,books,565.4799808168104,24.061323113955467,archived,2024-08-05
8228,Product_8228_0,electronics,991.0359562684963,105.28600491956746,active,2024-11-09
8229,Product_8229_0,electronics,485.44562480205775,224.74088033555856,pending,2024-01-25
8230,Product_8230_0,home,322.25234458110555,72.10561425341814,pending,2024-02-15
8231,Product_8231_0,electronics,762.3028088158645,326.1923508486355,inactive,2024-09-07
8232,Product_8232_0,clothing,657.2888080173324,65.09072746433995,active,2024-10-17
8233,Product_8233_0,books,349.56994632959174,457.87834159253856,active,2024-12-28
8234,Product_8234_0,books,473.70237006202234,119.34163741312342,active,2024-04-25
8235,Product_8235_0,clothing,362.40063035138314,121.70005171714179,pending,2024-10-14
8236,Product_8236_0,clothing,591.4070191403546,73.52698737299656,inactive,2024-01-23
8237,Product_8237_0,sports,331.9505638172575,58.160345930815566,active,2024-02-25
8238,Product_8238_0,clothing,887.7053880573459,63.578346609660166,archived,2024-03-15
8239,Product_8239_0,clothing,977.5010007621304,313.34330049454104,active,2024-10-07
8240,Product_8240_0,home,786.5863853077437,89.49472768807024,archived,2024-03-16
8241,Product_8241_0,books,339.3725903662467,489.30290978515137,pending,2024-08-11
8242,Product_8242_0,clothing,121.80390667561407,227.51060033061543,active,2024-07-12
8243,Product_8243_0,home,770.9300077299497,321.1935850336484,inactive,2024-02-08
8244,Product_8244_0,sports,103.22067423901535,46.081589703334224,archived,2024-10-26
8245,Product_8245_0,books,232.8658335829817,89.54927217377632,inactive,2024-04-28
8246,Product_8246_0,home,947.2376552608448,158.41028840334636,archived,2024-06-26
8247,Product_8247_0,home,120.29984786215712,389.51060449385415,pending,2024-06-04
8248,Product_8248_0,electronics,111.17023204050854,84.66498114471108,archived,2024-07-23
8249,Product_8249_0,books,657.6707153199816,247.01528152361809,archived,2024-05-07
8250,Product_8250_0,clothing,739.8791473787949,196.73004108642144,active,2024-09-22
8251,Product_8251_0,home,68.35733187220768,448.13459843114407,pending,2024-12-28
8252,Product_8252_0,books,879.0233223114038,151.1782145846493,active,2024-10-09
8253,Product_8253_0,clothing,957.2535863148654,162.93498334452028,inactive,2024-11-24
8254,Product_8254_0,books,178.0198253074228,423.6710757432283,archived,2024-06-17
8255,Product_8255_0,clothing,716.3883294491965,445.2042318277043,pending,2024-09-08
8256,Product_8256_0,electronics,892.6421343210804,483.9017143620676,pending,2024-05-24
8257,Product_8257_0,sports,867.1108754296052,36.61122626891961,archived,2024-09-03
8258,Product_8258_0,home,660.7262877136666,299.0295650756127,archived,2024-01-03
8259,Product_8259_0,clothing,877.8441210861952,89.03386902955422,pending,2024-12-03
8260,Product_8260_0,clothing,945.1261137620919,176.06911794101725,inactive,2024-01-03
8261,Product_8261_0,books,125.1031643219242,342.25642063139986,active,2024-11-03
8262,Product_8262_0,sports,933.1132332168557,314.0456291664395,pending,2024-08-11
8263,Product_8263_0,home,25.50463378963042,362.58158833112344,archived,2024-03-15
8264,Product_8264_0,clothing,519.4037919977987,320.3347760946709,inactive,2024-11-06
8265,Product_8265_0,books,553.9553488288219,410.59936106558484,active,2024-12-11
8266,Product_8266_0,clothing,741.6200998792232,241.31786784456654,pending,2024-09-05
8267,Product_8267_0,sports,783.5069242489267,46.09200726140228,active,2024-08-01
8268,Product_8268_0,home,772.2077800770653,321.42710978786664,inactive,2024-07-18
8269,Product_8269_0,home,653.5137816826664,262.71461956531533,inactive,2024-12-10
8270,Product_8270_0,sports,457.86642348749064,231.67557183084432,pending,2024-04-17
8271,Product_8271_0,electronics,274.66276555247805,388.1079265858649,pending,2024-10-22
8272,Product_8272_0,electronics,428.0648441663626,361.96479476642,inactive,2024-06-11
8273,Product_8273_0,clothing,716.596508045487,169.89776146403022,pending,2024-06-27
8274,Product_8274_0,clothing,576.1538600808707,104.96510877067486,archived,2024-03-24
8275,Product_8275_0,home,559.6647956045961,191.58073215872528,inactive,2024-10-25
8276,Product_8276_0,books,351.4193059913795,449.11367987870307,pending,2024-11-01
8277,Product_8277_0,clothing,762.1449085510094,367.58699509302306,archived,2024-04-06
8278,Product_8278_0,electronics,490.39543239513307,292.32988617617275,active,2024-03-25
8279,Product_8279_0,clothing,67.46597676286657,348.2142574108428,archived,2024-02-23
8280,Product_8280_0,clothing,456.98377536965813,427.28821078926643,active,2024-05-28
8281,Product_8281_0,books,214.3801044399008,438.8278052537789,active,2024-02-07
8282,Product_8282_0,sports,492.707250883378,351.0284894682893,pending,2024-12-05
8283,Product_8283_0,clothing,942.2882863109583,129.69424785056552,pending,2024-06-05
8284,Product_8284_0,home,687.6066814808008,491.1510221429278,inactive,2024-02-03
8285,Product_8285_0,electronics,228.17656404704618,163.79772989498986,inactive,2024-06-27
8286,Product_8286_0,books,822.5369865506277,344.18763439838096,active,2024-12-10
8287,Product_8287_0,home,792.746796330781,173.3153858096942,inactive,2024-01-13
8288,Product_8288_0,clothing,222.55475778575664,469.2758325262703,pending,2024-05-04
8289,Product_8289_0,clothing,558.4470447332972,356.4402279084834,pending,2024-10-15
8290,Product_8290_0,books,115.66322009323162,67.05328035593473,inactive,2024-01-24
8291,Product_8291_0,electronics,254.97487179362437,490.01606082495175,archived,2024-04-02
8292,Product_8292_0,electronics,177.18923822821375,196.49150349680212,active,2024-08-13
8293,Product_8293_0,books,547.7329984603756,80.30885516896237,archived,2024-07-28
8294,Product_8294_0,home,648.201172836108,419.29743154095445,pending,2024-05-06
8295,Product_8295_0,books,134.91098164874663,160.82968795541044,archived,2024-06-18
8296,Product_8296_0,clothing,533.5545719449107,196.0121374541408,archived,2024-08-24
8297,Product_8297_0,clothing,10.06020905136337,50.32599399268675,pending,2024-04-08
8298,Product_8298_0,electronics,982.0897792472304,293.66824372128633,inactive,2024-08-21
8299,Product_8299_0,sports,208.87174447953302,407.3866936412879,inactive,2024-08-15
8300,Product_8300_0,clothing,801.2392029104809,421.73974445316475,active,2024-07-27
8301,Product_8301_0,electronics,129.45143771135136,226.63388925157514,archived,2024-03-23
8302,Product_8302_0,books,795.8501175103471,258.13888917519046,inactive,2024-07-13
8303,Product_8303_0,books,263.7378092119012,235.6467860901785,active,2024-11-04
8304,Product_8304_0,sports,866.8701625187856,428.16244749262285,active,2024-06-16
8305,Product_8305_0,home,88.0291243879875,231.45382713932116,pending,2024-12-14
8306,Product_8306_0,clothing,771.1411181218582,404.31773946333533,pending,2024-02-04
8307,Product_8307_0,sports,171.33887829924888,482.2281134592727,active,2024-06-17
8308,Product_8308_0,clothing,198.95039307455096,278.94236634137775,active,2024-08-03
8309,Product_8309_0,electronics,277.7973578544072,63.918164763819576,pending,2024-07-12
8310,Product_8310_0,books,312.68641947821226,484.8668235757208,pending,2024-12-05
8311,Product_8311_0,sports,829.1572728823152,463.60414475161764,pending,2024-03-23
8312,Product_8312_0,clothing,694.632276707406,177.59188139511858,inactive,2024-03-28
8313,Product_8313_0,sports,241.89035589406373,107.6403309806428,archived,2024-02-12
8314,Product_8314_0,electronics,27.89750310202737,113.950353136769,active,2024-08-10
8315,Product_8315_0,home,802.211268289152,483.60788347385187,archived,2024-01-08
8316,Product_8316_0,sports,86.55548134122724,296.67407529982364,archived,2024-09-18
8317,Product_8317_0,books,788.488828251456,251.13822457118374,inactive,2024-01-27
8318,Product_8318_0,electronics,231.14613566143362,127.27000701389342,archived,2024-03-14
8319,Product_8319_0,sports,571.1979783087739,281.65980210191407,inactive,2024-05-05
8320,Product_8320_0,home,859.1834879489336,107.06734262462548,pending,2024-08-08
8321,Product_8321_0,clothing,443.1349420977064,372.32176472817537,active,2024-10-23
8322,Product_8322_0,electronics,144.71616230615444,414.5021663069681,inactive,2024-09-21
8323,Product_8323_0,books,203.40454014535797,339.9348238089111,archived,2024-04-28
8324,Product_8324_0,home,7.00181297575416,161.45514746614438,pending,2024-08-16
8325,Product_8325_0,electronics,287.91909726112686,436.672159037617,active,2024-06-03
8326,Product_8326_0,home,754.9782583440574,120.35269640285179,inactive,2024-08-18
8327,Product_8327_0,sports,25.822449489502873,246.83675788315526,inactive,2024-02-10
8328,Product_8328_0,clothing,80.95092538130459,297.54826442836855,active,2024-05-10
8329,Product_8329_0,sports,403.58012146539136,427.0209010965772,inactive,2024-10-08
8330,Product_8330_0,electronics,977.5317868130934,304.88815286190766,archived,2024-04-12
8331,Product_8331_0,electronics,833.9740949781949,347.66812974053255,inactive,2024-12-26
8332,Product_8332_0,clothing,950.7239840581893,377.8408111260996,active,2024-05-22
8333,Product_8333_0,electronics,599.9309112745474,97.72165723193537,archived,2024-01-01
8334,Product_8334_0,home,866.4675772961749,360.92525894599055,inactive,2024-04-23
8335,Product_8335_0,electronics,409.17045985401137,324.97728242591944,pending,2024-07-12
8336,Product_8336_0,sports,676.0111312225688,423.6856538392805,archived,2024-02-03
8337,Product_8337_0,clothing,526.751389488813,142.8091646221187,pending,2024-10-01
8338,Product_8338_0,electronics,115.78552072660148,29.488762476546142,inactive,2024-03-21
8339,Product_8339_0,home,149.07118065604303,114.9517875769764,inactive,2024-07-21
8340,Product_8340_0,home,458.23060540281733,261.388198555955,active,2024-11-22
8341,Product_8341_0,electronics,443.6308721098537,432.4820054511044,archived,2024-06-15
8342,Product_8342_0,sports,409.3699649475051,413.0961248704965,active,2024-12-27
8343,Product_8343_0,home,581.0961758680654,89.34737845803674,archived,2024-10-01
8344,Product_8344_0,electronics,759.9280646447373,281.06438504772353,active,2024-09-08
8345,Product_8345_0,clothing,56.15473025595496,259.3198256139176,archived,2024-12-11
8346,Product_8346_0,home,963.2697454084404,248.0458788653891,inactive,2024-10-26
8347,Product_8347_0,clothing,113.4508606021676,136.9789839678781,active,2024-05-23
8348,Product_8348_0,clothing,547.7935263131202,76.29247527611335,inactive,2024-01-21
8349,Product_8349_0,books,82.24367517242399,261.4365340157178,inactive,2024-01-02
8350,Product_8350_0,electronics,909.9591524984187,171.87139079186576,pending,2024-02-28
8351,Product_8351_0,home,24.185159865594606,324.9037192554105,active,2024-04-16
8352,Product_8352_0,electronics,52.883449354240874,325.20812539617816,inactive,2024-11-20
8353,Product_8353_0,electronics,250.09025810091285,354.57334214282224,pending,2024-11-01
8354,Product_8354_0,sports,417.7475393382641,56.08315067603514,active,2024-07-02
8355,Product_8355_0,home,786.6500482974953,414.96659643170864,archived,2024-02-05
8356,Product_8356_0,electronics,893.7864410366303,366.801449311485,active,2024-07-10
8357,Product_8357_0,clothing,586.144471601776,245.9824639173893,archived,2024-04-28
8358,Product_8358_0,home,965.8552740567441,41.91768659652287,pending,2024-10-18
8359,Product_8359_0,sports,503.1059464220902,195.49685500754427,pending,2024-06-25
8360,Product_8360_0,sports,561.7676825345299,302.9581066434161,pending,2024-04-11
8361,Product_8361_0,books,170.71661449522682,26.05854101237034,archived,2024-07-14
8362,Product_8362_0,books,640.3251610637842,43.75709604938456,archived,2024-01-15
8363,Product_8363_0,books,552.5606915539215,346.64351478717634,archived,2024-08-22
8364,Product_8364_0,sports,126.13605942398112,362.84989333030984,inactive,2024-08-09
8365,Product_8365_0,clothing,234.31525252248713,393.2200424718661,archived,2024-11-01
8366,Product_8366_0,sports,18.680842554224334,376.0564794220026,inactive,2024-07-21
8367,Product_8367_0,home,144.36977584659553,338.29836883601985,active,2024-06-14
8368,Product_8368_0,sports,531.0497220423299,427.5441634586564,pending,2024-12-10
8369,Product_8369_0,books,478.5049070775482,492.26754678229383,pending,2024-04-04
8370,Product_8370_0,sports,353.57120248134896,390.7309266108528,active,2024-05-23
8371,Product_8371_0,electronics,641.1828522162473,287.3264654719184,inactive,2024-01-03
8372,Product_8372_0,electronics,550.0513231032954,441.6159732037141,archived,2024-03-13
8373,Product_8373_0,sports,583.9011207462605,141.7028525722729,pending,2024-03-08
8374,Product_8374_0,sports,130.85905032856854,20.352600192784692,pending,2024-08-04
8375,Product_8375_0,sports,315.87664984668265,203.0054341642704,active,2024-07-09
8376,Product_8376_0,sports,832.1999268868132,63.68624410028883,pending,2024-07-12
8377,Product_8377_0,clothing,156.43033396841597,166.3131312186931,active,2024-02-20
8378,Product_8378_0,clothing,660.4676711161887,15.327453788081922,active,2024-01-03
8379,Product_8379_0,sports,890.9932703388754,228.2490161079843,active,2024-11-07
8380,Product_8380_0,books,876.5712990584545,191.7974528803751,inactive,2024-10-13
8381,Product_8381_0,electronics,239.61158423714474,109.97128619364527,archived,2024-07-27
8382,Product_8382_0,home,735.9749016612643,238.00455937635076,active,2024-11-08
8383,Product_8383_0,electronics,61.10735119177538,109.38708644861315,active,2024-10-05
8384,Product_8384_0,books,346.54945834881823,126.94994181321253,archived,2024-05-12
8385,Product_8385_0,home,193.53879194196787,110.8870259148907,pending,2024-02-17
8386,Product_8386_0,books,649.9994075305121,360.27217774146595,archived,2024-09-16
8387,Product_8387_0,home,539.3943266451018,124.29239438940978,archived,2024-07-10
8388,Product_8388_0,sports,565.2908738635318,440.236034538983,archived,2024-12-14
8389,Product_8389_0,electronics,226.99723177144165,211.81827366258577,pending,2024-02-19
8390,Product_8390_0,clothing,926.8744529561008,389.90819396632475,inactive,2024-01-26
8391,Product_8391_0,sports,323.4840016627507,104.61237952582437,archived,2024-06-12
8392,Product_8392_0,home,441.15146410919056,435.0824219271,archived,2024-12-01
8393,Product_8393_0,sports,831.9762056776467,98.34690747408857,active,2024-06-25
8394,Product_8394_0,sports,971.0113216665418,326.3287036282307,active,2024-04-13
8395,Product_8395_0,sports,31.28069144117722,291.25470816010113,pending,2024-06-23
8396,Product_8396_0,books,718.4298483246625,207.40585030520484,pending,2024-06-18
8397,Product_8397_0,sports,294.7823289040964,112.75070873485029,archived,2024-03-03
8398,Product_8398_0,electronics,22.801893818701558,215.39015749984333,inactive,2024-10-07
8399,Product_8399_0,home,506.1333311391172,151.53691481594512,active,2024-09-20
8400,Product_8400_0,home,425.6562883566013,314.2115701962008,active,2024-09-01
8401,Product_8401_0,home,671.0995859421909,319.3580398254307,archived,2024-02-19
8402,Product_8402_0,home,402.87858850897004,358.2043089823866,archived,2024-05-09
8403,Product_8403_0,sports,333.8471687722079,331.1108378039175,archived,2024-02-28
8404,Product_8404_0,sports,272.5824457383337,149.56813649706785,archived,2024-02-20
8405,Product_8405_0,books,795.8627568064165,97.90274950535472,active,2024-04-26
8406,Product_8406_0,books,827.4806465253199,191.80089999085854,archived,2024-05-23
8407,Product_8407_0,clothing,922.7548555317006,94.47473769212876,active,2024-10-24
8408,Product_8408_0,sports,658.0013599250944,82.68058243163246,active,2024-10-01
8409,Product_8409_0,sports,833.6531638811682,262.61651277451824,active,2024-12-19
8410,Product_8410_0,electronics,728.5506818042298,201.36856630702863,inactive,2024-02-19
8411,Product_8411_0,home,842.9219256764483,370.25332221703815,pending,2024-09-10
8412,Product_8412_0,sports,712.4747773784685,40.90511797625351,active,2024-09-17
8413,Product_8413_0,books,54.4570840094358,257.1555067027488,inactive,2024-10-03
8414,Product_8414_0,clothing,130.3704322570397,264.76649556015974,pending,2024-01-04
8415,Product_8415_0,home,56.925001673679,136.74573996442098,pending,2024-06-06
8416,Product_8416_0,clothing,217.7030512728001,93.25720486539538,active,2024-10-17
8417,Product_8417_0,home,989.910626539192,139.4902878997051,archived,2024-09-16
8418,Product_8418_0,clothing,826.0801723873708,389.4318731252954,active,2024-06-08
8419,Product_8419_0,books,726.9289026743904,276.35483393551584,active,2024-10-04
8420,Product_8420_0,electronics,781.1079429879329,454.3992761644342,inactive,2024-07-16
8421,Product_8421_0,books,93.90073332165863,234.41902480943358,archived,2024-06-10
8422,Product_8422_0,books,836.2482526979908,260.3424592535278,pending,2024-07-15
8423,Product_8423_0,home,709.1278126624339,54.469012333687644,archived,2024-09-11
8424,Product_8424_0,electronics,910.7611674088768,186.31479966189465,pending,2024-11-15
8425,Product_8425_0,home,731.4303838728141,216.41588511968052,archived,2024-09-01
8426,Product_8426_0,sports,689.9773603585076,387.92543690304154,active,2024-04-24
8427,Product_8427_0,electronics,375.98373746286546,406.99561453020306,inactive,2024-07-18
8428,Product_8428_0,books,847.5058276404806,40.8469167687799,inactive,2024-02-16
8429,Product_8429_0,home,899.2145661114052,436.74230433866745,pending,2024-05-04
8430,Product_8430_0,home,954.6689240772704,374.05871102067306,active,2024-09-06
8431,Product_8431_0,electronics,353.44520292549356,168.7041128849094,inactive,2024-12-28
8432,Product_8432_0,home,738.4520398428816,237.982469510344,inactive,2024-09-12
8433,Product_8433_0,clothing,471.82849074536443,371.9295918539111,pending,2024-03-02
8434,Product_8434_0,books,134.11156803612462,27.497478790945312,archived,2024-09-21
8435,Product_8435_0,home,524.1994928476086,251.11174463482766,inactive,2024-06-13
8436,Product_8436_0,home,822.1791823287547,18.70995945471914,archived,2024-08-20
8437,Product_8437_0,books,722.6325493270496,446.78652545627904,active,2024-05-16
8438,Product_8438_0,electronics,442.86536141582843,132.54216474900443,pending,2024-12-09
8439,Product_8439_0,clothing,467.9500773276514,20.828613609925767,inactive,2024-01-08
8440,Product_8440_0,home,41.68334991944115,116.87936215620398,archived,2024-08-11
8441,Product_8441_0,home,23.499517577133727,244.73287780470523,active,2024-12-12
8442,Product_8442_0,books,871.8188860100223,332.7485537521243,inactive,2024-06-27
8443,Product_8443_0,books,415.37003164211535,271.62468781284844,pending,2024-06-23
8444,Product_8444_0,books,151.15464381028593,109.32751435675206,inactive,2024-10-06
8445,Product_8445_0,books,500.2012554844168,359.4445957144314,inactive,2024-09-24
8446,Product_8446_0,clothing,774.7586967097449,376.5739603683318,active,2024-05-11
8447,Product_8447_0,clothing,662.6588973332662,345.15176417242714,active,2024-04-05
8448,Product_8448_0,clothing,359.44301396864387,103.95607009154241,archived,2024-11-18
8449,Product_8449_0,sports,110.20339579059215,149.78178759467008,pending,2024-01-28
8450,Product_8450_0,electronics,239.42978199838083,59.44971082786245,pending,2024-07-04
8451,Product_8451_0,sports,478.39687268824537,188.5759178683993,active,2024-10-04
8452,Product_8452_0,electronics,463.1327304159059,291.55832572582017,inactive,2024-06-15
8453,Product_8453_0,sports,187.60221071966595,89.45841599251797,pending,2024-06-25
8454,Product_8454_0,sports,935.5467465761035,280.6424706133976,active,2024-08-18
8455,Product_8455_0,clothing,461.56153308588097,157.15679263219033,pending,2024-09-21
8456,Product_8456_0,clothing,987.8185473884105,345.14989978536414,pending,2024-06-13
8457,Product_8457_0,home,15.989456914088276,163.65777737875288,active,2024-05-15
8458,Product_8458_0,home,441.01230295183285,121.47306215836876,inactive,2024-12-04
8459,Product_8459_0,home,684.6812183142061,156.25242983865735,active,2024-09-16
8460,Product_8460_0,clothing,638.9921706792105,420.2461244535649,active,2024-02-07
8461,Product_8461_0,home,525.0315088474026,233.1155333888122,inactive,2024-06-03
8462,Product_8462_0,clothing,871.5478368435051,241.2831741246784,archived,2024-08-12
8463,Product_8463_0,home,406.37615727798953,102.49222683761386,inactive,2024-03-19
8464,Product_8464_0,sports,801.7508865157806,244.75872984615938,inactive,2024-01-27
8465,Product_8465_0,electronics,381.3569355977374,226.26560032177468,active,2024-01-22
8466,Product_8466_0,clothing,817.2227645408506,443.6354819132633,inactive,2024-05-05
8467,Product_8467_0,electronics,145.23120069143266,188.67093431202449,active,2024-12-27
8468,Product_8468_0,sports,9.75266357776534,167.21160742175027,pending,2024-06-28
8469,Product_8469_0,sports,390.7293421575106,304.1005702221626,archived,2024-08-18
8470,Product_8470_0,books,420.9066753299797,443.5947114344609,archived,2024-01-05
8471,Product_8471_0,home,592.344894139657,307.20339455795215,active,2024-07-20
8472,Product_8472_0,home,858.1805852859706,28.116356524124686,active,2024-09-20
8473,Product_8473_0,sports,766.0965828419862,340.3288188489018,inactive,2024-06-14
8474,Product_8474_0,home,965.0823273989987,243.4970037035293,archived,2024-05-03
8475,Product_8475_0,electronics,457.931545190782,79.98834287015868,pending,2024-08-21
8476,Product_8476_0,books,874.5656492717186,146.3142003013877,archived,2024-02-07
8477,Product_8477_0,electronics,839.0571609367398,282.4373180208448,inactive,2024-07-12
8478,Product_8478_0,home,691.3565508878012,442.91865548549265,archived,2024-11-14
8479,Product_8479_0,sports,253.08668538339694,124.6218562341649,inactive,2024-10-24
8480,Product_8480_0,home,641.7688712710573,31.14618345236894,archived,2024-04-09
8481,Product_8481_0,home,613.9048658956422,486.71542490195867,archived,2024-09-06
8482,Product_8482_0,sports,192.95846038283952,326.64231454798727,archived,2024-04-10
8483,Product_8483_0,electronics,777.0001133455838,384.43373545894667,active,2024-01-21
8484,Product_8484_0,sports,878.6139290621013,452.0462977492049,pending,2024-02-21
8485,Product_8485_0,books,584.355006262416,309.07813776004366,inactive,2024-07-13
8486,Product_8486_0,clothing,727.682732273673,195.69200900694284,archived,2024-05-06
8487,Product_8487_0,books,218.78284098054064,192.02217109513427,archived,2024-04-09
8488,Product_8488_0,sports,912.0687142021612,350.24757767357323,pending,2024-03-28
8489,Product_8489_0,books,112.86443561617033,233.49375240344727,inactive,2024-05-23
8490,Product_8490_0,books,283.85073211272703,140.8621969509343,inactive,2024-07-27
8491,Product_8491_0,books,557.8129295293476,35.78776786741987,inactive,2024-03-18
8492,Product_8492_0,sports,198.3590492153235,96.22069956333905,pending,2024-03-28
8493,Product_8493_0,sports,48.39392808472647,15.22425908723,active,2024-05-25
8494,Product_8494_0,books,264.2643970359222,80.99556297925189,inactive,2024-12-26
8495,Product_8495_0,books,229.7943137662422,54.84049460778688,archived,2024-06-18
8496,Product_8496_0,books,371.5251221420437,304.4507291270358,active,2024-10-25
8497,Product_8497_0,home,285.1459243841103,334.17903137016623,inactive,2024-01-03
8498,Product_8498_0,clothing,891.0681563620668,359.74581297657767,inactive,2024-04-21
8499,Product_8499_0,home,306.5668392367717,408.9466774658703,inactive,2024-01-07
8500,Product_8500_0,home,929.3874680561264,435.76755290213845,active,2024-12-14
8501,Product_8501_0,books,474.69722543226914,322.34736660358027,active,2024-05-16
8502,Product_8502_0,books,998.3450478846131,90.39197425893931,archived,2024-10-23
8503,Product_8503_0,books,311.8458860811335,250.66631216786115,archived,2024-01-19
8504,Product_8504_0,clothing,655.9661669180545,51.92915862265808,pending,2024-04-15
8505,Product_8505_0,clothing,413.5751820700481,428.6952396919639,active,2024-08-28
8506,Product_8506_0,electronics,4.176457925748986,124.07010666060671,inactive,2024-06-13
8507,Product_8507_0,sports,435.53969837437035,449.3735499734324,archived,2024-11-02
8508,Product_8508_0,home,48.05794917435067,158.41603092403113,pending,2024-11-09
8509,Product_8509_0,clothing,70.90598282149058,86.42646175597378,inactive,2024-06-03
8510,Product_8510_0,clothing,734.8160293319584,463.44909241679454,inactive,2024-05-15
8511,Product_8511_0,electronics,762.1867037450988,191.79208731065626,inactive,2024-01-01
8512,Product_8512_0,home,858.094296026025,298.48499586481785,active,2024-08-09
8513,Product_8513_0,electronics,941.3151362011048,54.95722583008882,archived,2024-07-10
8514,Product_8514_0,sports,284.0826248678293,241.56501035993242,archived,2024-08-19
8515,Product_8515_0,electronics,79.81135127509434,99.57534491738069,pending,2024-07-12
8516,Product_8516_0,clothing,553.8809968772231,99.40339291731111,active,2024-01-15
8517,Product_8517_0,books,387.1864981691649,20.836097604031767,pending,2024-10-04
8518,Product_8518_0,home,175.4058919892693,316.97134810152545,archived,2024-11-27
8519,Product_8519_0,clothing,751.8370934142562,148.37897352189898,inactive,2024-04-01
8520,Product_8520_0,books,422.93192583883007,50.679273634796516,pending,2024-10-22
8521,Product_8521_0,clothing,355.548141884489,304.7116393859774,archived,2024-08-23
8522,Product_8522_0,clothing,879.6165735572158,286.3220939628496,pending,2024-04-21
8523,Product_8523_0,books,245.16093077999392,442.4732777003842,inactive,2024-05-17
8524,Product_8524_0,books,703.2649781319651,47.30954515765725,archived,2024-08-22
8525,Product_8525_0,sports,630.4402844972087,118.32948765704542,pending,2024-11-25
8526,Product_8526_0,sports,700.5321520871414,220.03332379872919,pending,2024-01-04
8527,Product_8527_0,home,246.90936592258916,420.77132479374825,inactive,2024-02-24
8528,Product_8528_0,clothing,325.360936906786,83.04270943513531,inactive,2024-12-15
8529,Product_8529_0,electronics,877.412453331971,342.42974489326264,archived,2024-04-19
8530,Product_8530_0,electronics,921.5944850077498,124.48111585444572,pending,2024-10-04
8531,Product_8531_0,clothing,602.0938518656444,245.45308108884294,inactive,2024-11-12
8532,Product_8532_0,electronics,385.1710624089646,453.8323017159561,pending,2024-07-18
8533,Product_8533_0,home,954.2602676636978,108.95524760319626,inactive,2024-06-28
8534,Product_8534_0,clothing,737.1244373692306,122.01785581856552,archived,2024-12-13
8535,Product_8535_0,home,599.3033327548279,390.36882156871985,pending,2024-06-01
8536,Product_8536_0,books,602.6222684122819,277.0794299154979,pending,2024-08-28
8537,Product_8537_0,electronics,578.0039558574315,152.78029762988666,active,2024-04-01
8538,Product_8538_0,books,507.52765679162763,246.66396746560193,inactive,2024-04-26
8539,Product_8539_0,sports,448.3030828491386,153.5948839793865,pending,2024-12-25
8540,Product_8540_0,books,342.1578239814717,191.58997046073065,active,2024-05-03
8541,Product_8541_0,clothing,596.393260740927,88.10849015990028,active,2024-04-14
8542,Product_8542_0,clothing,436.9503452402698,407.6290250734545,archived,2024-11-24
8543,Product_8543_0,books,938.2975522204538,124.48025912726709,active,2024-11-22
8544,Product_8544_0,books,575.9498890279397,465.1420090017398,active,2024-03-17
8545,Product_8545_0,clothing,644.9423030740752,374.7861878075939,pending,2024-11-09
8546,Product_8546_0,books,551.737180060714,246.4342665473734,archived,2024-07-05
8547,Product_8547_0,clothing,468.03474608876496,255.94910402199795,inactive,2024-07-25
8548,Product_8548_0,clothing,463.10676794148196,238.0298898226861,active,2024-03-14
8549,Product_8549_0,books,153.3324419152018,383.86039040650627,archived,2024-08-28
8550,Product_8550_0,sports,113.95782262748651,82.9299924311325,active,2024-05-21
8551,Product_8551_0,books,642.8068924932447,278.2005184542143,pending,2024-01-15
8552,Product_8552_0,clothing,670.8887285556505,295.8572820423164,archived,2024-07-06
8553,Product_8553_0,sports,23.794431909221302,224.4553906592085,pending,2024-01-08
8554,Product_8554_0,sports,71.38393145527296,184.47782583529698,archived,2024-10-05
8555,Product_8555_0,books,671.2409537917144,233.71636041513537,active,2024-03-07
8556,Product_8556_0,books,412.9460452121293,466.35189784440814,inactive,2024-07-02
8557,Product_8557_0,home,656.9184087594543,478.7364093609786,active,2024-07-18
8558,Product_8558_0,books,605.6634802452301,131.31263255326985,inactive,2024-02-01
8559,Product_8559_0,electronics,417.940209188364,403.49651715002284,pending,2024-08-15
8560,Product_8560_0,electronics,136.871196494567,120.0235125385625,inactive,2024-07-25
8561,Product_8561_0,sports,984.466982603391,453.7452537348357,inactive,2024-08-12
8562,Product_8562_0,home,857.8413052580813,62.40943716452053,inactive,2024-11-14
8563,Product_8563_0,electronics,892.8150442309292,141.03893478003468,pending,2024-03-20
8564,Product_8564_0,sports,758.5697412310466,427.39672876129185,inactive,2024-01-11
8565,Product_8565_0,home,426.4862469416561,187.10571879242514,archived,2024-11-07
8566,Product_8566_0,home,650.4369734758924,44.8845630833175,active,2024-12-11
8567,Product_8567_0,books,143.35328518935236,339.0105361854202,pending,2024-06-14
8568,Product_8568_0,home,490.46216879412424,44.520842500434306,archived,2024-07-20
8569,Product_8569_0,clothing,907.295820899415,145.6697814299291,inactive,2024-12-27
8570,Product_8570_0,clothing,714.8613680648433,476.3251315330708,pending,2024-01-17
8571,Product_8571_0,books,328.5404405233162,391.59554806670667,pending,2024-07-01
8572,Product_8572_0,clothing,849.463221756667,33.226780933773526,inactive,2024-01-28
8573,Product_8573_0,sports,999.2247362884287,434.2653350515607,active,2024-01-07
8574,Product_8574_0,home,967.5884272562248,111.91278981113355,active,2024-12-19
8575,Product_8575_0,home,97.06560588391058,323.3160632693749,pending,2024-08-26
8576,Product_8576_0,clothing,341.2764174786081,463.81979809152705,archived,2024-04-23
8577,Product_8577_0,clothing,610.2893188943868,316.8589524855962,pending,2024-06-27
8578,Product_8578_0,sports,460.90660081534736,220.89848500688862,archived,2024-02-15
8579,Product_8579_0,books,736.1938213211896,217.7786512439391,active,2024-11-02
8580,Product_8580_0,clothing,51.61745412911127,231.3261719848953,pending,2024-08-04
8581,Product_8581_0,clothing,574.3438960925205,355.4029492535238,archived,2024-03-05
8582,Product_8582_0,sports,423.7151981975869,139.8045651424633,active,2024-02-13
8583,Product_8583_0,home,460.20329114109234,280.2763080472005,active,2024-09-01
8584,Product_8584_0,sports,227.16751821019963,28.269923010396912,pending,2024-04-03
8585,Product_8585_0,electronics,560.3524933260414,475.2273987349793,inactive,2024-06-13
8586,Product_8586_0,home,234.36699978091886,132.08145364322806,inactive,2024-01-06
8587,Product_8587_0,electronics,457.13149828805405,497.13859898655517,pending,2024-03-28
8588,Product_8588_0,electronics,659.440280540919,450.63553076699117,pending,2024-01-09
8589,Product_8589_0,home,541.3037697305558,401.14345242780615,active,2024-01-18
8590,Product_8590_0,home,815.7914283029072,448.5180690016294,archived,2024-12-23
8591,Product_8591_0,electronics,354.2523649119602,197.8099093787186,pending,2024-09-20
8592,Product_8592_0,clothing,346.410146623008,188.6135306934852,pending,2024-08-03
8593,Product_8593_0,books,855.4390881043362,370.04728730516433,pending,2024-12-12
8594,Product_8594_0,sports,333.62077287225185,493.592504645666,pending,2024-11-16
8595,Product_8595_0,sports,996.9024079849713,151.06081024731571,active,2024-03-12
8596,Product_8596_0,clothing,637.028459023105,258.6670519445463,pending,2024-02-08
8597,Product_8597_0,sports,54.341492226402735,169.307138773975,pending,2024-01-09
8598,Product_8598_0,clothing,514.4957783432486,349.52056449595943,pending,2024-09-19
8599,Product_8599_0,sports,630.4029841442996,358.1511525838072,inactive,2024-03-05
8600,Product_8600_0,electronics,822.9386007056721,201.72514545348395,inactive,2024-05-18
8601,Product_8601_0,clothing,777.3867376974667,61.936732865827125,inactive,2024-04-24
8602,Product_8602_0,home,207.34300381630672,332.77557343843563,archived,2024-03-22
8603,Product_8603_0,books,835.985578942169,287.004853907989,archived,2024-03-06
8604,Product_8604_0,home,351.83585755568066,446.9925130343074,active,2024-04-20
8605,Product_8605_0,home,716.2500030744852,28.7092153065123,active,2024-07-01
8606,Product_8606_0,electronics,417.35004233493476,471.59472195949905,archived,2024-01-10
8607,Product_8607_0,books,441.47816345773794,397.95592303217455,pending,2024-01-04
8608,Product_8608_0,books,743.0247908441469,259.3997953999926,archived,2024-06-14
8609,Product_8609_0,books,421.7058817079988,85.52657038457595,pending,2024-12-08
8610,Product_8610_0,sports,840.3884396910922,473.68986832974883,pending,2024-04-27
8611,Product_8611_0,electronics,222.35072204408996,160.97445979189226,pending,2024-03-12
8612,Product_8612_0,electronics,973.1525010112647,348.8771047234629,pending,2024-11-27
8613,Product_8613_0,clothing,402.3200243453095,479.50893189903576,pending,2024-04-12
8614,Product_8614_0,electronics,418.94607804486304,326.87974136758703,active,2024-02-15
8615,Product_8615_0,sports,352.17539391745674,33.67302176051369,inactive,2024-03-13
8616,Product_8616_0,electronics,726.1202092472207,64.7667730555408,active,2024-08-01
8617,Product_8617_0,clothing,98.36658907647433,67.2392697000821,inactive,2024-06-27
8618,Product_8618_0,home,655.9021473705687,159.78546408360785,pending,2024-09-04
8619,Product_8619_0,books,415.0171686038813,223.02793595681229,inactive,2024-02-24
8620,Product_8620_0,sports,949.022279334038,91.04470351381252,active,2024-11-07
8621,Product_8621_0,clothing,802.4272296759955,168.3621146589711,active,2024-01-07
8622,Product_8622_0,home,213.8812598596954,222.8351622959972,pending,2024-02-05
8623,Product_8623_0,clothing,670.512408696983,397.0632687851723,active,2024-09-26
8624,Product_8624_0,electronics,888.838773943119,89.81567289908763,pending,2024-06-23
8625,Product_8625_0,electronics,604.6407788408446,215.5586254815734,archived,2024-11-07
8626,Product_8626_0,home,251.72630454322646,347.39929324261317,pending,2024-07-03
8627,Product_8627_0,books,436.293212679987,115.03789933752806,inactive,2024-12-17
8628,Product_8628_0,electronics,159.84740755965296,77.96587630116169,inactive,2024-08-24
8629,Product_8629_0,sports,450.19288175279047,155.27430123958797,inactive,2024-10-08
8630,Product_8630_0,books,221.40980528430947,391.096492095163,inactive,2024-12-02
8631,Product_8631_0,books,212.7610410709462,220.78550268600048,active,2024-07-28
8632,Product_8632_0,books,486.50762895195066,29.571878549962772,pending,2024-04-18
8633,Product_8633_0,electronics,396.45154236223806,431.14314506844636,active,2024-09-13
8634,Product_8634_0,clothing,784.3745423967331,379.3789181930952,pending,2024-01-27
8635,Product_8635_0,clothing,984.908482601132,374.85485829253827,active,2024-07-02
8636,Product_8636_0,electronics,573.1228740004557,43.84607377530451,pending,2024-07-02
8637,Product_8637_0,sports,908.8613796256693,129.41867373839145,inactive,2024-04-16
8638,Product_8638_0,electronics,831.4072506858538,305.4333632334176,active,2024-07-24
8639,Product_8639_0,sports,752.130794784982,65.65690545654174,inactive,2024-04-23
8640,Product_8640_0,electronics,231.41968912136264,101.64445422359499,inactive,2024-03-07
8641,Product_8641_0,clothing,305.4545576467592,348.0893852945612,pending,2024-01-25
8642,Product_8642_0,electronics,331.8146235817164,309.0304533598731,active,2024-06-22
8643,Product_8643_0,electronics,598.2597230308972,342.478001201182,inactive,2024-06-13
8644,Product_8644_0,sports,551.6933349125649,280.71675635381257,active,2024-03-26
8645,Product_8645_0,books,580.6801731668711,21.99035122754357,inactive,2024-01-04
8646,Product_8646_0,home,51.75963527241762,295.07518313265496,pending,2024-02-12
8647,Product_8647_0,books,175.18193613058287,244.8791842127762,pending,2024-12-05
8648,Product_8648_0,books,430.05314247997563,329.746422680996,pending,2024-06-19
8649,Product_8649_0,clothing,733.0167659008381,107.34245959592307,pending,2024-06-22
8650,Product_8650_0,sports,416.57192972160743,42.76357594165819,pending,2024-02-22
8651,Product_8651_0,electronics,930.8572461323897,100.78723689609733,pending,2024-10-26
8652,Product_8652_0,clothing,450.52724869680367,149.00363379574802,active,2024-06-20
8653,Product_8653_0,sports,514.8052293354934,466.45301316088694,archived,2024-06-05
8654,Product_8654_0,home,803.2992033050369,146.24099660986982,active,2024-12-15
8655,Product_8655_0,clothing,128.35347252943308,386.6358208759831,archived,2024-12-12
8656,Product_8656_0,books,339.88281301144013,494.31630744044185,inactive,2024-01-16
8657,Product_8657_0,sports,776.4748545106726,392.83974467572637,archived,2024-11-18
8658,Product_8658_0,clothing,189.55486222027295,382.8042534810857,inactive,2024-06-18
8659,Product_8659_0,home,663.3824862333254,338.6773429190083,archived,2024-03-15
8660,Product_8660_0,clothing,499.14100528766767,431.2363065132261,archived,2024-02-17
8661,Product_8661_0,electronics,900.7900859962012,423.77927193727106,inactive,2024-03-26
8662,Product_8662_0,electronics,906.4535642116117,23.380764132861543,active,2024-12-26
8663,Product_8663_0,sports,4.540931211977917,136.681237952996,active,2024-03-23
8664,Product_8664_0,clothing,730.9544459979352,379.85907266533627,archived,2024-02-22
8665,Product_8665_0,clothing,254.4787944698361,121.97176009433792,archived,2024-02-19
8666,Product_8666_0,sports,186.2383242088385,321.6960185558804,active,2024-11-10
8667,Product_8667_0,home,644.9970132618163,495.8215136896509,archived,2024-10-14
8668,Product_8668_0,clothing,5.945963744521779,198.99844718219228,inactive,2024-09-06
8669,Product_8669_0,clothing,726.4404893817506,227.11646855313788,inactive,2024-04-07
8670,Product_8670_0,sports,954.5125055382846,157.62290838510856,inactive,2024-09-25
8671,Product_8671_0,sports,448.69984361181,82.14871071356058,active,2024-07-22
8672,Product_8672_0,books,101.50193716344721,228.47329277603296,archived,2024-08-24
8673,Product_8673_0,clothing,873.282264624715,265.0824113725937,active,2024-06-14
8674,Product_8674_0,home,722.3035698778166,268.5718808321113,pending,2024-08-06
8675,Product_8675_0,home,103.85434186779077,337.42872113637105,archived,2024-08-09
8676,Product_8676_0,home,197.93039052344903,326.8001057134757,pending,2024-01-10
8677,Product_8677_0,books,954.5414341988659,470.89459880215566,pending,2024-08-26
8678,Product_8678_0,electronics,841.0918918901879,334.13921960374125,pending,2024-03-04
8679,Product_8679_0,home,83.07065055560882,23.842123760815877,inactive,2024-01-24
8680,Product_8680_0,sports,89.36352840138784,78.25742746516448,active,2024-10-07
8681,Product_8681_0,electronics,427.22692449044115,90.124162631099,pending,2024-12-04
8682,Product_8682_0,home,155.5943957007332,168.41921595886228,active,2024-02-17
8683,Product_8683_0,clothing,788.0226517602271,414.61060243296043,inactive,2024-09-12
8684,Product_8684_0,electronics,248.79934858908413,359.9572471024956,inactive,2024-01-19
8685,Product_8685_0,sports,295.2692013043785,328.1458297779678,pending,2024-03-20
8686,Product_8686_0,electronics,355.6123303642852,62.121707104241885,pending,2024-02-04
8687,Product_8687_0,electronics,465.50380258656156,283.6366878397987,archived,2024-04-24
8688,Product_8688_0,sports,291.38362297347294,291.503924997474,pending,2024-12-02
8689,Product_8689_0,home,827.6044298533409,201.39999388482855,archived,2024-08-22
8690,Product_8690_0,sports,553.3163762272388,482.4423993189864,pending,2024-12-02
8691,Product_8691_0,clothing,820.9080332492653,406.9912016815377,inactive,2024-08-06
8692,Product_8692_0,books,409.20409768579066,204.2916446863617,archived,2024-04-06
8693,Product_8693_0,electronics,718.1412082706289,306.1077241100709,pending,2024-05-09
8694,Product_8694_0,electronics,223.32385933293978,276.8736591835245,archived,2024-06-24
8695,Product_8695_0,clothing,748.0024691590323,365.2713881391465,active,2024-03-13
8696,Product_8696_0,books,568.8843152951786,16.98353873768525,active,2024-08-16
8697,Product_8697_0,books,641.3950865769535,238.2613544093173,archived,2024-12-03
8698,Product_8698_0,clothing,880.8994603212562,493.7160739003055,pending,2024-09-14
8699,Product_8699_0,sports,996.504916065772,375.42666148711453,pending,2024-01-21
8700,Product_8700_0,clothing,882.1868662981382,282.51321241025164,active,2024-05-12
8701,Product_8701_0,sports,722.8317800362689,425.54670504653075,inactive,2024-11-08
8702,Product_8702_0,electronics,170.64125490013961,387.6058708406439,inactive,2024-04-06
8703,Product_8703_0,home,694.6135176565168,228.27845563216067,active,2024-06-27
8704,Product_8704_0,home,513.7178138359529,152.35371112062523,archived,2024-10-27
8705,Product_8705_0,home,2.385989221075511,498.4475639521369,archived,2024-10-21
8706,Product_8706_0,home,391.09300216443944,139.96268042537753,pending,2024-11-12
8707,Product_8707_0,electronics,190.1233278383778,164.9827253171004,pending,2024-05-18
8708,Product_8708_0,books,182.18009038936825,333.8762428781923,archived,2024-07-01
8709,Product_8709_0,clothing,771.471221872769,307.8647730669495,active,2024-01-17
8710,Product_8710_0,home,159.6829013943675,447.7760344338712,archived,2024-10-27
8711,Product_8711_0,home,66.42520743244849,382.9505540546571,inactive,2024-08-11
8712,Product_8712_0,home,450.74047445033426,347.3366472861676,inactive,2024-09-07
8713,Product_8713_0,sports,45.95601324628771,469.32314040726743,archived,2024-07-18
8714,Product_8714_0,electronics,689.8451395106723,262.0261119447391,archived,2024-02-21
8715,Product_8715_0,clothing,49.70731278066216,398.949890314501,inactive,2024-06-04
8716,Product_8716_0,home,355.14631070778336,102.28746865577969,inactive,2024-03-28
8717,Product_8717_0,books,408.26756352592867,438.25947416364505,archived,2024-10-07
8718,Product_8718_0,books,452.81249499854033,493.8207281953733,archived,2024-05-05
8719,Product_8719_0,electronics,922.3948524821747,393.49285815273913,active,2024-12-11
8720,Product_8720_0,sports,698.4496784801175,331.88292347976954,archived,2024-09-18
8721,Product_8721_0,electronics,268.9454409210238,484.82702310580726,pending,2024-05-05
8722,Product_8722_0,electronics,481.8425799200202,133.39899383068717,pending,2024-08-28
8723,Product_8723_0,sports,298.6803309860727,473.86539959672973,archived,2024-10-17
8724,Product_8724_0,home,352.67656004917603,418.772998545909,inactive,2024-07-09
8725,Product_8725_0,sports,219.21397882011325,418.8863115269505,archived,2024-02-23
8726,Product_8726_0,clothing,12.407538152882418,372.91626477275173,active,2024-04-05
8727,Product_8727_0,sports,76.87190096902793,227.14847589752506,pending,2024-06-20
8728,Product_8728_0,clothing,743.4024279407871,361.62182582088855,inactive,2024-09-14
8729,Product_8729_0,electronics,635.8624417517286,212.56392582734193,pending,2024-02-02
8730,Product_8730_0,sports,254.93579502580198,123.51930581195809,active,2024-12-07
8731,Product_8731_0,electronics,763.6946528186871,446.6310696758502,pending,2024-04-21
8732,Product_8732_0,clothing,561.0732754521027,443.78036668101834,pending,2024-06-06
8733,Product_8733_0,sports,601.6684146393699,118.4897243532754,inactive,2024-11-13
8734,Product_8734_0,electronics,757.0911876043823,23.18639944772913,inactive,2024-08-02
8735,Product_8735_0,clothing,884.330130357718,340.0655557973408,active,2024-02-06
8736,Product_8736_0,books,821.0794493356849,32.38988689223112,inactive,2024-08-20
8737,Product_8737_0,home,984.5646135538489,82.76356670524473,inactive,2024-06-06
8738,Product_8738_0,electronics,377.3408543731517,122.70962194795624,pending,2024-02-23
8739,Product_8739_0,clothing,118.14055103443968,29.412016386380518,inactive,2024-05-26
8740,Product_8740_0,sports,916.2893690603078,452.5961137347266,active,2024-07-25
8741,Product_8741_0,home,278.2733797953766,425.95768983511533,pending,2024-06-27
8742,Product_8742_0,clothing,244.16935567372758,101.28208040184663,pending,2024-03-24
8743,Product_8743_0,electronics,541.2009011506832,301.2669897670781,archived,2024-04-22
8744,Product_8744_0,sports,49.52175148824677,446.90309677748473,active,2024-07-13
8745,Product_8745_0,clothing,187.36455260400072,130.18837877042287,pending,2024-10-17
8746,Product_8746_0,books,407.5504223631111,446.34681686719256,archived,2024-09-18
8747,Product_8747_0,electronics,119.12022902922345,405.93020082302917,pending,2024-12-24
8748,Product_8748_0,books,279.93414723899986,333.37607126908887,archived,2024-04-06
8749,Product_8749_0,clothing,272.4099699760016,387.27712012514183,active,2024-11-21
8750,Product_8750_0,electronics,111.30310501625152,147.7591219554715,pending,2024-02-08
8751,Product_8751_0,clothing,715.7959005955266,361.43343442474827,archived,2024-07-24
8752,Product_8752_0,home,809.1751467319924,365.3787141216096,pending,2024-08-18
8753,Product_8753_0,clothing,413.5985178081565,185.26285981441407,pending,2024-04-02
8754,Product_8754_0,home,69.67575558189677,58.471133511485185,archived,2024-12-24
8755,Product_8755_0,books,241.4251053665517,400.3062069928288,inactive,2024-12-27
8756,Product_8756_0,sports,381.47908763018165,308.3720292194086,active,2024-11-18
8757,Product_8757_0,books,420.13991717477205,290.92333649449625,archived,2024-06-26
8758,Product_8758_0,home,907.1547968003403,361.40336760833964,archived,2024-05-11
8759,Product_8759_0,clothing,595.9149178554742,40.73660081361841,pending,2024-05-24
8760,Product_8760_0,sports,454.4707910379721,464.77471708886776,archived,2024-06-05
8761,Product_8761_0,books,801.195958238417,416.4650563649493,active,2024-04-23
8762,Product_8762_0,sports,804.608348246736,163.43253611904328,active,2024-07-06
8763,Product_8763_0,clothing,749.0451809799055,153.10519363311863,pending,2024-01-26
8764,Product_8764_0,electronics,251.81684268321482,421.45410883993713,inactive,2024-03-26
8765,Product_8765_0,home,713.3232791330422,482.76373449044536,pending,2024-01-17
8766,Product_8766_0,home,902.7764147675391,221.25133659007966,inactive,2024-02-08
8767,Product_8767_0,sports,482.384478369865,280.53659485529596,pending,2024-05-02
8768,Product_8768_0,home,581.5524826207749,447.1400511614777,inactive,2024-04-11
8769,Product_8769_0,books,7.554272528121238,272.80785380834504,inactive,2024-12-26
8770,Product_8770_0,home,607.9637392851054,440.59199218215355,pending,2024-12-17
8771,Product_8771_0,clothing,399.54868975871614,289.4795887693738,active,2024-12-18
8772,Product_8772_0,sports,251.78211529616615,156.10906131417252,inactive,2024-10-26
8773,Product_8773_0,books,868.3680102418729,158.58823880386518,active,2024-06-16
8774,Product_8774_0,books,128.4687407214542,437.17931759099247,active,2024-06-19
8775,Product_8775_0,books,559.6399399407992,211.04881339477168,active,2024-03-21
8776,Product_8776_0,home,246.0106496704763,136.01403384726467,archived,2024-08-13
8777,Product_8777_0,books,736.1009578209242,488.2030080517801,archived,2024-01-14
8778,Product_8778_0,electronics,467.7779687759166,238.75973879093567,active,2024-11-08
8779,Product_8779_0,books,188.5593464092072,251.53734963781767,archived,2024-10-23
8780,Product_8780_0,books,367.8444246945593,417.30966764191595,archived,2024-11-07
8781,Product_8781_0,sports,860.8418252918655,20.31566061709728,active,2024-10-10
8782,Product_8782_0,sports,502.50397820438087,35.59826223007502,active,2024-05-24
8783,Product_8783_0,books,458.9168850454863,318.6980539476133,active,2024-07-07
8784,Product_8784_0,sports,574.3565963481875,251.1700166494124,inactive,2024-11-07
8785,Product_8785_0,sports,537.4254932748007,141.91396783388404,archived,2024-02-12
8786,Product_8786_0,books,293.66097478271604,43.512394846310144,inactive,2024-03-04
8787,Product_8787_0,books,880.5237983072723,240.37987305176478,active,2024-06-10
8788,Product_8788_0,home,479.8667481938203,326.4704601388958,inactive,2024-08-24
8789,Product_8789_0,electronics,229.03314852006133,174.09893346792057,archived,2024-10-28
8790,Product_8790_0,electronics,430.1085387786726,25.506661080952,pending,2024-05-17
8791,Product_8791_0,books,214.70375540707525,328.87295784417097,inactive,2024-03-13
8792,Product_8792_0,home,20.04570372139459,217.86327959905148,inactive,2024-12-25
8793,Product_8793_0,sports,998.3500758188095,129.52641098628186,inactive,2024-02-10
8794,Product_8794_0,books,603.0193887816622,61.49950938641966,active,2024-05-18
8795,Product_8795_0,sports,457.0000153810077,339.06850129209175,active,2024-04-12
8796,Product_8796_0,clothing,471.59440587456544,407.40759130693976,inactive,2024-03-20
8797,Product_8797_0,electronics,718.2490787832986,86.65955482183652,archived,2024-06-09
8798,Product_8798_0,electronics,423.61715306308514,31.464243431928463,active,2024-02-27
8799,Product_8799_0,sports,484.29331899082564,290.7075734840926,archived,2024-08-24
8800,Product_8800_0,home,334.96188543652875,108.43354054066218,pending,2024-04-08
8801,Product_8801_0,clothing,777.2100908011015,20.926458696177,active,2024-09-08
8802,Product_8802_0,electronics,756.3736814927207,463.7402308263045,archived,2024-09-27
8803,Product_8803_0,sports,139.05011727700972,219.8011289471854,pending,2024-12-11
8804,Product_8804_0,sports,196.70671106252513,453.74887593428673,pending,2024-01-19
8805,Product_8805_0,home,460.0180326996176,245.72145553932717,active,2024-12-12
8806,Product_8806_0,clothing,990.5188477433444,307.9018252673009,pending,2024-11-22
8807,Product_8807_0,home,759.3987239722284,391.7158817585939,pending,2024-04-22
8808,Product_8808_0,electronics,330.76353214047225,328.30244059273167,active,2024-08-20
8809,Product_8809_0,electronics,837.6362495496204,241.87900422145486,pending,2024-03-02
8810,Product_8810_0,books,675.0269240849194,447.95710797993905,archived,2024-06-02
8811,Product_8811_0,clothing,926.481836220592,227.11463104486407,pending,2024-07-05
8812,Product_8812_0,home,453.44731488525866,459.33150956644533,archived,2024-11-21
8813,Product_8813_0,books,909.7201864671217,249.7950710073649,active,2024-07-11
8814,Product_8814_0,clothing,661.7490414325724,15.393132414598501,pending,2024-09-15
8815,Product_8815_0,clothing,769.474965887256,395.78510227671813,pending,2024-08-16
8816,Product_8816_0,home,812.8447510411661,262.14491433363247,archived,2024-11-15
8817,Product_8817_0,home,101.63527737425329,238.813838600411,archived,2024-05-02
8818,Product_8818_0,books,892.3621823354711,409.9269840064495,active,2024-10-13
8819,Product_8819_0,sports,587.8493476203286,83.4679736154928,pending,2024-07-19
8820,Product_8820_0,electronics,164.63383462626098,433.39371156786984,archived,2024-03-24
8821,Product_8821_0,sports,820.2304445620263,90.93694985788221,active,2024-04-23
8822,Product_8822_0,home,950.5707760900606,117.25042683564327,pending,2024-01-27
8823,Product_8823_0,clothing,838.6726980722809,142.14037050122937,pending,2024-06-17
8824,Product_8824_0,home,666.9217390224834,441.9418313379179,archived,2024-10-16
8825,Product_8825_0,books,434.7471873234638,313.3136932610315,inactive,2024-02-17
8826,Product_8826_0,sports,7.626866778987857,452.5714709292747,pending,2024-01-17
8827,Product_8827_0,home,411.94980764459535,226.65978917017554,active,2024-07-26
8828,Product_8828_0,books,897.6862986200431,375.4330016897155,archived,2024-06-01
8829,Product_8829_0,home,708.4075761790224,53.911042838308184,active,2024-06-27
8830,Product_8830_0,home,860.0669150678374,226.48297684280908,pending,2024-08-20
8831,Product_8831_0,clothing,589.3975429262581,428.5987061742886,pending,2024-03-28
8832,Product_8832_0,books,917.9870951056181,52.53430781149187,active,2024-11-20
8833,Product_8833_0,electronics,475.17621830733736,378.8483225644523,pending,2024-04-14
8834,Product_8834_0,electronics,184.00841207116528,258.6314509987028,inactive,2024-06-11
8835,Product_8835_0,books,12.053709221890015,251.67373099857872,archived,2024-10-15
8836,Product_8836_0,books,595.7975993685012,178.1787573662668,archived,2024-02-05
8837,Product_8837_0,electronics,148.9475031587213,302.7416603756638,inactive,2024-08-21
8838,Product_8838_0,home,310.9608414679186,312.426428392298,inactive,2024-06-05
8839,Product_8839_0,books,916.6954897837584,473.38383974326484,active,2024-02-19
8840,Product_8840_0,sports,75.19426558541873,253.7924167835665,inactive,2024-07-06
8841,Product_8841_0,sports,509.50985543093117,111.62501901877529,pending,2024-05-18
8842,Product_8842_0,home,787.743110636904,254.09991858759804,pending,2024-05-23
8843,Product_8843_0,books,628.8726843024174,284.7689652126052,inactive,2024-07-20
8844,Product_8844_0,sports,20.751816412158497,399.65314632655503,archived,2024-04-07
8845,Product_8845_0,sports,170.85754254251265,282.85616521240337,active,2024-12-12
8846,Product_8846_0,home,374.9478344361098,493.6757418759618,inactive,2024-07-19
8847,Product_8847_0,electronics,400.5178205169511,120.32684343687515,inactive,2024-05-24
8848,Product_8848_0,electronics,31.957834339727533,374.3961078227719,active,2024-04-24
8849,Product_8849_0,clothing,391.46030809119225,204.2590056673362,active,2024-02-17
8850,Product_8850_0,books,425.2069872938232,311.030629325766,pending,2024-05-23
8851,Product_8851_0,clothing,295.693236216023,207.24785161328526,active,2024-08-17
8852,Product_8852_0,sports,595.8123518228326,288.18511937474557,active,2024-04-07
8853,Product_8853_0,electronics,704.7519727311557,38.40575342309555,active,2024-03-18
8854,Product_8854_0,clothing,287.2743983250978,14.33644199779292,pending,2024-04-17
8855,Product_8855_0,sports,920.2503178866625,224.9590360679629,archived,2024-10-26
8856,Product_8856_0,electronics,626.9447334606959,295.5473935655023,active,2024-03-02
8857,Product_8857_0,sports,152.0258949854145,473.441239129029,active,2024-06-25
8858,Product_8858_0,clothing,436.1520297964834,268.3742332888374,active,2024-04-07
8859,Product_8859_0,clothing,93.26999314426602,458.533012248129,inactive,2024-12-10
8860,Product_8860_0,home,564.8075693503872,190.7671500875778,archived,2024-07-15
8861,Product_8861_0,electronics,886.6002790425025,345.6452611997319,inactive,2024-11-26
8862,Product_8862_0,electronics,395.9058246902255,33.74542815257095,active,2024-09-16
8863,Product_8863_0,home,497.431719498185,390.03967172073425,archived,2024-06-15
8864,Product_8864_0,electronics,171.7794204875363,165.88092548448253,pending,2024-03-17
8865,Product_8865_0,electronics,724.4413901576029,491.70171858615606,inactive,2024-08-27
8866,Product_8866_0,books,651.0472262036286,356.62092274954585,active,2024-12-23
8867,Product_8867_0,electronics,465.541788250693,480.0188254630632,active,2024-02-10
8868,Product_8868_0,books,781.2306925248012,233.55898362553748,pending,2024-09-12
8869,Product_8869_0,clothing,593.4015388320155,87.3453408750719,inactive,2024-02-11
8870,Product_8870_0,electronics,658.8256680532077,444.9260645749596,active,2024-08-09
8871,Product_8871_0,home,594.9498580351396,252.56550951402232,archived,2024-11-02
8872,Product_8872_0,electronics,352.20839195836106,260.97147310582227,archived,2024-11-19
8873,Product_8873_0,books,422.0941372692075,115.33008294228388,pending,2024-04-19
8874,Product_8874_0,books,490.09061147427684,315.5831437207959,pending,2024-12-23
8875,Product_8875_0,sports,871.7764823027658,488.8209845059747,active,2024-03-28
8876,Product_8876_0,clothing,591.380901156,264.8586062231226,inactive,2024-03-03
8877,Product_8877_0,electronics,385.321318580843,425.42949276783077,active,2024-02-22
8878,Product_8878_0,clothing,516.0811215459278,276.013106714598,archived,2024-03-12
8879,Product_8879_0,electronics,429.3113029780074,464.3289112414678,inactive,2024-06-28
8880,Product_8880_0,books,809.765189575007,50.09191740702173,active,2024-01-13
8881,Product_8881_0,home,561.6127700531563,382.3548946784965,inactive,2024-08-23
8882,Product_8882_0,books,930.6695644081107,169.2795444126096,active,2024-05-25
8883,Product_8883_0,books,657.2002401672736,199.35747428258335,archived,2024-09-08
8884,Product_8884_0,sports,978.6137172334338,125.07438029286953,active,2024-01-12
8885,Product_8885_0,home,503.3735802249233,131.34281815905945,pending,2024-07-19
8886,Product_8886_0,electronics,52.42147878252888,129.54653707258046,inactive,2024-05-05
8887,Product_8887_0,sports,989.5083733942996,39.760974164353335,inactive,2024-04-10
8888,Product_8888_0,electronics,790.4242387980412,439.34512995658343,pending,2024-02-16
8889,Product_8889_0,sports,714.5105773896345,241.0309235363934,pending,2024-09-14
8890,Product_8890_0,clothing,39.953102871436585,143.2962251694829,active,2024-04-22
8891,Product_8891_0,home,965.2878114348024,430.99020728392975,active,2024-10-07
8892,Product_8892_0,books,320.97790979786816,407.9065977127435,pending,2024-10-20
8893,Product_8893_0,home,339.9628823174498,46.40358925688537,inactive,2024-08-28
8894,Product_8894_0,electronics,185.96775653902048,164.85805044282864,active,2024-09-04
8895,Product_8895_0,clothing,857.7975804477347,160.75281909423754,active,2024-03-06
8896,Product_8896_0,books,324.2342026073708,378.21496721456487,active,2024-09-20
8897,Product_8897_0,books,233.17926669447365,328.6679252370772,active,2024-08-27
8898,Product_8898_0,clothing,251.41532347559752,444.31725606234795,archived,2024-09-06
8899,Product_8899_0,electronics,354.47810552857135,14.178462731226595,archived,2024-02-20
8900,Product_8900_0,home,342.74147142302223,69.14538627499667,archived,2024-02-18
8901,Product_8901_0,electronics,880.6163137391679,349.45652701514825,archived,2024-12-12
8902,Product_8902_0,books,253.4616506831449,253.3394304451343,inactive,2024-03-18
8903,Product_8903_0,electronics,964.0305647018909,390.2063742978495,active,2024-05-20
8904,Product_8904_0,clothing,21.71747055126705,70.7178789199572,pending,2024-07-12
8905,Product_8905_0,sports,117.74855066244089,193.56110906834294,inactive,2024-01-20
8906,Product_8906_0,home,510.9848388226967,225.96085612124517,archived,2024-12-11
8907,Product_8907_0,sports,417.291499909278,454.68165807611564,inactive,2024-08-14
8908,Product_8908_0,electronics,770.1851704968374,452.33083517397,active,2024-12-09
8909,Product_8909_0,clothing,693.5382332483724,110.80955732439982,inactive,2024-12-23
8910,Product_8910_0,electronics,236.28931505889014,295.43556196825426,pending,2024-08-18
8911,Product_8911_0,home,869.2368038247671,432.8532260423944,active,2024-11-28
8912,Product_8912_0,clothing,775.1963182853333,444.11045483840616,active,2024-12-12
8913,Product_8913_0,home,822.1670551705994,428.90668504157435,archived,2024-05-12
8914,Product_8914_0,books,389.64308532066354,186.58501305070797,inactive,2024-07-06
8915,Product_8915_0,home,126.95991708275733,205.66828394482536,active,2024-12-14
8916,Product_8916_0,sports,410.16501985211784,438.57499680540667,inactive,2024-02-14
8917,Product_8917_0,home,100.93951439396794,494.16547850471204,pending,2024-04-07
8918,Product_8918_0,sports,150.56921102292984,239.21162428801966,inactive,2024-11-08
8919,Product_8919_0,sports,190.25466842655078,74.53620005813137,archived,2024-03-05
8920,Product_8920_0,home,195.3779296082357,267.56737693448423,pending,2024-08-01
8921,Product_8921_0,sports,424.8308064557517,486.24040644319535,active,2024-06-04
8922,Product_8922_0,clothing,826.049121190012,195.9555607681224,pending,2024-02-06
8923,Product_8923_0,electronics,11.015712046834729,286.82795120734784,active,2024-04-17
8924,Product_8924_0,clothing,228.095005486172,113.86637161329178,archived,2024-07-02
8925,Product_8925_0,clothing,879.9388638675828,391.202718419498,active,2024-02-10
8926,Product_8926_0,electronics,603.0869290696802,225.90461765296786,inactive,2024-03-10
8927,Product_8927_0,sports,88.07670567471023,88.15278867563468,inactive,2024-08-23
8928,Product_8928_0,books,549.635522152871,27.854098053258397,inactive,2024-11-28
8929,Product_8929_0,home,744.9103239872073,245.1386530401041,active,2024-10-26
8930,Product_8930_0,clothing,965.5984351818678,239.36169892854517,pending,2024-08-27
8931,Product_8931_0,sports,105.47441341713694,377.2929324878793,active,2024-01-25
8932,Product_8932_0,books,170.28465524017446,88.28351222226716,active,2024-06-03
8933,Product_8933_0,books,458.8714594649737,100.04513130929722,archived,2024-01-07
8934,Product_8934_0,electronics,915.9185787393822,336.98382279573923,inactive,2024-08-07
8935,Product_8935_0,sports,941.180195121304,366.9950827345985,active,2024-07-06
8936,Product_8936_0,electronics,347.4786473202869,137.84856363536852,pending,2024-12-07
8937,Product_8937_0,books,4.898599795414562,59.81751646100973,active,2024-10-05
8938,Product_8938_0,sports,590.2568857409732,170.02232437222432,archived,2024-10-10
8939,Product_8939_0,clothing,82.53628129571656,247.7090471442834,inactive,2024-04-24
8940,Product_8940_0,clothing,429.09984141310355,238.29241123310499,active,2024-01-13
8941,Product_8941_0,home,519.6198153798389,388.0845596673137,archived,2024-01-01
8942,Product_8942_0,home,136.67929706599526,405.2269846602231,inactive,2024-11-18
8943,Product_8943_0,books,753.6868778104034,321.2191971580868,pending,2024-03-04
8944,Product_8944_0,sports,58.87816329174495,410.51997193761343,pending,2024-07-08
8945,Product_8945_0,electronics,119.54237358175553,333.4224441083285,inactive,2024-12-24
8946,Product_8946_0,clothing,935.8657900662788,206.07307253333363,inactive,2024-02-03
8947,Product_8947_0,home,121.21330542180061,403.0240526748604,inactive,2024-08-22
8948,Product_8948_0,books,526.434999849954,53.664682661161585,pending,2024-10-19
8949,Product_8949_0,sports,997.4000112325353,349.7580624871593,pending,2024-12-22
8950,Product_8950_0,books,497.1328844035401,49.262260353532575,active,2024-04-07
8951,Product_8951_0,clothing,244.17364143854581,410.7904201708439,inactive,2024-04-13
8952,Product_8952_0,books,49.93197821287732,339.32577669495373,pending,2024-09-01
8953,Product_8953_0,clothing,457.85747142285254,432.4921859272635,active,2024-04-08
8954,Product_8954_0,electronics,570.6790296695564,93.80571622686693,archived,2024-11-26
8955,Product_8955_0,clothing,909.84351065845,122.3492012459366,inactive,2024-10-25
8956,Product_8956_0,electronics,870.144736907554,117.75323002601769,inactive,2024-09-11
8957,Product_8957_0,clothing,340.5024823409323,193.8247753894869,active,2024-11-20
8958,Product_8958_0,clothing,456.02038941521494,116.68897910774909,archived,2024-09-28
8959,Product_8959_0,home,942.8373522933633,300.0160463576043,archived,2024-08-06
8960,Product_8960_0,books,251.12840110112919,255.97859185787746,archived,2024-04-16
8961,Product_8961_0,clothing,673.2970725809914,78.4919753249902,archived,2024-05-12
8962,Product_8962_0,sports,734.8049782166182,467.23897420671153,active,2024-09-05
8963,Product_8963_0,sports,256.4227403587963,479.88800873734067,archived,2024-12-23
8964,Product_8964_0,electronics,625.9475699704466,174.7518208402294,archived,2024-09-19
8965,Product_8965_0,books,227.46942391503947,51.647431141663255,archived,2024-11-27
8966,Product_8966_0,home,999.687590543926,459.3055334299994,inactive,2024-04-18
8967,Product_8967_0,sports,209.00415723423853,303.86238134542566,inactive,2024-04-15
8968,Product_8968_0,electronics,691.6105679619292,76.48403966989397,archived,2024-04-21
8969,Product_8969_0,sports,16.331266038794322,383.9686304745459,pending,2024-09-22
8970,Product_8970_0,home,278.99857988520085,358.4906607549045,pending,2024-12-19
8971,Product_8971_0,home,748.2620520879718,118.67004534101349,inactive,2024-12-17
8972,Product_8972_0,clothing,563.269484707809,292.4770160245238,archived,2024-04-01
8973,Product_8973_0,sports,514.6632754808211,346.7233825769502,inactive,2024-10-22
8974,Product_8974_0,clothing,866.4733815030221,45.76966974270118,inactive,2024-10-08
8975,Product_8975_0,clothing,847.7051942510682,329.3458452947665,inactive,2024-07-27
8976,Product_8976_0,sports,30.624819299492867,192.72924275440676,archived,2024-02-26
8977,Product_8977_0,clothing,492.11961383082496,156.85238495633257,inactive,2024-08-17
8978,Product_8978_0,clothing,222.44586531996177,138.590966577776,active,2024-07-14
8979,Product_8979_0,home,955.8480153834223,110.30336199260464,active,2024-04-17
8980,Product_8980_0,clothing,142.21980437200043,420.9156562129206,archived,2024-07-23
8981,Product_8981_0,home,637.3965202821141,475.54861663448776,inactive,2024-12-11
8982,Product_8982_0,electronics,237.10307431122288,298.16467665803384,inactive,2024-01-16
8983,Product_8983_0,home,183.42427216235134,275.71540868102676,pending,2024-10-20
8984,Product_8984_0,sports,937.162600114277,106.41248040568392,pending,2024-02-01
8985,Product_8985_0,electronics,758.0426167378815,66.33118234073441,archived,2024-11-15
8986,Product_8986_0,books,14.340705682028625,102.18786131457054,pending,2024-01-05
8987,Product_8987_0,clothing,872.1427789836558,270.22119719170337,active,2024-04-11
8988,Product_8988_0,electronics,655.8096570126249,99.06280768003326,active,2024-11-08
8989,Product_8989_0,sports,296.23358164276846,180.92456784653578,active,2024-05-13
8990,Product_8990_0,sports,651.7839796287769,42.205143051796426,inactive,2024-11-24
8991,Product_8991_0,books,432.56879298166075,327.25753341628626,active,2024-05-06
8992,Product_8992_0,home,336.98145766255135,364.3805393132167,active,2024-07-16
8993,Product_8993_0,sports,90.34065123114698,71.78993400243482,pending,2024-07-25
8994,Product_8994_0,books,982.5998630667727,222.8137570407369,active,2024-05-01
8995,Product_8995_0,clothing,70.83680270968117,337.43672563773896,active,2024-04-05
8996,Product_8996_0,clothing,818.5379615233879,350.44481570852145,archived,2024-09-18
8997,Product_8997_0,clothing,490.6195372434603,477.47944228553604,pending,2024-12-15
8998,Product_8998_0,clothing,352.39854358869457,377.1199852188186,pending,2024-02-07
8999,Product_8999_0,clothing,390.034167278193,312.36588383521706,active,2024-09-18
9000,Product_9000_0,books,347.4559500707825,96.92676499113401,inactive,2024-08-18
9001,Product_9001_0,books,467.2321157386384,50.546013652554755,inactive,2024-10-26
9002,Product_9002_0,books,535.8477774236788,109.9386974374022,inactive,2024-10-21
9003,Product_9003_0,home,135.62421191470526,153.7446377361974,inactive,2024-02-22
9004,Product_9004_0,electronics,766.7262978680699,128.6112761944284,active,2024-12-06
9005,Product_9005_0,sports,492.138404771766,469.75343337232766,pending,2024-10-28
9006,Product_9006_0,clothing,39.73233927861804,78.82959054677359,archived,2024-04-07
9007,Product_9007_0,sports,509.260088032631,168.14041415748122,pending,2024-04-22
9008,Product_9008_0,electronics,483.2323570868786,74.0196205645553,pending,2024-02-13
9009,Product_9009_0,electronics,958.6690949175759,141.7529296361279,pending,2024-06-08
9010,Product_9010_0,electronics,877.3812709890807,75.5888847675996,inactive,2024-11-26
9011,Product_9011_0,sports,247.2269558540373,495.7168742763578,archived,2024-07-07
9012,Product_9012_0,clothing,141.10081819815196,477.279212023138,pending,2024-05-16
9013,Product_9013_0,clothing,259.80434502932724,60.07603523966808,pending,2024-04-05
9014,Product_9014_0,clothing,914.9653129478182,346.3961347430251,archived,2024-06-06
9015,Product_9015_0,sports,404.3268523261254,400.7044071165741,archived,2024-03-14
9016,Product_9016_0,electronics,984.1409634546584,428.89835504068736,active,2024-06-15
9017,Product_9017_0,home,33.293562003480545,437.8922043053183,active,2024-04-18
9018,Product_9018_0,books,922.9129592617235,156.41458433228692,archived,2024-05-17
9019,Product_9019_0,clothing,729.995007041053,473.75498599705173,active,2024-01-02
9020,Product_9020_0,sports,595.7639997090621,184.81671944573716,active,2024-09-07
9021,Product_9021_0,electronics,791.2915388619797,438.14491605798236,active,2024-10-10
9022,Product_9022_0,home,727.9244407066062,77.1135962629726,pending,2024-04-21
9023,Product_9023_0,home,669.386719772226,491.44181312110913,pending,2024-04-02
9024,Product_9024_0,home,770.5640611705462,10.352854639187054,active,2024-07-01
9025,Product_9025_0,home,955.3526997016451,413.1927441311136,inactive,2024-10-05
9026,Product_9026_0,sports,589.9204417226478,175.4388695666002,inactive,2024-01-27
9027,Product_9027_0,books,205.8645052002799,41.3853968432783,pending,2024-01-22
9028,Product_9028_0,books,610.7339446166102,350.4648970870854,archived,2024-11-14
9029,Product_9029_0,sports,453.6607722783355,144.79180843339276,pending,2024-09-11
9030,Product_9030_0,clothing,236.86592939016887,134.5978001437877,inactive,2024-12-10
9031,Product_9031_0,electronics,862.2620879800517,462.118984828276,pending,2024-02-13
9032,Product_9032_0,clothing,288.78269782050313,185.03135207293008,pending,2024-03-02
9033,Product_9033_0,home,421.2053762623235,180.20040616216218,pending,2024-12-27
9034,Product_9034_0,electronics,18.16819156499063,115.55631337250632,pending,2024-12-27
9035,Product_9035_0,clothing,214.6926855715832,23.147253303732832,active,2024-02-10
9036,Product_9036_0,home,730.3981911682529,129.9094625473187,archived,2024-03-18
9037,Product_9037_0,home,895.4941345840127,286.3925761931713,active,2024-07-17
9038,Product_9038_0,clothing,815.7105047374464,51.017751701901155,inactive,2024-03-13
9039,Product_9039_0,home,109.91764667059584,354.01740301661397,pending,2024-02-01
9040,Product_9040_0,books,770.731358928076,346.91786801953,pending,2024-06-18
9041,Product_9041_0,sports,55.792888220609655,298.78973187228087,active,2024-12-03
9042,Product_9042_0,electronics,618.0833466787776,312.5374665570979,active,2024-01-26
9043,Product_9043_0,sports,235.24942745506024,313.93408011304354,active,2024-02-15
9044,Product_9044_0,clothing,430.7339261416127,55.651718344751686,active,2024-06-22
9045,Product_9045_0,electronics,468.8065883277819,433.8537222200411,pending,2024-06-17
9046,Product_9046_0,books,171.19159868985597,313.4432131766927,inactive,2024-01-22
9047,Product_9047_0,books,802.6435809007189,348.1555556531432,archived,2024-02-25
9048,Product_9048_0,sports,794.585898009624,158.60716798501474,pending,2024-03-15
9049,Product_9049_0,home,88.14792131571132,300.2854671324832,active,2024-01-10
9050,Product_9050_0,sports,400.043108871639,435.3774245682637,archived,2024-11-11
9051,Product_9051_0,electronics,639.2502926073354,107.90062467080186,archived,2024-07-19
9052,Product_9052_0,sports,375.3568278238115,414.27422048889076,active,2024-11-01
9053,Product_9053_0,books,440.6529112814559,151.86891712053057,pending,2024-09-20
9054,Product_9054_0,books,815.6430918454249,313.32972310213216,pending,2024-06-07
9055,Product_9055_0,clothing,526.8924683587612,191.29044741345308,active,2024-04-21
9056,Product_9056_0,electronics,714.5504562663406,341.2682823405265,inactive,2024-04-03
9057,Product_9057_0,electronics,418.4420756217919,188.9333638570318,pending,2024-11-10
9058,Product_9058_0,clothing,869.0240593731579,135.7158141616711,pending,2024-05-25
9059,Product_9059_0,electronics,402.22468698718,350.9142357598911,pending,2024-06-09
9060,Product_9060_0,sports,667.3266465214509,495.2279730402943,inactive,2024-08-17
9061,Product_9061_0,sports,799.8039709810415,442.44446767865776,pending,2024-02-06
9062,Product_9062_0,clothing,145.65431807977484,383.23480152035893,archived,2024-05-06
9063,Product_9063_0,clothing,243.34608982271092,385.07278904479784,pending,2024-01-07
9064,Product_9064_0,electronics,901.4052794838759,224.73352225674063,pending,2024-08-27
9065,Product_9065_0,electronics,410.2616791622384,195.67087676718614,active,2024-12-20
9066,Product_9066_0,sports,187.8758319020931,75.6998212985639,active,2024-06-24
9067,Product_9067_0,home,629.9745789014808,142.34334199713373,pending,2024-03-23
9068,Product_9068_0,sports,805.0558282269635,95.80073978103644,active,2024-02-14
9069,Product_9069_0,books,232.20538220170494,384.95370337158334,archived,2024-10-26
9070,Product_9070_0,clothing,585.5236645708607,68.30280725437046,pending,2024-08-04
9071,Product_9071_0,books,116.64670683745217,168.51228608847418,active,2024-03-28
9072,Product_9072_0,home,558.0942826768915,379.3388362048469,archived,2024-04-18
9073,Product_9073_0,books,222.52118658624448,203.32924902432205,inactive,2024-12-12
9074,Product_9074_0,sports,615.9199057017292,206.45384158240748,active,2024-12-28
9075,Product_9075_0,books,991.2447526822755,207.03359094515733,inactive,2024-05-04
9076,Product_9076_0,books,938.5995701901002,58.80541088310967,active,2024-02-26
9077,Product_9077_0,books,27.281639246341484,159.1813251083755,pending,2024-06-18
9078,Product_9078_0,sports,526.8253354830445,128.4795553645647,pending,2024-09-05
9079,Product_9079_0,electronics,814.7006060733579,212.21141012332657,inactive,2024-08-17
9080,Product_9080_0,clothing,79.84375769833105,133.70591777114961,active,2024-02-04
9081,Product_9081_0,clothing,665.8970650560105,176.21445254858617,inactive,2024-02-23
9082,Product_9082_0,books,648.1976332487766,334.8113877562512,inactive,2024-03-12
9083,Product_9083_0,clothing,687.1698087773822,452.0786720821229,inactive,2024-02-11
9084,Product_9084_0,electronics,585.3264188247282,79.8538988041237,archived,2024-10-09
9085,Product_9085_0,electronics,975.1325346938133,380.9933653862433,pending,2024-10-09
9086,Product_9086_0,clothing,429.407982464313,44.701287582752286,archived,2024-11-19
9087,Product_9087_0,home,49.79275154850118,98.92795798607386,inactive,2024-12-22
9088,Product_9088_0,sports,207.10520339345894,268.8325814489327,archived,2024-04-13
9089,Product_9089_0,home,210.197186232583,81.62620693708878,inactive,2024-02-06
9090,Product_9090_0,electronics,661.0364369443894,251.44220750428468,inactive,2024-11-25
9091,Product_9091_0,home,433.8062555947776,83.7541081953723,archived,2024-10-02
9092,Product_9092_0,sports,922.5814711279265,430.36948704589355,active,2024-02-08
9093,Product_9093_0,home,387.46751170344044,136.64605573120335,pending,2024-06-20
9094,Product_9094_0,sports,264.5912287864907,244.92505531094187,active,2024-04-16
9095,Product_9095_0,books,222.50423697773758,426.8398675376601,inactive,2024-09-23
9096,Product_9096_0,home,231.60345764655432,85.70050735540262,active,2024-02-09
9097,Product_9097_0,electronics,432.8911125406209,13.870275972029656,pending,2024-12-22
9098,Product_9098_0,books,155.84950325056076,472.07557636587626,archived,2024-04-19
9099,Product_9099_0,home,958.9398250786209,97.6561462579967,archived,2024-05-28
9100,Product_9100_0,home,86.78981174548026,366.92218680519096,archived,2024-04-01
9101,Product_9101_0,home,994.2186813227572,353.95722713057046,active,2024-02-10
9102,Product_9102_0,home,758.8999411933364,254.27133580263168,archived,2024-11-05
9103,Product_9103_0,books,531.0881847868903,37.73457089085967,inactive,2024-04-11
9104,Product_9104_0,clothing,156.35908658626408,485.9686200434844,inactive,2024-08-03
9105,Product_9105_0,clothing,594.0723441978053,200.0853163319349,pending,2024-03-22
9106,Product_9106_0,books,957.1700370474855,337.2125166948761,pending,2024-03-25
9107,Product_9107_0,sports,327.9968090928676,479.864281543611,pending,2024-09-28
9108,Product_9108_0,sports,233.91599541661313,174.0853055623167,active,2024-10-02
9109,Product_9109_0,books,114.56407908095035,463.0267804399577,active,2024-07-11
9110,Product_9110_0,sports,254.12390898568992,145.46662930151726,active,2024-07-06
9111,Product_9111_0,sports,846.9417619855969,377.88748741459364,inactive,2024-06-07
9112,Product_9112_0,books,389.9477148971809,197.17630256394366,active,2024-07-07
9113,Product_9113_0,clothing,643.4842490888701,237.239868997488,inactive,2024-06-02
9114,Product_9114_0,clothing,62.45989520519195,18.941044225310854,pending,2024-09-23
9115,Product_9115_0,books,723.077123379139,142.75170952906043,inactive,2024-10-05
9116,Product_9116_0,books,835.7831964734945,271.41195955214795,inactive,2024-09-25
9117,Product_9117_0,electronics,733.2215912417173,280.2556286342843,inactive,2024-03-24
9118,Product_9118_0,sports,3.3564994523836837,369.514635354767,inactive,2024-12-02
9119,Product_9119_0,clothing,752.6984301922064,448.3392808804389,archived,2024-10-18
9120,Product_9120_0,sports,543.2923257429865,90.71411112266661,pending,2024-02-15
9121,Product_9121_0,clothing,766.6781159167151,397.11992341809986,inactive,2024-11-13
9122,Product_9122_0,books,494.8622769867892,64.29997427926182,archived,2024-06-10
9123,Product_9123_0,electronics,705.4653727028535,305.0101354134167,active,2024-06-20
9124,Product_9124_0,clothing,508.5578076363131,186.66568759222986,pending,2024-04-02
9125,Product_9125_0,sports,470.74335862704896,256.42681951197494,pending,2024-03-18
9126,Product_9126_0,books,97.04875043848128,416.97908684143914,active,2024-02-17
9127,Product_9127_0,home,757.6269402111855,469.2292306295575,active,2024-01-21
9128,Product_9128_0,sports,55.682773789429284,258.15826519312407,active,2024-12-09
9129,Product_9129_0,clothing,144.32067977670872,253.87009631469033,pending,2024-03-11
9130,Product_9130_0,sports,182.69638374198948,497.9669290641736,archived,2024-08-02
9131,Product_9131_0,clothing,24.234875472927527,470.5986370415595,pending,2024-10-05
9132,Product_9132_0,home,824.7878462350858,472.1016262962107,active,2024-09-02
9133,Product_9133_0,clothing,192.77000865193594,148.14925134674374,archived,2024-12-28
9134,Product_9134_0,sports,968.5001070062759,29.116558981966627,active,2024-03-21
9135,Product_9135_0,sports,69.63059818443924,444.4592739926207,inactive,2024-05-14
9136,Product_9136_0,books,21.629095948750887,83.41650755218738,pending,2024-07-09
9137,Product_9137_0,sports,530.8439628749695,232.38260781832818,active,2024-03-28
9138,Product_9138_0,electronics,121.51172158203275,292.21337849251387,archived,2024-02-21
9139,Product_9139_0,books,610.6102378113643,294.75793408881236,pending,2024-11-01
9140,Product_9140_0,books,400.8784051732187,356.195634812762,active,2024-07-12
9141,Product_9141_0,home,528.4513866592606,322.7314270396853,inactive,2024-03-24
9142,Product_9142_0,home,430.99258545587946,471.795604435622,inactive,2024-01-18
9143,Product_9143_0,electronics,225.07280808902797,236.1981447072402,active,2024-03-18
9144,Product_9144_0,clothing,699.5010927968632,206.80042114549948,active,2024-06-02
9145,Product_9145_0,books,260.53402131597136,342.23345363948016,inactive,2024-12-20
9146,Product_9146_0,clothing,345.92091560325395,453.5038557819698,archived,2024-01-22
9147,Product_9147_0,books,94.77815853101177,457.6026366405226,inactive,2024-03-20
9148,Product_9148_0,sports,407.94857892384357,258.02104772165285,archived,2024-12-01
9149,Product_9149_0,home,352.7371916243916,221.84738795396288,inactive,2024-12-20
9150,Product_9150_0,sports,523.4385469928723,359.30213658435696,pending,2024-03-06
9151,Product_9151_0,sports,121.3007555502868,339.94296697122724,active,2024-12-01
9152,Product_9152_0,sports,257.26296886417396,43.516453772938576,inactive,2024-05-27
9153,Product_9153_0,sports,440.6199526689022,183.60948932151945,active,2024-02-20
9154,Product_9154_0,clothing,920.2688629008062,55.98087974847638,active,2024-08-19
9155,Product_9155_0,home,656.0912775781775,321.4328481022633,inactive,2024-10-04
9156,Product_9156_0,sports,318.6373501842961,228.1124442116624,archived,2024-12-06
9157,Product_9157_0,clothing,792.4465170734724,392.1796277596095,pending,2024-05-13
9158,Product_9158_0,books,258.8350809522678,484.3003790121713,archived,2024-05-15
9159,Product_9159_0,home,445.7502107595368,228.40609562313116,pending,2024-09-21
9160,Product_9160_0,sports,385.1444394160915,30.857499930048004,inactive,2024-03-01
9161,Product_9161_0,clothing,477.05478617024306,153.83440860926788,pending,2024-02-27
9162,Product_9162_0,sports,412.4838992462053,276.6344639576388,active,2024-05-23
9163,Product_9163_0,sports,372.8140959812747,281.020178305411,pending,2024-12-25
9164,Product_9164_0,sports,404.7997084741054,86.84110234432718,active,2024-03-10
9165,Product_9165_0,clothing,245.36002311061876,287.00409385818057,inactive,2024-10-16
9166,Product_9166_0,clothing,859.6015388025585,240.8350869575903,pending,2024-03-22
9167,Product_9167_0,electronics,347.3735400083645,250.71559388836977,pending,2024-03-25
9168,Product_9168_0,clothing,407.0774655992943,469.9417342460628,active,2024-09-01
9169,Product_9169_0,clothing,195.69947841955144,451.2311201785383,inactive,2024-09-15
9170,Product_9170_0,books,413.401542853548,255.67645474376027,archived,2024-08-23
9171,Product_9171_0,sports,57.29613864249521,211.99391871182098,archived,2024-03-03
9172,Product_9172_0,sports,41.03465178270219,413.0814883775229,archived,2024-07-07
9173,Product_9173_0,electronics,988.6089189678064,389.9487778239676,active,2024-07-25
9174,Product_9174_0,clothing,98.8099100775144,393.93821366824386,active,2024-07-22
9175,Product_9175_0,electronics,885.7188962207533,71.62438508807779,pending,2024-01-25
9176,Product_9176_0,sports,259.0875084898411,19.1570564315734,inactive,2024-06-16
9177,Product_9177_0,sports,917.214748928175,315.14371143407016,active,2024-04-04
9178,Product_9178_0,books,845.6208224074788,375.6930739384421,inactive,2024-03-19
9179,Product_9179_0,electronics,692.5267090246385,265.30898646602714,inactive,2024-05-02
9180,Product_9180_0,home,178.67390428463904,143.40371890120764,active,2024-01-19
9181,Product_9181_0,electronics,229.97551495907481,310.8393029666957,active,2024-07-05
9182,Product_9182_0,sports,969.0554293231964,170.3067542867534,pending,2024-01-17
9183,Product_9183_0,home,288.3404698674041,55.73595632095063,pending,2024-04-16
9184,Product_9184_0,home,471.02941056799966,156.4180291651464,archived,2024-07-04
9185,Product_9185_0,clothing,192.9226988050805,219.3523846122384,inactive,2024-08-08
9186,Product_9186_0,electronics,714.6141745859687,55.809003598240025,active,2024-09-13
9187,Product_9187_0,sports,753.0450852847958,189.10008027998867,archived,2024-06-19
9188,Product_9188_0,sports,566.8897771762186,296.04955487583027,pending,2024-01-15
9189,Product_9189_0,electronics,230.72725364075254,433.9010607586337,archived,2024-05-08
9190,Product_9190_0,home,435.4114463876691,188.57424903863995,inactive,2024-05-09
9191,Product_9191_0,books,621.3113889667472,447.05507761058715,active,2024-06-05
9192,Product_9192_0,home,314.1410901222214,174.5311176520243,pending,2024-10-08
9193,Product_9193_0,home,941.406006303679,308.48854776319956,inactive,2024-02-12
9194,Product_9194_0,sports,8.64073628169794,108.92923020267428,inactive,2024-06-23
9195,Product_9195_0,electronics,93.50418995115108,351.48351509507756,inactive,2024-04-20
9196,Product_9196_0,electronics,912.5768888286553,79.04059784734811,active,2024-11-18
9197,Product_9197_0,books,728.3231904231728,204.86125973226558,pending,2024-06-24
9198,Product_9198_0,clothing,845.6990610008296,43.86216621119355,pending,2024-11-09
9199,Product_9199_0,books,891.4987226368961,206.7245342641185,pending,2024-05-27
9200,Product_9200_0,home,482.18153640070193,137.49268819931254,inactive,2024-02-10
9201,Product_9201_0,books,620.5522306083241,73.64806700630852,active,2024-01-01
9202,Product_9202_0,books,732.1720026131748,49.231959563547825,archived,2024-05-06
9203,Product_9203_0,home,178.1599397908013,109.05695813119921,archived,2024-03-13
9204,Product_9204_0,books,878.270868435024,490.26229959815106,archived,2024-03-06
9205,Product_9205_0,clothing,583.5312584487637,285.84273474188564,pending,2024-08-22
9206,Product_9206_0,home,29.467977194057948,474.45934852959516,archived,2024-09-02
9207,Product_9207_0,electronics,225.12081695773958,430.804691961014,inactive,2024-06-14
9208,Product_9208_0,home,269.56016608537186,406.7112750910248,inactive,2024-07-20
9209,Product_9209_0,sports,10.163066274730426,216.85134171855853,inactive,2024-10-06
9210,Product_9210_0,clothing,844.157225273607,57.62775318451786,inactive,2024-09-01
9211,Product_9211_0,clothing,419.59661220907657,47.38383695483122,inactive,2024-04-23
9212,Product_9212_0,home,494.06173450668473,317.461243479142,archived,2024-01-18
9213,Product_9213_0,sports,841.4849447099275,492.4505879666508,active,2024-02-14
9214,Product_9214_0,home,46.84023402862736,168.31184753257128,pending,2024-03-28
9215,Product_9215_0,home,244.86346495464988,167.7716672679064,inactive,2024-04-08
9216,Product_9216_0,sports,700.0913647863119,225.04191467191785,archived,2024-02-27
9217,Product_9217_0,books,315.3125584911292,355.0724741187284,archived,2024-08-10
9218,Product_9218_0,clothing,81.92074372860493,384.46631714175254,inactive,2024-02-07
9219,Product_9219_0,electronics,23.15460137874432,344.76089525395383,archived,2024-06-03
9220,Product_9220_0,clothing,119.79376922652996,213.74237773683393,inactive,2024-11-21
9221,Product_9221_0,home,443.0172055383999,54.05476558554165,pending,2024-03-24
9222,Product_9222_0,books,910.5703193482254,109.53707464296716,inactive,2024-02-08
9223,Product_9223_0,home,823.6330354723187,308.4483684622522,inactive,2024-03-05
9224,Product_9224_0,home,13.541611041761758,444.0888370879216,archived,2024-10-14
9225,Product_9225_0,home,233.29255381999073,276.3222907340555,active,2024-01-15
9226,Product_9226_0,clothing,164.1740656731762,405.893743814809,pending,2024-08-23
9227,Product_9227_0,electronics,376.9161795926457,150.31507828690164,pending,2024-05-19
9228,Product_9228_0,electronics,694.6245387790357,161.67012730443028,pending,2024-12-14
9229,Product_9229_0,books,932.3952129603119,274.91445934768063,pending,2024-08-20
9230,Product_9230_0,clothing,913.550298477803,255.3000212582637,pending,2024-09-08
9231,Product_9231_0,books,170.18686138774245,452.99136543860084,active,2024-06-02
9232,Product_9232_0,sports,264.91046833126904,339.0562901930285,inactive,2024-11-20
9233,Product_9233_0,sports,537.0909646704556,126.44597296104517,pending,2024-10-18
9234,Product_9234_0,electronics,956.7831336550911,136.00238406830988,inactive,2024-12-09
9235,Product_9235_0,sports,903.7970031444974,243.32032628459552,inactive,2024-10-25
9236,Product_9236_0,home,537.84438702135,432.17922088322933,active,2024-11-06
9237,Product_9237_0,sports,472.13002454867916,262.03625070280316,pending,2024-11-03
9238,Product_9238_0,home,214.0107849084183,145.46831150451735,inactive,2024-10-21
9239,Product_9239_0,books,798.0926540342452,227.90843039792745,inactive,2024-07-04
9240,Product_9240_0,books,810.7952149008976,328.5554529305078,active,2024-10-02
9241,Product_9241_0,electronics,500.13713658719035,464.8545506565507,pending,2024-12-04
9242,Product_9242_0,clothing,648.5393566492547,459.13508371221405,active,2024-05-16
9243,Product_9243_0,books,417.268084916567,145.5300246433894,pending,2024-06-07
9244,Product_9244_0,home,67.7432028681111,367.52370657781177,inactive,2024-03-18
9245,Product_9245_0,sports,352.872193696011,117.28964582571216,pending,2024-02-28
9246,Product_9246_0,home,191.6049967757821,206.004401099907,inactive,2024-07-22
9247,Product_9247_0,clothing,539.9104617887199,163.8542909490056,active,2024-05-03
9248,Product_9248_0,sports,721.9413584048391,48.82857599623086,inactive,2024-06-18
9249,Product_9249_0,home,374.91038350899805,15.136386001178764,inactive,2024-08-16
9250,Product_9250_0,home,633.0956611380346,189.70945918408972,pending,2024-08-21
9251,Product_9251_0,books,290.05602039831666,123.88489908568259,inactive,2024-10-27
9252,Product_9252_0,books,632.3137680188194,488.93550440257997,inactive,2024-01-07
9253,Product_9253_0,books,185.03603813674997,469.9984223546055,inactive,2024-12-09
9254,Product_9254_0,sports,856.8509634702904,237.65781396229022,archived,2024-08-11
9255,Product_9255_0,clothing,391.3748366639974,232.63279341474149,inactive,2024-04-15
9256,Product_9256_0,home,77.76350082180271,303.4914466190625,inactive,2024-12-14
9257,Product_9257_0,sports,344.03825518813886,496.0989574096756,inactive,2024-05-09
9258,Product_9258_0,sports,80.61183973636898,16.869742320606345,active,2024-01-19
9259,Product_9259_0,clothing,41.3451482316153,92.19876406164644,inactive,2024-02-24
9260,Product_9260_0,clothing,358.7946558194714,15.888623470595824,inactive,2024-01-04
9261,Product_9261_0,electronics,876.0039541864944,95.60096007452026,inactive,2024-01-09
9262,Product_9262_0,electronics,940.8228952415787,32.861923289083954,pending,2024-09-15
9263,Product_9263_0,home,464.6120729726118,150.2327188362881,inactive,2024-01-07
9264,Product_9264_0,sports,612.9436296172497,133.17685651902173,active,2024-03-12
9265,Product_9265_0,sports,153.76439839929455,125.56542776161288,active,2024-07-17
9266,Product_9266_0,home,502.2537336038097,123.95335863119688,inactive,2024-03-13
9267,Product_9267_0,clothing,341.68021648596704,32.74021014166189,pending,2024-03-07
9268,Product_9268_0,sports,408.1372797805537,480.6391712001653,active,2024-05-19
9269,Product_9269_0,sports,344.1871787305808,263.45709579291696,archived,2024-03-11
9270,Product_9270_0,books,467.95881212949115,159.06934269309284,archived,2024-12-07
9271,Product_9271_0,home,877.0275309121063,387.67240916576276,inactive,2024-10-18
9272,Product_9272_0,electronics,527.6497916631382,287.0717901916599,pending,2024-01-06
9273,Product_9273_0,electronics,187.85107424830804,450.43374011659455,pending,2024-08-18
9274,Product_9274_0,home,805.1149634449735,435.8767175765668,archived,2024-02-14
9275,Product_9275_0,home,968.4945789107871,170.8449939545576,active,2024-07-10
9276,Product_9276_0,electronics,457.71425871814824,260.11669803373184,archived,2024-12-07
9277,Product_9277_0,clothing,707.9502452592876,226.86761239287893,inactive,2024-12-05
9278,Product_9278_0,home,953.8729963445111,249.99092506531244,archived,2024-10-12
9279,Product_9279_0,home,878.8344326629942,240.45261035999397,inactive,2024-07-22
9280,Product_9280_0,books,906.289841673974,469.1596632330832,archived,2024-07-26
9281,Product_9281_0,sports,317.1968283597,60.70677785744542,inactive,2024-07-21
9282,Product_9282_0,books,461.0099469477475,32.4851281341176,inactive,2024-01-16
9283,Product_9283_0,clothing,578.3456959529026,117.76744612896185,inactive,2024-02-20
9284,Product_9284_0,home,940.0315711512554,499.98657881576366,inactive,2024-04-10
9285,Product_9285_0,electronics,505.6766710836979,291.71697412783374,archived,2024-04-17
9286,Product_9286_0,electronics,869.5161751631734,237.26184697147215,archived,2024-12-06
9287,Product_9287_0,books,726.8794347650443,42.62737267975106,active,2024-01-12
9288,Product_9288_0,home,103.01838268283481,423.48669350174373,archived,2024-07-22
9289,Product_9289_0,sports,222.87142617218896,242.47166939869166,archived,2024-01-05
9290,Product_9290_0,electronics,959.9882381272189,139.6149926535956,pending,2024-07-26
9291,Product_9291_0,sports,500.1912852704348,479.4182977089897,archived,2024-08-01
9292,Product_9292_0,clothing,71.18864748540143,199.59192031843358,active,2024-04-18
9293,Product_9293_0,electronics,515.5106399099326,286.0769260319202,active,2024-08-07
9294,Product_9294_0,home,706.825490231572,259.84539363143745,pending,2024-01-17
9295,Product_9295_0,books,655.2356388419458,335.04781410105096,inactive,2024-05-12
9296,Product_9296_0,electronics,333.0777467883876,330.8979772149726,active,2024-05-10
9297,Product_9297_0,books,721.092264764495,181.54529570621986,pending,2024-04-15
9298,Product_9298_0,clothing,915.9619428850027,188.80906639410574,archived,2024-03-22
9299,Product_9299_0,electronics,631.1072935216835,220.09570041572474,archived,2024-10-09
9300,Product_9300_0,clothing,699.9944496863611,359.02748109005574,archived,2024-04-20
9301,Product_9301_0,home,227.87598611242086,120.13372266940397,archived,2024-10-10
9302,Product_9302_0,home,733.4039421872404,394.3289768287345,pending,2024-10-01
9303,Product_9303_0,home,379.61604673344857,43.74103443892004,active,2024-09-17
9304,Product_9304_0,clothing,795.3028214780575,208.3398522493654,active,2024-01-06
9305,Product_9305_0,sports,542.8157996325083,335.28992351899353,pending,2024-04-10
9306,Product_9306_0,books,866.014326883579,499.72885028150796,active,2024-01-05
9307,Product_9307_0,books,622.06012774647,72.46531601229788,archived,2024-08-22
9308,Product_9308_0,clothing,335.48676332477817,408.12711882515396,inactive,2024-03-11
9309,Product_9309_0,sports,718.1082931393071,300.69102005773794,pending,2024-04-28
9310,Product_9310_0,sports,361.9660240604231,422.96102014264517,active,2024-04-10
9311,Product_9311_0,books,553.4943833843832,362.2724842416668,archived,2024-10-01
9312,Product_9312_0,electronics,601.8753389759454,180.19642724666272,archived,2024-02-21
9313,Product_9313_0,clothing,340.7102647147001,115.53302468926418,pending,2024-04-14
9314,Product_9314_0,clothing,48.67557060556127,493.5959163249498,archived,2024-01-18
9315,Product_9315_0,clothing,930.6182472790033,284.61615008063586,pending,2024-03-10
9316,Product_9316_0,electronics,770.0758068463458,493.6997238501902,archived,2024-04-24
9317,Product_9317_0,clothing,645.7467732446181,425.5486805737061,inactive,2024-08-04
9318,Product_9318_0,books,72.07280832412506,48.687160053093095,inactive,2024-06-16
9319,Product_9319_0,electronics,155.38948871988143,407.5114239596888,active,2024-12-17
9320,Product_9320_0,home,72.51008493350568,158.28796353238474,active,2024-08-16
9321,Product_9321_0,electronics,39.29806356736208,455.93270530359973,active,2024-06-18
9322,Product_9322_0,electronics,185.41972095954412,317.691973004955,inactive,2024-09-08
9323,Product_9323_0,sports,800.1006577690728,186.97611339601482,pending,2024-12-06
9324,Product_9324_0,electronics,341.6203161566404,143.5581138231217,active,2024-04-04
9325,Product_9325_0,home,20.865142002831195,408.5540171683936,inactive,2024-07-09
9326,Product_9326_0,sports,917.2681498131462,363.7039123105793,pending,2024-08-10
9327,Product_9327_0,home,90.91038338136839,148.78232667497235,archived,2024-11-18
9328,Product_9328_0,books,780.6602750643934,121.82680710314678,inactive,2024-04-01
9329,Product_9329_0,home,148.50506815332403,50.46940665472056,active,2024-04-20
9330,Product_9330_0,sports,599.3227578374474,273.6573797148674,pending,2024-12-20
9331,Product_9331_0,home,193.61552641774122,31.599124826770264,pending,2024-08-15
9332,Product_9332_0,books,883.9152342069791,273.0539589347725,inactive,2024-02-09
9333,Product_9333_0,home,924.92594397663,475.5493968231362,inactive,2024-05-13
9334,Product_9334_0,home,464.27755594830626,419.2499365438859,inactive,2024-11-07
9335,Product_9335_0,books,572.801260285225,116.06145912251127,archived,2024-06-12
9336,Product_9336_0,clothing,977.8490199993728,485.43524697776945,pending,2024-07-26
9337,Product_9337_0,books,909.0175238140936,141.8864836138037,active,2024-11-15
9338,Product_9338_0,clothing,743.5822777291697,404.7180575271341,pending,2024-07-13
9339,Product_9339_0,books,919.3988530441222,176.94065760395628,inactive,2024-08-25
9340,Product_9340_0,home,473.79592990154936,30.511469516181123,archived,2024-09-11
9341,Product_9341_0,books,891.7909613028422,68.0443971696912,pending,2024-08-09
9342,Product_9342_0,electronics,875.8295087696443,341.93928664634797,archived,2024-12-02
9343,Product_9343_0,clothing,214.4213898238971,339.03110960368326,inactive,2024-10-01
9344,Product_9344_0,clothing,759.2556965553521,359.7205839194657,pending,2024-03-07
9345,Product_9345_0,books,736.274112609964,482.83673937026526,archived,2024-08-12
9346,Product_9346_0,home,866.6753795860843,182.90524830231988,inactive,2024-02-14
9347,Product_9347_0,books,608.0185931744054,289.4733346589678,active,2024-06-21
9348,Product_9348_0,clothing,936.2499189757459,225.50783313340716,pending,2024-02-18
9349,Product_9349_0,home,513.9826946929211,212.25636364216663,active,2024-12-22
9350,Product_9350_0,sports,162.51851640901054,473.6464155375097,active,2024-03-06
9351,Product_9351_0,electronics,398.17187052688314,276.7278390609466,inactive,2024-08-10
9352,Product_9352_0,sports,150.13630256194443,33.185714069243026,active,2024-07-18
9353,Product_9353_0,electronics,818.5423761384907,402.49346057180855,archived,2024-12-21
9354,Product_9354_0,books,399.302013923759,348.7976104785823,archived,2024-12-06
9355,Product_9355_0,home,501.8654468539411,494.72057183902035,active,2024-10-15
9356,Product_9356_0,home,997.8344315393983,310.95377383808955,pending,2024-03-11
9357,Product_9357_0,home,91.18312031413076,350.13827018970807,archived,2024-08-08
9358,Product_9358_0,sports,188.760716934029,93.87769959591473,inactive,2024-06-22
9359,Product_9359_0,home,402.9665147549715,338.59012392329043,active,2024-09-10
9360,Product_9360_0,clothing,771.9255890660934,350.1437500747367,pending,2024-04-10
9361,Product_9361_0,books,292.3646399174292,157.31923078140312,active,2024-03-03
9362,Product_9362_0,electronics,13.535177275443544,475.10971032072,archived,2024-02-24
9363,Product_9363_0,sports,842.7532045557715,90.35579144495225,active,2024-01-08
9364,Product_9364_0,books,125.34138955005938,76.33139014371226,active,2024-05-20
9365,Product_9365_0,books,479.16143652249,146.7569273272204,archived,2024-08-21
9366,Product_9366_0,home,772.1964951072111,303.2378870026002,pending,2024-01-18
9367,Product_9367_0,clothing,565.1913449077797,257.5575694948045,pending,2024-02-09
9368,Product_9368_0,clothing,514.9771060346949,17.441034917711868,pending,2024-01-17
9369,Product_9369_0,electronics,142.95412524466508,118.81153782803115,pending,2024-07-02
9370,Product_9370_0,sports,791.4893701350856,270.4811629975902,inactive,2024-04-17
9371,Product_9371_0,sports,32.47091830509129,232.88143961708522,inactive,2024-08-04
9372,Product_9372_0,sports,525.1200215570751,418.5031836832683,pending,2024-12-25
9373,Product_9373_0,home,704.6270639764949,354.60055076062673,active,2024-09-22
9374,Product_9374_0,sports,56.10834751004092,350.1998789262973,inactive,2024-07-12
9375,Product_9375_0,electronics,174.47661053125665,304.8023490088587,archived,2024-04-19
9376,Product_9376_0,clothing,345.79638646670116,299.2170766413346,active,2024-04-26
9377,Product_9377_0,sports,355.123352166793,404.1135538001903,archived,2024-10-14
9378,Product_9378_0,clothing,359.4636234120327,496.98291958773666,active,2024-11-07
9379,Product_9379_0,books,142.9648860570165,275.95213962695794,archived,2024-08-07
9380,Product_9380_0,books,441.4413621561511,270.4657320346182,inactive,2024-05-17
9381,Product_9381_0,books,288.5558344471087,99.6362030993593,active,2024-01-15
9382,Product_9382_0,electronics,80.22943379238978,202.25889718908732,active,2024-12-11
9383,Product_9383_0,electronics,332.76826993520234,186.67247717641405,archived,2024-12-15
9384,Product_9384_0,electronics,874.0525106540973,397.18556996350605,inactive,2024-02-17
9385,Product_9385_0,electronics,121.3639601939464,483.6665747281111,inactive,2024-06-05
9386,Product_9386_0,sports,966.4864060814464,81.55402459468232,active,2024-08-10
9387,Product_9387_0,home,706.2385999517667,498.97898984270284,archived,2024-04-22
9388,Product_9388_0,home,908.0793473136779,490.3661188595379,pending,2024-06-05
9389,Product_9389_0,clothing,635.709407642653,61.18145449066627,archived,2024-08-07
9390,Product_9390_0,books,526.399748958015,234.39401076133396,pending,2024-02-15
9391,Product_9391_0,clothing,502.93627447071407,363.40377741207146,inactive,2024-02-18
9392,Product_9392_0,electronics,695.4276134957016,74.28901485019502,archived,2024-09-18
9393,Product_9393_0,clothing,794.5234287539195,96.85456935004038,inactive,2024-04-22
9394,Product_9394_0,clothing,359.424930770834,254.23925889834823,inactive,2024-02-19
9395,Product_9395_0,home,675.2730199870272,35.36367637410443,pending,2024-01-17
9396,Product_9396_0,clothing,463.63584475048776,175.78774644860894,inactive,2024-06-11
9397,Product_9397_0,clothing,285.9454654339354,329.0481306810842,archived,2024-06-24
9398,Product_9398_0,books,685.9870125852901,464.7747305402667,pending,2024-05-01
9399,Product_9399_0,home,613.1502612602768,219.1325426919665,inactive,2024-06-02
9400,Product_9400_0,sports,383.5564717628527,67.42761709886862,active,2024-10-11
9401,Product_9401_0,clothing,748.4994686508301,113.05290987737507,active,2024-11-08
9402,Product_9402_0,electronics,440.6010550265468,415.05046848745906,archived,2024-06-03
9403,Product_9403_0,clothing,806.2543201675418,152.87330331395572,active,2024-05-14
9404,Product_9404_0,clothing,548.9782944438604,280.4558184110209,archived,2024-05-23
9405,Product_9405_0,electronics,173.91899065198947,188.1990836947005,inactive,2024-02-26
9406,Product_9406_0,electronics,606.1600066707912,481.7194515120478,archived,2024-08-21
9407,Product_9407_0,electronics,806.6167201215762,478.6153240351321,active,2024-05-23
9408,Product_9408_0,books,601.7902241332401,424.9274779892434,archived,2024-05-18
9409,Product_9409_0,books,572.6876447619993,495.2802419140622,inactive,2024-03-27
9410,Product_9410_0,clothing,41.574441256471275,496.48922569826834,archived,2024-06-11
9411,Product_9411_0,sports,386.7062370370985,222.65621254569578,pending,2024-02-06
9412,Product_9412_0,electronics,570.608049021206,418.2937030664627,inactive,2024-12-17
9413,Product_9413_0,home,620.7101358304963,207.91230979448616,active,2024-11-01
9414,Product_9414_0,home,273.1725385688814,431.57282232259723,inactive,2024-07-26
9415,Product_9415_0,sports,728.5179133026521,346.7112205195031,active,2024-10-12
9416,Product_9416_0,sports,448.7604606837323,67.68747395026796,active,2024-02-03
9417,Product_9417_0,books,504.075983858715,45.74603219393297,pending,2024-03-03
9418,Product_9418_0,home,35.116942183990126,52.11106466805385,active,2024-03-19
9419,Product_9419_0,home,165.20199951654217,36.75484991358183,inactive,2024-02-10
9420,Product_9420_0,books,171.4719729534283,217.53599725042753,inactive,2024-04-02
9421,Product_9421_0,home,638.4820758708577,192.75677880330275,archived,2024-01-25
9422,Product_9422_0,home,974.3061332677801,84.01798609449226,pending,2024-08-17
9423,Product_9423_0,electronics,137.9113946313011,399.0215541844844,archived,2024-10-05
9424,Product_9424_0,home,379.21479682326657,447.5460352586156,inactive,2024-07-24
9425,Product_9425_0,books,271.7409617564452,478.93754748535633,active,2024-12-05
9426,Product_9426_0,books,932.8730480002324,222.0888850716716,archived,2024-06-12
9427,Product_9427_0,clothing,412.17773400083485,17.354542408699892,active,2024-11-03
9428,Product_9428_0,sports,6.833679759203105,189.8775586118482,inactive,2024-07-21
9429,Product_9429_0,electronics,257.2523720743316,172.412382416343,pending,2024-06-07
9430,Product_9430_0,books,229.11367534923016,414.9152939784543,inactive,2024-03-09
9431,Product_9431_0,clothing,389.56917752410004,196.36730800263513,active,2024-03-09
9432,Product_9432_0,electronics,361.30405707119104,343.24663103522926,pending,2024-02-23
9433,Product_9433_0,home,196.68488393198902,52.64796670452394,inactive,2024-11-22
9434,Product_9434_0,electronics,163.88674231412782,68.13250663649929,inactive,2024-07-13
9435,Product_9435_0,home,522.9933642351047,294.3012176502386,pending,2024-05-15
9436,Product_9436_0,books,591.8517495900151,191.31261648209963,archived,2024-09-02
9437,Product_9437_0,home,440.96709655427696,159.70485873295877,archived,2024-08-16
9438,Product_9438_0,sports,378.10404949060023,90.19391490272211,active,2024-03-09
9439,Product_9439_0,books,141.1852534658361,422.3838128667262,active,2024-09-05
9440,Product_9440_0,books,925.8596587526911,340.7006902608653,pending,2024-04-09
9441,Product_9441_0,books,21.80106311260613,279.3804575029288,archived,2024-01-18
9442,Product_9442_0,books,403.7440128547803,447.421923542936,inactive,2024-02-20
9443,Product_9443_0,clothing,396.3895093938878,300.9583191634109,archived,2024-12-17
9444,Product_9444_0,home,507.00555086252115,434.6770169287215,inactive,2024-12-16
9445,Product_9445_0,books,744.5545805048005,80.05600237302488,active,2024-10-17
9446,Product_9446_0,electronics,261.89004563036815,142.2933692871944,archived,2024-02-16
9447,Product_9447_0,clothing,480.6650807620107,103.3426868533238,archived,2024-05-15
9448,Product_9448_0,books,539.5959684508284,215.30852418022818,pending,2024-01-13
9449,Product_9449_0,books,730.6045481627923,309.1892854451781,archived,2024-07-10
9450,Product_9450_0,sports,344.009417149684,65.2410983443463,inactive,2024-07-10
9451,Product_9451_0,sports,639.8925624017028,326.64499601973785,active,2024-08-18
9452,Product_9452_0,books,981.0474981633943,142.20160639556752,pending,2024-03-24
9453,Product_9453_0,books,306.7290350856966,368.2057506460873,pending,2024-06-13
9454,Product_9454_0,clothing,199.78800591969696,299.1324333537695,archived,2024-06-22
9455,Product_9455_0,books,600.3497894940217,66.2682055809046,inactive,2024-10-05
9456,Product_9456_0,books,349.14163973413207,180.84371096978262,pending,2024-02-24
9457,Product_9457_0,home,923.752983372126,286.6598697143344,active,2024-09-22
9458,Product_9458_0,sports,325.24803978123725,185.74683665835022,pending,2024-07-09
9459,Product_9459_0,electronics,340.9479523978977,419.28085897441457,inactive,2024-02-01
9460,Product_9460_0,home,654.3183153270654,135.29000931776952,inactive,2024-12-14
9461,Product_9461_0,electronics,910.8922387539067,143.57698920010793,pending,2024-05-25
9462,Product_9462_0,home,685.0288846175484,196.30301816614275,active,2024-02-06
9463,Product_9463_0,electronics,365.91900546379634,74.52384057755165,active,2024-01-17
9464,Product_9464_0,clothing,712.4667910102661,174.5121595370224,pending,2024-06-16
9465,Product_9465_0,home,562.1244415999072,311.3484753981969,pending,2024-09-15
9466,Product_9466_0,electronics,528.2909575648839,157.56120103979083,archived,2024-07-21
9467,Product_9467_0,clothing,624.6535030513201,457.0335041612059,pending,2024-11-21
9468,Product_9468_0,home,975.4288418045015,75.25271389378328,pending,2024-02-13
9469,Product_9469_0,books,959.6400092127769,122.89446713527869,active,2024-03-11
9470,Product_9470_0,clothing,110.92583931168355,185.80431756774726,archived,2024-04-10
9471,Product_9471_0,clothing,345.58754921084847,23.742629890547754,archived,2024-11-10
9472,Product_9472_0,sports,745.9280860463117,315.4558337135052,active,2024-07-26
9473,Product_9473_0,books,64.97227624918428,51.681180003370436,archived,2024-08-08
9474,Product_9474_0,clothing,281.32340812811196,438.7802511278798,inactive,2024-08-27
9475,Product_9475_0,clothing,661.2512018424236,151.64041541723466,active,2024-07-24
9476,Product_9476_0,sports,268.75439362472673,241.44622206675933,pending,2024-07-14
9477,Product_9477_0,home,158.21204952220717,497.7074635353005,active,2024-04-06
9478,Product_9478_0,books,880.4844871566083,433.1648100493021,inactive,2024-10-24
9479,Product_9479_0,electronics,358.117545916692,434.7201193381002,archived,2024-05-18
9480,Product_9480_0,sports,887.966705709601,131.51560801595156,inactive,2024-03-05
9481,Product_9481_0,sports,959.9445184660703,128.59865401872005,pending,2024-01-06
9482,Product_9482_0,clothing,655.9636917921603,165.96828726570442,pending,2024-10-09
9483,Product_9483_0,books,735.8091554705226,155.68610438048455,active,2024-11-26
9484,Product_9484_0,books,975.6660530399482,486.02679204305304,pending,2024-04-25
9485,Product_9485_0,clothing,750.114403014284,128.5087981621163,active,2024-09-07
9486,Product_9486_0,home,812.2252914724273,264.7218429570105,pending,2024-05-05
9487,Product_9487_0,home,894.0411817230136,380.50367017286896,archived,2024-03-26
9488,Product_9488_0,home,773.5487387713423,199.64018065924003,archived,2024-05-23
9489,Product_9489_0,sports,29.624536939538824,465.1826396049408,pending,2024-10-13
9490,Product_9490_0,sports,417.1081558230311,404.7141639075104,active,2024-03-01
9491,Product_9491_0,sports,118.14672740649212,332.46413984060115,pending,2024-09-23
9492,Product_9492_0,electronics,830.7935329527686,390.4725745006879,pending,2024-08-10
9493,Product_9493_0,electronics,186.8730596960798,272.1192655553359,active,2024-04-10
9494,Product_9494_0,books,774.2362623465713,362.9506109215181,pending,2024-07-12
9495,Product_9495_0,electronics,693.2265203249394,446.25126473205125,archived,2024-08-09
9496,Product_9496_0,electronics,55.95822737887482,25.58293826627434,active,2024-11-07
9497,Product_9497_0,electronics,505.30558874680867,89.30294002808388,pending,2024-09-13
9498,Product_9498_0,books,444.38057180909306,211.77245500909817,inactive,2024-08-24
9499,Product_9499_0,electronics,823.7834688618331,142.53856418615638,active,2024-04-24
9500,Product_9500_0,electronics,616.8829337503984,103.14320974430251,active,2024-04-27
9501,Product_9501_0,books,666.0903381068391,69.78658826870985,active,2024-02-10
9502,Product_9502_0,sports,660.5192791508697,349.4775057402728,active,2024-07-03
9503,Product_9503_0,sports,164.68115621263465,233.2841419575748,pending,2024-12-14
9504,Product_9504_0,books,718.820632104994,136.483356768286,active,2024-04-09
9505,Product_9505_0,electronics,647.7841930093953,147.64059437024105,pending,2024-02-24
9506,Product_9506_0,electronics,410.44453830711865,295.3960038161637,archived,2024-05-13
9507,Product_9507_0,clothing,866.9837765091378,281.7129169207895,archived,2024-02-10
9508,Product_9508_0,electronics,368.0545665856336,47.155145522442574,inactive,2024-08-15
9509,Product_9509_0,sports,582.980374373515,289.7840114283008,active,2024-10-25
9510,Product_9510_0,clothing,38.71384998511329,164.15810908211262,inactive,2024-04-28
9511,Product_9511_0,books,392.73738978753164,388.16890584497486,active,2024-03-07
9512,Product_9512_0,books,834.4543939866237,497.0990009783451,active,2024-05-09
9513,Product_9513_0,electronics,685.8075914606718,392.0173729592803,pending,2024-12-01
9514,Product_9514_0,clothing,447.19145200222783,376.26937885110505,pending,2024-08-02
9515,Product_9515_0,home,403.6704316765956,268.8458859819316,inactive,2024-05-10
9516,Product_9516_0,clothing,972.1067789182615,479.73441921844386,pending,2024-07-28
9517,Product_9517_0,home,86.75617825313452,418.74621278617843,archived,2024-03-12
9518,Product_9518_0,clothing,946.0779292292849,247.8620813251313,active,2024-05-14
9519,Product_9519_0,books,720.3824499101454,205.0091377025796,inactive,2024-03-11
9520,Product_9520_0,electronics,408.96931810739085,157.9688115128263,pending,2024-10-05
9521,Product_9521_0,electronics,787.9767287757692,309.1314743760401,pending,2024-12-16
9522,Product_9522_0,sports,45.231044879359594,217.13226694256375,active,2024-06-22
9523,Product_9523_0,books,534.7485458738629,422.61623922688767,active,2024-02-25
9524,Product_9524_0,clothing,186.8609372027484,479.57457830039505,active,2024-02-24
9525,Product_9525_0,electronics,304.2994004154516,203.18736720577152,active,2024-06-07
9526,Product_9526_0,electronics,124.6370765709251,306.3726733373027,inactive,2024-03-17
9527,Product_9527_0,sports,153.55854019568002,74.35273802127979,inactive,2024-04-01
9528,Product_9528_0,home,105.91171085743433,184.51894741608663,archived,2024-07-25
9529,Product_9529_0,books,317.5944056668502,309.29377150193096,inactive,2024-08-12
9530,Product_9530_0,clothing,998.1996020325885,231.7371217366992,pending,2024-10-12
9531,Product_9531_0,clothing,642.1041300916593,383.9975811620208,pending,2024-02-06
9532,Product_9532_0,sports,184.76291814432776,32.50705674547804,active,2024-08-16
9533,Product_9533_0,clothing,410.45784547435204,99.69414941923755,pending,2024-02-10
9534,Product_9534_0,books,127.9908618699898,436.39689983400905,archived,2024-03-17
9535,Product_9535_0,electronics,369.1315771862174,486.3964913290391,inactive,2024-06-24
9536,Product_9536_0,books,931.1695133161827,327.1033433685552,active,2024-12-06
9537,Product_9537_0,books,545.3798484931034,307.14999297170954,active,2024-03-11
9538,Product_9538_0,home,988.4728095637143,429.5661847025993,pending,2024-04-07
9539,Product_9539_0,clothing,975.9576181045892,24.728380822336785,inactive,2024-04-07
9540,Product_9540_0,clothing,261.6668471251076,368.75819147214014,inactive,2024-05-02
9541,Product_9541_0,books,149.9605230755528,160.11462202393352,active,2024-07-15
9542,Product_9542_0,books,928.3156477202457,338.95782997371185,inactive,2024-06-28
9543,Product_9543_0,clothing,792.9146134504402,449.94843384053047,archived,2024-10-19
9544,Product_9544_0,sports,976.8875074432252,168.99817962448338,archived,2024-05-27
9545,Product_9545_0,home,644.3782712359612,189.3705908292868,archived,2024-07-03
9546,Product_9546_0,home,373.53261656629275,13.71478819839826,archived,2024-10-13
9547,Product_9547_0,books,186.48071881271133,299.6153161065746,active,2024-06-12
9548,Product_9548_0,clothing,180.9011678349575,122.61087866974144,pending,2024-11-13
9549,Product_9549_0,books,958.7459581311936,376.08538541783537,active,2024-12-10
9550,Product_9550_0,home,75.09433209592429,473.4700472206826,active,2024-04-06
9551,Product_9551_0,electronics,292.64782238425056,179.95658632796838,archived,2024-05-12
9552,Product_9552_0,sports,840.7684805460099,376.7169913937288,inactive,2024-10-15
9553,Product_9553_0,electronics,718.5601841033864,301.6081438826388,archived,2024-05-14
9554,Product_9554_0,sports,799.7443987335694,417.68067045156477,archived,2024-07-27
9555,Product_9555_0,home,572.3147293087056,58.44903567090452,pending,2024-11-13
9556,Product_9556_0,clothing,201.52650133253294,288.6714477597417,inactive,2024-08-12
9557,Product_9557_0,clothing,495.2197283296894,86.19016083269855,inactive,2024-05-11
9558,Product_9558_0,sports,875.6618164514363,255.8664284217014,inactive,2024-02-02
9559,Product_9559_0,clothing,525.6209719085484,419.7969929866573,pending,2024-12-13
9560,Product_9560_0,electronics,165.9133708803014,297.7981956108166,pending,2024-03-01
9561,Product_9561_0,clothing,19.148251899513003,417.05566530376177,active,2024-12-07
9562,Product_9562_0,books,361.60998694443504,382.43373747089817,pending,2024-12-19
9563,Product_9563_0,books,384.48923240294334,497.7724684845448,pending,2024-08-09
9564,Product_9564_0,books,982.9483166386741,297.83309216402705,archived,2024-06-13
9565,Product_9565_0,sports,99.35641321179682,404.08872902470193,pending,2024-04-18
9566,Product_9566_0,electronics,104.92193344959095,208.3515608416773,inactive,2024-06-23
9567,Product_9567_0,electronics,832.6958346961637,448.6783831520506,archived,2024-04-11
9568,Product_9568_0,home,392.3299340683568,324.5020372822587,active,2024-07-22
9569,Product_9569_0,home,923.8056329145005,312.51243607690606,pending,2024-04-28
9570,Product_9570_0,sports,765.8751357678769,101.79672811684969,pending,2024-08-28
9571,Product_9571_0,sports,760.9180696252545,475.32116996693344,active,2024-04-18
9572,Product_9572_0,electronics,15.15117771638417,335.8959564771832,inactive,2024-04-13
9573,Product_9573_0,sports,710.4048934893918,22.120548130987913,pending,2024-09-11
9574,Product_9574_0,sports,673.4643387540203,277.8071898614692,inactive,2024-12-13
9575,Product_9575_0,sports,898.580152400563,36.43027786438866,inactive,2024-03-12
9576,Product_9576_0,books,764.1266884569737,430.2652022808604,archived,2024-08-26
9577,Product_9577_0,sports,262.56351802928117,285.80188096968817,active,2024-12-23
9578,Product_9578_0,home,879.4864181312645,71.26264026037107,archived,2024-06-03
9579,Product_9579_0,home,108.82775134726471,409.6378264804444,inactive,2024-05-23
9580,Product_9580_0,sports,316.7210397276043,318.82505305971705,archived,2024-09-14
9581,Product_9581_0,clothing,831.1926949587396,491.73519779626986,inactive,2024-09-01
9582,Product_9582_0,books,834.4034006991684,143.24140399157602,pending,2024-02-14
9583,Product_9583_0,electronics,946.4679727432538,366.185840398365,inactive,2024-06-14
9584,Product_9584_0,home,248.6051799180495,237.07878313697856,inactive,2024-06-19
9585,Product_9585_0,electronics,945.1015325889425,423.138885637661,active,2024-03-01
9586,Product_9586_0,electronics,309.88567686600857,136.5675548319643,active,2024-04-28
9587,Product_9587_0,home,917.2902238826629,68.90773841663415,inactive,2024-09-27
9588,Product_9588_0,electronics,278.11900234260645,153.15876378760493,archived,2024-01-07
9589,Product_9589_0,sports,652.0696141665086,94.30450949307384,inactive,2024-07-07
9590,Product_9590_0,books,951.5482123697352,23.15450617474717,active,2024-09-11
9591,Product_9591_0,clothing,599.1747648367955,352.47579231241616,archived,2024-02-17
9592,Product_9592_0,books,397.29789736724774,104.21037430169773,pending,2024-02-09
9593,Product_9593_0,clothing,464.8223345155672,268.8262661478677,archived,2024-01-17
9594,Product_9594_0,home,149.61108592338985,254.62673246361524,archived,2024-12-01
9595,Product_9595_0,clothing,439.61123917008473,487.4795830200185,archived,2024-03-22
9596,Product_9596_0,clothing,700.5168696019336,385.18237090145857,inactive,2024-04-28
9597,Product_9597_0,sports,870.192001215594,380.81546604430787,archived,2024-07-12
9598,Product_9598_0,sports,587.2017732323473,496.4900697092815,pending,2024-02-11
9599,Product_9599_0,clothing,373.5473227286377,325.8354368771212,active,2024-05-14
9600,Product_9600_0,electronics,246.27726109327295,480.2840021877524,archived,2024-11-11
9601,Product_9601_0,sports,765.4256610468069,470.7281276827392,inactive,2024-09-22
9602,Product_9602_0,electronics,66.73565778670476,163.5170851424666,inactive,2024-09-18
9603,Product_9603_0,home,185.89230559220067,468.40238039914715,inactive,2024-01-17
9604,Product_9604_0,home,837.1285450285826,329.1762824220255,inactive,2024-06-10
9605,Product_9605_0,books,879.7505246270506,412.5537177417952,active,2024-12-15
9606,Product_9606_0,sports,206.25833625005944,370.0746658241056,pending,2024-02-18
9607,Product_9607_0,books,268.9589350996595,372.30786231857195,pending,2024-12-03
9608,Product_9608_0,home,118.50466560918233,325.20398248063844,pending,2024-09-22
9609,Product_9609_0,clothing,498.1898875514213,109.5318121376684,inactive,2024-12-05
9610,Product_9610_0,sports,444.57077706958313,362.98019046626575,active,2024-07-13
9611,Product_9611_0,home,317.91519130201783,100.9730317983577,pending,2024-06-06
9612,Product_9612_0,clothing,900.8025316998635,192.01030823434078,archived,2024-12-06
9613,Product_9613_0,clothing,762.8868344804478,479.4674301857145,inactive,2024-10-17
9614,Product_9614_0,electronics,422.6993889203444,378.93136104965123,active,2024-08-04
9615,Product_9615_0,home,165.19665715767994,288.7198503869755,active,2024-03-14
9616,Product_9616_0,clothing,186.13067287459444,116.73138291598697,inactive,2024-05-24
9617,Product_9617_0,clothing,622.7724124079705,61.82051879279689,pending,2024-11-17
9618,Product_9618_0,sports,351.86572740014464,462.6696322205319,archived,2024-02-18
9619,Product_9619_0,clothing,370.52383363166825,489.45807213767756,active,2024-10-16
9620,Product_9620_0,home,207.32063613564642,152.05348014774438,pending,2024-11-14
9621,Product_9621_0,sports,860.146248157716,366.86319449661914,pending,2024-10-21
9622,Product_9622_0,clothing,861.1324219102271,229.6767235381172,active,2024-11-14
9623,Product_9623_0,sports,620.1676933541696,309.3105951524917,inactive,2024-08-06
9624,Product_9624_0,home,363.22691599087653,112.16277215108902,inactive,2024-12-02
9625,Product_9625_0,books,119.60802408913521,367.7514412657875,archived,2024-07-03
9626,Product_9626_0,home,744.511220851045,175.45108614975112,archived,2024-09-09
9627,Product_9627_0,clothing,14.923642813241495,31.897667125108153,inactive,2024-06-24
9628,Product_9628_0,clothing,737.2319880259013,278.4972395426992,inactive,2024-05-09
9629,Product_9629_0,clothing,455.2721765502307,182.95884077290626,archived,2024-05-01
9630,Product_9630_0,home,403.2174677820646,209.43303815006436,archived,2024-11-04
9631,Product_9631_0,books,83.19882132971865,132.90912830953425,archived,2024-07-26
9632,Product_9632_0,books,931.9455749308735,427.8444037388554,active,2024-07-13
9633,Product_9633_0,home,849.9060007701645,429.0337120303775,active,2024-02-26
9634,Product_9634_0,home,271.44191463945236,296.0070386280365,inactive,2024-06-16
9635,Product_9635_0,clothing,387.29276958977465,473.94385888204084,inactive,2024-06-15
9636,Product_9636_0,electronics,681.0296077735787,392.1021395859994,inactive,2024-12-03
9637,Product_9637_0,clothing,735.4754633262928,297.6483482711251,active,2024-02-19
9638,Product_9638_0,sports,151.68300295255403,310.7172735426678,active,2024-07-06
9639,Product_9639_0,home,862.8431306184799,44.06645822040082,archived,2024-05-15
9640,Product_9640_0,electronics,805.8182248967793,381.41916241149937,archived,2024-02-04
9641,Product_9641_0,electronics,634.988062362612,360.1188483508575,active,2024-04-21
9642,Product_9642_0,sports,202.19786224887162,64.40130922930754,inactive,2024-05-23
9643,Product_9643_0,home,889.9260324673892,237.7721573630727,archived,2024-02-25
9644,Product_9644_0,home,141.37540575398617,441.5200727793339,inactive,2024-02-17
9645,Product_9645_0,home,123.24290368887489,335.6920069717337,inactive,2024-12-03
9646,Product_9646_0,electronics,742.017494738741,36.896399770340466,archived,2024-10-21
9647,Product_9647_0,clothing,892.7825966708617,237.86747658659698,inactive,2024-08-25
9648,Product_9648_0,sports,867.3143929143074,337.24194394230557,inactive,2024-12-12
9649,Product_9649_0,clothing,549.1935558651128,168.31122252332236,active,2024-12-17
9650,Product_9650_0,home,705.1587701571957,413.149763301059,archived,2024-03-11
9651,Product_9651_0,home,243.76804904019497,412.2831236714828,inactive,2024-08-16
9652,Product_9652_0,home,585.5705318507956,75.96373956310372,archived,2024-10-07
9653,Product_9653_0,clothing,131.69404213163054,39.040119160052086,archived,2024-09-10
9654,Product_9654_0,clothing,7.93403416903861,89.20959635169118,active,2024-12-23
9655,Product_9655_0,electronics,947.1608899470104,481.77964387993933,active,2024-06-19
9656,Product_9656_0,books,492.81491000898495,309.2769964844395,pending,2024-06-17
9657,Product_9657_0,books,10.554885566873102,182.698514573472,active,2024-04-20
9658,Product_9658_0,clothing,805.9500945499292,260.6483984979534,pending,2024-10-02
9659,Product_9659_0,sports,512.9934400791669,143.27933316478968,active,2024-11-25
9660,Product_9660_0,home,226.64791509740564,297.8149363102536,archived,2024-11-20
9661,Product_9661_0,home,348.652855775623,212.59780529136583,pending,2024-02-21
9662,Product_9662_0,books,315.5911058750301,488.9090222538337,archived,2024-04-07
9663,Product_9663_0,sports,291.6192050669739,155.286227860399,pending,2024-06-16
9664,Product_9664_0,clothing,554.1398833101649,190.75237821929704,active,2024-11-20
9665,Product_9665_0,sports,408.9285121372367,361.49126402493454,inactive,2024-01-18
9666,Product_9666_0,sports,62.285797693020115,88.3103743552035,pending,2024-10-14
9667,Product_9667_0,home,836.7392998422349,273.61062528614127,active,2024-12-13
9668,Product_9668_0,home,236.62045665935545,167.22067211751255,pending,2024-04-22
9669,Product_9669_0,electronics,538.2222364403309,475.9490069143705,active,2024-11-23
9670,Product_9670_0,books,984.3634156455279,197.72503905727868,archived,2024-06-04
9671,Product_9671_0,books,50.07771727262654,402.94560168454024,archived,2024-05-20
9672,Product_9672_0,electronics,144.23767532347978,405.44503501415517,active,2024-12-04
9673,Product_9673_0,sports,955.329885104511,122.48029849120978,archived,2024-06-26
9674,Product_9674_0,books,546.6223251470961,434.0221524493185,inactive,2024-08-09
9675,Product_9675_0,sports,840.8183315811223,290.12835379333956,pending,2024-02-27
9676,Product_9676_0,books,482.04782507100424,343.0579694496363,pending,2024-08-14
9677,Product_9677_0,books,507.72225206548967,458.0365214903812,pending,2024-02-16
9678,Product_9678_0,electronics,483.2909906563719,417.7712107137738,inactive,2024-10-20
9679,Product_9679_0,sports,648.9876958838622,212.7209597046483,archived,2024-02-18
9680,Product_9680_0,sports,902.274903011402,452.1766210743887,pending,2024-02-28
9681,Product_9681_0,books,480.1004471820277,215.4064077099685,inactive,2024-01-27
9682,Product_9682_0,books,836.0340575318952,231.37926320652227,archived,2024-11-16
9683,Product_9683_0,books,71.95064524983363,201.47610895346972,pending,2024-08-17
9684,Product_9684_0,books,584.7317797746745,256.07873083251707,active,2024-01-11
9685,Product_9685_0,books,96.33976946952788,427.4624627160308,inactive,2024-07-02
9686,Product_9686_0,clothing,81.76290225253851,434.4647647190962,archived,2024-07-20
9687,Product_9687_0,electronics,249.91359006157643,485.5501242082274,archived,2024-01-22
9688,Product_9688_0,books,850.0046307258631,132.8883947593692,pending,2024-05-21
9689,Product_9689_0,sports,789.0828997119334,395.5881997602319,pending,2024-05-16
9690,Product_9690_0,electronics,682.1211611772859,52.67730374255629,active,2024-01-28
9691,Product_9691_0,books,666.0069559659548,28.25201328403257,pending,2024-06-14
9692,Product_9692_0,home,583.0576872178046,497.2123987315316,archived,2024-05-25
9693,Product_9693_0,sports,804.1932681225179,163.0639169657801,inactive,2024-01-17
9694,Product_9694_0,sports,751.76912285566,354.19858520469586,archived,2024-03-24
9695,Product_9695_0,home,16.01873973719042,66.37164810332311,inactive,2024-01-05
9696,Product_9696_0,clothing,253.54310881955098,320.5383722198251,active,2024-01-18
9697,Product_9697_0,home,389.4619633391547,271.18628746017555,active,2024-07-02
9698,Product_9698_0,home,474.2890220145086,280.58992853819615,archived,2024-11-26
9699,Product_9699_0,electronics,171.24335323249835,311.1530694443834,archived,2024-09-25
9700,Product_9700_0,electronics,417.869717469034,279.01631508368155,inactive,2024-04-28
9701,Product_9701_0,books,95.85597741360513,484.05066057421254,pending,2024-02-16
9702,Product_9702_0,clothing,313.2796949865601,345.1570641826885,active,2024-01-15
9703,Product_9703_0,books,434.22494186070884,149.5884618183126,inactive,2024-12-14
9704,Product_9704_0,sports,104.07159636586569,354.05961548518593,inactive,2024-06-12
9705,Product_9705_0,books,610.1720216017233,498.44692131429105,pending,2024-02-20
9706,Product_9706_0,sports,480.2198667700799,371.80024112391357,pending,2024-06-01
9707,Product_9707_0,electronics,257.25958531709347,477.0261832719165,active,2024-04-16
9708,Product_9708_0,sports,937.7973524908524,428.06574453181577,inactive,2024-03-11
9709,Product_9709_0,clothing,107.2978266739826,311.94794188041726,inactive,2024-03-18
9710,Product_9710_0,sports,705.1539047680633,297.83875416889424,archived,2024-07-12
9711,Product_9711_0,clothing,314.5349922274849,91.76464184896487,archived,2024-12-04
9712,Product_9712_0,books,623.6380378243691,266.5343966322526,pending,2024-07-01
9713,Product_9713_0,sports,208.7406058068513,181.70549899439732,inactive,2024-10-05
9714,Product_9714_0,sports,979.7967934881459,13.421695508578896,inactive,2024-08-09
9715,Product_9715_0,clothing,635.566105821892,460.63676023185025,pending,2024-02-20
9716,Product_9716_0,electronics,227.56003576670244,88.10428762860963,pending,2024-01-08
9717,Product_9717_0,sports,724.4713207300524,79.6829885478041,inactive,2024-02-11
9718,Product_9718_0,electronics,782.969050918113,261.5344116405073,archived,2024-07-25
9719,Product_9719_0,sports,991.5440066233658,70.854353326857,pending,2024-03-27
9720,Product_9720_0,electronics,13.566823304939033,81.24213837218463,active,2024-07-19
9721,Product_9721_0,books,98.70147981042219,174.2975973534852,active,2024-12-27
9722,Product_9722_0,clothing,635.7006197454391,331.7467452325365,active,2024-10-13
9723,Product_9723_0,books,809.3361298172478,150.1811548722086,pending,2024-03-22
9724,Product_9724_0,electronics,144.4011919887191,56.26229799838505,pending,2024-05-28
9725,Product_9725_0,sports,951.429433616467,395.95670374089985,pending,2024-07-15
9726,Product_9726_0,electronics,24.160594176923038,12.977627686363695,active,2024-02-16
9727,Product_9727_0,clothing,705.18786340677,74.2978992058642,active,2024-02-03
9728,Product_9728_0,electronics,981.6791215366358,102.65788522469106,inactive,2024-06-26
9729,Product_9729_0,electronics,322.9095597745578,354.3232909283329,active,2024-05-22
9730,Product_9730_0,books,212.63736988355154,231.2753863577143,inactive,2024-10-19
9731,Product_9731_0,electronics,219.24970946488116,214.58456926634463,pending,2024-11-09
9732,Product_9732_0,sports,231.75984811860667,345.0608818097643,pending,2024-11-15
9733,Product_9733_0,books,684.4803538938794,50.35754145804612,pending,2024-01-04
9734,Product_9734_0,home,876.0505427757357,417.53047807914646,active,2024-05-13
9735,Product_9735_0,books,929.3591901927374,69.19771921393333,active,2024-12-12
9736,Product_9736_0,home,541.4232058907246,336.500291942429,inactive,2024-08-12
9737,Product_9737_0,sports,932.743926828783,323.07701988450424,archived,2024-10-15
9738,Product_9738_0,clothing,198.32400834234738,197.28404577531072,active,2024-03-07
9739,Product_9739_0,home,406.58658622375367,438.9045383249478,inactive,2024-06-20
9740,Product_9740_0,books,445.7052998986927,175.70463306954517,archived,2024-05-16
9741,Product_9741_0,books,809.1300643459087,172.90939537262867,active,2024-08-25
9742,Product_9742_0,sports,470.84200681125105,246.79929331197758,archived,2024-07-11
9743,Product_9743_0,books,773.1784596774339,75.32925181068323,inactive,2024-01-25
9744,Product_9744_0,books,456.7181101046397,78.69220502353181,pending,2024-02-03
9745,Product_9745_0,electronics,101.50120802408384,436.7406070730565,pending,2024-02-27
9746,Product_9746_0,home,740.6130404004381,266.94512332014574,archived,2024-01-06
9747,Product_9747_0,home,745.2132071718551,216.35637453993536,inactive,2024-08-04
9748,Product_9748_0,books,970.0262803946518,331.89325319185747,archived,2024-08-10
9749,Product_9749_0,clothing,794.2677838599349,467.6684059712909,pending,2024-07-28
9750,Product_9750_0,clothing,493.29899941587786,483.0294042458518,archived,2024-09-05
9751,Product_9751_0,electronics,269.89712036452465,295.88127672023256,pending,2024-02-19
9752,Product_9752_0,sports,202.74719437019746,160.8701088183628,active,2024-04-01
9753,Product_9753_0,books,433.1163452999048,54.26490470135394,pending,2024-03-10
9754,Product_9754_0,clothing,494.3009639666298,207.7672842175495,pending,2024-02-21
9755,Product_9755_0,sports,924.3065595913778,170.60770245256438,inactive,2024-02-12
9756,Product_9756_0,clothing,46.93112203852302,62.33515611879508,pending,2024-05-12
9757,Product_9757_0,books,427.4778510348607,399.88729051482613,pending,2024-04-03
9758,Product_9758_0,books,183.50952488460987,41.970185895780865,active,2024-05-03
9759,Product_9759_0,books,96.48197439244827,278.36497960735534,active,2024-09-01
9760,Product_9760_0,home,275.0018477192736,331.35407496107575,archived,2024-01-19
9761,Product_9761_0,clothing,277.51079635317245,49.853882935565,pending,2024-09-06
9762,Product_9762_0,books,8.55596944087009,147.5030467603025,archived,2024-01-16
9763,Product_9763_0,clothing,251.12990022488935,455.4356483533539,pending,2024-09-10
9764,Product_9764_0,books,998.6273279565057,498.3111976555873,pending,2024-06-26
9765,Product_9765_0,clothing,685.6330593195094,261.2943979113239,archived,2024-06-01
9766,Product_9766_0,sports,491.7876031539498,479.3028821188547,archived,2024-03-23
9767,Product_9767_0,clothing,572.1207377956044,86.63500580822021,inactive,2024-04-26
9768,Product_9768_0,books,897.0086972463968,329.1419353115719,inactive,2024-04-11
9769,Product_9769_0,clothing,495.5915379043225,496.36424321055097,archived,2024-12-16
9770,Product_9770_0,books,857.30770715736,58.50087094408446,archived,2024-05-08
9771,Product_9771_0,home,323.5747550521995,399.72575390412874,active,2024-04-17
9772,Product_9772_0,clothing,183.83592279556484,61.03224319277029,inactive,2024-07-06
9773,Product_9773_0,books,797.173427215377,307.34350655990306,active,2024-02-07
9774,Product_9774_0,books,246.63832904497218,486.33308640783235,archived,2024-01-12
9775,Product_9775_0,electronics,881.8986999876375,188.60135557945128,inactive,2024-10-24
9776,Product_9776_0,electronics,66.96915280164384,425.50895732430854,archived,2024-01-03
9777,Product_9777_0,clothing,196.31386081157896,448.4936580289593,inactive,2024-07-25
9778,Product_9778_0,sports,619.0709199164795,264.54947542957854,archived,2024-11-23
9779,Product_9779_0,clothing,131.83151976923727,421.885531854124,inactive,2024-07-02
9780,Product_9780_0,electronics,602.7845532080468,281.14044553346514,inactive,2024-06-06
9781,Product_9781_0,sports,808.2131539593605,243.4349955422415,archived,2024-08-02
9782,Product_9782_0,electronics,457.20607198084076,239.59198279994982,pending,2024-02-08
9783,Product_9783_0,electronics,950.8957337379348,163.30952118428186,archived,2024-01-06
9784,Product_9784_0,books,721.3676706794773,443.94891652396683,active,2024-07-19
9785,Product_9785_0,sports,764.6364694698519,191.18671080226653,active,2024-05-06
9786,Product_9786_0,books,762.7434505810565,314.0058907528482,inactive,2024-06-07
9787,Product_9787_0,electronics,861.906770850709,140.27003289064714,archived,2024-04-20
9788,Product_9788_0,electronics,593.6976846903273,488.5108944298776,pending,2024-08-02
9789,Product_9789_0,home,702.8245785758088,414.4602756461691,active,2024-02-07
9790,Product_9790_0,sports,859.5393502383955,83.84555173889794,active,2024-11-26
9791,Product_9791_0,clothing,969.0454979349812,162.94696301732384,archived,2024-04-12
9792,Product_9792_0,clothing,524.4821051921286,57.174599538520205,active,2024-10-18
9793,Product_9793_0,books,374.1120575870375,141.5258275964973,active,2024-09-05
9794,Product_9794_0,electronics,639.6810063652127,434.34369846570263,archived,2024-04-10
9795,Product_9795_0,books,778.0743865403675,447.5537082035643,inactive,2024-07-01
9796,Product_9796_0,books,156.92472310945283,19.01479439955556,inactive,2024-04-21
9797,Product_9797_0,clothing,911.0607575214954,213.18622500867812,archived,2024-12-12
9798,Product_9798_0,home,493.87910676734884,280.4861294612893,inactive,2024-05-23
9799,Product_9799_0,books,167.7745849424838,35.13818939767987,active,2024-10-20
9800,Product_9800_0,home,582.0281326814873,203.1296422532565,pending,2024-03-23
9801,Product_9801_0,sports,674.6196209025713,126.9766956969658,inactive,2024-06-24
9802,Product_9802_0,books,591.1792919331758,190.46162787092342,pending,2024-08-15
9803,Product_9803_0,home,985.7057243986707,444.78890038938863,active,2024-07-08
9804,Product_9804_0,home,170.72047115843623,329.79777685904975,archived,2024-07-28
9805,Product_9805_0,clothing,15.292123846539845,83.20166278352036,archived,2024-02-25
9806,Product_9806_0,electronics,537.0084175334792,495.4095535447929,active,2024-12-16
9807,Product_9807_0,books,579.0190244691152,83.90110017601656,inactive,2024-07-22
9808,Product_9808_0,home,700.1475667622857,460.26643450558464,inactive,2024-03-11
9809,Product_9809_0,home,260.6473776456623,367.80683311389834,inactive,2024-06-11
9810,Product_9810_0,electronics,984.6704776303424,406.9045399417107,active,2024-01-01
9811,Product_9811_0,sports,390.5786674803309,257.80190934764346,pending,2024-06-15
9812,Product_9812_0,home,589.5322469432464,329.60359888433055,active,2024-07-17
9813,Product_9813_0,sports,825.511803471241,216.72097687983245,active,2024-09-04
9814,Product_9814_0,clothing,70.59392274214511,229.84557854428712,active,2024-06-24
9815,Product_9815_0,home,118.03603989736679,446.17286981098715,archived,2024-11-12
9816,Product_9816_0,books,455.8754430639727,284.82621584032677,active,2024-08-15
9817,Product_9817_0,electronics,4.314918692709202,130.27682495791805,inactive,2024-02-06
9818,Product_9818_0,sports,954.4492277231742,461.1013800947787,inactive,2024-08-08
9819,Product_9819_0,home,300.85703146389926,68.20415480690964,active,2024-06-04
9820,Product_9820_0,home,750.2298156560466,451.33980127381824,active,2024-02-10
9821,Product_9821_0,sports,718.2597080748111,66.81109562659034,inactive,2024-07-06
9822,Product_9822_0,electronics,20.73181380367816,47.15342135280831,active,2024-07-04
9823,Product_9823_0,home,444.3160736249446,283.5033183666451,active,2024-04-25
9824,Product_9824_0,sports,518.8095163145456,480.9701374011095,active,2024-04-13
9825,Product_9825_0,books,384.93682808336195,298.232406839455,inactive,2024-08-21
9826,Product_9826_0,books,945.1523763686732,385.9828196088631,inactive,2024-05-06
9827,Product_9827_0,home,776.1838529791772,95.85573998902635,active,2024-08-02
9828,Product_9828_0,electronics,334.868144614473,463.3915778538279,pending,2024-01-26
9829,Product_9829_0,sports,540.7637431616871,188.6982760528365,active,2024-03-18
9830,Product_9830_0,electronics,984.684171728009,363.4664177739076,inactive,2024-06-20
9831,Product_9831_0,clothing,886.1205451935779,68.9790722980351,active,2024-06-27
9832,Product_9832_0,electronics,287.03486258236757,479.48531358858486,archived,2024-02-24
9833,Product_9833_0,clothing,531.8469107851424,162.82793941455463,active,2024-08-03
9834,Product_9834_0,sports,830.9066554414202,430.6590744639336,archived,2024-12-22
9835,Product_9835_0,home,309.2858106883191,200.23998353540688,active,2024-06-16
9836,Product_9836_0,clothing,236.07709106144122,59.25339089044913,active,2024-02-14
9837,Product_9837_0,sports,869.1671267165647,52.16857000024934,inactive,2024-12-18
9838,Product_9838_0,clothing,796.2390572658577,56.638082433493864,active,2024-12-08
9839,Product_9839_0,clothing,212.9422680671214,372.621968877259,pending,2024-06-05
9840,Product_9840_0,sports,74.68086839471266,46.18122110203145,archived,2024-12-12
9841,Product_9841_0,sports,400.87138651226365,206.6676868192196,inactive,2024-11-24
9842,Product_9842_0,electronics,784.9670287009291,424.00117947892574,inactive,2024-03-17
9843,Product_9843_0,clothing,622.2825820165227,66.90308055424833,archived,2024-08-09
9844,Product_9844_0,home,192.6585467432303,89.49591817778769,archived,2024-12-05
9845,Product_9845_0,electronics,150.85093822295954,18.86187816522257,inactive,2024-12-07
9846,Product_9846_0,books,748.3406120485083,371.31113097403994,pending,2024-01-07
9847,Product_9847_0,books,353.2903822429509,222.04627902410914,active,2024-07-03
9848,Product_9848_0,electronics,880.2815943549273,338.75364838008545,archived,2024-05-07
9849,Product_9849_0,clothing,572.2362819435884,187.44885519965837,archived,2024-08-20
9850,Product_9850_0,home,587.2029007359426,34.72303327268284,pending,2024-11-03
9851,Product_9851_0,home,583.036946483143,119.96281797917268,archived,2024-10-28
9852,Product_9852_0,clothing,662.1696413961453,470.7027820014394,pending,2024-06-12
9853,Product_9853_0,books,766.680669714656,495.5359980197612,active,2024-08-09
9854,Product_9854_0,electronics,974.796494523214,247.3775829480632,pending,2024-01-26
9855,Product_9855_0,clothing,78.02883335662,18.164763569057126,active,2024-05-03
9856,Product_9856_0,clothing,68.4193838498164,166.85466490292384,pending,2024-09-12
9857,Product_9857_0,electronics,238.10088623221873,67.99146429362494,inactive,2024-11-16
9858,Product_9858_0,electronics,803.0914049707537,150.24138190966684,archived,2024-08-28
9859,Product_9859_0,clothing,683.3126855385038,157.90315882746225,pending,2024-11-14
9860,Product_9860_0,home,312.7362131185215,215.9569353807593,pending,2024-06-16
9861,Product_9861_0,home,322.8766719032557,417.48490492926726,pending,2024-10-19
9862,Product_9862_0,electronics,723.0422629515763,89.6742423062015,archived,2024-04-12
9863,Product_9863_0,electronics,947.1906657674374,41.35689146671105,pending,2024-09-25
9864,Product_9864_0,electronics,276.53392322872173,276.8930939906925,active,2024-02-12
9865,Product_9865_0,sports,690.2491059380485,96.8895567932435,inactive,2024-06-14
9866,Product_9866_0,electronics,742.4327763444513,471.63750585906587,inactive,2024-10-12
9867,Product_9867_0,electronics,518.8849993206362,168.35565459119846,archived,2024-03-14
9868,Product_9868_0,clothing,90.67967681503849,264.4445762952194,active,2024-03-15
9869,Product_9869_0,sports,814.3639502931903,183.94882698469632,inactive,2024-08-05
9870,Product_9870_0,sports,976.4947757138109,421.9363289562317,archived,2024-06-13
9871,Product_9871_0,home,297.7354076418351,99.74357792447205,inactive,2024-11-17
9872,Product_9872_0,sports,311.1348403541492,287.1549983444957,pending,2024-05-17
9873,Product_9873_0,electronics,976.7747801051773,385.50150050034534,archived,2024-08-04
9874,Product_9874_0,sports,12.988573647300598,433.99156388145667,active,2024-12-02
9875,Product_9875_0,electronics,288.2880459036284,30.693720836972457,active,2024-10-20
9876,Product_9876_0,electronics,727.3494366013449,411.7401400526486,pending,2024-05-15
9877,Product_9877_0,electronics,851.2876357057957,166.29777432948413,active,2024-07-15
9878,Product_9878_0,home,145.51506947223743,20.853316745373522,inactive,2024-07-27
9879,Product_9879_0,clothing,466.9416084972989,432.39537032237155,inactive,2024-02-09
9880,Product_9880_0,books,417.6747735666632,15.232702445224067,pending,2024-12-27
9881,Product_9881_0,home,687.3616358652268,84.75101344804489,pending,2024-08-07
9882,Product_9882_0,electronics,534.6830497950821,336.1207517095496,active,2024-11-14
9883,Product_9883_0,electronics,802.4436442232773,422.5240714607897,inactive,2024-02-23
9884,Product_9884_0,home,463.31631218484125,142.60865097206218,inactive,2024-01-24
9885,Product_9885_0,books,277.24345729518234,445.15778367057453,archived,2024-02-16
9886,Product_9886_0,electronics,671.7046308605902,380.3135766794577,active,2024-02-28
9887,Product_9887_0,electronics,388.0820148081073,125.40895626913341,inactive,2024-09-03
9888,Product_9888_0,clothing,235.9556286696136,225.95568102446921,pending,2024-11-25
9889,Product_9889_0,home,46.809540168350466,30.64039098964035,inactive,2024-08-12
9890,Product_9890_0,books,884.1299186608016,29.725478221421593,archived,2024-12-26
9891,Product_9891_0,clothing,112.84279934309427,168.4738378833099,archived,2024-04-13
9892,Product_9892_0,sports,375.21276106700054,234.67690713465112,archived,2024-03-24
9893,Product_9893_0,home,162.06286985212222,64.15312060640932,inactive,2024-04-19
9894,Product_9894_0,books,694.0331883901445,413.62297114919477,archived,2024-03-28
9895,Product_9895_0,books,666.3075437534068,373.811774768728,pending,2024-05-16
9896,Product_9896_0,clothing,724.1447394407159,351.99341367254397,active,2024-02-03
9897,Product_9897_0,clothing,938.7641482308164,467.54661562410854,pending,2024-06-08
9898,Product_9898_0,sports,575.6109296389377,108.59141140847181,inactive,2024-04-22
9899,Product_9899_0,books,378.33206233109115,127.963916214004,active,2024-04-08
9900,Product_9900_0,clothing,321.3649169787921,253.4170375564811,active,2024-11-09
9901,Product_9901_0,clothing,544.1655455497093,148.65010515059794,inactive,2024-03-03
9902,Product_9902_0,books,921.0907537146958,458.7006543002602,active,2024-08-02
9903,Product_9903_0,books,604.8497300055616,82.23419645812984,archived,2024-07-23
9904,Product_9904_0,electronics,893.4948307841864,197.6753171616172,archived,2024-05-28
9905,Product_9905_0,sports,170.6995507053806,234.1431069555934,active,2024-02-23
9906,Product_9906_0,sports,129.72315376380587,248.0993115894353,pending,2024-01-28
9907,Product_9907_0,sports,966.4304576740747,427.0081961413852,active,2024-10-28
9908,Product_9908_0,clothing,250.04130640427303,143.20522446245278,pending,2024-04-26
9909,Product_9909_0,clothing,188.3383035771315,360.04759744839373,archived,2024-09-03
9910,Product_9910_0,clothing,116.55311269060773,130.32131843684954,pending,2024-04-28
9911,Product_9911_0,books,974.2276704871579,417.5834824275436,active,2024-11-28
9912,Product_9912_0,clothing,498.7792095837046,299.9322505981467,pending,2024-07-12
9913,Product_9913_0,electronics,799.3527625547097,498.22560931147984,inactive,2024-07-19
9914,Product_9914_0,sports,803.571627417759,479.933554516378,pending,2024-03-08
9915,Product_9915_0,sports,961.2675047244952,165.90545616130478,archived,2024-08-16
9916,Product_9916_0,sports,54.94241226400751,268.1256880111653,pending,2024-12-28
9917,Product_9917_0,clothing,59.08326131654068,173.6966367452005,inactive,2024-08-26
9918,Product_9918_0,books,742.1065693476678,248.9127997450937,archived,2024-06-10
9919,Product_9919_0,sports,261.4723512410657,284.14141093002894,archived,2024-11-02
9920,Product_9920_0,sports,872.4076228083944,159.75953283815286,archived,2024-05-07
9921,Product_9921_0,electronics,462.601493416184,320.6668164058813,pending,2024-10-12
9922,Product_9922_0,clothing,304.6082717197152,179.6854397156406,pending,2024-08-07
9923,Product_9923_0,sports,916.2399165684543,288.5753373510001,pending,2024-10-17
9924,Product_9924_0,sports,111.63762765444302,496.5411780250115,active,2024-04-15
9925,Product_9925_0,clothing,739.2691927911992,351.8498338955167,archived,2024-05-06
9926,Product_9926_0,electronics,144.1097213195021,439.02993400322646,archived,2024-10-27
9927,Product_9927_0,sports,495.28840961908605,292.71366498817076,pending,2024-03-28
9928,Product_9928_0,books,436.85066156147417,471.3040577487292,archived,2024-10-02
9929,Product_9929_0,sports,609.7823077443379,474.18189059985593,active,2024-11-13
9930,Product_9930_0,home,507.2241602206045,438.87098988179883,inactive,2024-08-27
9931,Product_9931_0,books,586.4353392946967,164.32018974193065,inactive,2024-03-14
9932,Product_9932_0,home,923.4469678964723,28.86972750677677,active,2024-05-11
9933,Product_9933_0,home,450.37455723441917,120.79837649836234,inactive,2024-01-19
9934,Product_9934_0,clothing,95.00772177957491,390.50696568639114,archived,2024-04-04
9935,Product_9935_0,home,412.523383757467,328.37111461533806,pending,2024-01-18
9936,Product_9936_0,books,374.9191842553906,377.74325060541315,pending,2024-05-20
9937,Product_9937_0,home,605.1825594030419,50.4237863953225,inactive,2024-10-23
9938,Product_9938_0,clothing,128.43929385553497,376.0753642532274,active,2024-11-08
9939,Product_9939_0,books,189.26305106396322,396.619310372022,inactive,2024-12-28
9940,Product_9940_0,books,809.9109375341643,479.53053357583536,pending,2024-02-14
9941,Product_9941_0,books,20.906825453745796,453.7248218411016,active,2024-01-07
9942,Product_9942_0,home,102.65013765072378,401.19016871963544,active,2024-08-05
9943,Product_9943_0,electronics,738.0437418146838,175.97346628406612,inactive,2024-07-10
9944,Product_9944_0,books,612.7229727984948,149.12751393700103,active,2024-02-14
9945,Product_9945_0,sports,591.8004576729752,85.77462794580853,inactive,2024-01-07
9946,Product_9946_0,home,528.0976708927847,419.7448202582791,inactive,2024-04-03
9947,Product_9947_0,clothing,808.498776963265,390.6396454888701,active,2024-06-07
9948,Product_9948_0,sports,370.92128252003306,29.226248876763105,inactive,2024-08-03
9949,Product_9949_0,home,133.71019324082314,464.87333646311555,pending,2024-12-14
9950,Product_9950_0,electronics,96.91673296603892,293.40726291081893,active,2024-05-03
9951,Product_9951_0,electronics,153.84634837210743,269.9016570960692,pending,2024-05-20
9952,Product_9952_0,home,443.60417331444205,100.91536502221214,inactive,2024-10-23
9953,Product_9953_0,clothing,331.46841187174556,305.86492539204215,pending,2024-01-03
9954,Product_9954_0,electronics,517.1556500181446,32.30910495686286,active,2024-03-19
9955,Product_9955_0,home,923.8956157286493,91.42019247333597,inactive,2024-04-09
9956,Product_9956_0,electronics,605.9340273997224,364.9449383515432,active,2024-03-14
9957,Product_9957_0,home,563.3554100993931,46.454779334344565,archived,2024-02-10
9958,Product_9958_0,home,754.4879686883526,46.089363913879616,inactive,2024-09-06
9959,Product_9959_0,books,560.0563085037619,83.33273223091238,pending,2024-08-09
9960,Product_9960_0,books,512.2786205909986,189.4937224362411,active,2024-08-25
9961,Product_9961_0,clothing,885.4523364316938,284.7515170818365,active,2024-04-10
9962,Product_9962_0,home,719.1105531797551,216.12444847726374,active,2024-11-22
9963,Product_9963_0,home,697.541381488354,419.40007165256026,archived,2024-01-07
9964,Product_9964_0,home,911.3271220975344,447.7144737107606,pending,2024-01-15
9965,Product_9965_0,books,805.911265595779,148.21975713637846,inactive,2024-06-08
9966,Product_9966_0,clothing,71.22996249496079,64.26059638247152,inactive,2024-10-22
9967,Product_9967_0,home,855.7131287036207,369.0512793158298,active,2024-07-12
9968,Product_9968_0,home,981.5582835152269,387.0121760664081,active,2024-10-05
9969,Product_9969_0,sports,81.11052846526108,127.69202902843261,archived,2024-12-08
9970,Product_9970_0,home,239.40185360763653,376.27518896255356,pending,2024-12-18
9971,Product_9971_0,home,599.7979087235472,70.68967698464924,archived,2024-07-16
9972,Product_9972_0,home,842.3392417374357,218.45520668457306,active,2024-04-28
9973,Product_9973_0,books,133.02677691993597,185.29251339607598,pending,2024-12-20
9974,Product_9974_0,clothing,341.25944565761984,187.95453720978225,archived,2024-10-02
9975,Product_9975_0,sports,487.9853546217269,14.520876069614008,archived,2024-04-16
9976,Product_9976_0,home,602.1472365566573,469.9060133092121,active,2024-08-18
9977,Product_9977_0,sports,535.5869048894217,486.92446957089686,archived,2024-08-25
9978,Product_9978_0,sports,587.4061721148267,77.11737040782944,active,2024-10-21
9979,Product_9979_0,electronics,461.57979196641014,103.32128859536677,active,2024-12-07
9980,Product_9980_0,electronics,65.5797063146403,250.5958810627965,inactive,2024-02-14
9981,Product_9981_0,books,968.6987090599628,370.4540865352643,active,2024-01-18
9982,Product_9982_0,home,476.26792660580156,41.94668326829577,active,2024-11-20
9983,Product_9983_0,books,477.0752934265408,130.58252073192529,active,2024-10-10
9984,Product_9984_0,books,90.30967453806974,310.5344441345491,inactive,2024-03-06
9985,Product_9985_0,sports,303.8667431530689,399.99825180445464,inactive,2024-07-09
9986,Product_9986_0,sports,378.21835884404936,275.7103619500817,inactive,2024-01-20
9987,Product_9987_0,sports,687.3815838052897,351.7109288466248,active,2024-12-02
9988,Product_9988_0,electronics,336.9316792555518,278.92648751707196,pending,2024-10-15
9989,Product_9989_0,clothing,706.4552351291483,173.38798141619154,inactive,2024-11-01
9990,Product_9990_0,books,467.4179893353271,251.7922527827738,pending,2024-11-13
9991,Product_9991_0,home,426.2509558411153,378.9123847360152,pending,2024-10-27
9992,Product_9992_0,home,704.3969303662549,483.2412569470139,inactive,2024-01-06
9993,Product_9993_0,electronics,299.557224766188,76.0169004738047,pending,2024-05-28
9994,Product_9994_0,electronics,85.5371501477559,332.0383385404614,active,2024-04-07
9995,Product_9995_0,sports,931.0423782510562,14.450200386271419,archived,2024-10-17
9996,Product_9996_0,electronics,195.31817613059246,127.36996444034365,archived,2024-09-13
9997,Product_9997_0,sports,854.2941726399233,490.4959661126495,active,2024-04-02
9998,Product_9998_0,sports,588.9465046669653,48.85506088323951,archived,2024-07-22
9999,Product_9999_0,home,744.8920868971808,312.86203966716,archived,2024-09-21
