id,name,category,value,price,status,created_at
10000,Product_0_1,electronics,178.66809869419745,177.41732550983605,active,2024-10-08
10001,Product_1_1,clothing,746.388758461656,184.35604324193997,active,2024-08-20
10002,Product_2_1,home,289.85432959916665,279.2459945773723,inactive,2024-07-04
10003,Product_3_1,electronics,901.3367247511854,451.12054306315554,inactive,2024-09-27
10004,Product_4_1,sports,115.94121756897555,174.00408499238378,archived,2024-08-06
10005,Product_5_1,books,467.66383744102217,262.83701372733196,archived,2024-08-11
10006,Product_6_1,electronics,894.3312825731741,84.56334995913437,inactive,2024-10-21
10007,Product_7_1,clothing,930.251625294394,87.09399932155581,pending,2024-07-05
10008,Product_8_1,clothing,455.7135979777001,108.42546260806853,archived,2024-12-24
10009,Product_9_1,electronics,542.7776980705215,88.99498695896621,active,2024-10-18
10010,Product_10_1,sports,583.2904707227024,151.6299160310642,inactive,2024-06-12
10011,Product_11_1,home,759.1474965048964,375.19858998836725,active,2024-04-24
10012,Product_12_1,home,844.4719560021327,285.46948873208447,active,2024-03-09
10013,Product_13_1,home,280.04453668769787,482.4546843561355,archived,2024-09-16
10014,Product_14_1,books,38.382265750754264,44.32032656026627,pending,2024-10-04
10015,Product_15_1,clothing,899.9372695760774,46.38556269476458,pending,2024-12-02
10016,Product_16_1,home,24.686180010860742,196.75725889636604,pending,2024-11-11
10017,Product_17_1,sports,23.039262821441447,93.48106713642795,archived,2024-11-05
10018,Product_18_1,electronics,768.060509519918,240.0535165264514,active,2024-08-12
10019,Product_19_1,clothing,831.1795067110708,65.96379014223467,active,2024-10-20
10020,Product_20_1,home,572.9542840613423,107.71246821963736,pending,2024-09-19
10021,Product_21_1,home,875.0772397455627,429.93548979619686,inactive,2024-10-03
10022,Product_22_1,clothing,113.2749568757193,226.97824745781566,pending,2024-01-16
10023,Product_23_1,clothing,550.3419435508038,453.4474788930471,pending,2024-05-07
10024,Product_24_1,electronics,263.4797082503243,35.34153429447973,pending,2024-03-20
10025,Product_25_1,electronics,760.5991251465059,24.76774776454061,archived,2024-02-06
10026,Product_26_1,books,841.0752772501834,420.81517216210926,pending,2024-02-03
10027,Product_27_1,sports,688.5305529794507,259.86083452202934,active,2024-04-01
10028,Product_28_1,clothing,80.56592805731964,259.72572880385985,pending,2024-11-22
10029,Product_29_1,books,900.4785248451012,198.6533299106916,inactive,2024-08-14
10030,Product_30_1,home,912.4106727706389,288.3813728537469,archived,2024-02-03
10031,Product_31_1,books,463.88423191403535,151.09636081223758,archived,2024-07-15
10032,Product_32_1,books,188.4360911603549,409.6884693401708,archived,2024-01-24
10033,Product_33_1,sports,910.4507632442973,25.266949433008175,active,2024-08-17
10034,Product_34_1,sports,80.96409257481513,368.3904998880427,archived,2024-09-24
10035,Product_35_1,electronics,890.7824220758849,407.00180961854534,inactive,2024-03-25
10036,Product_36_1,books,978.0905908075667,486.3999648960589,archived,2024-02-03
10037,Product_37_1,books,229.57606241622184,395.61078933622304,inactive,2024-04-20
10038,Product_38_1,sports,962.7850508198874,483.437354229701,active,2024-06-08
10039,Product_39_1,books,518.2494538925025,455.8282228405847,active,2024-01-18
10040,Product_40_1,books,765.1494289625966,272.75978199038707,active,2024-01-16
10041,Product_41_1,books,426.1217992750335,30.384672901026757,active,2024-05-27
10042,Product_42_1,books,47.01557872680591,363.0924631039727,inactive,2024-04-18
10043,Product_43_1,sports,291.503085436678,236.90649607425243,active,2024-06-01
10044,Product_44_1,clothing,725.5466108483279,357.5799272606644,archived,2024-08-21
10045,Product_45_1,home,467.89784744568993,334.21894623631226,archived,2024-09-25
10046,Product_46_1,home,969.0838289284935,311.3497282613826,pending,2024-08-04
10047,Product_47_1,home,430.0993314953965,423.51521095147183,active,2024-12-04
10048,Product_48_1,clothing,99.45709731684657,436.6798123472912,active,2024-01-12
10049,Product_49_1,clothing,332.1134329223712,240.8197984427607,active,2024-05-18
10050,Product_50_1,clothing,551.7148609442113,178.9341652095192,inactive,2024-09-19
10051,Product_51_1,sports,406.77572643393967,10.650264701634974,pending,2024-01-03
10052,Product_52_1,home,438.7335548272961,163.3781874673864,pending,2024-08-19
10053,Product_53_1,clothing,486.62062589119995,258.8345755764338,inactive,2024-03-01
10054,Product_54_1,sports,198.4938191120361,67.99295468191315,pending,2024-06-03
10055,Product_55_1,books,259.54627725640603,135.7091827554799,active,2024-05-20
10056,Product_56_1,sports,436.86093923590624,49.46245320829412,pending,2024-11-19
10057,Product_57_1,sports,239.17722916322586,134.25742947803627,archived,2024-09-06
10058,Product_58_1,clothing,204.3168159270996,94.94856636322716,archived,2024-02-07
10059,Product_59_1,books,186.54725264633743,277.30826312202737,archived,2024-07-24
10060,Product_60_1,electronics,764.2472657824325,15.35611463699492,pending,2024-11-11
10061,Product_61_1,electronics,886.1845823015618,394.52207775063914,active,2024-05-08
10062,Product_62_1,electronics,19.456326524532358,333.15776619490765,archived,2024-04-21
10063,Product_63_1,books,410.70123078684486,488.63347543468717,pending,2024-06-22
10064,Product_64_1,clothing,461.6697797991027,150.76925851391366,archived,2024-04-26
10065,Product_65_1,electronics,425.44060955130556,59.41923989272717,inactive,2024-05-15
10066,Product_66_1,home,152.96563915664888,142.93696494543082,inactive,2024-10-16
10067,Product_67_1,clothing,541.2766489533544,192.05768713574614,inactive,2024-01-26
10068,Product_68_1,sports,116.83776579398204,257.11836777320843,inactive,2024-06-25
10069,Product_69_1,sports,153.68401423059223,339.5593165363608,active,2024-03-02
10070,Product_70_1,electronics,565.8618669045865,319.268062042142,inactive,2024-09-28
10071,Product_71_1,sports,751.260182759863,489.5452630761592,inactive,2024-12-21
10072,Product_72_1,sports,383.2360462690149,286.79936719406777,pending,2024-12-16
10073,Product_73_1,sports,838.6998630327519,235.0557605631336,pending,2024-04-02
10074,Product_74_1,home,86.5529167380657,473.83913992526163,active,2024-01-04
10075,Product_75_1,home,63.05231501622813,20.431974425626525,active,2024-12-19
10076,Product_76_1,electronics,581.2747404444951,256.8957699577643,pending,2024-05-13
10077,Product_77_1,sports,665.1299018400697,42.40675331022931,inactive,2024-10-27
10078,Product_78_1,clothing,670.2225991186331,79.04920710595843,inactive,2024-07-24
10079,Product_79_1,sports,502.53904551086526,49.99603006475645,inactive,2024-01-14
10080,Product_80_1,home,818.0330618024277,424.1325635657531,active,2024-03-25
10081,Product_81_1,books,538.7145755460467,345.36256780696766,pending,2024-05-28
10082,Product_82_1,sports,483.8011675641985,246.64137340958678,active,2024-07-19
10083,Product_83_1,home,898.9323915164031,418.87358498249097,active,2024-09-18
10084,Product_84_1,sports,865.2079233982747,454.0285965661246,inactive,2024-07-18
10085,Product_85_1,electronics,576.3741219833478,76.29778731056822,active,2024-11-18
10086,Product_86_1,sports,243.495039925481,339.80002270640335,inactive,2024-01-15
10087,Product_87_1,electronics,79.44495992996917,326.64258280968005,active,2024-10-17
10088,Product_88_1,clothing,637.414400617049,322.69854386224455,pending,2024-01-23
10089,Product_89_1,clothing,208.25355458285065,437.63025046630094,pending,2024-02-08
10090,Product_90_1,clothing,722.3322799766933,41.20341534183613,inactive,2024-06-12
10091,Product_91_1,electronics,898.7643769505644,261.7711496817206,pending,2024-06-16
10092,Product_92_1,electronics,999.2104722282319,226.36725040076726,pending,2024-01-06
10093,Product_93_1,home,60.31881727531592,379.2803543203969,archived,2024-03-08
10094,Product_94_1,sports,835.7049320323649,231.15889921011131,archived,2024-12-23
10095,Product_95_1,books,70.39181169211234,108.46279134729154,inactive,2024-11-20
10096,Product_96_1,books,433.42338292658445,484.47033800500407,active,2024-10-20
10097,Product_97_1,home,182.28567519809994,300.11839723254263,archived,2024-08-03
10098,Product_98_1,home,735.7604770049505,320.54966443382705,pending,2024-08-26
10099,Product_99_1,home,618.0313314304763,442.23473552302096,archived,2024-09-24
10100,Product_100_1,books,537.209662589673,123.276709098319,archived,2024-04-21
10101,Product_101_1,books,833.100170925346,262.2911655895415,pending,2024-12-23
10102,Product_102_1,electronics,513.1046091436632,138.3383711713771,archived,2024-06-01
10103,Product_103_1,clothing,421.9931344985979,394.1733377018972,inactive,2024-08-22
10104,Product_104_1,clothing,188.116158328281,92.33169318648716,pending,2024-08-14
10105,Product_105_1,home,615.4245303333578,385.59852979613703,archived,2024-11-21
10106,Product_106_1,sports,315.78683857520764,416.13446245340646,archived,2024-08-19
10107,Product_107_1,home,754.0841967119004,372.1169710807088,active,2024-06-03
10108,Product_108_1,electronics,539.3131354707424,57.03499666673282,active,2024-09-06
10109,Product_109_1,sports,13.306203319134063,107.14463237890739,archived,2024-05-24
10110,Product_110_1,clothing,577.2321868728284,254.78335974739426,pending,2024-03-17
10111,Product_111_1,books,760.94034114372,339.28737615761776,archived,2024-04-23
10112,Product_112_1,clothing,454.12989497679223,453.5045300584411,archived,2024-12-15
10113,Product_113_1,electronics,931.1337260959793,320.71154105576244,inactive,2024-06-14
10114,Product_114_1,sports,421.85449543610554,411.69760305898166,archived,2024-05-10
10115,Product_115_1,home,603.050348183498,350.67575894559104,active,2024-05-22
10116,Product_116_1,books,431.34827446471377,75.06864156025381,pending,2024-05-10
10117,Product_117_1,electronics,792.5438608158929,492.69789428205405,archived,2024-06-28
10118,Product_118_1,home,747.553966403847,243.92056013200443,active,2024-04-15
10119,Product_119_1,electronics,449.67605664519783,483.67753925605547,inactive,2024-02-17
10120,Product_120_1,clothing,212.69254710118867,405.30361183013105,pending,2024-10-01
10121,Product_121_1,home,420.82542153940176,451.0880370867066,pending,2024-03-14
10122,Product_122_1,books,522.290731612578,397.5077296233415,pending,2024-11-15
10123,Product_123_1,books,878.3192354388877,432.2744985425292,pending,2024-03-26
10124,Product_124_1,home,609.979687768566,165.20319086491136,pending,2024-10-04
10125,Product_125_1,home,111.0936766030892,376.4619705163322,active,2024-09-20
10126,Product_126_1,clothing,775.3153197346646,60.894946229392566,pending,2024-08-17
10127,Product_127_1,electronics,126.57068438142828,197.08041335176614,pending,2024-12-06
10128,Product_128_1,books,6.049054372579189,475.9998590529734,active,2024-08-10
10129,Product_129_1,electronics,198.8003297252987,316.8169719072124,pending,2024-11-04
10130,Product_130_1,sports,577.9828620727961,402.55968229785424,inactive,2024-03-14
10131,Product_131_1,clothing,738.1981266858083,287.8004251348406,active,2024-07-13
10132,Product_132_1,sports,836.081353563368,256.816953340801,pending,2024-05-14
10133,Product_133_1,clothing,491.87934344211806,35.576663960262074,archived,2024-06-13
10134,Product_134_1,books,161.21324065429965,177.5752653133823,pending,2024-12-15
10135,Product_135_1,home,790.3293801308831,343.31955473118023,inactive,2024-04-14
10136,Product_136_1,clothing,813.0453890941235,319.2995737002388,active,2024-09-13
10137,Product_137_1,clothing,177.57925926694116,405.0583436798158,pending,2024-04-01
10138,Product_138_1,home,288.1012416423061,40.9327598548161,pending,2024-11-24
10139,Product_139_1,books,303.7506314951264,461.172794006812,active,2024-08-03
10140,Product_140_1,sports,637.4004543240358,319.1735819739755,active,2024-11-08
10141,Product_141_1,books,91.66024181139632,350.9056938938872,active,2024-03-20
10142,Product_142_1,books,368.0482885901113,293.6713056450815,pending,2024-07-05
10143,Product_143_1,home,307.6780054064385,225.79535511750262,pending,2024-10-19
10144,Product_144_1,books,280.5769862293904,352.5914097997961,pending,2024-10-13
10145,Product_145_1,books,519.7224105823743,358.67880996516845,active,2024-09-16
10146,Product_146_1,home,797.6972071172809,491.2279230335528,inactive,2024-05-19
10147,Product_147_1,books,724.9622281999766,391.7848627193394,archived,2024-10-14
10148,Product_148_1,books,209.0073476736198,351.89982435562393,active,2024-01-23
10149,Product_149_1,electronics,96.38500536927113,432.5325744984843,archived,2024-01-01
10150,Product_150_1,home,194.79878270666862,439.0816462388886,archived,2024-12-15
10151,Product_151_1,home,220.10012016677106,368.98565716793047,archived,2024-05-20
10152,Product_152_1,books,689.0661414844938,344.956739145702,archived,2024-07-28
10153,Product_153_1,home,741.0017951933653,240.80368428357662,inactive,2024-01-24
10154,Product_154_1,books,800.1014556276547,261.02897611780946,pending,2024-02-10
10155,Product_155_1,home,83.46732620127064,215.70278271922982,inactive,2024-05-15
10156,Product_156_1,clothing,914.0054063172133,299.8698476070929,active,2024-02-03
10157,Product_157_1,books,810.6394260610095,160.7895934590127,inactive,2024-03-16
10158,Product_158_1,clothing,862.515711064502,218.4327078179682,pending,2024-12-20
10159,Product_159_1,electronics,992.7976503529152,379.2697772124101,inactive,2024-06-14
10160,Product_160_1,electronics,140.19823728257748,47.952368640799655,pending,2024-08-28
10161,Product_161_1,electronics,846.2741770009145,300.68511937595554,active,2024-11-07
10162,Product_162_1,home,986.6682089055082,257.60263138304117,pending,2024-03-03
10163,Product_163_1,home,823.2974405908154,351.03653465774477,inactive,2024-05-28
10164,Product_164_1,home,854.8356027618265,400.72738293540147,archived,2024-05-20
10165,Product_165_1,electronics,545.3330866048997,421.4646330870845,active,2024-10-06
10166,Product_166_1,books,472.4464034041384,443.9555099755366,active,2024-02-04
10167,Product_167_1,electronics,969.9328530464516,341.53496193235924,inactive,2024-08-22
10168,Product_168_1,electronics,289.41479449640025,84.65500008965262,active,2024-02-10
10169,Product_169_1,books,502.9804446959784,206.15716216170915,pending,2024-07-17
10170,Product_170_1,home,194.5829440377605,304.88637104754844,pending,2024-04-06
10171,Product_171_1,electronics,544.3029300660532,495.9202341463564,pending,2024-11-23
10172,Product_172_1,home,626.2404154082833,366.00397436694607,archived,2024-06-11
10173,Product_173_1,electronics,280.597116433262,33.96271065761351,active,2024-10-08
10174,Product_174_1,electronics,460.0982780975617,368.2030837184409,inactive,2024-04-18
10175,Product_175_1,books,256.7322238691451,395.53362079021184,inactive,2024-11-24
10176,Product_176_1,home,223.7617402868463,179.07597389824662,inactive,2024-02-22
10177,Product_177_1,books,553.509322184375,343.44924716201547,active,2024-01-03
10178,Product_178_1,electronics,677.2978330030606,397.78113869783954,inactive,2024-06-11
10179,Product_179_1,books,755.0394419008032,406.1859334513138,active,2024-03-24
10180,Product_180_1,home,934.6977200349353,70.90954778647381,inactive,2024-07-16
10181,Product_181_1,electronics,406.3424962493114,138.97128205999516,archived,2024-09-05
10182,Product_182_1,books,915.4989129613916,339.8674018788978,inactive,2024-11-23
10183,Product_183_1,home,766.8067819268216,205.840963078842,inactive,2024-12-19
10184,Product_184_1,electronics,458.61480042590966,236.210716404138,archived,2024-06-15
10185,Product_185_1,electronics,151.36929501454145,458.40726476265684,pending,2024-08-19
10186,Product_186_1,electronics,858.2877026181442,264.1149077421678,archived,2024-09-03
10187,Product_187_1,sports,565.707090851518,87.36655312235399,archived,2024-07-21
10188,Product_188_1,sports,68.61772495603202,118.92813938932916,inactive,2024-11-09
10189,Product_189_1,books,837.5983493526372,194.1376238181578,inactive,2024-05-12
10190,Product_190_1,sports,817.4748546822215,29.213744565636556,inactive,2024-07-12
10191,Product_191_1,sports,165.14680609547042,110.96127525807802,active,2024-04-20
10192,Product_192_1,books,492.7220358252915,383.2099625916125,pending,2024-09-08
10193,Product_193_1,books,435.8036422939177,451.29627826866215,inactive,2024-06-06
10194,Product_194_1,sports,825.8532120886562,48.06417940887028,archived,2024-02-04
10195,Product_195_1,electronics,597.2907328592765,39.81627850749925,inactive,2024-09-15
10196,Product_196_1,home,942.2785569963288,434.5173411136124,archived,2024-03-14
10197,Product_197_1,books,609.4179402833131,358.2298795289763,active,2024-12-10
10198,Product_198_1,clothing,313.6494017767372,382.8033335922691,active,2024-11-22
10199,Product_199_1,home,823.0434702320091,404.68296507898594,inactive,2024-02-25
10200,Product_200_1,electronics,225.6308897533984,458.90959515446855,active,2024-12-28
10201,Product_201_1,electronics,327.8838558045969,354.4176602329192,archived,2024-07-26
10202,Product_202_1,books,59.642743340406824,309.00572550466944,pending,2024-09-13
10203,Product_203_1,electronics,779.933288919094,411.16508467311445,active,2024-02-10
10204,Product_204_1,sports,652.896766685651,197.06205832532234,archived,2024-08-27
10205,Product_205_1,electronics,198.82276067300043,301.22605998225515,pending,2024-10-13
10206,Product_206_1,clothing,858.3166069737962,123.58917883984816,pending,2024-12-03
10207,Product_207_1,books,235.60490626192262,38.71409505851841,pending,2024-08-18
10208,Product_208_1,sports,924.5907461025063,223.68567132671743,archived,2024-12-21
10209,Product_209_1,books,626.4293954010723,17.56301252922439,inactive,2024-09-06
10210,Product_210_1,books,97.38592922811272,308.2638331296837,inactive,2024-10-04
10211,Product_211_1,clothing,78.33164097607899,280.5900742217677,inactive,2024-10-12
10212,Product_212_1,electronics,36.24552163589354,362.717900167286,active,2024-07-11
10213,Product_213_1,clothing,378.65989642477723,121.35331900043737,active,2024-12-11
10214,Product_214_1,sports,891.831997098862,252.68198206489922,active,2024-09-18
10215,Product_215_1,sports,67.51257657278684,304.82958736341106,inactive,2024-05-11
10216,Product_216_1,sports,328.18476737682994,447.75318928514076,archived,2024-05-09
10217,Product_217_1,home,777.5010378670283,260.28097916533886,inactive,2024-02-06
10218,Product_218_1,sports,42.13220922444079,307.29212300584163,active,2024-01-10
10219,Product_219_1,clothing,974.5906759096325,400.49369524769963,inactive,2024-08-24
10220,Product_220_1,books,538.060182153781,264.86107449877517,archived,2024-03-05
10221,Product_221_1,home,224.52915181015499,177.85131250576097,inactive,2024-06-10
10222,Product_222_1,home,70.12067396179735,65.40470712214062,archived,2024-09-19
10223,Product_223_1,books,412.6864537245217,240.51805716355491,pending,2024-08-13
10224,Product_224_1,electronics,556.2287162177581,250.5663110662711,inactive,2024-02-07
10225,Product_225_1,electronics,799.9578843002714,381.18881239419113,active,2024-09-22
10226,Product_226_1,home,799.6129578726491,37.51787687867649,active,2024-08-13
10227,Product_227_1,home,72.92054997184091,450.42542225141597,inactive,2024-04-08
10228,Product_228_1,clothing,124.09529734426931,348.5509181948119,archived,2024-03-23
10229,Product_229_1,sports,187.6130004334081,131.78798808128778,archived,2024-01-12
10230,Product_230_1,books,57.2842400792635,59.70711009770471,archived,2024-12-07
10231,Product_231_1,home,405.1430804176866,41.70034396564154,active,2024-01-18
10232,Product_232_1,electronics,454.25035803992205,27.656126724278717,active,2024-04-17
10233,Product_233_1,home,782.2524360032907,221.7796602656938,inactive,2024-10-23
10234,Product_234_1,clothing,159.0302900767046,178.9875686081776,active,2024-10-23
10235,Product_235_1,electronics,955.8785853873918,292.5265221306503,archived,2024-04-06
10236,Product_236_1,electronics,922.8301539364609,461.186107071164,pending,2024-05-09
10237,Product_237_1,sports,784.2843320299696,240.91100284923183,inactive,2024-01-14
10238,Product_238_1,sports,221.27853046289948,240.44127919250607,pending,2024-05-15
10239,Product_239_1,electronics,880.6158707303977,379.8444591520587,active,2024-05-28
10240,Product_240_1,electronics,199.33262694408916,442.7197913497961,archived,2024-04-18
10241,Product_241_1,clothing,818.596792742077,162.28003417210323,pending,2024-08-24
10242,Product_242_1,books,191.44502137723882,373.2217866744572,active,2024-11-22
10243,Product_243_1,sports,904.6337200593899,134.6161335501273,active,2024-08-12
10244,Product_244_1,sports,896.7545649736461,446.21436603642866,active,2024-09-06
10245,Product_245_1,home,987.843074713963,478.4302894915656,active,2024-09-27
10246,Product_246_1,sports,365.0834617941161,451.37386589408237,archived,2024-04-27
10247,Product_247_1,home,863.7165971820846,101.93910037241474,inactive,2024-07-12
10248,Product_248_1,electronics,52.09417098171532,186.91000311348017,archived,2024-01-25
10249,Product_249_1,books,325.4905125813922,240.6956146347104,pending,2024-02-01
10250,Product_250_1,sports,896.8972902964946,63.667184772781034,archived,2024-05-22
10251,Product_251_1,home,863.9391772882187,269.16994103962685,active,2024-10-02
10252,Product_252_1,electronics,618.513485838351,401.9388279472771,inactive,2024-06-11
10253,Product_253_1,electronics,487.0881594936691,145.9870148545734,inactive,2024-04-22
10254,Product_254_1,sports,231.60188999349626,353.3659528476886,inactive,2024-10-22
10255,Product_255_1,books,460.28584237258247,263.26927166512615,archived,2024-09-24
10256,Product_256_1,books,530.5232354168678,474.31923848353995,pending,2024-12-12
10257,Product_257_1,books,690.2783369425374,439.6282262897172,archived,2024-12-20
10258,Product_258_1,books,668.9818032084385,83.1382994442277,active,2024-02-12
10259,Product_259_1,sports,265.84631446680686,33.303189159301645,inactive,2024-09-08
10260,Product_260_1,sports,562.8507812358031,426.03141003718633,pending,2024-11-01
10261,Product_261_1,electronics,661.0104929309375,223.84429201395807,pending,2024-06-10
10262,Product_262_1,books,561.4973050942502,112.68482562729771,archived,2024-09-14
10263,Product_263_1,sports,53.72624197103278,331.60229386166975,archived,2024-09-26
10264,Product_264_1,electronics,849.1003503939922,157.85682225002634,inactive,2024-04-17
10265,Product_265_1,clothing,94.76604582814139,249.65768165118578,active,2024-02-12
10266,Product_266_1,clothing,260.7432589586261,477.0723450001402,inactive,2024-03-22
10267,Product_267_1,sports,504.2600710623832,274.12490085203507,pending,2024-03-01
10268,Product_268_1,books,812.2155460170638,343.55366790438734,archived,2024-02-22
10269,Product_269_1,electronics,267.4631838490194,354.80348384372877,inactive,2024-09-06
10270,Product_270_1,sports,930.863952527693,402.95371811611386,archived,2024-09-23
10271,Product_271_1,sports,428.46389647030577,339.0627985533965,archived,2024-02-18
10272,Product_272_1,home,965.5837073438635,147.1409540803444,active,2024-05-02
10273,Product_273_1,books,332.09173252043536,342.976869677957,archived,2024-04-21
10274,Product_274_1,home,727.524730067405,347.5914369711044,archived,2024-06-17
10275,Product_275_1,sports,94.9742030628065,466.1490711316298,archived,2024-05-06
10276,Product_276_1,electronics,930.7746450674833,442.43136020958434,archived,2024-10-06
10277,Product_277_1,clothing,79.99924971069399,81.03430214968492,pending,2024-09-19
10278,Product_278_1,clothing,922.9731046570845,29.231941730264523,active,2024-03-27
10279,Product_279_1,books,918.8352668640333,96.83240344573024,archived,2024-09-18
10280,Product_280_1,home,578.1363226560263,346.5071382590396,active,2024-07-17
10281,Product_281_1,home,60.277534241811146,289.59230648120814,inactive,2024-08-18
10282,Product_282_1,sports,13.935333863077478,103.13751451747905,archived,2024-07-19
10283,Product_283_1,home,211.91485985812628,493.81459313044263,active,2024-10-23
10284,Product_284_1,clothing,608.4154622319807,269.9608434873474,pending,2024-06-23
10285,Product_285_1,electronics,423.87595716934237,196.76548927044047,archived,2024-04-15
10286,Product_286_1,home,106.80745281615071,264.6777826268677,pending,2024-12-28
10287,Product_287_1,home,236.35941385345302,147.65274296686894,pending,2024-03-16
10288,Product_288_1,home,543.4641766553013,40.6077252776644,inactive,2024-03-16
10289,Product_289_1,sports,760.5401942437486,224.53710949507632,inactive,2024-03-14
10290,Product_290_1,clothing,70.19814472752769,248.7421202170964,archived,2024-06-23
10291,Product_291_1,home,622.7202104299693,184.45544159156918,inactive,2024-09-16
10292,Product_292_1,books,690.6789548181722,227.9588812379952,inactive,2024-02-04
10293,Product_293_1,clothing,78.83230668570796,125.25710949594334,pending,2024-04-13
10294,Product_294_1,home,695.168402580736,243.6028644123447,active,2024-02-26
10295,Product_295_1,home,490.3084904681875,358.6629438731005,archived,2024-12-25
10296,Product_296_1,clothing,497.29302617415755,430.34750716797674,active,2024-07-09
10297,Product_297_1,electronics,338.598769208475,343.31559606323634,archived,2024-04-15
10298,Product_298_1,books,188.49630136879372,257.3167128696143,inactive,2024-09-09
10299,Product_299_1,clothing,692.8570589854401,446.7643374031537,inactive,2024-06-10
10300,Product_300_1,clothing,737.5870777385912,35.448230558210966,active,2024-03-17
10301,Product_301_1,electronics,449.25347141081926,428.0809976332295,active,2024-10-19
10302,Product_302_1,sports,154.2699716097133,393.12521192486366,archived,2024-05-24
10303,Product_303_1,books,863.562854139572,149.91466481771735,pending,2024-03-01
10304,Product_304_1,clothing,729.2091931254639,427.4577387110054,pending,2024-05-22
10305,Product_305_1,home,898.3588055814611,351.81312309425647,active,2024-06-22
10306,Product_306_1,home,849.9606553835654,113.62844595710222,inactive,2024-09-16
10307,Product_307_1,books,267.85847542123685,303.09873346943994,pending,2024-08-17
10308,Product_308_1,home,944.8914115541078,490.4132952300715,archived,2024-04-14
10309,Product_309_1,home,795.5576742454003,407.39569447451595,active,2024-06-22
10310,Product_310_1,books,49.728529346314566,268.8506212249294,archived,2024-08-07
10311,Product_311_1,home,248.5124523089334,447.32212159450796,archived,2024-09-04
10312,Product_312_1,electronics,354.8063943166682,67.84542835681296,active,2024-01-14
10313,Product_313_1,home,39.13493922173576,389.58088187769766,pending,2024-05-13
10314,Product_314_1,home,621.2158636828885,433.46311045961056,pending,2024-12-15
10315,Product_315_1,home,592.5276196005508,135.64067914807066,inactive,2024-09-05
10316,Product_316_1,electronics,356.4577013602965,281.42113378476074,pending,2024-04-20
10317,Product_317_1,clothing,299.99717438929184,497.37008187460077,archived,2024-06-21
10318,Product_318_1,electronics,100.60974399165896,201.79100709772504,pending,2024-02-14
10319,Product_319_1,clothing,335.0295757249724,458.63299619969297,pending,2024-03-13
10320,Product_320_1,clothing,908.9111682569061,33.496380589085916,archived,2024-02-24
10321,Product_321_1,sports,166.16641109461378,301.8966927969421,active,2024-12-25
10322,Product_322_1,electronics,667.0445537768293,128.27695210471654,inactive,2024-03-01
10323,Product_323_1,books,857.5272781363838,223.88781863429946,active,2024-12-12
10324,Product_324_1,sports,210.80728111163475,218.08955658586078,archived,2024-03-11
10325,Product_325_1,clothing,60.846466821389996,257.7720508244207,pending,2024-08-01
10326,Product_326_1,sports,901.2447487967509,487.1192898643975,active,2024-06-20
10327,Product_327_1,home,977.2456570880267,352.35132898089586,inactive,2024-10-19
10328,Product_328_1,home,978.6868230903376,80.89443944151621,archived,2024-11-15
10329,Product_329_1,electronics,712.5994150144022,100.84134315451712,inactive,2024-04-26
10330,Product_330_1,home,262.22256114485003,260.62730439799384,inactive,2024-06-11
10331,Product_331_1,sports,856.4852654378973,48.26984470274032,pending,2024-09-14
10332,Product_332_1,books,10.613802558971068,10.149701319512584,pending,2024-08-03
10333,Product_333_1,electronics,213.1805971317095,291.23060001196734,active,2024-03-03
10334,Product_334_1,electronics,826.9750851811235,61.539562836698956,inactive,2024-11-14
10335,Product_335_1,books,45.79083139662877,391.9661381564898,archived,2024-04-05
10336,Product_336_1,clothing,148.45652169311373,54.34415943382002,pending,2024-12-27
10337,Product_337_1,books,799.9909930819512,392.56009966810603,inactive,2024-11-24
10338,Product_338_1,home,760.9023832625898,298.42307619127916,archived,2024-08-07
10339,Product_339_1,electronics,853.1024516295219,409.1648653102469,inactive,2024-09-16
10340,Product_340_1,books,842.7697665773951,297.4499109261807,active,2024-09-13
10341,Product_341_1,electronics,26.651587491182852,267.04031784215505,archived,2024-05-05
10342,Product_342_1,electronics,104.47832551331285,396.8196699247469,inactive,2024-03-24
10343,Product_343_1,electronics,44.36423402803774,323.5996522726121,archived,2024-07-19
10344,Product_344_1,home,235.5121253542304,472.5161608457167,archived,2024-04-22
10345,Product_345_1,sports,424.34151432483554,109.35008148161286,active,2024-05-24
10346,Product_346_1,electronics,748.9522131450361,234.99695113204277,archived,2024-07-23
10347,Product_347_1,books,174.4305846054054,475.29073798619083,active,2024-09-20
10348,Product_348_1,sports,999.3454365516399,406.5473364969052,inactive,2024-05-10
10349,Product_349_1,home,168.06597055562693,113.7544899750829,archived,2024-02-08
10350,Product_350_1,clothing,77.26966668827842,314.55837565209123,active,2024-05-16
10351,Product_351_1,books,842.8999038426267,287.0736230737918,active,2024-07-28
10352,Product_352_1,electronics,963.5622966772575,171.73692605217136,pending,2024-02-16
10353,Product_353_1,electronics,755.475356057797,385.14055774559426,pending,2024-07-15
10354,Product_354_1,electronics,770.406274600866,219.0974354730355,inactive,2024-08-06
10355,Product_355_1,electronics,957.4284029934701,417.4076654680215,pending,2024-10-05
10356,Product_356_1,electronics,396.0064561309248,454.133685532207,pending,2024-05-25
10357,Product_357_1,electronics,289.01605666709503,176.4816513751236,inactive,2024-11-03
10358,Product_358_1,clothing,733.7355453488808,480.812175542881,pending,2024-02-26
10359,Product_359_1,books,230.1620572509346,164.06283665654297,pending,2024-06-22
10360,Product_360_1,books,254.1210773580998,315.55821892485983,pending,2024-10-13
10361,Product_361_1,electronics,289.58480816442267,252.33455631059573,inactive,2024-08-09
10362,Product_362_1,sports,663.0535702847878,76.61011176582711,inactive,2024-10-22
10363,Product_363_1,electronics,947.0982932865713,140.3041050135138,active,2024-02-26
10364,Product_364_1,clothing,469.5343144929634,140.13183145183316,pending,2024-12-17
10365,Product_365_1,sports,817.8125593506702,107.36318479948831,pending,2024-06-08
10366,Product_366_1,sports,212.92931821321102,203.68194609494287,active,2024-08-19
10367,Product_367_1,books,359.4203465859878,117.7776489227331,active,2024-02-22
10368,Product_368_1,home,908.0621931511218,326.47247640280057,pending,2024-11-05
10369,Product_369_1,sports,330.0881249355932,16.455338906935673,active,2024-02-19
10370,Product_370_1,electronics,616.291326282771,124.52753589517096,inactive,2024-02-15
10371,Product_371_1,books,700.7387503184004,20.147384871156905,archived,2024-05-11
10372,Product_372_1,sports,433.78546905187665,418.0456024607829,inactive,2024-11-27
10373,Product_373_1,electronics,812.629038992593,390.8282366072868,archived,2024-08-19
10374,Product_374_1,home,343.60724714850966,347.7154652163626,pending,2024-07-01
10375,Product_375_1,sports,769.6607667244498,237.1381450878716,pending,2024-10-16
10376,Product_376_1,home,857.5212660275262,22.071278755623553,pending,2024-12-10
10377,Product_377_1,clothing,843.1606998549738,336.18153603248015,inactive,2024-11-21
10378,Product_378_1,sports,882.8049920735785,203.2513150014497,inactive,2024-04-03
10379,Product_379_1,electronics,841.1982123716717,430.17295854633386,active,2024-05-02
10380,Product_380_1,books,4.60929986496504,182.60340910532395,inactive,2024-06-07
10381,Product_381_1,books,919.6834331497067,368.5403413031911,inactive,2024-04-07
10382,Product_382_1,sports,162.56972588441832,339.08568196912495,archived,2024-04-28
10383,Product_383_1,sports,525.4124686849648,71.07027639662556,pending,2024-03-15
10384,Product_384_1,electronics,257.0670207184028,385.0922505092221,pending,2024-11-04
10385,Product_385_1,books,562.9422001827476,470.82528058853893,archived,2024-01-01
10386,Product_386_1,books,869.2757680653644,496.32598404661536,pending,2024-07-04
10387,Product_387_1,electronics,129.16657998127442,295.1365592973279,archived,2024-03-26
10388,Product_388_1,books,814.7552947072085,173.70509763190935,pending,2024-04-12
10389,Product_389_1,home,592.4097641966816,456.25054249094717,pending,2024-03-03
10390,Product_390_1,home,623.1165946094578,432.6214245222997,inactive,2024-06-20
10391,Product_391_1,sports,137.0244335921513,223.7953140373158,pending,2024-10-20
10392,Product_392_1,electronics,512.8322579098549,257.1741063101108,pending,2024-02-24
10393,Product_393_1,clothing,51.03004866793179,469.29694688075995,archived,2024-11-15
10394,Product_394_1,sports,874.5228366816644,88.50818346935849,active,2024-01-05
10395,Product_395_1,electronics,475.3153622422686,456.0038025612559,active,2024-03-28
10396,Product_396_1,sports,339.2550929200906,357.6200371169811,pending,2024-01-14
10397,Product_397_1,sports,451.60143750059785,315.6653970244451,archived,2024-11-10
10398,Product_398_1,home,570.3677394240183,338.6314280371274,pending,2024-03-02
10399,Product_399_1,books,888.3920019765725,363.23784956053873,active,2024-02-22
10400,Product_400_1,clothing,958.2824662203019,287.5167831703271,active,2024-10-28
10401,Product_401_1,clothing,236.54474181303246,379.64684624232103,active,2024-01-19
10402,Product_402_1,clothing,944.5022211437187,163.77727283211254,inactive,2024-05-06
10403,Product_403_1,electronics,505.88172123593984,57.58689141017412,archived,2024-12-10
10404,Product_404_1,clothing,685.4628688563206,212.919826613618,inactive,2024-12-23
10405,Product_405_1,sports,163.56393768265357,186.16027695649964,active,2024-09-01
10406,Product_406_1,books,76.4827556417961,278.011443625434,inactive,2024-06-27
10407,Product_407_1,clothing,451.88719461864235,222.3928484433535,pending,2024-04-12
10408,Product_408_1,electronics,882.0850452759094,321.203958221327,archived,2024-03-14
10409,Product_409_1,books,479.4363636161562,108.24936106476305,archived,2024-02-23
10410,Product_410_1,sports,562.0846077294187,133.09029669295754,archived,2024-02-26
10411,Product_411_1,sports,786.5713758394046,126.14671156047436,pending,2024-08-23
10412,Product_412_1,electronics,139.98770063883893,58.78871951970371,active,2024-10-27
10413,Product_413_1,home,556.7674238489216,213.8436694927632,inactive,2024-12-13
10414,Product_414_1,home,498.00670921773053,274.3902337744634,archived,2024-02-27
10415,Product_415_1,clothing,977.2925361214559,146.78032145034052,pending,2024-12-09
10416,Product_416_1,clothing,217.6039005371436,234.76063705798373,pending,2024-11-18
10417,Product_417_1,electronics,404.62780432388166,426.7185205658343,active,2024-01-23
10418,Product_418_1,home,1.312396606723954,468.8820829681666,pending,2024-11-19
10419,Product_419_1,home,642.7564097986067,177.5208328809547,inactive,2024-10-28
10420,Product_420_1,home,315.634386537141,180.21946188499686,archived,2024-11-07
10421,Product_421_1,electronics,607.7028283395093,449.4719694019364,pending,2024-09-03
10422,Product_422_1,clothing,123.41568015502689,495.78185579489013,pending,2024-04-23
10423,Product_423_1,sports,991.2709382613003,12.100568615874685,active,2024-08-04
10424,Product_424_1,clothing,436.6529070120635,198.08683127525376,active,2024-03-16
10425,Product_425_1,home,277.0489611866274,398.39885139352543,active,2024-11-21
10426,Product_426_1,books,371.13637277459384,282.45874342032727,archived,2024-06-21
10427,Product_427_1,clothing,15.952698445444755,271.2528962608386,archived,2024-07-20
10428,Product_428_1,home,675.091520275361,187.1204277885784,pending,2024-08-22
10429,Product_429_1,home,746.8770328487661,478.789081939613,pending,2024-06-18
10430,Product_430_1,electronics,647.8118510615683,302.5764143182998,active,2024-04-11
10431,Product_431_1,books,788.8580215051962,162.82566600839152,pending,2024-02-13
10432,Product_432_1,books,484.4839919140896,137.88120952368246,pending,2024-02-01
10433,Product_433_1,electronics,957.6795802039242,53.05986658420366,inactive,2024-12-16
10434,Product_434_1,books,225.817562937603,332.43221479911773,active,2024-10-05
10435,Product_435_1,electronics,801.8927658183968,112.43310886540587,archived,2024-03-13
10436,Product_436_1,sports,894.9268297984848,321.1787516617066,archived,2024-11-02
10437,Product_437_1,clothing,921.6481025974826,299.52605336163543,active,2024-11-03
10438,Product_438_1,home,946.9170288493316,128.48201281475664,pending,2024-08-20
10439,Product_439_1,clothing,772.1851034846087,354.9754712758736,active,2024-04-26
10440,Product_440_1,sports,883.7525802548718,340.8435234449318,pending,2024-06-18
10441,Product_441_1,sports,838.2792519237624,204.82331139128897,archived,2024-06-14
10442,Product_442_1,electronics,508.4522822980084,275.3124678263479,archived,2024-07-23
10443,Product_443_1,books,952.717877296085,65.5009965087095,archived,2024-11-09
10444,Product_444_1,sports,409.88123358691604,443.02512639172926,active,2024-11-07
10445,Product_445_1,home,61.31532718299868,11.043103437549822,inactive,2024-06-11
10446,Product_446_1,electronics,784.4028610367866,175.30916333425475,pending,2024-04-20
10447,Product_447_1,books,844.7428174034651,100.54458110206349,inactive,2024-08-04
10448,Product_448_1,electronics,406.54982604214433,182.19136594625064,active,2024-05-18
10449,Product_449_1,home,125.02508643861108,116.82823649401014,inactive,2024-02-19
10450,Product_450_1,home,548.8888860522919,64.58910749062036,inactive,2024-08-10
10451,Product_451_1,books,119.15535159706207,397.6777990608582,active,2024-05-11
10452,Product_452_1,electronics,810.3190695297446,416.6668109820553,inactive,2024-07-13
10453,Product_453_1,books,714.8146001777171,82.53932668630554,archived,2024-10-16
10454,Product_454_1,home,879.990283717201,101.98409811055986,inactive,2024-07-21
10455,Product_455_1,sports,291.38920979306675,445.2695194337475,active,2024-06-04
10456,Product_456_1,sports,439.7551824517463,103.5544782792766,archived,2024-04-27
10457,Product_457_1,sports,803.0420050375262,74.44055995975356,inactive,2024-06-19
10458,Product_458_1,home,798.4090404669897,184.85330307526712,inactive,2024-01-12
10459,Product_459_1,sports,358.96134012846073,32.874475326195196,inactive,2024-08-28
10460,Product_460_1,books,277.5040915240205,381.2163011636683,active,2024-12-03
10461,Product_461_1,electronics,762.9097179352375,298.4632532220156,active,2024-03-10
10462,Product_462_1,books,354.19454554585275,402.53061374486964,pending,2024-09-10
10463,Product_463_1,sports,756.118904561106,31.387547873151174,active,2024-01-04
10464,Product_464_1,home,897.6268558399291,121.66782850901795,pending,2024-02-18
10465,Product_465_1,electronics,441.17878312396033,446.8682101116284,inactive,2024-01-24
10466,Product_466_1,clothing,712.3896519239736,98.04030360654986,archived,2024-05-07
10467,Product_467_1,home,487.480598630242,34.60017929599945,pending,2024-05-02
10468,Product_468_1,books,776.4997149090051,461.30049651743525,archived,2024-01-20
10469,Product_469_1,clothing,879.2857954029248,359.3470597693115,inactive,2024-01-24
10470,Product_470_1,sports,159.38091028259615,157.29876057044024,archived,2024-11-27
10471,Product_471_1,electronics,149.89225489637312,107.70223719620553,inactive,2024-09-20
10472,Product_472_1,electronics,966.4041936754863,237.12865119245518,active,2024-11-04
10473,Product_473_1,home,368.3082298092986,45.217093197217814,pending,2024-06-17
10474,Product_474_1,sports,540.6750827712742,65.58367938756322,active,2024-06-25
10475,Product_475_1,electronics,358.4559383499869,156.94090779355537,inactive,2024-09-27
10476,Product_476_1,electronics,13.268747655729749,43.60820427660305,inactive,2024-10-28
10477,Product_477_1,sports,495.2258168710541,212.39400817948916,inactive,2024-02-06
10478,Product_478_1,home,298.1344285873305,460.41226847131566,active,2024-02-19
10479,Product_479_1,clothing,343.4977744385702,484.36141593315807,inactive,2024-07-01
10480,Product_480_1,books,122.62010028986768,479.0817667475657,inactive,2024-11-22
10481,Product_481_1,books,477.3666882160265,316.5145935527795,archived,2024-04-16
10482,Product_482_1,electronics,179.02249647578222,492.9910844701357,active,2024-04-11
10483,Product_483_1,electronics,534.6895327329624,407.3908005376277,inactive,2024-04-09
10484,Product_484_1,electronics,948.7951599533615,24.090442037638397,inactive,2024-10-25
10485,Product_485_1,electronics,745.8615964538084,467.97639700560774,active,2024-07-11
10486,Product_486_1,clothing,453.3779479849453,486.56693732435303,pending,2024-06-02
10487,Product_487_1,books,893.6482591054107,383.7161669297192,active,2024-04-11
10488,Product_488_1,clothing,277.9444475865256,380.5321488954261,archived,2024-09-01
10489,Product_489_1,home,673.2090539168559,213.68313186183212,inactive,2024-02-19
10490,Product_490_1,electronics,923.2984747618418,225.44478594968436,inactive,2024-02-22
10491,Product_491_1,sports,757.1837083520636,487.0573425896774,active,2024-09-12
10492,Product_492_1,electronics,478.71725025637744,457.3946108964385,inactive,2024-09-07
10493,Product_493_1,home,585.6215781372067,478.7364747365051,pending,2024-05-24
10494,Product_494_1,sports,440.87854224845165,44.63752234258941,inactive,2024-08-14
10495,Product_495_1,clothing,758.845384165515,176.286756334076,archived,2024-09-26
10496,Product_496_1,clothing,668.1930420358054,99.83088805518783,inactive,2024-08-03
10497,Product_497_1,clothing,765.4688805126574,413.2569902206956,inactive,2024-06-19
10498,Product_498_1,clothing,442.34287368258657,482.1287658887319,pending,2024-06-05
10499,Product_499_1,home,907.2416175281004,16.91353518120696,pending,2024-06-28
10500,Product_500_1,clothing,555.8545970530157,478.573030689746,active,2024-07-08
10501,Product_501_1,electronics,212.37077828868124,401.64460417129254,inactive,2024-07-06
10502,Product_502_1,books,220.69618618093966,348.6476482873017,archived,2024-03-09
10503,Product_503_1,sports,4.773373899124335,497.245239264914,pending,2024-05-06
10504,Product_504_1,clothing,397.6533010359762,384.08787688179524,pending,2024-09-20
10505,Product_505_1,home,657.1877969230741,70.80369246736169,archived,2024-08-02
10506,Product_506_1,electronics,835.0684842087342,142.41312703603222,archived,2024-11-23
10507,Product_507_1,electronics,736.2810987549614,329.7847361711351,active,2024-10-06
10508,Product_508_1,books,628.9112172872269,478.5178869235037,inactive,2024-11-20
10509,Product_509_1,clothing,565.0312642330182,442.6240376782059,pending,2024-12-15
10510,Product_510_1,home,456.1361621741821,422.98504903727337,archived,2024-03-14
10511,Product_511_1,electronics,640.178962700304,212.24316411034962,pending,2024-03-18
10512,Product_512_1,electronics,836.4191953530359,200.01943390125652,archived,2024-09-14
10513,Product_513_1,electronics,376.5420943779395,401.49359480983054,archived,2024-03-22
10514,Product_514_1,clothing,86.06784826704029,258.4404797015253,active,2024-09-03
10515,Product_515_1,clothing,36.5690058175923,249.2509438852623,archived,2024-06-25
10516,Product_516_1,home,756.7405431498577,232.47329606088334,pending,2024-04-22
10517,Product_517_1,books,217.638448651468,149.98643702949724,archived,2024-08-15
10518,Product_518_1,sports,54.341468141393264,74.28808885048528,active,2024-07-21
10519,Product_519_1,electronics,775.4208588023731,23.89091713597741,pending,2024-01-13
10520,Product_520_1,books,35.80139768832364,111.10846112780688,archived,2024-02-10
10521,Product_521_1,books,850.6571411454448,26.203955427156814,active,2024-01-13
10522,Product_522_1,electronics,794.3121317266069,140.91723285353783,active,2024-01-04
10523,Product_523_1,home,198.46941886148323,39.35310321408345,active,2024-10-04
10524,Product_524_1,home,332.29984380800533,188.2076136706261,archived,2024-02-06
10525,Product_525_1,electronics,200.09809565649255,368.02029785323055,active,2024-12-28
10526,Product_526_1,books,67.06609294661074,467.6802811915696,archived,2024-11-15
10527,Product_527_1,home,975.0126064628137,176.1246379109199,pending,2024-04-11
10528,Product_528_1,home,820.8328780053,184.50292561759215,archived,2024-12-01
10529,Product_529_1,electronics,933.488145514515,154.19276992415507,inactive,2024-02-04
10530,Product_530_1,books,692.8748066439374,275.6740130266662,pending,2024-08-22
10531,Product_531_1,clothing,945.0756446755834,446.4885348587022,inactive,2024-12-24
10532,Product_532_1,electronics,53.60670770681729,435.64792486439075,inactive,2024-07-27
10533,Product_533_1,books,410.7121640395714,253.69339108349095,pending,2024-01-13
10534,Product_534_1,sports,824.5745292805185,119.59983142741706,active,2024-01-23
10535,Product_535_1,sports,969.9592649725854,199.76198899224298,inactive,2024-06-13
10536,Product_536_1,electronics,365.22115955906514,458.40098458317425,active,2024-08-05
10537,Product_537_1,clothing,494.4718691573539,428.71782739988544,pending,2024-06-09
10538,Product_538_1,electronics,433.6103946447834,184.04759681727367,pending,2024-10-02
10539,Product_539_1,electronics,395.6957921464186,378.774316832659,active,2024-07-09
10540,Product_540_1,electronics,889.7212153127365,398.04953460251653,active,2024-08-20
10541,Product_541_1,sports,937.7236836089617,201.01930156058035,pending,2024-02-18
10542,Product_542_1,electronics,752.4511801941186,237.45331081083393,inactive,2024-09-05
10543,Product_543_1,electronics,883.8951875054601,130.87283133278882,pending,2024-11-11
10544,Product_544_1,home,489.3575745235439,401.7600774862397,pending,2024-07-16
10545,Product_545_1,home,157.1801553547062,462.54446386685606,archived,2024-12-22
10546,Product_546_1,electronics,643.5728495712467,420.26033113616654,pending,2024-05-15
10547,Product_547_1,sports,563.2723957406765,99.71448618410253,active,2024-09-01
10548,Product_548_1,sports,84.65866608019562,359.9207958006611,archived,2024-11-04
10549,Product_549_1,home,816.0370848135749,82.91992501570823,inactive,2024-07-14
10550,Product_550_1,books,165.48476643813717,338.79682659218963,pending,2024-07-19
10551,Product_551_1,home,439.72752010289736,398.0754413946453,active,2024-12-10
10552,Product_552_1,home,958.079660454661,301.21649029239785,active,2024-06-28
10553,Product_553_1,electronics,643.889762538684,33.11739792256289,archived,2024-01-17
10554,Product_554_1,home,928.0689556331287,224.67635369456528,pending,2024-02-03
10555,Product_555_1,electronics,621.1335755116166,202.789924872493,active,2024-10-08
10556,Product_556_1,home,305.89653629940767,399.599091342569,archived,2024-09-01
10557,Product_557_1,electronics,13.233335987360258,362.5885712298194,active,2024-11-22
10558,Product_558_1,clothing,221.3660109560149,496.41552886176305,active,2024-12-04
10559,Product_559_1,books,757.516910725602,351.1788708169296,active,2024-01-08
10560,Product_560_1,electronics,226.07522794506644,269.89827031333726,archived,2024-09-12
10561,Product_561_1,books,413.48628473130583,471.87271288333,archived,2024-02-22
10562,Product_562_1,home,627.3124794793365,358.70586948786223,active,2024-02-06
10563,Product_563_1,books,717.5210661797073,281.1924702085962,inactive,2024-11-06
10564,Product_564_1,sports,847.9776942434697,407.51164280294904,active,2024-01-13
10565,Product_565_1,books,853.2826936328362,449.88055293773056,pending,2024-12-23
10566,Product_566_1,home,897.4312812327931,327.1461254757727,inactive,2024-08-10
10567,Product_567_1,home,861.620990440516,455.6175271467474,inactive,2024-06-01
10568,Product_568_1,home,588.7413376564275,226.60397532001903,pending,2024-01-13
10569,Product_569_1,clothing,279.4037197641528,262.35439324777974,active,2024-06-08
10570,Product_570_1,books,487.02460623366727,490.77411521238946,archived,2024-06-28
10571,Product_571_1,clothing,741.4696408716226,162.37023059211353,inactive,2024-03-18
10572,Product_572_1,electronics,320.82942862040665,295.58268077577293,archived,2024-11-11
10573,Product_573_1,books,125.03198121213191,36.832917069309204,active,2024-02-07
10574,Product_574_1,books,162.2314405440332,319.4486687880199,archived,2024-12-09
10575,Product_575_1,books,514.0966954980387,43.444960099844394,archived,2024-09-22
10576,Product_576_1,home,834.4520992953056,354.5071657060561,active,2024-06-15
10577,Product_577_1,electronics,251.39081733254037,310.8215631221299,inactive,2024-02-17
10578,Product_578_1,electronics,749.7112601334775,206.79781193640014,archived,2024-06-05
10579,Product_579_1,books,496.05769466610343,321.0320934359112,inactive,2024-01-02
10580,Product_580_1,books,63.10475564464303,345.71660132204863,archived,2024-05-10
10581,Product_581_1,clothing,571.5774583837982,246.0794683883185,active,2024-09-08
10582,Product_582_1,electronics,456.8413182337306,443.6736884243912,pending,2024-07-04
10583,Product_583_1,sports,179.26596052799275,47.63827471568488,active,2024-05-05
10584,Product_584_1,clothing,216.48989693003784,234.91898931826972,pending,2024-04-21
10585,Product_585_1,home,400.38580167359413,334.4242537914017,pending,2024-05-09
10586,Product_586_1,books,640.623743900031,147.20053260972642,inactive,2024-10-17
10587,Product_587_1,clothing,998.9933761623447,253.9561969732366,pending,2024-04-12
10588,Product_588_1,electronics,965.0166382040711,114.17912131679773,pending,2024-12-22
10589,Product_589_1,books,311.9962244075891,33.042478921890996,archived,2024-08-03
10590,Product_590_1,sports,668.3977669916218,478.2233654854404,archived,2024-09-11
10591,Product_591_1,books,734.4715640250172,266.1454504006211,archived,2024-06-20
10592,Product_592_1,home,758.2422712706054,413.43918550135805,inactive,2024-04-03
10593,Product_593_1,electronics,20.877036979900605,103.4755616502769,archived,2024-09-12
10594,Product_594_1,sports,598.2468720491863,222.42308074178828,pending,2024-11-04
10595,Product_595_1,sports,710.325600501248,336.86668162068804,inactive,2024-09-05
10596,Product_596_1,electronics,573.8426292165533,18.697219400276232,active,2024-02-01
10597,Product_597_1,sports,268.55225205842845,158.58620834950975,pending,2024-06-08
10598,Product_598_1,sports,889.1783797841725,329.87135919612996,active,2024-03-10
10599,Product_599_1,books,499.6573079566387,261.0939202574858,pending,2024-03-18
10600,Product_600_1,books,203.02011525916723,303.2489154544542,inactive,2024-12-13
10601,Product_601_1,home,197.75786061755122,337.5194237079633,pending,2024-05-08
10602,Product_602_1,sports,559.0136679127794,187.12297488206147,pending,2024-02-16
10603,Product_603_1,sports,930.2152849987833,312.71702022977934,inactive,2024-12-23
10604,Product_604_1,clothing,756.1851143291128,245.21632913196814,inactive,2024-03-05
10605,Product_605_1,sports,546.915721044711,129.5447349695572,active,2024-06-10
10606,Product_606_1,books,682.2856829147114,47.38398063443371,inactive,2024-07-06
10607,Product_607_1,clothing,358.4157753237129,247.70696685306572,archived,2024-07-10
10608,Product_608_1,clothing,953.6962380909152,354.56513773907625,inactive,2024-12-01
10609,Product_609_1,books,23.14909628444428,394.21105650992683,inactive,2024-05-04
10610,Product_610_1,sports,757.9845335125909,36.38882561175116,archived,2024-08-01
10611,Product_611_1,books,212.39457731263613,89.97887366297118,pending,2024-03-24
10612,Product_612_1,home,5.4411067232218695,154.82640938390864,active,2024-03-03
10613,Product_613_1,home,17.605412753456953,210.98065921104376,archived,2024-01-18
10614,Product_614_1,clothing,871.576111059078,229.01970456778108,active,2024-01-13
10615,Product_615_1,home,183.73158752923874,415.56019004418033,archived,2024-10-27
10616,Product_616_1,books,494.04849688238755,409.59263342360384,pending,2024-12-23
10617,Product_617_1,clothing,592.3772990434634,331.1168909912704,active,2024-01-28
10618,Product_618_1,home,926.2872117037814,284.6213520031172,inactive,2024-08-26
10619,Product_619_1,books,476.43132412186867,401.096213194023,archived,2024-10-14
10620,Product_620_1,books,251.319387356871,463.7118109558362,pending,2024-01-12
10621,Product_621_1,electronics,632.8296592383812,268.0423950048913,active,2024-07-03
10622,Product_622_1,books,190.17721626279726,371.1725869962603,inactive,2024-01-28
10623,Product_623_1,sports,906.9210644572112,118.53775285106136,inactive,2024-09-05
10624,Product_624_1,sports,646.5185819037151,116.5033441335399,inactive,2024-07-01
10625,Product_625_1,home,656.5451451413577,324.58960940277234,pending,2024-12-04
10626,Product_626_1,home,720.2497175975396,469.74614335562217,archived,2024-06-28
10627,Product_627_1,sports,483.7839796302648,499.20135977137136,active,2024-01-21
10628,Product_628_1,home,696.4416083242079,443.22153489545747,archived,2024-07-24
10629,Product_629_1,clothing,807.7082144899555,85.19941561730221,active,2024-09-06
10630,Product_630_1,clothing,313.1260179520696,182.68128556022637,pending,2024-08-01
10631,Product_631_1,books,941.0827616467575,309.472580404219,pending,2024-02-23
10632,Product_632_1,sports,558.0587892519142,278.07286307269914,archived,2024-03-02
10633,Product_633_1,clothing,353.18768937276957,28.526755362063742,archived,2024-09-03
10634,Product_634_1,home,854.6647660211029,104.0051234444901,pending,2024-05-06
10635,Product_635_1,clothing,696.179035257282,329.28236124880436,active,2024-12-23
10636,Product_636_1,books,521.4069166676747,362.13053905350466,inactive,2024-11-26
10637,Product_637_1,electronics,87.91931372867771,93.95420676663929,archived,2024-03-02
10638,Product_638_1,home,358.7147798868651,427.3004713013396,active,2024-11-27
10639,Product_639_1,electronics,304.35918914029276,413.13012012249106,inactive,2024-02-15
10640,Product_640_1,books,932.0971003667693,430.5391251666739,pending,2024-11-15
10641,Product_641_1,clothing,13.241732359503105,22.212936886345375,archived,2024-10-19
10642,Product_642_1,clothing,338.3644243883715,328.4933933746637,pending,2024-05-27
10643,Product_643_1,books,284.5527151060211,408.68750333494484,archived,2024-01-02
10644,Product_644_1,sports,554.6897054759605,462.82298278779876,active,2024-02-15
10645,Product_645_1,sports,931.3802778559865,430.66867450252096,archived,2024-01-26
10646,Product_646_1,electronics,408.5008533756372,325.16469135757313,archived,2024-07-15
10647,Product_647_1,sports,520.4501640055986,181.54647398612755,inactive,2024-09-27
10648,Product_648_1,books,980.1763113275148,295.0271352536679,pending,2024-01-19
10649,Product_649_1,clothing,457.5256021274536,237.31963244664865,pending,2024-10-15
10650,Product_650_1,clothing,603.3047047338886,384.0856744747228,archived,2024-08-05
10651,Product_651_1,clothing,102.67038573668691,225.77233511225063,inactive,2024-06-21
10652,Product_652_1,clothing,746.6747376636858,197.66843875915873,pending,2024-09-13
10653,Product_653_1,sports,650.717162545967,87.5487540197208,archived,2024-08-21
10654,Product_654_1,sports,247.85076955758427,335.0809273089067,pending,2024-12-24
10655,Product_655_1,sports,860.9412327220772,96.66506051559209,active,2024-03-04
10656,Product_656_1,clothing,617.8839597476983,121.12673805121632,active,2024-01-02
10657,Product_657_1,clothing,106.94330398226334,366.8116038789544,inactive,2024-05-16
10658,Product_658_1,books,192.12979679969692,56.99269397486734,inactive,2024-02-03
10659,Product_659_1,sports,617.8478235986967,18.65693282311573,inactive,2024-05-06
10660,Product_660_1,home,645.7029790782449,293.40732179007784,inactive,2024-07-10
10661,Product_661_1,clothing,29.282716698882265,413.07690420519407,archived,2024-09-27
10662,Product_662_1,clothing,426.2010844309849,72.84495156338411,archived,2024-04-18
10663,Product_663_1,sports,183.52899647917158,107.59910741894346,active,2024-11-26
10664,Product_664_1,books,182.25912575125886,78.67274968981383,inactive,2024-08-04
10665,Product_665_1,clothing,564.8646071213939,32.182882572580944,inactive,2024-04-25
10666,Product_666_1,sports,271.6796575551505,380.60861914724313,active,2024-10-22
10667,Product_667_1,clothing,691.2499471077712,323.2407543853728,active,2024-03-27
10668,Product_668_1,home,658.9291914662837,199.0350265567357,archived,2024-12-20
10669,Product_669_1,clothing,99.96537104023204,150.83223756640072,active,2024-06-21
10670,Product_670_1,electronics,305.84175322134024,301.8721314652862,active,2024-06-28
10671,Product_671_1,clothing,741.6289935388089,32.549951055072505,active,2024-08-25
10672,Product_672_1,electronics,627.9350047320995,151.42703336210883,pending,2024-04-19
10673,Product_673_1,clothing,169.39780320081024,359.69771174097826,inactive,2024-05-15
10674,Product_674_1,home,914.8359667007103,414.26305706210945,active,2024-09-06
10675,Product_675_1,electronics,331.9018586015123,308.58127800443157,archived,2024-08-08
10676,Product_676_1,books,320.3081059401766,72.68089496321531,active,2024-06-08
10677,Product_677_1,electronics,449.6697251068681,287.7516164530798,pending,2024-08-13
10678,Product_678_1,sports,935.2427394462964,233.25347705527008,inactive,2024-04-09
10679,Product_679_1,clothing,586.0282787869783,66.60235565062143,active,2024-11-09
10680,Product_680_1,sports,436.6001794702954,398.6252646376409,inactive,2024-04-17
10681,Product_681_1,sports,651.7086982513885,208.7765631633293,inactive,2024-11-02
10682,Product_682_1,clothing,272.0096148733649,410.4432467846785,inactive,2024-01-03
10683,Product_683_1,books,828.580054987912,386.01506365549864,inactive,2024-07-04
10684,Product_684_1,books,840.3860218919724,141.34401509927133,inactive,2024-08-24
10685,Product_685_1,sports,685.9468570581378,155.18606794216547,archived,2024-08-10
10686,Product_686_1,electronics,984.6925214046204,448.43247412946573,pending,2024-06-25
10687,Product_687_1,clothing,889.8372643111858,169.44697318157696,archived,2024-10-23
10688,Product_688_1,clothing,282.1557443736833,121.59364835733673,active,2024-06-19
10689,Product_689_1,books,806.7832566291714,271.1910278737392,inactive,2024-07-26
10690,Product_690_1,home,514.3372753388677,126.51475509937924,inactive,2024-07-14
10691,Product_691_1,books,406.33725838948885,223.073240011979,active,2024-05-17
10692,Product_692_1,sports,23.860084117095628,419.6445154415896,inactive,2024-03-16
10693,Product_693_1,clothing,648.6106278029146,484.732030247408,pending,2024-05-15
10694,Product_694_1,clothing,23.078359261638518,217.17925689585883,inactive,2024-11-06
10695,Product_695_1,sports,261.3397876252809,379.6472075290883,pending,2024-08-25
10696,Product_696_1,sports,643.8265009152061,210.26025088182962,inactive,2024-02-20
10697,Product_697_1,electronics,626.5250408146181,194.29410749574805,pending,2024-11-21
10698,Product_698_1,sports,352.3776428160677,41.62609905288519,pending,2024-08-21
10699,Product_699_1,books,179.83268515862343,29.447158413990262,active,2024-09-07
10700,Product_700_1,clothing,499.0596232732383,60.94443888018089,active,2024-06-08
10701,Product_701_1,home,970.9546285522802,277.1512059957834,inactive,2024-02-03
10702,Product_702_1,clothing,567.27217496528,354.7178216935215,archived,2024-03-24
10703,Product_703_1,sports,553.5169898970038,290.77829458612064,inactive,2024-04-06
10704,Product_704_1,home,607.9314179156854,158.0263562740613,pending,2024-01-27
10705,Product_705_1,electronics,772.5279912285417,211.5282251739567,pending,2024-12-06
10706,Product_706_1,books,70.82959033450625,374.03633182756175,inactive,2024-05-05
10707,Product_707_1,books,989.4661748581237,118.82201528770116,inactive,2024-11-22
10708,Product_708_1,electronics,310.21024411067924,220.3015507845496,pending,2024-09-10
10709,Product_709_1,sports,206.00218125125718,186.36382118644215,pending,2024-10-15
10710,Product_710_1,books,373.92084952419566,72.44402596086266,active,2024-08-10
10711,Product_711_1,home,11.649635705569242,289.64005870826486,pending,2024-10-21
10712,Product_712_1,electronics,892.8874926704757,220.93030004294323,pending,2024-06-26
10713,Product_713_1,home,759.2411672261409,352.76378805946126,archived,2024-09-19
10714,Product_714_1,home,328.6217732103044,22.554388178014804,active,2024-05-17
10715,Product_715_1,home,379.92220391988417,402.6755893569806,pending,2024-04-13
10716,Product_716_1,home,392.17503014150213,173.71944511110934,inactive,2024-06-03
10717,Product_717_1,electronics,37.75247958615609,239.94743762695043,inactive,2024-03-15
10718,Product_718_1,sports,313.6901479903,429.7495801712345,archived,2024-03-17
10719,Product_719_1,clothing,847.3426001547352,93.18817830254595,inactive,2024-03-22
10720,Product_720_1,electronics,448.21455704188253,225.9276082632459,pending,2024-02-07
10721,Product_721_1,electronics,846.7442872501733,445.6070471003861,active,2024-06-25
10722,Product_722_1,home,383.98799534500074,323.4679747104192,archived,2024-05-27
10723,Product_723_1,books,867.417515075916,475.07744924788165,archived,2024-10-22
10724,Product_724_1,sports,881.3962193458796,154.89482773985105,archived,2024-09-15
10725,Product_725_1,electronics,91.94125520994929,265.48386960404196,inactive,2024-10-11
10726,Product_726_1,sports,912.4586174089056,76.91673211606293,active,2024-03-20
10727,Product_727_1,clothing,616.6945876792952,73.02603155059977,inactive,2024-05-15
10728,Product_728_1,electronics,896.6782029890179,25.311181540486366,inactive,2024-10-21
10729,Product_729_1,sports,761.0961536024048,232.41431375974918,pending,2024-11-24
10730,Product_730_1,electronics,834.569866221243,143.41672789702378,archived,2024-06-24
10731,Product_731_1,clothing,678.1903567284774,81.45434275959481,archived,2024-10-02
10732,Product_732_1,sports,764.7412892340203,321.49457640880945,archived,2024-03-19
10733,Product_733_1,clothing,10.192235578944695,391.25854477233685,active,2024-06-05
10734,Product_734_1,books,763.7251662625627,478.46881170706683,inactive,2024-03-21
10735,Product_735_1,sports,675.9310092330977,243.29199965776482,inactive,2024-02-24
10736,Product_736_1,electronics,501.82440562697013,385.96439969449466,archived,2024-01-03
10737,Product_737_1,sports,197.78112535445177,302.7264539847706,archived,2024-01-14
10738,Product_738_1,clothing,426.7880423120121,153.56490681525352,pending,2024-02-24
10739,Product_739_1,books,23.833935165844633,358.9980571838406,pending,2024-07-01
10740,Product_740_1,home,301.598939536743,77.60058368765682,inactive,2024-02-26
10741,Product_741_1,home,721.893910159112,429.1747327042857,archived,2024-05-08
10742,Product_742_1,sports,30.79966929424228,220.19677001260422,pending,2024-10-17
10743,Product_743_1,books,483.8903599417296,175.2197742929202,pending,2024-08-26
10744,Product_744_1,electronics,985.915370337696,268.16791724178546,active,2024-04-28
10745,Product_745_1,sports,295.6864664868889,492.0136229030918,inactive,2024-01-10
10746,Product_746_1,clothing,546.881391104391,98.79295511698112,pending,2024-09-03
10747,Product_747_1,home,671.37652409947,17.61613812129398,pending,2024-09-01
10748,Product_748_1,clothing,865.0330843990496,387.87960588641545,inactive,2024-12-03
10749,Product_749_1,electronics,57.84373368474172,242.7563516297064,pending,2024-12-17
10750,Product_750_1,sports,674.514895888285,322.9904281699085,active,2024-12-07
10751,Product_751_1,books,453.525282833811,413.10452837709573,inactive,2024-11-11
10752,Product_752_1,home,272.71274199469485,384.65031763250596,inactive,2024-01-09
10753,Product_753_1,clothing,767.9090904840417,164.4909497157295,active,2024-03-18
10754,Product_754_1,sports,711.2810469409501,191.082126598589,archived,2024-04-20
10755,Product_755_1,sports,389.73409481628306,189.59001627137667,active,2024-03-10
10756,Product_756_1,home,296.4744332943162,465.48498410616696,active,2024-10-27
10757,Product_757_1,electronics,54.71470338722221,114.96700210868356,archived,2024-02-27
10758,Product_758_1,sports,749.0834713324393,223.75047228753817,archived,2024-06-22
10759,Product_759_1,home,786.7494285670591,120.00769750551359,active,2024-05-05
10760,Product_760_1,books,216.974368213766,383.1113869002159,pending,2024-10-20
10761,Product_761_1,books,837.9426215253651,73.10856220282562,active,2024-05-19
10762,Product_762_1,electronics,770.3323546569504,360.1692234503447,inactive,2024-05-17
10763,Product_763_1,sports,400.35269942262886,487.61354384344224,pending,2024-12-03
10764,Product_764_1,books,544.2563099262793,413.03459872125075,archived,2024-11-28
10765,Product_765_1,home,640.5620115558244,284.16278054527606,inactive,2024-02-12
10766,Product_766_1,books,640.3796582769037,191.18388233314215,archived,2024-06-25
10767,Product_767_1,sports,288.47875871655714,431.09268986271206,inactive,2024-07-12
10768,Product_768_1,home,364.77908977193925,305.0817345423747,archived,2024-08-12
10769,Product_769_1,clothing,801.9237743546026,408.7367886254413,active,2024-08-26
10770,Product_770_1,sports,120.48435578706312,12.889964909413852,archived,2024-02-17
10771,Product_771_1,electronics,677.522102385721,22.53263099731906,inactive,2024-06-01
10772,Product_772_1,sports,686.1545090322411,87.85335639147459,inactive,2024-09-15
10773,Product_773_1,electronics,714.2494942307283,11.626509146228,active,2024-01-12
10774,Product_774_1,books,9.536765221915443,187.51128216768566,active,2024-04-26
10775,Product_775_1,sports,765.3678751107171,90.10758636635286,pending,2024-02-20
10776,Product_776_1,sports,517.3742298005167,260.34296993329303,archived,2024-06-17
10777,Product_777_1,books,148.769777520074,333.1307366195899,active,2024-11-15
10778,Product_778_1,books,915.3256835401535,358.51024060273033,archived,2024-04-14
10779,Product_779_1,electronics,749.5312246293599,43.18280290005653,pending,2024-10-08
10780,Product_780_1,sports,238.47450616824352,296.12141330164235,inactive,2024-11-11
10781,Product_781_1,sports,90.92562804835246,48.70379226469557,inactive,2024-05-26
10782,Product_782_1,electronics,416.95755373461583,236.97215411343777,pending,2024-08-17
10783,Product_783_1,electronics,766.8701551886691,180.6154330310323,active,2024-11-26
10784,Product_784_1,sports,349.347140823856,251.92286582528413,archived,2024-10-09
10785,Product_785_1,clothing,582.6738083732387,412.74581559443703,active,2024-08-20
10786,Product_786_1,books,470.0213198126097,431.5268507204081,archived,2024-06-22
10787,Product_787_1,home,245.94222105516369,54.706846607223305,inactive,2024-09-16
10788,Product_788_1,home,113.06723828417347,39.101723706211274,pending,2024-04-01
10789,Product_789_1,books,272.9985570217311,362.52232672047734,active,2024-02-07
10790,Product_790_1,sports,485.38987792944187,99.80938788061475,pending,2024-05-18
10791,Product_791_1,electronics,210.6562644268854,34.213674444698654,archived,2024-05-02
10792,Product_792_1,sports,367.0075059941601,363.8244833116171,active,2024-10-19
10793,Product_793_1,home,295.12799149353197,42.41741434568489,archived,2024-05-22
10794,Product_794_1,electronics,801.3507454465155,378.17883219643835,inactive,2024-09-09
10795,Product_795_1,sports,632.114476723765,162.6331277785282,active,2024-12-05
10796,Product_796_1,electronics,195.62660771016127,127.81575282909583,pending,2024-01-12
10797,Product_797_1,electronics,346.6915161448437,245.8986452622492,pending,2024-05-02
10798,Product_798_1,sports,866.2163128290175,406.6761166239479,active,2024-10-22
10799,Product_799_1,sports,264.58004354336265,264.9159145392578,archived,2024-03-14
10800,Product_800_1,sports,718.1482968053165,420.7458755515554,pending,2024-08-12
10801,Product_801_1,books,673.992776216306,380.09267885519984,inactive,2024-06-18
10802,Product_802_1,books,328.3440213836928,194.0798307425197,archived,2024-02-18
10803,Product_803_1,books,994.9085794509515,212.81163337696898,inactive,2024-05-08
10804,Product_804_1,home,370.00663931363096,49.09668745769412,active,2024-08-26
10805,Product_805_1,clothing,574.8650278380078,323.8125732770505,archived,2024-05-04
10806,Product_806_1,home,260.4785423570708,460.7840132610874,pending,2024-03-10
10807,Product_807_1,clothing,255.77054335564517,238.62086882046637,inactive,2024-01-08
10808,Product_808_1,home,709.7072920990063,162.44479807766766,pending,2024-05-11
10809,Product_809_1,home,769.6481619702411,172.80308357918847,active,2024-07-20
10810,Product_810_1,electronics,32.624097289982785,498.85589061056567,active,2024-05-19
10811,Product_811_1,books,170.30644712427718,278.33502157094,active,2024-11-06
10812,Product_812_1,clothing,525.1206139779924,191.92129384803133,pending,2024-05-21
10813,Product_813_1,books,738.3342405339516,247.17695982212305,active,2024-06-01
10814,Product_814_1,electronics,189.49081369341388,367.84004307566477,inactive,2024-06-23
10815,Product_815_1,electronics,411.6232898887472,393.6893541900925,pending,2024-06-28
10816,Product_816_1,electronics,659.7920728551505,13.058750907714169,pending,2024-05-19
10817,Product_817_1,home,521.011560032208,82.65607422088193,archived,2024-07-08
10818,Product_818_1,clothing,834.0456015619106,499.39933362896954,archived,2024-03-03
10819,Product_819_1,clothing,932.6426530195902,255.71669132786735,inactive,2024-03-08
10820,Product_820_1,electronics,672.9480465565663,109.69791739621144,inactive,2024-06-18
10821,Product_821_1,sports,36.066904024332594,204.7992235393238,inactive,2024-06-11
10822,Product_822_1,home,363.63804196154064,484.24729499402656,archived,2024-01-25
10823,Product_823_1,electronics,247.63871355976113,485.9856928031508,inactive,2024-06-23
10824,Product_824_1,electronics,188.10883596453203,19.837784730006607,archived,2024-04-03
10825,Product_825_1,books,454.177919057437,229.81737100136036,active,2024-02-11
10826,Product_826_1,home,910.5511531538777,359.0487228716945,pending,2024-09-03
10827,Product_827_1,clothing,699.3976706742505,286.7571768208789,archived,2024-12-12
10828,Product_828_1,electronics,601.6217230373328,343.1543886687158,pending,2024-12-17
10829,Product_829_1,electronics,306.98218580554993,222.69128656008496,pending,2024-02-27
10830,Product_830_1,electronics,183.18246705750838,429.2580220551644,active,2024-09-19
10831,Product_831_1,home,535.7877221864085,337.98884541366397,inactive,2024-03-28
10832,Product_832_1,clothing,491.2901986251792,372.2258264087461,active,2024-12-28
10833,Product_833_1,electronics,139.68653880897025,484.45458281818924,archived,2024-02-01
10834,Product_834_1,sports,789.3547180593687,308.2604330814497,pending,2024-07-26
10835,Product_835_1,clothing,605.7262309891589,153.7704021303606,active,2024-11-14
10836,Product_836_1,clothing,678.5340730607867,118.55341483461969,inactive,2024-02-03
10837,Product_837_1,clothing,447.13054306324125,414.55711883286193,archived,2024-02-21
10838,Product_838_1,clothing,357.35151379865897,181.81694704191335,archived,2024-02-19
10839,Product_839_1,clothing,603.0521929579901,245.31627697169083,inactive,2024-10-21
10840,Product_840_1,electronics,594.2546971434485,372.29472393842445,archived,2024-09-02
10841,Product_841_1,books,722.9795207479519,42.3275738199319,active,2024-03-19
10842,Product_842_1,sports,132.8948727661823,227.85544821548703,pending,2024-04-02
10843,Product_843_1,books,926.0117038795513,499.33074600160904,inactive,2024-09-13
10844,Product_844_1,clothing,901.0321242741712,228.2710331127001,inactive,2024-10-11
10845,Product_845_1,books,317.171869302189,291.29280275674853,archived,2024-09-14
10846,Product_846_1,clothing,452.78995545494297,140.3727117358046,pending,2024-10-11
10847,Product_847_1,clothing,979.3928000478465,393.75908481716846,pending,2024-10-24
10848,Product_848_1,sports,306.71732189111,472.02375493960943,pending,2024-10-07
10849,Product_849_1,home,837.6560532434806,300.6528301773348,archived,2024-04-02
10850,Product_850_1,books,782.2548354648993,354.48843346332063,pending,2024-10-20
10851,Product_851_1,sports,123.65483377729801,419.02106374630625,pending,2024-01-13
10852,Product_852_1,clothing,389.2525471805109,35.70259409000788,inactive,2024-08-27
10853,Product_853_1,books,963.6404319886664,32.383706952759084,active,2024-09-08
10854,Product_854_1,electronics,903.1908046827763,294.8581064683239,inactive,2024-01-25
10855,Product_855_1,electronics,196.84349868102788,343.35816159564445,inactive,2024-02-11
10856,Product_856_1,sports,825.9194566681334,188.58380801394193,active,2024-02-26
10857,Product_857_1,electronics,882.6620876011627,466.7653056812176,active,2024-03-15
10858,Product_858_1,sports,356.0962758533297,327.12969976712935,archived,2024-02-04
10859,Product_859_1,home,175.51088245710943,207.85692526384975,inactive,2024-02-06
10860,Product_860_1,clothing,239.55034753071882,70.2114909988801,archived,2024-02-28
10861,Product_861_1,books,765.1710043285119,195.05381248086326,archived,2024-10-05
10862,Product_862_1,electronics,406.24767703823346,128.0588030124722,active,2024-11-11
10863,Product_863_1,books,138.83897157023466,110.92900278483296,inactive,2024-07-19
10864,Product_864_1,home,275.3750870458017,473.0316505836047,pending,2024-04-15
10865,Product_865_1,sports,552.5494117890173,26.516435251637418,active,2024-04-13
10866,Product_866_1,clothing,441.97351602892616,387.40071724935217,archived,2024-10-25
10867,Product_867_1,electronics,623.2628728871226,369.79821071538316,inactive,2024-06-08
10868,Product_868_1,sports,779.005315947917,181.39339537313526,pending,2024-09-07
10869,Product_869_1,sports,975.5662930802537,159.61553227055882,archived,2024-07-06
10870,Product_870_1,clothing,858.0345311817847,281.98461957972773,inactive,2024-02-11
10871,Product_871_1,electronics,9.977374161023787,129.718712397484,active,2024-07-27
10872,Product_872_1,books,158.7134314509536,447.0185966580033,inactive,2024-02-24
10873,Product_873_1,clothing,633.7379338490367,236.73751621837187,archived,2024-04-02
10874,Product_874_1,electronics,460.456879258291,367.78604839654315,archived,2024-05-07
10875,Product_875_1,home,28.65999642065931,485.5151107307409,inactive,2024-02-26
10876,Product_876_1,books,219.01793949408565,242.59112260598465,pending,2024-09-19
10877,Product_877_1,sports,981.5278378339456,372.42382899562375,pending,2024-06-23
10878,Product_878_1,electronics,357.2598357898666,386.89726064945785,pending,2024-02-19
10879,Product_879_1,books,164.05136281336954,109.03435678479609,pending,2024-05-27
10880,Product_880_1,books,269.42111466080075,385.5879449073778,inactive,2024-04-17
10881,Product_881_1,sports,532.9296635046812,94.29079819384948,active,2024-08-26
10882,Product_882_1,books,619.7367451804994,175.9716667189549,active,2024-08-13
10883,Product_883_1,sports,465.29471147600884,98.00230534697562,archived,2024-02-05
10884,Product_884_1,sports,373.67418442453675,187.23935942847118,active,2024-01-23
10885,Product_885_1,books,377.9050786120144,457.1773218848099,inactive,2024-11-21
10886,Product_886_1,clothing,13.776808587189464,205.75241183984423,archived,2024-05-02
10887,Product_887_1,electronics,541.1415527556841,273.65908693670747,pending,2024-02-13
10888,Product_888_1,clothing,343.576809295677,135.13636843654007,pending,2024-07-24
10889,Product_889_1,sports,566.659288940102,353.2744175967409,pending,2024-12-16
10890,Product_890_1,home,318.1438421976198,261.61025901681137,inactive,2024-08-16
10891,Product_891_1,clothing,90.19112126780412,32.889570509088074,active,2024-05-02
10892,Product_892_1,home,410.6724184665337,431.9502518731017,archived,2024-09-06
10893,Product_893_1,sports,632.3673849371053,468.70553121013205,active,2024-06-23
10894,Product_894_1,books,239.91671566303495,371.4988868161341,inactive,2024-10-04
10895,Product_895_1,books,851.7747725850536,347.5829025516912,archived,2024-02-12
10896,Product_896_1,clothing,615.5489783983594,193.80303845120363,pending,2024-12-27
10897,Product_897_1,sports,334.1369730984409,366.30189828270085,archived,2024-05-05
10898,Product_898_1,home,328.87770080489804,288.39121128398926,active,2024-08-07
10899,Product_899_1,sports,570.4244919890375,382.6366154095958,pending,2024-06-28
10900,Product_900_1,home,649.6737039008668,22.136976693158964,active,2024-01-02
10901,Product_901_1,clothing,532.6910201296386,369.3135986852252,archived,2024-02-04
10902,Product_902_1,electronics,647.1468522546306,281.6022441522415,pending,2024-06-24
10903,Product_903_1,clothing,758.4404248455763,123.77701905660821,inactive,2024-09-01
10904,Product_904_1,sports,965.8589128891185,472.8231668441186,inactive,2024-04-01
10905,Product_905_1,home,723.1997296187493,476.2071148752629,pending,2024-12-16
10906,Product_906_1,electronics,470.4214728314179,104.63776576421017,pending,2024-02-24
10907,Product_907_1,sports,305.759798885129,466.14919377976827,archived,2024-08-13
10908,Product_908_1,sports,944.4233439407559,420.34487690538907,pending,2024-02-01
10909,Product_909_1,electronics,658.8634555581667,47.48180489601447,pending,2024-10-19
10910,Product_910_1,home,283.6871833003153,58.77353721685046,pending,2024-08-17
10911,Product_911_1,electronics,64.91731932163589,34.298913196410226,active,2024-08-15
10912,Product_912_1,books,292.75889251420756,462.11769928593816,active,2024-05-01
10913,Product_913_1,sports,808.7143141063485,247.07905666163958,pending,2024-09-16
10914,Product_914_1,books,265.36268927196744,81.47695716255919,archived,2024-07-14
10915,Product_915_1,books,168.1942896445851,34.42404897842266,inactive,2024-01-03
10916,Product_916_1,electronics,790.081075299881,30.267620713260754,active,2024-09-19
10917,Product_917_1,books,436.88376617488757,459.3832663877018,pending,2024-06-08
10918,Product_918_1,home,978.0001894548946,232.76869885668447,pending,2024-02-10
10919,Product_919_1,electronics,473.5509257348668,485.0009984610816,inactive,2024-05-16
10920,Product_920_1,home,423.3207138128016,27.986108846155165,pending,2024-06-08
10921,Product_921_1,electronics,726.1420330024523,376.67448318962863,archived,2024-06-12
10922,Product_922_1,sports,763.3609883141972,49.966752461540956,inactive,2024-05-01
10923,Product_923_1,books,606.3805778992929,398.63180378056774,archived,2024-08-21
10924,Product_924_1,books,720.1493544600734,137.70837121724605,archived,2024-11-22
10925,Product_925_1,books,703.9847738214128,400.84149402218,archived,2024-05-01
10926,Product_926_1,sports,24.562973210861433,47.2305622827179,inactive,2024-11-03
10927,Product_927_1,books,947.9707745153667,76.89205938140122,archived,2024-02-06
10928,Product_928_1,electronics,978.7024459231544,38.18288247045584,active,2024-08-04
10929,Product_929_1,sports,515.6837457033989,124.77108981440297,active,2024-02-03
10930,Product_930_1,books,76.69956629752683,449.3623111394689,active,2024-06-02
10931,Product_931_1,sports,732.8703971561852,351.2930353643961,active,2024-08-15
10932,Product_932_1,sports,453.7340892523554,145.81737027845344,inactive,2024-03-16
10933,Product_933_1,clothing,67.80436087667087,91.95985642370817,pending,2024-09-07
10934,Product_934_1,electronics,148.87537196984184,456.2016067410764,pending,2024-09-01
10935,Product_935_1,sports,977.1974446748026,182.3141655297035,archived,2024-02-17
10936,Product_936_1,home,8.235880099742642,408.94994258088303,inactive,2024-07-02
10937,Product_937_1,home,788.8833444617944,131.50090359775572,archived,2024-06-04
10938,Product_938_1,clothing,426.5049760401334,381.7974033942016,archived,2024-03-08
10939,Product_939_1,sports,450.9136149892368,326.88589638291944,archived,2024-11-01
10940,Product_940_1,electronics,3.534999669444524,410.907648445216,pending,2024-11-28
10941,Product_941_1,home,19.38589190649232,101.59382954034636,archived,2024-01-15
10942,Product_942_1,home,445.55788563715345,421.69275677186073,archived,2024-07-25
10943,Product_943_1,sports,810.2221731268569,189.77871414890606,pending,2024-03-07
10944,Product_944_1,home,148.98177240655582,46.094741162083615,active,2024-12-08
10945,Product_945_1,books,124.15933641672345,148.88401213686643,pending,2024-06-06
10946,Product_946_1,clothing,431.54486473944013,466.255595578355,pending,2024-08-04
10947,Product_947_1,books,32.2748792055455,426.1656711031722,active,2024-12-08
10948,Product_948_1,home,207.5036843667345,291.7105210304592,archived,2024-05-19
10949,Product_949_1,clothing,284.242018636702,162.4705379258288,inactive,2024-09-24
10950,Product_950_1,clothing,883.2135812850369,202.8443303496519,pending,2024-04-22
10951,Product_951_1,books,652.7876613420192,206.07792856444473,inactive,2024-12-18
10952,Product_952_1,electronics,896.6363864124896,216.55136364819344,archived,2024-01-07
10953,Product_953_1,clothing,435.72412052478177,298.8748201816206,active,2024-09-19
10954,Product_954_1,home,615.3579094913907,25.72403908697912,pending,2024-08-20
10955,Product_955_1,electronics,667.451312931934,212.04042077619462,archived,2024-06-26
10956,Product_956_1,clothing,713.3645141679816,121.2240799160353,inactive,2024-02-27
10957,Product_957_1,electronics,114.28495198138215,117.56281960574583,archived,2024-07-10
10958,Product_958_1,electronics,822.3022273647173,134.9348577072657,active,2024-02-06
10959,Product_959_1,books,736.7743467531661,485.3400901778034,archived,2024-02-22
10960,Product_960_1,books,743.5274447880236,87.84591894870803,archived,2024-09-26
10961,Product_961_1,electronics,782.398005936558,171.22448168158814,inactive,2024-11-18
10962,Product_962_1,clothing,647.8442920778142,289.10961122006444,active,2024-05-27
10963,Product_963_1,home,658.9317268765726,180.10920332978935,inactive,2024-12-18
10964,Product_964_1,home,190.9862877732258,125.43232722619146,inactive,2024-12-16
10965,Product_965_1,sports,659.4280630215223,347.04447417132155,archived,2024-01-11
10966,Product_966_1,sports,145.3487250412515,242.90230114394103,inactive,2024-08-27
10967,Product_967_1,home,624.1398092927137,266.9436370126088,archived,2024-02-28
10968,Product_968_1,electronics,883.3137015874893,94.6988660812915,inactive,2024-08-19
10969,Product_969_1,sports,613.1063553432067,418.72287420408986,archived,2024-10-09
10970,Product_970_1,clothing,268.0138285318084,66.64810109340694,inactive,2024-02-16
10971,Product_971_1,home,101.72579825023752,233.87448570991128,inactive,2024-11-18
10972,Product_972_1,sports,871.5010378729684,263.80680758056735,active,2024-01-22
10973,Product_973_1,clothing,969.2172099096391,413.1721748737813,pending,2024-04-10
10974,Product_974_1,electronics,181.38793248584636,108.54373121748898,inactive,2024-07-23
10975,Product_975_1,home,603.215104093497,214.17605030939535,archived,2024-03-08
10976,Product_976_1,books,464.9521333137889,10.74585241017157,pending,2024-07-25
10977,Product_977_1,electronics,528.7570168473844,148.57342614235654,inactive,2024-08-26
10978,Product_978_1,electronics,145.5041572956495,177.86987393117178,archived,2024-11-19
10979,Product_979_1,electronics,866.2148053954115,384.7117399069125,pending,2024-07-26
10980,Product_980_1,electronics,703.6027867896264,493.7246119123771,pending,2024-08-03
10981,Product_981_1,books,692.2965820506371,22.576229185730345,inactive,2024-06-01
10982,Product_982_1,electronics,607.5813734814408,314.51023133939407,inactive,2024-05-21
10983,Product_983_1,clothing,332.0565453898368,471.55823687355587,active,2024-02-06
10984,Product_984_1,books,285.937802922168,240.9336896832615,archived,2024-04-15
10985,Product_985_1,clothing,719.5069364309778,481.0682728397517,active,2024-07-24
10986,Product_986_1,sports,941.0064519996629,59.1229703293246,active,2024-03-07
10987,Product_987_1,home,298.9027505399999,174.73189556908915,inactive,2024-10-03
10988,Product_988_1,electronics,618.4010956582662,427.4287113701622,pending,2024-09-15
10989,Product_989_1,books,13.776178597065586,75.09724471129157,inactive,2024-03-12
10990,Product_990_1,books,502.6160317174038,34.99999118189017,inactive,2024-03-01
10991,Product_991_1,clothing,388.1110083127828,63.79694855043063,pending,2024-09-18
10992,Product_992_1,clothing,789.3334472131635,70.85762879861028,pending,2024-08-16
10993,Product_993_1,sports,820.4153376610758,349.0567215165121,archived,2024-12-08
10994,Product_994_1,home,712.2792405434064,218.25294553176013,pending,2024-12-04
10995,Product_995_1,electronics,931.3682465960667,388.3973017808604,active,2024-10-26
10996,Product_996_1,home,613.8966336141974,478.4174577557101,inactive,2024-08-23
10997,Product_997_1,electronics,771.3526352993499,375.5621213140257,archived,2024-12-19
10998,Product_998_1,books,288.2086602704153,264.2044240985733,pending,2024-07-07
10999,Product_999_1,home,756.8130651201612,356.75877171238886,active,2024-04-07
11000,Product_1000_1,books,128.29947550050875,172.75176199339256,archived,2024-05-02
11001,Product_1001_1,clothing,495.62625627881556,327.92066088068015,pending,2024-10-14
11002,Product_1002_1,clothing,870.2361729427349,476.23643403241783,inactive,2024-08-19
11003,Product_1003_1,electronics,461.57007752726776,397.0625292746346,archived,2024-04-23
11004,Product_1004_1,electronics,470.14474062285086,379.60273306391133,archived,2024-12-09
11005,Product_1005_1,sports,845.6031816579829,359.58734391238977,archived,2024-12-11
11006,Product_1006_1,sports,848.7319634456053,41.124842160184286,active,2024-07-27
11007,Product_1007_1,home,636.1379812000222,192.81262200823073,pending,2024-02-25
11008,Product_1008_1,clothing,567.9747161206353,108.82147662039624,pending,2024-03-24
11009,Product_1009_1,clothing,788.2120639560937,72.78389543595625,archived,2024-10-05
11010,Product_1010_1,clothing,363.3050094989357,397.6015688755901,pending,2024-03-04
11011,Product_1011_1,clothing,866.3802340896805,62.30239137676077,active,2024-08-21
11012,Product_1012_1,home,698.4980275125242,208.6141578228235,archived,2024-11-07
11013,Product_1013_1,sports,557.9679713041896,214.7901303307028,archived,2024-10-28
11014,Product_1014_1,books,412.19443885746415,177.52938088414294,pending,2024-10-02
11015,Product_1015_1,sports,118.58527687410721,103.24819022899699,active,2024-06-03
11016,Product_1016_1,electronics,355.5073827860842,494.6328805178673,inactive,2024-04-11
11017,Product_1017_1,books,781.1686962651438,265.7559678394085,active,2024-10-26
11018,Product_1018_1,sports,433.6972032833022,341.22338661695557,archived,2024-02-10
11019,Product_1019_1,home,888.2581348026882,286.757868552834,active,2024-06-17
11020,Product_1020_1,clothing,419.22537790955937,459.988096374316,inactive,2024-10-27
11021,Product_1021_1,electronics,655.2680413521208,237.46019950738778,pending,2024-04-06
11022,Product_1022_1,electronics,841.2695293357463,385.70700195497085,pending,2024-02-27
11023,Product_1023_1,sports,891.1268759638341,21.920146044737677,archived,2024-06-27
11024,Product_1024_1,books,509.93623709111745,63.01787961016638,pending,2024-06-26
11025,Product_1025_1,sports,421.0613611618698,223.0295148516967,pending,2024-04-04
11026,Product_1026_1,home,792.3089547565171,467.77907189210265,archived,2024-11-21
11027,Product_1027_1,home,562.3475076133349,69.359382927015,pending,2024-09-19
11028,Product_1028_1,books,435.069134901732,158.69148261465284,inactive,2024-12-04
11029,Product_1029_1,books,143.44486445228588,101.64377712355875,active,2024-07-24
11030,Product_1030_1,home,117.92269059070973,443.94609674609336,pending,2024-11-15
11031,Product_1031_1,sports,382.54320253522576,209.72992888528532,pending,2024-07-03
11032,Product_1032_1,electronics,643.0526605857316,140.1813752479093,active,2024-06-18
11033,Product_1033_1,home,688.8653332759571,226.15779560882672,active,2024-10-27
11034,Product_1034_1,home,286.22434224633093,181.19926506255686,archived,2024-04-06
11035,Product_1035_1,books,380.4322097728474,349.3979665842487,pending,2024-09-05
11036,Product_1036_1,electronics,406.2222696587232,356.6892432298115,pending,2024-08-08
11037,Product_1037_1,books,944.4507708493725,309.4557952083409,archived,2024-06-06
11038,Product_1038_1,books,702.1760611279085,467.0629484524864,inactive,2024-06-26
11039,Product_1039_1,home,622.7698889094866,131.1801283157738,archived,2024-07-07
11040,Product_1040_1,electronics,780.8101387496993,268.31523917179817,inactive,2024-08-15
11041,Product_1041_1,home,250.60892370060583,51.73699785005186,active,2024-05-14
11042,Product_1042_1,sports,778.2325748297441,415.1914230022404,archived,2024-08-19
11043,Product_1043_1,sports,653.9447051954176,300.3638275292167,pending,2024-08-21
11044,Product_1044_1,books,41.297939466123466,85.74184346789448,archived,2024-09-28
11045,Product_1045_1,sports,55.538447625407656,470.1822345532184,inactive,2024-05-06
11046,Product_1046_1,home,731.7608860322875,457.70326128392503,pending,2024-02-04
11047,Product_1047_1,home,142.7955295393329,86.5237552085657,pending,2024-11-22
11048,Product_1048_1,sports,873.6563409527047,316.1501329273951,archived,2024-03-03
11049,Product_1049_1,electronics,377.8869193271059,50.00006431249623,archived,2024-05-24
11050,Product_1050_1,electronics,727.982023541632,430.8293631231991,pending,2024-10-04
11051,Product_1051_1,sports,381.86450413191056,60.52530078949688,inactive,2024-07-10
11052,Product_1052_1,home,100.14389324181751,78.09818610925903,inactive,2024-09-25
11053,Product_1053_1,electronics,682.9605179226696,33.243709135208874,inactive,2024-03-16
11054,Product_1054_1,electronics,699.198053660747,466.08451447188287,inactive,2024-01-12
11055,Product_1055_1,electronics,860.277682287643,309.4550970166005,active,2024-10-14
11056,Product_1056_1,clothing,162.65404654947739,395.51033673352885,archived,2024-04-06
11057,Product_1057_1,clothing,494.06552592411214,185.7095078167459,inactive,2024-01-20
11058,Product_1058_1,sports,32.43844755919294,227.45069635176407,archived,2024-12-24
11059,Product_1059_1,electronics,786.870754150962,144.57746097865441,active,2024-07-27
11060,Product_1060_1,books,554.9215839637833,37.803455603333745,archived,2024-07-17
11061,Product_1061_1,clothing,169.94748181532586,161.40349149167773,archived,2024-01-10
11062,Product_1062_1,electronics,41.46024417492705,125.45492357213466,pending,2024-07-20
11063,Product_1063_1,sports,513.5384980075446,405.15036712363934,inactive,2024-03-01
11064,Product_1064_1,clothing,690.1962893420044,323.22842200012457,archived,2024-11-22
11065,Product_1065_1,books,942.4348257720811,13.745546648255822,archived,2024-02-07
11066,Product_1066_1,books,713.0148040200966,133.26790741565046,pending,2024-07-19
11067,Product_1067_1,home,635.1730894963008,263.81166495691036,active,2024-01-24
11068,Product_1068_1,clothing,154.33600423274356,93.78676297280816,inactive,2024-10-02
11069,Product_1069_1,home,724.076325050481,184.27855945266703,pending,2024-07-01
11070,Product_1070_1,books,526.3892185544909,55.97771559833709,inactive,2024-07-15
11071,Product_1071_1,electronics,783.7715908691941,466.7902572695283,inactive,2024-02-09
11072,Product_1072_1,books,568.8616479461703,62.04448351829008,pending,2024-10-15
11073,Product_1073_1,sports,305.9224193838354,421.1736190720914,active,2024-07-02
11074,Product_1074_1,home,789.8118261321061,248.25685104056544,inactive,2024-03-16
11075,Product_1075_1,books,978.6424217240185,473.7060285777844,active,2024-04-14
11076,Product_1076_1,home,933.1544225868698,34.30895594858458,active,2024-09-09
11077,Product_1077_1,sports,285.86454987656697,478.52517788579013,archived,2024-12-05
11078,Product_1078_1,electronics,289.4200102997006,451.98396653354644,inactive,2024-11-21
11079,Product_1079_1,clothing,747.1330131329552,412.79327324411474,pending,2024-12-12
11080,Product_1080_1,home,174.91494270123667,485.98454022957407,inactive,2024-03-06
11081,Product_1081_1,electronics,9.891900307866978,82.61367204092491,archived,2024-06-27
11082,Product_1082_1,books,611.2550792321871,426.0027734058461,active,2024-02-23
11083,Product_1083_1,electronics,612.3506730515016,296.34780555955615,active,2024-02-10
11084,Product_1084_1,electronics,786.737753278488,303.1808075744534,inactive,2024-09-13
11085,Product_1085_1,sports,487.6621764946036,108.99098645046435,inactive,2024-04-06
11086,Product_1086_1,sports,931.2673312291116,141.58866786413728,active,2024-01-19
11087,Product_1087_1,home,922.2852333939278,369.52082091464973,inactive,2024-07-15
11088,Product_1088_1,books,690.0528309625178,408.5835595013746,pending,2024-01-06
11089,Product_1089_1,home,267.5739465517181,138.00175843307338,archived,2024-03-21
11090,Product_1090_1,books,622.5816257737844,55.95620590587641,pending,2024-10-24
11091,Product_1091_1,clothing,820.2593025014188,87.80048251814843,pending,2024-11-28
11092,Product_1092_1,clothing,174.78666446357627,104.29494575831048,archived,2024-04-08
11093,Product_1093_1,home,433.50820608468035,263.71644671628894,pending,2024-08-28
11094,Product_1094_1,home,371.99272761161563,182.13885131055676,inactive,2024-02-01
11095,Product_1095_1,books,807.6291493340925,339.0637058730691,archived,2024-07-06
11096,Product_1096_1,sports,779.2470073207484,166.44744090324022,active,2024-02-16
11097,Product_1097_1,books,184.95065526978783,81.59270309871741,active,2024-04-25
11098,Product_1098_1,books,822.8484750464069,338.8322120592247,pending,2024-12-13
11099,Product_1099_1,home,667.1978232485274,104.84390977015528,archived,2024-06-27
11100,Product_1100_1,home,95.98759980041352,308.7914351752207,inactive,2024-07-18
11101,Product_1101_1,books,985.0190287938791,322.74499740922386,active,2024-09-24
11102,Product_1102_1,books,632.4236509409722,35.91718060222779,pending,2024-03-26
11103,Product_1103_1,books,365.72230039508133,373.7270157332844,archived,2024-02-22
11104,Product_1104_1,books,339.552962392921,98.61418493215004,active,2024-04-08
11105,Product_1105_1,books,330.72614407380524,211.30550658386187,active,2024-01-16
11106,Product_1106_1,books,608.9421604092279,481.63319957035156,archived,2024-10-18
11107,Product_1107_1,home,262.8884897862713,126.41780994037755,pending,2024-09-10
11108,Product_1108_1,clothing,462.2332337149928,137.9434280978371,archived,2024-07-27
11109,Product_1109_1,home,114.94605308075754,464.0255151274355,archived,2024-07-16
11110,Product_1110_1,books,253.3504764354287,15.502021931407171,active,2024-01-15
11111,Product_1111_1,clothing,397.2923116280201,412.9266080426973,active,2024-02-11
11112,Product_1112_1,electronics,345.31662765963017,335.6737685298191,active,2024-09-04
11113,Product_1113_1,books,750.8215161032106,113.81927189896437,archived,2024-07-18
11114,Product_1114_1,books,852.2189818578834,123.52973639138852,active,2024-06-23
11115,Product_1115_1,sports,836.4715141608997,328.43540143583056,active,2024-06-28
11116,Product_1116_1,books,340.7046905185487,324.9295694696672,inactive,2024-03-03
11117,Product_1117_1,clothing,590.6003244369641,203.509667623243,active,2024-12-05
11118,Product_1118_1,sports,937.4282298934118,254.0022603794551,pending,2024-12-06
11119,Product_1119_1,electronics,979.6376041954733,402.83330646529515,pending,2024-12-22
11120,Product_1120_1,sports,264.4331095523151,455.24618841633065,inactive,2024-10-02
11121,Product_1121_1,books,835.8214645545229,182.2806248770703,archived,2024-06-28
11122,Product_1122_1,clothing,823.9643578043942,182.13959207558574,active,2024-06-08
11123,Product_1123_1,home,531.297533643027,239.30402339193705,pending,2024-06-27
11124,Product_1124_1,sports,544.8496266720229,357.81202959271627,inactive,2024-07-10
11125,Product_1125_1,home,555.1655201992197,39.47036539960998,inactive,2024-10-28
11126,Product_1126_1,books,446.9107496275277,443.3358774363016,archived,2024-01-13
11127,Product_1127_1,sports,401.0679821160835,428.48460627993916,archived,2024-05-07
11128,Product_1128_1,books,671.3865198026235,206.67633901901968,inactive,2024-09-16
11129,Product_1129_1,clothing,18.27132232000798,102.69025293766832,archived,2024-01-04
11130,Product_1130_1,clothing,959.5785020935817,234.12656285653196,inactive,2024-05-09
11131,Product_1131_1,clothing,782.7907940178909,463.64642909396906,pending,2024-09-12
11132,Product_1132_1,electronics,871.8377106721438,418.77879984203713,active,2024-12-28
11133,Product_1133_1,sports,578.37829702312,141.51305444582007,pending,2024-03-15
11134,Product_1134_1,clothing,601.4312257978938,215.09036089445743,pending,2024-11-08
11135,Product_1135_1,sports,195.79905598724827,464.0555153757855,archived,2024-08-12
11136,Product_1136_1,books,220.4056068752811,298.08035501486,archived,2024-04-11
11137,Product_1137_1,books,659.2207839773502,383.58939733491815,active,2024-03-01
11138,Product_1138_1,clothing,39.58501585806431,39.86252659170644,archived,2024-11-16
11139,Product_1139_1,books,143.62300721361916,16.641759897936296,pending,2024-04-09
11140,Product_1140_1,electronics,608.4160097776596,283.59919928355663,archived,2024-03-05
11141,Product_1141_1,electronics,278.006039886882,47.01231204437001,pending,2024-12-26
11142,Product_1142_1,clothing,306.1011124199272,90.08610527873181,archived,2024-01-27
11143,Product_1143_1,home,590.7476911006574,225.55879385752746,archived,2024-06-24
11144,Product_1144_1,home,859.566950279037,349.40102374834845,active,2024-01-08
11145,Product_1145_1,clothing,360.44043003563326,316.2510538322187,active,2024-01-01
11146,Product_1146_1,electronics,225.17144872801583,227.81161291228,active,2024-02-13
11147,Product_1147_1,home,586.103829515836,448.439597018528,inactive,2024-11-25
11148,Product_1148_1,sports,118.55624298382554,70.36088601755644,archived,2024-11-06
11149,Product_1149_1,clothing,11.535165713629395,183.17952629963057,archived,2024-05-25
11150,Product_1150_1,electronics,489.58266221183476,404.3743424218912,active,2024-07-06
11151,Product_1151_1,electronics,21.19727535760093,146.7253336111959,archived,2024-10-21
11152,Product_1152_1,home,560.8133292409411,298.72309748999555,pending,2024-11-23
11153,Product_1153_1,clothing,110.99187081554167,290.4340454176798,inactive,2024-02-21
11154,Product_1154_1,books,626.7274312266732,385.53498151880876,pending,2024-06-11
11155,Product_1155_1,home,978.0727262942981,303.67737040481535,archived,2024-01-23
11156,Product_1156_1,home,697.3472683462924,98.4806869416844,pending,2024-12-12
11157,Product_1157_1,clothing,421.62491287263674,231.4507833904013,archived,2024-06-08
11158,Product_1158_1,books,108.81717746789748,465.46990136308534,archived,2024-08-06
11159,Product_1159_1,books,192.22983713565728,303.0489244732276,pending,2024-01-08
11160,Product_1160_1,clothing,81.5399989874167,430.5101357039743,archived,2024-08-19
11161,Product_1161_1,sports,120.36536645067996,423.65122130384987,active,2024-02-03
11162,Product_1162_1,home,972.1644922412204,383.13255668404656,active,2024-03-24
11163,Product_1163_1,clothing,848.7735262233825,154.55583610178923,active,2024-03-11
11164,Product_1164_1,sports,35.63599409613009,429.80850002099413,active,2024-11-16
11165,Product_1165_1,electronics,171.23775822402172,339.0599542363032,pending,2024-11-19
11166,Product_1166_1,electronics,861.992429581438,211.9249699230393,archived,2024-02-16
11167,Product_1167_1,electronics,123.95234997134303,348.7358598102964,archived,2024-11-15
11168,Product_1168_1,books,850.8570975359952,120.87524634721314,active,2024-01-05
11169,Product_1169_1,clothing,59.18610718681104,34.655794579225315,inactive,2024-11-06
11170,Product_1170_1,home,725.5737959121147,84.65964631768611,pending,2024-03-09
11171,Product_1171_1,electronics,579.628857685937,337.7462285381825,inactive,2024-10-09
11172,Product_1172_1,home,266.8243533762011,384.15591155463017,pending,2024-10-01
11173,Product_1173_1,clothing,233.91245277096777,386.86765556131076,active,2024-06-23
11174,Product_1174_1,clothing,721.6449093725046,103.31324321740917,active,2024-07-07
11175,Product_1175_1,electronics,258.9709929290758,142.65785339635778,pending,2024-04-06
11176,Product_1176_1,home,412.2317266115878,61.97204137543524,active,2024-12-25
11177,Product_1177_1,clothing,515.9146877872204,17.341368005186197,pending,2024-06-01
11178,Product_1178_1,home,729.7407265611607,434.86055254749107,pending,2024-04-18
11179,Product_1179_1,books,390.0362624922613,23.08196109342127,archived,2024-06-19
11180,Product_1180_1,electronics,40.33082959366711,338.6063697691112,active,2024-06-26
11181,Product_1181_1,electronics,350.7663409548469,366.9654381445817,inactive,2024-02-05
11182,Product_1182_1,electronics,502.1362780251236,358.68406012867104,active,2024-12-27
11183,Product_1183_1,electronics,231.45784470834232,78.87301185361363,pending,2024-02-24
11184,Product_1184_1,clothing,701.1255087920259,411.4476860105273,archived,2024-11-27
11185,Product_1185_1,books,439.62067029089513,454.5929606156101,inactive,2024-06-01
11186,Product_1186_1,sports,159.97130317202897,75.5602594006589,pending,2024-09-18
11187,Product_1187_1,electronics,50.175964059042485,274.0061718844612,pending,2024-07-04
11188,Product_1188_1,electronics,559.7228420372807,64.51305016581583,pending,2024-07-15
11189,Product_1189_1,electronics,698.0249692704223,16.728483174231208,archived,2024-02-28
11190,Product_1190_1,clothing,805.6121954580858,12.308108948487282,archived,2024-05-07
11191,Product_1191_1,home,191.1716666368619,79.12472407652643,active,2024-01-11
11192,Product_1192_1,sports,376.86378982022813,91.10215173893752,pending,2024-10-25
11193,Product_1193_1,sports,923.5842324227388,179.78644872449826,active,2024-08-16
11194,Product_1194_1,books,100.18356862789462,294.0046282326254,archived,2024-01-19
11195,Product_1195_1,sports,407.5080205274962,437.4923188244654,pending,2024-09-28
11196,Product_1196_1,electronics,901.7463002566589,363.3669169214495,inactive,2024-12-03
11197,Product_1197_1,clothing,996.0363601001532,402.92395448688586,active,2024-09-11
11198,Product_1198_1,electronics,512.9930338466954,80.7789242688513,pending,2024-06-25
11199,Product_1199_1,home,551.9413131878014,208.20006501764306,pending,2024-04-05
11200,Product_1200_1,clothing,642.8197779481883,287.6631338438721,pending,2024-10-03
11201,Product_1201_1,sports,179.20690212152408,417.7280088762984,active,2024-11-09
11202,Product_1202_1,home,192.5606490754967,209.84057502653104,archived,2024-03-03
11203,Product_1203_1,home,803.8821168357529,441.62358682321013,inactive,2024-04-23
11204,Product_1204_1,electronics,12.53276146908934,122.9872754727304,archived,2024-09-08
11205,Product_1205_1,home,101.08925019667413,173.20017120182126,pending,2024-09-17
11206,Product_1206_1,home,44.53415668569425,420.14205535162034,active,2024-02-15
11207,Product_1207_1,books,39.37854213484456,322.55852110072664,inactive,2024-03-17
11208,Product_1208_1,books,367.02466485965937,434.61812823591026,inactive,2024-09-03
11209,Product_1209_1,books,396.1696680873027,321.6717683137699,active,2024-10-16
11210,Product_1210_1,electronics,619.6423974575905,171.523813543657,pending,2024-11-08
11211,Product_1211_1,electronics,19.5427978052626,335.5476849807984,active,2024-05-05
11212,Product_1212_1,home,945.4142725867557,89.05801132124273,pending,2024-03-12
11213,Product_1213_1,home,223.7111848179431,145.37460602758867,pending,2024-03-25
11214,Product_1214_1,books,431.20930347516264,268.5077386346031,active,2024-09-06
11215,Product_1215_1,books,474.8198143140207,60.126642492090085,inactive,2024-05-04
11216,Product_1216_1,home,191.33194039634571,118.67290519706212,inactive,2024-09-28
11217,Product_1217_1,clothing,705.0174680241485,71.65696099463786,archived,2024-03-10
11218,Product_1218_1,books,833.3733270983387,142.36208509568286,pending,2024-07-24
11219,Product_1219_1,electronics,260.2439246106178,265.85187377573664,archived,2024-01-08
11220,Product_1220_1,books,80.0236248010324,359.1467120413771,archived,2024-05-08
11221,Product_1221_1,books,971.5340507693211,231.04925458652679,inactive,2024-10-16
11222,Product_1222_1,home,667.8957737218144,297.71188651924916,active,2024-03-14
11223,Product_1223_1,clothing,100.26033261998006,25.2551223504202,inactive,2024-03-23
11224,Product_1224_1,home,151.5000959075574,486.73277461548093,inactive,2024-11-15
11225,Product_1225_1,sports,181.17003486310165,30.510502457862113,archived,2024-03-05
11226,Product_1226_1,sports,247.9813372065704,304.6692960568146,archived,2024-10-16
11227,Product_1227_1,sports,819.5248489671872,480.3479668653221,archived,2024-04-01
11228,Product_1228_1,clothing,735.0791230176898,34.530076836746616,active,2024-11-01
11229,Product_1229_1,clothing,550.8088499296017,361.46849683675333,inactive,2024-04-15
11230,Product_1230_1,sports,893.301024032947,37.41916960345175,inactive,2024-09-27
11231,Product_1231_1,home,486.546018037447,351.5056892788469,pending,2024-01-15
11232,Product_1232_1,electronics,582.495941500756,125.17692710647208,inactive,2024-04-12
11233,Product_1233_1,clothing,496.410205419205,242.07967601685857,archived,2024-05-27
11234,Product_1234_1,home,526.5364062482864,164.06211960681563,active,2024-06-18
11235,Product_1235_1,home,700.3779757616427,20.52641929027304,active,2024-11-17
11236,Product_1236_1,books,246.65910136644516,236.3563969593724,pending,2024-03-21
11237,Product_1237_1,books,990.2968601835275,374.69571905101594,archived,2024-06-19
11238,Product_1238_1,books,749.4862744999679,240.13774676420377,inactive,2024-04-20
11239,Product_1239_1,home,40.41462746695799,309.8408657730699,pending,2024-04-20
11240,Product_1240_1,clothing,544.5595768908715,446.81448636488415,inactive,2024-12-24
11241,Product_1241_1,home,691.1115595813925,62.28013189489503,inactive,2024-02-01
11242,Product_1242_1,electronics,69.53514151469521,421.8966786377712,active,2024-07-01
11243,Product_1243_1,clothing,352.40577778501984,216.01971855179573,active,2024-05-27
11244,Product_1244_1,clothing,111.21687521462349,467.7712925225725,pending,2024-05-25
11245,Product_1245_1,electronics,942.432791537905,452.4487772234468,active,2024-10-21
11246,Product_1246_1,clothing,497.30646683819174,261.2077652395508,pending,2024-03-26
11247,Product_1247_1,books,344.5563010759592,483.33217381351045,archived,2024-01-25
11248,Product_1248_1,home,628.0990278489077,15.726644664315842,pending,2024-07-13
11249,Product_1249_1,electronics,434.01908987247265,161.16380390079806,active,2024-08-27
11250,Product_1250_1,home,249.55488626150563,139.7878075628572,archived,2024-03-22
11251,Product_1251_1,clothing,240.7102950913648,331.4852045178505,pending,2024-10-12
11252,Product_1252_1,home,869.7834917975044,283.6235372574247,inactive,2024-01-03
11253,Product_1253_1,electronics,441.2472511116172,476.27724264197167,pending,2024-07-12
11254,Product_1254_1,home,876.1064701433729,373.42099442504775,pending,2024-01-16
11255,Product_1255_1,electronics,507.41589515669455,63.68067068091246,inactive,2024-12-02
11256,Product_1256_1,sports,91.88368336440345,488.4832352528084,pending,2024-11-19
11257,Product_1257_1,sports,94.15389362516828,362.244239500017,pending,2024-01-02
11258,Product_1258_1,home,365.064657221608,104.98101834846531,archived,2024-05-26
11259,Product_1259_1,home,939.1667942069136,125.81627912245915,archived,2024-11-22
11260,Product_1260_1,electronics,299.02401455559453,46.59865682904404,archived,2024-11-12
11261,Product_1261_1,home,155.42663982833238,441.51888951270587,archived,2024-09-13
11262,Product_1262_1,electronics,496.15055825023876,331.79068390180043,pending,2024-02-27
11263,Product_1263_1,books,809.826532941643,395.68941620992365,archived,2024-11-22
11264,Product_1264_1,sports,269.40108002961,150.36669340400385,inactive,2024-03-28
11265,Product_1265_1,electronics,325.8322778559441,27.137524738365062,active,2024-10-28
11266,Product_1266_1,sports,198.29192870448819,460.26847605785133,active,2024-06-21
11267,Product_1267_1,clothing,565.3026302354915,103.62267483843516,archived,2024-05-14
11268,Product_1268_1,sports,521.4602900783158,174.17780770505925,active,2024-04-10
11269,Product_1269_1,home,362.7686041952261,187.44670281510923,inactive,2024-06-28
11270,Product_1270_1,home,560.1614435500728,379.4255314680444,archived,2024-11-01
11271,Product_1271_1,books,258.35342788223153,152.9191422918613,active,2024-12-14
11272,Product_1272_1,clothing,918.5524259350175,64.97078459777569,active,2024-06-17
11273,Product_1273_1,sports,818.873945371988,39.40332652123776,active,2024-01-02
11274,Product_1274_1,home,786.4410567790501,121.10589797356535,archived,2024-04-17
11275,Product_1275_1,clothing,738.346004366979,349.8766638147144,archived,2024-10-02
11276,Product_1276_1,home,942.9328210174333,116.43164425622773,active,2024-09-12
11277,Product_1277_1,sports,397.48300607229595,186.9086975012076,pending,2024-07-15
11278,Product_1278_1,electronics,169.59902639661388,93.61630985276076,inactive,2024-03-02
11279,Product_1279_1,home,623.4183007404042,300.83191273959955,inactive,2024-09-23
11280,Product_1280_1,sports,180.23929521127994,290.0115454723025,archived,2024-08-11
11281,Product_1281_1,electronics,582.6498610284048,310.2309333848932,pending,2024-05-15
11282,Product_1282_1,sports,207.03811677402004,247.44903210858075,pending,2024-07-17
11283,Product_1283_1,sports,210.73905969530867,405.0853528154259,active,2024-05-08
11284,Product_1284_1,sports,623.565129034202,99.34138491708346,active,2024-02-17
11285,Product_1285_1,electronics,516.2466090641818,398.4024177374665,archived,2024-05-26
11286,Product_1286_1,electronics,144.9898665595209,384.20057659326346,inactive,2024-02-04
11287,Product_1287_1,books,165.61964807766665,497.2192468003686,inactive,2024-01-16
11288,Product_1288_1,home,323.1943724309553,72.68382166777613,pending,2024-02-27
11289,Product_1289_1,books,612.4715455648485,251.56781143404845,archived,2024-06-15
11290,Product_1290_1,electronics,548.2717431746336,26.76674752858892,active,2024-04-09
11291,Product_1291_1,electronics,632.0805129771779,80.09818235634107,inactive,2024-01-14
11292,Product_1292_1,sports,517.1075776984268,248.79085309200505,archived,2024-05-24
11293,Product_1293_1,sports,191.013208779984,138.27018004935272,inactive,2024-09-26
11294,Product_1294_1,home,913.1783335862259,480.89717606213026,inactive,2024-04-07
11295,Product_1295_1,electronics,851.1952944672497,123.74118667436436,archived,2024-09-20
11296,Product_1296_1,books,380.2676861770145,100.44557720426167,archived,2024-03-16
11297,Product_1297_1,books,333.501902872218,286.43107012207304,archived,2024-09-26
11298,Product_1298_1,electronics,66.30435998557347,125.54356741847192,archived,2024-09-11
11299,Product_1299_1,electronics,425.63121051694213,72.56146075942428,archived,2024-03-12
11300,Product_1300_1,sports,239.34328354022168,241.69152305623288,archived,2024-05-15
11301,Product_1301_1,electronics,352.24725443684383,302.21080288281485,archived,2024-05-19
11302,Product_1302_1,books,155.65054323018296,372.5023466201133,archived,2024-09-24
11303,Product_1303_1,electronics,702.3973987162562,122.26521708667849,archived,2024-11-25
11304,Product_1304_1,home,538.6160399256286,16.841139068419963,inactive,2024-05-16
11305,Product_1305_1,clothing,684.2783479257774,95.77417245701776,archived,2024-09-07
11306,Product_1306_1,sports,531.6213619208786,394.7899138192982,pending,2024-11-19
11307,Product_1307_1,books,485.6301888654847,457.2064510642623,inactive,2024-01-07
11308,Product_1308_1,electronics,770.5228196924035,492.80802338533397,inactive,2024-11-08
11309,Product_1309_1,books,893.079394507229,376.6122296428759,pending,2024-08-08
11310,Product_1310_1,clothing,411.13532024081434,301.79739342454326,active,2024-11-07
11311,Product_1311_1,home,455.894938980973,182.82525974575762,inactive,2024-02-26
11312,Product_1312_1,electronics,255.51291309593358,16.343193646634816,inactive,2024-11-19
11313,Product_1313_1,books,33.79297536898794,257.09356032031985,inactive,2024-08-05
11314,Product_1314_1,clothing,901.3336034590761,192.65780329859356,active,2024-05-15
11315,Product_1315_1,electronics,717.2446783068038,135.59866384848573,active,2024-12-02
11316,Product_1316_1,sports,699.664559743589,134.94744714016477,active,2024-01-20
11317,Product_1317_1,clothing,847.8020680994903,37.1228635224123,active,2024-10-25
11318,Product_1318_1,sports,631.919157247172,47.4274705758596,pending,2024-04-11
11319,Product_1319_1,sports,968.3777949928527,217.59505607918481,pending,2024-09-28
11320,Product_1320_1,home,737.4503558502813,27.293243681623814,pending,2024-04-02
11321,Product_1321_1,home,71.00005396456089,164.41131570634636,pending,2024-01-09
11322,Product_1322_1,clothing,636.7575269689565,213.11970184769154,inactive,2024-03-11
11323,Product_1323_1,home,910.2945765159956,101.63352145387773,active,2024-10-01
11324,Product_1324_1,sports,207.0689646756659,192.78903388910808,archived,2024-04-28
11325,Product_1325_1,home,446.20514753032376,271.9875260543524,inactive,2024-09-20
11326,Product_1326_1,home,467.01990643337984,345.7148470853716,active,2024-09-08
11327,Product_1327_1,sports,397.93069275223036,126.68539466961217,pending,2024-02-17
11328,Product_1328_1,electronics,139.67215785014253,45.54711123545362,pending,2024-09-26
11329,Product_1329_1,home,221.4370943876146,47.57727444186693,active,2024-09-10
11330,Product_1330_1,clothing,373.93868270156827,91.79540054338474,active,2024-10-10
11331,Product_1331_1,sports,75.66243474828059,73.54629153647987,active,2024-07-23
11332,Product_1332_1,books,615.3529601040227,379.3083774903877,active,2024-11-10
11333,Product_1333_1,sports,80.08336072348739,254.79920508719718,pending,2024-03-17
11334,Product_1334_1,electronics,891.7516886587453,394.33163649865816,archived,2024-06-23
11335,Product_1335_1,clothing,592.1320016747221,192.07451924387397,archived,2024-11-11
11336,Product_1336_1,electronics,663.4114903193438,150.67772000094257,inactive,2024-02-22
11337,Product_1337_1,books,907.104274189505,343.8057762395787,inactive,2024-08-06
11338,Product_1338_1,sports,266.96123384096586,138.0646225824437,active,2024-08-11
11339,Product_1339_1,home,670.4986582477596,269.4929096492965,archived,2024-01-26
11340,Product_1340_1,electronics,774.1057893324426,228.7123717673888,archived,2024-01-12
11341,Product_1341_1,books,723.0059328114604,322.02912242560836,active,2024-10-23
11342,Product_1342_1,electronics,913.1942864838247,24.645263957768652,active,2024-01-14
11343,Product_1343_1,sports,500.36864824580215,367.7936664110804,inactive,2024-07-07
11344,Product_1344_1,home,618.0113835334554,447.02347937447314,pending,2024-11-17
11345,Product_1345_1,clothing,968.1435838575953,14.719404013161721,pending,2024-04-19
11346,Product_1346_1,sports,865.7648398964924,72.30831211278087,archived,2024-05-22
11347,Product_1347_1,sports,968.5300466233947,52.92949785449629,inactive,2024-11-22
11348,Product_1348_1,clothing,548.1977500229162,446.93434246108046,pending,2024-12-02
11349,Product_1349_1,clothing,517.0446545375162,429.37445604452824,archived,2024-09-28
11350,Product_1350_1,electronics,151.76018477577898,286.7334733100913,active,2024-01-05
11351,Product_1351_1,books,760.2658516280093,74.82460887716336,pending,2024-05-13
11352,Product_1352_1,books,820.5482375511156,466.3699170272556,active,2024-07-01
11353,Product_1353_1,books,754.8548044052118,36.06229878048492,archived,2024-02-23
11354,Product_1354_1,sports,153.39517314341765,297.9154200922283,inactive,2024-11-04
11355,Product_1355_1,books,441.0549678000585,143.4972173448002,pending,2024-03-22
11356,Product_1356_1,clothing,309.9620649255879,402.2739300143735,inactive,2024-02-13
11357,Product_1357_1,electronics,806.2478149051066,426.4690072951663,active,2024-07-25
11358,Product_1358_1,sports,635.6318523456944,98.0295605267559,pending,2024-02-06
11359,Product_1359_1,electronics,219.6335564210805,245.59033077881074,pending,2024-11-01
11360,Product_1360_1,home,266.383510954423,423.5761454548169,inactive,2024-05-02
11361,Product_1361_1,home,180.99300647057606,400.93278416352047,inactive,2024-11-14
11362,Product_1362_1,sports,820.9061200104463,165.59952039831452,inactive,2024-04-28
11363,Product_1363_1,electronics,490.81461200188284,182.47218597295296,pending,2024-03-11
11364,Product_1364_1,sports,360.09855936007585,472.7788824882181,active,2024-10-04
11365,Product_1365_1,electronics,245.84603867679726,78.20786391915331,inactive,2024-09-16
11366,Product_1366_1,electronics,481.58141517115126,80.66510652519754,active,2024-05-12
11367,Product_1367_1,sports,31.584308976629693,455.34227457825295,active,2024-01-05
11368,Product_1368_1,clothing,90.56534284445351,61.43234932429725,active,2024-09-12
11369,Product_1369_1,electronics,188.81724684562872,169.6065517018607,archived,2024-03-28
11370,Product_1370_1,books,440.64750863543105,360.5980663482935,inactive,2024-03-03
11371,Product_1371_1,home,670.5580675583689,381.39136655865906,pending,2024-12-20
11372,Product_1372_1,electronics,861.0602034689081,417.2485208127401,archived,2024-02-15
11373,Product_1373_1,clothing,66.98931363645404,64.9973537037321,active,2024-11-09
11374,Product_1374_1,home,737.3099431997657,258.68664660210015,active,2024-05-02
11375,Product_1375_1,home,744.7370245055102,227.5222246637396,pending,2024-09-14
11376,Product_1376_1,electronics,795.1962252490916,420.8826513508112,active,2024-01-04
11377,Product_1377_1,electronics,437.8138465333673,141.72094248535234,pending,2024-01-28
11378,Product_1378_1,electronics,529.0452539400491,487.56471859281834,archived,2024-05-16
11379,Product_1379_1,sports,494.7597910121897,453.7108871143497,active,2024-09-01
11380,Product_1380_1,clothing,642.9017138128612,47.391638044970215,active,2024-10-26
11381,Product_1381_1,books,959.3338009094446,428.0805953476159,active,2024-06-22
11382,Product_1382_1,books,8.000361907769879,35.523212896711286,pending,2024-05-27
11383,Product_1383_1,sports,216.31351215637432,65.01283344889194,active,2024-11-16
11384,Product_1384_1,home,20.902394429089277,229.36569224550962,inactive,2024-09-27
11385,Product_1385_1,clothing,567.5408198396956,188.90934962881346,inactive,2024-05-17
11386,Product_1386_1,electronics,487.6183323741689,434.7095558354308,archived,2024-05-03
11387,Product_1387_1,home,625.4532431574837,41.997343167455846,inactive,2024-06-28
11388,Product_1388_1,sports,766.9334187329791,475.0105497527117,archived,2024-05-26
11389,Product_1389_1,clothing,720.9129777762935,404.8605397362781,archived,2024-06-21
11390,Product_1390_1,sports,829.5012632395425,386.5095369385295,active,2024-03-27
11391,Product_1391_1,sports,47.43650432476881,178.6056510081096,pending,2024-02-11
11392,Product_1392_1,electronics,879.8222113704571,186.1509472847477,inactive,2024-03-15
11393,Product_1393_1,clothing,686.0173131183021,105.17774027822634,active,2024-01-06
11394,Product_1394_1,sports,51.99653658951136,265.22593973613573,archived,2024-04-03
11395,Product_1395_1,sports,321.84663673228397,12.305672727191354,pending,2024-01-05
11396,Product_1396_1,clothing,319.4946691645771,149.5237897759714,inactive,2024-04-18
11397,Product_1397_1,home,435.5975431410596,351.11729345269447,inactive,2024-11-03
11398,Product_1398_1,clothing,426.67553618832557,305.39802454106837,active,2024-03-14
11399,Product_1399_1,home,293.4046254080367,458.7434655268752,inactive,2024-05-13
11400,Product_1400_1,clothing,978.9480632888097,400.86978668700596,active,2024-04-12
11401,Product_1401_1,sports,290.49226007252935,34.01428722407236,inactive,2024-10-22
11402,Product_1402_1,electronics,622.2534228091373,294.23965864840204,inactive,2024-12-27
11403,Product_1403_1,home,325.7968082545783,99.47624053425085,active,2024-07-20
11404,Product_1404_1,sports,652.8221502853671,368.26420616227085,archived,2024-04-19
11405,Product_1405_1,sports,826.7460481066496,96.9757597643902,archived,2024-05-17
11406,Product_1406_1,home,174.06315323442283,161.5008943655075,archived,2024-06-15
11407,Product_1407_1,clothing,195.96904030439458,288.20385709964694,pending,2024-09-08
11408,Product_1408_1,clothing,743.1215912637889,348.43904857405914,inactive,2024-08-23
11409,Product_1409_1,sports,472.44694949854784,496.65257353813024,inactive,2024-11-23
11410,Product_1410_1,books,552.5330390612364,201.63106396546712,inactive,2024-04-21
11411,Product_1411_1,home,890.9389610834568,416.8777725016942,inactive,2024-07-07
11412,Product_1412_1,books,367.5330558324951,178.95891374541608,inactive,2024-10-04
11413,Product_1413_1,sports,295.3891908603146,73.31214813017542,pending,2024-06-25
11414,Product_1414_1,sports,986.4245317067123,191.2904696079509,archived,2024-08-14
11415,Product_1415_1,home,883.9263971523919,189.0423632570502,active,2024-09-15
11416,Product_1416_1,books,820.3996750424508,172.4967481403021,active,2024-11-13
11417,Product_1417_1,clothing,124.23785608745892,69.76953464076712,pending,2024-06-22
11418,Product_1418_1,books,356.35542390709765,295.33843627245056,archived,2024-05-02
11419,Product_1419_1,electronics,880.7299829016898,400.486037501817,pending,2024-04-08
11420,Product_1420_1,books,737.1578663131075,484.3497195656487,pending,2024-04-07
11421,Product_1421_1,electronics,901.0379944325315,262.8241503931804,archived,2024-12-23
11422,Product_1422_1,clothing,499.56440303907283,85.15198784288108,pending,2024-08-03
11423,Product_1423_1,clothing,659.4580466602139,138.6614273657243,archived,2024-12-04
11424,Product_1424_1,books,481.69793137375154,14.777200918675979,inactive,2024-04-05
11425,Product_1425_1,clothing,363.5497936844503,263.0468158979318,pending,2024-11-18
11426,Product_1426_1,books,723.4948856999682,375.0559997715548,pending,2024-02-22
11427,Product_1427_1,sports,593.694780207289,339.4226239235001,active,2024-01-05
11428,Product_1428_1,sports,402.78546399732375,153.67507088387367,inactive,2024-10-13
11429,Product_1429_1,sports,703.5126891657806,334.98226759649503,active,2024-04-26
11430,Product_1430_1,clothing,347.46502165159905,181.5591197209181,active,2024-01-20
11431,Product_1431_1,home,564.3626429115915,381.1956816722744,inactive,2024-02-16
11432,Product_1432_1,sports,113.67236070693376,300.0099647700455,inactive,2024-11-01
11433,Product_1433_1,home,450.5000825001591,253.39029882110614,active,2024-06-24
11434,Product_1434_1,home,720.8402842825899,233.9599440306951,active,2024-06-08
11435,Product_1435_1,clothing,517.4080363317014,213.5987366700558,active,2024-06-14
11436,Product_1436_1,sports,481.2072150359961,140.64247971946398,archived,2024-09-04
11437,Product_1437_1,home,927.6099231239447,331.9290320861789,inactive,2024-11-11
11438,Product_1438_1,home,447.83580466655394,455.1197853696014,inactive,2024-06-26
11439,Product_1439_1,home,198.89516527581853,216.36434737067486,archived,2024-10-28
11440,Product_1440_1,home,408.80437325671824,199.56903743932045,pending,2024-06-08
11441,Product_1441_1,clothing,699.3374345284043,208.3104854896584,archived,2024-01-14
11442,Product_1442_1,sports,395.56402904582546,73.87624608131915,archived,2024-02-24
11443,Product_1443_1,clothing,626.3265526132151,25.926068731713606,active,2024-11-01
11444,Product_1444_1,electronics,148.89338558700445,409.55227869279753,pending,2024-10-16
11445,Product_1445_1,books,205.2095234392594,135.2304405126669,archived,2024-05-28
11446,Product_1446_1,electronics,595.3921008360186,209.1964092104938,pending,2024-10-23
11447,Product_1447_1,books,967.9528246863972,433.0114365740628,pending,2024-11-17
11448,Product_1448_1,sports,896.4329218592387,119.97157768388854,pending,2024-09-09
11449,Product_1449_1,clothing,591.1594977213404,383.47189774510286,pending,2024-02-18
11450,Product_1450_1,clothing,237.13678938597195,358.6463530253855,archived,2024-09-28
11451,Product_1451_1,electronics,455.019601103471,385.9524776345528,inactive,2024-02-18
11452,Product_1452_1,sports,488.840619527866,64.04142908328957,pending,2024-11-20
11453,Product_1453_1,electronics,424.21099059744415,140.05107081248565,active,2024-10-19
11454,Product_1454_1,electronics,118.87025736911481,141.5108198044051,archived,2024-10-24
11455,Product_1455_1,home,702.7332363064301,304.24560923705394,inactive,2024-10-24
11456,Product_1456_1,clothing,889.091439522525,139.77713956272697,inactive,2024-11-28
11457,Product_1457_1,books,525.840952485515,400.25182219833493,archived,2024-10-03
11458,Product_1458_1,electronics,256.7084231202591,447.48342347183,pending,2024-02-03
11459,Product_1459_1,books,271.80022516941614,324.1958568449399,pending,2024-08-03
11460,Product_1460_1,sports,46.170901930077406,130.69833284541596,inactive,2024-08-28
11461,Product_1461_1,electronics,77.23499623318462,421.77687317223894,archived,2024-12-11
11462,Product_1462_1,electronics,382.00893410548946,410.7688887092017,active,2024-08-01
11463,Product_1463_1,clothing,142.97563541759038,318.49202143956796,archived,2024-04-24
11464,Product_1464_1,sports,987.8549283211327,74.97661373973853,active,2024-11-24
11465,Product_1465_1,books,358.69495446447837,437.725396562181,inactive,2024-08-12
11466,Product_1466_1,books,452.12581483034796,381.0226311261021,archived,2024-03-18
11467,Product_1467_1,sports,554.6525210780761,225.55985603118825,pending,2024-12-06
11468,Product_1468_1,sports,945.5881237976807,445.3546939519481,active,2024-11-05
11469,Product_1469_1,clothing,271.20339765212964,367.91555174086335,active,2024-09-16
11470,Product_1470_1,sports,161.1510650936871,93.41323185434662,active,2024-04-18
11471,Product_1471_1,electronics,61.28871344667729,416.8997609150001,inactive,2024-06-03
11472,Product_1472_1,clothing,380.40725745159335,446.0122550500063,inactive,2024-08-12
11473,Product_1473_1,home,910.8000996159475,32.19413903130823,inactive,2024-06-18
11474,Product_1474_1,home,613.7199933858564,54.92102167805336,archived,2024-12-03
11475,Product_1475_1,electronics,314.1345325629811,344.67961188119193,archived,2024-12-18
11476,Product_1476_1,clothing,63.94378182923307,431.3275929937631,inactive,2024-10-22
11477,Product_1477_1,books,362.7599038629655,128.67662013588347,active,2024-06-10
11478,Product_1478_1,books,425.9149271580987,55.686612406315135,active,2024-03-20
11479,Product_1479_1,clothing,455.73518316134965,380.6602437128086,active,2024-02-18
11480,Product_1480_1,clothing,949.2495349721141,263.1078021794956,active,2024-01-28
11481,Product_1481_1,sports,390.6478338981331,226.7049842026078,archived,2024-09-04
11482,Product_1482_1,home,238.9408190027079,96.50343336927203,active,2024-07-28
11483,Product_1483_1,sports,249.97997778162002,146.73164528578977,active,2024-03-05
11484,Product_1484_1,clothing,111.23291689257738,66.81928010524678,pending,2024-09-16
11485,Product_1485_1,sports,6.624052366392723,204.84479615270888,active,2024-11-19
11486,Product_1486_1,electronics,800.6991110606178,146.98850527210033,pending,2024-10-19
11487,Product_1487_1,clothing,546.3725880304315,106.65545721784618,pending,2024-07-25
11488,Product_1488_1,home,730.8305948742575,208.9029273808057,pending,2024-02-05
11489,Product_1489_1,electronics,89.15153267858739,60.92308879977869,pending,2024-05-02
11490,Product_1490_1,clothing,554.4628876276555,327.29941225556587,inactive,2024-04-10
11491,Product_1491_1,home,60.980695282135805,197.53362396944257,active,2024-02-06
11492,Product_1492_1,books,738.1797717596719,233.39124397310238,archived,2024-04-27
11493,Product_1493_1,clothing,135.30140616355712,91.12983640465258,pending,2024-09-07
11494,Product_1494_1,home,132.91892730185432,211.92598720263024,pending,2024-11-15
11495,Product_1495_1,sports,171.2845976227667,265.77673622896003,active,2024-08-13
11496,Product_1496_1,home,283.09865049028735,374.8365051035833,pending,2024-03-15
11497,Product_1497_1,electronics,560.7907140752023,438.4586247929828,pending,2024-10-25
11498,Product_1498_1,clothing,137.98121753131406,44.62611209827432,active,2024-12-23
11499,Product_1499_1,home,70.58510255606484,411.8011374539128,active,2024-08-13
11500,Product_1500_1,books,961.6175174821942,96.27608225779143,inactive,2024-07-07
11501,Product_1501_1,sports,878.6374547583695,152.1840049360802,inactive,2024-10-05
11502,Product_1502_1,electronics,706.3946173106376,143.9629709173995,inactive,2024-05-07
11503,Product_1503_1,books,794.0461669434642,164.42858425321802,active,2024-11-02
11504,Product_1504_1,sports,521.097708820651,159.38936912105748,inactive,2024-02-01
11505,Product_1505_1,clothing,336.3200922574038,75.22296213128514,pending,2024-03-14
11506,Product_1506_1,electronics,105.3805645850942,343.4484681778208,active,2024-02-23
11507,Product_1507_1,electronics,882.6015508672078,452.221077027383,archived,2024-02-13
11508,Product_1508_1,books,499.6007244511467,404.6213891014762,active,2024-12-17
11509,Product_1509_1,electronics,856.1624140701441,485.42971659149964,inactive,2024-10-21
11510,Product_1510_1,electronics,212.16655189371366,411.2373961466623,archived,2024-03-11
11511,Product_1511_1,clothing,54.0374032641504,104.85939359443556,active,2024-12-19
11512,Product_1512_1,sports,893.6852413925819,251.2242782991455,active,2024-04-14
11513,Product_1513_1,sports,558.0789927291742,312.6646770706016,active,2024-07-20
11514,Product_1514_1,sports,417.6055758519994,30.829193805705778,inactive,2024-10-07
11515,Product_1515_1,clothing,228.88657572689127,42.264350425081716,active,2024-02-06
11516,Product_1516_1,clothing,698.7318820655017,332.34293586081606,active,2024-07-28
11517,Product_1517_1,books,170.50415226298125,380.94241764016954,active,2024-02-20
11518,Product_1518_1,sports,677.5653664943172,19.84468113173886,archived,2024-06-14
11519,Product_1519_1,clothing,632.7277674909393,241.74818495083503,inactive,2024-01-11
11520,Product_1520_1,sports,189.47279124938737,362.8214912803811,inactive,2024-06-05
11521,Product_1521_1,books,420.64897295606875,263.364049135183,archived,2024-04-15
11522,Product_1522_1,sports,685.1447176371461,369.70230478260146,archived,2024-02-26
11523,Product_1523_1,clothing,800.3798507725409,27.174211200181414,pending,2024-12-16
11524,Product_1524_1,books,833.1850763233161,245.1013970742871,active,2024-02-15
11525,Product_1525_1,home,101.3978373035428,215.3787875373773,archived,2024-12-26
11526,Product_1526_1,home,800.2454008572794,304.3884357677654,inactive,2024-10-04
11527,Product_1527_1,clothing,945.6261212420881,315.48164031109735,active,2024-07-15
11528,Product_1528_1,sports,644.1647530529583,215.96390620711495,archived,2024-10-24
11529,Product_1529_1,electronics,434.61707652715035,449.0194048041565,pending,2024-01-02
11530,Product_1530_1,clothing,966.85147164167,401.40862503209524,active,2024-08-21
11531,Product_1531_1,clothing,26.16438874729246,60.27921541456025,active,2024-05-20
11532,Product_1532_1,home,148.3357151974101,439.89793397826145,inactive,2024-10-20
11533,Product_1533_1,books,528.4653060302869,473.87424798299713,active,2024-04-21
11534,Product_1534_1,electronics,273.69539183717467,168.9463370475495,inactive,2024-12-10
11535,Product_1535_1,electronics,58.044243951449516,394.1163767280962,inactive,2024-06-13
11536,Product_1536_1,books,632.2808654783319,121.1491234091694,archived,2024-04-24
11537,Product_1537_1,home,484.46397902356074,84.55207815155865,inactive,2024-09-26
11538,Product_1538_1,clothing,603.5029279621172,288.5014896359067,pending,2024-07-20
11539,Product_1539_1,sports,228.0441599821339,499.1026436964899,inactive,2024-02-26
11540,Product_1540_1,sports,64.16275431821117,212.8718806249658,active,2024-12-23
11541,Product_1541_1,books,505.1227371338889,404.2525920594567,archived,2024-10-05
11542,Product_1542_1,sports,923.1756734834332,187.8774074465793,pending,2024-04-06
11543,Product_1543_1,electronics,13.221917227397926,95.59334589492991,pending,2024-07-01
11544,Product_1544_1,books,770.8952402138069,469.33596181060244,active,2024-11-05
11545,Product_1545_1,sports,585.7604523410641,443.48455619757846,pending,2024-12-22
11546,Product_1546_1,books,551.3653644320393,448.8663134597549,archived,2024-05-22
11547,Product_1547_1,electronics,772.842658829128,385.29596006295816,pending,2024-10-07
11548,Product_1548_1,home,69.12865178937687,121.29683385307254,archived,2024-08-12
11549,Product_1549_1,electronics,36.593366095256435,433.98164798040074,inactive,2024-10-13
11550,Product_1550_1,home,8.628664605519438,117.69600376114376,inactive,2024-11-10
11551,Product_1551_1,electronics,24.623552644875804,140.25555277302027,active,2024-02-03
11552,Product_1552_1,electronics,122.87997413807753,346.54709239323216,active,2024-05-16
11553,Product_1553_1,home,656.5347265721261,497.553779191445,active,2024-10-21
11554,Product_1554_1,sports,450.3789422287045,404.91730362761444,inactive,2024-05-14
11555,Product_1555_1,home,137.16307736132197,221.22560936107135,archived,2024-11-12
11556,Product_1556_1,books,589.806825821264,438.7857248349992,archived,2024-04-12
11557,Product_1557_1,sports,121.35104475272966,392.6503965078747,archived,2024-04-14
11558,Product_1558_1,sports,121.98368816453028,404.8881092380364,inactive,2024-04-05
11559,Product_1559_1,clothing,916.7412311253274,13.945276588219762,pending,2024-05-15
11560,Product_1560_1,home,707.7187388441035,218.7725964868697,archived,2024-09-18
11561,Product_1561_1,electronics,943.6836362602102,23.483889593099754,inactive,2024-05-12
11562,Product_1562_1,clothing,944.1880372065605,20.742757960436386,active,2024-04-09
11563,Product_1563_1,clothing,373.6855631465827,498.77111404469076,pending,2024-04-10
11564,Product_1564_1,sports,631.0226741741138,395.76778986144035,inactive,2024-04-11
11565,Product_1565_1,home,418.891076751942,276.33043616831856,inactive,2024-06-27
11566,Product_1566_1,books,661.787842647001,449.61755678934634,active,2024-09-01
11567,Product_1567_1,books,339.12754780037096,112.50336709710403,inactive,2024-10-03
11568,Product_1568_1,home,734.9599129593743,99.26751881272172,inactive,2024-06-14
11569,Product_1569_1,electronics,48.590865106621244,393.1294624713946,pending,2024-07-11
11570,Product_1570_1,home,618.1083941200203,391.4390722421083,pending,2024-10-15
11571,Product_1571_1,clothing,928.9709871610095,89.82654116306192,active,2024-09-15
11572,Product_1572_1,home,329.4845495833777,32.83667441646685,inactive,2024-06-09
11573,Product_1573_1,electronics,900.2341966248486,76.33014174550256,pending,2024-08-04
11574,Product_1574_1,books,517.8684498221854,430.9972204055948,archived,2024-11-11
11575,Product_1575_1,books,689.6322226645696,127.36620909333097,inactive,2024-11-05
11576,Product_1576_1,electronics,272.77544519027964,356.69407841925255,archived,2024-03-06
11577,Product_1577_1,electronics,114.4569325838428,305.4712579189178,archived,2024-10-02
11578,Product_1578_1,clothing,503.6981275362929,35.71525738028876,pending,2024-05-12
11579,Product_1579_1,home,422.7050991139161,376.45423618747645,archived,2024-03-20
11580,Product_1580_1,clothing,723.6190798355109,483.77910007432797,active,2024-10-21
11581,Product_1581_1,clothing,539.2595724884268,29.145563947822005,archived,2024-12-08
11582,Product_1582_1,books,694.3060319910351,290.8955832392348,inactive,2024-06-15
11583,Product_1583_1,home,335.6328869561473,390.67262496176664,archived,2024-12-05
11584,Product_1584_1,clothing,942.8736469898394,314.4442423728992,archived,2024-06-18
11585,Product_1585_1,home,566.8930817932655,39.36266130824034,archived,2024-05-24
11586,Product_1586_1,home,807.6336203092322,223.17135864746362,pending,2024-10-11
11587,Product_1587_1,sports,246.46229819981315,489.14767828710285,active,2024-01-21
11588,Product_1588_1,home,443.20579595828997,189.0842147692691,pending,2024-02-19
11589,Product_1589_1,home,264.7127195929134,240.7085598188321,pending,2024-05-07
11590,Product_1590_1,clothing,732.824935718186,295.3084049064943,archived,2024-12-22
11591,Product_1591_1,clothing,198.20035504758303,31.040170670768006,inactive,2024-03-26
11592,Product_1592_1,sports,493.1837363367858,293.34973150266035,archived,2024-04-19
11593,Product_1593_1,clothing,314.54262909866605,274.07947429726835,inactive,2024-08-06
11594,Product_1594_1,books,658.2920804166528,150.35549216626623,archived,2024-11-03
11595,Product_1595_1,electronics,301.36232405407037,144.36809855533247,archived,2024-07-10
11596,Product_1596_1,electronics,650.3870808432357,244.8709933826043,inactive,2024-09-06
11597,Product_1597_1,electronics,81.39363354545026,92.45693928110663,active,2024-12-14
11598,Product_1598_1,sports,384.22228715076807,22.711272213518974,pending,2024-06-05
11599,Product_1599_1,books,398.20656144003954,244.1295461008406,inactive,2024-10-06
11600,Product_1600_1,books,578.0998699072142,350.3573798392978,pending,2024-03-20
11601,Product_1601_1,sports,789.1702901120054,409.49830021543835,active,2024-05-11
11602,Product_1602_1,electronics,488.6852103376719,356.0971673806742,pending,2024-04-24
11603,Product_1603_1,books,901.3646553574417,342.00605232290854,inactive,2024-12-16
11604,Product_1604_1,home,193.27989313079723,365.3913844897384,archived,2024-01-02
11605,Product_1605_1,sports,535.9014390648391,106.94039134322102,inactive,2024-11-09
11606,Product_1606_1,clothing,659.6822353235094,208.855346361262,pending,2024-03-03
11607,Product_1607_1,home,814.3132788554718,114.70819929210415,active,2024-02-10
11608,Product_1608_1,home,354.41908630582304,227.65087024670953,pending,2024-02-15
11609,Product_1609_1,home,928.8113904518322,141.78766404137932,inactive,2024-10-08
11610,Product_1610_1,home,38.85879850583064,51.235242064325234,inactive,2024-04-15
11611,Product_1611_1,books,787.6666771789651,444.5827884410377,inactive,2024-11-18
11612,Product_1612_1,electronics,33.679209100197674,223.65036778087457,pending,2024-05-07
11613,Product_1613_1,sports,823.7738800868624,271.07574673592086,pending,2024-12-17
11614,Product_1614_1,books,557.3092074421954,100.16879395407902,inactive,2024-06-17
11615,Product_1615_1,home,391.4258546438561,273.2875810540313,pending,2024-05-22
11616,Product_1616_1,clothing,277.45125230813807,167.75660509686347,active,2024-07-22
11617,Product_1617_1,electronics,352.0754220498826,303.2265544934144,inactive,2024-06-18
11618,Product_1618_1,electronics,833.8697911631493,454.6907198935338,archived,2024-06-20
11619,Product_1619_1,sports,455.7560822027433,20.355944851443887,archived,2024-01-24
11620,Product_1620_1,electronics,474.0768314248239,387.43131760960244,archived,2024-07-04
11621,Product_1621_1,clothing,786.1668415529394,486.3749668335878,archived,2024-02-20
11622,Product_1622_1,electronics,447.9524216270232,384.5892173239451,active,2024-05-03
11623,Product_1623_1,home,27.30244798693723,413.44369333367086,inactive,2024-10-01
11624,Product_1624_1,electronics,913.0844471854589,440.12669932307244,pending,2024-11-26
11625,Product_1625_1,clothing,972.3873702916623,447.8388937312181,active,2024-05-12
11626,Product_1626_1,clothing,910.5906861176304,312.505750492781,inactive,2024-01-22
11627,Product_1627_1,electronics,765.5354539707997,85.97431154846684,pending,2024-07-19
11628,Product_1628_1,clothing,479.9601136138041,147.64391479071068,inactive,2024-09-17
11629,Product_1629_1,books,578.1056187078146,158.15510817556165,pending,2024-03-25
11630,Product_1630_1,electronics,969.3810718655969,110.7815890106413,active,2024-05-28
11631,Product_1631_1,sports,436.63755333100806,383.3194926684944,pending,2024-03-14
11632,Product_1632_1,clothing,189.68899995031177,260.72461188634304,pending,2024-03-15
11633,Product_1633_1,sports,960.0326019760041,250.00669860951922,active,2024-09-26
11634,Product_1634_1,home,297.1098188418344,112.3578381181291,active,2024-10-07
11635,Product_1635_1,sports,356.84584770529204,144.70035411533863,inactive,2024-08-23
11636,Product_1636_1,books,771.0841434202848,169.11670401167137,pending,2024-12-16
11637,Product_1637_1,home,114.63630458799635,447.42633802186197,archived,2024-04-03
11638,Product_1638_1,books,969.8540044722546,270.8174382766185,archived,2024-06-02
11639,Product_1639_1,home,208.62908326633615,231.74755545607795,pending,2024-08-05
11640,Product_1640_1,books,368.8313475164174,16.587505534253964,archived,2024-07-10
11641,Product_1641_1,clothing,10.293585129424171,490.61383197563123,archived,2024-01-13
11642,Product_1642_1,books,272.4643843785858,16.47012603099862,archived,2024-06-10
11643,Product_1643_1,electronics,338.16745555808654,438.6752085537684,archived,2024-03-04
11644,Product_1644_1,books,443.6106627962955,263.2017402676882,pending,2024-09-28
11645,Product_1645_1,sports,525.8121178427549,243.49087069772358,pending,2024-03-14
11646,Product_1646_1,electronics,75.98030930673288,21.138779251214647,inactive,2024-03-17
11647,Product_1647_1,home,24.079754495061717,447.02722227051225,pending,2024-12-17
11648,Product_1648_1,sports,470.6143631532334,424.3783939616785,inactive,2024-02-09
11649,Product_1649_1,clothing,869.0670016926967,462.0343238319787,inactive,2024-06-26
11650,Product_1650_1,sports,874.8548649156138,175.764885545556,archived,2024-02-18
11651,Product_1651_1,sports,554.6826564552795,210.8281364379581,inactive,2024-04-16
11652,Product_1652_1,home,868.3713672642057,298.69067606773166,archived,2024-08-13
11653,Product_1653_1,sports,718.0064718436431,200.5277865869447,inactive,2024-12-14
11654,Product_1654_1,electronics,975.4476341786046,137.65650306817753,archived,2024-01-28
11655,Product_1655_1,sports,481.80494701200774,457.672040730504,pending,2024-07-15
11656,Product_1656_1,books,803.2530004042468,388.32979975648647,active,2024-07-16
11657,Product_1657_1,books,687.148325509127,412.3272975197249,active,2024-12-04
11658,Product_1658_1,books,64.12995102658718,419.39199484325485,pending,2024-12-17
11659,Product_1659_1,home,753.0319205403877,357.21858037212814,active,2024-07-10
11660,Product_1660_1,clothing,140.82006983913192,133.61982594985125,pending,2024-10-07
11661,Product_1661_1,electronics,18.570201820687647,249.31055586689914,inactive,2024-12-11
11662,Product_1662_1,sports,718.867737379244,140.21403331803722,pending,2024-03-08
11663,Product_1663_1,home,923.5791182845098,355.12437777527157,inactive,2024-06-20
11664,Product_1664_1,clothing,865.161730736973,284.0578730250417,active,2024-10-24
11665,Product_1665_1,clothing,70.86266551752514,185.28985600755718,active,2024-04-06
11666,Product_1666_1,books,256.2548860125165,478.0358813013175,pending,2024-03-22
11667,Product_1667_1,home,114.97075714620038,154.65996302582474,archived,2024-01-17
11668,Product_1668_1,sports,602.9009968170117,404.5612356732049,active,2024-03-15
11669,Product_1669_1,clothing,433.34550147263883,185.7198568740896,archived,2024-02-27
11670,Product_1670_1,electronics,640.5875154894958,492.0763173814336,active,2024-10-01
11671,Product_1671_1,clothing,774.4801116743361,293.14174572393443,inactive,2024-10-21
11672,Product_1672_1,electronics,780.2301799573175,300.3083409740128,pending,2024-08-12
11673,Product_1673_1,electronics,767.1921062102851,192.44406511161938,active,2024-04-25
11674,Product_1674_1,clothing,623.1931643414091,144.0133437408337,active,2024-10-09
11675,Product_1675_1,electronics,959.0865762509329,180.24901590937483,pending,2024-12-27
11676,Product_1676_1,home,915.5533978229431,211.3302452597908,pending,2024-09-18
11677,Product_1677_1,sports,924.7255840633882,199.95507249788085,active,2024-10-07
11678,Product_1678_1,electronics,164.83004246440825,254.59075678949415,active,2024-02-18
11679,Product_1679_1,books,680.1462734551269,422.28249857878217,active,2024-01-06
11680,Product_1680_1,electronics,641.7474736017476,169.23751577881237,archived,2024-09-24
11681,Product_1681_1,books,302.503236194584,300.18849117189444,active,2024-07-11
11682,Product_1682_1,home,50.20798704182278,110.98697782742045,archived,2024-08-13
11683,Product_1683_1,electronics,301.8599767353931,319.3619200576318,archived,2024-12-05
11684,Product_1684_1,sports,193.25494405699115,451.23340086258213,pending,2024-06-03
11685,Product_1685_1,clothing,939.6889591546828,57.42244873590206,pending,2024-10-28
11686,Product_1686_1,home,994.8894373627862,277.92745368343265,archived,2024-12-12
11687,Product_1687_1,books,469.767677972456,345.8358101208239,archived,2024-02-24
11688,Product_1688_1,electronics,509.05070980401194,205.59219117072,pending,2024-05-26
11689,Product_1689_1,books,618.7037476196665,498.66816800939426,inactive,2024-09-26
11690,Product_1690_1,clothing,981.4719610422653,464.3768380364131,active,2024-10-27
11691,Product_1691_1,home,508.07126662543436,311.2957225970329,pending,2024-12-24
11692,Product_1692_1,electronics,475.8297835830097,55.90047443827853,archived,2024-06-22
11693,Product_1693_1,sports,385.8395088354188,131.26347389782688,pending,2024-08-15
11694,Product_1694_1,books,68.83635392757364,494.30111933042775,archived,2024-03-11
11695,Product_1695_1,books,573.5975876228177,441.15113493647164,archived,2024-12-05
11696,Product_1696_1,clothing,97.93062508848925,159.62815227151373,pending,2024-05-12
11697,Product_1697_1,clothing,170.4643229143696,209.43100530090481,pending,2024-01-09
11698,Product_1698_1,clothing,942.8538890178473,243.1223334286173,archived,2024-01-17
11699,Product_1699_1,electronics,687.5946691380301,430.7062895677201,pending,2024-10-15
11700,Product_1700_1,electronics,976.3280473736359,204.50142703039805,archived,2024-05-12
11701,Product_1701_1,clothing,882.3294390174364,325.66631370119313,active,2024-06-22
11702,Product_1702_1,books,949.4273165024773,94.6935647914285,active,2024-11-25
11703,Product_1703_1,electronics,253.4046731973277,222.75964448375376,pending,2024-04-13
11704,Product_1704_1,sports,538.987027009632,46.93877908906358,inactive,2024-07-14
11705,Product_1705_1,electronics,438.4467843247901,479.7933485082632,inactive,2024-06-24
11706,Product_1706_1,electronics,932.3929664286014,95.14003926261606,active,2024-04-15
11707,Product_1707_1,electronics,272.295790415056,197.3806193906565,archived,2024-02-08
11708,Product_1708_1,books,391.30769409050646,364.59860781056835,active,2024-09-11
11709,Product_1709_1,home,249.09804654557394,189.41473133166332,archived,2024-07-25
11710,Product_1710_1,books,508.00204375372624,64.55279384918524,pending,2024-01-19
11711,Product_1711_1,books,261.90261062410787,406.64430302003296,active,2024-10-15
11712,Product_1712_1,home,360.9269659504319,266.654584378682,active,2024-07-10
11713,Product_1713_1,books,998.0278425226709,364.23591711124254,active,2024-06-27
11714,Product_1714_1,home,492.9670616176157,118.54500588283769,active,2024-12-17
11715,Product_1715_1,clothing,527.0170478220766,295.3283599723761,inactive,2024-08-02
11716,Product_1716_1,home,278.21664300853894,365.6375095886507,archived,2024-05-06
11717,Product_1717_1,electronics,399.43319651800954,289.4009947050018,inactive,2024-10-06
11718,Product_1718_1,sports,831.7961706739741,122.18571490709444,inactive,2024-03-06
11719,Product_1719_1,sports,140.52864333737713,16.704829184337274,active,2024-06-12
11720,Product_1720_1,books,160.13140761502254,388.3892330673584,pending,2024-12-08
11721,Product_1721_1,clothing,126.94337070673106,375.86560329399737,inactive,2024-03-06
11722,Product_1722_1,books,59.05173434322719,133.08827971327446,pending,2024-06-11
11723,Product_1723_1,electronics,923.5110554345383,265.555712814634,pending,2024-05-21
11724,Product_1724_1,books,641.7421454034517,356.6665586837804,inactive,2024-06-15
11725,Product_1725_1,electronics,31.574042655917435,75.95266027690656,pending,2024-02-08
11726,Product_1726_1,sports,37.858370837238695,392.6419658833807,pending,2024-06-21
11727,Product_1727_1,books,243.31688250735138,394.0345287455695,active,2024-07-20
11728,Product_1728_1,clothing,902.3089503386909,67.20772140110081,pending,2024-07-22
11729,Product_1729_1,home,946.4871972948232,429.4798908858181,archived,2024-03-07
11730,Product_1730_1,home,165.20776171503837,60.80683006214064,active,2024-02-19
11731,Product_1731_1,sports,536.709698216654,75.90558336799288,archived,2024-11-15
11732,Product_1732_1,electronics,674.1048852674064,162.69572073806407,archived,2024-07-27
11733,Product_1733_1,sports,985.6613963118806,355.347380380694,archived,2024-06-10
11734,Product_1734_1,sports,187.40698421374242,492.7415207634879,archived,2024-08-07
11735,Product_1735_1,books,602.5719796648606,449.09455178026724,archived,2024-03-26
11736,Product_1736_1,clothing,768.7946460225394,23.12811481981689,archived,2024-12-13
11737,Product_1737_1,clothing,78.81147179985761,55.616541507028785,pending,2024-12-20
11738,Product_1738_1,clothing,38.42096017955609,13.712033165827215,active,2024-11-03
11739,Product_1739_1,electronics,996.1237169286238,211.15565013033086,pending,2024-01-28
11740,Product_1740_1,electronics,349.2852931701996,157.228279907777,pending,2024-02-28
11741,Product_1741_1,home,824.933361688265,180.3150755429227,pending,2024-03-15
11742,Product_1742_1,electronics,330.18205597879336,430.71455891472,active,2024-10-03
11743,Product_1743_1,clothing,423.0257329080246,423.3214103656939,archived,2024-05-06
11744,Product_1744_1,electronics,7.606273743661179,222.1216200849266,active,2024-06-07
11745,Product_1745_1,home,160.89376181525617,415.77334292249833,archived,2024-10-17
11746,Product_1746_1,home,79.46439123473333,80.34406982955801,inactive,2024-09-15
11747,Product_1747_1,clothing,60.62572576187411,58.026493606384285,inactive,2024-06-21
11748,Product_1748_1,electronics,965.2066237109615,30.92184737319136,inactive,2024-01-25
11749,Product_1749_1,clothing,1.2447603202374782,232.23346041933488,active,2024-05-11
11750,Product_1750_1,electronics,913.3982994352405,338.6386297856495,inactive,2024-05-15
11751,Product_1751_1,books,812.1791495590516,327.2781057351782,archived,2024-06-27
11752,Product_1752_1,sports,738.1011184888351,224.22732772468206,archived,2024-01-28
11753,Product_1753_1,home,253.17054056755987,370.5372824455301,pending,2024-06-24
11754,Product_1754_1,books,120.28816405053094,261.69493530833694,inactive,2024-05-22
11755,Product_1755_1,electronics,359.1725202064137,256.52852598761564,inactive,2024-02-05
11756,Product_1756_1,books,82.89447117611317,103.14524312929339,active,2024-04-09
11757,Product_1757_1,books,212.88801037215225,175.0168443425494,pending,2024-12-22
11758,Product_1758_1,home,605.8720160527478,185.6812405666457,active,2024-10-01
11759,Product_1759_1,sports,664.9299019020918,411.56910932530855,inactive,2024-01-10
11760,Product_1760_1,clothing,185.52794588833524,401.49983861660843,archived,2024-11-06
11761,Product_1761_1,books,564.5984379903164,408.6217015388717,pending,2024-02-04
11762,Product_1762_1,home,223.57385487510876,222.606733876766,active,2024-05-21
11763,Product_1763_1,sports,417.79069689812343,167.87721919474683,inactive,2024-10-23
11764,Product_1764_1,home,698.3055487729666,225.69948546994777,inactive,2024-09-25
11765,Product_1765_1,sports,433.72284098683906,339.2615751087365,archived,2024-04-16
11766,Product_1766_1,books,279.7718624244501,468.9616579736663,archived,2024-08-10
11767,Product_1767_1,electronics,470.606108985162,498.3357544863385,inactive,2024-06-01
11768,Product_1768_1,sports,172.73064016628155,453.57059978184145,inactive,2024-06-16
11769,Product_1769_1,clothing,928.4164789051962,88.25124766361236,inactive,2024-02-22
11770,Product_1770_1,sports,85.04192217666545,201.23236406419505,inactive,2024-02-22
11771,Product_1771_1,clothing,731.1016851985086,248.81290021980308,archived,2024-09-23
11772,Product_1772_1,electronics,177.06141449892226,196.51240035432195,pending,2024-09-04
11773,Product_1773_1,electronics,828.2464656019418,229.63243450065679,pending,2024-08-24
11774,Product_1774_1,sports,362.9359114256529,100.6452065268616,inactive,2024-09-09
11775,Product_1775_1,books,502.7815956255888,192.15264607736688,pending,2024-04-12
11776,Product_1776_1,books,848.693599067501,442.7585717112945,archived,2024-03-23
11777,Product_1777_1,sports,233.82339501496818,386.1035064601745,active,2024-10-21
11778,Product_1778_1,books,806.272927389207,490.84650264973124,active,2024-02-28
11779,Product_1779_1,electronics,550.0996028252925,115.78241429717117,inactive,2024-05-17
11780,Product_1780_1,sports,812.540617558335,438.0729259754619,archived,2024-01-06
11781,Product_1781_1,electronics,177.7124121186497,213.61935365604316,pending,2024-09-12
11782,Product_1782_1,sports,257.1421505528293,479.957957880467,archived,2024-12-04
11783,Product_1783_1,books,483.7794254534517,241.1884950972108,active,2024-01-27
11784,Product_1784_1,electronics,195.33547504745445,267.9945019459043,inactive,2024-08-03
11785,Product_1785_1,books,232.83324062303328,452.17154124730655,archived,2024-12-26
11786,Product_1786_1,electronics,222.72732676851882,79.70329798620736,active,2024-08-16
11787,Product_1787_1,home,118.77261072583894,338.1288892858506,inactive,2024-07-26
11788,Product_1788_1,sports,835.7859136277234,281.6225290344255,pending,2024-12-01
11789,Product_1789_1,clothing,521.2874094402472,160.43257042211135,archived,2024-01-22
11790,Product_1790_1,home,78.55466959030763,248.05264228926816,archived,2024-10-21
11791,Product_1791_1,sports,315.5492045226862,14.258877662288612,pending,2024-12-06
11792,Product_1792_1,clothing,360.1898113543816,51.03141756176568,inactive,2024-02-04
11793,Product_1793_1,clothing,781.0454501842999,321.4757853160831,archived,2024-04-21
11794,Product_1794_1,books,516.4326079189431,286.61998194040234,archived,2024-07-02
11795,Product_1795_1,home,515.287552374274,326.42859845180277,active,2024-06-24
11796,Product_1796_1,clothing,569.3903827447298,138.0265717454905,pending,2024-10-15
11797,Product_1797_1,electronics,25.456284328947692,50.59832365998234,active,2024-03-28
11798,Product_1798_1,sports,283.3164899810278,481.8825899588445,archived,2024-02-16
11799,Product_1799_1,sports,170.64150101133765,300.67828509427386,archived,2024-06-05
11800,Product_1800_1,books,386.1280161323083,76.11544682804322,archived,2024-08-19
11801,Product_1801_1,electronics,343.1212303751941,263.66158651515093,pending,2024-06-04
11802,Product_1802_1,books,99.28002720887814,294.31971428471445,inactive,2024-05-24
11803,Product_1803_1,electronics,379.4736948657881,102.98226275467373,archived,2024-12-25
11804,Product_1804_1,home,608.5324797287712,66.58025369883457,inactive,2024-01-06
11805,Product_1805_1,electronics,847.188270945612,25.814229990870167,archived,2024-07-17
11806,Product_1806_1,home,230.14712160807593,203.9047905420718,archived,2024-05-17
11807,Product_1807_1,electronics,328.1405006496709,378.24099615928026,active,2024-04-25
11808,Product_1808_1,electronics,158.33211986356278,463.75738388173045,pending,2024-08-13
11809,Product_1809_1,sports,369.9152037080262,113.09619464745852,pending,2024-03-25
11810,Product_1810_1,books,786.0203128552437,405.4075262750696,pending,2024-05-16
11811,Product_1811_1,clothing,831.6923461789054,490.89053456005513,inactive,2024-03-16
11812,Product_1812_1,electronics,50.69180970126149,237.6385851506856,pending,2024-12-24
11813,Product_1813_1,sports,581.9253896589537,135.57583511826465,inactive,2024-03-13
11814,Product_1814_1,electronics,467.98617673380926,366.66840396492404,active,2024-12-12
11815,Product_1815_1,books,905.175154990831,27.737887615340565,inactive,2024-03-02
11816,Product_1816_1,books,962.1800683352785,22.051885473713185,inactive,2024-10-08
11817,Product_1817_1,electronics,337.9061452273575,236.61204360279365,pending,2024-06-19
11818,Product_1818_1,home,54.9717615875755,493.15854038326336,active,2024-11-10
11819,Product_1819_1,sports,591.579457605952,31.691411458463,inactive,2024-02-19
11820,Product_1820_1,sports,91.8576735708006,478.59094164669443,pending,2024-03-27
11821,Product_1821_1,sports,778.5634999881211,59.549935086716474,active,2024-05-24
11822,Product_1822_1,home,673.1203011412862,74.09088107775176,archived,2024-12-14
11823,Product_1823_1,clothing,10.897522048778367,418.99689771354315,archived,2024-03-02
11824,Product_1824_1,electronics,955.0772151023172,274.41145096407774,inactive,2024-09-15
11825,Product_1825_1,electronics,868.4620974575116,302.13207300322995,active,2024-12-01
11826,Product_1826_1,electronics,426.5941745419395,228.8224552764282,active,2024-03-27
11827,Product_1827_1,electronics,696.8740822235553,433.6066499958194,archived,2024-04-28
11828,Product_1828_1,books,796.6218779562373,455.207752196795,archived,2024-01-27
11829,Product_1829_1,home,46.38311875104156,94.06454194204508,active,2024-08-18
11830,Product_1830_1,home,663.6576310565379,330.2861330759718,active,2024-04-02
11831,Product_1831_1,home,51.51647719272416,349.02018352186633,inactive,2024-05-23
11832,Product_1832_1,books,914.621864223464,438.41244311416176,active,2024-07-22
11833,Product_1833_1,home,755.3309186050005,137.0304131686666,archived,2024-08-02
11834,Product_1834_1,home,348.4271518682375,187.25410758748947,inactive,2024-12-11
11835,Product_1835_1,home,306.8079511213077,408.07552904327605,active,2024-06-22
11836,Product_1836_1,books,875.1793480380866,421.7223676691531,pending,2024-07-17
11837,Product_1837_1,clothing,689.4129266379624,454.51754233634404,active,2024-01-21
11838,Product_1838_1,sports,5.986844797345528,306.5127167495512,inactive,2024-01-15
11839,Product_1839_1,home,377.3251437130759,328.6647168225828,archived,2024-05-20
11840,Product_1840_1,electronics,486.5858400749567,480.1678097117389,archived,2024-11-02
11841,Product_1841_1,books,905.7264954451923,143.91690555205372,active,2024-05-26
11842,Product_1842_1,electronics,905.021563993692,173.55249110646707,inactive,2024-05-09
11843,Product_1843_1,books,814.6685678652801,320.0599423438475,pending,2024-11-17
11844,Product_1844_1,home,791.6007910393837,32.8770073013621,active,2024-12-02
11845,Product_1845_1,home,991.8993684434691,457.74238852324834,archived,2024-11-17
11846,Product_1846_1,sports,583.0903501350515,146.66899910899807,inactive,2024-01-02
11847,Product_1847_1,electronics,413.10996457614215,238.22305222279618,archived,2024-04-24
11848,Product_1848_1,clothing,578.2457875759229,426.74478922385794,pending,2024-03-15
11849,Product_1849_1,clothing,812.3475680550282,392.27134392922545,archived,2024-05-11
11850,Product_1850_1,clothing,595.1244004437008,431.6872365436563,inactive,2024-11-27
11851,Product_1851_1,clothing,124.92909944190384,15.47123407090173,inactive,2024-07-27
11852,Product_1852_1,sports,515.8542341977225,201.2209183563689,inactive,2024-12-03
11853,Product_1853_1,sports,101.93014956702795,64.13837192950511,active,2024-08-09
11854,Product_1854_1,home,799.3637797872408,370.77915414761145,archived,2024-11-12
11855,Product_1855_1,electronics,734.8637605560008,350.58935211740584,active,2024-01-21
11856,Product_1856_1,clothing,867.489346268048,121.08269959775659,archived,2024-04-28
11857,Product_1857_1,clothing,596.4977470682242,243.40994298511137,inactive,2024-03-24
11858,Product_1858_1,sports,428.46722757820044,269.5533486376858,active,2024-11-20
11859,Product_1859_1,home,365.9811045894004,311.24969003061943,inactive,2024-09-23
11860,Product_1860_1,clothing,822.9101741465338,490.47311480677763,active,2024-09-09
11861,Product_1861_1,home,205.61678819426996,125.23117106607008,active,2024-12-09
11862,Product_1862_1,electronics,727.5992863852093,348.1098551093574,archived,2024-09-11
11863,Product_1863_1,home,409.43692706463145,411.44943562940637,inactive,2024-03-12
11864,Product_1864_1,electronics,146.95285493577364,37.30105404684778,inactive,2024-04-01
11865,Product_1865_1,sports,13.28888552361466,25.99817284576767,inactive,2024-01-21
11866,Product_1866_1,sports,705.1858777575887,31.04387965748876,active,2024-03-01
11867,Product_1867_1,clothing,614.1779364696451,475.79772361606445,inactive,2024-09-08
11868,Product_1868_1,electronics,691.9091322705019,403.20149097744314,pending,2024-07-08
11869,Product_1869_1,clothing,836.0845019337328,288.24752232703827,pending,2024-12-06
11870,Product_1870_1,electronics,456.3444497113582,221.11738144950337,archived,2024-10-27
11871,Product_1871_1,books,333.4185123656405,49.720044366875236,archived,2024-02-10
11872,Product_1872_1,home,840.2988469970102,483.41589631051687,archived,2024-09-11
11873,Product_1873_1,home,401.25046675043035,475.20629623332434,active,2024-04-26
11874,Product_1874_1,clothing,508.8580175819827,487.54097755174615,pending,2024-06-03
11875,Product_1875_1,sports,137.33617558622691,372.9560648759423,archived,2024-08-25
11876,Product_1876_1,sports,969.6061855008455,247.84221762821414,archived,2024-09-15
11877,Product_1877_1,electronics,460.5688575834134,209.23006978920836,archived,2024-10-28
11878,Product_1878_1,books,763.544929702682,479.0994974026995,archived,2024-08-10
11879,Product_1879_1,clothing,586.3821025132976,281.598054882423,archived,2024-01-24
11880,Product_1880_1,books,702.1161426148717,221.2293474301026,pending,2024-11-15
11881,Product_1881_1,books,126.12640703437813,313.01424022204264,inactive,2024-10-03
11882,Product_1882_1,home,984.5783836646999,209.3667919377554,active,2024-11-16
11883,Product_1883_1,electronics,75.91463447030185,349.9127358450185,inactive,2024-07-09
11884,Product_1884_1,electronics,617.4227586648295,460.5182348999558,inactive,2024-05-01
11885,Product_1885_1,home,967.2330777094874,326.9385060920953,active,2024-11-14
11886,Product_1886_1,electronics,331.3052577601151,387.35315616315876,active,2024-01-23
11887,Product_1887_1,home,660.9082779903008,155.4127496758185,inactive,2024-04-05
11888,Product_1888_1,electronics,962.3916277569507,438.79579084777737,pending,2024-01-12
11889,Product_1889_1,electronics,441.4159292631369,388.98216660810397,pending,2024-01-11
11890,Product_1890_1,clothing,787.6731033341742,150.72696970810574,active,2024-02-22
11891,Product_1891_1,sports,310.27688444149703,326.58840216564624,active,2024-08-19
11892,Product_1892_1,clothing,555.7428718968574,395.4593357562278,active,2024-07-28
11893,Product_1893_1,clothing,931.0248102626405,22.21875347960181,inactive,2024-11-06
11894,Product_1894_1,home,619.5729798995457,274.57255478859327,pending,2024-06-20
11895,Product_1895_1,books,427.4237526385295,427.75660051936467,archived,2024-02-06
11896,Product_1896_1,home,148.9286141873646,382.2215126434323,inactive,2024-07-10
11897,Product_1897_1,home,315.46586830423973,249.11116252202905,archived,2024-11-24
11898,Product_1898_1,home,562.5062367115304,390.3267648005339,inactive,2024-11-01
11899,Product_1899_1,home,150.8974732476194,227.41914108191452,archived,2024-10-01
11900,Product_1900_1,clothing,166.92767595090254,96.12018269592602,active,2024-08-03
11901,Product_1901_1,home,438.7598759093224,421.8053873131985,pending,2024-12-18
11902,Product_1902_1,home,171.17566248347083,371.9737096124157,archived,2024-05-19
11903,Product_1903_1,books,488.47581002392013,308.1755719123378,archived,2024-04-25
11904,Product_1904_1,home,430.04478930621843,107.8072857631522,inactive,2024-08-03
11905,Product_1905_1,sports,971.47502727792,463.8927647497935,pending,2024-04-24
11906,Product_1906_1,sports,836.6843066389339,170.49429615939886,inactive,2024-08-17
11907,Product_1907_1,sports,735.4319683556464,485.79256267612806,pending,2024-08-01
11908,Product_1908_1,books,995.4717791008815,457.7971640014481,active,2024-08-12
11909,Product_1909_1,sports,391.6481899914607,479.45836465540737,inactive,2024-06-13
11910,Product_1910_1,electronics,964.6533602676077,184.75961604025835,inactive,2024-12-12
11911,Product_1911_1,sports,585.4515400672174,140.85184724945714,pending,2024-07-04
11912,Product_1912_1,books,858.0016751849287,124.9234259551166,active,2024-02-08
11913,Product_1913_1,home,944.4332101888666,135.31837777173806,archived,2024-06-10
11914,Product_1914_1,sports,17.621248822738544,338.13158713808247,inactive,2024-09-11
11915,Product_1915_1,home,413.09353379402495,279.28978185997744,pending,2024-10-21
11916,Product_1916_1,sports,302.3154906611589,286.90710866911184,archived,2024-07-03
11917,Product_1917_1,home,199.67019025670714,455.83552829340584,inactive,2024-09-28
11918,Product_1918_1,sports,623.3851373881222,206.78397698326646,active,2024-02-12
11919,Product_1919_1,sports,155.91279504060165,93.59608709140196,active,2024-06-03
11920,Product_1920_1,electronics,989.7022209944112,253.97133579484364,active,2024-09-11
11921,Product_1921_1,books,603.6435958664591,38.223033665924454,inactive,2024-11-03
11922,Product_1922_1,electronics,762.7270795421705,179.93023261525698,pending,2024-08-12
11923,Product_1923_1,home,541.4245019622932,401.58411508417385,active,2024-05-14
11924,Product_1924_1,sports,477.8672000964135,225.63679022381277,active,2024-04-23
11925,Product_1925_1,electronics,202.59091189374098,411.0395461891003,pending,2024-02-05
11926,Product_1926_1,sports,818.773688426878,153.2711324473099,inactive,2024-12-20
11927,Product_1927_1,home,585.380243908692,312.01740473849134,active,2024-12-07
11928,Product_1928_1,sports,887.9869869438436,378.90383085762824,inactive,2024-09-14
11929,Product_1929_1,electronics,813.3906561551204,314.5008933357507,inactive,2024-08-09
11930,Product_1930_1,books,131.81096630394197,60.817025034878455,archived,2024-07-17
11931,Product_1931_1,clothing,610.7520201870288,81.89522866643745,archived,2024-12-09
11932,Product_1932_1,books,902.1510059432759,299.8296219329478,archived,2024-02-26
11933,Product_1933_1,electronics,396.21774736599474,422.96296523188755,active,2024-01-20
11934,Product_1934_1,electronics,379.38061326879534,113.95971087712564,active,2024-04-02
11935,Product_1935_1,books,715.1008663243136,130.09857458161582,archived,2024-12-19
11936,Product_1936_1,sports,154.16062366491613,435.237450635912,archived,2024-04-14
11937,Product_1937_1,books,959.1793168103421,388.6529715052772,pending,2024-01-19
11938,Product_1938_1,books,31.146791833709905,378.76341277971557,archived,2024-11-21
11939,Product_1939_1,sports,207.1662394559732,229.49471157503712,inactive,2024-05-01
11940,Product_1940_1,electronics,602.0874484714069,102.19918346408821,pending,2024-03-22
11941,Product_1941_1,clothing,448.337916844534,154.56760638656453,inactive,2024-06-10
11942,Product_1942_1,clothing,304.4012049934332,238.80837984482642,archived,2024-06-21
11943,Product_1943_1,sports,415.1920504062811,322.3840704618462,archived,2024-04-07
11944,Product_1944_1,books,393.012380480611,43.95235577280192,inactive,2024-01-16
11945,Product_1945_1,clothing,31.779602947741914,476.6925898398572,inactive,2024-02-12
11946,Product_1946_1,clothing,579.1860633281684,385.4267428427073,active,2024-06-19
11947,Product_1947_1,sports,522.9676638966863,380.1220163005089,inactive,2024-07-14
11948,Product_1948_1,home,714.8461537018675,77.12236302254951,archived,2024-01-23
11949,Product_1949_1,electronics,367.99421055909124,266.06802230334176,active,2024-01-02
11950,Product_1950_1,home,244.85477252558974,363.9768195386352,pending,2024-04-13
11951,Product_1951_1,electronics,557.1439046997781,31.461858689195704,active,2024-11-28
11952,Product_1952_1,clothing,449.0523696115586,104.3406911057095,active,2024-07-21
11953,Product_1953_1,electronics,490.21636235953144,465.88218099414553,active,2024-01-16
11954,Product_1954_1,clothing,349.1265926748982,90.88900618350017,archived,2024-10-28
11955,Product_1955_1,home,823.105900146272,168.91057914052539,pending,2024-08-16
11956,Product_1956_1,home,653.7032815612027,438.6957675996684,archived,2024-06-25
11957,Product_1957_1,home,57.235715314084196,400.9265695313486,inactive,2024-08-13
11958,Product_1958_1,sports,191.86003574553246,354.6902048731734,pending,2024-04-06
11959,Product_1959_1,books,612.3275328115587,205.9681329550749,inactive,2024-04-26
11960,Product_1960_1,books,881.6606457894646,293.4619442918408,archived,2024-02-17
11961,Product_1961_1,home,275.17066889690994,414.3403884418824,inactive,2024-12-08
11962,Product_1962_1,books,907.0209953041727,348.0405039370502,pending,2024-05-07
11963,Product_1963_1,sports,564.4546056389001,227.5808021228726,pending,2024-01-27
11964,Product_1964_1,clothing,400.87219305733635,178.55959407551978,active,2024-11-19
11965,Product_1965_1,sports,764.476848219944,110.98118186156775,inactive,2024-04-20
11966,Product_1966_1,home,194.28291497817187,443.6178539107434,inactive,2024-12-06
11967,Product_1967_1,clothing,305.8295118001896,152.25453189345708,archived,2024-05-03
11968,Product_1968_1,books,414.5841367277376,38.56792774159423,active,2024-11-08
11969,Product_1969_1,books,277.4288630050493,200.27647294671627,pending,2024-04-19
11970,Product_1970_1,books,688.0193847718231,208.60422630939732,archived,2024-08-16
11971,Product_1971_1,home,484.52016026469454,148.10665827169643,archived,2024-11-23
11972,Product_1972_1,home,301.4819397395251,182.31644540397528,archived,2024-10-22
11973,Product_1973_1,books,497.9673274394958,212.31218698212274,archived,2024-07-20
11974,Product_1974_1,clothing,345.74336638496175,293.2519489800042,inactive,2024-07-08
11975,Product_1975_1,home,505.4449180919429,82.13565656827936,archived,2024-06-10
11976,Product_1976_1,books,761.0296336610144,78.28609309411942,active,2024-11-14
11977,Product_1977_1,books,330.08280501056277,421.26680027082915,archived,2024-02-15
11978,Product_1978_1,clothing,384.06630091302054,107.52358959926634,archived,2024-10-11
11979,Product_1979_1,clothing,657.2904141082151,467.23113611176785,inactive,2024-10-05
11980,Product_1980_1,sports,514.6916937955807,453.8419858592394,pending,2024-09-07
11981,Product_1981_1,clothing,908.2843813287636,285.624923040885,archived,2024-10-17
11982,Product_1982_1,sports,1.337543869008125,363.65459775057866,inactive,2024-06-28
11983,Product_1983_1,clothing,993.9001966852283,450.1414570478206,archived,2024-08-24
11984,Product_1984_1,books,85.74469010718192,463.7862264215477,pending,2024-06-13
11985,Product_1985_1,home,891.6152307809441,190.5300908295249,archived,2024-02-11
11986,Product_1986_1,electronics,555.5710422972882,163.82214956596596,archived,2024-08-28
11987,Product_1987_1,home,384.20782924562974,455.99619151798186,inactive,2024-10-08
11988,Product_1988_1,electronics,322.7415787647617,413.59526379908084,active,2024-12-19
11989,Product_1989_1,books,373.82797055109825,269.6888049824572,inactive,2024-10-14
11990,Product_1990_1,home,439.2517643732294,447.8293665357903,archived,2024-03-28
11991,Product_1991_1,clothing,393.3970843790923,280.89711507841014,pending,2024-12-13
11992,Product_1992_1,clothing,632.9963006385677,303.58086446413824,pending,2024-12-04
11993,Product_1993_1,sports,229.15096433377337,437.28961042920747,inactive,2024-02-27
11994,Product_1994_1,clothing,661.8558111240214,222.5801216716803,pending,2024-12-14
11995,Product_1995_1,books,531.3652350932192,33.03795960378433,active,2024-06-10
11996,Product_1996_1,books,113.37961344362282,145.27249792118985,pending,2024-08-02
11997,Product_1997_1,clothing,689.350184958068,315.9730745653049,archived,2024-05-26
11998,Product_1998_1,clothing,625.8507780550744,116.71199838523775,inactive,2024-08-07
11999,Product_1999_1,clothing,530.2000426886262,81.13782078907958,inactive,2024-11-07
12000,Product_2000_1,clothing,990.7578493266265,473.0289554915259,active,2024-05-11
12001,Product_2001_1,clothing,154.86744200662162,380.9154885762496,archived,2024-01-20
12002,Product_2002_1,clothing,216.1684451403004,147.3666324948008,archived,2024-03-25
12003,Product_2003_1,sports,845.001776517804,111.45738925020228,archived,2024-08-14
12004,Product_2004_1,sports,60.47012238879887,71.20402580740218,pending,2024-08-06
12005,Product_2005_1,sports,890.8245393448493,400.0463339919238,pending,2024-09-26
12006,Product_2006_1,sports,223.73084487209803,401.0658005516565,pending,2024-12-23
12007,Product_2007_1,books,546.4346817733193,250.52238953108696,inactive,2024-04-16
12008,Product_2008_1,sports,390.01276761258083,147.36675600860895,archived,2024-03-20
12009,Product_2009_1,electronics,883.2059046075326,44.52983596068985,archived,2024-03-14
12010,Product_2010_1,sports,470.7811604534995,28.2357352476128,active,2024-08-18
12011,Product_2011_1,sports,964.5153052749316,492.1899114338316,inactive,2024-09-21
12012,Product_2012_1,clothing,586.1251466453704,208.8926517904758,inactive,2024-08-17
12013,Product_2013_1,books,449.4570585348457,291.16345488674216,archived,2024-09-19
12014,Product_2014_1,electronics,80.85991027999316,31.535428682725975,active,2024-10-01
12015,Product_2015_1,sports,388.7196642790012,382.5406782416186,archived,2024-03-06
12016,Product_2016_1,home,835.7760807736458,76.3492112948444,pending,2024-09-20
12017,Product_2017_1,books,862.9180612475938,45.62748780382221,pending,2024-05-07
12018,Product_2018_1,sports,908.413370169129,95.55016276664679,pending,2024-04-15
12019,Product_2019_1,sports,277.54145254541675,309.0149897616617,pending,2024-04-23
12020,Product_2020_1,home,293.2098547849071,274.5865861692146,archived,2024-04-24
12021,Product_2021_1,books,380.51067299551505,181.31098768963824,archived,2024-11-08
12022,Product_2022_1,books,871.457223195534,106.76192972408322,active,2024-08-07
12023,Product_2023_1,clothing,816.1948003623237,208.35800123090348,inactive,2024-02-22
12024,Product_2024_1,clothing,756.2146084743245,378.2407455982243,archived,2024-02-11
12025,Product_2025_1,electronics,625.6748854813175,299.21731046135034,pending,2024-09-05
12026,Product_2026_1,electronics,529.9646763668803,181.38824610030116,inactive,2024-04-06
12027,Product_2027_1,home,742.7583507020902,357.1103284880542,inactive,2024-04-01
12028,Product_2028_1,clothing,474.84589537608235,345.1981629930469,active,2024-01-23
12029,Product_2029_1,electronics,958.4683683909718,197.67480761581493,archived,2024-01-15
12030,Product_2030_1,books,342.10251529105994,368.2206752150925,archived,2024-03-01
12031,Product_2031_1,home,973.7003397588637,492.0003147398949,inactive,2024-07-03
12032,Product_2032_1,electronics,466.84299890053074,409.5129471962075,pending,2024-12-23
12033,Product_2033_1,electronics,140.54888968411652,169.53082832206442,inactive,2024-04-13
12034,Product_2034_1,home,838.5730965631926,455.4237849581037,active,2024-12-27
12035,Product_2035_1,home,937.3235847186679,70.57003118874903,active,2024-09-06
12036,Product_2036_1,electronics,672.9472147104736,237.35267870110778,active,2024-09-17
12037,Product_2037_1,sports,676.2173337502787,197.88177860648827,inactive,2024-07-26
12038,Product_2038_1,sports,195.3042945478761,71.14414471746298,active,2024-06-16
12039,Product_2039_1,home,199.57065514501022,267.4922255610511,inactive,2024-01-01
12040,Product_2040_1,clothing,329.85710054548986,485.73100072853833,archived,2024-06-15
12041,Product_2041_1,electronics,34.321835247795086,469.2724350037448,active,2024-12-03
12042,Product_2042_1,books,262.46116119482997,103.02160042819183,active,2024-10-20
12043,Product_2043_1,books,812.2076578722346,186.08896845988127,active,2024-07-28
12044,Product_2044_1,clothing,889.9450124370942,367.34759471531055,pending,2024-10-04
12045,Product_2045_1,books,709.3683771594729,367.16528693948084,pending,2024-08-14
12046,Product_2046_1,sports,642.8376700694848,498.4277159883775,inactive,2024-06-22
12047,Product_2047_1,clothing,387.1559218526525,111.87785501770368,active,2024-04-06
12048,Product_2048_1,books,607.6832226880031,298.2685067775533,archived,2024-01-06
12049,Product_2049_1,clothing,793.0354619727914,354.38006457000927,pending,2024-05-16
12050,Product_2050_1,home,968.8489209849242,410.63743083569796,archived,2024-11-27
12051,Product_2051_1,sports,45.55574388839852,467.6058416341077,active,2024-02-02
12052,Product_2052_1,sports,459.9639678458052,336.0030498746626,active,2024-02-10
12053,Product_2053_1,books,780.5913763123116,82.45920793216692,pending,2024-06-06
12054,Product_2054_1,electronics,278.30271745451705,235.84401237966316,active,2024-03-08
12055,Product_2055_1,sports,694.9586293267681,259.1785590684983,archived,2024-08-11
12056,Product_2056_1,clothing,557.0785761918653,228.11923966385422,archived,2024-11-19
12057,Product_2057_1,electronics,5.712443753194789,190.15987781777645,archived,2024-07-19
12058,Product_2058_1,clothing,973.8280980842321,191.59667210845888,inactive,2024-01-08
12059,Product_2059_1,books,524.4275068745507,336.9538673333016,archived,2024-12-10
12060,Product_2060_1,home,937.3225214373359,48.498993446229214,archived,2024-11-04
12061,Product_2061_1,electronics,8.243628982763777,497.8014119713644,pending,2024-12-15
12062,Product_2062_1,books,383.2236140652809,406.50926907355887,inactive,2024-08-24
12063,Product_2063_1,electronics,497.3457994810549,291.43474007749074,active,2024-12-20
12064,Product_2064_1,home,445.4948601965807,149.24208737200675,active,2024-09-03
12065,Product_2065_1,home,539.6558719966595,269.8660679848702,active,2024-01-28
12066,Product_2066_1,books,510.02896104259247,493.8152144259863,pending,2024-11-02
12067,Product_2067_1,electronics,22.09425979857587,409.87959312058416,inactive,2024-03-10
12068,Product_2068_1,clothing,982.6758658673513,368.1384270617742,pending,2024-03-20
12069,Product_2069_1,books,523.9489191110334,88.64186479611641,archived,2024-09-25
12070,Product_2070_1,sports,549.5093386428471,443.8052829898104,archived,2024-03-19
12071,Product_2071_1,electronics,269.53949300581786,97.18873204121168,pending,2024-04-09
12072,Product_2072_1,books,36.76154067910547,128.1747875568381,inactive,2024-06-17
12073,Product_2073_1,clothing,822.0522869581993,311.82290027811825,inactive,2024-11-08
12074,Product_2074_1,books,20.230502548414858,309.70767579291316,inactive,2024-08-11
12075,Product_2075_1,home,456.84004299053635,262.5482318129932,inactive,2024-09-23
12076,Product_2076_1,clothing,587.0391768860108,467.07295830224706,active,2024-08-14
12077,Product_2077_1,electronics,418.968813987246,367.2573591834314,archived,2024-02-11
12078,Product_2078_1,books,90.48167751534783,30.007733008926657,pending,2024-01-09
12079,Product_2079_1,home,594.6093043079946,254.1669037856023,pending,2024-08-18
12080,Product_2080_1,home,440.14373044157855,474.9046025574119,archived,2024-10-23
12081,Product_2081_1,books,820.8098910745474,125.16411934374392,pending,2024-09-03
12082,Product_2082_1,electronics,872.9834043812075,333.6801430133552,pending,2024-12-01
12083,Product_2083_1,electronics,999.7407010646472,29.38325548379113,archived,2024-03-27
12084,Product_2084_1,sports,460.83273519299166,43.29970805792603,pending,2024-07-17
12085,Product_2085_1,books,761.7701753619135,441.49891146915337,pending,2024-09-11
12086,Product_2086_1,clothing,139.92317962976267,133.01371088427743,pending,2024-06-26
12087,Product_2087_1,books,599.0383937529241,256.9156338926045,inactive,2024-12-10
12088,Product_2088_1,home,101.29974658109623,396.1577819920451,pending,2024-12-19
12089,Product_2089_1,electronics,304.07619354213887,337.2306696811402,active,2024-02-01
12090,Product_2090_1,electronics,9.422798840982455,244.43499904607162,pending,2024-11-19
12091,Product_2091_1,electronics,588.6877306381798,45.291794230839116,active,2024-03-06
12092,Product_2092_1,home,537.2282167797122,21.21164472430326,pending,2024-03-12
12093,Product_2093_1,home,707.3946232731209,170.84786163613197,archived,2024-03-27
12094,Product_2094_1,books,872.0288287576468,205.05689318038606,active,2024-12-01
12095,Product_2095_1,books,409.1012216458951,326.62829216014205,archived,2024-01-06
12096,Product_2096_1,home,293.2430488158119,65.38139986872014,inactive,2024-03-20
12097,Product_2097_1,electronics,8.02857122997955,492.7789449821249,active,2024-08-02
12098,Product_2098_1,home,433.27006835628043,241.3367797261587,inactive,2024-02-16
12099,Product_2099_1,electronics,686.616101077568,408.6894235708992,inactive,2024-03-17
12100,Product_2100_1,books,66.59743907386917,425.99486239807095,archived,2024-04-17
12101,Product_2101_1,books,846.0978635101525,472.22333084508716,inactive,2024-08-17
12102,Product_2102_1,sports,634.2554014620897,360.6496085411665,pending,2024-06-04
12103,Product_2103_1,sports,444.9257097764381,160.47272755034516,inactive,2024-12-26
12104,Product_2104_1,books,186.34797196717548,443.9130339907048,archived,2024-06-13
12105,Product_2105_1,books,600.8295074470736,157.81413187640115,pending,2024-11-04
12106,Product_2106_1,sports,928.9753324748659,288.4793275626378,pending,2024-04-13
12107,Product_2107_1,sports,571.9848568147511,218.44946067016215,archived,2024-09-23
12108,Product_2108_1,clothing,202.90690487919557,55.300255557683805,active,2024-01-11
12109,Product_2109_1,home,333.0186930558579,376.84084001535683,inactive,2024-02-16
12110,Product_2110_1,electronics,920.0084099071121,348.4025793820423,active,2024-05-02
12111,Product_2111_1,books,316.354505267428,150.7669859136191,archived,2024-12-17
12112,Product_2112_1,clothing,16.766306930532696,469.25326022035665,archived,2024-06-15
12113,Product_2113_1,home,666.1129134864053,350.086249607294,inactive,2024-10-16
12114,Product_2114_1,sports,71.35949256385693,81.77433127963465,pending,2024-06-15
12115,Product_2115_1,sports,735.9065914897237,215.18466745317863,pending,2024-03-11
12116,Product_2116_1,home,117.86622059773117,439.2514148183101,pending,2024-03-10
12117,Product_2117_1,electronics,595.1453876214391,343.87548833483856,active,2024-12-07
12118,Product_2118_1,sports,962.341283570238,423.38550797853924,inactive,2024-07-11
12119,Product_2119_1,home,913.0438112066562,217.10875137240203,active,2024-03-02
12120,Product_2120_1,home,242.91662916866642,278.2804654402698,active,2024-06-16
12121,Product_2121_1,electronics,588.3393352954222,421.8750235537878,archived,2024-11-08
12122,Product_2122_1,home,236.15567531172493,435.0409487292947,active,2024-12-03
12123,Product_2123_1,books,87.30313880309568,90.1782133487462,archived,2024-03-23
12124,Product_2124_1,books,712.9978105174962,67.40993912698346,active,2024-02-24
12125,Product_2125_1,sports,350.70152061826013,183.10582857294224,active,2024-12-04
12126,Product_2126_1,sports,374.3315889596953,452.728499846232,archived,2024-01-09
12127,Product_2127_1,books,76.43849978631756,147.59225543012823,inactive,2024-03-11
12128,Product_2128_1,clothing,591.9173107417729,394.4672506127956,archived,2024-06-11
12129,Product_2129_1,home,300.97968721998404,271.8887892999163,pending,2024-12-28
12130,Product_2130_1,books,332.4568349728529,70.52423559681434,pending,2024-04-06
12131,Product_2131_1,clothing,164.4207735775028,448.6819497548324,pending,2024-02-22
12132,Product_2132_1,books,106.08890935073293,286.6087134669168,pending,2024-11-26
12133,Product_2133_1,clothing,774.6594173175228,293.33318694634124,archived,2024-02-19
12134,Product_2134_1,books,331.40870638755837,170.6763404677557,inactive,2024-11-27
12135,Product_2135_1,sports,563.7634212379864,110.77320056445264,archived,2024-04-17
12136,Product_2136_1,clothing,573.105767522067,23.66143836171497,inactive,2024-08-14
12137,Product_2137_1,electronics,634.2444195063885,469.1444494886033,archived,2024-11-13
12138,Product_2138_1,sports,154.51842342268108,150.33587020013982,archived,2024-12-06
12139,Product_2139_1,sports,507.45350405616034,424.18654835003025,inactive,2024-06-05
12140,Product_2140_1,electronics,390.8869009763401,71.01405747722437,archived,2024-10-19
12141,Product_2141_1,clothing,515.6781213435731,339.87179403172803,pending,2024-05-01
12142,Product_2142_1,electronics,383.5621157811879,270.8833469181446,archived,2024-04-20
12143,Product_2143_1,home,705.2508620206088,76.09907495675262,archived,2024-05-24
12144,Product_2144_1,electronics,499.7828756906868,256.3080778066727,active,2024-04-24
12145,Product_2145_1,home,221.17607635093796,232.25278402093468,inactive,2024-06-13
12146,Product_2146_1,home,814.8426479813844,446.44234006679636,inactive,2024-12-25
12147,Product_2147_1,books,957.0002341341628,308.36239276693306,active,2024-07-09
12148,Product_2148_1,electronics,632.8591299980342,104.5263480014043,active,2024-06-13
12149,Product_2149_1,books,299.7616080266301,122.77470625265256,inactive,2024-10-09
12150,Product_2150_1,books,878.1052880483481,271.3623220001404,inactive,2024-09-05
12151,Product_2151_1,home,942.3486996131386,243.63413799089707,inactive,2024-12-11
12152,Product_2152_1,sports,529.307071397172,289.7947117625789,inactive,2024-10-15
12153,Product_2153_1,sports,186.26821632306195,468.5285849702792,inactive,2024-09-05
12154,Product_2154_1,books,348.0592604557118,449.70552254163357,inactive,2024-07-11
12155,Product_2155_1,clothing,149.34664807333954,305.11188140657913,inactive,2024-08-24
12156,Product_2156_1,home,711.0689138232167,333.29151201634613,archived,2024-11-21
12157,Product_2157_1,home,675.0298783259257,129.50213665497463,pending,2024-03-06
12158,Product_2158_1,sports,115.65951879711649,238.96844460273365,active,2024-10-14
12159,Product_2159_1,sports,801.8175341630973,458.0769263298618,inactive,2024-03-18
12160,Product_2160_1,electronics,711.0991605307913,135.82445798284581,inactive,2024-07-07
12161,Product_2161_1,home,308.8160303681334,196.78530223570067,inactive,2024-10-18
12162,Product_2162_1,books,237.72204939664041,466.79940280516166,archived,2024-08-28
12163,Product_2163_1,books,851.6254811171126,246.8527068586956,active,2024-11-11
12164,Product_2164_1,sports,705.6951941060605,388.08364393608406,archived,2024-08-19
12165,Product_2165_1,books,983.6476942443932,39.46029680499913,pending,2024-04-17
12166,Product_2166_1,electronics,729.8187360581109,128.09681948103557,pending,2024-09-24
12167,Product_2167_1,home,243.36076260086668,464.26367364575094,archived,2024-03-27
12168,Product_2168_1,clothing,237.687669375535,261.1721637261471,pending,2024-10-16
12169,Product_2169_1,books,222.14338133279315,181.56188823062254,archived,2024-09-28
12170,Product_2170_1,books,712.6399739074475,437.30490684197844,active,2024-01-02
12171,Product_2171_1,home,561.6760725247867,486.04464880467856,pending,2024-08-26
12172,Product_2172_1,electronics,133.40214013683917,191.7340656241716,pending,2024-11-03
12173,Product_2173_1,sports,710.9431416623565,380.4521997135697,inactive,2024-12-10
12174,Product_2174_1,home,651.2450388106687,303.45021766049655,active,2024-01-20
12175,Product_2175_1,home,533.419271396221,207.84122186282855,inactive,2024-10-23
12176,Product_2176_1,books,89.21490227104164,158.94369193189388,inactive,2024-07-20
12177,Product_2177_1,books,589.2327737523545,388.2358236367238,pending,2024-03-10
12178,Product_2178_1,clothing,564.0222064266097,245.05345082271504,active,2024-09-09
12179,Product_2179_1,sports,243.58526201634876,481.2199652340332,pending,2024-07-02
12180,Product_2180_1,home,988.9629544916679,361.25017037355076,inactive,2024-11-11
12181,Product_2181_1,books,245.55957937665661,491.8255582723586,active,2024-01-12
12182,Product_2182_1,sports,51.51240376209883,63.593549924814056,archived,2024-05-25
12183,Product_2183_1,clothing,300.12230221086105,191.2688351456798,archived,2024-03-07
12184,Product_2184_1,sports,71.73699391104627,445.91367536933404,inactive,2024-07-11
12185,Product_2185_1,clothing,784.8607163160308,192.32006666268936,archived,2024-12-09
12186,Product_2186_1,books,555.126444786941,289.2869804254541,active,2024-05-02
12187,Product_2187_1,home,726.7607577629053,275.1519447540556,active,2024-04-25
12188,Product_2188_1,electronics,798.2457485948818,308.5620538395879,pending,2024-09-14
12189,Product_2189_1,clothing,15.719644423040076,89.02505348296496,inactive,2024-03-22
12190,Product_2190_1,books,954.512662745698,413.834365988387,inactive,2024-01-18
12191,Product_2191_1,electronics,538.4843655700756,479.24728820334104,inactive,2024-07-24
12192,Product_2192_1,sports,399.34607965535156,394.041993873401,active,2024-06-16
12193,Product_2193_1,sports,175.14438406869797,285.72088412166795,active,2024-09-21
12194,Product_2194_1,home,357.04618373357295,377.87785559691645,inactive,2024-11-06
12195,Product_2195_1,clothing,744.4961396805446,263.8224807163428,inactive,2024-10-14
12196,Product_2196_1,clothing,304.31866428315664,389.05279843403207,archived,2024-04-06
12197,Product_2197_1,sports,325.2609586980606,26.6077056341151,inactive,2024-01-17
12198,Product_2198_1,sports,989.0318665237007,456.3383755784466,active,2024-02-21
12199,Product_2199_1,home,837.5359176343192,44.74144566644816,active,2024-06-09
12200,Product_2200_1,clothing,271.1412569372105,209.29693880623478,pending,2024-04-20
12201,Product_2201_1,home,609.9062632812324,240.08443464825277,active,2024-02-05
12202,Product_2202_1,electronics,645.2808798805712,349.2561360128431,active,2024-05-22
12203,Product_2203_1,home,239.29709122612792,221.45744488908966,pending,2024-01-14
12204,Product_2204_1,sports,759.995064890996,305.2600227921314,archived,2024-01-05
12205,Product_2205_1,electronics,551.4997248606229,236.15633447283602,active,2024-04-18
12206,Product_2206_1,electronics,163.99457647299096,228.31887093943283,inactive,2024-08-11
12207,Product_2207_1,home,857.9694123054284,460.2106154777782,archived,2024-12-05
12208,Product_2208_1,electronics,526.6940754483962,47.807002819197905,inactive,2024-08-12
12209,Product_2209_1,electronics,694.1057477519955,331.63037539490017,active,2024-02-23
12210,Product_2210_1,books,795.3726235019415,348.0869730935082,active,2024-07-02
12211,Product_2211_1,electronics,47.806658647119406,459.3362701417811,inactive,2024-07-26
12212,Product_2212_1,sports,367.8279872404317,407.9280046955861,active,2024-05-17
12213,Product_2213_1,home,799.1891932328992,218.5317011987536,pending,2024-08-11
12214,Product_2214_1,clothing,795.5174471732087,185.35266599977328,inactive,2024-04-16
12215,Product_2215_1,electronics,9.29463415893533,329.55068500352996,inactive,2024-11-05
12216,Product_2216_1,books,58.37070456770795,287.90729089468164,active,2024-12-05
12217,Product_2217_1,books,838.4079404372806,130.93522873281944,archived,2024-09-10
12218,Product_2218_1,home,965.0700640552155,256.65779249125626,active,2024-05-23
12219,Product_2219_1,home,505.2912249969153,130.1642932026719,active,2024-12-19
12220,Product_2220_1,sports,192.26402700778715,184.7608316055902,inactive,2024-06-11
12221,Product_2221_1,books,377.10393387499687,497.9752177989321,archived,2024-12-11
12222,Product_2222_1,electronics,787.7338672198171,281.61661984420056,active,2024-08-06
12223,Product_2223_1,books,395.16683796099505,54.75862384867598,inactive,2024-03-12
12224,Product_2224_1,home,902.6239671435978,74.74568805738468,inactive,2024-07-02
12225,Product_2225_1,sports,101.7340479489939,373.4023868492019,inactive,2024-12-01
12226,Product_2226_1,clothing,787.3320007688816,103.41998995345052,archived,2024-03-22
12227,Product_2227_1,home,455.7693123162047,33.236803144867594,archived,2024-03-17
12228,Product_2228_1,books,488.85358340333516,445.61041795194876,archived,2024-03-03
12229,Product_2229_1,electronics,773.1069983654562,32.24365893550979,active,2024-01-07
12230,Product_2230_1,clothing,415.8733220688649,157.15271659507584,pending,2024-11-19
12231,Product_2231_1,electronics,914.4790655771243,339.04015075628604,active,2024-02-06
12232,Product_2232_1,electronics,752.5177254774756,469.5107162548217,pending,2024-11-25
12233,Product_2233_1,books,78.93209632781097,123.83354780299233,pending,2024-11-02
12234,Product_2234_1,electronics,127.43939237801662,10.238913894958838,active,2024-08-17
12235,Product_2235_1,sports,245.57217806192043,47.02549376801445,pending,2024-04-20
12236,Product_2236_1,home,962.4652160347962,214.59891041429935,active,2024-05-14
12237,Product_2237_1,sports,556.0837424374755,353.4498629752162,pending,2024-03-07
12238,Product_2238_1,home,324.26098591423096,172.8858089911699,inactive,2024-03-03
12239,Product_2239_1,books,152.43228821962305,151.645466368619,inactive,2024-02-21
12240,Product_2240_1,books,14.421361830896036,433.58559815475826,archived,2024-04-27
12241,Product_2241_1,books,237.43902649927935,198.58994152551438,archived,2024-01-17
12242,Product_2242_1,clothing,137.3247367273282,409.23114565033603,active,2024-03-06
12243,Product_2243_1,sports,843.1229717568536,425.1049278609864,inactive,2024-09-20
12244,Product_2244_1,books,875.8030221981064,377.8951040236224,active,2024-04-16
12245,Product_2245_1,clothing,175.7820701543869,349.2647146420333,archived,2024-02-26
12246,Product_2246_1,electronics,377.8987430125629,32.979859669140204,inactive,2024-12-17
12247,Product_2247_1,sports,857.0494190646635,355.77205521359093,archived,2024-09-15
12248,Product_2248_1,books,790.1491918529769,233.94084777561315,archived,2024-04-17
12249,Product_2249_1,books,300.3400467977449,320.3099526816237,active,2024-04-02
12250,Product_2250_1,sports,572.8745494835593,407.1372117604007,archived,2024-03-10
12251,Product_2251_1,sports,161.1985659311186,291.01177199759644,pending,2024-10-05
12252,Product_2252_1,books,517.0705936528951,137.91936012783708,inactive,2024-12-09
12253,Product_2253_1,books,655.4547613204361,62.01741720372939,archived,2024-05-12
12254,Product_2254_1,home,418.3554616151023,303.10650242324374,active,2024-02-07
12255,Product_2255_1,sports,833.2188685943056,495.4459840600864,pending,2024-07-14
12256,Product_2256_1,home,58.9016540810802,116.47928965491157,active,2024-12-04
12257,Product_2257_1,home,671.1028289412759,307.83947582812806,active,2024-11-25
12258,Product_2258_1,home,927.3089402128498,151.51831313192125,inactive,2024-05-05
12259,Product_2259_1,books,146.8726746977771,128.64681050977276,archived,2024-03-13
12260,Product_2260_1,books,144.1917250290493,399.92944064313315,pending,2024-09-02
12261,Product_2261_1,clothing,750.2530214754898,31.884773564727155,archived,2024-03-03
12262,Product_2262_1,clothing,437.11444417162187,494.71426358758157,pending,2024-01-17
12263,Product_2263_1,clothing,346.7252901929791,341.34915435165027,inactive,2024-03-27
12264,Product_2264_1,electronics,634.7850825024886,32.291994559807904,inactive,2024-03-17
12265,Product_2265_1,books,261.54715739772905,486.7755868092755,archived,2024-02-21
12266,Product_2266_1,home,752.8710408283428,460.2233604610488,active,2024-01-27
12267,Product_2267_1,books,135.77129573284554,124.41480527942639,active,2024-09-03
12268,Product_2268_1,clothing,392.5137314965006,296.68262142608774,archived,2024-10-05
12269,Product_2269_1,electronics,281.8916035076557,13.64226461947906,inactive,2024-04-23
12270,Product_2270_1,sports,592.7991650988587,458.4677027030561,pending,2024-03-09
12271,Product_2271_1,clothing,252.96565269292705,337.19435707098125,archived,2024-10-03
12272,Product_2272_1,electronics,407.02398441358537,398.280101525509,archived,2024-11-21
12273,Product_2273_1,home,875.040906436754,301.55607753675815,inactive,2024-12-13
12274,Product_2274_1,clothing,957.3418209716962,434.1623003987279,active,2024-04-16
12275,Product_2275_1,clothing,708.8851365716274,333.4035256393145,pending,2024-02-20
12276,Product_2276_1,electronics,816.3580265210379,472.3767302033483,inactive,2024-01-09
12277,Product_2277_1,home,174.71387918647346,288.09952217452593,archived,2024-02-27
12278,Product_2278_1,clothing,719.16980297345,366.61194690620385,inactive,2024-02-16
12279,Product_2279_1,sports,820.055602810568,480.0138749264409,inactive,2024-05-11
12280,Product_2280_1,home,938.1864897546058,28.681752955678046,active,2024-01-24
12281,Product_2281_1,books,571.9570533781441,115.71335081858594,pending,2024-01-14
12282,Product_2282_1,sports,284.2252670459454,484.13050217091677,inactive,2024-07-14
12283,Product_2283_1,electronics,265.32639930249144,483.3462120070925,archived,2024-03-11
12284,Product_2284_1,sports,711.4314253953559,205.04339068297554,archived,2024-02-19
12285,Product_2285_1,sports,876.9804866596288,210.3168280564901,inactive,2024-05-02
12286,Product_2286_1,electronics,225.0494635891429,103.15445836721868,inactive,2024-08-04
12287,Product_2287_1,clothing,164.64790035004432,277.81360964766026,pending,2024-09-04
12288,Product_2288_1,home,119.85385761383847,146.9346428263629,inactive,2024-07-03
12289,Product_2289_1,home,668.0798027866321,182.46337854642707,inactive,2024-07-02
12290,Product_2290_1,sports,914.79005303959,450.9392298733975,inactive,2024-10-23
12291,Product_2291_1,books,73.93763636685796,42.295286178814415,inactive,2024-10-27
12292,Product_2292_1,electronics,563.4471256581651,451.70087340762524,active,2024-09-28
12293,Product_2293_1,sports,412.4027978728112,231.66961126262078,inactive,2024-09-07
12294,Product_2294_1,home,50.10817708883095,35.55065211720743,archived,2024-10-28
12295,Product_2295_1,home,591.3102644845727,463.02528005836825,pending,2024-12-13
12296,Product_2296_1,sports,398.69160590282,59.05172432030119,active,2024-03-04
12297,Product_2297_1,electronics,886.838101166344,135.53162226995252,active,2024-06-07
12298,Product_2298_1,books,434.3949834776955,230.44142283952596,archived,2024-04-10
12299,Product_2299_1,books,669.9940354006426,400.5773051677833,inactive,2024-03-21
12300,Product_2300_1,electronics,920.7916800519766,130.29208994242015,archived,2024-03-06
12301,Product_2301_1,home,169.98770889300346,56.25566132717232,pending,2024-01-25
12302,Product_2302_1,books,995.8868096743447,445.88612562102367,archived,2024-11-05
12303,Product_2303_1,books,174.3103394429374,454.92894510652656,pending,2024-08-07
12304,Product_2304_1,electronics,745.0902613096524,339.1302626019434,inactive,2024-01-01
12305,Product_2305_1,electronics,71.60267982547232,275.09762336352316,active,2024-01-20
12306,Product_2306_1,electronics,637.0391165229825,416.78401640652817,active,2024-10-12
12307,Product_2307_1,books,161.295105204054,95.85136584758693,inactive,2024-08-21
12308,Product_2308_1,home,904.5409671057045,43.574033521463406,active,2024-05-14
12309,Product_2309_1,books,538.2150511777435,36.14505216673895,inactive,2024-09-05
12310,Product_2310_1,electronics,524.8579403267756,195.53405619103185,archived,2024-09-25
12311,Product_2311_1,home,546.2322059447823,177.88898023629724,active,2024-02-14
12312,Product_2312_1,clothing,56.95889940064202,44.72268326878494,pending,2024-12-27
12313,Product_2313_1,clothing,191.76531689805998,420.0741283311581,active,2024-01-04
12314,Product_2314_1,electronics,353.2798094149299,217.5522465010666,pending,2024-04-17
12315,Product_2315_1,books,42.49024183850978,390.348968738545,pending,2024-07-24
12316,Product_2316_1,sports,21.98750923238488,492.5874291074722,archived,2024-05-17
12317,Product_2317_1,home,956.645342577901,249.30671560810464,pending,2024-05-11
12318,Product_2318_1,electronics,751.7369765153906,97.77041103339394,pending,2024-08-15
12319,Product_2319_1,home,446.29569737609444,335.36985537847517,pending,2024-03-16
12320,Product_2320_1,clothing,816.4370549820686,369.9485276274626,inactive,2024-08-01
12321,Product_2321_1,books,914.2080610682606,69.29297147562097,archived,2024-05-05
12322,Product_2322_1,electronics,274.10734091448245,419.7369778063712,inactive,2024-12-03
12323,Product_2323_1,electronics,193.92573237932515,166.5409962051713,pending,2024-04-01
12324,Product_2324_1,electronics,545.5181163839549,104.84119921760764,active,2024-03-24
12325,Product_2325_1,sports,438.1501871059854,96.21334172790522,pending,2024-05-10
12326,Product_2326_1,home,588.4257516220476,219.24219624578495,archived,2024-12-09
12327,Product_2327_1,books,429.6282350467693,164.99247346092136,active,2024-03-13
12328,Product_2328_1,sports,635.509324610687,212.6996961832336,archived,2024-10-22
12329,Product_2329_1,books,565.5175854442994,169.52424230945675,archived,2024-10-20
12330,Product_2330_1,clothing,798.74804586666,40.83635224698162,archived,2024-12-08
12331,Product_2331_1,home,616.9101416760882,344.5495389783009,pending,2024-09-04
12332,Product_2332_1,electronics,539.6033560815093,374.1454874457403,archived,2024-01-14
12333,Product_2333_1,home,304.64596316486245,476.28352144385696,active,2024-09-16
12334,Product_2334_1,clothing,876.2240253509497,400.7913619582784,pending,2024-12-01
12335,Product_2335_1,books,378.9163284565788,34.691212399812244,inactive,2024-06-21
12336,Product_2336_1,books,899.2288060465381,347.1918520338425,archived,2024-04-23
12337,Product_2337_1,books,523.7052712570227,342.752563149174,inactive,2024-03-15
12338,Product_2338_1,books,932.3396910005047,319.27644324161287,pending,2024-10-23
12339,Product_2339_1,home,437.47859749475833,85.6507158064658,active,2024-08-06
12340,Product_2340_1,electronics,600.8141375398195,104.19676814732622,active,2024-11-19
12341,Product_2341_1,books,741.7434898416022,136.79063716035793,archived,2024-02-19
12342,Product_2342_1,home,122.61721747448057,281.2233446144466,pending,2024-08-13
12343,Product_2343_1,books,891.75801700603,287.15085566504155,pending,2024-08-15
12344,Product_2344_1,clothing,457.5314333372023,460.5877657591278,pending,2024-02-05
12345,Product_2345_1,electronics,514.4843443004398,341.99691459620465,inactive,2024-04-24
12346,Product_2346_1,sports,800.5076819095593,300.4123382259663,active,2024-01-12
12347,Product_2347_1,sports,416.2962583069082,176.36174941223595,pending,2024-09-26
12348,Product_2348_1,clothing,458.5420021177604,384.69701602537305,inactive,2024-09-12
12349,Product_2349_1,sports,758.6300164123194,447.17488423465034,archived,2024-10-20
12350,Product_2350_1,books,736.2892629821235,335.73803780658847,pending,2024-02-26
12351,Product_2351_1,sports,730.1185300696117,176.67858620458264,archived,2024-02-08
12352,Product_2352_1,electronics,929.5166444595047,55.64293172128187,pending,2024-02-16
12353,Product_2353_1,electronics,773.0862878515625,163.26247049454065,pending,2024-12-09
12354,Product_2354_1,clothing,175.10547548043894,168.07543275347177,archived,2024-07-26
12355,Product_2355_1,home,714.9900388007169,301.395806321702,active,2024-08-12
12356,Product_2356_1,clothing,772.8256380763897,399.0773685496336,active,2024-02-27
12357,Product_2357_1,sports,989.156438859565,56.42196846194478,active,2024-09-09
12358,Product_2358_1,clothing,205.62009509027357,171.09421851594598,inactive,2024-02-24
12359,Product_2359_1,home,502.4863220552795,28.508526140052936,pending,2024-10-14
12360,Product_2360_1,sports,675.1016750264196,316.77113747791657,archived,2024-09-13
12361,Product_2361_1,sports,78.01725755893129,63.018035521748004,inactive,2024-05-02
12362,Product_2362_1,sports,231.46708385722746,254.71362369815887,inactive,2024-03-12
12363,Product_2363_1,electronics,624.2645815690969,216.08799513178667,pending,2024-10-09
12364,Product_2364_1,electronics,499.2265962118117,218.3617331033878,archived,2024-11-21
12365,Product_2365_1,home,373.50322045121544,497.17260239378135,archived,2024-05-20
12366,Product_2366_1,books,744.9500563032,470.1468483860489,pending,2024-06-10
12367,Product_2367_1,home,139.49697882560565,299.81933446035066,pending,2024-06-11
12368,Product_2368_1,sports,444.39739711548197,119.32129886303258,archived,2024-08-27
12369,Product_2369_1,electronics,357.5212667806776,347.37844618511036,pending,2024-04-23
12370,Product_2370_1,books,208.66212241797368,228.33723488023935,active,2024-09-07
12371,Product_2371_1,books,859.0609688694564,291.21126423867094,active,2024-12-13
12372,Product_2372_1,clothing,98.30350494455988,46.57424400025564,pending,2024-09-10
12373,Product_2373_1,home,859.3289196559257,176.68195720539453,inactive,2024-06-06
12374,Product_2374_1,home,774.04238326532,307.425040435143,archived,2024-03-24
12375,Product_2375_1,home,63.964422518145156,404.1031288598001,inactive,2024-08-04
12376,Product_2376_1,clothing,160.34504567943148,257.32973341474246,active,2024-12-08
12377,Product_2377_1,home,321.95421720196293,439.5561946422066,archived,2024-04-28
12378,Product_2378_1,clothing,801.8076336256261,253.77504724082428,inactive,2024-03-06
12379,Product_2379_1,home,306.9585622058539,398.18246472798603,archived,2024-09-21
12380,Product_2380_1,sports,215.58078688262103,307.82596366548273,inactive,2024-06-08
12381,Product_2381_1,home,649.4372359002426,157.0879405309616,pending,2024-12-26
12382,Product_2382_1,electronics,440.2137676723969,326.7404540096307,active,2024-07-05
12383,Product_2383_1,electronics,816.8131975559718,232.47857904995792,active,2024-09-20
12384,Product_2384_1,sports,60.01647581641142,106.57491479134531,pending,2024-01-06
12385,Product_2385_1,books,48.65073560888092,210.91069373607675,inactive,2024-05-13
12386,Product_2386_1,books,638.6045360662116,125.40256258352773,archived,2024-02-09
12387,Product_2387_1,clothing,751.8757885362525,456.18895664280603,inactive,2024-11-13
12388,Product_2388_1,sports,964.2738599531134,113.27185965811144,archived,2024-10-20
12389,Product_2389_1,sports,456.4334425548812,308.96011144636907,pending,2024-09-23
12390,Product_2390_1,electronics,497.11679167596805,422.11484361069915,inactive,2024-01-21
12391,Product_2391_1,home,322.20482946146325,23.926654324650745,archived,2024-06-14
12392,Product_2392_1,clothing,75.80800250973031,272.53002402209785,pending,2024-08-13
12393,Product_2393_1,home,95.45724456091169,106.15634942960529,active,2024-05-22
12394,Product_2394_1,clothing,813.0063894685289,443.51918488826124,active,2024-06-08
12395,Product_2395_1,home,554.7660592663769,50.811126724937544,pending,2024-07-22
12396,Product_2396_1,books,408.80512725458215,110.96586687688297,inactive,2024-10-26
12397,Product_2397_1,clothing,330.1255484849982,267.67246782816846,pending,2024-10-04
12398,Product_2398_1,clothing,501.06729436305113,471.1775001001985,active,2024-11-23
12399,Product_2399_1,sports,565.1470472778248,31.133177656333736,archived,2024-12-22
12400,Product_2400_1,sports,919.5411765707182,271.10656948077855,active,2024-12-03
12401,Product_2401_1,clothing,115.83613632839048,107.66523804594419,inactive,2024-10-05
12402,Product_2402_1,books,460.37242860793543,469.4207063731182,pending,2024-10-11
12403,Product_2403_1,sports,314.40847638436384,38.22539369907376,archived,2024-12-07
12404,Product_2404_1,sports,607.1952480424909,345.8193506678519,inactive,2024-06-07
12405,Product_2405_1,electronics,54.76259612327135,401.4490956280013,active,2024-03-01
12406,Product_2406_1,electronics,867.6770257092791,481.46468543137223,inactive,2024-07-05
12407,Product_2407_1,sports,514.420632820889,326.31028104781655,inactive,2024-08-19
12408,Product_2408_1,home,380.31078874471314,20.43119190992286,inactive,2024-09-21
12409,Product_2409_1,electronics,358.13288847499274,445.42095074509587,inactive,2024-01-19
12410,Product_2410_1,sports,207.62430468260618,234.9939999788501,pending,2024-05-19
12411,Product_2411_1,sports,564.070098066712,72.02181313105115,archived,2024-08-21
12412,Product_2412_1,sports,478.58606911991296,25.253943514752415,active,2024-09-19
12413,Product_2413_1,home,450.510179463312,405.00573368676373,pending,2024-03-05
12414,Product_2414_1,electronics,82.70681137591016,99.86140238444376,inactive,2024-07-28
12415,Product_2415_1,electronics,804.083877993713,299.0249962225816,inactive,2024-08-27
12416,Product_2416_1,clothing,851.9575549953485,439.8317384175982,archived,2024-11-07
12417,Product_2417_1,home,320.4628117200642,158.26463369483616,inactive,2024-12-06
12418,Product_2418_1,electronics,419.29612496504205,295.49390748538764,archived,2024-05-28
12419,Product_2419_1,clothing,607.6783338393519,161.36242506937134,archived,2024-08-06
12420,Product_2420_1,books,303.0145798456271,70.14380167866256,active,2024-11-28
12421,Product_2421_1,sports,683.8510025531182,198.68521534624048,inactive,2024-08-14
12422,Product_2422_1,electronics,248.22449973809637,45.61993749498434,archived,2024-02-26
12423,Product_2423_1,clothing,677.7709603251221,191.90513465239098,inactive,2024-11-16
12424,Product_2424_1,clothing,709.9684694204701,138.89271767209104,inactive,2024-03-13
12425,Product_2425_1,electronics,247.16527134517784,86.8616359481549,archived,2024-04-03
12426,Product_2426_1,clothing,779.8884032033432,94.56439518673119,inactive,2024-10-01
12427,Product_2427_1,home,637.5461717596411,113.36424078464248,archived,2024-01-01
12428,Product_2428_1,books,913.3813483212185,331.62906203677795,inactive,2024-08-25
12429,Product_2429_1,home,198.27011882457262,461.60548916216874,active,2024-09-03
12430,Product_2430_1,books,66.02759983228994,270.64992370107757,active,2024-10-01
12431,Product_2431_1,books,257.1459045205102,365.1191043850756,archived,2024-11-27
12432,Product_2432_1,books,44.02375118805831,24.49478546541956,active,2024-02-01
12433,Product_2433_1,electronics,705.6778995442056,75.83708068577758,inactive,2024-03-24
12434,Product_2434_1,home,304.84700738471236,483.22891536010553,pending,2024-04-19
12435,Product_2435_1,clothing,797.95516810156,328.95124303892504,inactive,2024-10-06
12436,Product_2436_1,clothing,850.5314324412237,158.2748981514161,inactive,2024-01-19
12437,Product_2437_1,books,957.3282781812882,53.80291252977035,inactive,2024-02-22
12438,Product_2438_1,home,910.7191741870995,150.24945705494753,inactive,2024-10-18
12439,Product_2439_1,home,533.0865174315948,109.75576169722312,pending,2024-11-23
12440,Product_2440_1,sports,254.26275810613475,417.8493823303976,archived,2024-02-06
12441,Product_2441_1,sports,262.58838003479656,195.8819315248526,archived,2024-09-28
12442,Product_2442_1,sports,670.6364338268177,118.66837003505134,archived,2024-10-02
12443,Product_2443_1,home,211.87409309020669,224.31126077229757,active,2024-07-23
12444,Product_2444_1,home,389.4310750282372,379.42138571485947,active,2024-11-27
12445,Product_2445_1,home,543.1052966678351,290.5476339541092,pending,2024-08-06
12446,Product_2446_1,electronics,345.54773738711475,137.08898604074707,active,2024-02-08
12447,Product_2447_1,sports,708.6298554937842,462.1390781260653,archived,2024-09-02
12448,Product_2448_1,books,736.038447469059,255.841728315347,active,2024-08-01
12449,Product_2449_1,home,101.26032552538916,273.63910533666115,active,2024-02-04
12450,Product_2450_1,books,9.751297959592874,147.49477204251997,active,2024-03-08
12451,Product_2451_1,clothing,835.436117035545,73.22048783056923,pending,2024-02-01
12452,Product_2452_1,home,636.6569418829217,169.1310903471479,inactive,2024-06-21
12453,Product_2453_1,clothing,97.35514746725885,406.4278626586694,active,2024-06-20
12454,Product_2454_1,sports,67.11811537874124,147.02749206509776,inactive,2024-04-15
12455,Product_2455_1,electronics,17.98311506132008,121.51647166966298,active,2024-08-16
12456,Product_2456_1,home,965.2582203786317,12.66747844238771,pending,2024-08-26
12457,Product_2457_1,books,345.7110830566403,470.25660068530993,inactive,2024-09-10
12458,Product_2458_1,home,279.4345912260149,77.60398693186154,active,2024-04-08
12459,Product_2459_1,clothing,703.8565387050058,374.01913090761224,pending,2024-05-02
12460,Product_2460_1,clothing,940.8968330905972,440.70711016011757,inactive,2024-10-03
12461,Product_2461_1,electronics,742.8819180576919,244.44903963161735,archived,2024-09-23
12462,Product_2462_1,home,338.13932186308966,56.722155005938404,archived,2024-05-22
12463,Product_2463_1,clothing,614.3479053531195,156.73062701953566,archived,2024-10-21
12464,Product_2464_1,clothing,981.231255125172,185.61353757319984,inactive,2024-11-09
12465,Product_2465_1,home,110.0335120175413,275.8430636367421,archived,2024-12-19
12466,Product_2466_1,sports,329.84749744406855,346.47537411334747,pending,2024-06-19
12467,Product_2467_1,clothing,44.564981117012714,177.97422747527654,archived,2024-04-27
12468,Product_2468_1,electronics,273.3116906715763,468.55450987403196,pending,2024-12-10
12469,Product_2469_1,electronics,323.05662104556177,452.88684594005184,inactive,2024-05-12
12470,Product_2470_1,home,135.59313122285945,55.60101950375396,archived,2024-07-18
12471,Product_2471_1,sports,516.6400827784989,126.29977928293808,active,2024-03-10
12472,Product_2472_1,clothing,392.22311536224294,123.0479328507566,archived,2024-03-27
12473,Product_2473_1,sports,375.02844819675954,255.49536027383064,pending,2024-12-12
12474,Product_2474_1,clothing,951.2675615072658,318.24502987120184,inactive,2024-11-12
12475,Product_2475_1,home,209.50108213939956,231.4796363725838,pending,2024-04-13
12476,Product_2476_1,electronics,165.5430463695421,234.77342992053232,archived,2024-03-20
12477,Product_2477_1,sports,251.03465372086166,237.16369813201922,active,2024-04-22
12478,Product_2478_1,books,366.6845090597742,11.983546675839747,pending,2024-06-09
12479,Product_2479_1,electronics,93.39685343864764,446.8837512975413,archived,2024-03-16
12480,Product_2480_1,electronics,441.7188068382466,113.12109643059212,active,2024-02-05
12481,Product_2481_1,home,637.52107391046,139.44528515705233,inactive,2024-02-07
12482,Product_2482_1,books,888.7878900439058,61.65049446963728,active,2024-06-28
12483,Product_2483_1,electronics,110.11586205670253,435.1610248527316,active,2024-06-04
12484,Product_2484_1,sports,876.77367946899,218.821850095882,active,2024-10-04
12485,Product_2485_1,books,78.65465240034455,201.8185370862872,archived,2024-01-18
12486,Product_2486_1,sports,69.93005221801678,264.54413226615293,inactive,2024-07-11
12487,Product_2487_1,sports,419.8489696758374,381.8151687335136,archived,2024-12-15
12488,Product_2488_1,books,13.377424559075767,355.2545839133339,archived,2024-05-03
12489,Product_2489_1,clothing,910.7054312779519,454.61044849430624,inactive,2024-06-17
12490,Product_2490_1,books,500.53291957866367,328.13293553108895,pending,2024-08-12
12491,Product_2491_1,sports,354.1424949692293,449.4400778636037,archived,2024-09-06
12492,Product_2492_1,sports,303.29094592940316,477.55382777829226,inactive,2024-11-14
12493,Product_2493_1,clothing,535.7076114885404,108.30331628106562,inactive,2024-10-04
12494,Product_2494_1,home,255.92402999397098,285.6396495733012,inactive,2024-04-15
12495,Product_2495_1,clothing,701.4137527599779,83.20165517216573,pending,2024-11-12
12496,Product_2496_1,sports,269.73847023071215,248.3341601163643,archived,2024-12-09
12497,Product_2497_1,home,853.2787642873873,58.767786263040314,inactive,2024-09-27
12498,Product_2498_1,sports,733.1513375355934,141.33490874020953,pending,2024-08-06
12499,Product_2499_1,electronics,365.63509904763566,70.43039983203825,archived,2024-03-28
12500,Product_2500_1,sports,986.0061348443012,107.37499545391687,inactive,2024-04-03
12501,Product_2501_1,clothing,715.6671127153322,211.87942093020612,pending,2024-12-01
12502,Product_2502_1,clothing,344.8698580337261,438.87167712865113,active,2024-07-02
12503,Product_2503_1,home,39.50082841217852,189.98200674245123,active,2024-12-24
12504,Product_2504_1,books,172.5045578139538,65.52462952131779,inactive,2024-09-14
12505,Product_2505_1,home,70.52099526187487,175.08185703903777,pending,2024-10-05
12506,Product_2506_1,books,169.85757051936855,135.57293955118374,archived,2024-08-10
12507,Product_2507_1,sports,71.41556922210168,319.07685486526555,inactive,2024-05-15
12508,Product_2508_1,sports,136.00418268335426,31.144380676909947,pending,2024-11-13
12509,Product_2509_1,sports,658.5463949334089,115.10672525956471,pending,2024-04-24
12510,Product_2510_1,electronics,690.3597029652263,160.55984558309154,inactive,2024-06-10
12511,Product_2511_1,books,809.4810807327948,280.27335292062156,archived,2024-02-07
12512,Product_2512_1,electronics,282.8470977839002,102.63962261564042,pending,2024-07-13
12513,Product_2513_1,sports,848.1039427068138,216.23127445934918,archived,2024-10-24
12514,Product_2514_1,home,574.7503291098775,127.11380374310941,inactive,2024-07-04
12515,Product_2515_1,sports,327.891235268077,285.57615924616493,inactive,2024-03-25
12516,Product_2516_1,sports,506.9370190347564,127.12911793846236,active,2024-06-07
12517,Product_2517_1,home,895.7184022537504,121.44790615021161,pending,2024-07-02
12518,Product_2518_1,clothing,32.83293408376073,99.3152245548913,archived,2024-07-06
12519,Product_2519_1,books,825.3767924752372,469.6981647108399,active,2024-04-11
12520,Product_2520_1,books,527.1365748729381,372.46274967618825,inactive,2024-11-28
12521,Product_2521_1,home,709.4959754821576,424.59049937339745,active,2024-03-15
12522,Product_2522_1,electronics,564.2708629966133,376.0753035643257,active,2024-05-13
12523,Product_2523_1,sports,91.5402766521297,478.25156298906154,inactive,2024-04-18
12524,Product_2524_1,books,490.15046589742735,483.00728196137527,active,2024-03-03
12525,Product_2525_1,electronics,596.6127621854588,36.27638315272517,pending,2024-02-13
12526,Product_2526_1,clothing,756.9318632001635,423.13303162222655,pending,2024-08-07
12527,Product_2527_1,home,7.290537892877511,190.2179781796371,archived,2024-05-05
12528,Product_2528_1,sports,89.07779172197232,352.7604678865305,archived,2024-08-05
12529,Product_2529_1,home,244.96873618375537,81.47965491248803,archived,2024-09-17
12530,Product_2530_1,books,678.3940869767381,401.4930265179294,archived,2024-03-26
12531,Product_2531_1,sports,783.4080472421482,77.77874063435426,inactive,2024-09-23
12532,Product_2532_1,sports,485.89487621280205,174.07778872180867,pending,2024-10-24
12533,Product_2533_1,electronics,510.4094536725869,204.46946290375917,inactive,2024-07-24
12534,Product_2534_1,books,626.3015373380902,237.81358677634424,archived,2024-08-08
12535,Product_2535_1,clothing,378.3896353836686,177.0413703205427,pending,2024-09-23
12536,Product_2536_1,electronics,662.7363238515758,184.24598805504198,active,2024-11-22
12537,Product_2537_1,books,640.9586108114908,90.12796840210741,inactive,2024-04-16
12538,Product_2538_1,home,281.3352822239958,499.39033088118,inactive,2024-01-15
12539,Product_2539_1,books,806.4103806890552,387.29779725901926,active,2024-02-13
12540,Product_2540_1,clothing,63.04108137355126,130.5704496888216,inactive,2024-09-28
12541,Product_2541_1,electronics,883.5048687454312,87.29376511950555,pending,2024-07-06
12542,Product_2542_1,home,846.201999428268,260.7280219039419,pending,2024-01-18
12543,Product_2543_1,clothing,506.0111025024384,98.26492263847368,archived,2024-09-19
12544,Product_2544_1,books,450.84226290311483,189.3890811622244,active,2024-09-18
12545,Product_2545_1,home,674.6142813927737,301.6945286544268,active,2024-07-08
12546,Product_2546_1,home,45.825757309637,11.443302145772202,archived,2024-11-08
12547,Product_2547_1,home,401.05346885792454,111.40130679465767,archived,2024-01-16
12548,Product_2548_1,home,196.17104186277564,250.80642950865908,active,2024-02-13
12549,Product_2549_1,electronics,425.28502208945133,242.93885323281674,pending,2024-12-09
12550,Product_2550_1,clothing,804.7327098131788,58.60200720426047,archived,2024-12-05
12551,Product_2551_1,home,215.3676827932069,416.9713864711314,inactive,2024-12-24
12552,Product_2552_1,books,605.3437643003384,399.31867882171474,inactive,2024-07-21
12553,Product_2553_1,electronics,962.3978500332043,204.0760402190566,active,2024-12-04
12554,Product_2554_1,home,335.49173799306175,220.4233292301266,pending,2024-10-28
12555,Product_2555_1,electronics,834.4259827854542,303.22037718279057,active,2024-11-09
12556,Product_2556_1,home,761.1115415803,48.58476413825099,inactive,2024-09-08
12557,Product_2557_1,sports,158.32533236037386,399.1155347752751,archived,2024-09-26
12558,Product_2558_1,sports,525.3906580066468,463.67453588935456,pending,2024-09-18
12559,Product_2559_1,electronics,236.97268462300755,181.39567096510547,archived,2024-09-04
12560,Product_2560_1,sports,697.3623786517416,193.9508560891768,inactive,2024-01-25
12561,Product_2561_1,sports,329.92837432024464,463.2183259969446,archived,2024-04-12
12562,Product_2562_1,clothing,572.4228162218092,371.4886563819176,inactive,2024-10-14
12563,Product_2563_1,clothing,559.9127767583212,39.191228758329274,inactive,2024-10-10
12564,Product_2564_1,clothing,428.75094972628006,320.92259025562805,archived,2024-10-14
12565,Product_2565_1,clothing,116.30536216815803,474.4126273470033,active,2024-11-20
12566,Product_2566_1,books,302.9130007969146,343.6272599747953,archived,2024-04-19
12567,Product_2567_1,electronics,324.8758258529145,345.453674528755,pending,2024-03-14
12568,Product_2568_1,sports,484.3625000300571,362.00416784674456,active,2024-06-24
12569,Product_2569_1,books,840.2892861250015,71.6085292768639,pending,2024-06-27
12570,Product_2570_1,home,253.1354834205441,92.34510612755138,archived,2024-04-16
12571,Product_2571_1,electronics,207.7588444697704,118.64041529870357,archived,2024-12-16
12572,Product_2572_1,sports,555.468095571584,391.4462049524554,inactive,2024-02-01
12573,Product_2573_1,electronics,335.6514022563341,484.5577315106712,active,2024-03-17
12574,Product_2574_1,clothing,887.6084662142131,396.89124233537734,pending,2024-12-04
12575,Product_2575_1,clothing,668.1340047380672,48.137132724480175,inactive,2024-06-27
12576,Product_2576_1,electronics,23.264783525794176,415.2343608964982,archived,2024-06-13
12577,Product_2577_1,clothing,24.98469796729241,63.212772354619254,archived,2024-07-20
12578,Product_2578_1,sports,718.4866054388052,111.8101111510262,pending,2024-11-01
12579,Product_2579_1,books,564.0119434289697,451.29734471802476,archived,2024-09-09
12580,Product_2580_1,electronics,595.5633384167098,294.07143638942307,archived,2024-11-20
12581,Product_2581_1,sports,60.16909003403113,22.27753108703854,active,2024-06-05
12582,Product_2582_1,books,70.28694309816993,496.44898922601664,inactive,2024-05-23
12583,Product_2583_1,home,209.32876153711257,455.3914342674682,pending,2024-06-05
12584,Product_2584_1,electronics,984.977251704271,238.9030087206741,inactive,2024-01-24
12585,Product_2585_1,books,258.72438728560564,95.41361076124544,archived,2024-12-12
12586,Product_2586_1,electronics,350.40955775559075,341.1261534521017,pending,2024-05-13
12587,Product_2587_1,home,714.7123402267752,84.06553760948235,active,2024-02-02
12588,Product_2588_1,sports,793.5267511813573,262.31613317330897,archived,2024-04-28
12589,Product_2589_1,sports,575.4431307973788,411.01645014413737,pending,2024-11-10
12590,Product_2590_1,home,240.06923394163525,154.7903231905464,active,2024-01-26
12591,Product_2591_1,sports,3.2252653694663773,29.598215796972216,active,2024-01-27
12592,Product_2592_1,clothing,972.5470302708909,268.1458899562707,archived,2024-07-17
12593,Product_2593_1,electronics,508.1832680580979,76.50383480299372,inactive,2024-11-15
12594,Product_2594_1,clothing,14.062160078948095,100.35422701034291,pending,2024-01-13
12595,Product_2595_1,electronics,143.17805088849065,51.52525307521389,pending,2024-01-22
12596,Product_2596_1,sports,389.5593767696174,157.1759137008694,pending,2024-10-23
12597,Product_2597_1,books,38.836943155869,378.739752968675,inactive,2024-02-25
12598,Product_2598_1,sports,308.49083220492275,469.8595221342702,active,2024-07-18
12599,Product_2599_1,sports,959.1921969564012,101.22764600922476,archived,2024-06-21
12600,Product_2600_1,books,415.23432196801906,185.90002003450454,inactive,2024-07-28
12601,Product_2601_1,electronics,600.4227994498442,80.71748608077468,archived,2024-01-20
12602,Product_2602_1,books,985.6436697704331,193.8703120965581,active,2024-01-12
12603,Product_2603_1,home,738.5702201120267,172.03221137649692,inactive,2024-05-12
12604,Product_2604_1,sports,89.47479160119838,385.6992553223254,active,2024-04-04
12605,Product_2605_1,books,933.2127735458605,427.1907463276117,pending,2024-07-22
12606,Product_2606_1,clothing,486.2781167284103,494.17684826966155,inactive,2024-06-14
12607,Product_2607_1,clothing,7.788447751003034,43.1730759052218,archived,2024-12-09
12608,Product_2608_1,clothing,68.06310157930454,307.9279371423639,active,2024-02-24
12609,Product_2609_1,sports,484.584677895032,305.5714567588341,inactive,2024-10-02
12610,Product_2610_1,books,305.9295975930932,126.50406215969305,archived,2024-03-12
12611,Product_2611_1,home,819.875022477437,388.8295463977837,active,2024-06-27
12612,Product_2612_1,electronics,507.82417549187664,498.6565464736791,inactive,2024-03-02
12613,Product_2613_1,sports,586.202269191511,326.8078719740124,archived,2024-08-09
12614,Product_2614_1,electronics,81.66538221866654,361.44741226816666,inactive,2024-09-16
12615,Product_2615_1,clothing,503.6151754411515,67.11883767252269,active,2024-11-12
12616,Product_2616_1,home,250.27544051959256,433.53963135981286,pending,2024-01-01
12617,Product_2617_1,home,755.5198833657116,390.2359913661883,inactive,2024-03-23
12618,Product_2618_1,clothing,166.08761165073187,476.65246647159194,inactive,2024-06-05
12619,Product_2619_1,clothing,513.8877077832259,71.38763570726783,inactive,2024-05-26
12620,Product_2620_1,home,152.97695050077124,455.1495203850212,inactive,2024-06-17
12621,Product_2621_1,sports,754.2026225210149,225.0679546283988,inactive,2024-12-22
12622,Product_2622_1,clothing,993.0016396713396,317.3870708546663,active,2024-02-28
12623,Product_2623_1,sports,482.82494934444884,456.78638249002915,inactive,2024-01-19
12624,Product_2624_1,sports,661.236021366598,432.77437470435257,pending,2024-10-12
12625,Product_2625_1,electronics,766.5624569004221,466.6257235276331,pending,2024-08-15
12626,Product_2626_1,electronics,217.10615539347293,418.2464054349179,active,2024-02-01
12627,Product_2627_1,clothing,201.6215819969732,202.54989707053457,pending,2024-04-09
12628,Product_2628_1,home,876.0030414301838,88.72014346559689,archived,2024-10-12
12629,Product_2629_1,sports,584.9831156412743,438.1734254143762,pending,2024-05-02
12630,Product_2630_1,clothing,247.9379905324187,433.882894283829,inactive,2024-12-28
12631,Product_2631_1,clothing,2.549680251341276,388.71090028479205,active,2024-10-27
12632,Product_2632_1,electronics,483.5387909841122,88.36696773417648,archived,2024-09-27
12633,Product_2633_1,sports,421.4607484627662,213.6366628968373,active,2024-11-28
12634,Product_2634_1,home,220.32257224468643,72.36848040644617,pending,2024-08-12
12635,Product_2635_1,sports,172.12828825460426,134.73941481176655,archived,2024-02-27
12636,Product_2636_1,home,304.9493085676507,178.2455048365284,active,2024-04-21
12637,Product_2637_1,electronics,619.3629567648546,312.1014201445865,archived,2024-04-05
12638,Product_2638_1,electronics,188.91222550069728,24.217254756960763,inactive,2024-12-20
12639,Product_2639_1,home,481.86676618716007,211.86828033584345,inactive,2024-11-27
12640,Product_2640_1,sports,332.0853347809232,487.27036591562273,inactive,2024-10-18
12641,Product_2641_1,electronics,163.74938527584078,232.2098301919056,active,2024-03-24
12642,Product_2642_1,electronics,736.9818626923617,84.4575059110326,active,2024-09-23
12643,Product_2643_1,sports,894.8531846403919,258.36803081333994,pending,2024-08-23
12644,Product_2644_1,electronics,383.59075354339757,189.72759769175676,pending,2024-10-03
12645,Product_2645_1,sports,162.3915095975064,266.1086091872232,pending,2024-06-26
12646,Product_2646_1,clothing,819.8061248288885,57.50223621294237,inactive,2024-03-23
12647,Product_2647_1,home,132.4622973635915,131.1425907833866,pending,2024-10-27
12648,Product_2648_1,home,800.5790587058186,378.1787078688204,inactive,2024-05-18
12649,Product_2649_1,sports,953.634455331926,287.0535560281898,archived,2024-08-04
12650,Product_2650_1,home,276.7400030863925,421.0309805749325,inactive,2024-08-08
12651,Product_2651_1,books,171.13262373798366,178.37048653189976,inactive,2024-08-21
12652,Product_2652_1,sports,669.2809958293417,84.66972682899035,pending,2024-12-21
12653,Product_2653_1,electronics,109.75519289326185,24.558643874341435,active,2024-02-15
12654,Product_2654_1,home,568.4269506524473,400.9007581819952,active,2024-11-15
12655,Product_2655_1,books,975.0328606548537,79.37399315974564,inactive,2024-03-06
12656,Product_2656_1,books,648.0619669869307,341.7547138336183,active,2024-04-20
12657,Product_2657_1,home,846.4577130437461,482.71121502513904,active,2024-10-08
12658,Product_2658_1,books,60.364206248927864,45.092247364211,pending,2024-10-06
12659,Product_2659_1,home,272.3629288574855,355.8534620115344,active,2024-08-28
12660,Product_2660_1,books,530.8822776589836,408.2853524721676,active,2024-01-11
12661,Product_2661_1,clothing,818.187986669535,380.3654289347155,pending,2024-05-11
12662,Product_2662_1,home,692.1338474142741,253.43802047668393,inactive,2024-06-01
12663,Product_2663_1,books,798.6539195580626,110.90719556901831,pending,2024-01-18
12664,Product_2664_1,sports,925.2166021601602,421.99076774036484,inactive,2024-06-01
12665,Product_2665_1,electronics,458.8372392875423,320.5855390327962,inactive,2024-10-22
12666,Product_2666_1,home,12.056871916732904,216.93185731751163,pending,2024-04-05
12667,Product_2667_1,electronics,388.058967775144,246.70541655562596,inactive,2024-11-11
12668,Product_2668_1,electronics,347.967538324469,275.1894064438666,pending,2024-11-20
12669,Product_2669_1,books,735.8612207397713,276.4736651150469,pending,2024-07-06
12670,Product_2670_1,electronics,501.92172148150047,249.4892233491958,inactive,2024-02-24
12671,Product_2671_1,clothing,227.9896440046308,125.67683418878343,inactive,2024-04-06
12672,Product_2672_1,books,693.1190699264525,383.3417299559943,archived,2024-01-02
12673,Product_2673_1,books,500.3197859760695,65.13504304948003,active,2024-05-18
12674,Product_2674_1,sports,186.43436579498245,243.04938074900573,archived,2024-08-11
12675,Product_2675_1,electronics,210.53901316277103,421.0345563400839,pending,2024-09-01
12676,Product_2676_1,sports,593.2232074101214,373.7053183831852,pending,2024-04-21
12677,Product_2677_1,home,283.9892600872635,308.61886267472903,inactive,2024-05-19
12678,Product_2678_1,books,50.567939888467315,52.09278580202845,active,2024-05-16
12679,Product_2679_1,home,380.96217570210626,442.87864735130506,inactive,2024-04-12
12680,Product_2680_1,home,519.4464295834582,479.1323018265341,archived,2024-11-10
12681,Product_2681_1,sports,907.6695487663233,191.5084140058315,inactive,2024-05-26
12682,Product_2682_1,sports,671.5499739376938,218.63841750481242,archived,2024-04-27
12683,Product_2683_1,clothing,124.13315019851139,88.04380149242712,inactive,2024-11-28
12684,Product_2684_1,home,669.2121511521632,257.8773103203588,pending,2024-09-10
12685,Product_2685_1,books,201.22999696901496,226.59757827497043,pending,2024-04-12
12686,Product_2686_1,books,388.65852280907893,406.108300251509,pending,2024-11-12
12687,Product_2687_1,clothing,19.39998329242933,11.32247796668528,pending,2024-03-21
12688,Product_2688_1,clothing,252.48615681418784,461.38033747971593,pending,2024-11-22
12689,Product_2689_1,books,557.4595417645902,254.32634801161564,inactive,2024-02-10
12690,Product_2690_1,books,195.34275804936493,450.0784928825381,pending,2024-05-01
12691,Product_2691_1,sports,92.69481706793114,373.4159251923015,pending,2024-03-15
12692,Product_2692_1,clothing,911.7707664463497,74.07222222874162,active,2024-09-06
12693,Product_2693_1,electronics,238.2358491531766,453.79135691350524,archived,2024-12-12
12694,Product_2694_1,clothing,462.1151837102015,92.54558379717263,inactive,2024-07-12
12695,Product_2695_1,electronics,621.1306376889517,236.3761374035097,inactive,2024-05-21
12696,Product_2696_1,home,797.491997713053,495.4760836714115,active,2024-12-02
12697,Product_2697_1,sports,137.69412622077007,22.00499409278494,active,2024-05-19
12698,Product_2698_1,sports,383.2941753659686,471.8271857198129,archived,2024-01-08
12699,Product_2699_1,electronics,243.39896173512338,236.95793667070856,pending,2024-05-01
12700,Product_2700_1,home,374.01928641249054,266.5354829215497,pending,2024-05-12
12701,Product_2701_1,books,167.80522832645016,328.54906206893367,active,2024-01-02
12702,Product_2702_1,electronics,78.90437141754626,309.65157485150877,archived,2024-10-02
12703,Product_2703_1,books,874.8653913329431,157.071517330237,inactive,2024-04-18
12704,Product_2704_1,electronics,498.97069812352765,111.41879705913652,archived,2024-04-06
12705,Product_2705_1,clothing,988.4098861707262,332.47251026274745,active,2024-12-21
12706,Product_2706_1,sports,871.0681973494371,465.8599969235259,inactive,2024-08-12
12707,Product_2707_1,sports,309.03894789448964,313.4178312430816,active,2024-03-24
12708,Product_2708_1,home,490.1467835444194,430.4017031326363,archived,2024-04-06
12709,Product_2709_1,sports,637.5027342984554,113.61793755848888,inactive,2024-10-20
12710,Product_2710_1,clothing,66.72311157841673,97.29603713252027,active,2024-03-05
12711,Product_2711_1,books,346.823624101936,19.687439597346213,pending,2024-02-14
12712,Product_2712_1,sports,643.1615935322516,55.26295817559357,pending,2024-08-25
12713,Product_2713_1,home,126.91492821651659,17.077921537408518,inactive,2024-01-11
12714,Product_2714_1,books,744.1923958874647,243.97424959887474,active,2024-04-07
12715,Product_2715_1,electronics,840.9553578463953,24.466197762556757,inactive,2024-11-07
12716,Product_2716_1,electronics,665.5750367498082,368.06879980806633,archived,2024-07-22
12717,Product_2717_1,sports,820.530119413415,322.7877133462479,archived,2024-04-04
12718,Product_2718_1,clothing,421.4364680092798,491.68797275060194,archived,2024-06-22
12719,Product_2719_1,sports,217.20158096356082,361.18095068464976,archived,2024-02-14
12720,Product_2720_1,electronics,143.16972124256668,68.72737372660617,pending,2024-11-16
12721,Product_2721_1,home,811.6098192436331,465.7839098797737,active,2024-07-26
12722,Product_2722_1,sports,709.3282348998964,499.096117703123,inactive,2024-08-06
12723,Product_2723_1,home,418.7606110424265,180.07305649902892,archived,2024-04-22
12724,Product_2724_1,clothing,167.8759771266881,477.28743210089635,inactive,2024-12-14
12725,Product_2725_1,clothing,145.76538929965736,263.7600557031815,inactive,2024-12-14
12726,Product_2726_1,sports,223.71460864255977,451.3294597939802,archived,2024-06-24
12727,Product_2727_1,electronics,524.5030832505515,285.45376636419,archived,2024-05-26
12728,Product_2728_1,sports,879.3996899073506,313.45020165022333,active,2024-09-12
12729,Product_2729_1,home,14.805183857570377,275.531729136261,inactive,2024-05-05
12730,Product_2730_1,books,324.32082991475886,377.3232652298305,active,2024-11-04
12731,Product_2731_1,books,481.05712789757,51.169754993215776,archived,2024-09-03
12732,Product_2732_1,books,904.7031443157299,204.43398136619345,pending,2024-06-18
12733,Product_2733_1,sports,472.4524845182406,269.9857636782558,inactive,2024-10-02
12734,Product_2734_1,electronics,935.924560946552,238.2862714941583,active,2024-01-11
12735,Product_2735_1,home,317.47485603703774,283.8567231510573,archived,2024-08-23
12736,Product_2736_1,home,331.62862928161775,468.90542284709403,archived,2024-06-17
12737,Product_2737_1,sports,79.84146408141845,496.9524023925819,pending,2024-03-03
12738,Product_2738_1,sports,214.6272254596245,167.04911194719097,inactive,2024-07-09
12739,Product_2739_1,sports,615.8335795804352,449.33526499651373,inactive,2024-08-24
12740,Product_2740_1,home,499.4521518140245,303.7416248454607,inactive,2024-09-08
12741,Product_2741_1,sports,118.18396435185431,116.70849523872793,archived,2024-01-27
12742,Product_2742_1,clothing,248.65404424911793,81.7542358348965,inactive,2024-09-23
12743,Product_2743_1,electronics,120.97532205934591,108.55222230035481,archived,2024-01-25
12744,Product_2744_1,sports,386.61818789092894,61.88693041372544,pending,2024-12-20
12745,Product_2745_1,clothing,283.289289703342,24.463165856399314,pending,2024-04-01
12746,Product_2746_1,electronics,549.5735270675104,88.71365743549941,archived,2024-09-01
12747,Product_2747_1,electronics,753.0572549661912,399.0488622784539,archived,2024-06-26
12748,Product_2748_1,books,491.3686344639241,326.0550863604396,inactive,2024-07-14
12749,Product_2749_1,books,774.3051883098303,366.7966098101299,inactive,2024-01-19
12750,Product_2750_1,books,613.1471310751558,239.59894812739694,pending,2024-04-02
12751,Product_2751_1,clothing,941.6447573193421,277.2154755993918,inactive,2024-06-06
12752,Product_2752_1,clothing,665.4791130191529,92.8638288935854,archived,2024-10-18
12753,Product_2753_1,books,904.2196785109787,206.27390326911416,archived,2024-05-22
12754,Product_2754_1,sports,384.24967156156777,425.1872728164421,active,2024-06-05
12755,Product_2755_1,home,779.1414410392654,12.586024587757255,active,2024-05-18
12756,Product_2756_1,electronics,422.52628760658814,426.15063705243205,active,2024-01-16
12757,Product_2757_1,sports,323.93681526792,229.96636832549467,inactive,2024-03-26
12758,Product_2758_1,home,850.1554103038952,106.75418470260958,inactive,2024-08-22
12759,Product_2759_1,electronics,275.4084011961847,274.81339197896517,archived,2024-01-23
12760,Product_2760_1,sports,304.2605662660436,292.7330936680714,active,2024-07-06
12761,Product_2761_1,home,357.20855424943085,107.75915831452342,archived,2024-05-07
12762,Product_2762_1,sports,740.4468009463241,483.41231313368615,active,2024-08-07
12763,Product_2763_1,sports,555.3094164231488,458.34790816256526,active,2024-03-07
12764,Product_2764_1,home,618.6644050155073,322.70274719175876,archived,2024-07-23
12765,Product_2765_1,clothing,786.1016657685265,474.5497832438373,inactive,2024-10-16
12766,Product_2766_1,clothing,310.9744448881958,79.30112225410025,inactive,2024-08-04
12767,Product_2767_1,sports,638.038159687014,484.4257566502223,archived,2024-08-08
12768,Product_2768_1,sports,423.3667790355529,449.77683801967027,pending,2024-03-10
12769,Product_2769_1,sports,52.504128149903806,207.7352937263221,pending,2024-02-06
12770,Product_2770_1,sports,855.59620746592,319.71684420073666,active,2024-12-09
12771,Product_2771_1,sports,622.5015852505661,87.44625967296999,active,2024-06-25
12772,Product_2772_1,sports,310.85751823850956,29.129709582194515,inactive,2024-09-13
12773,Product_2773_1,books,808.6259593067509,138.3995180378405,active,2024-05-02
12774,Product_2774_1,home,437.8705861129647,205.47107582687508,archived,2024-08-21
12775,Product_2775_1,clothing,253.94743739451633,346.65364371964654,archived,2024-05-16
12776,Product_2776_1,books,948.8650636762889,235.26429200096803,inactive,2024-11-13
12777,Product_2777_1,electronics,738.0817500280644,465.19012245648236,archived,2024-01-13
12778,Product_2778_1,clothing,431.20021907833325,205.22793667742528,active,2024-06-14
12779,Product_2779_1,sports,608.3485801814805,84.74488252890426,inactive,2024-04-28
12780,Product_2780_1,clothing,754.2446260949145,182.1110663688659,archived,2024-10-15
12781,Product_2781_1,home,725.799983996526,153.24701611464494,archived,2024-02-06
12782,Product_2782_1,home,729.7105066773623,433.1059507643818,archived,2024-04-25
12783,Product_2783_1,sports,181.21586721488555,469.87601475272044,inactive,2024-12-07
12784,Product_2784_1,clothing,877.6724382746298,102.33551965723596,inactive,2024-02-20
12785,Product_2785_1,books,896.3333502640301,340.74663153386456,active,2024-11-28
12786,Product_2786_1,books,512.1105933334642,276.07753170224987,active,2024-11-28
12787,Product_2787_1,sports,649.7351766079581,227.39633490421974,active,2024-08-20
12788,Product_2788_1,sports,427.7833154147341,329.54769229619245,pending,2024-08-18
12789,Product_2789_1,sports,832.3282348383166,268.92095884355837,inactive,2024-01-28
12790,Product_2790_1,electronics,770.428405022263,155.22680834549297,inactive,2024-01-20
12791,Product_2791_1,clothing,107.32888254991737,344.4551174593171,inactive,2024-03-22
12792,Product_2792_1,electronics,750.6879052092467,134.30446655113047,active,2024-04-21
12793,Product_2793_1,clothing,765.2633306852148,475.4516033106015,pending,2024-02-18
12794,Product_2794_1,home,343.54374195041476,279.1751871209412,archived,2024-10-06
12795,Product_2795_1,home,683.1342667616975,479.9746451465751,archived,2024-07-28
12796,Product_2796_1,clothing,891.0222065485309,360.0737129799294,active,2024-09-08
12797,Product_2797_1,home,281.4951662858548,239.08730546603525,active,2024-01-02
12798,Product_2798_1,electronics,902.5685704435224,464.50276893366424,archived,2024-09-26
12799,Product_2799_1,clothing,791.9318353402308,362.23063612363615,active,2024-12-15
12800,Product_2800_1,electronics,829.6243043052013,334.1197427041214,pending,2024-02-03
12801,Product_2801_1,clothing,158.8415904069204,223.84620756204242,active,2024-04-21
12802,Product_2802_1,clothing,290.27658160716237,410.50825105543055,inactive,2024-04-26
12803,Product_2803_1,clothing,82.89113779934513,275.8501803398851,active,2024-04-06
12804,Product_2804_1,clothing,74.63580389213789,36.8144308180709,pending,2024-07-20
12805,Product_2805_1,home,138.0874933624921,12.270625686263116,active,2024-06-17
12806,Product_2806_1,books,450.0672540589469,431.8975751834007,archived,2024-03-09
12807,Product_2807_1,clothing,862.1370603286803,172.55869092199703,inactive,2024-02-24
12808,Product_2808_1,clothing,534.5072776683361,220.83050202099275,inactive,2024-05-04
12809,Product_2809_1,books,515.9532757827834,334.6551536361594,inactive,2024-06-24
12810,Product_2810_1,home,728.7790468543644,426.51574530704573,archived,2024-12-15
12811,Product_2811_1,sports,941.9576354037971,376.82693957043216,inactive,2024-12-26
12812,Product_2812_1,sports,379.81421934638496,267.1244483062433,archived,2024-04-14
12813,Product_2813_1,books,300.0510196660338,343.74165776745673,active,2024-04-13
12814,Product_2814_1,clothing,40.00065643057363,467.7911095897958,pending,2024-01-27
12815,Product_2815_1,electronics,320.5688368855881,386.2645401287888,active,2024-06-08
12816,Product_2816_1,sports,936.6312305105315,391.9431512783375,active,2024-12-24
12817,Product_2817_1,sports,198.23746378396552,256.1133110457189,inactive,2024-03-26
12818,Product_2818_1,sports,639.4720142632942,300.3088388676638,active,2024-04-06
12819,Product_2819_1,books,664.9118845343953,307.1116661271333,inactive,2024-02-17
12820,Product_2820_1,clothing,221.4875760825754,84.09618474623214,pending,2024-09-08
12821,Product_2821_1,books,338.8782886778042,437.70502377446803,archived,2024-08-17
12822,Product_2822_1,books,281.3098353564632,328.09684420551486,inactive,2024-03-02
12823,Product_2823_1,electronics,908.7359939224928,156.50781807336742,archived,2024-07-21
12824,Product_2824_1,electronics,742.2899878567046,217.00160138117351,active,2024-06-18
12825,Product_2825_1,clothing,21.15952055832282,485.40655314702116,archived,2024-03-02
12826,Product_2826_1,sports,299.9535246098635,229.02674774475008,inactive,2024-09-04
12827,Product_2827_1,clothing,506.3597353981665,378.881340569219,inactive,2024-05-05
12828,Product_2828_1,home,164.1124608521642,68.63434154930982,pending,2024-03-25
12829,Product_2829_1,books,315.25930858645336,389.53210001819394,inactive,2024-06-24
12830,Product_2830_1,books,577.0234229676234,123.75062607392731,active,2024-02-26
12831,Product_2831_1,sports,24.168411884583517,75.90815676169603,inactive,2024-01-25
12832,Product_2832_1,electronics,459.504094417441,14.702478580741554,active,2024-10-14
12833,Product_2833_1,sports,234.12752957278235,498.9686839333564,inactive,2024-12-02
12834,Product_2834_1,home,228.1063566255566,99.09687975739853,pending,2024-09-15
12835,Product_2835_1,books,894.9498055685107,390.2517831619081,archived,2024-02-02
12836,Product_2836_1,home,931.2942730517145,286.3193798491043,archived,2024-04-07
12837,Product_2837_1,electronics,306.97799640152306,45.75458474954727,inactive,2024-12-20
12838,Product_2838_1,home,225.31249380136313,355.1684298618729,archived,2024-08-15
12839,Product_2839_1,clothing,7.286216404435744,71.31022169375906,archived,2024-06-20
12840,Product_2840_1,home,287.50057666686666,197.06832053734965,inactive,2024-06-27
12841,Product_2841_1,sports,623.1276117735274,238.02125515430413,active,2024-01-26
12842,Product_2842_1,sports,575.7297303682006,41.13688941529708,archived,2024-12-12
12843,Product_2843_1,electronics,552.1316838311562,94.25468455788709,pending,2024-02-03
12844,Product_2844_1,books,863.8573663046168,159.05526422937834,inactive,2024-04-28
12845,Product_2845_1,home,217.14983263706213,431.67661087409857,active,2024-12-04
12846,Product_2846_1,clothing,374.6554720031706,154.4412898746019,inactive,2024-05-19
12847,Product_2847_1,books,142.92254734096605,140.30938827492116,active,2024-02-11
12848,Product_2848_1,home,787.409764707486,407.4354611543647,pending,2024-08-11
12849,Product_2849_1,home,841.9965482178914,155.10386101888324,archived,2024-12-27
12850,Product_2850_1,clothing,558.09283309001,188.5771957959143,inactive,2024-12-18
12851,Product_2851_1,books,880.7007824879262,450.44813777194446,active,2024-09-23
12852,Product_2852_1,clothing,770.3679709768393,267.1672520210254,active,2024-02-08
12853,Product_2853_1,clothing,470.07532153043564,280.64789735021975,archived,2024-09-27
12854,Product_2854_1,clothing,410.245557233049,409.89367488912256,pending,2024-04-19
12855,Product_2855_1,books,626.8757820040875,75.6685292183886,pending,2024-06-19
12856,Product_2856_1,home,518.8351222483614,117.35286429065323,active,2024-01-21
12857,Product_2857_1,electronics,821.1506407400548,358.22118197195914,active,2024-07-27
12858,Product_2858_1,sports,167.11993016765658,382.3143690089232,active,2024-01-01
12859,Product_2859_1,clothing,395.57325301486554,225.25829060170932,archived,2024-12-18
12860,Product_2860_1,sports,524.3042501860112,72.69702121427366,pending,2024-07-22
12861,Product_2861_1,home,110.0258958919832,267.85417384106296,archived,2024-08-27
12862,Product_2862_1,sports,105.78270835222436,384.7142255128776,pending,2024-11-09
12863,Product_2863_1,home,972.9502495384863,469.01226691862513,archived,2024-01-10
12864,Product_2864_1,electronics,44.13394814512535,293.17195870830625,inactive,2024-05-12
12865,Product_2865_1,sports,757.1628842163649,308.7369802905782,inactive,2024-09-16
12866,Product_2866_1,electronics,595.5941849363385,238.79732244950702,pending,2024-09-09
12867,Product_2867_1,books,865.345347674829,213.2427727595151,inactive,2024-08-15
12868,Product_2868_1,sports,334.9253607696346,363.2440399270506,archived,2024-09-19
12869,Product_2869_1,home,30.82777085291777,205.93452360736273,inactive,2024-09-22
12870,Product_2870_1,clothing,18.169232985899104,80.58451792397459,inactive,2024-03-19
12871,Product_2871_1,electronics,776.9023234288971,337.4919849916574,pending,2024-08-10
12872,Product_2872_1,books,190.97246148985016,100.7921919459947,pending,2024-05-21
12873,Product_2873_1,books,366.83013033390876,188.54848291595096,active,2024-10-10
12874,Product_2874_1,books,480.00099881775856,70.97223155442555,inactive,2024-02-24
12875,Product_2875_1,clothing,758.1997037090105,283.822889213862,active,2024-06-19
12876,Product_2876_1,electronics,674.3491097153677,317.43392647531,inactive,2024-11-26
12877,Product_2877_1,books,794.8772307161696,328.0385863440177,active,2024-04-20
12878,Product_2878_1,clothing,196.75798581589237,331.8523024542535,active,2024-09-11
12879,Product_2879_1,clothing,639.2835347631377,296.67263397943435,archived,2024-02-07
12880,Product_2880_1,home,136.60246300283774,452.4953941514255,pending,2024-02-07
12881,Product_2881_1,clothing,360.6409967072579,396.8347581837641,pending,2024-09-04
12882,Product_2882_1,sports,279.63999645477975,198.62065115402618,archived,2024-11-27
12883,Product_2883_1,sports,600.3082926991169,336.1427592865192,archived,2024-09-06
12884,Product_2884_1,electronics,275.8845789275343,94.39730091941965,pending,2024-02-27
12885,Product_2885_1,sports,495.807336091854,246.01006167355362,archived,2024-01-28
12886,Product_2886_1,clothing,324.4549987216903,211.21141913659275,pending,2024-07-06
12887,Product_2887_1,sports,335.7427735686181,135.77344895830402,active,2024-07-03
12888,Product_2888_1,clothing,316.1757046663867,481.5632059415143,inactive,2024-10-22
12889,Product_2889_1,books,116.21398784679737,427.3753421353181,inactive,2024-10-23
12890,Product_2890_1,sports,627.9682701230995,397.6557876308571,inactive,2024-10-14
12891,Product_2891_1,clothing,367.0075372925841,194.62667285126497,pending,2024-04-20
12892,Product_2892_1,books,373.04000034310104,39.400107570895415,inactive,2024-05-15
12893,Product_2893_1,sports,633.1958026543739,11.423145646148685,pending,2024-10-26
12894,Product_2894_1,books,13.576451301488675,260.43074515201886,inactive,2024-07-20
12895,Product_2895_1,electronics,632.5256291182507,204.96456264002055,pending,2024-06-06
12896,Product_2896_1,home,363.00641808266903,279.3913972376508,pending,2024-06-23
12897,Product_2897_1,books,741.7640994056436,234.81658533456812,archived,2024-11-21
12898,Product_2898_1,books,645.1313194284902,195.01330918674074,pending,2024-07-05
12899,Product_2899_1,sports,879.7482065378736,222.6696876502258,pending,2024-11-08
12900,Product_2900_1,sports,911.1840569875454,397.75075822379165,inactive,2024-02-13
12901,Product_2901_1,clothing,680.5919432540837,319.50768518388986,archived,2024-08-26
12902,Product_2902_1,sports,185.5445665344244,396.41529499320666,pending,2024-10-23
12903,Product_2903_1,electronics,898.5432043724443,284.3874305790127,inactive,2024-06-17
12904,Product_2904_1,home,732.680494091732,205.6874504344373,inactive,2024-07-05
12905,Product_2905_1,electronics,826.570619877597,278.9977920473466,archived,2024-01-12
12906,Product_2906_1,sports,406.1607584476964,122.01660221921733,pending,2024-08-26
12907,Product_2907_1,home,326.4818689082227,261.6551561652553,pending,2024-07-27
12908,Product_2908_1,clothing,738.7650247976159,405.17540820767243,archived,2024-06-07
12909,Product_2909_1,home,318.1799483093523,419.23791479631285,inactive,2024-08-15
12910,Product_2910_1,electronics,509.59127233390006,330.6044803505383,archived,2024-05-13
12911,Product_2911_1,clothing,343.0013323741891,456.2565912262669,archived,2024-04-25
12912,Product_2912_1,sports,486.5386647161655,153.19922365813417,inactive,2024-07-20
12913,Product_2913_1,clothing,908.4749537347013,119.48315589176167,inactive,2024-03-13
12914,Product_2914_1,books,208.19800566893153,50.916188743613155,pending,2024-08-18
12915,Product_2915_1,books,613.0545701131133,200.34642120868548,inactive,2024-07-26
12916,Product_2916_1,electronics,382.0297515566049,467.571429198481,pending,2024-05-21
12917,Product_2917_1,books,227.2836688778169,207.89545596134786,inactive,2024-01-23
12918,Product_2918_1,electronics,720.8470147906964,477.2056180570361,active,2024-08-16
12919,Product_2919_1,sports,534.7341590187012,57.76737980688031,active,2024-10-05
12920,Product_2920_1,electronics,535.4921287162807,498.87729976317235,pending,2024-10-26
12921,Product_2921_1,clothing,764.2400923791815,260.0337140631485,active,2024-09-22
12922,Product_2922_1,clothing,492.6924882416369,388.54661839925814,archived,2024-03-06
12923,Product_2923_1,electronics,436.82752065042695,452.6353723456102,archived,2024-11-22
12924,Product_2924_1,books,832.7404875334,268.5643683804658,active,2024-09-25
12925,Product_2925_1,books,159.21616927640665,61.38750150015117,active,2024-03-25
12926,Product_2926_1,clothing,776.2529113593399,44.37676454882497,pending,2024-04-27
12927,Product_2927_1,home,782.359795465141,242.03877039233635,active,2024-08-25
12928,Product_2928_1,clothing,967.5539495634894,203.31691074558955,pending,2024-10-02
12929,Product_2929_1,sports,759.1116493751571,447.42752891540755,active,2024-11-08
12930,Product_2930_1,home,214.02641236626837,119.0787355526409,inactive,2024-05-10
12931,Product_2931_1,sports,895.570228783724,69.91194982067825,active,2024-06-06
12932,Product_2932_1,clothing,994.0947072938657,368.38677745150727,archived,2024-01-26
12933,Product_2933_1,sports,334.2253294362183,357.1941060748889,active,2024-09-15
12934,Product_2934_1,books,370.0197301510872,134.90430562247434,pending,2024-07-21
12935,Product_2935_1,home,31.895621739206145,237.53215610194303,pending,2024-11-15
12936,Product_2936_1,sports,548.3080848148295,69.84277575468802,pending,2024-03-18
12937,Product_2937_1,clothing,911.2508132401366,19.129713300951,active,2024-05-03
12938,Product_2938_1,sports,511.68671083041534,213.09961733517983,active,2024-04-11
12939,Product_2939_1,home,891.2754065590207,60.5045010279787,pending,2024-09-22
12940,Product_2940_1,electronics,149.24563607338712,208.21626768654278,archived,2024-05-15
12941,Product_2941_1,home,90.70111847705918,480.12188821611096,pending,2024-06-05
12942,Product_2942_1,clothing,197.9894218589084,169.40520027684295,pending,2024-03-16
12943,Product_2943_1,electronics,487.0776473799083,48.28808144274006,archived,2024-04-14
12944,Product_2944_1,books,445.64296251548024,118.67914517439715,archived,2024-10-26
12945,Product_2945_1,books,862.3642788599749,13.110001296800338,archived,2024-09-07
12946,Product_2946_1,electronics,655.7922148481077,282.08949313007156,pending,2024-03-21
12947,Product_2947_1,sports,33.13660359376589,143.00415871984396,active,2024-04-19
12948,Product_2948_1,sports,340.6911332262774,463.44495994957754,inactive,2024-07-12
12949,Product_2949_1,clothing,684.7310312246262,475.70474851048357,active,2024-09-04
12950,Product_2950_1,electronics,20.341211641076505,82.45785223593629,active,2024-12-06
12951,Product_2951_1,sports,876.2912984886175,312.3838856457616,active,2024-07-01
12952,Product_2952_1,home,829.5192767210851,239.88786066705944,active,2024-10-19
12953,Product_2953_1,electronics,455.3474400733467,300.0996333674096,active,2024-09-18
12954,Product_2954_1,home,277.6182336981643,17.29433350449596,inactive,2024-10-15
12955,Product_2955_1,sports,201.6913540172508,492.703711619125,archived,2024-09-13
12956,Product_2956_1,clothing,477.0102717198122,280.9490692060249,archived,2024-06-01
12957,Product_2957_1,books,492.7787646448316,133.7846415058405,inactive,2024-06-15
12958,Product_2958_1,electronics,361.0886440629828,174.66890050802127,archived,2024-01-21
12959,Product_2959_1,electronics,963.8936160870348,209.03587104653917,active,2024-09-24
12960,Product_2960_1,clothing,303.13405459967487,66.42729846366362,active,2024-07-14
12961,Product_2961_1,home,693.1682581601992,219.00714411799592,active,2024-06-07
12962,Product_2962_1,sports,990.3083852804549,478.0881577037843,pending,2024-03-16
12963,Product_2963_1,electronics,416.91023907558315,471.5790856843968,inactive,2024-08-01
12964,Product_2964_1,electronics,7.699224108365292,241.8425894847108,pending,2024-07-25
12965,Product_2965_1,home,662.4750243501398,125.80384222298645,active,2024-10-19
12966,Product_2966_1,electronics,829.3164103806188,376.18519789015517,pending,2024-06-18
12967,Product_2967_1,books,328.95411290884675,246.392652710738,archived,2024-09-02
12968,Product_2968_1,electronics,632.8931633939704,397.9044064103867,active,2024-12-13
12969,Product_2969_1,clothing,998.1553194966797,387.7575047456739,pending,2024-12-02
12970,Product_2970_1,clothing,637.3987730873595,341.70384946946854,active,2024-02-24
12971,Product_2971_1,electronics,693.9279359842523,144.15705939759445,inactive,2024-06-23
12972,Product_2972_1,clothing,974.5222763506022,64.64464284744963,archived,2024-07-15
12973,Product_2973_1,clothing,908.3323996668252,339.15785975448824,active,2024-05-26
12974,Product_2974_1,home,221.51373656020343,347.559377957713,archived,2024-02-11
12975,Product_2975_1,books,86.80002155082767,301.2425629799419,active,2024-10-24
12976,Product_2976_1,home,955.393612290091,426.00254862991164,active,2024-09-25
12977,Product_2977_1,clothing,957.5083447763757,30.075260981032304,active,2024-10-06
12978,Product_2978_1,home,443.86418343564515,256.21465227150117,pending,2024-04-04
12979,Product_2979_1,books,448.1346633602443,242.37094689549158,archived,2024-09-06
12980,Product_2980_1,electronics,526.8290985215809,149.69362737897515,inactive,2024-05-23
12981,Product_2981_1,books,190.85620601896758,451.80859401692436,active,2024-11-28
12982,Product_2982_1,electronics,453.0845394627425,473.1452073804943,archived,2024-03-09
12983,Product_2983_1,home,99.37512833044238,29.8939495933081,pending,2024-04-26
12984,Product_2984_1,clothing,252.30550692417796,225.49161097226556,pending,2024-12-22
12985,Product_2985_1,sports,887.8502309410286,314.9465184228311,inactive,2024-04-04
12986,Product_2986_1,books,863.7815596293781,298.3894941128855,pending,2024-05-13
12987,Product_2987_1,electronics,453.1000515751919,399.237979732876,archived,2024-01-02
12988,Product_2988_1,home,25.10345661327904,486.7979779408581,inactive,2024-08-10
12989,Product_2989_1,sports,810.044767896501,481.9234611243034,inactive,2024-11-28
12990,Product_2990_1,home,346.637959840074,43.13434999012099,archived,2024-09-12
12991,Product_2991_1,clothing,100.30964579489464,235.31444371056668,inactive,2024-10-22
12992,Product_2992_1,clothing,338.5380875830767,142.28881231411282,active,2024-01-20
12993,Product_2993_1,electronics,160.93701112614048,122.39745065045749,active,2024-01-08
12994,Product_2994_1,sports,29.31625765157579,284.30583749010384,archived,2024-08-08
12995,Product_2995_1,electronics,617.4702265483014,74.66976506108269,inactive,2024-07-19
12996,Product_2996_1,sports,135.86842753505783,68.73272695787875,archived,2024-10-09
12997,Product_2997_1,books,790.3539174915564,327.08999888294363,active,2024-12-03
12998,Product_2998_1,sports,689.3735989652143,286.56789858384593,pending,2024-09-26
12999,Product_2999_1,sports,147.59860627034925,429.0557548304546,archived,2024-11-23
13000,Product_3000_1,home,879.4805772773591,403.2171830348461,inactive,2024-08-03
13001,Product_3001_1,books,122.66536903756038,398.2310293354989,archived,2024-12-08
13002,Product_3002_1,home,537.3866720813263,135.1588119405112,pending,2024-10-25
13003,Product_3003_1,sports,538.5188026350529,163.24448558519217,pending,2024-11-18
13004,Product_3004_1,books,662.1370437401876,38.641726043311834,archived,2024-01-15
13005,Product_3005_1,home,560.478913071141,278.98930222933063,pending,2024-10-16
13006,Product_3006_1,clothing,839.2031992974668,213.91393649729665,pending,2024-03-20
13007,Product_3007_1,books,923.6253080834972,142.92979625722182,inactive,2024-07-14
13008,Product_3008_1,home,998.0315025622557,327.8046608303805,pending,2024-03-04
13009,Product_3009_1,sports,496.1403086977536,22.08202396146225,archived,2024-05-15
13010,Product_3010_1,clothing,224.35196419035307,107.75474970224974,pending,2024-07-04
13011,Product_3011_1,clothing,714.1180885190045,476.71396052068746,archived,2024-02-23
13012,Product_3012_1,books,476.34198657654645,446.47061597219414,inactive,2024-07-04
13013,Product_3013_1,home,42.89199906810937,156.87631042777622,pending,2024-03-08
13014,Product_3014_1,books,666.8761245712335,377.7792352617813,inactive,2024-08-09
13015,Product_3015_1,books,865.5777496365923,308.8878417518365,archived,2024-11-05
13016,Product_3016_1,clothing,577.1571962608839,419.101155167486,inactive,2024-05-09
13017,Product_3017_1,books,669.6600046326904,476.03456513460384,pending,2024-08-16
13018,Product_3018_1,electronics,319.1395943311134,263.76486074051746,inactive,2024-08-19
13019,Product_3019_1,clothing,950.6246417961046,421.0150709481097,pending,2024-08-23
13020,Product_3020_1,books,413.388175100036,356.6981438431922,archived,2024-07-02
13021,Product_3021_1,sports,533.5524881412714,456.2740562316252,active,2024-07-04
13022,Product_3022_1,books,91.7833907967792,473.7287055225267,archived,2024-07-14
13023,Product_3023_1,books,590.332923472681,41.739057666760345,archived,2024-02-10
13024,Product_3024_1,clothing,967.8532906142035,265.95629417632733,active,2024-02-23
13025,Product_3025_1,electronics,979.4279747013,459.3402855143485,inactive,2024-08-17
13026,Product_3026_1,home,547.4971615523598,141.49377472267804,active,2024-06-22
13027,Product_3027_1,clothing,413.27165238762365,297.41563584685514,inactive,2024-01-10
13028,Product_3028_1,books,580.5088441177923,133.4722407644452,inactive,2024-06-24
13029,Product_3029_1,books,228.07820614616648,214.95923598364487,active,2024-10-15
13030,Product_3030_1,electronics,507.5756617513078,94.09062348511246,active,2024-12-12
13031,Product_3031_1,sports,344.18222873316034,147.7293395051768,active,2024-09-17
13032,Product_3032_1,electronics,997.0639661062673,265.65533545777504,inactive,2024-05-21
13033,Product_3033_1,books,498.89096301974456,416.3738563501438,active,2024-12-02
13034,Product_3034_1,clothing,375.96304017861917,431.7946467674304,pending,2024-05-14
13035,Product_3035_1,sports,391.08401758252967,424.0006001814769,active,2024-05-07
13036,Product_3036_1,books,608.037987531768,128.2560726579024,active,2024-11-27
13037,Product_3037_1,electronics,22.157675829325363,132.3403371662783,pending,2024-04-08
13038,Product_3038_1,sports,707.0198325399575,335.281222002984,inactive,2024-03-07
13039,Product_3039_1,books,306.04124866496977,391.81434796403147,inactive,2024-06-22
13040,Product_3040_1,books,811.8670522716748,43.10750334624521,inactive,2024-02-08
13041,Product_3041_1,books,965.4680470562004,463.6684154828645,pending,2024-11-19
13042,Product_3042_1,clothing,396.8779169797004,94.14306227470617,active,2024-07-19
13043,Product_3043_1,clothing,702.1696067776717,316.1350051547466,active,2024-05-05
13044,Product_3044_1,sports,957.1932086692415,33.9623037580823,active,2024-06-18
13045,Product_3045_1,electronics,282.57497720247534,474.4571403034724,active,2024-10-07
13046,Product_3046_1,clothing,967.2465222475703,468.10702529038446,active,2024-01-09
13047,Product_3047_1,sports,308.17376063529156,250.64010349998418,inactive,2024-04-28
13048,Product_3048_1,books,687.4264866189702,406.5362365402854,active,2024-08-20
13049,Product_3049_1,sports,166.93858561652502,416.31820907709783,inactive,2024-05-17
13050,Product_3050_1,sports,1.158565033783128,471.0642774510069,active,2024-11-26
13051,Product_3051_1,electronics,264.0744602763945,264.8194246899571,active,2024-03-17
13052,Product_3052_1,home,210.8259628230137,250.67780667394894,archived,2024-04-14
13053,Product_3053_1,books,672.4814653311112,354.3872494512616,pending,2024-03-11
13054,Product_3054_1,sports,708.8668191545677,144.26300924013367,inactive,2024-01-22
13055,Product_3055_1,books,394.98498676092134,440.44230193812217,archived,2024-06-01
13056,Product_3056_1,clothing,485.87135496241217,387.44411108881224,archived,2024-06-08
13057,Product_3057_1,clothing,337.9817318222291,281.53992151973006,pending,2024-12-27
13058,Product_3058_1,sports,328.3319118005013,112.90488683416628,pending,2024-06-02
13059,Product_3059_1,sports,219.50750434032778,290.76840609678186,active,2024-09-21
13060,Product_3060_1,books,328.21382576060813,16.471669636615225,pending,2024-04-27
13061,Product_3061_1,home,724.636948639475,92.32384038327788,active,2024-09-18
13062,Product_3062_1,electronics,313.2376315067721,145.19938376354048,inactive,2024-04-21
13063,Product_3063_1,home,742.2152921957731,275.7591378170757,pending,2024-04-10
13064,Product_3064_1,electronics,383.58816883996053,227.61728417925028,active,2024-06-22
13065,Product_3065_1,sports,207.32309923554178,122.32286642329538,inactive,2024-12-07
13066,Product_3066_1,electronics,473.96525511047236,125.16658493770315,active,2024-12-24
13067,Product_3067_1,sports,824.8017628737831,413.6000578165556,archived,2024-01-18
13068,Product_3068_1,clothing,479.3801469903755,87.91879958581471,inactive,2024-11-27
13069,Product_3069_1,clothing,973.9454649518937,12.92206173760108,inactive,2024-07-17
13070,Product_3070_1,electronics,18.878654580761253,110.25205322962398,inactive,2024-03-04
13071,Product_3071_1,books,239.29485692397006,180.9514134966106,pending,2024-02-05
13072,Product_3072_1,home,399.324178952195,217.2594906219738,archived,2024-05-15
13073,Product_3073_1,clothing,382.71296784244197,207.24191574893624,pending,2024-02-07
13074,Product_3074_1,home,577.0670041336134,488.8238545780504,active,2024-09-11
13075,Product_3075_1,clothing,927.5991569790237,303.42362831577015,pending,2024-09-05
13076,Product_3076_1,sports,970.3712901274587,296.4281865700382,archived,2024-08-21
13077,Product_3077_1,clothing,434.4625969703596,337.7311863587485,archived,2024-05-28
13078,Product_3078_1,clothing,173.22691307918765,357.0681820251289,inactive,2024-09-07
13079,Product_3079_1,books,534.5897881646592,386.5841821669189,pending,2024-06-19
13080,Product_3080_1,clothing,552.1938708815742,341.3509647622789,inactive,2024-11-07
13081,Product_3081_1,sports,3.6219174293309386,430.9920834106043,inactive,2024-05-24
13082,Product_3082_1,clothing,57.75793031240319,244.66066325159449,archived,2024-09-24
13083,Product_3083_1,electronics,486.9615187848999,379.8151093124599,inactive,2024-08-20
13084,Product_3084_1,books,150.9424975086847,390.76685355631827,pending,2024-01-07
13085,Product_3085_1,books,928.4874677792805,383.7582475195961,inactive,2024-07-01
13086,Product_3086_1,books,149.6854249504501,199.48383146798759,pending,2024-03-05
13087,Product_3087_1,clothing,677.8222463581479,330.2157123969912,pending,2024-10-06
13088,Product_3088_1,clothing,751.1293813885925,481.76772291201183,active,2024-01-11
13089,Product_3089_1,books,67.85232653048725,242.3381866674228,active,2024-03-08
13090,Product_3090_1,sports,30.577430701315098,401.4071547125969,pending,2024-10-21
13091,Product_3091_1,electronics,539.9585141263854,384.0616833777626,archived,2024-01-15
13092,Product_3092_1,electronics,472.9997379269656,336.3230399290042,pending,2024-04-13
13093,Product_3093_1,books,4.191675936574962,319.1011477888261,archived,2024-06-12
13094,Product_3094_1,home,74.08210431017625,395.07577004434546,active,2024-04-04
13095,Product_3095_1,electronics,393.8557209832056,72.16266679185674,active,2024-06-23
13096,Product_3096_1,clothing,597.5674521001702,392.457160621483,active,2024-03-16
13097,Product_3097_1,books,414.53656860047175,483.482419207202,active,2024-08-05
13098,Product_3098_1,electronics,950.1037666840888,298.18080419636766,active,2024-05-04
13099,Product_3099_1,electronics,162.05392088279973,72.99733726775966,pending,2024-04-03
13100,Product_3100_1,clothing,278.169983570061,119.25279063427742,archived,2024-01-25
13101,Product_3101_1,sports,955.3038019285925,490.80196371056905,archived,2024-06-03
13102,Product_3102_1,sports,524.1759147134813,40.911952006473996,pending,2024-06-19
13103,Product_3103_1,clothing,439.9276005700781,142.32062156816693,inactive,2024-09-18
13104,Product_3104_1,clothing,996.0147203781445,11.210299645974795,active,2024-08-25
13105,Product_3105_1,clothing,703.808426549805,185.5658892776864,archived,2024-03-21
13106,Product_3106_1,home,976.7568436804844,452.5605906867022,active,2024-02-15
13107,Product_3107_1,sports,21.653050298911058,19.216197273921,archived,2024-02-20
13108,Product_3108_1,home,965.9976943533744,393.05790404053977,active,2024-03-26
13109,Product_3109_1,sports,47.47843573148908,210.2884510287783,active,2024-05-07
13110,Product_3110_1,sports,702.0424547400694,74.5338672208272,archived,2024-03-22
13111,Product_3111_1,clothing,982.400169770073,375.6777618608393,inactive,2024-05-04
13112,Product_3112_1,sports,769.6109100934292,476.9472859161192,pending,2024-03-26
13113,Product_3113_1,books,743.5196718645211,372.8410792232416,inactive,2024-06-23
13114,Product_3114_1,clothing,875.9541005021144,52.39490934843763,inactive,2024-05-21
13115,Product_3115_1,clothing,150.2000892201857,25.682057796059482,inactive,2024-06-09
13116,Product_3116_1,sports,385.59132094055735,406.0290021404911,active,2024-05-21
13117,Product_3117_1,home,987.1920734301095,80.34317742432482,active,2024-12-02
13118,Product_3118_1,sports,957.3180890590505,95.71582001082388,active,2024-06-23
13119,Product_3119_1,electronics,383.57920230856683,176.47564761053613,active,2024-06-24
13120,Product_3120_1,clothing,297.4460677730352,279.5018242437277,archived,2024-04-26
13121,Product_3121_1,home,626.6194847576757,485.8590125753184,inactive,2024-01-25
13122,Product_3122_1,electronics,695.9112649135546,479.7338602766858,active,2024-07-08
13123,Product_3123_1,books,374.4928253822946,337.526817846219,active,2024-10-24
13124,Product_3124_1,electronics,330.5044316715717,234.73549608508415,archived,2024-08-20
13125,Product_3125_1,electronics,159.14442165739018,379.01458742256125,archived,2024-01-16
13126,Product_3126_1,clothing,793.2874563415043,194.95307008235508,active,2024-05-17
13127,Product_3127_1,home,168.45695917165415,464.954367187915,archived,2024-09-14
13128,Product_3128_1,home,93.46057057990109,91.66641323198924,active,2024-07-26
13129,Product_3129_1,clothing,181.79949327161629,77.38001235161045,archived,2024-12-02
13130,Product_3130_1,clothing,470.17286630535517,336.3023795175874,active,2024-09-26
13131,Product_3131_1,electronics,776.3472255193682,115.93122013046656,inactive,2024-05-27
13132,Product_3132_1,electronics,953.117948818981,70.8233751315596,inactive,2024-09-11
13133,Product_3133_1,electronics,608.3763064580473,496.02268224052335,pending,2024-07-28
13134,Product_3134_1,electronics,774.4439005946103,20.590683381511777,archived,2024-08-03
13135,Product_3135_1,home,187.67630989383213,200.58812998087652,pending,2024-10-25
13136,Product_3136_1,electronics,314.330129545785,10.124173818639616,archived,2024-02-11
13137,Product_3137_1,home,699.3211939153895,488.270919383372,active,2024-06-17
13138,Product_3138_1,home,236.96582309757568,234.31754885858732,active,2024-06-19
13139,Product_3139_1,books,297.1703081875077,476.07216010214466,inactive,2024-01-07
13140,Product_3140_1,sports,728.7067714594725,146.1375773142064,archived,2024-06-28
13141,Product_3141_1,books,85.77805475576945,162.3925734831799,inactive,2024-05-26
13142,Product_3142_1,sports,82.05212686905047,291.4689049194674,archived,2024-08-20
13143,Product_3143_1,books,43.09874351955684,136.82822862117965,inactive,2024-10-13
13144,Product_3144_1,electronics,896.1367406144524,196.05810410765534,inactive,2024-04-26
13145,Product_3145_1,books,442.93003854980043,451.5367128506576,active,2024-03-28
13146,Product_3146_1,clothing,712.5058762858672,484.78243934374393,active,2024-08-07
13147,Product_3147_1,books,562.1785635359297,311.43808502977515,pending,2024-12-15
13148,Product_3148_1,home,326.006293194478,138.9673497643718,archived,2024-04-16
13149,Product_3149_1,books,604.7658142571364,477.50235147231984,inactive,2024-04-23
13150,Product_3150_1,electronics,524.7266224858754,483.858285079692,pending,2024-07-28
13151,Product_3151_1,books,13.491080565322807,359.1612869671983,pending,2024-05-21
13152,Product_3152_1,clothing,36.13233635628064,477.9219956309229,pending,2024-09-19
13153,Product_3153_1,home,305.9003918492011,152.73866297109933,active,2024-09-14
13154,Product_3154_1,books,911.833099267964,493.91100757785716,inactive,2024-05-22
13155,Product_3155_1,home,718.5125355212431,331.79266713294345,pending,2024-08-16
13156,Product_3156_1,electronics,111.36035393503185,302.7223775325198,inactive,2024-05-04
13157,Product_3157_1,books,78.4390820323809,466.5611437578267,inactive,2024-03-27
13158,Product_3158_1,books,736.8047037675592,186.19108972856444,pending,2024-05-11
13159,Product_3159_1,clothing,30.21604323602955,277.62991847001825,archived,2024-12-12
13160,Product_3160_1,home,203.1598111658707,58.46365290109619,inactive,2024-10-07
13161,Product_3161_1,clothing,511.2195489969232,284.513682527384,inactive,2024-07-14
13162,Product_3162_1,sports,689.7458939973136,99.78007547947185,inactive,2024-10-01
13163,Product_3163_1,home,717.6158943530933,321.6560209474941,active,2024-04-12
13164,Product_3164_1,books,402.60558728596806,363.20041222458167,active,2024-10-26
13165,Product_3165_1,books,937.1093967465712,263.48739433813284,inactive,2024-03-12
13166,Product_3166_1,books,389.8304255941302,306.3692724182432,archived,2024-03-22
13167,Product_3167_1,books,592.0258350336758,438.7568303958258,active,2024-08-17
13168,Product_3168_1,sports,571.7937885592028,284.1519972068113,archived,2024-05-26
13169,Product_3169_1,books,67.86116440730811,267.8600545199663,active,2024-03-11
13170,Product_3170_1,books,210.44126407699332,178.38071328516037,active,2024-10-22
13171,Product_3171_1,books,125.32697148280549,332.0595755194364,pending,2024-03-13
13172,Product_3172_1,sports,546.9452086457795,306.0350498830569,archived,2024-08-02
13173,Product_3173_1,home,989.5123311721069,302.0166167781767,active,2024-09-03
13174,Product_3174_1,sports,249.18941849935322,203.78956767278447,inactive,2024-02-09
13175,Product_3175_1,clothing,548.58157876928,180.07442260145885,pending,2024-07-24
13176,Product_3176_1,clothing,33.2900544783976,51.63321473109571,archived,2024-02-03
13177,Product_3177_1,electronics,625.3890224104211,73.89673313018638,active,2024-11-26
13178,Product_3178_1,home,304.2941517766878,161.20819941961892,archived,2024-03-13
13179,Product_3179_1,home,343.2211810343994,149.90607470513905,pending,2024-11-26
13180,Product_3180_1,clothing,630.4109577697767,437.6948225928238,pending,2024-12-25
13181,Product_3181_1,electronics,418.8212645272798,251.94135637329074,archived,2024-03-07
13182,Product_3182_1,home,980.4618711826458,323.98568512858407,pending,2024-07-16
13183,Product_3183_1,clothing,403.8681211985272,137.95745863633528,pending,2024-08-22
13184,Product_3184_1,clothing,716.9522907717757,414.92175308623047,inactive,2024-05-25
13185,Product_3185_1,electronics,677.211289930017,261.4964878593869,inactive,2024-02-28
13186,Product_3186_1,books,880.616468651983,40.13264978412684,inactive,2024-07-07
13187,Product_3187_1,clothing,35.546047153426976,313.7573407769177,active,2024-05-28
13188,Product_3188_1,clothing,136.50817013808202,396.5383676468749,active,2024-08-05
13189,Product_3189_1,sports,956.11576620176,412.20716037278584,pending,2024-01-16
13190,Product_3190_1,clothing,677.2398943802134,277.2858189123763,archived,2024-12-24
13191,Product_3191_1,home,600.8316259373579,271.6578350941107,active,2024-08-27
13192,Product_3192_1,clothing,431.8149282295979,439.10232301664826,pending,2024-12-04
13193,Product_3193_1,books,70.19798191822174,78.3194784693221,active,2024-02-15
13194,Product_3194_1,electronics,402.4563293837927,277.4660413559961,archived,2024-06-26
13195,Product_3195_1,home,472.255431419143,340.41864876261724,pending,2024-10-18
13196,Product_3196_1,electronics,6.707421785565044,499.7294675451329,inactive,2024-07-16
13197,Product_3197_1,books,832.320863631165,85.99365679747729,pending,2024-09-23
13198,Product_3198_1,sports,251.62243611117833,298.98654795411846,active,2024-04-03
13199,Product_3199_1,books,878.5978210759021,311.04402894371003,archived,2024-05-11
13200,Product_3200_1,electronics,93.82048035986278,338.11119056108726,archived,2024-11-28
13201,Product_3201_1,clothing,936.2746337230715,67.26534682688688,inactive,2024-01-11
13202,Product_3202_1,electronics,549.225378857912,499.0632789455333,archived,2024-05-20
13203,Product_3203_1,sports,410.02386442155836,448.2701684048841,active,2024-10-20
13204,Product_3204_1,electronics,861.3674431679061,15.742338670107808,active,2024-07-08
13205,Product_3205_1,books,925.7960444714503,266.08474194865903,inactive,2024-04-18
13206,Product_3206_1,home,288.1051860163277,232.41063043395823,inactive,2024-09-03
13207,Product_3207_1,books,678.0743192463767,408.38557417096945,pending,2024-07-27
13208,Product_3208_1,clothing,913.7635317073721,465.8621221838717,archived,2024-03-20
13209,Product_3209_1,clothing,899.7531297047332,291.3307324223692,inactive,2024-11-09
13210,Product_3210_1,sports,84.89409716690447,297.37059639863213,inactive,2024-01-01
13211,Product_3211_1,electronics,949.8532274836055,496.1824234439131,pending,2024-03-01
13212,Product_3212_1,home,989.7143584723118,101.72250511083533,inactive,2024-09-04
13213,Product_3213_1,books,850.3321541229211,315.8782976111373,active,2024-01-23
13214,Product_3214_1,clothing,229.62379027961651,254.1575443306113,inactive,2024-09-01
13215,Product_3215_1,sports,41.3471001972144,338.8162782113115,active,2024-11-01
13216,Product_3216_1,sports,421.26371557150406,351.23120413980763,pending,2024-12-21
13217,Product_3217_1,books,832.4156240278694,437.93520492830464,archived,2024-02-04
13218,Product_3218_1,electronics,561.9896595704178,109.62803889671122,pending,2024-06-25
13219,Product_3219_1,clothing,696.1816556664735,125.8737050118391,archived,2024-01-19
13220,Product_3220_1,sports,942.1811176931,420.09829152069796,active,2024-03-14
13221,Product_3221_1,sports,138.30545629753553,229.48791275891645,pending,2024-05-04
13222,Product_3222_1,sports,812.6553111147446,405.2015957786213,inactive,2024-10-20
13223,Product_3223_1,clothing,767.2239206248119,11.407338543342258,inactive,2024-12-21
13224,Product_3224_1,electronics,381.0371062339069,338.51829230561634,active,2024-06-07
13225,Product_3225_1,books,65.37126904053997,14.53450469609251,archived,2024-10-04
13226,Product_3226_1,home,313.5294952427797,487.56229525437806,inactive,2024-02-05
13227,Product_3227_1,sports,302.48393678301966,215.36098734074687,pending,2024-08-21
13228,Product_3228_1,sports,436.0479890376124,33.72074143314087,archived,2024-09-16
13229,Product_3229_1,electronics,794.3212269086041,396.3343216511896,pending,2024-10-15
13230,Product_3230_1,sports,259.7653517605721,388.8945178962002,active,2024-07-07
13231,Product_3231_1,home,20.362731305976713,449.954363387204,inactive,2024-12-01
13232,Product_3232_1,home,277.4435867810748,82.40065997754503,inactive,2024-02-24
13233,Product_3233_1,home,480.23415373208303,212.56694530368262,active,2024-09-01
13234,Product_3234_1,home,917.5245748822913,214.80606993877748,active,2024-02-10
13235,Product_3235_1,electronics,132.28603625233558,390.7756650900062,active,2024-07-02
13236,Product_3236_1,electronics,363.9147777197551,137.99870184743412,pending,2024-09-08
13237,Product_3237_1,electronics,705.9817895803351,368.7564393062368,active,2024-01-16
13238,Product_3238_1,home,441.5480342740682,430.3340583753292,archived,2024-07-01
13239,Product_3239_1,books,905.2534371490998,489.58307292021607,active,2024-03-25
13240,Product_3240_1,books,381.85011522241695,436.48627726796514,active,2024-01-23
13241,Product_3241_1,home,198.63951211417398,167.92787102401067,archived,2024-12-01
13242,Product_3242_1,electronics,720.4588721938458,243.85399293697782,active,2024-12-24
13243,Product_3243_1,home,696.5423113819003,432.1214451086194,inactive,2024-02-18
13244,Product_3244_1,home,22.461725977854567,123.02848265959986,pending,2024-02-14
13245,Product_3245_1,sports,718.3216887026211,55.506211976049286,archived,2024-08-26
13246,Product_3246_1,clothing,405.0905549165265,386.6521940800971,pending,2024-11-27
13247,Product_3247_1,clothing,664.4579736467934,182.6386051592101,active,2024-03-28
13248,Product_3248_1,books,925.889362828893,417.3476237230947,archived,2024-10-12
13249,Product_3249_1,clothing,762.7405458789731,224.27381841314676,archived,2024-09-25
13250,Product_3250_1,books,407.5730624995987,295.956110972483,pending,2024-07-04
13251,Product_3251_1,electronics,169.9615281610051,152.5507154841311,pending,2024-01-05
13252,Product_3252_1,home,264.9077084212272,149.314012486957,inactive,2024-02-19
13253,Product_3253_1,sports,707.1382174427852,26.479834809806096,archived,2024-12-18
13254,Product_3254_1,books,579.8011717719088,349.850585152088,active,2024-10-12
13255,Product_3255_1,sports,693.0056476785272,211.5323735601461,pending,2024-12-23
13256,Product_3256_1,home,336.90929389415976,35.1840752810002,active,2024-05-04
13257,Product_3257_1,books,393.58787485114044,310.9790439188914,active,2024-12-27
13258,Product_3258_1,clothing,349.7663727220763,227.23847448023628,active,2024-07-12
13259,Product_3259_1,clothing,798.0357509194305,69.81682796935141,pending,2024-06-13
13260,Product_3260_1,home,307.965348356707,179.2660415353341,active,2024-02-22
13261,Product_3261_1,sports,970.721854829569,471.74243007299685,active,2024-01-10
13262,Product_3262_1,electronics,29.230989021977813,151.097496816643,inactive,2024-12-11
13263,Product_3263_1,books,789.7005017465488,489.4217499250879,active,2024-07-24
13264,Product_3264_1,books,184.03614851325023,376.0516847722885,archived,2024-10-23
13265,Product_3265_1,sports,674.157326983326,335.1291002580808,archived,2024-03-23
13266,Product_3266_1,home,467.3470371662908,450.35579355301013,inactive,2024-12-06
13267,Product_3267_1,books,311.5848168304369,217.07244005701884,active,2024-03-16
13268,Product_3268_1,electronics,743.152601258511,311.17553687800984,archived,2024-12-01
13269,Product_3269_1,sports,505.7128981124604,170.37733085699404,pending,2024-01-07
13270,Product_3270_1,home,316.18657868897276,231.6658440184548,archived,2024-07-24
13271,Product_3271_1,electronics,769.1529854043359,440.08063638752054,active,2024-04-01
13272,Product_3272_1,sports,981.49611404629,157.3936639313518,active,2024-06-06
13273,Product_3273_1,clothing,455.31640794257856,386.0231347687754,archived,2024-06-02
13274,Product_3274_1,electronics,1.6096143595714496,448.26065908116647,pending,2024-02-25
13275,Product_3275_1,clothing,692.9714903760707,124.29635828804574,archived,2024-05-26
13276,Product_3276_1,home,702.2495988161712,134.58415570980557,inactive,2024-10-26
13277,Product_3277_1,home,822.6014470393397,382.2362014676085,inactive,2024-01-25
13278,Product_3278_1,clothing,147.38832631144976,450.01863503965444,active,2024-11-14
13279,Product_3279_1,electronics,266.64832137181537,13.578227503155507,archived,2024-10-17
13280,Product_3280_1,electronics,512.6546539996255,283.00239049310807,active,2024-10-07
13281,Product_3281_1,home,732.6881527053154,308.04471067850045,active,2024-09-20
13282,Product_3282_1,electronics,240.3794424130166,177.3981837611277,inactive,2024-12-28
13283,Product_3283_1,home,76.77437375184549,255.96049929284806,archived,2024-02-08
13284,Product_3284_1,clothing,196.3787749331133,225.03311012935345,inactive,2024-07-26
13285,Product_3285_1,books,328.0521352664454,33.987783840069795,pending,2024-12-05
13286,Product_3286_1,books,251.33697835083737,388.5542668950471,pending,2024-02-02
13287,Product_3287_1,electronics,115.85783552169585,175.5971737698536,inactive,2024-10-22
13288,Product_3288_1,electronics,901.1138813193555,220.87464875692436,archived,2024-03-11
13289,Product_3289_1,clothing,763.6558604948651,57.6057258117055,inactive,2024-02-26
13290,Product_3290_1,books,908.8500504631475,346.4507547239186,active,2024-06-08
13291,Product_3291_1,home,269.4655583601093,495.84729407650445,inactive,2024-05-08
13292,Product_3292_1,electronics,507.3228095345085,200.85594288941988,archived,2024-08-26
13293,Product_3293_1,books,344.2605223050079,164.00539075553797,archived,2024-11-01
13294,Product_3294_1,clothing,508.90034752974,64.14261006125166,inactive,2024-01-06
13295,Product_3295_1,books,149.91469922483648,17.23324786281797,active,2024-06-03
13296,Product_3296_1,home,975.8832014329627,367.0624835937374,pending,2024-03-03
13297,Product_3297_1,clothing,947.0499516307759,153.6021825797436,active,2024-07-05
13298,Product_3298_1,books,907.4618457842311,23.567583701196554,pending,2024-03-22
13299,Product_3299_1,home,356.9535898901118,16.596998601554,archived,2024-05-10
13300,Product_3300_1,home,330.5745335807966,76.18092413640247,active,2024-01-16
13301,Product_3301_1,electronics,976.287357875277,61.517294847485836,pending,2024-01-07
13302,Product_3302_1,electronics,255.35197150426598,315.5596214861163,active,2024-02-15
13303,Product_3303_1,home,318.9435876258122,129.51232150326962,inactive,2024-09-02
13304,Product_3304_1,books,750.3202087743904,376.27963393353275,pending,2024-06-08
13305,Product_3305_1,sports,993.578663923021,272.5833384576601,pending,2024-11-05
13306,Product_3306_1,electronics,598.0574806414985,434.4223342377245,pending,2024-06-03
13307,Product_3307_1,home,876.722035104385,154.8935557452563,active,2024-11-25
13308,Product_3308_1,books,33.897186834701166,42.61410371675248,pending,2024-07-03
13309,Product_3309_1,sports,23.838725835147372,247.26815917213176,archived,2024-04-03
13310,Product_3310_1,home,57.659311409949744,179.29204016515254,pending,2024-11-15
13311,Product_3311_1,sports,375.61808855848733,422.63474945510825,archived,2024-08-08
13312,Product_3312_1,books,152.05702514918448,331.0171644828815,inactive,2024-03-11
13313,Product_3313_1,clothing,141.36521741797154,405.98987171289633,archived,2024-08-02
13314,Product_3314_1,clothing,968.9414219567649,328.97371063630465,active,2024-06-14
13315,Product_3315_1,home,553.092136275404,213.9555817203777,inactive,2024-06-23
13316,Product_3316_1,electronics,302.4560192419003,453.93914522117734,pending,2024-02-27
13317,Product_3317_1,sports,848.3878961709022,263.6847760405841,inactive,2024-06-22
13318,Product_3318_1,home,601.4142974226577,278.3564815543524,pending,2024-03-10
13319,Product_3319_1,books,253.05771409423144,227.24016074876835,archived,2024-07-24
13320,Product_3320_1,home,813.056706364661,411.01006212144637,pending,2024-12-18
13321,Product_3321_1,home,310.7333175938937,67.14323346113459,pending,2024-12-06
13322,Product_3322_1,clothing,184.8041624021156,278.90921679975827,pending,2024-12-12
13323,Product_3323_1,sports,168.53106686664054,39.18206360441318,active,2024-02-06
13324,Product_3324_1,electronics,978.8040357026192,300.5497811769824,active,2024-10-15
13325,Product_3325_1,clothing,430.4245891025595,415.36696059580237,pending,2024-06-04
13326,Product_3326_1,books,989.13546608916,262.17262821297055,archived,2024-10-19
13327,Product_3327_1,home,100.47708893550745,280.1730414549475,pending,2024-10-20
13328,Product_3328_1,electronics,585.4357791320388,79.2704524541782,pending,2024-08-25
13329,Product_3329_1,electronics,949.4750036452537,85.2532780623409,active,2024-12-11
13330,Product_3330_1,books,477.41539052083095,378.33410866441193,pending,2024-09-15
13331,Product_3331_1,sports,871.0176757068233,434.626693011151,inactive,2024-05-01
13332,Product_3332_1,electronics,58.94852563400707,219.87640873884985,pending,2024-06-08
13333,Product_3333_1,electronics,527.5461320989216,364.48370893910896,pending,2024-01-02
13334,Product_3334_1,books,435.7886090147826,130.23693908076456,archived,2024-02-26
13335,Product_3335_1,sports,864.7642064897517,156.40984084715348,pending,2024-03-20
13336,Product_3336_1,books,60.44767351184925,160.7463489590504,active,2024-11-03
13337,Product_3337_1,books,725.5414519793552,239.0596655651906,inactive,2024-09-04
13338,Product_3338_1,books,772.8210984822398,180.00430959750045,inactive,2024-12-16
13339,Product_3339_1,sports,269.86663319494863,80.48883054599774,inactive,2024-10-04
13340,Product_3340_1,sports,911.9885280997738,401.7368110684455,active,2024-06-06
13341,Product_3341_1,electronics,821.738350809898,403.38977419370696,active,2024-07-05
13342,Product_3342_1,clothing,86.08881884399364,380.6144402653007,archived,2024-08-15
13343,Product_3343_1,home,271.97752163907677,87.2344887350676,inactive,2024-03-03
13344,Product_3344_1,sports,189.2501668177859,45.345802959647784,pending,2024-11-27
13345,Product_3345_1,sports,147.1416686999741,185.59391805372582,inactive,2024-06-23
13346,Product_3346_1,books,501.2770671777024,344.6268246761538,inactive,2024-11-25
13347,Product_3347_1,sports,90.99569977049313,213.1778710436669,inactive,2024-08-15
13348,Product_3348_1,clothing,60.64654625285053,285.2977653636303,inactive,2024-03-20
13349,Product_3349_1,clothing,960.9340322962997,68.83679065889723,inactive,2024-08-16
13350,Product_3350_1,home,151.62833056590912,485.472630522275,pending,2024-08-05
13351,Product_3351_1,electronics,192.9772774083683,372.4126042095756,inactive,2024-12-24
13352,Product_3352_1,electronics,696.2043623620702,402.41998053682244,pending,2024-06-06
13353,Product_3353_1,clothing,588.1590067767143,268.4984250036336,archived,2024-10-21
13354,Product_3354_1,books,628.9307314639565,353.8350065955292,pending,2024-03-22
13355,Product_3355_1,clothing,428.18743285645064,230.37143651551963,archived,2024-07-24
13356,Product_3356_1,electronics,537.052150137219,402.76776836926615,active,2024-02-18
13357,Product_3357_1,sports,852.617132075265,494.53893311503793,archived,2024-05-19
13358,Product_3358_1,books,563.3688056245473,28.912520464184674,pending,2024-04-14
13359,Product_3359_1,sports,257.01683755673247,282.7890254823662,archived,2024-03-09
13360,Product_3360_1,clothing,892.3794768467629,148.15747605969946,inactive,2024-12-06
13361,Product_3361_1,books,253.4118640783418,156.75212207511044,active,2024-04-13
13362,Product_3362_1,books,538.696003063875,75.55794503411695,archived,2024-03-11
13363,Product_3363_1,clothing,376.989756666568,141.04937996592145,inactive,2024-09-04
13364,Product_3364_1,home,273.4314224976291,303.4048285029131,pending,2024-10-11
13365,Product_3365_1,electronics,739.3736683415314,313.43989481128864,active,2024-05-25
13366,Product_3366_1,sports,145.94874779953594,177.25338893133488,active,2024-12-11
13367,Product_3367_1,sports,63.70975893709853,486.696478879629,active,2024-01-10
13368,Product_3368_1,sports,257.84597712225366,236.11238392245124,pending,2024-07-19
13369,Product_3369_1,books,243.54319881000217,281.0720291328828,archived,2024-02-28
13370,Product_3370_1,clothing,593.599169944283,170.7912388470672,archived,2024-07-08
13371,Product_3371_1,sports,16.12493371002574,122.09701752068852,active,2024-01-20
13372,Product_3372_1,home,131.54241798310727,277.76870182568655,archived,2024-03-26
13373,Product_3373_1,clothing,990.4085748743422,68.79128909435619,pending,2024-10-18
13374,Product_3374_1,sports,839.6448934779287,38.89896799445253,inactive,2024-08-21
13375,Product_3375_1,clothing,729.8744838037467,207.84029778203228,archived,2024-10-08
13376,Product_3376_1,electronics,149.54778946828898,263.39164839557003,inactive,2024-05-17
13377,Product_3377_1,books,750.7939208960106,331.36156645333887,inactive,2024-09-22
13378,Product_3378_1,home,739.0910094311279,35.21136812298883,archived,2024-05-24
13379,Product_3379_1,home,462.549143689028,135.61962709470305,archived,2024-11-15
13380,Product_3380_1,books,216.91793664484047,92.60818463623815,archived,2024-09-08
13381,Product_3381_1,sports,249.22331628531083,378.2270439358373,archived,2024-10-07
13382,Product_3382_1,home,318.91719293736696,79.30894693380367,active,2024-01-24
13383,Product_3383_1,electronics,513.074194527038,57.7359783046928,archived,2024-11-11
13384,Product_3384_1,sports,284.07021038429724,492.26962680721806,active,2024-04-28
13385,Product_3385_1,home,34.523988399013895,237.36972411305777,inactive,2024-09-12
13386,Product_3386_1,sports,564.9251677121804,390.88232493694164,active,2024-06-13
13387,Product_3387_1,sports,681.7707971324855,76.4035185334213,inactive,2024-11-01
13388,Product_3388_1,sports,93.95816211145306,230.0067197633754,pending,2024-11-03
13389,Product_3389_1,clothing,577.2251420172328,328.32366983959116,active,2024-12-20
13390,Product_3390_1,home,126.04274060263597,268.226204669799,archived,2024-07-11
13391,Product_3391_1,electronics,148.03004643215817,292.2464015774737,inactive,2024-04-22
13392,Product_3392_1,sports,461.4315831050615,358.0054954925962,active,2024-07-17
13393,Product_3393_1,books,774.9617995654803,234.8336772688479,archived,2024-06-08
13394,Product_3394_1,clothing,957.5825019521435,374.65912459849795,inactive,2024-06-01
13395,Product_3395_1,sports,888.314302846813,481.7083976268587,archived,2024-12-27
13396,Product_3396_1,sports,510.2113775727171,477.55903712056113,archived,2024-11-07
13397,Product_3397_1,sports,898.2608381428021,289.5503721154311,active,2024-10-09
13398,Product_3398_1,books,504.95023037885784,59.694660683742875,archived,2024-08-26
13399,Product_3399_1,clothing,67.05704447974307,52.62949808459203,inactive,2024-06-11
13400,Product_3400_1,books,356.6218056486489,277.678836359537,active,2024-07-10
13401,Product_3401_1,books,102.0100321053805,288.44788592809334,inactive,2024-06-14
13402,Product_3402_1,books,777.742552329042,302.07100953602685,inactive,2024-08-05
13403,Product_3403_1,electronics,503.5629066326718,400.4055977447939,pending,2024-04-23
13404,Product_3404_1,home,42.69361321772695,229.73480591673328,archived,2024-06-08
13405,Product_3405_1,electronics,972.3995940029922,171.33718726705905,pending,2024-07-23
13406,Product_3406_1,electronics,461.3529185662635,411.33986234584296,active,2024-08-15
13407,Product_3407_1,home,79.70576233924477,315.21724553223555,active,2024-04-01
13408,Product_3408_1,clothing,86.96050482035639,279.65641609415627,pending,2024-04-07
13409,Product_3409_1,home,363.9703430369052,271.34903530749415,active,2024-08-14
13410,Product_3410_1,clothing,306.33223794912,99.60765935762377,pending,2024-12-26
13411,Product_3411_1,books,241.57302910251215,148.0852763205239,pending,2024-01-14
13412,Product_3412_1,sports,296.3813994198152,460.09341832780115,pending,2024-04-08
13413,Product_3413_1,clothing,532.3914183682452,417.3257624326018,archived,2024-03-11
13414,Product_3414_1,electronics,758.7807110884751,462.3332108692055,active,2024-12-26
13415,Product_3415_1,clothing,85.94976881820497,339.6740393211653,archived,2024-12-21
13416,Product_3416_1,electronics,568.3840300619161,31.08051461994447,archived,2024-03-27
13417,Product_3417_1,home,764.1908889414154,311.6120688600526,pending,2024-09-10
13418,Product_3418_1,books,107.8207417479455,323.74382139440667,archived,2024-06-22
13419,Product_3419_1,electronics,322.964121294319,441.3361368178457,active,2024-05-19
13420,Product_3420_1,books,683.213166535436,230.0395416332081,inactive,2024-11-25
13421,Product_3421_1,electronics,598.6853725350765,125.06443428675291,active,2024-01-10
13422,Product_3422_1,books,98.45053907848646,365.48017328766,active,2024-10-17
13423,Product_3423_1,clothing,985.8465756497873,351.1978798381751,inactive,2024-05-28
13424,Product_3424_1,sports,535.1554979259909,306.25643652160096,pending,2024-01-21
13425,Product_3425_1,clothing,650.6651593053864,336.9509954617134,inactive,2024-12-24
13426,Product_3426_1,clothing,615.7173808508069,393.83229467106696,active,2024-08-13
13427,Product_3427_1,home,292.1544752080078,332.17436798419794,inactive,2024-10-19
13428,Product_3428_1,electronics,886.7290085057771,235.37216504682291,pending,2024-07-05
13429,Product_3429_1,sports,502.0258149325986,342.56411096304777,archived,2024-12-04
13430,Product_3430_1,books,1.688424467876831,305.56228774882607,pending,2024-12-03
13431,Product_3431_1,home,798.3038683776284,297.5309215157566,inactive,2024-10-18
13432,Product_3432_1,electronics,171.69215991592105,482.8572628401969,archived,2024-05-14
13433,Product_3433_1,home,520.8313687710232,359.6150260298916,pending,2024-04-23
13434,Product_3434_1,home,954.7302133602069,180.12036574977665,pending,2024-10-11
13435,Product_3435_1,clothing,698.8741062258923,416.88787299208775,active,2024-06-01
13436,Product_3436_1,sports,7.401618837596497,43.36140082970242,archived,2024-08-18
13437,Product_3437_1,books,654.3877889284607,248.1648481749062,archived,2024-12-22
13438,Product_3438_1,clothing,324.3721611978074,201.37975940425255,archived,2024-09-10
13439,Product_3439_1,books,867.7521483602343,346.13011911451105,archived,2024-03-28
13440,Product_3440_1,home,253.11398082056226,16.116905168381578,active,2024-12-19
13441,Product_3441_1,home,24.739672169707156,220.3730958869981,inactive,2024-09-01
13442,Product_3442_1,clothing,206.01819022558968,452.7529577641433,pending,2024-04-27
13443,Product_3443_1,home,661.7240589093751,371.2619241493659,active,2024-05-23
13444,Product_3444_1,home,527.5562890215454,454.8933751777834,active,2024-12-19
13445,Product_3445_1,books,558.9710573550968,96.10513278842471,archived,2024-04-25
13446,Product_3446_1,sports,504.177921333967,24.225471702903473,archived,2024-12-20
13447,Product_3447_1,home,189.86668715154684,362.3028255146802,inactive,2024-10-27
13448,Product_3448_1,home,314.82919056625866,321.7213590029718,pending,2024-02-14
13449,Product_3449_1,home,968.904527390392,84.01984270393376,pending,2024-02-23
13450,Product_3450_1,electronics,577.416250172197,134.25206809569568,active,2024-04-25
13451,Product_3451_1,electronics,765.4324906926822,443.1525628914716,pending,2024-05-28
13452,Product_3452_1,clothing,365.9591095947048,60.724304552667085,pending,2024-11-19
13453,Product_3453_1,sports,266.39588149333775,456.1293939806404,active,2024-04-27
13454,Product_3454_1,clothing,641.604792696067,323.22263390437917,active,2024-07-27
13455,Product_3455_1,electronics,929.7508569825238,371.42395282653604,archived,2024-11-08
13456,Product_3456_1,sports,606.868892364963,374.4644811456707,pending,2024-02-22
13457,Product_3457_1,electronics,404.19455668123425,117.13984797383804,inactive,2024-03-28
13458,Product_3458_1,sports,142.8658328766081,165.9222279023502,inactive,2024-05-16
13459,Product_3459_1,books,607.1756473441945,282.69176307493626,archived,2024-02-16
13460,Product_3460_1,home,710.5168930706848,347.1159729635387,archived,2024-06-24
13461,Product_3461_1,clothing,165.42704024169072,231.10335708737017,inactive,2024-04-05
13462,Product_3462_1,books,239.42996779531933,177.02263966550785,pending,2024-10-01
13463,Product_3463_1,clothing,457.46842500487605,52.67225484921439,pending,2024-05-16
13464,Product_3464_1,electronics,111.37748682773072,220.6874324732786,inactive,2024-02-26
13465,Product_3465_1,clothing,323.0320517446583,331.2838164416642,pending,2024-09-06
13466,Product_3466_1,home,26.988867230359688,419.6834573124572,archived,2024-04-01
13467,Product_3467_1,clothing,434.728549252301,435.6242878188041,archived,2024-04-21
13468,Product_3468_1,clothing,675.7541596994294,118.31857986380007,pending,2024-01-21
13469,Product_3469_1,home,374.89415348569474,273.56746658718714,archived,2024-06-22
13470,Product_3470_1,electronics,63.752954170043736,149.33145959084794,pending,2024-11-14
13471,Product_3471_1,home,158.07556899339343,115.267775661362,inactive,2024-07-23
13472,Product_3472_1,books,707.9527845969179,290.28096650210597,pending,2024-03-02
13473,Product_3473_1,home,351.12436963451904,158.4823070065433,pending,2024-07-14
13474,Product_3474_1,books,374.46561605013085,191.57630557304665,pending,2024-06-02
13475,Product_3475_1,clothing,874.9753929802548,38.15221228822206,active,2024-06-05
13476,Product_3476_1,clothing,276.3087009465896,281.3146975015805,active,2024-04-07
13477,Product_3477_1,home,811.4034315242851,374.82454356674094,pending,2024-07-04
13478,Product_3478_1,clothing,379.02236778132396,136.99865490030874,archived,2024-11-01
13479,Product_3479_1,sports,318.8348057426373,162.2080356194169,active,2024-06-05
13480,Product_3480_1,home,227.23387994830804,365.87973505541885,archived,2024-07-02
13481,Product_3481_1,sports,137.58357987231645,259.55713126099465,active,2024-09-22
13482,Product_3482_1,home,493.7906648307997,151.59364290234996,inactive,2024-01-03
13483,Product_3483_1,books,335.4300961278766,234.82830558379308,inactive,2024-03-25
13484,Product_3484_1,books,507.8859797477106,494.7776316713706,inactive,2024-09-10
13485,Product_3485_1,home,565.9410689009899,226.88596611096523,active,2024-09-07
13486,Product_3486_1,clothing,309.69367977141025,362.6429070621414,inactive,2024-02-05
13487,Product_3487_1,sports,553.5132260518699,308.1302894083915,pending,2024-01-15
13488,Product_3488_1,home,856.6256044504252,487.2760777018456,pending,2024-11-17
13489,Product_3489_1,electronics,868.4155275620185,53.168879074237324,archived,2024-07-12
13490,Product_3490_1,sports,946.1336043894163,366.7650897165046,active,2024-03-21
13491,Product_3491_1,sports,528.1086036466065,401.3070961278989,inactive,2024-11-05
13492,Product_3492_1,books,846.6918938288584,473.74261147763406,inactive,2024-11-06
13493,Product_3493_1,electronics,160.85239469826587,340.6358765936165,pending,2024-05-03
13494,Product_3494_1,sports,804.4289367107806,122.32099827874421,archived,2024-08-06
13495,Product_3495_1,books,37.31295847942658,423.49777317820997,archived,2024-10-09
13496,Product_3496_1,clothing,159.38707136883022,46.78002058045595,archived,2024-09-28
13497,Product_3497_1,books,61.16816857697094,431.457384084628,pending,2024-02-23
13498,Product_3498_1,home,44.20994873568887,450.26583017721185,archived,2024-06-04
13499,Product_3499_1,sports,938.6278518238674,129.64621864198267,active,2024-07-25
13500,Product_3500_1,sports,338.541003177605,169.7041827797102,pending,2024-09-18
13501,Product_3501_1,electronics,537.3192338299963,279.98805538658917,pending,2024-07-13
13502,Product_3502_1,sports,460.31568682880936,102.81527410855426,inactive,2024-01-10
13503,Product_3503_1,home,947.0598373372773,442.8239868484764,active,2024-10-10
13504,Product_3504_1,books,776.969172335413,45.99590985862162,pending,2024-10-05
13505,Product_3505_1,sports,352.994381406069,390.79435476539095,inactive,2024-04-13
13506,Product_3506_1,home,702.1711358141171,274.9864083137886,archived,2024-08-04
13507,Product_3507_1,sports,635.987864695381,149.23736519709524,inactive,2024-04-20
13508,Product_3508_1,books,210.01221016518497,243.0164788953442,inactive,2024-09-07
13509,Product_3509_1,electronics,72.162256733988,337.3843517722714,archived,2024-05-07
13510,Product_3510_1,home,150.70600100439677,314.31756842712537,inactive,2024-12-25
13511,Product_3511_1,books,997.2782461120538,103.55590337242236,inactive,2024-09-22
13512,Product_3512_1,electronics,169.05541546263171,276.79275689356734,archived,2024-06-25
13513,Product_3513_1,sports,996.9973505280872,72.24420757259601,pending,2024-11-10
13514,Product_3514_1,clothing,384.8927955136876,106.32193567518526,pending,2024-11-27
13515,Product_3515_1,books,113.92969330663323,427.27704230863395,archived,2024-02-07
13516,Product_3516_1,sports,394.2669540648276,132.99910538262063,pending,2024-03-22
13517,Product_3517_1,sports,388.27890591819346,415.72759984466927,pending,2024-04-03
13518,Product_3518_1,sports,727.0690384355984,79.5314140928725,pending,2024-07-11
13519,Product_3519_1,home,19.80177199969091,22.873450016143117,archived,2024-05-05
13520,Product_3520_1,home,190.01815440226892,253.77967808104947,active,2024-05-17
13521,Product_3521_1,books,839.1702597806963,336.91074566837153,archived,2024-08-25
13522,Product_3522_1,home,136.1715415870818,382.81906838614657,archived,2024-02-21
13523,Product_3523_1,clothing,752.5434301911936,214.31408576222987,inactive,2024-10-09
13524,Product_3524_1,home,13.037226939838396,95.14858851164902,active,2024-08-24
13525,Product_3525_1,electronics,146.53596076153283,240.01583850759926,archived,2024-05-12
13526,Product_3526_1,sports,275.8745221734401,46.04662032100687,archived,2024-06-21
13527,Product_3527_1,home,975.509081411768,474.4881961470237,inactive,2024-10-21
13528,Product_3528_1,clothing,490.758384283241,218.3831092625136,archived,2024-02-16
13529,Product_3529_1,books,580.4254514159079,468.2128441408278,archived,2024-12-23
13530,Product_3530_1,home,904.6253615428084,141.0402327889506,active,2024-12-02
13531,Product_3531_1,books,359.09255490676907,273.67408481756075,inactive,2024-03-18
13532,Product_3532_1,clothing,462.8784711096275,395.8599481700956,pending,2024-11-06
13533,Product_3533_1,books,518.624545427956,91.9767534577348,pending,2024-12-25
13534,Product_3534_1,sports,457.20534774444235,59.63743211693425,active,2024-03-16
13535,Product_3535_1,electronics,252.6432079660075,195.09862591853215,archived,2024-07-08
13536,Product_3536_1,sports,455.9633780204504,169.8411661844815,archived,2024-03-04
13537,Product_3537_1,home,518.7809642039921,224.3485697513307,active,2024-03-05
13538,Product_3538_1,electronics,514.028932045981,300.0311488584551,archived,2024-09-02
13539,Product_3539_1,sports,439.9292687220648,435.466415912001,active,2024-08-10
13540,Product_3540_1,home,460.1122061617375,199.05461248939716,archived,2024-10-03
13541,Product_3541_1,sports,498.82954390950084,49.59219834720072,active,2024-07-16
13542,Product_3542_1,electronics,247.31957845423346,312.7349210407282,active,2024-09-23
13543,Product_3543_1,electronics,583.2083124208591,115.58128015647665,archived,2024-10-27
13544,Product_3544_1,home,251.872433319409,186.92431856269997,pending,2024-07-28
13545,Product_3545_1,books,213.09864147963003,452.181790177078,inactive,2024-11-28
13546,Product_3546_1,electronics,652.7168824071458,174.59175865486804,archived,2024-01-12
13547,Product_3547_1,sports,937.8808217438799,35.7458988561785,inactive,2024-08-12
13548,Product_3548_1,sports,843.9308869261125,161.4547218078724,pending,2024-12-27
13549,Product_3549_1,electronics,837.1142676139385,468.84558189924746,inactive,2024-01-14
13550,Product_3550_1,sports,1.4411376527483133,160.06113723076012,active,2024-09-08
13551,Product_3551_1,sports,861.4770753283321,377.7614781588151,inactive,2024-10-20
13552,Product_3552_1,sports,119.66286961500622,138.68588243370561,archived,2024-10-09
13553,Product_3553_1,sports,668.2739540442498,111.60232976310235,inactive,2024-12-23
13554,Product_3554_1,books,855.8102080036828,42.409370099024834,active,2024-10-04
13555,Product_3555_1,electronics,553.3083340066239,236.9507234385972,archived,2024-03-14
13556,Product_3556_1,clothing,109.16388359780375,84.688681527375,archived,2024-09-26
13557,Product_3557_1,clothing,215.95205198095942,224.70658226958244,pending,2024-10-28
13558,Product_3558_1,electronics,414.9132222896623,55.938600384896525,archived,2024-01-02
13559,Product_3559_1,home,439.84856259517665,292.57247755178327,archived,2024-12-11
13560,Product_3560_1,electronics,613.5348337590856,149.81656475651812,inactive,2024-02-27
13561,Product_3561_1,clothing,373.15441255211795,403.5836828675868,inactive,2024-04-06
13562,Product_3562_1,books,111.57071260800716,375.1260733906558,active,2024-02-12
13563,Product_3563_1,books,865.8640555167847,226.1164829300386,archived,2024-03-05
13564,Product_3564_1,electronics,350.32134758062756,391.6394585664663,pending,2024-09-23
13565,Product_3565_1,books,288.2119711108602,277.84552673092895,inactive,2024-01-13
13566,Product_3566_1,home,896.2571523045161,295.2816600714721,archived,2024-07-04
13567,Product_3567_1,books,932.3557348808088,106.07790807908931,archived,2024-05-27
13568,Product_3568_1,books,395.8766323139396,294.44198062533115,inactive,2024-06-14
13569,Product_3569_1,electronics,247.92213387872366,437.7978876119853,inactive,2024-12-09
13570,Product_3570_1,home,160.55502578476782,403.62337515410843,inactive,2024-06-25
13571,Product_3571_1,books,970.3030130351985,398.99606150253595,active,2024-05-24
13572,Product_3572_1,clothing,28.698652850122265,177.5668182989845,archived,2024-05-18
13573,Product_3573_1,sports,994.088997251028,202.37336847984798,pending,2024-08-19
13574,Product_3574_1,books,357.89273672925856,140.01809070108484,active,2024-02-24
13575,Product_3575_1,clothing,340.70877473682606,335.3573245431121,archived,2024-09-17
13576,Product_3576_1,books,432.7026820471542,464.3764440437774,pending,2024-08-08
13577,Product_3577_1,home,745.6104293293794,437.06660694447737,pending,2024-09-07
13578,Product_3578_1,books,1.9529412071201018,231.10182207969515,active,2024-07-16
13579,Product_3579_1,electronics,809.4652003992902,135.67586641544872,archived,2024-01-05
13580,Product_3580_1,home,511.31372278251865,204.8077298664973,archived,2024-03-26
13581,Product_3581_1,home,181.21265311178732,335.3842772767009,active,2024-04-19
13582,Product_3582_1,books,433.3461193526857,439.2061604527806,pending,2024-08-24
13583,Product_3583_1,clothing,418.82869305112416,155.23469070438034,pending,2024-10-12
13584,Product_3584_1,clothing,988.7235236919882,295.77094849821617,archived,2024-06-12
13585,Product_3585_1,books,654.5018329299911,123.99547516179248,archived,2024-11-02
13586,Product_3586_1,electronics,316.04947483529844,230.28702682501645,active,2024-07-22
13587,Product_3587_1,clothing,974.779395569567,452.12062578471307,pending,2024-08-07
13588,Product_3588_1,sports,784.4483414289666,179.76224357432002,active,2024-11-19
13589,Product_3589_1,clothing,969.1550877996301,154.3217343752076,active,2024-04-21
13590,Product_3590_1,clothing,618.5750101241837,235.12782177223372,archived,2024-01-15
13591,Product_3591_1,electronics,137.23045484845568,17.44035507573524,pending,2024-06-16
13592,Product_3592_1,sports,901.6986150517746,147.4189665910248,active,2024-05-17
13593,Product_3593_1,sports,517.358348165569,424.4179320052652,pending,2024-02-17
13594,Product_3594_1,books,320.6980254034373,67.43522415989106,inactive,2024-02-20
13595,Product_3595_1,clothing,184.08114862337854,455.2248921963152,active,2024-01-27
13596,Product_3596_1,books,59.44707698452983,392.8605013665562,inactive,2024-03-15
13597,Product_3597_1,sports,704.9448784207954,456.238061856061,pending,2024-08-26
13598,Product_3598_1,home,470.3467209790843,393.716163904135,archived,2024-09-09
13599,Product_3599_1,home,849.7625627960832,477.91273184869846,inactive,2024-04-10
13600,Product_3600_1,sports,460.44129112980556,362.1038732574063,pending,2024-04-03
13601,Product_3601_1,books,211.7352164077047,257.5154712244211,active,2024-02-19
13602,Product_3602_1,sports,962.9922368426248,284.49894289212153,inactive,2024-09-28
13603,Product_3603_1,home,372.30409247603126,364.2954061559757,active,2024-05-24
13604,Product_3604_1,sports,106.79012868770447,426.9084079139719,pending,2024-10-19
13605,Product_3605_1,clothing,840.4571298558714,108.32817153586352,pending,2024-10-20
13606,Product_3606_1,books,165.6598280762552,157.07304159608168,active,2024-11-17
13607,Product_3607_1,home,394.58377044858764,226.85832688325314,pending,2024-07-01
13608,Product_3608_1,sports,58.74939048707219,474.8506869447562,inactive,2024-09-23
13609,Product_3609_1,books,724.0139909014844,245.3964581611976,inactive,2024-06-10
13610,Product_3610_1,clothing,460.70343516888266,231.33703528994525,active,2024-05-05
13611,Product_3611_1,clothing,655.3638250083965,254.037851385639,archived,2024-05-08
13612,Product_3612_1,electronics,746.9066672743083,26.721564904635315,active,2024-03-16
13613,Product_3613_1,home,78.98934785309167,156.64210003283333,pending,2024-09-23
13614,Product_3614_1,clothing,974.1826038173251,365.32717388043267,active,2024-05-26
13615,Product_3615_1,books,557.4494353258857,373.713925822711,active,2024-09-06
13616,Product_3616_1,clothing,709.1502515555885,484.0061848331842,archived,2024-10-21
13617,Product_3617_1,electronics,138.8853564629735,215.88986646809332,inactive,2024-03-05
13618,Product_3618_1,sports,669.3292567812155,438.76171444750435,active,2024-06-23
13619,Product_3619_1,books,230.82385120635948,64.18886802614222,active,2024-09-28
13620,Product_3620_1,electronics,89.03068081231433,469.1356647212088,active,2024-11-15
13621,Product_3621_1,home,676.1860141127418,240.6977246771065,archived,2024-04-07
13622,Product_3622_1,clothing,190.9885142375966,378.992236521064,pending,2024-02-25
13623,Product_3623_1,home,460.4230938101989,414.4085494299398,inactive,2024-01-10
13624,Product_3624_1,clothing,481.5569768275949,378.0342682381636,pending,2024-07-09
13625,Product_3625_1,books,598.8603175151715,464.4905294093042,inactive,2024-06-17
13626,Product_3626_1,books,734.3782144748573,156.38489269652462,pending,2024-10-12
13627,Product_3627_1,books,802.0114870342633,467.17737038058294,active,2024-09-21
13628,Product_3628_1,home,758.6044651284609,322.39800274883584,archived,2024-04-09
13629,Product_3629_1,home,387.5008681870952,416.03645170108996,archived,2024-05-24
13630,Product_3630_1,sports,507.7477357747817,203.7056301978586,inactive,2024-03-09
13631,Product_3631_1,sports,389.67931686146204,12.820876873849729,active,2024-01-21
13632,Product_3632_1,sports,603.4705554819394,380.7648876738965,archived,2024-01-23
13633,Product_3633_1,clothing,235.08268187861765,174.99282427219734,archived,2024-11-16
13634,Product_3634_1,home,734.4212016513005,366.5074288054605,archived,2024-09-22
13635,Product_3635_1,books,375.940550410638,69.8647539547512,pending,2024-04-05
13636,Product_3636_1,sports,307.49998045299986,496.0286433888169,pending,2024-02-01
13637,Product_3637_1,sports,5.947397131861035,202.13206544522288,pending,2024-07-10
13638,Product_3638_1,sports,286.20020425903573,89.93522595512539,pending,2024-01-26
13639,Product_3639_1,home,924.2252387817067,153.0783070398102,pending,2024-07-08
13640,Product_3640_1,clothing,314.10012949105777,35.23406063933378,archived,2024-10-12
13641,Product_3641_1,clothing,995.6236088939912,147.65335386953598,pending,2024-12-08
13642,Product_3642_1,books,768.2946381718257,337.0699516703773,pending,2024-03-07
13643,Product_3643_1,books,141.71000660366246,429.889929462429,active,2024-07-25
13644,Product_3644_1,books,772.9803792771563,484.70939315567455,archived,2024-05-26
13645,Product_3645_1,clothing,747.5715889712305,328.366388101386,archived,2024-11-19
13646,Product_3646_1,books,772.6738918647792,489.2907148672822,archived,2024-09-22
13647,Product_3647_1,books,102.29605828189518,408.6881968956673,archived,2024-11-23
13648,Product_3648_1,electronics,71.12921919200224,41.67457470358138,inactive,2024-11-27
13649,Product_3649_1,books,779.5394975897451,473.2472370332386,pending,2024-09-24
13650,Product_3650_1,books,471.44167529719266,158.01607189394295,inactive,2024-04-28
13651,Product_3651_1,books,766.3611390235175,420.28482369519,archived,2024-01-15
13652,Product_3652_1,books,53.21155867796655,66.06940364762283,inactive,2024-07-08
13653,Product_3653_1,electronics,649.2023789353033,396.69222771971675,archived,2024-10-04
13654,Product_3654_1,electronics,449.81039242223744,445.93048144338456,inactive,2024-12-02
13655,Product_3655_1,sports,277.458250519245,341.34806355504975,inactive,2024-09-07
13656,Product_3656_1,home,709.0059664306793,111.22893841272975,inactive,2024-05-09
13657,Product_3657_1,books,695.5466132270968,495.0463586145587,pending,2024-12-19
13658,Product_3658_1,clothing,380.07588884319074,79.66951168925185,inactive,2024-09-10
13659,Product_3659_1,books,637.6028642640258,250.1363304025747,active,2024-12-21
13660,Product_3660_1,clothing,774.8824408629158,134.3826212220994,pending,2024-07-19
13661,Product_3661_1,books,150.6553904503374,217.9543129509533,active,2024-07-18
13662,Product_3662_1,books,332.52241696918435,53.36526279596239,archived,2024-11-07
13663,Product_3663_1,sports,622.710508544855,380.9695837638195,inactive,2024-02-10
13664,Product_3664_1,books,460.25551086860844,73.2758460232152,pending,2024-04-12
13665,Product_3665_1,electronics,974.2541544319018,174.9388561658872,pending,2024-08-07
13666,Product_3666_1,electronics,55.43678199005062,191.64543504300704,archived,2024-09-18
13667,Product_3667_1,sports,339.71929607669574,269.0740265451893,active,2024-12-15
13668,Product_3668_1,sports,574.7112712072412,47.3418398843197,inactive,2024-12-09
13669,Product_3669_1,electronics,968.6029405434457,115.92336786281368,inactive,2024-05-22
13670,Product_3670_1,home,47.015491690242996,289.89446133123533,archived,2024-01-04
13671,Product_3671_1,sports,538.505041474171,386.9976148870941,active,2024-07-17
13672,Product_3672_1,electronics,191.932514073439,310.8856730108779,archived,2024-02-22
13673,Product_3673_1,home,324.4721697078754,115.98184131620009,inactive,2024-11-04
13674,Product_3674_1,clothing,689.74163254865,316.0320181074232,active,2024-03-17
13675,Product_3675_1,sports,905.0861253757807,314.77002052650266,pending,2024-02-21
13676,Product_3676_1,electronics,723.501280308278,97.51331349527975,archived,2024-11-18
13677,Product_3677_1,electronics,69.41507145198267,389.1895749639966,pending,2024-07-02
13678,Product_3678_1,clothing,98.24870619001486,277.81554429078335,archived,2024-09-28
13679,Product_3679_1,books,479.8486789062017,397.356250760566,active,2024-01-03
13680,Product_3680_1,home,931.2164376160172,107.00555315054815,archived,2024-01-04
13681,Product_3681_1,books,500.65961290569373,408.75142920737903,pending,2024-04-26
13682,Product_3682_1,clothing,376.20763904014706,311.1627698108876,active,2024-08-08
13683,Product_3683_1,books,882.2747124502636,166.60307110837803,pending,2024-05-16
13684,Product_3684_1,clothing,773.4071200315219,162.10907745139306,archived,2024-08-03
13685,Product_3685_1,sports,665.2740469615003,433.23054213229824,active,2024-01-07
13686,Product_3686_1,electronics,82.58766278896043,413.2199868230832,active,2024-12-27
13687,Product_3687_1,books,363.4264957363374,286.65694165532705,archived,2024-02-28
13688,Product_3688_1,books,452.1766292468157,216.1049930879504,archived,2024-12-21
13689,Product_3689_1,home,917.6139739868747,469.27956097145795,archived,2024-08-03
13690,Product_3690_1,electronics,861.808891613501,441.8795472769521,pending,2024-06-25
13691,Product_3691_1,sports,986.8096973268193,308.22267921584563,active,2024-03-23
13692,Product_3692_1,sports,386.2485905469632,427.8344829729452,pending,2024-07-20
13693,Product_3693_1,electronics,987.9378422924474,297.8485977818298,pending,2024-11-27
13694,Product_3694_1,clothing,553.2470117905515,476.2028460600605,inactive,2024-12-26
13695,Product_3695_1,home,784.0143880856896,460.22146457734294,active,2024-06-10
13696,Product_3696_1,electronics,144.60978222564142,128.6852031953787,active,2024-02-05
13697,Product_3697_1,sports,363.89252156268077,274.71523685980276,pending,2024-03-06
13698,Product_3698_1,home,264.2685948518006,438.013001182117,active,2024-03-26
13699,Product_3699_1,sports,394.80246267506345,465.2409614900926,active,2024-04-16
13700,Product_3700_1,sports,906.092788784332,93.28319526305636,active,2024-11-10
13701,Product_3701_1,sports,393.1668603483119,370.32070440599745,inactive,2024-02-24
13702,Product_3702_1,home,952.1454674061476,403.06705003654264,active,2024-05-26
13703,Product_3703_1,electronics,949.4708345903522,376.276986429349,inactive,2024-05-13
13704,Product_3704_1,sports,925.0360963643527,497.7029618515286,active,2024-11-02
13705,Product_3705_1,electronics,868.847095823722,422.3146252461845,archived,2024-07-04
13706,Product_3706_1,electronics,299.1203378485459,39.49411812982956,pending,2024-03-07
13707,Product_3707_1,clothing,691.9549915848917,451.3054119903664,pending,2024-04-12
13708,Product_3708_1,clothing,558.4071024326557,499.7998311268962,pending,2024-03-20
13709,Product_3709_1,books,534.9572297452138,136.57841878808867,pending,2024-01-06
13710,Product_3710_1,books,459.8477134071284,109.77525492982211,active,2024-08-08
13711,Product_3711_1,clothing,623.6394063310744,414.76183369409597,inactive,2024-03-06
13712,Product_3712_1,home,397.87808327304117,260.43471511850373,archived,2024-09-16
13713,Product_3713_1,clothing,612.4065632010775,231.84036300325567,active,2024-09-22
13714,Product_3714_1,books,643.8387431165108,217.1987452713691,inactive,2024-06-01
13715,Product_3715_1,books,240.07469504834512,336.62599722043734,archived,2024-09-26
13716,Product_3716_1,electronics,234.72714606978477,235.85699308195635,active,2024-01-01
13717,Product_3717_1,books,219.3381480609274,110.63374243293211,inactive,2024-06-07
13718,Product_3718_1,clothing,562.7326998285763,303.8763741659608,archived,2024-11-05
13719,Product_3719_1,home,189.497753545075,212.52826235136152,inactive,2024-09-10
13720,Product_3720_1,clothing,659.9810975265276,125.91370610040437,inactive,2024-07-28
13721,Product_3721_1,electronics,192.01974969737387,38.27073708421385,archived,2024-12-10
13722,Product_3722_1,home,109.05800027795983,414.0099403966147,pending,2024-03-25
13723,Product_3723_1,books,752.7478029028007,137.3568095195069,inactive,2024-10-15
13724,Product_3724_1,sports,162.23474062878964,204.23468154383409,inactive,2024-07-13
13725,Product_3725_1,sports,714.5511427974996,401.4852709803193,archived,2024-10-25
13726,Product_3726_1,clothing,613.6429256379474,27.270821812685075,archived,2024-07-17
13727,Product_3727_1,books,464.51104102378025,361.8205830838323,archived,2024-01-19
13728,Product_3728_1,books,413.54406770751103,309.46752113955523,active,2024-05-02
13729,Product_3729_1,clothing,877.0672644649477,340.87661958799026,active,2024-07-18
13730,Product_3730_1,books,64.78630128235868,469.09998401884354,archived,2024-01-14
13731,Product_3731_1,home,475.71614546562034,483.39294011482565,archived,2024-04-15
13732,Product_3732_1,electronics,640.4845507317016,201.74065480054287,inactive,2024-09-05
13733,Product_3733_1,books,965.807007257756,180.88976167506667,pending,2024-07-07
13734,Product_3734_1,sports,996.768805459236,149.87029083061583,active,2024-01-28
13735,Product_3735_1,clothing,736.7976246457737,418.96281068705326,archived,2024-11-20
13736,Product_3736_1,books,773.621454614082,356.8693604321262,active,2024-03-14
13737,Product_3737_1,home,374.7267261511231,34.03162903082038,archived,2024-03-22
13738,Product_3738_1,books,952.5243504185548,72.5600146720144,active,2024-10-26
13739,Product_3739_1,books,694.7315384415773,307.363375890809,archived,2024-01-28
13740,Product_3740_1,electronics,74.18013093791225,432.9061019661933,pending,2024-07-22
13741,Product_3741_1,clothing,395.0292129358806,239.94816543132305,active,2024-04-02
13742,Product_3742_1,clothing,249.04019177141396,275.04409632908295,active,2024-07-02
13743,Product_3743_1,books,145.48698732477075,406.38134290289815,active,2024-07-19
13744,Product_3744_1,sports,120.2049551950725,101.07046676079705,inactive,2024-11-07
13745,Product_3745_1,clothing,211.1110030487296,336.21771047767874,pending,2024-05-12
13746,Product_3746_1,clothing,727.5127250463551,440.7993361300234,inactive,2024-06-13
13747,Product_3747_1,books,335.9880286989052,478.5372627023318,inactive,2024-02-16
13748,Product_3748_1,sports,817.5940151033902,32.60476292337347,archived,2024-10-16
13749,Product_3749_1,home,943.1003201722863,425.5507701249696,archived,2024-06-19
13750,Product_3750_1,books,947.7335651366109,384.64611647958947,active,2024-11-27
13751,Product_3751_1,electronics,915.7444487917588,72.58014055816801,archived,2024-08-25
13752,Product_3752_1,clothing,925.9564855482226,317.84998174419627,inactive,2024-07-09
13753,Product_3753_1,electronics,286.7939989041409,358.49823514334236,active,2024-08-20
13754,Product_3754_1,electronics,775.1452599844798,192.07028651733097,inactive,2024-09-04
13755,Product_3755_1,home,48.87801611482861,44.37362852676379,archived,2024-11-21
13756,Product_3756_1,home,609.9465472775665,81.30664064069775,archived,2024-06-26
13757,Product_3757_1,books,833.097940095628,62.782960968678545,pending,2024-11-11
13758,Product_3758_1,books,26.306059330663633,471.1399828683924,active,2024-02-26
13759,Product_3759_1,books,17.91310378343253,415.2832157190495,active,2024-11-26
13760,Product_3760_1,home,227.3927133017623,225.32670224868932,active,2024-08-22
13761,Product_3761_1,sports,656.1110347637581,224.44541789136736,pending,2024-01-25
13762,Product_3762_1,books,247.65395190724584,275.25961382007677,pending,2024-07-25
13763,Product_3763_1,home,561.7503062643295,323.607938864938,pending,2024-02-03
13764,Product_3764_1,clothing,417.67019154196475,45.33500400896603,pending,2024-03-18
13765,Product_3765_1,books,970.2508122889614,431.0057369629033,pending,2024-07-05
13766,Product_3766_1,electronics,820.9850998471857,297.3956874933278,inactive,2024-02-24
13767,Product_3767_1,books,413.35958370420025,491.8635640210032,archived,2024-07-10
13768,Product_3768_1,books,533.7025745743283,216.81757924943398,active,2024-02-20
13769,Product_3769_1,clothing,176.57361473448165,136.14836074521148,active,2024-02-12
13770,Product_3770_1,home,955.7003189982754,349.08306356135955,pending,2024-01-22
13771,Product_3771_1,electronics,578.943485833833,158.12485420483435,pending,2024-12-08
13772,Product_3772_1,clothing,230.39485857963464,156.23429613450773,archived,2024-03-20
13773,Product_3773_1,clothing,685.4956440374625,284.0135407441646,active,2024-04-16
13774,Product_3774_1,electronics,765.4207849418997,305.85941624992086,inactive,2024-02-11
13775,Product_3775_1,home,649.2895272003003,365.76346517304256,archived,2024-05-02
13776,Product_3776_1,clothing,680.5716532340073,125.9558919970743,inactive,2024-03-24
13777,Product_3777_1,books,326.902805862489,31.438829697081637,inactive,2024-12-25
13778,Product_3778_1,clothing,510.4763759656101,28.43679246238309,active,2024-10-14
13779,Product_3779_1,clothing,529.7985217213561,397.7595960276986,pending,2024-03-09
13780,Product_3780_1,books,929.5439171115913,270.50288225727667,pending,2024-10-26
13781,Product_3781_1,sports,338.77144791739187,149.66933455264495,pending,2024-06-27
13782,Product_3782_1,sports,349.73095637832654,180.41256930779005,pending,2024-07-13
13783,Product_3783_1,books,660.2192014028833,451.0512632800333,active,2024-12-25
13784,Product_3784_1,clothing,109.47745419720867,185.4972532670872,active,2024-09-11
13785,Product_3785_1,sports,496.82376114712304,483.5048133728256,inactive,2024-07-19
13786,Product_3786_1,sports,239.2032013154713,169.3424277030018,pending,2024-12-27
13787,Product_3787_1,clothing,184.254578381699,433.5172817704083,pending,2024-03-12
13788,Product_3788_1,clothing,955.6447386093058,25.181765659169997,pending,2024-09-04
13789,Product_3789_1,books,18.256345533872143,421.4846885491612,inactive,2024-09-09
13790,Product_3790_1,books,718.8092925486134,467.0503515932789,pending,2024-05-08
13791,Product_3791_1,electronics,136.19678089697427,391.5974033644186,archived,2024-08-21
13792,Product_3792_1,electronics,14.025910332116196,485.2553979749762,pending,2024-12-07
13793,Product_3793_1,books,915.8139774907077,223.5183724448965,active,2024-07-25
13794,Product_3794_1,books,213.13424689355085,138.70991725220662,pending,2024-09-06
13795,Product_3795_1,clothing,907.741606568925,25.90626492966139,archived,2024-09-28
13796,Product_3796_1,home,301.98727261278555,14.14353749912577,active,2024-05-14
13797,Product_3797_1,sports,862.9926264072163,378.7486912530989,active,2024-03-24
13798,Product_3798_1,home,244.74645576198125,380.5721573565429,pending,2024-09-19
13799,Product_3799_1,sports,139.71634038200196,426.7880786990094,archived,2024-08-20
13800,Product_3800_1,electronics,69.95709777266526,465.4042373510299,inactive,2024-11-21
13801,Product_3801_1,sports,989.2026467347296,24.219683799076737,active,2024-03-28
13802,Product_3802_1,home,408.55404707534194,109.46315835316808,active,2024-12-19
13803,Product_3803_1,clothing,569.6028425997819,35.5534183378775,active,2024-12-22
13804,Product_3804_1,clothing,104.34678005133287,378.5265115274766,archived,2024-03-10
13805,Product_3805_1,home,682.6155395648589,24.430521645725992,inactive,2024-06-25
13806,Product_3806_1,sports,964.6844805948929,306.80050868194957,pending,2024-09-13
13807,Product_3807_1,electronics,868.7844045776404,84.5280044632052,pending,2024-07-03
13808,Product_3808_1,books,906.3654490350845,143.27650745563383,archived,2024-05-12
13809,Product_3809_1,home,862.2348654727637,393.8781377679266,pending,2024-05-28
13810,Product_3810_1,sports,664.8573860180439,206.87817823627947,active,2024-11-02
13811,Product_3811_1,clothing,323.00340502246524,259.98112229736756,inactive,2024-09-12
13812,Product_3812_1,books,885.6527067013703,71.28481282973938,archived,2024-03-18
13813,Product_3813_1,clothing,472.29133957464626,101.41884036534385,archived,2024-04-04
13814,Product_3814_1,home,7.513320773409863,29.429561087421597,inactive,2024-04-12
13815,Product_3815_1,books,811.3099926234596,485.61879520178115,pending,2024-02-01
13816,Product_3816_1,electronics,338.231943377626,80.16418534761317,archived,2024-12-27
13817,Product_3817_1,clothing,466.0717651574575,19.86542015418707,archived,2024-07-21
13818,Product_3818_1,home,422.4125509430136,445.87744461268426,active,2024-12-07
13819,Product_3819_1,home,451.63944024720803,311.8917469623294,archived,2024-01-14
13820,Product_3820_1,electronics,710.3207423773176,296.9941494302168,active,2024-07-16
13821,Product_3821_1,books,229.92784762803174,89.14796349290525,pending,2024-06-05
13822,Product_3822_1,home,762.9280107807273,182.0430962245246,archived,2024-05-27
13823,Product_3823_1,electronics,340.89330377650253,314.91393646541445,inactive,2024-10-10
13824,Product_3824_1,sports,329.1781391691325,377.5354449190253,active,2024-07-01
13825,Product_3825_1,sports,558.888733812412,352.2333538829292,active,2024-03-17
13826,Product_3826_1,sports,172.86613767096367,156.02152103858452,inactive,2024-04-22
13827,Product_3827_1,home,91.48365176061564,274.20030292982483,archived,2024-07-01
13828,Product_3828_1,books,614.8239215912008,126.14357409758342,inactive,2024-07-01
13829,Product_3829_1,sports,593.764011800723,150.3759201133713,archived,2024-03-17
13830,Product_3830_1,home,922.0769748999941,471.5018319870435,pending,2024-03-03
13831,Product_3831_1,home,520.515762678391,222.65312320707113,archived,2024-07-24
13832,Product_3832_1,sports,245.569196885019,341.1744061197575,inactive,2024-11-20
13833,Product_3833_1,books,643.1303323608455,394.1403091582028,active,2024-10-03
13834,Product_3834_1,home,201.07575049409155,123.36042333832452,archived,2024-01-10
13835,Product_3835_1,clothing,865.8350247294783,490.1118861885104,active,2024-12-28
13836,Product_3836_1,books,508.85337401742004,231.03896067023908,pending,2024-11-19
13837,Product_3837_1,books,504.1830844328988,84.89094560397582,pending,2024-09-19
13838,Product_3838_1,clothing,959.3701443805502,333.68210600286403,active,2024-11-23
13839,Product_3839_1,electronics,368.80232867135373,437.0221544484723,pending,2024-04-02
13840,Product_3840_1,electronics,531.5992513345352,282.210831956172,inactive,2024-04-24
13841,Product_3841_1,clothing,487.1954941793747,120.58688329653597,archived,2024-04-04
13842,Product_3842_1,electronics,328.64589977385947,307.63299724273736,pending,2024-12-21
13843,Product_3843_1,electronics,243.98887988451844,64.4032923615157,active,2024-08-23
13844,Product_3844_1,sports,127.67645996636963,163.6492375394619,inactive,2024-07-05
13845,Product_3845_1,clothing,773.8121567878715,492.95227614038066,archived,2024-11-27
13846,Product_3846_1,electronics,798.7199759749866,303.15735701390645,active,2024-04-08
13847,Product_3847_1,electronics,744.1851412553923,100.79385527232915,active,2024-12-20
13848,Product_3848_1,home,672.6599722556173,51.87063015763876,archived,2024-06-01
13849,Product_3849_1,electronics,901.0493936504416,247.66622752030878,inactive,2024-08-12
13850,Product_3850_1,clothing,472.12774962053834,115.55280178187557,active,2024-07-01
13851,Product_3851_1,electronics,592.3491752101747,191.25400356512577,archived,2024-10-26
13852,Product_3852_1,clothing,64.50634475357111,475.7302764292185,active,2024-08-27
13853,Product_3853_1,clothing,298.86690078307095,99.2622158406607,active,2024-05-06
13854,Product_3854_1,home,881.3978948290867,103.11145568273861,inactive,2024-01-08
13855,Product_3855_1,home,132.3695441362397,66.79133122195728,inactive,2024-06-04
13856,Product_3856_1,clothing,20.48297220543046,224.8966931457835,pending,2024-04-27
13857,Product_3857_1,sports,908.5014558623238,352.16869746097353,inactive,2024-03-19
13858,Product_3858_1,electronics,137.43205106938046,412.10127667203307,archived,2024-01-10
13859,Product_3859_1,books,878.8247544153844,311.5712634987235,pending,2024-05-20
13860,Product_3860_1,electronics,700.8899490570932,279.9455311706678,pending,2024-04-14
13861,Product_3861_1,sports,784.1798782801698,341.6472316499177,active,2024-09-04
13862,Product_3862_1,books,744.6229258556642,362.3111253349311,pending,2024-01-27
13863,Product_3863_1,electronics,944.4548849632245,121.04885381684282,inactive,2024-11-18
13864,Product_3864_1,books,290.74297277178096,209.5780548905584,pending,2024-08-15
13865,Product_3865_1,home,703.7464561116591,355.8759978179271,pending,2024-04-16
13866,Product_3866_1,books,217.9158408079404,402.80015481967126,active,2024-06-15
13867,Product_3867_1,electronics,959.4227776776917,256.2087134293446,archived,2024-07-05
13868,Product_3868_1,clothing,563.8843487343404,63.7707325240682,archived,2024-09-12
13869,Product_3869_1,electronics,203.28582565013795,61.87732473610803,active,2024-12-10
13870,Product_3870_1,books,882.184735921325,37.25064719573315,pending,2024-10-17
13871,Product_3871_1,sports,97.50480383145356,387.2976542874418,active,2024-12-24
13872,Product_3872_1,books,836.3266541737086,49.520787132139986,archived,2024-08-08
13873,Product_3873_1,home,742.0052919591893,174.45861024619458,active,2024-11-24
13874,Product_3874_1,books,386.4896503507132,267.90245857483535,pending,2024-08-10
13875,Product_3875_1,home,32.74937854291524,22.249631666349092,active,2024-01-13
13876,Product_3876_1,electronics,237.02132770367294,272.3922486142826,archived,2024-11-11
13877,Product_3877_1,home,759.921017337748,434.19688916550774,archived,2024-09-18
13878,Product_3878_1,books,659.7270937331108,49.02391683916794,archived,2024-09-18
13879,Product_3879_1,clothing,814.8134649271252,374.3263351389287,active,2024-04-08
13880,Product_3880_1,sports,367.1072697314063,274.89239614607726,pending,2024-10-20
13881,Product_3881_1,books,854.3272916329292,256.24875763471937,inactive,2024-01-07
13882,Product_3882_1,books,482.6548012012517,159.9981029222964,pending,2024-11-12
13883,Product_3883_1,clothing,708.725393447269,277.7387209309585,pending,2024-11-10
13884,Product_3884_1,books,321.12203630707734,486.3195734660142,active,2024-05-15
13885,Product_3885_1,electronics,521.6168554023396,93.70246473401,inactive,2024-01-13
13886,Product_3886_1,electronics,378.7447208824212,193.30147853249775,inactive,2024-09-05
13887,Product_3887_1,books,989.2511255009691,145.4819660453009,archived,2024-09-01
13888,Product_3888_1,sports,604.245707528065,411.6612641892161,active,2024-06-24
13889,Product_3889_1,books,220.01026665019668,305.07265463859653,inactive,2024-02-03
13890,Product_3890_1,sports,577.8991885181124,462.3901933277971,active,2024-02-28
13891,Product_3891_1,clothing,451.8100589873459,44.511043558407444,inactive,2024-07-03
13892,Product_3892_1,books,217.5496325774344,323.74533087890325,pending,2024-12-04
13893,Product_3893_1,sports,408.64727543634507,180.04573622393676,active,2024-11-16
13894,Product_3894_1,electronics,453.73574563838065,102.1231867094762,active,2024-05-23
13895,Product_3895_1,clothing,463.38084042815336,406.31892291257935,active,2024-10-23
13896,Product_3896_1,sports,885.8780391326748,467.37809387065806,pending,2024-10-20
13897,Product_3897_1,sports,947.2032516018443,79.84827018437481,archived,2024-11-17
13898,Product_3898_1,electronics,35.937974468233506,35.79484872022958,archived,2024-04-11
13899,Product_3899_1,home,783.1949073795739,14.916219612853773,archived,2024-06-13
13900,Product_3900_1,sports,291.00038707518564,384.7787412847103,active,2024-06-06
13901,Product_3901_1,clothing,960.7412213405177,446.3743327970319,inactive,2024-07-04
13902,Product_3902_1,clothing,911.9307927630329,370.935481340659,inactive,2024-01-18
13903,Product_3903_1,electronics,175.35126388130766,474.4790360258635,pending,2024-05-24
13904,Product_3904_1,clothing,472.4759571331238,496.96445088856245,inactive,2024-11-25
13905,Product_3905_1,books,300.27495140660034,33.408591092550694,active,2024-11-10
13906,Product_3906_1,clothing,518.0527603252954,292.0168083906735,active,2024-12-13
13907,Product_3907_1,clothing,192.41351557143508,491.25696688628045,inactive,2024-02-14
13908,Product_3908_1,clothing,316.13457990072186,391.0300033898041,archived,2024-03-12
13909,Product_3909_1,sports,898.6734621802746,41.49319708367251,pending,2024-07-17
13910,Product_3910_1,sports,831.2081896046565,265.9380382512892,pending,2024-05-27
13911,Product_3911_1,electronics,62.495369157449716,214.04834743920637,archived,2024-05-21
13912,Product_3912_1,sports,762.590380519745,421.8379643597144,archived,2024-08-07
13913,Product_3913_1,electronics,436.8269319933195,477.0591787451703,active,2024-08-13
13914,Product_3914_1,clothing,86.35887952141763,208.73338266359852,inactive,2024-11-13
13915,Product_3915_1,electronics,782.4729087476478,134.62318213766926,active,2024-05-18
13916,Product_3916_1,home,746.1370979936073,368.3865142520477,inactive,2024-06-13
13917,Product_3917_1,electronics,234.0727940293486,129.0680874436041,active,2024-03-17
13918,Product_3918_1,books,304.78914441632634,406.5887638607839,inactive,2024-02-28
13919,Product_3919_1,home,560.829587860156,59.76040435744588,inactive,2024-08-09
13920,Product_3920_1,electronics,516.9721692798472,124.33261716084338,pending,2024-08-25
13921,Product_3921_1,electronics,795.461212369752,185.61177595666962,active,2024-03-11
13922,Product_3922_1,sports,143.11588298241398,434.7354336142121,pending,2024-04-23
13923,Product_3923_1,books,414.802288826454,170.0626235102229,pending,2024-08-15
13924,Product_3924_1,home,771.82998432105,460.9746353312007,pending,2024-06-07
13925,Product_3925_1,electronics,554.3710321532975,432.0126842108488,inactive,2024-08-09
13926,Product_3926_1,sports,935.0359125520432,81.13164622921177,archived,2024-03-15
13927,Product_3927_1,electronics,911.6893964485691,181.9833736482381,active,2024-01-23
13928,Product_3928_1,electronics,511.7558935503634,320.8883990713703,pending,2024-06-16
13929,Product_3929_1,clothing,113.02695005592358,138.32080422010588,active,2024-06-17
13930,Product_3930_1,books,606.0528862555113,336.69949889215496,inactive,2024-08-22
13931,Product_3931_1,clothing,624.3745319614615,447.6761835299097,pending,2024-08-02
13932,Product_3932_1,home,198.6745697972519,429.3815804833061,active,2024-05-15
13933,Product_3933_1,clothing,933.5869121029004,201.7292096957726,archived,2024-01-13
13934,Product_3934_1,home,468.49854447154775,366.08499185531883,pending,2024-09-04
13935,Product_3935_1,sports,950.8036379357616,249.38018010147945,archived,2024-08-02
13936,Product_3936_1,sports,521.3804767743762,370.3565301039233,pending,2024-01-17
13937,Product_3937_1,electronics,500.0778219436118,141.12269006373043,inactive,2024-04-21
13938,Product_3938_1,clothing,624.0519864769444,60.02160197621445,pending,2024-03-14
13939,Product_3939_1,electronics,325.02759130607825,240.92543903715395,archived,2024-05-27
13940,Product_3940_1,books,7.7127028095533365,327.3399376477405,inactive,2024-05-26
13941,Product_3941_1,home,242.82926136589145,362.6056981430065,active,2024-07-19
13942,Product_3942_1,books,19.230812910067975,104.87662016634336,active,2024-06-26
13943,Product_3943_1,books,689.8328720945509,223.4932669841949,active,2024-10-12
13944,Product_3944_1,electronics,583.4313328702242,33.758346740560725,pending,2024-08-07
13945,Product_3945_1,sports,265.0571410083017,229.3396668391931,pending,2024-04-11
13946,Product_3946_1,sports,954.7377676124515,135.9623516896829,inactive,2024-03-12
13947,Product_3947_1,sports,706.2848074834294,251.55901106813388,active,2024-09-21
13948,Product_3948_1,clothing,836.7145664709432,499.0086450281232,active,2024-07-21
13949,Product_3949_1,books,103.37693492527156,337.36557764194185,inactive,2024-01-22
13950,Product_3950_1,home,821.1400265641312,117.81688120355888,pending,2024-07-24
13951,Product_3951_1,home,529.1744237537113,84.56847890386754,inactive,2024-08-09
13952,Product_3952_1,books,113.82281736932453,325.406992932094,archived,2024-07-13
13953,Product_3953_1,home,783.4945852753697,335.039036547954,archived,2024-06-28
13954,Product_3954_1,home,668.3896831450242,424.5946462841739,inactive,2024-12-09
13955,Product_3955_1,electronics,509.3688255828663,459.2648220976119,inactive,2024-02-23
13956,Product_3956_1,home,416.66072358455585,292.94962253461784,pending,2024-10-02
13957,Product_3957_1,clothing,732.0858122505522,222.44876886116242,archived,2024-10-03
13958,Product_3958_1,sports,111.22731573162233,316.9539612508564,archived,2024-09-20
13959,Product_3959_1,clothing,571.0003834351267,482.2494623516933,archived,2024-05-14
13960,Product_3960_1,clothing,227.5863480892678,388.19308763396265,active,2024-02-23
13961,Product_3961_1,home,911.5322173669437,492.2982572148357,active,2024-11-22
13962,Product_3962_1,clothing,403.5240933403277,36.90766432098572,archived,2024-02-02
13963,Product_3963_1,books,805.0185212280904,416.6960397819704,pending,2024-09-22
13964,Product_3964_1,sports,599.3193041135519,381.27451014289693,pending,2024-08-15
13965,Product_3965_1,books,482.875983779684,396.7599465714798,inactive,2024-06-08
13966,Product_3966_1,clothing,542.2113975439165,107.39930116858123,archived,2024-02-22
13967,Product_3967_1,electronics,372.86760634591604,492.98648037687286,pending,2024-12-05
13968,Product_3968_1,home,90.36774990835787,488.4015510007872,inactive,2024-08-07
13969,Product_3969_1,books,369.00073974408656,494.149765307001,pending,2024-05-03
13970,Product_3970_1,clothing,211.04779226991747,321.9820126193594,inactive,2024-06-01
13971,Product_3971_1,electronics,232.4692549713138,250.17568796874485,pending,2024-02-12
13972,Product_3972_1,home,167.41963267960548,21.991791136969216,active,2024-02-16
13973,Product_3973_1,clothing,35.91400775586944,402.6160502823779,inactive,2024-04-09
13974,Product_3974_1,home,170.0007013738542,295.63158603976746,archived,2024-04-06
13975,Product_3975_1,clothing,893.5028993189208,50.24005022254242,archived,2024-07-09
13976,Product_3976_1,sports,411.72867547024083,353.0804161336578,pending,2024-07-06
13977,Product_3977_1,sports,618.3404293229934,295.29645678356184,inactive,2024-04-07
13978,Product_3978_1,electronics,753.9132547657832,378.0047366649345,inactive,2024-10-03
13979,Product_3979_1,books,873.2851313664846,476.54700833237416,active,2024-08-18
13980,Product_3980_1,electronics,760.6793012396032,199.2947754779171,archived,2024-06-26
13981,Product_3981_1,clothing,218.63143182960374,79.59241558602474,pending,2024-01-19
13982,Product_3982_1,sports,28.59623252521344,396.1601074253136,pending,2024-02-09
13983,Product_3983_1,electronics,182.8064027298804,23.512472256456306,active,2024-11-16
13984,Product_3984_1,home,197.13335632111918,271.1908064461301,archived,2024-04-13
13985,Product_3985_1,clothing,780.9419373198848,425.0876312835907,active,2024-06-18
13986,Product_3986_1,sports,252.0084533444115,96.14277847482055,active,2024-03-15
13987,Product_3987_1,clothing,478.7456775990068,398.354796927902,archived,2024-11-27
13988,Product_3988_1,electronics,692.5021280837593,105.74330962176192,pending,2024-07-19
13989,Product_3989_1,clothing,621.3449992223944,468.24067355546754,inactive,2024-12-17
13990,Product_3990_1,sports,660.4958219312521,416.25725188664103,active,2024-08-04
13991,Product_3991_1,clothing,793.907124287179,312.49156232542,active,2024-09-23
13992,Product_3992_1,electronics,940.0755513785323,423.4694435432941,pending,2024-02-10
13993,Product_3993_1,home,685.33097789342,445.0299368708565,active,2024-08-22
13994,Product_3994_1,books,78.13541143794268,264.0657974730787,archived,2024-11-27
13995,Product_3995_1,electronics,174.80252502811442,278.3637251511354,pending,2024-10-05
13996,Product_3996_1,home,535.8000576575647,157.1500075878671,active,2024-10-04
13997,Product_3997_1,clothing,240.19132399009305,230.54906297280198,pending,2024-05-01
13998,Product_3998_1,electronics,627.5232125361325,348.85893064282897,pending,2024-12-28
13999,Product_3999_1,home,425.5714683366538,314.84886613421304,active,2024-02-26
14000,Product_4000_1,books,31.292660663685325,490.2583265852392,active,2024-07-15
14001,Product_4001_1,home,712.9892353829716,487.6813396306675,pending,2024-01-28
14002,Product_4002_1,home,550.12328171167,397.04923843265425,pending,2024-03-09
14003,Product_4003_1,sports,714.2607418019757,337.8408265730438,pending,2024-02-18
14004,Product_4004_1,books,186.095210657861,268.9654301998198,pending,2024-09-09
14005,Product_4005_1,sports,844.9840654879282,125.70644249136771,pending,2024-11-26
14006,Product_4006_1,electronics,868.6651737444472,159.67328392443883,inactive,2024-02-26
14007,Product_4007_1,electronics,481.2601216519022,74.42409524644914,inactive,2024-07-17
14008,Product_4008_1,sports,287.6664625184924,293.8803495216952,active,2024-02-21
14009,Product_4009_1,home,252.71699243995369,429.52445648375635,archived,2024-05-21
14010,Product_4010_1,sports,122.3127612476511,458.12800412573154,inactive,2024-11-24
14011,Product_4011_1,sports,166.5000953011439,167.57121408793054,inactive,2024-02-05
14012,Product_4012_1,books,169.98061003896836,351.9880877947752,pending,2024-02-19
14013,Product_4013_1,home,968.6595210364941,482.89931099761924,active,2024-10-08
14014,Product_4014_1,books,67.60931972698673,235.65947525769096,inactive,2024-06-16
14015,Product_4015_1,sports,894.5628762741187,110.41296223203771,pending,2024-02-28
14016,Product_4016_1,books,894.4386564106508,114.29968979581757,active,2024-07-09
14017,Product_4017_1,books,550.367360484295,190.51661405489278,pending,2024-11-26
14018,Product_4018_1,books,794.2701956584592,127.87392589651142,inactive,2024-01-11
14019,Product_4019_1,sports,827.2212234523049,442.9283075203842,active,2024-12-08
14020,Product_4020_1,clothing,110.50022697596303,363.25994547056393,inactive,2024-03-10
14021,Product_4021_1,home,213.51293291606257,86.96755186003881,pending,2024-03-08
14022,Product_4022_1,books,506.7218877204762,133.48996156101612,archived,2024-12-02
14023,Product_4023_1,home,23.78010603704203,278.74940097049364,archived,2024-04-16
14024,Product_4024_1,electronics,830.1761008598512,404.62444603957226,active,2024-11-18
14025,Product_4025_1,clothing,309.93811579181886,126.65563504580878,archived,2024-05-12
14026,Product_4026_1,sports,653.0305719656452,301.6874340605766,inactive,2024-06-24
14027,Product_4027_1,sports,729.4733972816109,93.457232480219,active,2024-08-18
14028,Product_4028_1,home,845.097046230463,418.81834007586383,pending,2024-04-19
14029,Product_4029_1,books,339.8635273490214,239.21000110178855,archived,2024-03-09
14030,Product_4030_1,books,923.3423244858549,59.27898256535976,pending,2024-01-13
14031,Product_4031_1,books,572.1948501317264,251.89291807678993,inactive,2024-02-22
14032,Product_4032_1,electronics,126.7820464967146,479.3450792138762,pending,2024-09-15
14033,Product_4033_1,books,78.27966220369568,316.7386242927249,pending,2024-04-04
14034,Product_4034_1,clothing,792.8048712251132,470.1672344544675,pending,2024-03-14
14035,Product_4035_1,clothing,739.2877670127373,343.2530147348868,active,2024-05-09
14036,Product_4036_1,books,356.7817372641471,341.1189172077558,active,2024-11-09
14037,Product_4037_1,home,343.75741305355166,309.74110214677506,pending,2024-12-12
14038,Product_4038_1,books,929.6094496285145,288.27919066656153,archived,2024-04-14
14039,Product_4039_1,home,83.40692468125081,128.11831670479427,pending,2024-04-25
14040,Product_4040_1,books,148.20552565002782,353.6943773924813,pending,2024-12-08
14041,Product_4041_1,sports,525.8544961940236,451.02771088220203,active,2024-07-10
14042,Product_4042_1,electronics,265.8941317974398,179.15863623228907,pending,2024-09-24
14043,Product_4043_1,home,884.5473241080283,233.52516007962845,archived,2024-08-17
14044,Product_4044_1,books,347.14993298505453,107.22538655028653,active,2024-07-04
14045,Product_4045_1,home,874.9127162887523,409.5714698971808,inactive,2024-01-20
14046,Product_4046_1,sports,498.57007033225835,113.35413260856555,pending,2024-06-24
14047,Product_4047_1,sports,946.2368578625076,206.88234091124693,active,2024-10-27
14048,Product_4048_1,home,28.513040294223487,247.91345309948807,inactive,2024-11-27
14049,Product_4049_1,electronics,110.86224680475473,364.4361844728594,active,2024-02-14
14050,Product_4050_1,home,789.2034632694524,442.16324304432385,active,2024-07-17
14051,Product_4051_1,home,998.3589115305624,58.34620261088859,pending,2024-02-23
14052,Product_4052_1,home,203.05525980949568,241.6853012894216,inactive,2024-05-17
14053,Product_4053_1,electronics,383.5481493904816,297.349173849402,pending,2024-05-16
14054,Product_4054_1,home,981.9084216884565,95.1439977929825,inactive,2024-08-15
14055,Product_4055_1,home,46.88699050910676,292.77923228597615,active,2024-04-11
14056,Product_4056_1,books,440.14505309977295,329.88986527763757,active,2024-07-21
14057,Product_4057_1,books,690.8019868012681,63.731367923401756,inactive,2024-07-12
14058,Product_4058_1,clothing,839.5439194782982,433.92827530317714,archived,2024-10-11
14059,Product_4059_1,books,793.872327438043,470.5383007433703,inactive,2024-05-04
14060,Product_4060_1,books,660.2817781042035,248.9854586947694,archived,2024-04-19
14061,Product_4061_1,home,219.87215484890442,365.46491689549714,active,2024-10-12
14062,Product_4062_1,home,643.6947695719449,56.91484655766582,archived,2024-12-10
14063,Product_4063_1,books,891.5705352473557,99.4013546478114,archived,2024-07-21
14064,Product_4064_1,sports,823.9249008088826,235.37859547370132,inactive,2024-12-02
14065,Product_4065_1,clothing,882.1511429499311,165.81739742111512,inactive,2024-08-03
14066,Product_4066_1,home,455.3553017484601,147.46760578327448,active,2024-12-19
14067,Product_4067_1,sports,666.0149764085415,227.38108673912893,inactive,2024-03-10
14068,Product_4068_1,electronics,186.83244449466883,319.56214087977315,active,2024-09-17
14069,Product_4069_1,electronics,263.1591529231126,489.6923310859988,archived,2024-02-09
14070,Product_4070_1,books,656.4471199808435,476.40806579642936,pending,2024-09-08
14071,Product_4071_1,books,134.88698912946816,117.97550820355067,archived,2024-02-08
14072,Product_4072_1,sports,563.4384799975601,332.41631146967336,pending,2024-06-15
14073,Product_4073_1,sports,521.8433186084096,303.3794985864215,inactive,2024-02-19
14074,Product_4074_1,clothing,541.4973756699072,291.8083619058566,inactive,2024-05-09
14075,Product_4075_1,books,177.70192882162155,157.03317533370497,inactive,2024-08-05
14076,Product_4076_1,electronics,668.1432485551793,238.82574144643186,active,2024-09-05
14077,Product_4077_1,home,960.4172534630396,371.8274803550296,archived,2024-03-24
14078,Product_4078_1,sports,545.9626879246729,58.984824947512266,archived,2024-02-13
14079,Product_4079_1,electronics,604.8959105240272,176.38755465853754,active,2024-07-24
14080,Product_4080_1,electronics,559.6272721140477,197.82634417516917,active,2024-07-10
14081,Product_4081_1,clothing,279.2383072612204,220.4482348266229,inactive,2024-11-23
14082,Product_4082_1,clothing,148.41856463835816,49.31029296218032,archived,2024-04-09
14083,Product_4083_1,books,701.1994924335045,420.4568538968549,inactive,2024-12-07
14084,Product_4084_1,electronics,645.576912262507,394.9065286358572,pending,2024-01-26
14085,Product_4085_1,books,136.51644713825274,273.0259651674727,pending,2024-08-12
14086,Product_4086_1,clothing,54.16708338752101,387.7568798198046,archived,2024-06-06
14087,Product_4087_1,sports,29.20250539392694,495.0276172664416,pending,2024-10-23
14088,Product_4088_1,sports,404.39751542752884,304.0458600849541,inactive,2024-10-22
14089,Product_4089_1,clothing,215.10841531311058,336.14777336811244,inactive,2024-09-20
14090,Product_4090_1,books,847.9801008200849,281.72186814332684,pending,2024-08-16
14091,Product_4091_1,electronics,408.00473936266934,491.21557858072055,active,2024-12-06
14092,Product_4092_1,books,679.3286698442724,311.50581228030416,active,2024-11-03
14093,Product_4093_1,sports,221.94459507544875,157.1192420966571,active,2024-09-27
14094,Product_4094_1,home,402.0723060009264,31.408087279180062,pending,2024-10-05
14095,Product_4095_1,electronics,586.9796945617699,330.9038236910428,active,2024-09-10
14096,Product_4096_1,clothing,196.89985159302756,304.746360520232,inactive,2024-09-18
14097,Product_4097_1,books,168.34255652132765,126.74993745342906,archived,2024-11-20
14098,Product_4098_1,electronics,203.6283634582013,118.94070413163357,inactive,2024-02-27
14099,Product_4099_1,clothing,387.0856303169911,260.42442261116946,archived,2024-09-20
14100,Product_4100_1,home,655.3471022146634,311.9040514323735,pending,2024-08-17
14101,Product_4101_1,clothing,979.4502164305928,26.92693022393864,pending,2024-01-12
14102,Product_4102_1,electronics,149.33193732428268,309.1941117739451,pending,2024-04-26
14103,Product_4103_1,electronics,982.8633362133761,353.3992932980642,archived,2024-01-27
14104,Product_4104_1,sports,83.6518527986015,477.4652130432908,pending,2024-12-21
14105,Product_4105_1,books,503.39469133214556,41.60879480536322,pending,2024-01-16
14106,Product_4106_1,books,931.7616704247188,139.39276155747612,archived,2024-07-15
14107,Product_4107_1,home,200.3167761380425,313.7534298803119,pending,2024-10-06
14108,Product_4108_1,clothing,716.3865565837365,229.28411373589927,pending,2024-01-15
14109,Product_4109_1,clothing,117.63726565494778,49.413193876149066,inactive,2024-08-22
14110,Product_4110_1,clothing,610.2194060763211,158.1074029167495,active,2024-03-20
14111,Product_4111_1,home,924.8073324797601,359.67682862547605,active,2024-01-04
14112,Product_4112_1,books,247.9024014173658,341.4511751280614,archived,2024-09-13
14113,Product_4113_1,home,443.6503174119888,17.477967309727767,active,2024-02-21
14114,Product_4114_1,sports,876.123875262067,411.0277910512504,pending,2024-01-25
14115,Product_4115_1,clothing,489.98655756819824,22.111871059679945,inactive,2024-08-04
14116,Product_4116_1,electronics,104.91278193429424,54.28651533962005,inactive,2024-09-10
14117,Product_4117_1,sports,448.5792268577922,340.2681941882518,inactive,2024-05-15
14118,Product_4118_1,books,166.16586089061593,384.8164027511363,active,2024-02-22
14119,Product_4119_1,home,621.5805313023262,432.1823427150353,archived,2024-07-01
14120,Product_4120_1,home,420.9282403410587,168.8230451475589,archived,2024-11-27
14121,Product_4121_1,home,904.3591930488442,374.8387417954709,inactive,2024-03-16
14122,Product_4122_1,books,738.60761990611,310.7484463994998,pending,2024-04-08
14123,Product_4123_1,electronics,146.4908254103042,459.48108920931605,archived,2024-06-01
14124,Product_4124_1,books,191.52325032308073,278.13011832798895,inactive,2024-11-02
14125,Product_4125_1,home,954.7765079975749,397.763472257597,pending,2024-05-21
14126,Product_4126_1,electronics,655.4027305497519,480.0369106501758,archived,2024-12-18
14127,Product_4127_1,electronics,276.9877775050463,82.80704389933632,inactive,2024-02-24
14128,Product_4128_1,books,567.3584918705488,492.2728362498825,inactive,2024-07-27
14129,Product_4129_1,home,699.2927067311114,237.2814083879744,archived,2024-02-20
14130,Product_4130_1,home,208.24142025274435,12.431655253064413,archived,2024-05-28
14131,Product_4131_1,electronics,531.6879507601182,478.77736893884816,active,2024-05-21
14132,Product_4132_1,electronics,10.96430759194739,273.35249560674526,inactive,2024-05-02
14133,Product_4133_1,clothing,659.9915959106233,107.91225366576384,pending,2024-08-26
14134,Product_4134_1,sports,638.4037414969767,364.1411990717115,active,2024-05-24
14135,Product_4135_1,sports,34.84967966664464,448.0374826544479,inactive,2024-04-16
14136,Product_4136_1,electronics,596.008340010632,310.4383376197963,inactive,2024-09-13
14137,Product_4137_1,electronics,652.2311011645594,373.9846514726135,inactive,2024-09-04
14138,Product_4138_1,books,986.1672616578076,484.0104235102846,inactive,2024-01-16
14139,Product_4139_1,sports,176.91353540573198,223.9999459480125,archived,2024-03-17
14140,Product_4140_1,electronics,768.4747729349763,479.759500443641,pending,2024-11-03
14141,Product_4141_1,sports,687.8279906851186,393.3571805021245,inactive,2024-07-11
14142,Product_4142_1,electronics,927.308126814052,121.4371322109192,active,2024-10-26
14143,Product_4143_1,sports,864.8571454004135,271.40059737865045,archived,2024-04-19
14144,Product_4144_1,books,440.4624404998277,23.07144270406653,active,2024-03-04
14145,Product_4145_1,electronics,52.46373091429177,130.90852685983208,active,2024-03-15
14146,Product_4146_1,home,992.5024864714338,38.30434878714264,pending,2024-01-09
14147,Product_4147_1,sports,311.2723258535851,428.159408068942,archived,2024-02-18
14148,Product_4148_1,sports,309.1659412922957,70.16790776506241,pending,2024-06-06
14149,Product_4149_1,electronics,167.23054582877737,215.21278793394671,pending,2024-12-17
14150,Product_4150_1,electronics,444.2218678414447,389.90654604343354,pending,2024-11-14
14151,Product_4151_1,electronics,737.5517720817053,424.3663523126632,archived,2024-06-27
14152,Product_4152_1,electronics,360.28855012505676,431.70131041881274,active,2024-03-20
14153,Product_4153_1,books,986.7613407438508,371.4710595856009,pending,2024-10-07
14154,Product_4154_1,clothing,578.3049771719027,368.23321850112427,inactive,2024-05-12
14155,Product_4155_1,electronics,106.98951997375165,442.5876836823282,archived,2024-01-21
14156,Product_4156_1,home,71.0260849240582,438.7800488578939,active,2024-12-13
14157,Product_4157_1,clothing,653.8849501714117,322.60194465682235,archived,2024-11-22
14158,Product_4158_1,home,154.166228525535,184.28062054110057,pending,2024-12-19
14159,Product_4159_1,electronics,229.5440158452982,476.7472960786671,active,2024-04-18
14160,Product_4160_1,electronics,936.8516038549715,105.31001084475525,pending,2024-10-14
14161,Product_4161_1,electronics,217.44164977557938,265.969724280288,active,2024-12-04
14162,Product_4162_1,books,223.9466790214451,261.6693808577994,active,2024-09-08
14163,Product_4163_1,sports,515.817414455568,452.4470543573174,pending,2024-09-16
14164,Product_4164_1,electronics,829.9548922012062,108.40194577125078,pending,2024-12-19
14165,Product_4165_1,electronics,608.8293778646669,499.6239397058938,active,2024-11-26
14166,Product_4166_1,books,719.4236533695762,122.13233911392165,inactive,2024-12-06
14167,Product_4167_1,home,30.22714377461624,326.20070163957854,inactive,2024-03-06
14168,Product_4168_1,electronics,172.28384212875486,485.2968033389195,inactive,2024-02-25
14169,Product_4169_1,home,528.9152739635714,307.0059555275273,archived,2024-03-21
14170,Product_4170_1,electronics,226.62311765345373,123.00097410273469,inactive,2024-10-19
14171,Product_4171_1,books,883.7680872973586,250.02127224912516,active,2024-10-26
14172,Product_4172_1,sports,408.8808886512525,291.0493975035495,active,2024-09-28
14173,Product_4173_1,clothing,638.1405573980254,412.37050868079086,archived,2024-01-11
14174,Product_4174_1,home,465.28567789375717,128.70610490152092,pending,2024-02-05
14175,Product_4175_1,clothing,98.77751406548384,337.1376586008199,archived,2024-05-11
14176,Product_4176_1,clothing,38.39983652829806,416.0689013126908,inactive,2024-09-24
14177,Product_4177_1,books,764.429245802483,348.67511110100565,active,2024-09-11
14178,Product_4178_1,sports,239.81041237684423,290.4463163354049,active,2024-04-20
14179,Product_4179_1,home,803.9168717529636,272.4923684318786,active,2024-02-28
14180,Product_4180_1,books,72.4552236306731,406.29248459132344,archived,2024-03-16
14181,Product_4181_1,sports,683.50811959805,309.1748346474601,archived,2024-01-28
14182,Product_4182_1,clothing,325.9787408493466,223.70055584681648,inactive,2024-01-09
14183,Product_4183_1,home,633.061097044554,398.6349806080873,pending,2024-07-21
14184,Product_4184_1,sports,498.9270047866383,426.33456869646415,pending,2024-11-01
14185,Product_4185_1,clothing,498.3105926383432,189.30937839917536,pending,2024-09-27
14186,Product_4186_1,books,159.67920507297188,150.2431886269422,active,2024-10-11
14187,Product_4187_1,sports,306.88377197502695,409.3317764155675,active,2024-04-12
14188,Product_4188_1,home,801.0377366857548,82.45104182412275,inactive,2024-01-15
14189,Product_4189_1,clothing,26.379561889044535,467.86108416471814,pending,2024-05-05
14190,Product_4190_1,clothing,572.2716381022002,404.1713711246975,archived,2024-10-08
14191,Product_4191_1,home,934.4516861090641,123.46080188991313,archived,2024-09-01
14192,Product_4192_1,clothing,576.8795564659666,393.4578539315456,pending,2024-12-18
14193,Product_4193_1,sports,709.5749815807557,59.845669347005504,pending,2024-08-17
14194,Product_4194_1,electronics,924.6375718584386,451.80706862086976,archived,2024-03-05
14195,Product_4195_1,electronics,699.6689388396014,73.44976694281713,pending,2024-05-28
14196,Product_4196_1,books,765.1596362958331,240.16181627217497,archived,2024-03-11
14197,Product_4197_1,books,153.34585795303516,345.6491178555948,active,2024-08-25
14198,Product_4198_1,electronics,640.7155824638064,109.42579199447195,pending,2024-01-06
14199,Product_4199_1,electronics,448.8311170739495,339.8615254327817,inactive,2024-01-07
14200,Product_4200_1,home,810.7492968688483,463.39952336093484,inactive,2024-12-23
14201,Product_4201_1,clothing,234.17090801155726,415.64631433567814,active,2024-08-12
14202,Product_4202_1,books,204.77980304444776,270.60066204635217,pending,2024-10-09
14203,Product_4203_1,books,872.3774122454545,414.3139223050816,inactive,2024-06-21
14204,Product_4204_1,home,690.7513230924361,10.127257736146918,inactive,2024-07-18
14205,Product_4205_1,electronics,794.8133728600619,97.0134914876236,pending,2024-05-03
14206,Product_4206_1,clothing,608.8583027993698,291.81064509020285,pending,2024-07-28
14207,Product_4207_1,electronics,568.3400259529761,203.25462136445762,archived,2024-07-12
14208,Product_4208_1,clothing,777.8994926707755,470.1474215054912,inactive,2024-11-25
14209,Product_4209_1,clothing,65.16293010073889,112.5628625290284,pending,2024-03-08
14210,Product_4210_1,sports,476.13979863876676,354.2264378688375,inactive,2024-02-02
14211,Product_4211_1,sports,28.781093174751906,111.8283213231242,pending,2024-11-10
14212,Product_4212_1,clothing,11.50193630069579,413.26311153002877,pending,2024-01-22
14213,Product_4213_1,books,211.30853003147098,146.90212708076214,inactive,2024-12-19
14214,Product_4214_1,electronics,559.3288779185747,415.97978140983804,archived,2024-01-10
14215,Product_4215_1,sports,754.9386512149024,113.1519965500352,inactive,2024-10-04
14216,Product_4216_1,clothing,447.3626586617682,493.61030376833213,pending,2024-12-12
14217,Product_4217_1,clothing,813.0477654223786,128.0037126489913,active,2024-08-17
14218,Product_4218_1,sports,27.834970748734488,38.364028253458926,archived,2024-01-19
14219,Product_4219_1,clothing,881.9724019968105,435.9034131414276,inactive,2024-09-07
14220,Product_4220_1,clothing,636.3953243824038,88.21308683943688,active,2024-08-03
14221,Product_4221_1,clothing,318.1397305130113,320.923774231075,inactive,2024-07-22
14222,Product_4222_1,clothing,196.84273051251938,298.91943303190976,pending,2024-07-06
14223,Product_4223_1,clothing,72.42116999059469,341.39574350614373,pending,2024-08-23
14224,Product_4224_1,home,150.3325724682797,130.5750646471514,inactive,2024-05-18
14225,Product_4225_1,sports,276.61695301421673,430.735581712938,pending,2024-06-13
14226,Product_4226_1,sports,262.31499983694096,82.91842967764818,active,2024-02-18
14227,Product_4227_1,clothing,460.9947659861499,295.5167558723609,pending,2024-03-23
14228,Product_4228_1,electronics,461.516965151815,452.5841064070164,inactive,2024-05-26
14229,Product_4229_1,books,913.3581470954227,371.02112306459804,active,2024-05-16
14230,Product_4230_1,sports,464.9519400041807,143.46951859902623,pending,2024-02-11
14231,Product_4231_1,clothing,95.01231352431469,450.72428854217117,active,2024-12-27
14232,Product_4232_1,electronics,102.38719494151549,423.85592726373636,inactive,2024-10-22
14233,Product_4233_1,electronics,786.7693016374365,470.2111365140251,active,2024-02-14
14234,Product_4234_1,home,674.6773414065062,487.2706390683349,inactive,2024-07-15
14235,Product_4235_1,books,313.47222944521377,330.09847340799206,archived,2024-03-09
14236,Product_4236_1,clothing,674.5766962254984,22.866783698417766,inactive,2024-12-21
14237,Product_4237_1,electronics,168.53307231990757,213.77563270888925,inactive,2024-02-08
14238,Product_4238_1,electronics,542.9604175234042,19.4688630358509,pending,2024-07-23
14239,Product_4239_1,clothing,871.4996032409174,132.69775942690467,inactive,2024-01-04
14240,Product_4240_1,electronics,286.1842347976825,451.80675821654745,active,2024-09-02
14241,Product_4241_1,home,430.4269970907943,457.07764669405594,active,2024-10-25
14242,Product_4242_1,home,674.9922955936307,170.96304752442816,active,2024-03-09
14243,Product_4243_1,electronics,789.3211112310335,378.7982994548697,inactive,2024-08-12
14244,Product_4244_1,sports,836.7881581382437,310.8962594867699,active,2024-12-03
14245,Product_4245_1,electronics,577.4389524121775,356.4745871744635,active,2024-05-04
14246,Product_4246_1,clothing,557.2940840551303,242.66287147351926,archived,2024-05-10
14247,Product_4247_1,sports,454.30329524613154,70.68924021664472,archived,2024-01-07
14248,Product_4248_1,home,930.5658535962665,297.8650700919472,pending,2024-10-10
14249,Product_4249_1,sports,430.23033309700054,327.5201201259454,pending,2024-01-13
14250,Product_4250_1,home,828.8780597027235,285.9549850930514,archived,2024-09-09
14251,Product_4251_1,electronics,41.26981999613502,496.9234626558951,archived,2024-06-05
14252,Product_4252_1,electronics,17.62360489019558,192.21912832051606,archived,2024-02-25
14253,Product_4253_1,clothing,150.89446124665184,113.81369496292787,active,2024-02-12
14254,Product_4254_1,electronics,758.9190184091311,322.99577343314,pending,2024-05-21
14255,Product_4255_1,sports,814.4538256707233,282.0292062452861,inactive,2024-08-10
14256,Product_4256_1,electronics,763.0478910713949,33.14002711866396,archived,2024-11-03
14257,Product_4257_1,books,759.5149787402981,293.02517681194524,active,2024-05-02
14258,Product_4258_1,clothing,873.6995440805136,336.01361757034607,inactive,2024-07-10
14259,Product_4259_1,books,942.5754052503273,471.6574096406927,active,2024-04-21
14260,Product_4260_1,clothing,516.7349589590702,54.83794880154183,archived,2024-06-07
14261,Product_4261_1,books,454.3690594948075,100.20192386335648,active,2024-10-24
14262,Product_4262_1,books,91.52707646405077,211.7200174468726,pending,2024-08-11
14263,Product_4263_1,clothing,353.6562813145873,358.2239173457733,inactive,2024-01-03
14264,Product_4264_1,electronics,290.95438564528746,56.757327276140174,pending,2024-02-11
14265,Product_4265_1,home,968.6942066113072,361.19887776748766,active,2024-05-16
14266,Product_4266_1,electronics,317.6339286782924,55.80657058667649,active,2024-12-22
14267,Product_4267_1,electronics,182.14853691782898,122.95549316105927,active,2024-10-19
14268,Product_4268_1,sports,25.97854463194694,462.40419924739666,active,2024-12-11
14269,Product_4269_1,home,478.47230903326516,221.99703076124655,pending,2024-01-10
14270,Product_4270_1,sports,599.0512933516959,113.77290471824108,pending,2024-03-17
14271,Product_4271_1,books,862.3285481514864,162.86284660993655,pending,2024-08-07
14272,Product_4272_1,electronics,699.6936292673536,225.5262749099266,archived,2024-12-24
14273,Product_4273_1,sports,351.34887829554447,380.33824625294704,inactive,2024-04-23
14274,Product_4274_1,books,399.0924051443097,284.0594404228849,inactive,2024-03-18
14275,Product_4275_1,sports,887.5495608098565,132.09449635573043,archived,2024-09-25
14276,Product_4276_1,books,291.03604103834226,171.46603761292937,inactive,2024-07-12
14277,Product_4277_1,clothing,728.6976833228204,156.84386246676036,archived,2024-10-21
14278,Product_4278_1,clothing,946.0495145904127,136.5400041114322,inactive,2024-12-22
14279,Product_4279_1,electronics,262.4985464289009,256.9537535940872,pending,2024-03-01
14280,Product_4280_1,books,750.4517318316915,272.7280281396675,archived,2024-11-19
14281,Product_4281_1,home,28.662840229780745,239.3372835479445,inactive,2024-02-19
14282,Product_4282_1,electronics,548.5384676301225,77.64002731499586,archived,2024-07-22
14283,Product_4283_1,clothing,315.0634923759906,228.34360752561204,pending,2024-11-05
14284,Product_4284_1,clothing,911.6407900551734,344.26398169363847,archived,2024-05-22
14285,Product_4285_1,clothing,269.4060054882783,444.81778890823756,active,2024-08-21
14286,Product_4286_1,home,737.5159015249492,216.354462077068,archived,2024-06-10
14287,Product_4287_1,electronics,203.7164036562076,345.74099914818737,pending,2024-03-23
14288,Product_4288_1,home,537.3139702723793,427.32490277665374,archived,2024-11-03
14289,Product_4289_1,clothing,283.24270367321196,297.8458603754857,active,2024-12-28
14290,Product_4290_1,electronics,191.72441510182713,85.03458326035648,archived,2024-01-09
14291,Product_4291_1,clothing,939.7594116851792,252.74535481577465,archived,2024-02-16
14292,Product_4292_1,clothing,506.64126484256104,325.76971154074636,active,2024-07-03
14293,Product_4293_1,home,810.5520366560376,83.27786124857089,inactive,2024-08-23
14294,Product_4294_1,electronics,556.7892847827447,40.40245646082244,archived,2024-08-05
14295,Product_4295_1,sports,976.9295771621436,110.4032497951427,pending,2024-11-10
14296,Product_4296_1,electronics,119.86616732109555,365.62543761600404,inactive,2024-03-27
14297,Product_4297_1,clothing,491.45570984543764,283.77138035283684,active,2024-03-03
14298,Product_4298_1,sports,946.829118348275,24.3294410624097,active,2024-01-17
14299,Product_4299_1,home,196.35017593004167,13.59890586947003,archived,2024-05-02
14300,Product_4300_1,clothing,862.8054739719594,96.55624599609415,active,2024-11-06
14301,Product_4301_1,electronics,561.1221954437864,172.19905202078,active,2024-05-01
14302,Product_4302_1,books,502.03899742121547,97.50930968876904,active,2024-03-18
14303,Product_4303_1,home,808.1056770802886,296.7061217477812,pending,2024-06-26
14304,Product_4304_1,sports,489.32673791595533,234.86757977809052,active,2024-11-01
14305,Product_4305_1,sports,148.5164152092237,267.9223818619304,pending,2024-08-01
14306,Product_4306_1,clothing,468.7348017302759,34.85228898463913,active,2024-08-28
14307,Product_4307_1,sports,486.3841941148207,404.8581423491053,archived,2024-02-15
14308,Product_4308_1,sports,600.9627111403408,331.1392599986562,archived,2024-10-04
14309,Product_4309_1,electronics,263.4919870942348,115.0394055462808,active,2024-03-07
14310,Product_4310_1,electronics,373.85071701242225,130.11991960018128,active,2024-05-22
14311,Product_4311_1,books,251.65895071607034,386.25139503984445,pending,2024-01-03
14312,Product_4312_1,sports,305.4168759352518,196.38609561036287,inactive,2024-11-28
14313,Product_4313_1,sports,119.95513038853954,439.5873561515208,active,2024-05-02
14314,Product_4314_1,sports,395.1240254337666,250.64686958650188,inactive,2024-10-17
14315,Product_4315_1,home,216.17491401819518,177.87561652752564,pending,2024-11-09
14316,Product_4316_1,electronics,795.7777596786652,319.2343369050864,pending,2024-03-02
14317,Product_4317_1,clothing,759.7290258444584,462.80427195426574,pending,2024-09-18
14318,Product_4318_1,sports,819.8502440600021,329.7033143179524,archived,2024-09-04
14319,Product_4319_1,books,520.625573918358,331.45068733072503,active,2024-01-27
14320,Product_4320_1,books,599.4788993838526,94.56361431072018,archived,2024-01-26
14321,Product_4321_1,electronics,688.1006246965788,220.6207358783652,archived,2024-12-03
14322,Product_4322_1,clothing,569.7699690865054,353.4849829116055,inactive,2024-06-15
14323,Product_4323_1,clothing,297.476730429634,223.62121438138303,pending,2024-06-10
14324,Product_4324_1,books,532.4594937398724,371.24477115700256,archived,2024-06-12
14325,Product_4325_1,books,955.766198625058,343.51372420098284,active,2024-03-22
14326,Product_4326_1,electronics,947.6633463340055,484.2065556445383,active,2024-11-03
14327,Product_4327_1,books,189.14125309353304,234.59817816655436,pending,2024-05-24
14328,Product_4328_1,sports,995.9764727592994,377.81521536707777,pending,2024-01-09
14329,Product_4329_1,clothing,688.7486312458785,170.1234069641751,pending,2024-07-08
14330,Product_4330_1,sports,772.2914968799253,339.23319892787543,archived,2024-06-03
14331,Product_4331_1,electronics,714.5650289612948,281.0366015658562,pending,2024-12-16
14332,Product_4332_1,home,322.3564110062176,221.20277944364065,inactive,2024-08-04
14333,Product_4333_1,home,303.27042372824076,40.41837531095298,inactive,2024-07-24
14334,Product_4334_1,clothing,736.9827562199232,488.70279672762666,pending,2024-03-27
14335,Product_4335_1,home,478.0021802582733,455.18189489966943,inactive,2024-06-02
14336,Product_4336_1,electronics,523.8171636688379,392.5725879840639,inactive,2024-08-18
14337,Product_4337_1,sports,270.3272250399053,487.58443715798984,archived,2024-10-22
14338,Product_4338_1,sports,473.2007920399669,95.75894115252254,active,2024-11-05
14339,Product_4339_1,clothing,908.4962381091844,347.42216814846165,archived,2024-03-16
14340,Product_4340_1,sports,814.5759728381158,211.1046330235865,pending,2024-12-06
14341,Product_4341_1,sports,458.8316811019649,241.09635579022438,archived,2024-06-23
14342,Product_4342_1,sports,92.82772017709596,98.23054432243087,archived,2024-01-15
14343,Product_4343_1,sports,958.5053579511658,310.5713154215341,archived,2024-04-22
14344,Product_4344_1,home,915.4531697016782,342.4156324037078,archived,2024-06-27
14345,Product_4345_1,sports,678.295086348299,138.93672252378948,pending,2024-02-16
14346,Product_4346_1,sports,697.395246768725,319.5337814577564,inactive,2024-01-23
14347,Product_4347_1,electronics,748.2998047657629,456.32496298282416,archived,2024-04-05
14348,Product_4348_1,electronics,474.57611137386806,425.7264147039563,active,2024-09-03
14349,Product_4349_1,electronics,264.7292927013967,398.74167233560223,archived,2024-03-11
14350,Product_4350_1,home,352.313903701171,255.89955603105528,inactive,2024-06-11
14351,Product_4351_1,home,483.72044286793505,437.2775014251589,pending,2024-08-26
14352,Product_4352_1,books,414.476706470265,27.548316910567294,inactive,2024-01-02
14353,Product_4353_1,clothing,244.75502314213472,136.15694035355216,pending,2024-11-09
14354,Product_4354_1,clothing,383.90249895794693,115.14007263905098,active,2024-11-28
14355,Product_4355_1,clothing,484.7446569827699,433.6580760012561,active,2024-02-28
14356,Product_4356_1,home,872.9748609206317,214.880165505577,active,2024-04-07
14357,Product_4357_1,sports,866.268051908098,91.83713396807313,active,2024-01-13
14358,Product_4358_1,electronics,338.11897259967185,382.9436045431994,pending,2024-05-01
14359,Product_4359_1,electronics,981.3611996413829,221.60066288749277,pending,2024-02-12
14360,Product_4360_1,electronics,386.23963011139597,262.9423518749363,active,2024-01-25
14361,Product_4361_1,electronics,582.4182722954752,59.8601376213846,pending,2024-11-19
14362,Product_4362_1,clothing,961.3741995911735,125.43054750693065,archived,2024-08-01
14363,Product_4363_1,books,756.2376472140279,393.2213571032731,active,2024-12-17
14364,Product_4364_1,sports,926.121702159307,401.0815597967669,pending,2024-11-02
14365,Product_4365_1,sports,237.29075413071806,164.92373668020423,inactive,2024-02-26
14366,Product_4366_1,electronics,4.269551965534211,358.1990905491524,archived,2024-07-02
14367,Product_4367_1,home,747.7352045398761,456.983358560965,archived,2024-12-07
14368,Product_4368_1,clothing,359.12131614904825,74.4154276808538,pending,2024-06-23
14369,Product_4369_1,home,960.3889827815732,286.8589623745595,archived,2024-08-28
14370,Product_4370_1,home,618.8008888944945,155.81620644703827,inactive,2024-06-18
14371,Product_4371_1,clothing,910.1079357333589,306.8230921341038,inactive,2024-09-25
14372,Product_4372_1,books,80.75358948894782,90.85353048641711,archived,2024-09-19
14373,Product_4373_1,electronics,533.0032746966615,136.24358871440973,active,2024-03-02
14374,Product_4374_1,clothing,795.5407403298644,144.05375630414497,archived,2024-10-28
14375,Product_4375_1,books,629.0664537363231,64.90351682011486,pending,2024-02-21
14376,Product_4376_1,books,457.3828148865997,362.2271960929226,pending,2024-01-18
14377,Product_4377_1,clothing,204.1199983485505,87.2954418906727,archived,2024-03-23
14378,Product_4378_1,home,155.22928336838174,478.06194102387934,archived,2024-07-14
14379,Product_4379_1,clothing,983.2025307107962,116.35119589475708,inactive,2024-08-19
14380,Product_4380_1,clothing,128.6593542728486,17.220254673946375,inactive,2024-05-06
14381,Product_4381_1,sports,967.1643207589294,218.26497260774087,pending,2024-10-04
14382,Product_4382_1,electronics,70.20780062460365,148.89105152121775,active,2024-08-03
14383,Product_4383_1,books,660.8300221885296,91.65744312731661,archived,2024-10-21
14384,Product_4384_1,clothing,794.1304864844942,49.61880017590744,pending,2024-09-27
14385,Product_4385_1,electronics,520.8882100270973,405.50939095822366,archived,2024-04-10
14386,Product_4386_1,home,975.0590657556942,362.95880425488775,pending,2024-11-16
14387,Product_4387_1,home,403.34106211757586,162.56688087930422,active,2024-02-01
14388,Product_4388_1,books,757.1993091255433,214.71915025876473,archived,2024-11-15
14389,Product_4389_1,electronics,619.7140969999648,94.10135756430941,archived,2024-06-26
14390,Product_4390_1,books,527.7903833526701,304.26989303254106,active,2024-11-07
14391,Product_4391_1,clothing,826.9496832966953,335.91412491588466,inactive,2024-12-14
14392,Product_4392_1,home,660.621743690235,375.00949215472633,active,2024-11-28
14393,Product_4393_1,books,973.7480566076393,449.99795042820637,inactive,2024-06-19
14394,Product_4394_1,home,462.9614171369048,75.77858256638842,archived,2024-03-03
14395,Product_4395_1,home,864.9106873271835,470.04846457232793,active,2024-03-02
14396,Product_4396_1,electronics,448.76199254486374,300.750331226756,active,2024-02-17
14397,Product_4397_1,books,914.211971372686,308.94727996703205,active,2024-05-22
14398,Product_4398_1,books,11.360465427260229,85.8192254387099,inactive,2024-04-04
14399,Product_4399_1,books,175.9202013766874,129.72103858684613,active,2024-07-13
14400,Product_4400_1,books,525.8568226890578,372.7392067445267,pending,2024-07-03
14401,Product_4401_1,electronics,66.18661650309122,145.80900627107437,active,2024-02-05
14402,Product_4402_1,books,663.7766873323918,480.75689564038515,inactive,2024-08-23
14403,Product_4403_1,home,620.1877105766447,346.6331053723188,active,2024-11-05
14404,Product_4404_1,books,473.6255025211537,395.6126714545006,inactive,2024-04-05
14405,Product_4405_1,clothing,418.290538938847,212.25040867294942,archived,2024-01-09
14406,Product_4406_1,sports,830.4011461790819,264.92228500966945,active,2024-11-07
14407,Product_4407_1,books,391.4109305611807,143.24898768725117,inactive,2024-05-21
14408,Product_4408_1,sports,238.6685944994819,448.8229159029182,inactive,2024-06-14
14409,Product_4409_1,sports,660.6881302623982,95.74090777726504,archived,2024-02-21
14410,Product_4410_1,sports,3.6300392829498924,132.81001904782238,inactive,2024-08-24
14411,Product_4411_1,electronics,16.943431695454997,495.83860968307727,active,2024-04-06
14412,Product_4412_1,sports,779.5122388661815,439.3627655624107,inactive,2024-02-11
14413,Product_4413_1,home,12.047648953557196,453.8493805921438,active,2024-04-11
14414,Product_4414_1,home,47.37420743196054,355.01598572121935,inactive,2024-09-07
14415,Product_4415_1,books,565.4844865809729,174.0393971380489,inactive,2024-11-11
14416,Product_4416_1,clothing,736.7519438529572,370.8138747679774,archived,2024-08-07
14417,Product_4417_1,electronics,607.5630340102413,402.9792332152891,active,2024-05-27
14418,Product_4418_1,books,749.4737475448279,205.11241492564366,active,2024-11-20
14419,Product_4419_1,clothing,461.9328741096531,54.76628103434908,pending,2024-11-22
14420,Product_4420_1,clothing,463.3741524531774,110.55666898086413,inactive,2024-07-01
14421,Product_4421_1,sports,366.82819158681986,149.37198592146638,inactive,2024-05-11
14422,Product_4422_1,electronics,616.624419027391,287.4646102636994,active,2024-05-14
14423,Product_4423_1,sports,271.5523765589913,221.64206321029445,pending,2024-05-21
14424,Product_4424_1,electronics,210.50254347190324,425.01188411828804,pending,2024-03-08
14425,Product_4425_1,electronics,375.3448418453177,436.4970561661069,archived,2024-02-10
14426,Product_4426_1,books,504.8123148926223,77.769433912131,active,2024-05-15
14427,Product_4427_1,home,201.14802433537474,255.9338791765253,active,2024-03-07
14428,Product_4428_1,books,775.3478819685973,172.50135896252954,archived,2024-07-14
14429,Product_4429_1,electronics,227.88801213415218,88.633080374456,inactive,2024-01-18
14430,Product_4430_1,books,611.2175274654904,31.702400501371947,inactive,2024-12-06
14431,Product_4431_1,home,711.6733726729119,153.32351218335367,pending,2024-07-16
14432,Product_4432_1,clothing,244.2704243441574,57.965743408063794,archived,2024-01-07
14433,Product_4433_1,books,390.405523504045,297.4526764403601,inactive,2024-06-03
14434,Product_4434_1,books,780.9439465131893,239.3354997043862,pending,2024-12-19
14435,Product_4435_1,books,610.6408952540455,233.33216740687834,inactive,2024-04-14
14436,Product_4436_1,sports,324.5960467778131,262.73959336151574,archived,2024-11-17
14437,Product_4437_1,books,8.22443193881736,56.173685154416674,archived,2024-04-09
14438,Product_4438_1,books,52.81994040429376,86.90530857235804,inactive,2024-08-26
14439,Product_4439_1,sports,290.02762810641053,10.766146269088061,pending,2024-07-13
14440,Product_4440_1,electronics,117.71029451049203,168.88272189067652,active,2024-02-16
14441,Product_4441_1,electronics,795.0755198942824,211.97747263632684,pending,2024-11-15
14442,Product_4442_1,books,961.3273257079665,122.30442861503795,archived,2024-11-14
14443,Product_4443_1,electronics,828.1692771203401,91.45851846028175,active,2024-07-13
14444,Product_4444_1,clothing,121.66904696785916,309.6128007683714,archived,2024-07-12
14445,Product_4445_1,sports,679.1651843202463,90.14991322385856,pending,2024-09-16
14446,Product_4446_1,electronics,243.2010901617134,34.884348186865935,pending,2024-12-21
14447,Product_4447_1,home,74.03414307386112,278.456850541473,pending,2024-04-28
14448,Product_4448_1,clothing,5.254279589314926,124.54397090844327,inactive,2024-11-02
14449,Product_4449_1,electronics,1.054614450871754,349.6202730413659,pending,2024-07-16
14450,Product_4450_1,clothing,253.49022243068046,350.24988989442267,pending,2024-02-20
14451,Product_4451_1,electronics,917.2132983568699,355.9431051156168,archived,2024-05-12
14452,Product_4452_1,electronics,117.04043623306808,106.14769122150832,inactive,2024-01-25
14453,Product_4453_1,books,123.07459961053299,395.0882404337098,pending,2024-12-15
14454,Product_4454_1,sports,799.1052980559442,85.62163172466258,active,2024-10-13
14455,Product_4455_1,sports,986.079825231168,493.8319898373068,inactive,2024-02-20
14456,Product_4456_1,sports,790.7635512455313,154.4239192722719,archived,2024-12-06
14457,Product_4457_1,books,366.7503460307295,422.06715603003,active,2024-05-21
14458,Product_4458_1,clothing,547.2538388490397,313.05328954160854,pending,2024-09-19
14459,Product_4459_1,sports,548.4193754657338,36.08574044420284,active,2024-11-17
14460,Product_4460_1,home,755.2080385483276,163.07568175433096,archived,2024-08-22
14461,Product_4461_1,sports,462.538803995782,379.5558327621831,archived,2024-07-22
14462,Product_4462_1,sports,756.0846466713995,369.7134542451705,active,2024-09-21
14463,Product_4463_1,electronics,81.28266848265484,204.27305257502397,pending,2024-04-08
14464,Product_4464_1,clothing,549.1386066916366,366.8482825450729,pending,2024-04-03
14465,Product_4465_1,home,150.78364023032785,248.84349450621602,active,2024-08-01
14466,Product_4466_1,electronics,1.021599803709265,142.4585906627483,pending,2024-06-24
14467,Product_4467_1,home,654.6906419482457,252.5994808171984,archived,2024-02-24
14468,Product_4468_1,books,222.24235582504429,461.6358610747303,inactive,2024-03-22
14469,Product_4469_1,sports,835.0246783872025,166.89896214128117,archived,2024-05-13
14470,Product_4470_1,home,544.140656430421,467.56468110469007,active,2024-05-17
14471,Product_4471_1,electronics,273.1589941047901,97.56702970195462,inactive,2024-04-21
14472,Product_4472_1,home,977.1194471407752,24.39745020848946,inactive,2024-09-05
14473,Product_4473_1,books,250.46793111637254,215.856509444553,active,2024-04-04
14474,Product_4474_1,sports,481.51436262673246,263.295341797231,active,2024-10-23
14475,Product_4475_1,clothing,155.40025853252342,33.17794977615881,archived,2024-03-24
14476,Product_4476_1,sports,514.2021385413617,150.6015449504517,inactive,2024-07-16
14477,Product_4477_1,sports,851.3121154097835,313.8914255879994,active,2024-08-09
14478,Product_4478_1,books,912.6844858951532,163.57017817442804,active,2024-11-11
14479,Product_4479_1,electronics,707.5656350036485,47.08770683569872,pending,2024-05-24
14480,Product_4480_1,clothing,857.4199409707298,395.34530508783706,active,2024-02-16
14481,Product_4481_1,sports,129.892283917499,96.23481391424528,archived,2024-07-04
14482,Product_4482_1,clothing,142.81441265845328,125.99387151503556,inactive,2024-12-26
14483,Product_4483_1,sports,211.32330749958487,138.93665148722093,active,2024-05-02
14484,Product_4484_1,home,816.3512016963526,495.6853143902547,archived,2024-07-05
14485,Product_4485_1,books,545.1237636799924,220.72128021773904,inactive,2024-10-27
14486,Product_4486_1,books,122.69701448797431,88.52746843909914,archived,2024-10-14
14487,Product_4487_1,sports,905.3974619774829,470.08664624176953,active,2024-05-09
14488,Product_4488_1,sports,39.287412199772724,245.9953620477496,pending,2024-09-17
14489,Product_4489_1,books,233.2116386471027,182.20251806662597,archived,2024-11-16
14490,Product_4490_1,books,10.007448021343993,197.17725494190856,active,2024-07-03
14491,Product_4491_1,clothing,22.512578536793274,375.6758863195073,pending,2024-10-15
14492,Product_4492_1,sports,949.474426437738,298.8661627627948,inactive,2024-10-24
14493,Product_4493_1,books,940.0086646241816,367.96619065901734,inactive,2024-09-28
14494,Product_4494_1,home,830.016208178516,212.13401929401223,archived,2024-10-24
14495,Product_4495_1,home,398.1486073325162,351.4308477748371,archived,2024-11-25
14496,Product_4496_1,sports,285.29688593324516,345.70909927166565,active,2024-09-19
14497,Product_4497_1,clothing,861.4449533753024,17.176582556095155,inactive,2024-10-25
14498,Product_4498_1,home,50.71285099695444,59.24624971566898,archived,2024-04-01
14499,Product_4499_1,sports,269.9914253173273,471.22299186406445,inactive,2024-05-25
14500,Product_4500_1,clothing,535.297873590452,218.15106796078703,active,2024-04-05
14501,Product_4501_1,clothing,613.9923265098886,214.44418250468274,active,2024-10-07
14502,Product_4502_1,home,52.25152104916416,106.971979064107,active,2024-06-07
14503,Product_4503_1,books,395.83623925672157,304.60787765782743,archived,2024-09-26
14504,Product_4504_1,home,122.75625621329586,266.00498300875046,active,2024-11-03
14505,Product_4505_1,electronics,779.4793582908261,416.13131251684194,active,2024-07-22
14506,Product_4506_1,sports,861.0328601504542,43.358750871392395,archived,2024-04-21
14507,Product_4507_1,home,79.50623730049924,208.33216757120707,archived,2024-03-20
14508,Product_4508_1,home,95.39199179929993,190.37350028441776,pending,2024-02-19
14509,Product_4509_1,sports,265.2354502571533,487.85387662971794,inactive,2024-08-13
14510,Product_4510_1,home,413.8088666897705,291.02437555108094,inactive,2024-01-04
14511,Product_4511_1,sports,221.2636174815092,220.14339608279113,pending,2024-11-08
14512,Product_4512_1,books,343.59487176472146,199.05361072772175,archived,2024-03-04
14513,Product_4513_1,electronics,60.28259701904588,210.83757793031415,archived,2024-12-25
14514,Product_4514_1,sports,478.13860293512136,385.71834554197466,pending,2024-03-20
14515,Product_4515_1,electronics,432.8838240227111,118.51792060203721,inactive,2024-11-16
14516,Product_4516_1,clothing,386.89880898970654,42.385068601940986,active,2024-07-15
14517,Product_4517_1,books,386.5553416883405,286.4272771251582,inactive,2024-09-01
14518,Product_4518_1,home,560.2676503080058,293.9513495838312,active,2024-04-17
14519,Product_4519_1,books,28.70066944996275,301.56214884417085,inactive,2024-03-22
14520,Product_4520_1,home,606.3239295655363,104.15195019542517,pending,2024-01-28
14521,Product_4521_1,clothing,131.9308558341053,403.36405441581684,active,2024-01-22
14522,Product_4522_1,sports,28.861315853746405,144.15798717752398,active,2024-10-27
14523,Product_4523_1,books,207.76736529194804,78.81811121806152,archived,2024-03-27
14524,Product_4524_1,clothing,98.9640070944288,273.7220294732815,active,2024-02-27
14525,Product_4525_1,sports,827.3245917376568,430.34337224905573,archived,2024-10-07
14526,Product_4526_1,electronics,674.8968755201116,386.00935363204877,archived,2024-06-13
14527,Product_4527_1,books,959.3603753365762,13.345728027464316,pending,2024-02-01
14528,Product_4528_1,electronics,664.5811818860744,428.1051984430224,archived,2024-01-13
14529,Product_4529_1,home,822.9205602009158,13.544955157394154,active,2024-04-23
14530,Product_4530_1,clothing,304.0359379760455,151.97171266516173,inactive,2024-12-03
14531,Product_4531_1,books,875.1075066904501,66.1410964599622,active,2024-10-17
14532,Product_4532_1,sports,762.2370805875522,302.9012106747924,pending,2024-11-09
14533,Product_4533_1,sports,829.8135899924148,373.0973690167222,archived,2024-01-04
14534,Product_4534_1,electronics,939.5723571806178,37.65297075260547,active,2024-08-15
14535,Product_4535_1,sports,235.25241364289047,469.9881302098171,active,2024-04-12
14536,Product_4536_1,books,817.6117563988147,31.445698543274,active,2024-01-18
14537,Product_4537_1,books,749.6424078552188,252.02143178975666,active,2024-05-03
14538,Product_4538_1,clothing,402.3921812432653,433.7149614250871,active,2024-11-24
14539,Product_4539_1,books,346.1787896189504,337.60937943359056,archived,2024-06-21
14540,Product_4540_1,electronics,615.1165291244326,144.98776270158146,inactive,2024-08-16
14541,Product_4541_1,sports,284.05190354462763,165.7527741220226,active,2024-03-09
14542,Product_4542_1,home,216.15500106290878,108.81287875670411,active,2024-06-23
14543,Product_4543_1,sports,961.3812753564711,303.9990493734523,archived,2024-02-18
14544,Product_4544_1,sports,156.58669202309133,125.45071130319873,active,2024-05-04
14545,Product_4545_1,books,135.42411363083366,474.0464980086572,active,2024-12-03
14546,Product_4546_1,clothing,537.2278064218082,414.7760511538159,inactive,2024-01-02
14547,Product_4547_1,books,924.6503125502762,46.12234068213231,inactive,2024-03-01
14548,Product_4548_1,books,507.46636493059384,62.44527322206727,archived,2024-09-02
14549,Product_4549_1,electronics,210.0661719242205,57.061613715719965,pending,2024-08-10
14550,Product_4550_1,books,147.14914754618957,306.27579183316493,pending,2024-07-14
14551,Product_4551_1,home,623.3812898482606,163.57729878108282,inactive,2024-02-07
14552,Product_4552_1,books,697.466944635988,438.4201222470106,inactive,2024-08-19
14553,Product_4553_1,books,17.022392208597697,250.3066355362347,pending,2024-07-27
14554,Product_4554_1,home,826.977773608317,213.12266713270563,archived,2024-03-20
14555,Product_4555_1,books,329.593751108492,28.243670376122378,active,2024-02-11
14556,Product_4556_1,books,190.30975381289363,470.2805514885945,inactive,2024-11-05
14557,Product_4557_1,home,43.384038410094405,213.72914069266713,archived,2024-01-20
14558,Product_4558_1,home,85.88938136030318,349.35408880449165,active,2024-10-08
14559,Product_4559_1,electronics,717.9452694921747,213.46018089798633,archived,2024-09-02
14560,Product_4560_1,sports,825.4239430045487,340.70651150682465,archived,2024-08-15
14561,Product_4561_1,electronics,781.025414848265,492.1326567444033,active,2024-05-07
14562,Product_4562_1,home,251.4142477372929,453.07482956226573,pending,2024-12-26
14563,Product_4563_1,electronics,390.4307603158766,112.6986944866538,active,2024-07-22
14564,Product_4564_1,home,263.1208736275893,340.63542687336763,active,2024-01-14
14565,Product_4565_1,clothing,165.8007152525366,147.77567313904802,archived,2024-11-14
14566,Product_4566_1,home,472.70870639341007,368.85729275123794,pending,2024-04-26
14567,Product_4567_1,sports,795.3070499882954,289.14823284309966,pending,2024-05-16
14568,Product_4568_1,books,163.13795820314408,23.867000244303032,archived,2024-11-03
14569,Product_4569_1,electronics,75.73609467751423,411.97792089150306,archived,2024-07-02
14570,Product_4570_1,sports,28.657226313013204,81.71771992784666,active,2024-02-02
14571,Product_4571_1,books,87.9144239248554,375.92068496523774,archived,2024-04-10
14572,Product_4572_1,electronics,629.7424984353527,52.64420624934907,archived,2024-02-04
14573,Product_4573_1,electronics,694.6717713278572,141.3873186814843,archived,2024-09-11
14574,Product_4574_1,home,743.4830023245175,249.78125225516362,archived,2024-12-05
14575,Product_4575_1,books,734.8265122258236,264.52173767763736,archived,2024-02-13
14576,Product_4576_1,home,957.3226076653639,292.4638427309311,active,2024-11-02
14577,Product_4577_1,books,470.01200876104207,472.37342433230225,active,2024-04-17
14578,Product_4578_1,electronics,82.66176506947961,415.9540082016274,pending,2024-01-10
14579,Product_4579_1,clothing,349.49493837758456,173.59138654895,archived,2024-12-18
14580,Product_4580_1,electronics,666.5828310414151,281.19978366632876,active,2024-02-25
14581,Product_4581_1,electronics,295.07283717635653,318.1282371482065,active,2024-07-25
14582,Product_4582_1,clothing,861.4562970503446,199.19955206077594,inactive,2024-06-12
14583,Product_4583_1,sports,918.1503767007887,199.84668381026412,inactive,2024-07-09
14584,Product_4584_1,clothing,496.7881456154424,464.63570698932847,archived,2024-10-19
14585,Product_4585_1,sports,683.7654146100741,461.840326896735,pending,2024-06-13
14586,Product_4586_1,sports,365.209218690731,130.3653352711613,pending,2024-09-06
14587,Product_4587_1,clothing,740.1173446788802,104.95885542331075,inactive,2024-01-19
14588,Product_4588_1,sports,379.93762654655916,327.5788408579009,pending,2024-10-16
14589,Product_4589_1,books,937.6600684536841,338.47934159739856,inactive,2024-10-21
14590,Product_4590_1,sports,598.7969460510382,320.81357242403305,active,2024-10-13
14591,Product_4591_1,books,884.5010317042787,347.30150755922784,active,2024-10-28
14592,Product_4592_1,electronics,588.1167523612279,309.0783117679167,active,2024-05-04
14593,Product_4593_1,electronics,523.7234487240133,250.54290192981335,pending,2024-11-05
14594,Product_4594_1,home,737.8361076605435,119.00354092552409,inactive,2024-08-18
14595,Product_4595_1,sports,851.2022998529202,386.40444554486675,active,2024-05-01
14596,Product_4596_1,home,900.0133623154376,235.64518471802887,active,2024-05-20
14597,Product_4597_1,sports,800.0240491102855,85.784890443067,archived,2024-04-13
14598,Product_4598_1,sports,119.44055384245958,248.50025699291174,active,2024-03-08
14599,Product_4599_1,home,742.437621018306,453.8871174537379,inactive,2024-02-21
14600,Product_4600_1,electronics,909.1790167393079,115.67542656434055,inactive,2024-09-04
14601,Product_4601_1,sports,456.9445470899892,250.9939494049664,archived,2024-06-14
14602,Product_4602_1,books,444.9972980700608,141.85633583245536,archived,2024-03-18
14603,Product_4603_1,electronics,269.6523770932555,18.385375779494197,pending,2024-02-08
14604,Product_4604_1,books,169.0841817003587,165.13579517458868,pending,2024-04-01
14605,Product_4605_1,sports,11.865728808492321,360.936289063486,inactive,2024-03-05
14606,Product_4606_1,sports,107.4774823456061,218.9043032742127,pending,2024-04-26
14607,Product_4607_1,home,71.07704325002267,383.8338935970643,pending,2024-01-17
14608,Product_4608_1,electronics,123.3952916504686,487.3953992239104,pending,2024-09-11
14609,Product_4609_1,electronics,799.2736123957721,364.12806890915255,active,2024-10-09
14610,Product_4610_1,sports,623.407395172278,24.054810183094034,active,2024-06-17
14611,Product_4611_1,electronics,902.618969466887,252.11604206674943,active,2024-09-18
14612,Product_4612_1,clothing,571.9005277133665,327.8575752915455,pending,2024-10-13
14613,Product_4613_1,sports,715.6223070022185,166.03010946653242,archived,2024-07-28
14614,Product_4614_1,home,426.0418472559801,348.5211013355844,active,2024-12-01
14615,Product_4615_1,electronics,762.0221195088061,275.1526913774258,archived,2024-07-16
14616,Product_4616_1,clothing,78.97402938280364,218.35646175087854,archived,2024-01-22
14617,Product_4617_1,books,615.79402670092,409.2271539755198,archived,2024-05-03
14618,Product_4618_1,clothing,777.0284818034046,387.06481266682897,pending,2024-11-10
14619,Product_4619_1,clothing,888.4451682046805,319.7702881589398,active,2024-04-25
14620,Product_4620_1,clothing,483.5964343406337,133.1976955199521,archived,2024-07-05
14621,Product_4621_1,sports,671.6384205661982,308.3129948203286,archived,2024-03-20
14622,Product_4622_1,electronics,584.6528385799018,384.2188492469753,inactive,2024-08-09
14623,Product_4623_1,books,760.2293696078004,86.9539439743632,pending,2024-04-13
14624,Product_4624_1,clothing,803.2815696383503,26.169196576741328,active,2024-12-19
14625,Product_4625_1,home,693.7619763859091,150.78210956864453,pending,2024-01-08
14626,Product_4626_1,electronics,826.0969414332114,122.23859347912452,inactive,2024-02-14
14627,Product_4627_1,home,299.1552751129277,28.41516528429291,archived,2024-07-08
14628,Product_4628_1,clothing,881.8432189118071,158.85170652594107,pending,2024-12-14
14629,Product_4629_1,books,241.66963903486635,463.5441650586345,active,2024-10-05
14630,Product_4630_1,clothing,273.9991558243454,119.97627263863448,archived,2024-07-18
14631,Product_4631_1,clothing,635.198297220715,28.57760439254734,pending,2024-11-17
14632,Product_4632_1,clothing,923.8894296702124,490.8198058785053,pending,2024-10-04
14633,Product_4633_1,books,370.4156982543515,145.28379491708992,pending,2024-01-02
14634,Product_4634_1,clothing,263.4277084577447,264.8745163278618,inactive,2024-07-12
14635,Product_4635_1,sports,127.57162882987241,499.4102846812326,archived,2024-11-06
14636,Product_4636_1,books,524.1637663353712,298.3345233742817,pending,2024-07-21
14637,Product_4637_1,clothing,473.65011123975665,460.94443721023276,archived,2024-09-09
14638,Product_4638_1,books,336.4940032455046,409.09494456390695,archived,2024-12-22
14639,Product_4639_1,books,601.4818230173585,36.34979414531816,pending,2024-03-02
14640,Product_4640_1,clothing,192.2236892119671,271.4565451582816,archived,2024-01-01
14641,Product_4641_1,books,6.73465639007647,12.319747276780252,inactive,2024-09-05
14642,Product_4642_1,home,923.1768862964825,358.20799196587,active,2024-04-01
14643,Product_4643_1,sports,34.367628885597235,259.12794603728923,inactive,2024-12-27
14644,Product_4644_1,home,591.8808923920654,54.12575456576733,active,2024-04-27
14645,Product_4645_1,clothing,990.6308554650517,342.940154919462,archived,2024-11-28
14646,Product_4646_1,clothing,177.71489702750597,198.19283607750563,archived,2024-09-24
14647,Product_4647_1,books,211.99397629086192,329.26375242886473,archived,2024-08-15
14648,Product_4648_1,clothing,298.6498049727524,72.70751954497925,archived,2024-09-10
14649,Product_4649_1,clothing,150.06405635675853,76.86580313142635,pending,2024-06-23
14650,Product_4650_1,home,276.34202092292566,307.8581050925882,archived,2024-05-21
14651,Product_4651_1,home,743.0074752230576,307.96497920502276,inactive,2024-06-15
14652,Product_4652_1,electronics,532.4524657947985,48.81077684724481,pending,2024-01-20
14653,Product_4653_1,home,146.29040863901272,393.30343250659547,inactive,2024-09-08
14654,Product_4654_1,sports,452.2839142770641,19.946032346893055,pending,2024-08-07
14655,Product_4655_1,books,454.2838114413967,361.89133649877,inactive,2024-03-27
14656,Product_4656_1,home,357.67386909266304,118.48841615372787,active,2024-11-28
14657,Product_4657_1,home,331.3051446348565,299.35299455891686,pending,2024-03-24
14658,Product_4658_1,sports,617.3637010865922,360.41708595723287,pending,2024-08-07
14659,Product_4659_1,books,653.6048897291387,10.91179821493612,pending,2024-08-27
14660,Product_4660_1,electronics,743.017506424223,364.3147596942385,pending,2024-08-15
14661,Product_4661_1,clothing,493.12425976814325,289.0243372917503,pending,2024-01-21
14662,Product_4662_1,books,916.2138402271929,435.0755349148371,inactive,2024-04-14
14663,Product_4663_1,electronics,578.1729136916474,474.5768481566873,inactive,2024-06-03
14664,Product_4664_1,electronics,450.3620924248316,118.75973074579845,active,2024-12-05
14665,Product_4665_1,sports,822.4838113091047,194.90870796930497,inactive,2024-02-21
14666,Product_4666_1,clothing,249.9361678589581,442.9948219536158,active,2024-03-25
14667,Product_4667_1,home,358.4091856283988,466.5366997586727,inactive,2024-11-15
14668,Product_4668_1,books,194.62289932151148,98.98478560801328,pending,2024-02-12
14669,Product_4669_1,electronics,665.2879365990567,57.149133016851614,archived,2024-06-10
14670,Product_4670_1,books,354.19763793914973,496.25636340772957,inactive,2024-07-09
14671,Product_4671_1,home,192.1253907652413,207.34825569784473,active,2024-11-08
14672,Product_4672_1,books,917.1109890606781,116.85568487775778,archived,2024-10-13
14673,Product_4673_1,books,662.4091063823747,217.91744698254445,inactive,2024-09-19
14674,Product_4674_1,clothing,812.8259373705854,153.7520603356862,archived,2024-01-07
14675,Product_4675_1,electronics,149.57571581178365,75.53377510308653,pending,2024-05-03
14676,Product_4676_1,home,665.8064652350743,136.9768621513141,archived,2024-05-02
14677,Product_4677_1,sports,376.15931574523063,467.02693498589406,active,2024-08-19
14678,Product_4678_1,home,53.90718474138161,167.82880782968235,active,2024-09-27
14679,Product_4679_1,sports,175.22434422879374,388.286209962085,inactive,2024-09-12
14680,Product_4680_1,sports,98.55970953520148,477.0553532975789,inactive,2024-09-16
14681,Product_4681_1,electronics,765.3727906123396,475.7619202709523,active,2024-04-28
14682,Product_4682_1,electronics,36.16000240057241,414.8537970114282,active,2024-08-24
14683,Product_4683_1,books,640.0586177972482,424.1772194901823,inactive,2024-08-10
14684,Product_4684_1,books,282.333650744842,78.88931059319033,inactive,2024-07-09
14685,Product_4685_1,sports,521.4702543069466,465.308247203591,pending,2024-11-27
14686,Product_4686_1,books,719.2312608711733,243.59860594875101,archived,2024-07-20
14687,Product_4687_1,books,964.8384979191701,138.21305082556975,archived,2024-12-21
14688,Product_4688_1,sports,711.4565165067139,17.300880168075075,inactive,2024-04-03
14689,Product_4689_1,books,798.2969729282831,384.83945702614443,archived,2024-07-14
14690,Product_4690_1,books,377.20195050418334,269.5439306317681,inactive,2024-04-18
14691,Product_4691_1,home,974.8644885919219,25.673638359282855,active,2024-02-20
14692,Product_4692_1,clothing,979.8232453806373,426.007233437068,active,2024-01-22
14693,Product_4693_1,books,37.01602748611667,155.07479063944018,inactive,2024-12-03
14694,Product_4694_1,home,156.50173842270937,228.32148791668294,inactive,2024-11-02
14695,Product_4695_1,electronics,336.7390235889866,302.3056501325539,inactive,2024-01-09
14696,Product_4696_1,clothing,849.5475059901381,44.26565885047299,inactive,2024-02-13
14697,Product_4697_1,books,283.88634332575646,442.29954371959604,active,2024-01-04
14698,Product_4698_1,sports,275.34583558377807,46.73085188742809,pending,2024-12-19
14699,Product_4699_1,clothing,495.6793814621622,424.9241729091067,archived,2024-09-04
14700,Product_4700_1,clothing,840.9145117519171,396.6823301867203,archived,2024-05-05
14701,Product_4701_1,home,80.05021975663912,118.14240758309919,pending,2024-06-23
14702,Product_4702_1,sports,112.09257953677918,58.8802084576204,inactive,2024-02-11
14703,Product_4703_1,electronics,824.7476200292273,312.00645664836725,archived,2024-07-05
14704,Product_4704_1,electronics,53.837147665664716,198.47285077151992,inactive,2024-07-12
14705,Product_4705_1,clothing,622.278056746034,339.7751829274696,active,2024-07-08
14706,Product_4706_1,home,144.26972034989276,301.79701251585755,pending,2024-01-02
14707,Product_4707_1,books,880.4252601078551,71.65334417274946,inactive,2024-02-02
14708,Product_4708_1,clothing,326.8088274762074,117.81551186000404,archived,2024-10-06
14709,Product_4709_1,clothing,310.71038364494126,444.4769655342745,inactive,2024-05-21
14710,Product_4710_1,sports,405.54412989330797,261.7845423501211,archived,2024-10-16
14711,Product_4711_1,electronics,325.026181911044,63.85674728845605,inactive,2024-05-10
14712,Product_4712_1,home,329.360965492025,301.2478933152764,inactive,2024-02-17
14713,Product_4713_1,clothing,539.4029009508978,441.449161084954,pending,2024-04-23
14714,Product_4714_1,clothing,38.97666705933007,174.82885405458225,pending,2024-03-22
14715,Product_4715_1,clothing,816.8475490741978,473.15394061049307,active,2024-03-06
14716,Product_4716_1,books,408.92629698033346,63.046298310001774,inactive,2024-09-15
14717,Product_4717_1,home,100.19709469050791,276.80787867500896,inactive,2024-04-26
14718,Product_4718_1,sports,560.0435400676726,340.4698871616281,active,2024-11-28
14719,Product_4719_1,home,485.8602769954282,188.31301292166677,active,2024-11-02
14720,Product_4720_1,electronics,751.6470209513361,413.4619151111169,inactive,2024-11-20
14721,Product_4721_1,electronics,412.87412077022486,357.0419678002058,active,2024-08-25
14722,Product_4722_1,clothing,456.3646696714711,349.16383820190794,archived,2024-05-06
14723,Product_4723_1,clothing,589.0029152789289,98.91107503225889,pending,2024-08-05
14724,Product_4724_1,clothing,686.5023927044647,225.29864075398893,archived,2024-03-02
14725,Product_4725_1,sports,642.2542145305953,296.4666829163519,active,2024-07-24
14726,Product_4726_1,sports,495.83946676997107,276.59511605838316,inactive,2024-02-14
14727,Product_4727_1,books,785.9984782325464,296.9472739637755,archived,2024-11-17
14728,Product_4728_1,books,600.4049124458055,304.98443029576725,archived,2024-11-10
14729,Product_4729_1,electronics,540.0381540894192,340.84825621684087,inactive,2024-04-17
14730,Product_4730_1,home,704.5741131939898,192.30534392960143,archived,2024-06-01
14731,Product_4731_1,home,637.7325607871186,430.2368202338917,pending,2024-09-16
14732,Product_4732_1,home,873.3543218904637,410.4104567349349,active,2024-04-13
14733,Product_4733_1,clothing,708.4584806678903,340.84854469819146,active,2024-10-21
14734,Product_4734_1,home,244.04511086414178,317.2014458095335,archived,2024-03-24
14735,Product_4735_1,books,647.9415157975312,297.49619820890354,active,2024-01-02
14736,Product_4736_1,home,233.6517929666152,397.25908835580714,inactive,2024-06-13
14737,Product_4737_1,sports,64.88271486610144,387.11841445582206,pending,2024-05-24
14738,Product_4738_1,home,21.350531397565735,122.87898744190026,archived,2024-12-16
14739,Product_4739_1,books,700.1007205664699,345.68919317924207,pending,2024-12-13
14740,Product_4740_1,clothing,94.84303925142797,178.19604929548876,active,2024-03-11
14741,Product_4741_1,electronics,246.52978646895818,206.29296377505617,pending,2024-02-20
14742,Product_4742_1,books,676.6622967885354,478.30966976852005,inactive,2024-02-26
14743,Product_4743_1,home,959.4886316335901,150.17189055129484,pending,2024-09-13
14744,Product_4744_1,books,240.3087246641708,461.32836002028716,archived,2024-11-23
14745,Product_4745_1,clothing,44.20000822048888,77.94309014537792,active,2024-05-15
14746,Product_4746_1,home,553.6109306499164,88.04290810866725,inactive,2024-05-24
14747,Product_4747_1,books,557.9414130995292,177.8086429368008,pending,2024-10-25
14748,Product_4748_1,home,109.40042365942276,100.92710811595137,active,2024-05-22
14749,Product_4749_1,electronics,894.8738451641455,394.65436266456237,pending,2024-04-26
14750,Product_4750_1,sports,85.18721943361957,275.5263975697365,active,2024-02-11
14751,Product_4751_1,clothing,694.9864063465325,112.46317195052808,pending,2024-12-10
14752,Product_4752_1,sports,605.5913928479071,347.46316375145346,active,2024-09-15
14753,Product_4753_1,sports,569.865137641382,62.964628548916366,archived,2024-12-12
14754,Product_4754_1,books,383.1977751858886,165.22394418502432,archived,2024-02-24
14755,Product_4755_1,home,583.7941433865195,227.51929389430376,inactive,2024-05-09
14756,Product_4756_1,clothing,267.16806010639044,178.9159554964254,inactive,2024-12-26
14757,Product_4757_1,electronics,201.2403176672584,62.782209672517,pending,2024-04-10
14758,Product_4758_1,clothing,506.43059663681015,443.1518472945784,inactive,2024-05-11
14759,Product_4759_1,electronics,558.3007539505127,447.55467063076367,active,2024-04-12
14760,Product_4760_1,clothing,436.2533477695892,88.20014732724975,active,2024-02-19
14761,Product_4761_1,clothing,274.83058115582605,270.20626273833807,pending,2024-06-15
14762,Product_4762_1,sports,285.14925336470213,83.32432308190508,archived,2024-06-15
14763,Product_4763_1,electronics,390.9657174079889,152.13301105961452,inactive,2024-08-17
14764,Product_4764_1,sports,854.652313737426,494.45820536321105,inactive,2024-01-21
14765,Product_4765_1,books,852.5720032445378,390.4981218770139,inactive,2024-07-17
14766,Product_4766_1,sports,550.4210591374609,25.087000838191027,active,2024-02-17
14767,Product_4767_1,electronics,904.5166505683344,149.57134992903184,inactive,2024-05-01
14768,Product_4768_1,books,676.1351661037787,56.019784873190886,inactive,2024-01-09
14769,Product_4769_1,electronics,122.82892642912263,485.6687125758028,pending,2024-01-26
14770,Product_4770_1,electronics,457.788759887192,163.03751077774123,inactive,2024-05-28
14771,Product_4771_1,sports,95.42203488988609,258.8238185048971,archived,2024-07-24
14772,Product_4772_1,clothing,472.9152369692357,383.1270184313562,archived,2024-07-26
14773,Product_4773_1,electronics,645.3836881088497,232.85992084547786,archived,2024-09-11
14774,Product_4774_1,sports,270.26590457668203,57.029273075313704,inactive,2024-02-20
14775,Product_4775_1,electronics,800.566438867832,395.25891453404523,pending,2024-03-14
14776,Product_4776_1,electronics,373.5883361643172,256.72239977937295,inactive,2024-10-25
14777,Product_4777_1,books,568.9732903590625,211.84535198941157,active,2024-07-21
14778,Product_4778_1,electronics,978.5393709252785,100.42054113844603,pending,2024-04-18
14779,Product_4779_1,electronics,783.7609445465027,401.98148964874713,archived,2024-04-08
14780,Product_4780_1,sports,516.0704940023779,199.07143836905098,active,2024-09-16
14781,Product_4781_1,electronics,97.32313669833172,314.94309675302827,pending,2024-04-24
14782,Product_4782_1,clothing,347.0105663568491,109.87291538879357,inactive,2024-03-09
14783,Product_4783_1,books,427.95235754340774,190.5279276498932,active,2024-06-14
14784,Product_4784_1,home,667.864996504848,304.91707585077665,active,2024-10-04
14785,Product_4785_1,books,546.3582229872719,186.137734746757,active,2024-11-15
14786,Product_4786_1,home,761.942589084703,463.7839638448372,active,2024-04-13
14787,Product_4787_1,clothing,168.16299104316533,420.2289471071914,archived,2024-12-16
14788,Product_4788_1,electronics,993.1000752651576,171.69327872717156,archived,2024-09-02
14789,Product_4789_1,sports,518.7702415931624,75.70275157017656,archived,2024-07-16
14790,Product_4790_1,sports,598.810151050263,105.82171236130337,active,2024-10-10
14791,Product_4791_1,home,688.3172818065776,409.52764932826096,archived,2024-11-04
14792,Product_4792_1,books,552.2289809938543,226.54658093128995,inactive,2024-07-06
14793,Product_4793_1,sports,554.0119620866585,163.49412551695747,active,2024-03-18
14794,Product_4794_1,clothing,389.54732785904343,294.11769393462555,archived,2024-03-02
14795,Product_4795_1,electronics,34.26051664805425,168.73438235729535,archived,2024-09-25
14796,Product_4796_1,clothing,901.6375371770916,130.90175266669823,archived,2024-04-09
14797,Product_4797_1,books,142.36599964721663,212.8744805776401,active,2024-03-07
14798,Product_4798_1,electronics,134.96307059635495,491.50151162381894,archived,2024-07-23
14799,Product_4799_1,electronics,337.33747334253707,371.54895818687504,pending,2024-03-07
14800,Product_4800_1,books,249.01838766524097,275.0304174562966,inactive,2024-10-08
14801,Product_4801_1,home,17.415129613207,214.03409705979104,inactive,2024-02-02
14802,Product_4802_1,sports,936.8630152413785,63.193829032763695,pending,2024-10-14
14803,Product_4803_1,books,271.50500630171234,427.3445481441875,pending,2024-12-04
14804,Product_4804_1,electronics,6.680750463385189,471.9065189307175,archived,2024-06-01
14805,Product_4805_1,sports,917.9238400112197,47.81192400614546,active,2024-12-03
14806,Product_4806_1,books,291.454703541379,57.089798981528254,archived,2024-12-13
14807,Product_4807_1,sports,43.984573542927706,201.15557768037925,active,2024-06-10
14808,Product_4808_1,home,604.6631043193111,221.7922206502483,inactive,2024-09-17
14809,Product_4809_1,clothing,760.901725129496,315.17517154687886,archived,2024-12-23
14810,Product_4810_1,clothing,131.95949148493906,265.40515393189673,active,2024-02-01
14811,Product_4811_1,clothing,875.1923573766363,409.5670628859748,pending,2024-02-10
14812,Product_4812_1,home,283.1338645388582,143.96587066467131,inactive,2024-07-11
14813,Product_4813_1,electronics,969.3478703547661,422.55401296451345,archived,2024-08-25
14814,Product_4814_1,clothing,178.71138265444267,48.40736117971728,active,2024-12-04
14815,Product_4815_1,sports,146.81753349205627,200.35554299798906,active,2024-11-24
14816,Product_4816_1,sports,370.481513067651,277.4612739139267,archived,2024-09-05
14817,Product_4817_1,electronics,718.2826545902938,146.09033249083916,pending,2024-09-28
14818,Product_4818_1,electronics,886.4343814918232,91.25771737786204,inactive,2024-07-11
14819,Product_4819_1,electronics,313.3363498588553,18.704419753786254,active,2024-05-18
14820,Product_4820_1,clothing,238.8635979208654,282.05365071310865,active,2024-12-05
14821,Product_4821_1,clothing,784.2674979624136,203.10664602308762,pending,2024-03-03
14822,Product_4822_1,books,163.45709830372195,101.97937574366013,inactive,2024-03-08
14823,Product_4823_1,clothing,170.11686614363566,406.31401051637664,archived,2024-10-27
14824,Product_4824_1,electronics,534.5836300048906,221.32154832159355,pending,2024-08-04
14825,Product_4825_1,sports,929.9237676471943,172.26210320401862,inactive,2024-12-20
14826,Product_4826_1,sports,213.63472216202436,188.3213442033285,active,2024-12-01
14827,Product_4827_1,home,140.63691874019224,48.469592974667414,pending,2024-08-28
14828,Product_4828_1,electronics,671.7016318631512,173.02243576432753,pending,2024-12-04
14829,Product_4829_1,sports,317.26712092101326,131.45895837089682,archived,2024-03-16
14830,Product_4830_1,home,340.8745814925292,215.40128889636517,pending,2024-06-06
14831,Product_4831_1,books,663.4037943285292,497.2199813518059,active,2024-03-19
14832,Product_4832_1,home,709.4825726493355,95.44035974807984,inactive,2024-07-22
14833,Product_4833_1,sports,312.027338453797,39.11540092939582,archived,2024-05-26
14834,Product_4834_1,home,440.8837911825095,63.583570716252744,pending,2024-06-09
14835,Product_4835_1,books,774.3011637051059,75.39962182335486,pending,2024-09-02
14836,Product_4836_1,books,278.23972930952937,298.364727493702,inactive,2024-04-23
14837,Product_4837_1,electronics,309.2235625752534,299.83415149365084,inactive,2024-07-27
14838,Product_4838_1,electronics,838.5327501195517,154.7243612064162,inactive,2024-08-05
14839,Product_4839_1,sports,723.5897770254877,334.1991792486934,inactive,2024-03-15
14840,Product_4840_1,home,88.56673570441187,80.87212930872258,archived,2024-10-09
14841,Product_4841_1,sports,318.35007695686375,339.9635046396418,inactive,2024-10-24
14842,Product_4842_1,electronics,106.51789682485996,236.84308148082454,archived,2024-05-24
14843,Product_4843_1,clothing,650.055111691014,142.2324476606251,inactive,2024-08-23
14844,Product_4844_1,clothing,122.03732160059053,455.719725784304,inactive,2024-04-17
14845,Product_4845_1,sports,924.1250700860946,390.7289459398866,archived,2024-06-19
14846,Product_4846_1,home,302.4755132403928,405.7148610042725,pending,2024-03-15
14847,Product_4847_1,home,967.9776182056554,46.10671791831067,archived,2024-09-15
14848,Product_4848_1,books,773.1844678674255,234.22078664324286,active,2024-07-14
14849,Product_4849_1,sports,546.0559584701596,456.874496943916,archived,2024-12-23
14850,Product_4850_1,sports,11.077788631092968,408.3893831581937,inactive,2024-05-27
14851,Product_4851_1,clothing,46.763454711088514,60.0438431369821,inactive,2024-12-28
14852,Product_4852_1,home,60.01695346000304,88.89880328407354,pending,2024-04-14
14853,Product_4853_1,sports,603.5141873658382,316.19643965473404,pending,2024-12-01
14854,Product_4854_1,clothing,11.32781071076485,470.50689323816823,active,2024-01-25
14855,Product_4855_1,books,502.5323230611649,245.2075692454682,inactive,2024-01-18
14856,Product_4856_1,home,125.87727607823801,29.03026237317639,pending,2024-12-17
14857,Product_4857_1,books,644.55430019663,43.70838033103672,active,2024-05-19
14858,Product_4858_1,sports,712.9983999888807,93.3864408383016,inactive,2024-06-11
14859,Product_4859_1,books,268.7761357329189,456.2233908881171,archived,2024-05-27
14860,Product_4860_1,sports,170.9279045691961,61.775199988452265,pending,2024-10-06
14861,Product_4861_1,electronics,682.450464103079,382.08925630084144,inactive,2024-10-25
14862,Product_4862_1,home,601.7869888952899,12.846343990741946,inactive,2024-05-25
14863,Product_4863_1,books,21.875203046129187,455.71705621471756,active,2024-12-28
14864,Product_4864_1,home,788.362946463718,196.1237789956575,inactive,2024-11-11
14865,Product_4865_1,home,89.50560630329083,95.90579944025501,archived,2024-03-01
14866,Product_4866_1,sports,732.1715635824794,143.82797887780973,active,2024-08-21
14867,Product_4867_1,sports,32.07708894552488,484.54905655002443,pending,2024-10-24
14868,Product_4868_1,home,240.15937480267658,433.15869679478965,pending,2024-02-08
14869,Product_4869_1,clothing,111.44681599586787,181.4560236491732,archived,2024-06-22
14870,Product_4870_1,sports,995.5289162960564,113.591462676014,active,2024-11-04
14871,Product_4871_1,sports,563.201993546972,39.415280392182325,archived,2024-09-17
14872,Product_4872_1,books,935.9944202348433,388.51856206995177,inactive,2024-04-12
14873,Product_4873_1,clothing,470.6140912787712,245.3860930008964,active,2024-07-01
14874,Product_4874_1,electronics,710.6153269408204,34.71779519603619,active,2024-08-02
14875,Product_4875_1,electronics,839.5873740297186,329.7454448677495,inactive,2024-11-05
14876,Product_4876_1,clothing,675.4568799205821,288.80488672175426,pending,2024-03-12
14877,Product_4877_1,sports,706.4959376173705,309.31049357638926,pending,2024-05-02
14878,Product_4878_1,books,779.1451584735611,202.76409099536687,archived,2024-01-23
14879,Product_4879_1,home,937.5345574883318,453.49898619297903,pending,2024-08-10
14880,Product_4880_1,sports,868.0663776842412,15.031031457964197,inactive,2024-10-04
14881,Product_4881_1,electronics,858.6462643368931,426.24901876917585,inactive,2024-06-28
14882,Product_4882_1,books,510.33724974927395,491.16361645502434,archived,2024-09-12
14883,Product_4883_1,home,262.36699272593097,34.92513924951985,pending,2024-07-06
14884,Product_4884_1,sports,499.73499512775726,489.28533508467063,pending,2024-03-06
14885,Product_4885_1,electronics,565.7690526243994,172.86354839197992,archived,2024-02-26
14886,Product_4886_1,electronics,20.558829607545317,182.76440789974146,pending,2024-12-09
14887,Product_4887_1,sports,948.5714232609523,107.36659585427056,pending,2024-07-19
14888,Product_4888_1,sports,815.3124522168274,209.4894318347436,pending,2024-11-13
14889,Product_4889_1,home,580.6538988706542,86.93552350303585,archived,2024-07-20
14890,Product_4890_1,clothing,981.7765622186304,193.9224838560776,active,2024-05-04
14891,Product_4891_1,sports,311.2630644947495,366.3429247263817,active,2024-07-17
14892,Product_4892_1,clothing,591.097355748212,323.92236356532106,pending,2024-09-08
14893,Product_4893_1,books,593.0425010441495,324.30659667135143,pending,2024-06-26
14894,Product_4894_1,sports,326.696233770379,318.68777390474037,inactive,2024-04-26
14895,Product_4895_1,sports,672.5532361587611,91.863068171313,active,2024-06-08
14896,Product_4896_1,sports,712.7408195641119,83.20614423353662,pending,2024-12-05
14897,Product_4897_1,books,932.1338610307257,351.3969856354704,inactive,2024-10-22
14898,Product_4898_1,clothing,167.30864289002557,102.25461590202917,active,2024-08-18
14899,Product_4899_1,clothing,189.70006442623824,183.51578510585367,active,2024-04-16
14900,Product_4900_1,electronics,517.9938175424064,206.07053377118197,pending,2024-04-02
14901,Product_4901_1,clothing,894.4130283433609,234.4815270083523,active,2024-09-18
14902,Product_4902_1,books,526.910432925361,426.8277570417314,pending,2024-12-01
14903,Product_4903_1,electronics,767.6108576244667,201.62372393827232,active,2024-06-05
14904,Product_4904_1,electronics,68.22758907217302,304.38748691192956,inactive,2024-05-17
14905,Product_4905_1,home,104.7675122236217,415.7114025767849,inactive,2024-08-11
14906,Product_4906_1,sports,487.33024049797376,156.16672841847682,pending,2024-02-14
14907,Product_4907_1,electronics,60.547903665961336,486.1929590814989,active,2024-10-10
14908,Product_4908_1,books,402.89488609054985,258.31048115638293,pending,2024-12-09
14909,Product_4909_1,books,148.02060424565573,419.4397957992607,active,2024-08-09
14910,Product_4910_1,clothing,928.0596468281095,123.19029738628544,inactive,2024-07-01
14911,Product_4911_1,clothing,101.56438738348457,82.07639546570135,pending,2024-12-01
14912,Product_4912_1,clothing,418.11782375794843,271.95983488947456,pending,2024-01-26
14913,Product_4913_1,clothing,565.6144787772474,484.8782386809008,pending,2024-01-21
14914,Product_4914_1,sports,437.7694744635987,319.41997184176415,pending,2024-08-22
14915,Product_4915_1,home,927.5752528963757,461.7701347072373,archived,2024-12-04
14916,Product_4916_1,electronics,936.1574976574958,19.312984851744382,archived,2024-07-14
14917,Product_4917_1,sports,490.3126991510299,432.49494049620233,active,2024-09-08
14918,Product_4918_1,electronics,240.11615486576676,145.0303429919464,archived,2024-08-25
14919,Product_4919_1,sports,834.1848628213975,179.52792456106985,active,2024-10-01
14920,Product_4920_1,home,454.79002078012394,33.90369295237642,archived,2024-11-14
14921,Product_4921_1,electronics,395.37116576311644,180.6321477394274,pending,2024-02-09
14922,Product_4922_1,home,737.9592953842566,221.4564078656808,pending,2024-05-11
14923,Product_4923_1,electronics,18.228326405567405,334.2725646220445,active,2024-06-27
14924,Product_4924_1,home,285.6185223801639,111.78742033427376,archived,2024-12-24
14925,Product_4925_1,home,867.8505718761862,370.670614460848,inactive,2024-06-13
14926,Product_4926_1,electronics,636.3158262984454,93.70775766516859,active,2024-12-22
14927,Product_4927_1,books,275.9509096190013,439.7639248929144,archived,2024-06-17
14928,Product_4928_1,electronics,592.5506351092918,48.066527538397665,inactive,2024-07-21
14929,Product_4929_1,sports,353.31016985200034,167.01278123635686,inactive,2024-06-03
14930,Product_4930_1,home,156.60876007977868,372.60897673523823,pending,2024-05-28
14931,Product_4931_1,clothing,128.58516346506576,255.77326210610042,pending,2024-09-24
14932,Product_4932_1,books,674.1231027543678,255.83616658871102,archived,2024-07-05
14933,Product_4933_1,sports,731.0615901612687,285.57328710718974,archived,2024-10-10
14934,Product_4934_1,books,690.4917518069717,25.23451105655755,archived,2024-08-13
14935,Product_4935_1,electronics,320.5618190161626,254.1937340963357,archived,2024-11-18
14936,Product_4936_1,books,821.4775071064153,385.0287235971344,archived,2024-08-09
14937,Product_4937_1,electronics,886.1750312784337,266.4048462460734,active,2024-07-11
14938,Product_4938_1,books,557.1953344032224,319.4099842922908,inactive,2024-01-04
14939,Product_4939_1,home,131.84296111129413,390.1168790026574,active,2024-10-15
14940,Product_4940_1,sports,217.96490040799782,164.32365626189505,active,2024-08-24
14941,Product_4941_1,electronics,833.2629755209344,156.58182260107912,archived,2024-07-24
14942,Product_4942_1,books,354.5489140373014,100.41427942497309,archived,2024-01-24
14943,Product_4943_1,electronics,251.3130511819218,298.13283496397185,pending,2024-03-25
14944,Product_4944_1,home,815.1786654417571,60.48018101092928,pending,2024-12-17
14945,Product_4945_1,clothing,125.34693711530616,60.34484595281503,archived,2024-11-23
14946,Product_4946_1,electronics,680.7779858057037,343.73160658265124,inactive,2024-12-14
14947,Product_4947_1,books,64.78492848319578,98.20286006928114,inactive,2024-04-22
14948,Product_4948_1,books,275.05082553359284,201.81073952065884,archived,2024-07-04
14949,Product_4949_1,electronics,183.88177245594574,429.30333005880453,active,2024-11-08
14950,Product_4950_1,clothing,169.07080463804232,329.1365996602468,archived,2024-11-20
14951,Product_4951_1,clothing,387.31893564216296,35.01747008939759,inactive,2024-06-26
14952,Product_4952_1,sports,546.4648651654236,415.1903851160898,pending,2024-03-28
14953,Product_4953_1,clothing,811.0505505946288,385.0743109619452,archived,2024-04-03
14954,Product_4954_1,sports,897.9460711018879,33.364396798220206,pending,2024-04-15
14955,Product_4955_1,home,516.8969523970915,303.54847369788786,pending,2024-11-03
14956,Product_4956_1,books,301.72124710559115,281.04080727337765,archived,2024-06-13
14957,Product_4957_1,books,742.9427059204666,359.6932894023252,inactive,2024-12-13
14958,Product_4958_1,books,426.1014880029268,236.63337388770515,active,2024-11-10
14959,Product_4959_1,electronics,449.3167268776081,201.82484207355637,active,2024-08-24
14960,Product_4960_1,clothing,393.6839658219989,98.37017355072824,pending,2024-11-25
14961,Product_4961_1,books,605.1310219383803,319.26639076294765,pending,2024-07-21
14962,Product_4962_1,books,439.4834156744138,276.6422182380382,pending,2024-09-12
14963,Product_4963_1,home,287.21405587754253,185.749322351392,pending,2024-05-21
14964,Product_4964_1,electronics,631.6378249422014,226.31433458162527,pending,2024-07-12
14965,Product_4965_1,electronics,634.3552693659426,437.4530680674599,pending,2024-02-20
14966,Product_4966_1,books,7.069807386098109,134.34006312926576,archived,2024-06-18
14967,Product_4967_1,sports,905.2101343534204,213.40120087696903,pending,2024-04-11
14968,Product_4968_1,clothing,96.95848838487832,245.44527543509113,active,2024-06-11
14969,Product_4969_1,clothing,598.1231505778604,68.26266144996947,inactive,2024-05-23
14970,Product_4970_1,books,783.2058771856005,168.05922499923167,pending,2024-07-16
14971,Product_4971_1,clothing,871.9283480210311,344.32709981472374,inactive,2024-11-28
14972,Product_4972_1,electronics,492.5541739933507,325.66158981766057,inactive,2024-10-26
14973,Product_4973_1,clothing,633.7429886632034,165.23847438839087,pending,2024-01-15
14974,Product_4974_1,books,652.4861824845216,182.21647959923664,active,2024-05-14
14975,Product_4975_1,home,798.8987202879129,344.58930952863255,inactive,2024-09-22
14976,Product_4976_1,home,944.1901696354915,417.9778414813004,active,2024-11-22
14977,Product_4977_1,home,863.3014631898524,412.05382219799435,active,2024-03-21
14978,Product_4978_1,clothing,382.08165337585496,58.912515036696306,archived,2024-10-11
14979,Product_4979_1,books,245.242064698965,434.3208999767932,archived,2024-02-07
14980,Product_4980_1,home,945.451801610947,86.70111937956003,inactive,2024-11-06
14981,Product_4981_1,sports,521.0213977897262,320.6868197319761,active,2024-08-11
14982,Product_4982_1,clothing,311.15850346581055,420.44592547803705,active,2024-03-02
14983,Product_4983_1,electronics,565.0445177090944,262.5793939983878,archived,2024-05-19
14984,Product_4984_1,sports,308.0602976831013,172.92996780746978,archived,2024-12-23
14985,Product_4985_1,home,896.1315257524406,240.94804900738643,active,2024-03-24
14986,Product_4986_1,sports,72.05101727385956,346.0598577084021,archived,2024-07-28
14987,Product_4987_1,electronics,633.9690719157461,437.5408980587989,active,2024-07-08
14988,Product_4988_1,books,391.2700707127508,51.35194141503138,active,2024-08-18
14989,Product_4989_1,clothing,473.3848262336268,120.18330544996851,archived,2024-02-23
14990,Product_4990_1,sports,386.2776642172608,73.28352395597398,pending,2024-12-15
14991,Product_4991_1,electronics,450.12504566671134,138.23439777509066,pending,2024-08-28
14992,Product_4992_1,clothing,151.45950805600984,407.3675623019777,archived,2024-09-19
14993,Product_4993_1,books,541.2352349991263,118.13185183191887,inactive,2024-02-10
14994,Product_4994_1,books,626.6057669317244,17.136030583611074,pending,2024-11-09
14995,Product_4995_1,electronics,745.3966514090417,264.27703547464637,active,2024-08-14
14996,Product_4996_1,books,671.4446082017615,266.76291095459806,inactive,2024-08-03
14997,Product_4997_1,home,606.1222507131121,334.13050781588584,inactive,2024-12-11
14998,Product_4998_1,sports,815.6853718036964,249.5550486035063,pending,2024-08-15
14999,Product_4999_1,home,448.6767751921389,476.68083246297016,inactive,2024-03-17
15000,Product_5000_1,books,416.14139834790427,62.81956614870331,pending,2024-07-04
15001,Product_5001_1,home,213.57912818613235,105.50321986222991,active,2024-08-22
15002,Product_5002_1,clothing,771.7672468786202,287.7007807097579,active,2024-10-16
15003,Product_5003_1,clothing,896.7063822692813,160.13344761438282,pending,2024-08-20
15004,Product_5004_1,books,343.61584651649196,231.23338862966105,archived,2024-05-01
15005,Product_5005_1,books,747.6169224636087,257.9648517707828,pending,2024-07-07
15006,Product_5006_1,sports,163.97900331798607,70.94469257398701,archived,2024-10-19
15007,Product_5007_1,sports,983.7712677274783,65.66700843490392,active,2024-04-01
15008,Product_5008_1,sports,428.09381970652356,482.22565706592013,archived,2024-05-20
15009,Product_5009_1,sports,102.60935164937122,457.86110699967554,inactive,2024-01-16
15010,Product_5010_1,books,618.3143268765596,231.9773428039305,archived,2024-11-20
15011,Product_5011_1,sports,219.53974334804718,40.029744502362846,archived,2024-11-10
15012,Product_5012_1,clothing,922.2350990260603,333.6767933815284,pending,2024-10-28
15013,Product_5013_1,electronics,944.6371948515244,61.0388607863866,inactive,2024-10-08
15014,Product_5014_1,home,627.6956999777906,405.60860180588173,inactive,2024-01-22
15015,Product_5015_1,home,896.3148445503324,98.86255554764062,archived,2024-04-24
15016,Product_5016_1,sports,319.22901612313154,368.3960602330372,inactive,2024-01-17
15017,Product_5017_1,electronics,791.0060773029271,132.56058082240554,inactive,2024-05-03
15018,Product_5018_1,electronics,248.3447867156106,231.1537052388241,inactive,2024-06-02
15019,Product_5019_1,clothing,644.0320523386422,48.35977837895396,active,2024-05-03
15020,Product_5020_1,books,139.23618025363496,332.5491468485724,archived,2024-08-23
15021,Product_5021_1,home,764.8321846562665,456.0433620787214,active,2024-07-07
15022,Product_5022_1,electronics,75.08595844546778,425.3018887741586,active,2024-03-23
15023,Product_5023_1,electronics,178.8536789105896,368.2992121330058,archived,2024-06-13
15024,Product_5024_1,clothing,122.81641320816172,276.7628569597452,archived,2024-09-27
15025,Product_5025_1,books,987.1014387200678,496.02294003023326,inactive,2024-03-22
15026,Product_5026_1,home,593.0911092331168,65.7503294159497,archived,2024-10-05
15027,Product_5027_1,home,654.300336084001,279.75604979534546,pending,2024-10-14
15028,Product_5028_1,sports,698.4901185685725,402.95881957278925,inactive,2024-08-13
15029,Product_5029_1,clothing,289.8712284399079,282.69805449743825,active,2024-07-01
15030,Product_5030_1,electronics,576.3143315687773,296.3627489417351,archived,2024-06-28
15031,Product_5031_1,home,43.02324832778287,415.0962615903884,archived,2024-06-12
15032,Product_5032_1,books,102.70202366657429,267.493599420299,active,2024-08-18
15033,Product_5033_1,clothing,507.02050452498025,245.47482080964608,archived,2024-11-03
15034,Product_5034_1,books,973.0572445205777,158.0565864443693,pending,2024-03-23
15035,Product_5035_1,books,614.3962177225061,399.556881671912,archived,2024-02-16
15036,Product_5036_1,electronics,81.09679613299784,109.88685140626113,inactive,2024-12-01
15037,Product_5037_1,books,195.23374207340402,25.865302789722115,archived,2024-10-22
15038,Product_5038_1,home,976.2660663270393,465.5177550617178,active,2024-11-18
15039,Product_5039_1,electronics,637.4722211115208,362.9059087063651,active,2024-01-04
15040,Product_5040_1,sports,902.8383375190735,452.33586868852655,inactive,2024-07-26
15041,Product_5041_1,home,665.6065046502522,124.98970027638684,pending,2024-02-01
15042,Product_5042_1,clothing,470.10452894185556,168.96631799977877,archived,2024-11-12
15043,Product_5043_1,sports,362.13403881364343,104.44565466880942,pending,2024-09-15
15044,Product_5044_1,home,161.02874038918887,450.5578156967918,active,2024-01-21
15045,Product_5045_1,books,141.3945585799745,185.5004509864309,inactive,2024-03-27
15046,Product_5046_1,clothing,828.2624361340303,211.0669572639108,inactive,2024-09-01
15047,Product_5047_1,home,706.3053271635804,128.38507474640963,active,2024-09-21
15048,Product_5048_1,sports,235.52805905213177,286.89438804988635,archived,2024-09-22
15049,Product_5049_1,books,796.2288226863061,44.86656804635177,inactive,2024-11-17
15050,Product_5050_1,home,815.9055505697004,347.84825520354286,archived,2024-11-13
15051,Product_5051_1,electronics,875.9893155421753,352.7812298664106,pending,2024-09-15
15052,Product_5052_1,electronics,17.260946045863257,77.4265701629216,inactive,2024-03-18
15053,Product_5053_1,books,9.095355327910907,388.5826773664216,inactive,2024-12-02
15054,Product_5054_1,clothing,414.62108640950635,115.93021864468615,active,2024-05-20
15055,Product_5055_1,home,120.75406949417187,148.1381239324497,inactive,2024-08-27
15056,Product_5056_1,sports,957.3381651029466,447.82758402443784,pending,2024-06-15
15057,Product_5057_1,clothing,264.30574621702425,80.52963434089847,pending,2024-07-04
15058,Product_5058_1,home,198.2836961910603,295.7260747430167,inactive,2024-09-25
15059,Product_5059_1,books,599.153241404882,228.37149294550363,pending,2024-09-02
15060,Product_5060_1,home,303.0381425330895,290.058176541235,inactive,2024-06-18
15061,Product_5061_1,clothing,424.00098245850205,123.95899557172653,pending,2024-03-02
15062,Product_5062_1,electronics,602.8819570137996,236.86193273174482,pending,2024-12-18
15063,Product_5063_1,electronics,558.335848115589,334.43914454056323,archived,2024-06-11
15064,Product_5064_1,books,173.03551221034502,98.10630299476465,inactive,2024-03-14
15065,Product_5065_1,electronics,632.5679176487938,67.05740165022311,pending,2024-01-17
15066,Product_5066_1,clothing,200.7718213066629,305.83129196134877,archived,2024-07-01
15067,Product_5067_1,books,709.6602736838727,254.7892263292234,inactive,2024-10-06
15068,Product_5068_1,home,83.0811938540777,199.30171503088047,inactive,2024-02-06
15069,Product_5069_1,books,817.9733050397484,414.67725259407246,pending,2024-03-18
15070,Product_5070_1,home,666.3898954485144,43.26220098263396,active,2024-11-27
15071,Product_5071_1,clothing,765.9036399734024,485.70956469129857,pending,2024-12-26
15072,Product_5072_1,home,337.3918359155527,369.9963892456778,active,2024-07-02
15073,Product_5073_1,books,160.6442414633868,157.20815530509887,archived,2024-08-12
15074,Product_5074_1,home,205.1926010450236,262.4459496143454,pending,2024-07-24
15075,Product_5075_1,home,944.5005925004211,416.04480242184684,archived,2024-07-11
15076,Product_5076_1,sports,94.42108092272424,69.99790362744673,active,2024-06-09
15077,Product_5077_1,sports,11.293015009991556,261.0360362198984,archived,2024-12-16
15078,Product_5078_1,home,240.4391254777276,269.6750137535002,archived,2024-09-13
15079,Product_5079_1,electronics,68.0585135343366,442.31446626909224,inactive,2024-06-09
15080,Product_5080_1,sports,299.45184091163827,152.90559203264206,active,2024-03-20
15081,Product_5081_1,electronics,230.6932722074446,204.7556716695666,inactive,2024-12-04
15082,Product_5082_1,electronics,815.0783661972421,410.45357307133844,active,2024-10-04
15083,Product_5083_1,books,783.2131782675452,355.1120637276537,pending,2024-10-12
15084,Product_5084_1,clothing,683.3131350846628,39.83046099715302,pending,2024-05-02
15085,Product_5085_1,clothing,593.3365549197482,127.46520112464385,pending,2024-11-12
15086,Product_5086_1,home,246.01249722723747,401.8799498658833,pending,2024-08-28
15087,Product_5087_1,electronics,554.5790118869361,378.8594740669318,inactive,2024-11-16
15088,Product_5088_1,books,61.57807246321041,99.13927103346138,active,2024-06-19
15089,Product_5089_1,books,531.262776044337,31.62989894567338,active,2024-04-19
15090,Product_5090_1,home,532.7179193183641,173.89769715164124,inactive,2024-01-08
15091,Product_5091_1,books,765.940011801639,102.5735412801434,archived,2024-05-27
15092,Product_5092_1,clothing,462.0584970142386,390.53081493635756,inactive,2024-04-16
15093,Product_5093_1,electronics,712.7276989645349,350.3296039844226,archived,2024-04-16
15094,Product_5094_1,clothing,567.0733004359303,91.38040993601524,active,2024-04-24
15095,Product_5095_1,sports,753.7503817787028,150.4376040341675,active,2024-03-25
15096,Product_5096_1,clothing,10.059773575593747,290.765685536154,archived,2024-10-24
15097,Product_5097_1,home,108.50315471184165,381.7652264731854,archived,2024-05-11
15098,Product_5098_1,sports,629.1759323949402,89.43057958858125,archived,2024-08-08
15099,Product_5099_1,books,871.9348377517788,472.83995134813307,pending,2024-12-07
15100,Product_5100_1,sports,459.51870506848496,455.3941237360172,inactive,2024-01-04
15101,Product_5101_1,sports,386.29528777670043,221.78713160299495,archived,2024-06-08
15102,Product_5102_1,electronics,8.335907519397786,46.3043535226553,active,2024-03-04
15103,Product_5103_1,clothing,922.5862752235921,272.09924249069894,active,2024-04-08
15104,Product_5104_1,books,726.9602222238385,47.73947987596367,active,2024-03-15
15105,Product_5105_1,clothing,447.3802358679442,414.7543132697315,archived,2024-09-26
15106,Product_5106_1,books,332.87828847707465,154.11458889595107,pending,2024-04-13
15107,Product_5107_1,clothing,185.053323565903,277.7783671305706,inactive,2024-02-07
15108,Product_5108_1,electronics,231.26949868936376,400.97547876378303,inactive,2024-12-27
15109,Product_5109_1,home,713.2287533911667,293.94305931455403,archived,2024-04-06
15110,Product_5110_1,home,642.1190543666087,362.5482624348478,archived,2024-02-22
15111,Product_5111_1,books,813.7955602192205,274.58758475824527,active,2024-05-21
15112,Product_5112_1,books,131.10279393920172,449.7446402163193,archived,2024-07-24
15113,Product_5113_1,sports,499.81431192091407,279.8405800513446,archived,2024-05-26
15114,Product_5114_1,home,857.578166560797,409.09473860909856,archived,2024-05-26
15115,Product_5115_1,clothing,874.6737946249107,285.3856528793286,pending,2024-06-12
15116,Product_5116_1,sports,51.37858319572767,381.6619082641411,inactive,2024-02-09
15117,Product_5117_1,books,857.2432255665269,412.57273743214296,pending,2024-09-18
15118,Product_5118_1,home,34.627314098932885,171.33253537425293,archived,2024-08-21
15119,Product_5119_1,home,297.71091550953105,216.55367742070533,archived,2024-02-28
15120,Product_5120_1,sports,795.4114516051137,139.18091741471136,inactive,2024-04-03
15121,Product_5121_1,home,119.46162603744412,344.4886138974992,inactive,2024-05-01
15122,Product_5122_1,clothing,974.2222039129726,245.91160109742006,active,2024-08-13
15123,Product_5123_1,clothing,192.15553295570723,205.12480097844147,inactive,2024-02-27
15124,Product_5124_1,books,434.71765722888125,201.99237101682598,archived,2024-08-11
15125,Product_5125_1,books,103.34798061408573,180.2064344287309,pending,2024-08-08
15126,Product_5126_1,electronics,206.06352772992236,239.3323384811901,active,2024-07-09
15127,Product_5127_1,electronics,512.7027349278238,298.10569824592227,active,2024-11-08
15128,Product_5128_1,books,354.73377727519363,394.90039473669947,inactive,2024-01-04
15129,Product_5129_1,home,276.4068255829878,185.50447592209403,active,2024-07-27
15130,Product_5130_1,clothing,73.89484630351912,334.19124952188,active,2024-08-17
15131,Product_5131_1,sports,869.2155137112627,380.0712462538043,inactive,2024-10-11
15132,Product_5132_1,sports,993.2284847417221,310.18078849903173,pending,2024-03-02
15133,Product_5133_1,electronics,699.4406324464704,20.88654058071747,active,2024-11-02
15134,Product_5134_1,books,715.0573222642116,43.30640371097884,archived,2024-03-05
15135,Product_5135_1,clothing,989.7104087143617,149.01214711094354,active,2024-10-17
15136,Product_5136_1,home,803.0399575350501,241.07995150158504,pending,2024-04-10
15137,Product_5137_1,sports,596.1882215230142,199.6055770248381,active,2024-02-20
15138,Product_5138_1,books,372.71698032467475,224.06786621950835,active,2024-09-23
15139,Product_5139_1,sports,574.4170535162023,34.920004096882806,inactive,2024-12-25
15140,Product_5140_1,clothing,627.2712483305296,189.39516295894978,inactive,2024-09-06
15141,Product_5141_1,books,756.0028724778033,402.6081512485939,inactive,2024-06-19
15142,Product_5142_1,books,608.8410198251854,214.34356242542756,active,2024-11-08
15143,Product_5143_1,clothing,594.1322062066021,298.2005125074892,inactive,2024-06-08
15144,Product_5144_1,clothing,236.7418307576961,208.10168578831178,inactive,2024-01-05
15145,Product_5145_1,home,356.5529643911771,191.03574868237394,inactive,2024-08-02
15146,Product_5146_1,books,879.343247915121,442.9310955830899,inactive,2024-04-26
15147,Product_5147_1,clothing,452.0660203742456,293.9455912297343,pending,2024-03-26
15148,Product_5148_1,clothing,652.858795417869,233.99677804271218,active,2024-11-04
15149,Product_5149_1,books,588.1457921246601,261.78688831598674,active,2024-04-05
15150,Product_5150_1,sports,223.66723931404127,232.08402587224697,inactive,2024-04-22
15151,Product_5151_1,electronics,123.27569520747566,384.40565933015233,active,2024-02-02
15152,Product_5152_1,electronics,175.29127409145858,273.76078619335505,archived,2024-05-19
15153,Product_5153_1,clothing,961.9570279650824,349.4671431174017,pending,2024-03-07
15154,Product_5154_1,sports,149.56528273953455,487.3864341436519,pending,2024-08-03
15155,Product_5155_1,sports,655.970675130096,479.1924430297286,archived,2024-01-14
15156,Product_5156_1,sports,329.74454064711676,269.6070803934148,active,2024-07-18
15157,Product_5157_1,clothing,532.6171646856001,426.4570846074268,inactive,2024-11-05
15158,Product_5158_1,books,404.55168324056353,276.80471414491683,active,2024-06-08
15159,Product_5159_1,electronics,210.45856671054477,129.38915659846498,pending,2024-06-07
15160,Product_5160_1,sports,611.5210833362855,53.044455635904576,inactive,2024-01-04
15161,Product_5161_1,home,730.8528329437278,116.99204115916132,inactive,2024-12-11
15162,Product_5162_1,books,136.77872318013738,337.5266853429549,pending,2024-06-21
15163,Product_5163_1,home,279.53547603043893,27.205841361161365,pending,2024-01-17
15164,Product_5164_1,electronics,8.2624980278119,37.92617435351097,inactive,2024-11-18
15165,Product_5165_1,home,294.24165358031394,309.5603746422925,active,2024-05-24
15166,Product_5166_1,electronics,590.7474768124085,145.62682225336454,pending,2024-05-04
15167,Product_5167_1,electronics,73.8178339451235,480.4026705479675,archived,2024-07-23
15168,Product_5168_1,electronics,619.1964829654219,297.7128507255373,pending,2024-11-01
15169,Product_5169_1,books,295.9184570374283,219.7234011628374,active,2024-11-25
15170,Product_5170_1,clothing,727.4033615086546,18.108933146586516,pending,2024-10-08
15171,Product_5171_1,electronics,981.2167265406514,90.10472589083962,archived,2024-09-02
15172,Product_5172_1,books,558.7076411205938,369.35705113615643,active,2024-04-23
15173,Product_5173_1,clothing,902.4399486240886,469.4944370103716,inactive,2024-06-06
15174,Product_5174_1,books,15.16700123671178,48.005971198929,active,2024-04-05
15175,Product_5175_1,books,989.2705380051998,120.29592494992394,inactive,2024-12-09
15176,Product_5176_1,sports,436.46892447239935,117.23913670094814,active,2024-07-21
15177,Product_5177_1,electronics,655.7348956705957,122.6572865916032,pending,2024-06-07
15178,Product_5178_1,books,199.40857737064522,418.3421518601199,pending,2024-12-13
15179,Product_5179_1,electronics,634.4054756594484,141.96254697568563,inactive,2024-11-16
15180,Product_5180_1,home,978.2407909807163,207.18975917925195,inactive,2024-04-08
15181,Product_5181_1,books,523.6608327100157,116.5111235846279,inactive,2024-08-24
15182,Product_5182_1,electronics,175.78236329970477,271.3016511310369,pending,2024-03-27
15183,Product_5183_1,sports,531.4405069101925,77.32828114257352,pending,2024-04-22
15184,Product_5184_1,sports,896.4261077868471,224.17333744486214,inactive,2024-04-09
15185,Product_5185_1,sports,265.86337028247993,83.78333175821349,pending,2024-08-17
15186,Product_5186_1,books,499.5597604278617,32.07513329606853,archived,2024-09-19
15187,Product_5187_1,electronics,812.8004001786817,201.12240596882896,active,2024-12-11
15188,Product_5188_1,electronics,148.00625653401525,35.43549179477232,inactive,2024-06-21
15189,Product_5189_1,home,317.2477980945029,258.74475291304407,archived,2024-12-19
15190,Product_5190_1,electronics,112.6646089272495,328.9407756150002,active,2024-02-16
15191,Product_5191_1,electronics,544.0293894557166,342.12340922386437,inactive,2024-07-22
15192,Product_5192_1,home,954.5707631016486,374.4180222156261,archived,2024-12-22
15193,Product_5193_1,electronics,5.293974628439875,57.9918847050666,archived,2024-04-11
15194,Product_5194_1,books,336.5584651161194,213.88661038324165,active,2024-06-03
15195,Product_5195_1,books,604.7967216954906,200.4592793921222,archived,2024-06-13
15196,Product_5196_1,home,160.84277765215285,268.5167698861065,active,2024-06-17
15197,Product_5197_1,electronics,313.81885908108615,38.350164846888696,pending,2024-08-24
15198,Product_5198_1,clothing,26.029845332960594,427.17761792332334,inactive,2024-06-28
15199,Product_5199_1,sports,658.9645267618848,470.1258385538111,active,2024-05-01
15200,Product_5200_1,electronics,67.63588617876113,406.0912257943566,archived,2024-01-20
15201,Product_5201_1,clothing,457.99108367898555,68.84896776630484,pending,2024-11-15
15202,Product_5202_1,home,889.9065971048459,445.7228179996183,archived,2024-10-19
15203,Product_5203_1,books,914.730492514582,334.4751481745179,pending,2024-08-21
15204,Product_5204_1,sports,329.2376743014067,389.4555202527431,pending,2024-09-26
15205,Product_5205_1,books,636.6311346685262,183.62771547466863,active,2024-11-18
15206,Product_5206_1,home,986.8663715859421,248.61776254262983,archived,2024-01-13
15207,Product_5207_1,home,889.2125243712552,117.12292182183009,active,2024-04-18
15208,Product_5208_1,electronics,248.6043102825289,13.90831107403574,inactive,2024-08-22
15209,Product_5209_1,books,636.3998908225872,177.75836241261155,archived,2024-09-19
15210,Product_5210_1,clothing,21.764832050099443,389.3787990264672,active,2024-01-24
15211,Product_5211_1,clothing,73.0444895285852,497.85878350926555,pending,2024-01-09
15212,Product_5212_1,electronics,911.8036180106192,374.5242206644924,archived,2024-03-22
15213,Product_5213_1,electronics,666.9387360604157,320.35501548589866,active,2024-12-24
15214,Product_5214_1,electronics,531.9255790320553,426.9290516639682,inactive,2024-01-09
15215,Product_5215_1,clothing,278.62277452252994,14.03765057334343,pending,2024-11-09
15216,Product_5216_1,sports,824.423299823777,421.16406484487624,active,2024-01-15
15217,Product_5217_1,sports,152.35200659922828,375.6052093369565,active,2024-11-15
15218,Product_5218_1,home,447.9157142099365,316.7487751833198,active,2024-08-19
15219,Product_5219_1,sports,441.36252102174586,17.554177285473784,active,2024-05-16
15220,Product_5220_1,books,757.0595126034024,229.72195769345274,archived,2024-12-18
15221,Product_5221_1,electronics,202.53254659263126,288.28286057464425,active,2024-04-24
15222,Product_5222_1,books,802.2678713295052,336.1822758725804,inactive,2024-08-08
15223,Product_5223_1,books,53.873857697007644,229.77503621660304,pending,2024-03-26
15224,Product_5224_1,clothing,19.49876600992334,434.51941656572683,active,2024-01-15
15225,Product_5225_1,sports,431.1910070687913,272.02622481252115,active,2024-02-19
15226,Product_5226_1,books,446.0527028359197,71.68506002884266,inactive,2024-07-05
15227,Product_5227_1,sports,762.7599393955219,64.7199621681483,archived,2024-04-09
15228,Product_5228_1,home,29.385876990086597,29.704928769043654,active,2024-12-23
15229,Product_5229_1,home,829.3307646282784,366.4494229834095,active,2024-06-26
15230,Product_5230_1,books,43.06631425885416,259.0291031877149,inactive,2024-07-17
15231,Product_5231_1,electronics,404.28085472464267,198.83869508105153,inactive,2024-04-16
15232,Product_5232_1,sports,690.4349697793541,24.51926483682368,pending,2024-11-14
15233,Product_5233_1,home,601.3405357750922,363.7192337414795,pending,2024-10-13
15234,Product_5234_1,clothing,243.3332323688476,169.71269576491622,inactive,2024-01-22
15235,Product_5235_1,electronics,898.6873941461473,117.7102010552724,inactive,2024-11-16
15236,Product_5236_1,sports,130.35967373507665,294.9882543309605,pending,2024-05-01
15237,Product_5237_1,home,802.3454629732149,462.99589620861775,active,2024-04-04
15238,Product_5238_1,home,40.41007276145281,237.09443825328785,pending,2024-06-04
15239,Product_5239_1,electronics,249.02011429099755,60.613237508505556,pending,2024-03-06
15240,Product_5240_1,clothing,484.1032827070548,190.4150574549781,active,2024-11-15
15241,Product_5241_1,home,487.2891897346065,141.62731234310738,pending,2024-09-04
15242,Product_5242_1,home,414.4982094387923,331.947937656561,inactive,2024-10-11
15243,Product_5243_1,electronics,137.34559285159935,251.18267753850887,pending,2024-10-27
15244,Product_5244_1,clothing,139.7179761601545,33.13439040860889,archived,2024-09-20
15245,Product_5245_1,clothing,619.68607248539,129.46653620657327,pending,2024-09-07
15246,Product_5246_1,sports,141.434695739788,147.71270928117022,archived,2024-12-24
15247,Product_5247_1,sports,523.7572600407381,17.40538760474027,active,2024-04-21
15248,Product_5248_1,electronics,765.8992427059885,151.35703471624691,inactive,2024-02-28
15249,Product_5249_1,home,897.021918286559,26.547946177621906,active,2024-06-01
15250,Product_5250_1,clothing,827.0225342151382,95.16481860817687,inactive,2024-02-02
15251,Product_5251_1,electronics,331.50085091376286,438.4106112613739,inactive,2024-04-17
15252,Product_5252_1,home,499.1995547157795,242.29596158509293,active,2024-02-09
15253,Product_5253_1,books,159.70030083593699,269.70705824081875,inactive,2024-03-16
15254,Product_5254_1,electronics,51.05101056691994,215.05836893006932,pending,2024-11-28
15255,Product_5255_1,sports,878.5930693696321,342.40341463679744,inactive,2024-08-19
15256,Product_5256_1,clothing,881.8461784246971,77.37430860821304,active,2024-04-28
15257,Product_5257_1,home,297.7057331111683,176.72224124324052,pending,2024-10-25
15258,Product_5258_1,electronics,931.2107303034237,484.15054223726617,archived,2024-02-24
15259,Product_5259_1,sports,152.38334450679486,471.5423293931405,archived,2024-06-11
15260,Product_5260_1,electronics,589.1803865781952,420.59564590160136,active,2024-12-25
15261,Product_5261_1,clothing,343.63400612244084,260.9676645766216,inactive,2024-10-09
15262,Product_5262_1,clothing,239.7919106972739,82.50264466822237,archived,2024-11-23
15263,Product_5263_1,electronics,559.0481850328122,271.6380671567058,active,2024-06-21
15264,Product_5264_1,home,613.0331735955696,199.08989281046496,inactive,2024-10-17
15265,Product_5265_1,books,511.1367292743721,304.32138292404755,inactive,2024-10-25
15266,Product_5266_1,sports,884.9164971398105,397.9464871862009,inactive,2024-05-19
15267,Product_5267_1,electronics,89.01073342275313,483.36240635313703,archived,2024-10-13
15268,Product_5268_1,books,162.9157455489886,451.6530752973078,archived,2024-02-24
15269,Product_5269_1,electronics,354.9194215777685,130.4533445969363,active,2024-08-20
15270,Product_5270_1,clothing,411.3985589497336,473.28054246503683,pending,2024-06-28
15271,Product_5271_1,books,18.589263803262135,47.04550877061747,pending,2024-08-22
15272,Product_5272_1,clothing,378.4072184222449,79.88928506844103,active,2024-03-02
15273,Product_5273_1,electronics,486.49981588446553,338.6905415963873,inactive,2024-05-20
15274,Product_5274_1,home,284.16106819261057,400.21665087974105,inactive,2024-12-15
15275,Product_5275_1,books,971.1335802856631,146.21995529775845,archived,2024-01-23
15276,Product_5276_1,books,45.945019900043434,311.64530080396094,inactive,2024-10-27
15277,Product_5277_1,electronics,852.2766244825158,196.6142199524286,active,2024-10-05
15278,Product_5278_1,clothing,109.96187854285873,65.144075686858,inactive,2024-09-25
15279,Product_5279_1,home,240.17166157829115,446.59495773760307,pending,2024-07-11
15280,Product_5280_1,clothing,758.6852450898433,410.42887462331953,pending,2024-01-09
15281,Product_5281_1,electronics,143.3182840401993,319.8652842930816,archived,2024-06-26
15282,Product_5282_1,electronics,383.4483185064163,481.64673966592164,archived,2024-03-24
15283,Product_5283_1,books,258.74335012455185,244.9748548049361,inactive,2024-03-15
15284,Product_5284_1,clothing,866.731644159762,287.9673021977169,archived,2024-06-26
15285,Product_5285_1,books,620.0494460976612,454.3938690727647,active,2024-11-02
15286,Product_5286_1,home,873.0278477164684,107.30612571479409,active,2024-05-12
15287,Product_5287_1,sports,421.4444230375445,384.52914394102675,active,2024-11-20
15288,Product_5288_1,electronics,630.4775865453337,316.6003628235928,pending,2024-09-01
15289,Product_5289_1,sports,513.1320530260633,388.4335809011165,active,2024-02-18
15290,Product_5290_1,books,452.47148991459915,66.83994882717516,active,2024-09-04
15291,Product_5291_1,clothing,913.0729784180253,356.37103029607056,pending,2024-11-06
15292,Product_5292_1,books,307.9846785484555,421.4743371258405,archived,2024-01-10
15293,Product_5293_1,clothing,998.3045429417854,99.97559975897981,pending,2024-06-23
15294,Product_5294_1,books,317.9733554635097,221.18379738136588,active,2024-03-13
15295,Product_5295_1,electronics,449.40231364384584,315.0126653451086,pending,2024-01-06
15296,Product_5296_1,books,900.4026174084278,298.1593427385388,pending,2024-07-16
15297,Product_5297_1,books,416.0293978633772,178.8069917817842,archived,2024-05-28
15298,Product_5298_1,sports,401.691474988567,439.3379197642017,archived,2024-08-12
15299,Product_5299_1,home,787.0269901987052,149.97914953932715,pending,2024-08-02
15300,Product_5300_1,home,166.06193727956884,249.33590639567066,pending,2024-06-13
15301,Product_5301_1,electronics,285.28917052227683,247.4959687962089,pending,2024-11-09
15302,Product_5302_1,clothing,186.89675637925444,372.8217150296473,active,2024-09-07
15303,Product_5303_1,sports,210.81555209261856,108.9616346766854,active,2024-05-09
15304,Product_5304_1,home,31.45735799885551,116.41544752871982,active,2024-07-22
15305,Product_5305_1,sports,466.7668077650962,189.31836378198898,archived,2024-01-03
15306,Product_5306_1,electronics,594.2769416428928,117.54940114019217,pending,2024-11-10
15307,Product_5307_1,books,605.227080330576,368.27438502768587,active,2024-11-11
15308,Product_5308_1,home,832.742216020467,213.46657860071394,archived,2024-04-11
15309,Product_5309_1,books,513.231323062077,29.28207195731801,pending,2024-02-26
15310,Product_5310_1,electronics,396.88106962292113,388.76170529895836,active,2024-10-28
15311,Product_5311_1,clothing,529.0805371138763,332.2592982802938,archived,2024-10-12
15312,Product_5312_1,electronics,26.83823869493792,35.07219991607092,archived,2024-09-17
15313,Product_5313_1,electronics,856.3672145246438,298.00878276934367,archived,2024-08-19
15314,Product_5314_1,sports,910.0663248136194,70.61975785145233,pending,2024-05-07
15315,Product_5315_1,electronics,321.6097717013073,34.655289387300314,inactive,2024-10-28
15316,Product_5316_1,clothing,908.252637469817,93.4376417083333,pending,2024-03-15
15317,Product_5317_1,sports,463.79358714270296,251.72173774065445,active,2024-02-01
15318,Product_5318_1,home,11.004714674367134,25.900332985005804,inactive,2024-03-03
15319,Product_5319_1,electronics,16.592258442786182,100.63155018001856,pending,2024-08-26
15320,Product_5320_1,home,249.2817700239512,486.72445674495845,active,2024-12-19
15321,Product_5321_1,books,891.4878106300962,359.31003835088825,active,2024-02-20
15322,Product_5322_1,books,19.111391412805578,182.51477097575676,pending,2024-09-28
15323,Product_5323_1,home,398.0537707941608,413.99221986141254,archived,2024-08-20
15324,Product_5324_1,electronics,41.3619693318247,107.49038625534264,active,2024-05-08
15325,Product_5325_1,clothing,763.8779307072792,20.98404565182367,active,2024-01-04
15326,Product_5326_1,home,831.7515153531627,109.03702960334948,active,2024-11-03
15327,Product_5327_1,clothing,640.22194010857,354.1033518417714,inactive,2024-09-20
15328,Product_5328_1,sports,790.078524698765,486.9774710794789,archived,2024-07-19
15329,Product_5329_1,home,395.8193218348453,205.37192330797114,inactive,2024-09-04
15330,Product_5330_1,books,585.9593949025956,475.3105690622655,pending,2024-03-23
15331,Product_5331_1,electronics,421.8188047305079,18.199283407195114,archived,2024-10-14
15332,Product_5332_1,books,178.11752313207054,263.1447907595,inactive,2024-08-18
15333,Product_5333_1,electronics,137.12153751589577,151.10487443194177,inactive,2024-01-27
15334,Product_5334_1,books,700.354375761707,317.280618516725,archived,2024-01-05
15335,Product_5335_1,books,272.24099214939605,61.695748364892616,archived,2024-08-13
15336,Product_5336_1,home,719.921496759593,148.22001262745144,pending,2024-01-09
15337,Product_5337_1,home,440.2530677333999,429.57302708552197,inactive,2024-06-26
15338,Product_5338_1,clothing,855.7482270498726,70.2285785889206,archived,2024-12-14
15339,Product_5339_1,electronics,110.65320475870946,454.17129125565856,pending,2024-01-10
15340,Product_5340_1,sports,37.610419151964074,315.9036051161043,inactive,2024-03-18
15341,Product_5341_1,books,725.625471703999,44.51137411603701,archived,2024-03-19
15342,Product_5342_1,electronics,787.8906240193506,298.70213034080484,active,2024-08-24
15343,Product_5343_1,books,254.15077133706575,357.0798644381439,inactive,2024-03-08
15344,Product_5344_1,books,381.14564317917205,194.06025829505006,inactive,2024-11-24
15345,Product_5345_1,clothing,360.68420394544734,417.9434889246768,archived,2024-12-08
15346,Product_5346_1,books,252.2277345680168,462.37807897613715,pending,2024-08-25
15347,Product_5347_1,home,976.4751149683588,221.7778146302822,archived,2024-09-25
15348,Product_5348_1,sports,61.20841536177438,317.00380618564554,archived,2024-04-14
15349,Product_5349_1,sports,597.1947389435035,306.70062530246,pending,2024-05-15
15350,Product_5350_1,home,229.943901409292,196.27040813281607,active,2024-11-25
15351,Product_5351_1,electronics,179.24879630092772,315.3851783614389,archived,2024-08-27
15352,Product_5352_1,electronics,573.4066384668961,76.3512886110472,pending,2024-07-04
15353,Product_5353_1,home,96.95531482443752,490.12509784404773,inactive,2024-10-09
15354,Product_5354_1,sports,425.47791915672815,152.66347969920287,active,2024-06-22
15355,Product_5355_1,home,758.9892879700162,483.17446559736845,archived,2024-05-19
15356,Product_5356_1,electronics,847.2450421122096,488.45866637295615,pending,2024-02-16
15357,Product_5357_1,clothing,748.6842152512797,102.98721940790838,pending,2024-12-26
15358,Product_5358_1,home,28.319246719963992,288.18014387671593,active,2024-09-10
15359,Product_5359_1,sports,516.222852265222,113.30280270749333,pending,2024-11-04
15360,Product_5360_1,clothing,542.5600815884891,281.4503675893314,inactive,2024-09-01
15361,Product_5361_1,books,880.5369436504776,264.1172801674378,inactive,2024-03-19
15362,Product_5362_1,sports,828.3069484480594,470.2694899229537,inactive,2024-06-22
15363,Product_5363_1,sports,357.8722206876829,124.5049771199628,active,2024-01-14
15364,Product_5364_1,home,244.19554012007882,289.6314112405422,archived,2024-12-21
15365,Product_5365_1,home,642.8269593694124,134.96067719945648,active,2024-09-12
15366,Product_5366_1,clothing,517.999732676557,314.50450113787184,active,2024-09-19
15367,Product_5367_1,electronics,425.3407268764279,400.7909038671001,inactive,2024-07-20
15368,Product_5368_1,home,300.2767764998005,390.583778497396,pending,2024-07-03
15369,Product_5369_1,electronics,805.8328283883419,17.21456351182318,inactive,2024-10-26
15370,Product_5370_1,sports,557.1329225798909,428.75711663490097,pending,2024-04-05
15371,Product_5371_1,electronics,380.83101442300097,113.25720604545322,pending,2024-11-12
15372,Product_5372_1,sports,701.3548954555882,386.69019507079355,inactive,2024-01-02
15373,Product_5373_1,sports,898.9361413590187,135.51516185015987,active,2024-01-15
15374,Product_5374_1,clothing,110.80577337076558,312.35932318866315,archived,2024-02-22
15375,Product_5375_1,sports,269.7082614234057,224.16095044428897,archived,2024-05-07
15376,Product_5376_1,home,453.88710073439955,250.91510927808096,pending,2024-02-19
15377,Product_5377_1,home,811.3431954236971,311.29483756535114,inactive,2024-02-17
15378,Product_5378_1,home,458.0130838621538,400.3129035762551,active,2024-11-09
15379,Product_5379_1,sports,18.490231360861543,397.4161238395542,archived,2024-06-24
15380,Product_5380_1,books,717.1110236820203,96.50911269363634,pending,2024-03-08
15381,Product_5381_1,sports,834.7051547110642,202.53507286950017,archived,2024-01-04
15382,Product_5382_1,home,36.903856523357796,38.54806056222526,pending,2024-07-01
15383,Product_5383_1,books,527.8553795984984,233.04966187616117,pending,2024-04-25
15384,Product_5384_1,clothing,638.3673129830651,113.45448316888654,active,2024-01-19
15385,Product_5385_1,books,859.7310436144846,96.70557015618141,pending,2024-08-20
15386,Product_5386_1,clothing,559.1622490002843,123.49456602010638,active,2024-04-25
15387,Product_5387_1,home,605.0406070057663,175.58732531984126,pending,2024-07-02
15388,Product_5388_1,electronics,531.660232250862,344.3544951501819,inactive,2024-01-13
15389,Product_5389_1,home,832.6880499906521,410.68339193652014,active,2024-04-07
15390,Product_5390_1,clothing,418.4259022463962,34.818278661831265,archived,2024-09-24
15391,Product_5391_1,books,908.8367652260652,311.86074696410446,archived,2024-03-22
15392,Product_5392_1,sports,776.2653785631137,308.06120782087675,inactive,2024-08-24
15393,Product_5393_1,electronics,4.735626251862193,296.6180860058028,pending,2024-03-28
15394,Product_5394_1,electronics,732.5970379615808,454.60906361938413,active,2024-05-06
15395,Product_5395_1,electronics,189.74643734122674,237.95000984172523,archived,2024-05-08
15396,Product_5396_1,books,198.92934646752434,471.4414377917359,archived,2024-12-14
15397,Product_5397_1,home,636.3173451926104,127.96104282002452,pending,2024-12-21
15398,Product_5398_1,clothing,245.56828414066266,210.72023357596376,active,2024-07-16
15399,Product_5399_1,clothing,483.9195128943624,95.81904819693747,pending,2024-03-17
15400,Product_5400_1,electronics,322.6214079331265,490.06882015099256,archived,2024-10-08
15401,Product_5401_1,clothing,250.6107918664919,364.6486670415914,archived,2024-03-17
15402,Product_5402_1,sports,219.996239977459,220.11682558787015,archived,2024-09-06
15403,Product_5403_1,electronics,608.7816984070683,452.08611664405123,pending,2024-07-15
15404,Product_5404_1,clothing,444.58499800662867,407.74789622664696,inactive,2024-07-24
15405,Product_5405_1,sports,66.77823330535571,446.63207110716775,pending,2024-09-22
15406,Product_5406_1,books,19.214610598877137,256.8089644642247,active,2024-02-16
15407,Product_5407_1,books,807.0805150148508,226.26918807690154,active,2024-03-08
15408,Product_5408_1,books,277.4855377097268,428.5183317694253,active,2024-09-12
15409,Product_5409_1,clothing,450.95364918869785,52.010807382433086,active,2024-01-22
15410,Product_5410_1,clothing,680.6883514380517,470.8885809402258,archived,2024-12-19
15411,Product_5411_1,books,922.7105676081264,485.24593300288063,pending,2024-10-05
15412,Product_5412_1,books,306.44261925318744,296.4045722065545,active,2024-03-07
15413,Product_5413_1,home,414.04747504825104,338.1952341379836,archived,2024-12-14
15414,Product_5414_1,clothing,511.97473225379355,283.6456150554338,active,2024-02-03
15415,Product_5415_1,clothing,173.95344166544632,392.5132867994152,archived,2024-12-10
15416,Product_5416_1,home,350.30366127771447,274.3525510702928,archived,2024-03-10
15417,Product_5417_1,sports,327.4037111093558,327.50324489918484,inactive,2024-06-18
15418,Product_5418_1,books,212.79250871123588,76.30557914129339,pending,2024-11-21
15419,Product_5419_1,sports,603.1884429036343,148.7450295444603,archived,2024-10-11
15420,Product_5420_1,electronics,460.4684951571265,157.15988914223465,active,2024-12-27
15421,Product_5421_1,books,322.7109829703261,323.44312097144905,active,2024-07-21
15422,Product_5422_1,sports,960.9482187849027,209.41586962604188,inactive,2024-09-08
15423,Product_5423_1,sports,214.5564386142468,340.44535640370475,pending,2024-01-13
15424,Product_5424_1,clothing,853.0768887652656,43.90254058050633,active,2024-09-26
15425,Product_5425_1,sports,691.3838102003859,255.3677770522586,active,2024-01-13
15426,Product_5426_1,books,150.00223708906051,174.83333634235473,archived,2024-04-09
15427,Product_5427_1,sports,880.6985444528934,405.8260526880308,inactive,2024-09-08
15428,Product_5428_1,home,352.02886433689093,217.78602646333644,archived,2024-03-14
15429,Product_5429_1,books,876.8584257412923,118.95862542697193,active,2024-06-07
15430,Product_5430_1,electronics,67.86078691193366,121.6859457677211,archived,2024-04-07
15431,Product_5431_1,books,212.9303336165595,394.11052954907734,archived,2024-05-13
15432,Product_5432_1,home,903.7897822751526,234.09875098184625,inactive,2024-10-02
15433,Product_5433_1,electronics,963.9539755837721,32.31114002199268,archived,2024-02-21
15434,Product_5434_1,books,61.94894034530503,62.11149964759658,active,2024-11-03
15435,Product_5435_1,books,180.11137684574425,149.14364225577785,active,2024-04-02
15436,Product_5436_1,sports,681.8037261142765,482.91953129703904,pending,2024-12-14
15437,Product_5437_1,books,882.7810881880716,293.62202193529566,pending,2024-06-16
15438,Product_5438_1,sports,104.3218642786403,50.805853809613225,inactive,2024-08-12
15439,Product_5439_1,electronics,469.8080944788469,33.31666740108754,pending,2024-01-07
15440,Product_5440_1,books,172.56913509411072,57.890907206968194,inactive,2024-11-13
15441,Product_5441_1,sports,716.6169708847559,470.6020417778054,pending,2024-07-04
15442,Product_5442_1,home,198.07746084706,191.4386317192115,inactive,2024-06-01
15443,Product_5443_1,home,833.5115762209831,19.7853255234225,pending,2024-01-24
15444,Product_5444_1,books,576.7292081702919,262.79251579877337,inactive,2024-09-24
15445,Product_5445_1,electronics,427.1278261201878,392.40416059356977,archived,2024-08-20
15446,Product_5446_1,books,35.86601929056984,190.89210616993162,pending,2024-10-10
15447,Product_5447_1,electronics,856.4012076883565,284.88338456105765,active,2024-09-21
15448,Product_5448_1,books,111.71371172551679,405.8597487119907,pending,2024-07-16
15449,Product_5449_1,electronics,178.65333170682024,226.83874799314515,archived,2024-01-20
15450,Product_5450_1,sports,386.44393952359803,246.15569657155808,inactive,2024-01-09
15451,Product_5451_1,clothing,313.16657241792774,242.978618472693,inactive,2024-04-05
15452,Product_5452_1,home,658.8035710997327,211.05363180880283,archived,2024-09-16
15453,Product_5453_1,books,556.5745881720984,284.3437421683437,archived,2024-06-05
15454,Product_5454_1,books,787.1593144388265,152.38905214807335,active,2024-02-15
15455,Product_5455_1,sports,328.3102762934823,301.46027912629086,pending,2024-08-20
15456,Product_5456_1,books,494.2904136390563,73.06003116110435,archived,2024-08-16
15457,Product_5457_1,books,917.717633758973,309.8081600576726,inactive,2024-05-21
15458,Product_5458_1,electronics,592.6024655533129,369.9021981846986,inactive,2024-07-18
15459,Product_5459_1,books,819.5751605073297,22.62176719242533,archived,2024-02-15
15460,Product_5460_1,books,98.8512970419961,318.9924818584627,active,2024-05-13
15461,Product_5461_1,home,245.01685157371432,432.26143473536956,pending,2024-12-10
15462,Product_5462_1,clothing,28.38606040239497,137.60470431235547,pending,2024-02-24
15463,Product_5463_1,electronics,815.9207875289493,264.59315162716933,inactive,2024-01-07
15464,Product_5464_1,books,450.2962122744672,260.77022726159146,inactive,2024-10-10
15465,Product_5465_1,clothing,338.1036778526647,267.0659218323931,inactive,2024-11-02
15466,Product_5466_1,home,362.9364619533825,53.46394582650285,archived,2024-09-24
15467,Product_5467_1,clothing,189.52557813678555,45.28743603919146,archived,2024-09-05
15468,Product_5468_1,clothing,16.928110238098927,71.83601648206576,pending,2024-02-24
15469,Product_5469_1,clothing,471.6934433555485,315.0392254186204,archived,2024-04-17
15470,Product_5470_1,home,590.4033580684306,215.98130392395532,inactive,2024-11-03
15471,Product_5471_1,home,239.0367111353218,289.1636395514668,archived,2024-05-16
15472,Product_5472_1,clothing,14.513221876148549,172.46914851523937,pending,2024-01-05
15473,Product_5473_1,books,48.07027886291948,13.91750568653765,active,2024-12-25
15474,Product_5474_1,electronics,190.51267554503124,269.61212319731084,pending,2024-04-26
15475,Product_5475_1,home,522.8903101550313,87.38653562466973,archived,2024-07-28
15476,Product_5476_1,electronics,443.43920581148336,361.2745173206875,archived,2024-08-19
15477,Product_5477_1,books,569.7673430845837,327.29993610611353,inactive,2024-09-17
15478,Product_5478_1,electronics,401.4628385237684,466.25662915420696,inactive,2024-08-12
15479,Product_5479_1,sports,115.177488522034,418.46724863571274,archived,2024-04-09
15480,Product_5480_1,clothing,770.355054199984,279.81175026813304,archived,2024-04-01
15481,Product_5481_1,clothing,360.58775023498833,451.9542635841438,archived,2024-06-12
15482,Product_5482_1,sports,606.331920835938,334.30555372321106,inactive,2024-05-19
15483,Product_5483_1,sports,957.0638429799732,386.58698213157015,inactive,2024-03-10
15484,Product_5484_1,clothing,896.01470605427,374.97453884669557,inactive,2024-09-18
15485,Product_5485_1,home,944.852947364522,76.83471141650506,pending,2024-03-22
15486,Product_5486_1,books,700.8284748717139,132.37925208035148,active,2024-11-23
15487,Product_5487_1,sports,692.3726988969365,298.8923269782307,pending,2024-04-12
15488,Product_5488_1,electronics,972.3989921202872,454.00855250087017,inactive,2024-07-02
15489,Product_5489_1,books,408.22771034533145,258.88103265718075,pending,2024-05-15
15490,Product_5490_1,sports,389.9402151941536,63.4010107539284,pending,2024-01-22
15491,Product_5491_1,home,75.18509032778339,94.39492911557953,archived,2024-06-08
15492,Product_5492_1,electronics,105.80220012071523,328.2748380014055,archived,2024-09-17
15493,Product_5493_1,electronics,477.2798497576487,125.14239352026985,active,2024-03-15
15494,Product_5494_1,sports,461.2447996046016,293.1104601847233,archived,2024-04-10
15495,Product_5495_1,sports,830.0847538191213,272.4749469968688,active,2024-08-01
15496,Product_5496_1,clothing,185.15424081754338,290.49932574482494,pending,2024-12-19
15497,Product_5497_1,home,455.2573089180979,103.96510293782953,archived,2024-04-23
15498,Product_5498_1,electronics,10.352898900808395,142.9526167280881,archived,2024-12-16
15499,Product_5499_1,books,556.6729682008295,146.15142175744327,archived,2024-03-01
15500,Product_5500_1,sports,581.0906371683651,88.64618248998147,archived,2024-06-08
15501,Product_5501_1,home,608.1495580670395,428.4432035156957,active,2024-02-21
15502,Product_5502_1,books,216.6182440665165,66.25719523031648,active,2024-03-15
15503,Product_5503_1,electronics,398.9426025267186,455.2564520126947,archived,2024-10-04
15504,Product_5504_1,home,958.3371699718194,378.16226804868444,pending,2024-05-09
15505,Product_5505_1,sports,873.3088228534684,254.60494254298203,inactive,2024-02-06
15506,Product_5506_1,books,611.7188208958121,274.2554362348209,pending,2024-10-07
15507,Product_5507_1,electronics,586.2099918081576,412.61738096831544,active,2024-05-27
15508,Product_5508_1,home,789.1625253652242,309.26633329643397,inactive,2024-02-10
15509,Product_5509_1,sports,267.37447999609094,209.81937322857843,pending,2024-08-16
15510,Product_5510_1,sports,457.15762050957875,202.83863302267096,active,2024-05-20
15511,Product_5511_1,electronics,250.7139802720444,493.9035218041281,archived,2024-06-18
15512,Product_5512_1,home,885.5554454016284,354.14022429982685,inactive,2024-10-20
15513,Product_5513_1,electronics,97.18349975215207,348.2999413071,inactive,2024-05-22
15514,Product_5514_1,electronics,308.1256803351511,267.8926398184573,pending,2024-12-07
15515,Product_5515_1,electronics,168.49531193294467,98.49652952386074,pending,2024-09-11
15516,Product_5516_1,books,389.5278634357689,129.94441439811857,inactive,2024-11-20
15517,Product_5517_1,electronics,999.1714365378374,357.29212199298564,archived,2024-02-08
15518,Product_5518_1,sports,293.32721083679854,405.5937845244069,pending,2024-08-05
15519,Product_5519_1,books,729.540705043908,260.1876245873614,inactive,2024-08-15
15520,Product_5520_1,clothing,610.596545917801,420.61281929667,active,2024-04-17
15521,Product_5521_1,clothing,956.3721384354877,214.6144309142955,inactive,2024-10-28
15522,Product_5522_1,home,802.9658091624128,205.5475683771513,archived,2024-06-27
15523,Product_5523_1,books,605.3074979721479,99.67976998589,pending,2024-03-27
15524,Product_5524_1,books,27.395025231473344,259.70723899134236,archived,2024-12-21
15525,Product_5525_1,home,987.1132553229562,29.81489821240993,pending,2024-08-23
15526,Product_5526_1,books,166.61087072229958,108.6101477115764,pending,2024-04-05
15527,Product_5527_1,books,396.7462943834517,174.9723407990281,archived,2024-08-09
15528,Product_5528_1,home,170.22905392056833,346.6237370302821,active,2024-10-12
15529,Product_5529_1,clothing,98.34360174773194,174.90949540796055,inactive,2024-11-25
15530,Product_5530_1,clothing,865.0480821958455,35.636160155879786,inactive,2024-08-03
15531,Product_5531_1,sports,986.4902823981677,261.1789681391788,active,2024-06-04
15532,Product_5532_1,electronics,738.8522870177433,369.2898735315363,archived,2024-02-05
15533,Product_5533_1,sports,354.6943423561021,109.42799855044456,inactive,2024-05-24
15534,Product_5534_1,clothing,896.1979679267332,331.95459572060537,archived,2024-09-19
15535,Product_5535_1,home,425.09072788981405,392.2874603515436,archived,2024-12-04
15536,Product_5536_1,home,817.9141212955789,188.62668741571613,inactive,2024-11-17
15537,Product_5537_1,books,476.1403432278035,40.595285938564444,inactive,2024-06-16
15538,Product_5538_1,electronics,244.58417013798586,390.34201737665325,pending,2024-05-24
15539,Product_5539_1,electronics,989.2511028848268,30.003590224565887,active,2024-02-07
15540,Product_5540_1,home,771.0065498131855,471.25242859533245,pending,2024-10-07
15541,Product_5541_1,clothing,40.67945642932384,224.41750015318115,active,2024-11-11
15542,Product_5542_1,home,134.52972566945465,31.237652441470203,active,2024-12-12
15543,Product_5543_1,books,635.6674644681417,475.5479217295552,pending,2024-12-10
15544,Product_5544_1,sports,563.2454669137301,307.2160846847551,archived,2024-07-07
15545,Product_5545_1,home,603.3959184329276,188.65114818092147,inactive,2024-08-11
15546,Product_5546_1,clothing,139.72535069891535,77.15536962772003,inactive,2024-10-27
15547,Product_5547_1,sports,939.1493173016069,420.70085542260057,archived,2024-05-15
15548,Product_5548_1,books,620.4732447062337,70.79593413392593,pending,2024-11-11
15549,Product_5549_1,electronics,429.3799935330514,37.430836018173636,inactive,2024-03-02
15550,Product_5550_1,books,949.0837249073572,320.89824265573816,active,2024-02-22
15551,Product_5551_1,clothing,711.3990985506646,210.30551501108195,active,2024-01-26
15552,Product_5552_1,sports,142.77603856245148,375.4646639994863,active,2024-07-02
15553,Product_5553_1,sports,819.4324158137507,94.35742200839073,pending,2024-04-19
15554,Product_5554_1,books,43.1294717936456,197.1672830949822,active,2024-10-23
15555,Product_5555_1,home,981.0137581594979,427.07893097329327,inactive,2024-03-02
15556,Product_5556_1,electronics,203.79869833913978,100.2165786678303,archived,2024-10-16
15557,Product_5557_1,clothing,603.8424604045521,74.16927392621098,active,2024-06-23
15558,Product_5558_1,electronics,393.6317094331277,42.723493638147616,archived,2024-03-14
15559,Product_5559_1,electronics,439.99750373856233,138.70142079537513,active,2024-02-28
15560,Product_5560_1,clothing,388.88616054340514,113.03538431125364,pending,2024-10-23
15561,Product_5561_1,books,961.5988339837977,468.4635380766569,inactive,2024-01-10
15562,Product_5562_1,books,949.4670773885654,315.4290360223914,inactive,2024-12-17
15563,Product_5563_1,electronics,199.89988914866734,10.998360629506415,active,2024-06-01
15564,Product_5564_1,electronics,25.127799080023664,241.68438735663938,pending,2024-08-12
15565,Product_5565_1,home,858.9428328110175,52.610350078981995,inactive,2024-04-02
15566,Product_5566_1,books,420.28734170639274,185.07710006384255,inactive,2024-11-27
15567,Product_5567_1,clothing,432.3655076778422,296.7393908553268,active,2024-05-08
15568,Product_5568_1,home,411.21203204241056,354.4116062410118,inactive,2024-04-25
15569,Product_5569_1,home,775.9278325896547,223.67315794872647,active,2024-11-18
15570,Product_5570_1,home,912.5985922846952,248.25088615452034,archived,2024-10-26
15571,Product_5571_1,books,572.5641496282916,492.7223951668984,archived,2024-08-21
15572,Product_5572_1,books,82.14530503552771,40.292809943266064,inactive,2024-08-07
15573,Product_5573_1,clothing,496.3268511633952,70.77550662132403,active,2024-12-02
15574,Product_5574_1,home,254.56039749546827,176.9337633365302,inactive,2024-12-12
15575,Product_5575_1,home,180.484339947182,423.6669002857816,pending,2024-12-09
15576,Product_5576_1,books,615.5037798284519,422.7677677813374,pending,2024-03-25
15577,Product_5577_1,home,713.5754874773379,86.03338510818735,active,2024-08-01
15578,Product_5578_1,sports,922.8786815402582,219.68949466229353,inactive,2024-04-26
15579,Product_5579_1,books,786.4924290672956,129.4408155122856,active,2024-05-14
15580,Product_5580_1,books,297.0773703184561,497.297668523819,archived,2024-05-22
15581,Product_5581_1,home,832.1030410843861,48.15569983978949,active,2024-10-26
15582,Product_5582_1,clothing,693.6008252261857,341.7536773115351,inactive,2024-04-05
15583,Product_5583_1,clothing,766.3465230343278,311.62760279895895,inactive,2024-01-08
15584,Product_5584_1,clothing,872.6318645674208,54.96725584297755,archived,2024-06-17
15585,Product_5585_1,home,659.9176022343628,374.7455820749909,active,2024-05-05
15586,Product_5586_1,books,550.7127362105751,73.83760685042418,archived,2024-10-20
15587,Product_5587_1,clothing,940.6831119525239,276.74682141592655,archived,2024-03-27
15588,Product_5588_1,home,413.01414470339574,63.64308766840519,active,2024-04-10
15589,Product_5589_1,sports,388.4058318679136,213.28038360745362,active,2024-04-13
15590,Product_5590_1,home,238.76475792165726,395.59644658077553,archived,2024-10-26
15591,Product_5591_1,sports,713.1221907614379,305.6445483022824,archived,2024-12-27
15592,Product_5592_1,home,386.6528864452528,397.27280772866953,pending,2024-05-03
15593,Product_5593_1,electronics,50.37006851573689,284.76305373274226,inactive,2024-01-15
15594,Product_5594_1,home,546.9759278278094,488.3020995147036,archived,2024-07-17
15595,Product_5595_1,books,731.1197979824974,166.23389115174433,pending,2024-12-20
15596,Product_5596_1,books,136.1099241312227,161.18239806546617,inactive,2024-08-07
15597,Product_5597_1,clothing,314.790437111696,236.91182110982396,active,2024-11-26
15598,Product_5598_1,clothing,643.2381985109497,476.05397323429014,active,2024-07-07
15599,Product_5599_1,electronics,453.4313627744933,85.18674631857661,pending,2024-08-14
15600,Product_5600_1,books,134.35961886692954,134.97562743119138,archived,2024-01-15
15601,Product_5601_1,sports,456.9508057306658,144.12537193857062,active,2024-12-25
15602,Product_5602_1,home,612.6988479509098,97.33908176145954,inactive,2024-05-19
15603,Product_5603_1,sports,621.8502345642167,403.5465819492067,archived,2024-09-04
15604,Product_5604_1,home,556.7803887378861,297.1486685995162,inactive,2024-05-14
15605,Product_5605_1,clothing,296.05889967396274,340.42988220188,pending,2024-07-05
15606,Product_5606_1,home,632.3829231160435,223.48587600595033,active,2024-04-27
15607,Product_5607_1,home,416.9010407652533,29.158258705712253,archived,2024-08-21
15608,Product_5608_1,sports,80.2219410674855,440.56038602052564,archived,2024-08-15
15609,Product_5609_1,home,906.6898823500136,154.3698481768112,inactive,2024-06-09
15610,Product_5610_1,books,521.830663742593,401.3804543849609,inactive,2024-05-20
15611,Product_5611_1,home,472.2842575381546,22.021479977279654,archived,2024-02-15
15612,Product_5612_1,home,712.7987568954178,214.1830010366635,archived,2024-02-09
15613,Product_5613_1,electronics,438.45832718139394,75.6093757690302,inactive,2024-11-07
15614,Product_5614_1,electronics,200.2361012301875,494.9944425149238,pending,2024-02-17
15615,Product_5615_1,sports,921.214561570502,423.3358050875171,pending,2024-03-25
15616,Product_5616_1,sports,110.11031593197568,272.87717327880773,pending,2024-12-09
15617,Product_5617_1,books,269.92240668128204,22.05936151888851,archived,2024-03-28
15618,Product_5618_1,home,179.18508133512816,319.4607855821413,active,2024-11-17
15619,Product_5619_1,electronics,154.18218264129644,483.4461669990936,archived,2024-11-26
15620,Product_5620_1,home,451.3662140892883,101.92578528540841,active,2024-02-25
15621,Product_5621_1,clothing,20.787243485813217,46.217596882469245,archived,2024-12-24
15622,Product_5622_1,books,714.2723872604004,183.29938476496284,inactive,2024-06-14
15623,Product_5623_1,sports,13.093350073402787,350.40309305740675,pending,2024-05-01
15624,Product_5624_1,sports,144.31087950460707,25.774755957582798,pending,2024-05-16
15625,Product_5625_1,sports,759.3944316818076,229.22097251518485,inactive,2024-01-03
15626,Product_5626_1,books,415.8270565195386,236.98220893669827,archived,2024-12-04
15627,Product_5627_1,sports,320.585354335753,485.7879093723953,active,2024-01-09
15628,Product_5628_1,books,670.2225543387738,348.4715939229813,inactive,2024-09-03
15629,Product_5629_1,clothing,623.7084141722192,73.53338177853134,inactive,2024-04-27
15630,Product_5630_1,electronics,730.1339327504239,155.79631070705688,active,2024-01-10
15631,Product_5631_1,electronics,162.0279792581975,103.06071862411846,archived,2024-07-17
15632,Product_5632_1,clothing,100.54699834258889,476.53131217388284,active,2024-01-28
15633,Product_5633_1,books,432.7459978695552,30.816547984495653,archived,2024-04-17
15634,Product_5634_1,home,969.7642903283552,226.1228883065579,active,2024-12-12
15635,Product_5635_1,clothing,521.4264771150212,465.9465756820698,active,2024-04-15
15636,Product_5636_1,clothing,467.16028133936726,245.8807439490045,archived,2024-05-06
15637,Product_5637_1,sports,482.1678337450048,167.09154491014704,active,2024-07-19
15638,Product_5638_1,books,178.11695638676682,36.155222606129634,pending,2024-12-25
15639,Product_5639_1,electronics,376.88714183840244,288.1559289138252,pending,2024-07-14
15640,Product_5640_1,home,952.205113131158,350.9787907569013,active,2024-05-19
15641,Product_5641_1,sports,785.6297794842444,459.8315402271416,pending,2024-04-03
15642,Product_5642_1,electronics,672.5523813247934,218.28969258320564,active,2024-05-05
15643,Product_5643_1,clothing,808.7437168850317,115.33084144927595,archived,2024-12-06
15644,Product_5644_1,books,5.264315486593109,426.6312004721349,inactive,2024-10-07
15645,Product_5645_1,home,556.6995537077083,99.91441772652364,archived,2024-05-07
15646,Product_5646_1,electronics,972.5265813035921,219.93347881725433,active,2024-01-07
15647,Product_5647_1,electronics,738.261268323773,27.229782226703545,pending,2024-09-12
15648,Product_5648_1,electronics,77.6728075960277,116.0547885778895,archived,2024-04-19
15649,Product_5649_1,electronics,677.3082321798815,79.65187637321183,archived,2024-06-01
15650,Product_5650_1,electronics,33.98852490486585,90.75459290341423,inactive,2024-02-23
15651,Product_5651_1,electronics,446.6590805490816,211.90623334839484,archived,2024-11-16
15652,Product_5652_1,sports,857.0265887260928,389.38214010916687,active,2024-05-14
15653,Product_5653_1,electronics,712.564778673202,314.3202538251331,archived,2024-04-01
15654,Product_5654_1,books,929.155189701803,397.0865946989289,pending,2024-07-21
15655,Product_5655_1,books,114.82004405446634,461.24540528106525,active,2024-08-15
15656,Product_5656_1,sports,716.365496604465,478.9186105395031,active,2024-08-13
15657,Product_5657_1,home,707.7815905809455,482.6317519437014,inactive,2024-07-20
15658,Product_5658_1,sports,814.6975816311636,66.44744828633264,active,2024-08-12
15659,Product_5659_1,electronics,25.445117652013934,458.7728848548728,pending,2024-08-01
15660,Product_5660_1,home,85.15242460950911,470.44213787319006,active,2024-09-26
15661,Product_5661_1,books,924.6117963519522,300.60556080865,active,2024-10-04
15662,Product_5662_1,clothing,882.9253068746207,278.4385056108751,archived,2024-04-21
15663,Product_5663_1,books,642.1455295941398,99.67587753161047,active,2024-08-14
15664,Product_5664_1,books,505.9087534626077,411.2513396244279,active,2024-12-20
15665,Product_5665_1,books,727.1079156733509,373.9047041617569,active,2024-12-12
15666,Product_5666_1,sports,526.2910093729142,145.52364242455988,archived,2024-03-18
15667,Product_5667_1,electronics,565.9714489260693,371.35530672216095,pending,2024-05-24
15668,Product_5668_1,clothing,675.526669566272,124.4733594481872,active,2024-05-25
15669,Product_5669_1,books,696.5247740836745,23.4184089514289,inactive,2024-07-08
15670,Product_5670_1,electronics,471.82269333714964,26.9551083960947,archived,2024-12-25
15671,Product_5671_1,electronics,799.1453185112738,123.09301318021639,inactive,2024-06-23
15672,Product_5672_1,electronics,401.97969652157155,437.7194301548986,inactive,2024-05-01
15673,Product_5673_1,sports,781.2305515307277,483.67998785555926,archived,2024-06-10
15674,Product_5674_1,sports,183.94661934918878,169.24944773948417,archived,2024-12-10
15675,Product_5675_1,electronics,518.4003943646435,463.47016798775286,active,2024-11-08
15676,Product_5676_1,books,916.5829504369941,228.91743624468486,pending,2024-12-13
15677,Product_5677_1,books,180.32154111483948,293.90217931012165,archived,2024-03-18
15678,Product_5678_1,clothing,805.3685525092518,469.34143529003245,pending,2024-05-08
15679,Product_5679_1,books,147.41107895742465,45.88002650136064,pending,2024-10-10
15680,Product_5680_1,clothing,502.88184279648,449.7343284325352,pending,2024-02-07
15681,Product_5681_1,sports,686.93227256209,419.77510795934523,inactive,2024-11-03
15682,Product_5682_1,electronics,864.8660962890187,45.30894832643074,archived,2024-01-23
15683,Product_5683_1,clothing,526.4447227639937,123.44425795490798,active,2024-12-07
15684,Product_5684_1,books,660.6040538089903,336.36065371834775,archived,2024-03-18
15685,Product_5685_1,clothing,197.94543192398478,348.07127878151204,archived,2024-09-24
15686,Product_5686_1,home,514.7274131690418,255.67958612075643,archived,2024-09-25
15687,Product_5687_1,clothing,51.209361800680284,26.498664090358705,active,2024-05-13
15688,Product_5688_1,home,830.9797161525703,295.86004548749156,pending,2024-08-13
15689,Product_5689_1,electronics,440.3379581375096,35.44490077732266,active,2024-02-06
15690,Product_5690_1,electronics,713.6051302002028,491.37962198372486,active,2024-10-14
15691,Product_5691_1,home,13.705782237140069,306.50481114449826,active,2024-05-16
15692,Product_5692_1,home,473.56098883436806,286.9191458170763,archived,2024-09-15
15693,Product_5693_1,home,270.3526244157791,470.0831265625966,inactive,2024-06-22
15694,Product_5694_1,sports,158.98488260712952,165.30671540384506,pending,2024-01-18
15695,Product_5695_1,books,624.11410710157,405.23159554088016,active,2024-02-13
15696,Product_5696_1,clothing,641.942265201782,382.6566376607142,pending,2024-03-05
15697,Product_5697_1,home,279.37290805846,496.69894251755716,inactive,2024-06-23
15698,Product_5698_1,electronics,798.782915667076,137.65779740292965,pending,2024-04-05
15699,Product_5699_1,electronics,390.87229565043623,218.4921014692332,archived,2024-01-11
15700,Product_5700_1,sports,940.5427699257071,334.1769956870006,inactive,2024-04-23
15701,Product_5701_1,home,370.7150173081623,110.93259287350705,inactive,2024-02-25
15702,Product_5702_1,sports,17.832017478560218,382.242546628966,inactive,2024-05-07
15703,Product_5703_1,books,638.0137641221394,180.30323101181648,archived,2024-05-28
15704,Product_5704_1,home,359.6107364443152,266.64166253900027,inactive,2024-10-13
15705,Product_5705_1,home,783.7738225882259,197.79427748212328,active,2024-03-03
15706,Product_5706_1,books,40.769870334299085,324.70757465970223,pending,2024-05-21
15707,Product_5707_1,home,393.44583258067547,126.30471758640373,archived,2024-10-24
15708,Product_5708_1,sports,172.86285761211505,271.5919219238874,inactive,2024-12-16
15709,Product_5709_1,sports,620.3037859902281,286.69752123404555,active,2024-07-22
15710,Product_5710_1,home,808.1531219074874,166.3506391996906,inactive,2024-01-09
15711,Product_5711_1,clothing,340.4388110062602,365.22787528922805,archived,2024-02-06
15712,Product_5712_1,home,385.45062098298087,41.69311787009754,pending,2024-06-02
15713,Product_5713_1,clothing,758.9078681752042,66.47667892792754,inactive,2024-06-18
15714,Product_5714_1,home,311.0158514352626,283.84180211954174,inactive,2024-02-10
15715,Product_5715_1,electronics,824.1763200660315,306.96431240619944,inactive,2024-02-15
15716,Product_5716_1,books,153.67093794153328,117.59890159786487,inactive,2024-06-02
15717,Product_5717_1,clothing,572.980213776534,296.14761145027506,archived,2024-02-22
15718,Product_5718_1,home,608.7021014093622,397.0096854052481,archived,2024-03-28
15719,Product_5719_1,home,9.8243845009219,121.91483926304946,inactive,2024-04-19
15720,Product_5720_1,electronics,263.2147088904227,268.9211021034219,inactive,2024-06-16
15721,Product_5721_1,home,749.525404727786,477.52811545657374,pending,2024-06-03
15722,Product_5722_1,books,772.7590062452759,276.6748517055526,archived,2024-11-20
15723,Product_5723_1,books,998.8835144931571,122.49376740109037,pending,2024-03-14
15724,Product_5724_1,sports,927.0992308159161,393.9848151020733,archived,2024-04-11
15725,Product_5725_1,home,817.2664323860682,111.6130375176793,active,2024-10-27
15726,Product_5726_1,electronics,821.2542127824846,286.1929108957797,active,2024-06-13
15727,Product_5727_1,books,918.8552745103049,367.7900423300034,inactive,2024-02-27
15728,Product_5728_1,clothing,21.429385442862564,188.5625035751039,pending,2024-03-19
15729,Product_5729_1,electronics,443.41912345783123,309.2920924844867,pending,2024-12-07
15730,Product_5730_1,electronics,292.38697028733486,36.45369789285813,pending,2024-03-14
15731,Product_5731_1,electronics,975.6210827097498,487.9494915290466,archived,2024-06-16
15732,Product_5732_1,home,634.5115447630506,264.7551431203485,archived,2024-09-10
15733,Product_5733_1,books,407.92300626678286,334.14843694568424,pending,2024-07-03
15734,Product_5734_1,electronics,247.0527279250652,371.0189711582683,inactive,2024-03-27
15735,Product_5735_1,books,691.1496724484471,416.18719980101724,archived,2024-07-28
15736,Product_5736_1,books,212.26963524470852,73.68430096421466,archived,2024-10-15
15737,Product_5737_1,home,969.4909617291307,421.45419925918065,active,2024-03-17
15738,Product_5738_1,clothing,482.63667428304205,82.4501503459423,pending,2024-06-23
15739,Product_5739_1,clothing,761.3898317426007,93.05990881103412,active,2024-02-22
15740,Product_5740_1,sports,404.20997377825506,162.08788348277324,active,2024-04-20
15741,Product_5741_1,books,61.451287238273764,400.33171841800583,pending,2024-12-09
15742,Product_5742_1,books,132.1181743337543,180.72875960344297,inactive,2024-09-04
15743,Product_5743_1,sports,751.8790938394474,462.0075929416863,active,2024-04-08
15744,Product_5744_1,books,679.0277705494522,320.10925571644697,active,2024-10-20
15745,Product_5745_1,books,334.0376623946785,337.07129471307894,pending,2024-10-02
15746,Product_5746_1,home,6.868396112704212,484.8118575801309,pending,2024-11-13
15747,Product_5747_1,clothing,617.2374161763745,89.11190138348155,archived,2024-10-23
15748,Product_5748_1,electronics,421.09057632300136,173.98319260312095,active,2024-08-10
15749,Product_5749_1,books,565.3801001049447,26.762411137845266,active,2024-11-18
15750,Product_5750_1,sports,900.2304879842811,108.81308262679566,active,2024-06-14
15751,Product_5751_1,electronics,128.51213843140297,428.1349280009424,pending,2024-07-15
15752,Product_5752_1,books,155.9293345494246,407.4243233670308,inactive,2024-11-21
15753,Product_5753_1,electronics,755.5704518757841,53.48454419675212,inactive,2024-06-19
15754,Product_5754_1,sports,199.1846011539978,65.16714191848494,pending,2024-07-11
15755,Product_5755_1,books,522.7394031791144,135.5466734329603,archived,2024-07-18
15756,Product_5756_1,home,990.522521537504,498.13006479095975,archived,2024-01-19
15757,Product_5757_1,books,454.72585935136505,175.65834626486745,inactive,2024-01-02
15758,Product_5758_1,clothing,420.246585728431,446.8865885053531,archived,2024-01-01
15759,Product_5759_1,electronics,525.9045602062718,240.20902098029222,active,2024-05-23
15760,Product_5760_1,clothing,988.0244641731734,203.3527741248326,active,2024-04-26
15761,Product_5761_1,home,429.0630639767227,209.75533353825884,inactive,2024-01-24
15762,Product_5762_1,books,588.046738147633,33.300812335929066,pending,2024-11-10
15763,Product_5763_1,clothing,935.8502996049846,227.12795581760994,archived,2024-09-13
15764,Product_5764_1,home,424.7433563910373,457.63876848238874,inactive,2024-10-24
15765,Product_5765_1,electronics,567.1325864114916,494.6862507877644,pending,2024-02-14
15766,Product_5766_1,sports,804.1339187425081,414.6282076601759,pending,2024-06-06
15767,Product_5767_1,electronics,759.3887721300307,187.64903505871305,active,2024-09-08
15768,Product_5768_1,electronics,969.1966877053825,47.65138182943854,inactive,2024-05-27
15769,Product_5769_1,books,243.18662235235095,155.87258783385028,archived,2024-05-02
15770,Product_5770_1,clothing,576.1688670286571,60.40629403528971,pending,2024-05-14
15771,Product_5771_1,home,443.3729046722315,282.0218647598138,inactive,2024-08-09
15772,Product_5772_1,sports,200.10020828050236,347.717818683562,archived,2024-04-21
15773,Product_5773_1,home,286.19420086468176,416.3701020808997,inactive,2024-06-25
15774,Product_5774_1,sports,708.4179106954002,326.8404405933779,active,2024-01-10
15775,Product_5775_1,sports,340.02861624593504,155.31986105706636,pending,2024-01-11
15776,Product_5776_1,books,656.2364119757419,415.2875162603288,inactive,2024-05-02
15777,Product_5777_1,clothing,521.7175858504278,478.7284177999168,active,2024-11-10
15778,Product_5778_1,home,937.9643673736557,228.1588113128156,inactive,2024-09-28
15779,Product_5779_1,home,747.6463237123563,312.7797835525051,inactive,2024-09-08
15780,Product_5780_1,books,29.18468646612028,499.1178813443203,inactive,2024-02-15
15781,Product_5781_1,electronics,141.7178417827926,443.64763262529436,archived,2024-08-28
15782,Product_5782_1,home,432.36643385136745,492.72026349844987,inactive,2024-04-22
15783,Product_5783_1,electronics,504.156067478951,243.73343969502696,active,2024-02-21
15784,Product_5784_1,books,806.7229332721546,35.089092290645965,pending,2024-09-02
15785,Product_5785_1,clothing,809.0587700794315,61.307593672257646,archived,2024-04-11
15786,Product_5786_1,electronics,964.8135613480725,53.90962136358353,inactive,2024-04-13
15787,Product_5787_1,books,899.3400407936502,200.04917932728821,pending,2024-06-12
15788,Product_5788_1,sports,719.927087666923,424.5573712279883,archived,2024-05-16
15789,Product_5789_1,home,955.3493748947059,340.6809236355297,inactive,2024-05-13
15790,Product_5790_1,sports,380.67147445927213,82.7280015432964,pending,2024-08-06
15791,Product_5791_1,home,56.538949450388415,461.10848553791755,active,2024-06-17
15792,Product_5792_1,books,68.9890398427555,407.9859721466475,active,2024-02-11
15793,Product_5793_1,home,321.35070002786756,442.63691068536565,inactive,2024-12-14
15794,Product_5794_1,home,586.3598358549959,248.59608753095085,pending,2024-05-16
15795,Product_5795_1,clothing,901.0470592290387,150.08573967049696,active,2024-08-08
15796,Product_5796_1,sports,930.6546444488436,30.198127789547257,inactive,2024-09-10
15797,Product_5797_1,books,47.7665138762603,81.68197961761364,inactive,2024-01-08
15798,Product_5798_1,electronics,470.3447889182714,53.237854109412496,active,2024-07-28
15799,Product_5799_1,home,664.3626101898967,95.8367204855858,archived,2024-05-05
15800,Product_5800_1,electronics,884.2680483573885,109.89030350048623,pending,2024-03-01
15801,Product_5801_1,clothing,442.74306716603184,76.92134263183124,active,2024-08-03
15802,Product_5802_1,sports,89.44077720765972,201.09849568015895,pending,2024-09-17
15803,Product_5803_1,clothing,952.5620497715757,290.2451054373398,inactive,2024-05-01
15804,Product_5804_1,clothing,164.29479960508593,152.82586217931402,archived,2024-01-04
15805,Product_5805_1,home,848.2627600181835,363.2249084585081,active,2024-11-16
15806,Product_5806_1,electronics,93.66624539804234,395.23571041006835,inactive,2024-03-26
15807,Product_5807_1,home,662.5604462633792,337.6454603851717,pending,2024-06-28
15808,Product_5808_1,sports,100.49120241071437,121.27456965648987,inactive,2024-09-21
15809,Product_5809_1,sports,125.04699992438,382.4649829319663,active,2024-03-16
15810,Product_5810_1,sports,181.67897614786983,315.4351685699913,archived,2024-09-03
15811,Product_5811_1,electronics,768.8821764091058,197.4740880946139,archived,2024-07-28
15812,Product_5812_1,clothing,773.4702790664683,178.98555975112356,active,2024-11-22
15813,Product_5813_1,sports,858.5758978634839,396.57308433836755,inactive,2024-04-13
15814,Product_5814_1,home,187.97276576043936,472.5267805219919,active,2024-12-25
15815,Product_5815_1,books,97.96537856446177,382.41231406901574,active,2024-01-06
15816,Product_5816_1,electronics,280.0433145310934,482.42501463579777,active,2024-03-03
15817,Product_5817_1,clothing,695.6132509216875,78.11342145849557,pending,2024-09-23
15818,Product_5818_1,books,720.4683069397782,253.5398281952608,pending,2024-07-09
15819,Product_5819_1,clothing,151.9879845188551,395.58225061822634,pending,2024-07-09
15820,Product_5820_1,sports,243.23536736557486,20.751574772493665,active,2024-03-10
15821,Product_5821_1,sports,737.4098851377074,333.38458201618784,active,2024-04-06
15822,Product_5822_1,sports,680.0151956705462,342.9548907956991,pending,2024-10-21
15823,Product_5823_1,sports,795.1098100301667,147.68017989151176,archived,2024-08-04
15824,Product_5824_1,sports,631.6952906984025,380.06690417487926,active,2024-04-08
15825,Product_5825_1,books,150.5813635515797,450.157239741287,archived,2024-05-23
15826,Product_5826_1,books,209.21680338977478,148.487983492129,archived,2024-03-28
15827,Product_5827_1,sports,516.5265656933877,349.9645373534943,inactive,2024-08-23
15828,Product_5828_1,clothing,808.1861189016748,222.85072884743226,archived,2024-11-06
15829,Product_5829_1,books,963.2895720236412,283.6158816132885,pending,2024-06-13
15830,Product_5830_1,books,609.833880537501,245.42568183473665,archived,2024-07-21
15831,Product_5831_1,clothing,99.80028116717081,343.00749667845196,active,2024-05-21
15832,Product_5832_1,sports,251.3205621179889,382.5077950000331,pending,2024-11-14
15833,Product_5833_1,home,155.4164085119028,129.24154064516148,archived,2024-03-25
15834,Product_5834_1,books,921.2625297164933,272.0666895956577,pending,2024-12-11
15835,Product_5835_1,books,778.7976151696769,105.90861402080425,inactive,2024-06-01
15836,Product_5836_1,electronics,528.8603729113996,421.35973373394455,active,2024-10-26
15837,Product_5837_1,home,903.4871988095831,70.14729208110006,inactive,2024-12-21
15838,Product_5838_1,sports,887.2078487397683,444.19939933039734,inactive,2024-12-02
15839,Product_5839_1,books,565.0685153658567,487.69590533937605,pending,2024-01-14
15840,Product_5840_1,books,450.5825131444638,442.77558314083547,active,2024-09-05
15841,Product_5841_1,electronics,789.0829483943086,457.26290291103237,inactive,2024-04-07
15842,Product_5842_1,clothing,31.567601571206463,444.62815195684726,inactive,2024-01-10
15843,Product_5843_1,books,512.881554836378,23.397843333165163,inactive,2024-09-06
15844,Product_5844_1,sports,244.10215950393476,293.27401856659776,archived,2024-09-24
15845,Product_5845_1,electronics,282.4568798179171,24.493998250594892,inactive,2024-03-23
15846,Product_5846_1,books,494.175690916505,375.4118881167685,pending,2024-10-23
15847,Product_5847_1,electronics,631.3269231523045,472.2967408381761,active,2024-01-14
15848,Product_5848_1,home,117.13829770407652,440.07524025536554,inactive,2024-03-18
15849,Product_5849_1,books,518.9170542045273,109.83348377411293,active,2024-08-18
15850,Product_5850_1,books,409.00469887523616,357.00760188757613,pending,2024-02-25
15851,Product_5851_1,home,489.76596979654556,364.77772979667947,inactive,2024-01-19
15852,Product_5852_1,sports,449.0896281506309,259.8592514893485,archived,2024-02-02
15853,Product_5853_1,clothing,780.6958159207497,65.51726327566729,active,2024-09-20
15854,Product_5854_1,books,326.60809327033735,451.4213324037289,inactive,2024-01-08
15855,Product_5855_1,home,643.299396889437,271.07124632618604,active,2024-03-21
15856,Product_5856_1,clothing,121.14714631956822,128.4480991098957,inactive,2024-09-15
15857,Product_5857_1,books,578.6533418668838,453.45550986936587,archived,2024-12-07
15858,Product_5858_1,books,467.66315335518385,16.327079067517893,active,2024-08-09
15859,Product_5859_1,sports,255.6249318282821,57.7072989186894,active,2024-11-08
15860,Product_5860_1,clothing,458.677138964515,433.1206674782638,archived,2024-04-20
15861,Product_5861_1,home,662.6235604611987,156.93951831118528,archived,2024-10-01
15862,Product_5862_1,clothing,78.99622851726524,18.710085628860256,inactive,2024-07-11
15863,Product_5863_1,books,78.96345323983466,256.76229273943534,pending,2024-10-24
15864,Product_5864_1,electronics,298.27954363817435,253.089270622713,pending,2024-05-11
15865,Product_5865_1,home,283.6590295576662,262.98539236702374,inactive,2024-07-21
15866,Product_5866_1,books,805.5709963348363,359.88869852752003,active,2024-04-05
15867,Product_5867_1,electronics,146.04361360650816,489.3711388242002,inactive,2024-04-05
15868,Product_5868_1,sports,637.0858754346207,90.87660055147673,active,2024-04-24
15869,Product_5869_1,electronics,690.9894529422141,140.454991338593,inactive,2024-07-02
15870,Product_5870_1,sports,796.5218356956188,26.526276602523573,archived,2024-11-27
15871,Product_5871_1,sports,799.4999136235836,448.76973013633227,active,2024-12-11
15872,Product_5872_1,home,516.1901061001385,333.9374402482096,pending,2024-05-06
15873,Product_5873_1,clothing,352.19864882392784,16.81671421603862,archived,2024-12-03
15874,Product_5874_1,home,142.37465610303147,318.8685073071371,archived,2024-01-23
15875,Product_5875_1,electronics,307.64606235908485,258.5071560758639,archived,2024-08-23
15876,Product_5876_1,sports,855.8262674547219,406.4468353764201,inactive,2024-07-23
15877,Product_5877_1,books,84.94790500193048,225.65492030379957,archived,2024-11-06
15878,Product_5878_1,books,31.048100421721703,209.0405018016707,active,2024-11-14
15879,Product_5879_1,books,532.4511334824465,362.0426107257266,pending,2024-03-05
15880,Product_5880_1,clothing,774.0941068627402,55.13214841204643,active,2024-10-04
15881,Product_5881_1,sports,93.98708357137762,376.1082046321374,active,2024-04-11
15882,Product_5882_1,clothing,818.6245059178574,215.493737090511,archived,2024-08-25
15883,Product_5883_1,sports,793.3598290925803,487.26564270262406,pending,2024-05-17
15884,Product_5884_1,home,363.7628256997996,312.44056234781857,active,2024-06-08
15885,Product_5885_1,electronics,256.802334767631,359.01639403985376,active,2024-09-11
15886,Product_5886_1,home,631.8673522286322,379.9878943195851,archived,2024-03-18
15887,Product_5887_1,sports,24.65876670666514,466.9425613455587,active,2024-09-06
15888,Product_5888_1,home,855.2879351015582,466.9867518032024,archived,2024-02-26
15889,Product_5889_1,home,245.99425643345626,199.24293120399165,pending,2024-02-04
15890,Product_5890_1,clothing,118.52955832110526,156.0579090972172,archived,2024-03-03
15891,Product_5891_1,home,603.953482518742,307.2221584008197,inactive,2024-05-05
15892,Product_5892_1,home,172.59469612555185,464.9532747038153,archived,2024-11-26
15893,Product_5893_1,home,302.7209116320259,476.7666643470564,active,2024-03-28
15894,Product_5894_1,clothing,497.80569444010956,119.40906673801474,archived,2024-03-28
15895,Product_5895_1,clothing,532.1262424468011,29.28367592141314,inactive,2024-03-22
15896,Product_5896_1,electronics,138.78560698019146,183.68200933650834,archived,2024-04-15
15897,Product_5897_1,clothing,492.7700281853818,100.71705158806915,archived,2024-12-12
15898,Product_5898_1,sports,770.8744241323001,225.27245216228786,archived,2024-09-28
15899,Product_5899_1,electronics,939.435358359604,476.9976358124853,active,2024-10-01
15900,Product_5900_1,sports,433.0109848690833,352.9178417516315,active,2024-09-25
15901,Product_5901_1,clothing,547.7245902939129,57.72189262325636,archived,2024-03-28
15902,Product_5902_1,clothing,650.8853121254115,418.3809670244725,pending,2024-12-16
15903,Product_5903_1,clothing,488.4070959915112,342.4825049165501,archived,2024-11-14
15904,Product_5904_1,home,739.917175770364,408.6175151493769,archived,2024-11-01
15905,Product_5905_1,home,312.4192417303542,145.81298326498185,inactive,2024-10-18
15906,Product_5906_1,books,773.2617502453761,89.5152724330122,pending,2024-06-22
15907,Product_5907_1,home,95.61127608268892,465.2398396117482,inactive,2024-12-11
15908,Product_5908_1,electronics,790.7681913715581,42.58153033186938,pending,2024-06-22
15909,Product_5909_1,home,2.6275446184548934,120.15501409632351,inactive,2024-02-01
15910,Product_5910_1,clothing,713.4913531394468,309.70494913665624,inactive,2024-03-28
15911,Product_5911_1,books,53.27447831673686,256.0522996483567,inactive,2024-09-01
15912,Product_5912_1,sports,650.4895389000155,397.3167002972119,pending,2024-02-22
15913,Product_5913_1,home,594.2940248626949,165.4244363667833,inactive,2024-07-17
15914,Product_5914_1,home,611.1737626716367,17.294692624588784,pending,2024-03-26
15915,Product_5915_1,clothing,946.5623903674751,159.74212354373404,active,2024-04-08
15916,Product_5916_1,sports,17.908446258475774,421.5100923349066,inactive,2024-12-28
15917,Product_5917_1,books,653.5164428848252,473.27296850643086,pending,2024-06-13
15918,Product_5918_1,sports,154.70494773020104,102.13340346487603,pending,2024-12-13
15919,Product_5919_1,books,905.400670101997,485.1750339105092,inactive,2024-06-10
15920,Product_5920_1,electronics,278.0012874798269,486.1416001303967,inactive,2024-05-20
15921,Product_5921_1,clothing,994.7694370334627,128.27460503708681,pending,2024-10-28
15922,Product_5922_1,home,935.6420570169367,161.6080915512485,archived,2024-02-23
15923,Product_5923_1,sports,72.5168666367437,271.3457309373157,pending,2024-11-11
15924,Product_5924_1,clothing,449.26488275511025,268.3611556217534,inactive,2024-01-18
15925,Product_5925_1,electronics,684.0301947570644,454.22186538921727,pending,2024-08-17
15926,Product_5926_1,home,557.5134832599391,103.76474292288643,inactive,2024-08-04
15927,Product_5927_1,electronics,922.5929457083997,456.0284112960077,archived,2024-12-15
15928,Product_5928_1,books,916.9988670527954,33.31665653778397,active,2024-07-15
15929,Product_5929_1,books,113.54840609273454,292.69519645044204,active,2024-01-08
15930,Product_5930_1,electronics,930.4795053749534,195.76104543103324,inactive,2024-03-07
15931,Product_5931_1,sports,424.2631196640672,487.2406176996876,archived,2024-05-24
15932,Product_5932_1,electronics,697.6313115109185,369.39619575294114,active,2024-04-10
15933,Product_5933_1,clothing,144.57748827861,139.70222720178515,pending,2024-06-03
15934,Product_5934_1,books,447.15334605946856,249.4290129530688,archived,2024-01-08
15935,Product_5935_1,clothing,667.7882585400857,455.82350711920935,archived,2024-12-03
15936,Product_5936_1,home,819.5628790719214,151.0499658767574,pending,2024-08-09
15937,Product_5937_1,sports,468.69218583575963,108.66034941807463,inactive,2024-09-13
15938,Product_5938_1,sports,408.1949179987318,181.42610956243703,pending,2024-02-04
15939,Product_5939_1,electronics,173.73032424715575,479.06578786594923,inactive,2024-11-25
15940,Product_5940_1,books,839.87183191665,468.2745643855793,archived,2024-05-26
15941,Product_5941_1,books,124.14137400831505,438.3967295370303,inactive,2024-06-13
15942,Product_5942_1,home,937.0794938677565,357.45547476559005,inactive,2024-04-16
15943,Product_5943_1,electronics,414.4676426837227,361.00491469167514,pending,2024-04-15
15944,Product_5944_1,clothing,323.4769173014972,277.0162723499673,archived,2024-05-26
15945,Product_5945_1,sports,371.3607780301308,237.09644269715335,pending,2024-04-22
15946,Product_5946_1,electronics,110.9423206355208,205.32700624141236,active,2024-01-02
15947,Product_5947_1,books,842.9649680839292,452.9974906350599,inactive,2024-11-24
15948,Product_5948_1,clothing,259.8818335940595,412.053258990113,archived,2024-06-06
15949,Product_5949_1,sports,19.18266236438588,56.868253287769434,pending,2024-04-05
15950,Product_5950_1,books,268.4177228565024,417.02407023227795,active,2024-06-01
15951,Product_5951_1,home,60.9179419966218,41.67803818962838,archived,2024-11-06
15952,Product_5952_1,electronics,416.0428523270371,292.1115879514809,active,2024-01-15
15953,Product_5953_1,electronics,423.71868898972025,414.28244077523004,active,2024-12-25
15954,Product_5954_1,electronics,909.146113668803,26.074199441644627,archived,2024-05-16
15955,Product_5955_1,clothing,355.87492937531044,255.70804129088992,inactive,2024-08-01
15956,Product_5956_1,home,835.431961539167,380.1124186020896,inactive,2024-01-25
15957,Product_5957_1,clothing,261.2725167582076,142.565652028922,active,2024-02-16
15958,Product_5958_1,electronics,436.1789659465628,169.03843127952447,archived,2024-04-18
15959,Product_5959_1,electronics,339.27423058075755,371.394884044499,pending,2024-10-28
15960,Product_5960_1,sports,889.2745650855069,53.60889831547796,pending,2024-12-21
15961,Product_5961_1,clothing,521.1779976546239,279.5807823118887,active,2024-12-05
15962,Product_5962_1,sports,29.562384885084445,319.07752572439466,inactive,2024-06-20
15963,Product_5963_1,clothing,286.71009193819236,186.62274401444887,archived,2024-11-02
15964,Product_5964_1,clothing,35.38285332646939,231.61491901976075,pending,2024-04-02
15965,Product_5965_1,books,189.7075518519545,133.95673454662736,inactive,2024-07-08
15966,Product_5966_1,clothing,593.1316599585349,261.4930599616249,inactive,2024-01-03
15967,Product_5967_1,home,721.602437792681,133.68039002756893,inactive,2024-05-15
15968,Product_5968_1,sports,502.32514371536195,337.4523883651768,active,2024-03-02
15969,Product_5969_1,books,177.55655871652274,29.1708389476711,active,2024-08-08
15970,Product_5970_1,electronics,202.7716632516116,111.99337671987922,archived,2024-07-24
15971,Product_5971_1,sports,628.2804668991515,207.3041547306605,pending,2024-05-08
15972,Product_5972_1,books,948.5355994420315,493.552270396655,pending,2024-11-06
15973,Product_5973_1,books,694.56279052067,140.08753089373283,archived,2024-10-11
15974,Product_5974_1,home,345.0972173447395,135.12537580930604,archived,2024-01-24
15975,Product_5975_1,books,33.721093881754605,484.8651635545767,inactive,2024-03-16
15976,Product_5976_1,books,284.1796285582395,66.20623057759735,pending,2024-07-22
15977,Product_5977_1,home,436.842083282118,485.4517926759242,inactive,2024-11-16
15978,Product_5978_1,sports,234.4630642854794,264.1695446615341,active,2024-05-10
15979,Product_5979_1,books,559.2451473126785,312.9542860803582,archived,2024-06-15
15980,Product_5980_1,sports,392.755986076499,394.14210365593607,pending,2024-04-08
15981,Product_5981_1,books,553.8994163800306,53.37420479312503,pending,2024-03-09
15982,Product_5982_1,home,288.5433177106546,264.5497551454879,inactive,2024-02-05
15983,Product_5983_1,home,90.22882636479977,206.3970345127217,inactive,2024-08-18
15984,Product_5984_1,electronics,129.2315525882746,256.61513534983914,active,2024-11-10
15985,Product_5985_1,books,290.06259212048724,53.37990630273323,inactive,2024-03-09
15986,Product_5986_1,sports,460.9784610497993,286.3857778855858,pending,2024-05-06
15987,Product_5987_1,home,607.7445935185267,356.9910965927381,inactive,2024-04-19
15988,Product_5988_1,home,694.2472418109485,163.87020047816236,inactive,2024-03-21
15989,Product_5989_1,books,325.03512858411324,158.00788742949723,inactive,2024-01-06
15990,Product_5990_1,electronics,99.10109694823196,405.00629661567933,archived,2024-10-24
15991,Product_5991_1,books,760.9073055027941,322.82422347083764,archived,2024-05-15
15992,Product_5992_1,home,644.6831843073518,291.07755645413033,active,2024-11-06
15993,Product_5993_1,clothing,864.990098733924,270.758672671393,archived,2024-11-18
15994,Product_5994_1,books,886.326763958164,330.4086710214554,active,2024-10-17
15995,Product_5995_1,sports,674.8382877083434,369.83924866403953,inactive,2024-03-28
15996,Product_5996_1,sports,569.5107320346731,462.3559918056314,pending,2024-01-21
15997,Product_5997_1,home,714.8278975539031,286.0233370249319,inactive,2024-03-09
15998,Product_5998_1,home,1.3133702602865829,490.7621122895199,inactive,2024-12-24
15999,Product_5999_1,clothing,210.73189286680832,388.0082551710002,archived,2024-02-06
16000,Product_6000_1,home,135.28031811508188,286.67193577953316,pending,2024-08-10
16001,Product_6001_1,sports,160.79708991384666,420.88598663148827,archived,2024-06-28
16002,Product_6002_1,clothing,497.58489001350824,481.95926135947116,active,2024-09-27
16003,Product_6003_1,home,830.8010235837703,365.3442645038049,active,2024-01-01
16004,Product_6004_1,clothing,769.9581341770939,63.299440424187225,active,2024-01-17
16005,Product_6005_1,home,359.485526098247,230.05319031424722,active,2024-03-25
16006,Product_6006_1,sports,652.3470736368054,467.82349837706397,pending,2024-09-28
16007,Product_6007_1,electronics,775.0389117136081,210.51236223729444,inactive,2024-12-26
16008,Product_6008_1,home,882.5729705867366,80.73987698987197,active,2024-01-04
16009,Product_6009_1,electronics,357.72661993696187,308.4365798534366,archived,2024-02-25
16010,Product_6010_1,home,724.0940706254944,131.9959820587946,pending,2024-02-13
16011,Product_6011_1,home,567.0955256109763,382.1331126156025,archived,2024-10-04
16012,Product_6012_1,clothing,340.9562681239637,73.29631016034537,pending,2024-10-02
16013,Product_6013_1,sports,573.4926230212902,405.50986003868735,pending,2024-03-24
16014,Product_6014_1,books,530.5731944536517,239.32655765473942,active,2024-01-22
16015,Product_6015_1,electronics,560.9842391136965,176.72189797782337,active,2024-02-15
16016,Product_6016_1,electronics,953.398223324266,201.3266378139222,pending,2024-02-28
16017,Product_6017_1,books,656.2179312493502,109.88658898173894,archived,2024-09-05
16018,Product_6018_1,clothing,710.4056964211453,378.30992783047276,pending,2024-05-26
16019,Product_6019_1,books,554.2525260030042,347.5006616461243,archived,2024-08-07
16020,Product_6020_1,home,27.702183525776523,144.19875803465695,active,2024-03-01
16021,Product_6021_1,sports,25.154429665280006,60.368291286754236,inactive,2024-07-07
16022,Product_6022_1,home,282.9797806520331,281.90790881312097,archived,2024-02-17
16023,Product_6023_1,clothing,72.72244050789782,435.4476733087586,pending,2024-06-02
16024,Product_6024_1,clothing,402.4432001350857,465.6424566265582,active,2024-11-02
16025,Product_6025_1,electronics,831.6487674391252,97.36033686039788,archived,2024-11-16
16026,Product_6026_1,clothing,327.64155074006436,253.1527649319331,inactive,2024-07-22
16027,Product_6027_1,clothing,502.3490153016712,442.57966067721793,pending,2024-05-03
16028,Product_6028_1,home,175.18447367341452,453.193457786052,archived,2024-01-25
16029,Product_6029_1,electronics,487.1176799164269,380.70320521409695,archived,2024-12-08
16030,Product_6030_1,sports,545.3024841602344,221.05577431094997,inactive,2024-10-22
16031,Product_6031_1,sports,54.953187274168805,99.21563562539063,active,2024-02-24
16032,Product_6032_1,clothing,728.8983390675184,278.8776211244891,inactive,2024-06-12
16033,Product_6033_1,books,915.6120897412355,452.54779636993516,archived,2024-05-02
16034,Product_6034_1,electronics,257.7168089023453,25.153394979451136,active,2024-08-03
16035,Product_6035_1,books,171.10340563862096,206.85578924982528,active,2024-05-14
16036,Product_6036_1,electronics,842.4195958599024,133.22458500579816,pending,2024-02-07
16037,Product_6037_1,home,362.5359479812746,116.61794174248617,pending,2024-10-12
16038,Product_6038_1,sports,614.419173444171,197.51387455217727,pending,2024-09-19
16039,Product_6039_1,electronics,493.6794605766384,182.80982426273664,pending,2024-08-21
16040,Product_6040_1,electronics,607.4272839880334,435.3065564682363,active,2024-11-10
16041,Product_6041_1,clothing,601.9899987868944,113.07159880938481,active,2024-09-16
16042,Product_6042_1,sports,110.1583616115295,69.40665525345193,active,2024-05-25
16043,Product_6043_1,books,6.29355829819149,269.859576866797,pending,2024-04-10
16044,Product_6044_1,clothing,335.67277884778247,429.57794136358115,inactive,2024-11-09
16045,Product_6045_1,home,868.6879045658233,361.75822466375973,active,2024-05-24
16046,Product_6046_1,electronics,972.8472324034572,454.7953855470209,archived,2024-03-01
16047,Product_6047_1,clothing,688.4041363505521,128.91277036070858,inactive,2024-02-21
16048,Product_6048_1,sports,164.12270209350086,75.45054467304362,pending,2024-09-28
16049,Product_6049_1,clothing,514.4563800544543,276.3075298725118,inactive,2024-12-26
16050,Product_6050_1,sports,74.17129333682139,379.64732864244354,active,2024-06-18
16051,Product_6051_1,books,807.7896308917605,173.00857698889973,archived,2024-07-19
16052,Product_6052_1,electronics,337.6405162847449,346.0945628002447,inactive,2024-05-09
16053,Product_6053_1,clothing,651.9740331352517,178.98846641604456,archived,2024-10-03
16054,Product_6054_1,sports,639.6191647635048,431.9417169959081,archived,2024-09-01
16055,Product_6055_1,sports,118.49395983210991,499.99584928592895,inactive,2024-01-11
16056,Product_6056_1,books,579.8291662682807,345.0710591175206,active,2024-09-23
16057,Product_6057_1,clothing,326.5472555158402,361.3210210694954,inactive,2024-11-03
16058,Product_6058_1,home,301.0198212076,132.57090806850107,inactive,2024-08-26
16059,Product_6059_1,electronics,575.2930351032625,131.5254954114798,archived,2024-01-22
16060,Product_6060_1,clothing,646.5930580395374,20.6860147526112,active,2024-08-23
16061,Product_6061_1,sports,342.6963287333299,251.41222285490247,archived,2024-04-20
16062,Product_6062_1,books,640.0723344810975,177.8490487002298,archived,2024-06-27
16063,Product_6063_1,books,911.8384756704153,493.82889917257035,inactive,2024-04-05
16064,Product_6064_1,home,382.08527285023473,176.55648894288797,pending,2024-08-28
16065,Product_6065_1,clothing,242.9327385659143,64.71983774689751,pending,2024-04-06
16066,Product_6066_1,clothing,414.8216757689152,39.25952118908895,active,2024-05-26
16067,Product_6067_1,electronics,354.97404011544273,309.17868383959546,archived,2024-03-27
16068,Product_6068_1,electronics,527.7249348577434,22.39209868774469,archived,2024-08-26
16069,Product_6069_1,electronics,142.6363825848888,204.84790593945297,pending,2024-03-06
16070,Product_6070_1,sports,831.249649595305,417.0188966453806,archived,2024-04-18
16071,Product_6071_1,clothing,113.08246242886594,427.2186000392911,pending,2024-05-15
16072,Product_6072_1,sports,535.698613245763,403.5433805643892,archived,2024-08-28
16073,Product_6073_1,home,835.0515787798024,216.60951026180203,archived,2024-01-27
16074,Product_6074_1,electronics,192.7928997033956,433.9391283331061,active,2024-06-21
16075,Product_6075_1,sports,146.19864290876166,172.3022940656864,active,2024-04-20
16076,Product_6076_1,electronics,565.2400256201321,88.45959230379101,archived,2024-02-28
16077,Product_6077_1,sports,238.68724392017836,334.58069156296983,pending,2024-11-19
16078,Product_6078_1,electronics,198.5533227015573,425.4300064343244,pending,2024-05-03
16079,Product_6079_1,books,883.767133632455,162.54934197830107,active,2024-06-13
16080,Product_6080_1,electronics,124.83961593696903,452.1239945768969,inactive,2024-04-11
16081,Product_6081_1,sports,909.5744800530038,186.6136149806177,archived,2024-02-26
16082,Product_6082_1,clothing,900.0401289917157,468.97071974856,active,2024-03-28
16083,Product_6083_1,clothing,759.8612209098046,459.58710211620155,active,2024-08-26
16084,Product_6084_1,clothing,5.433965408899277,67.4266108446366,active,2024-09-21
16085,Product_6085_1,home,935.6498450744713,122.12800401467919,inactive,2024-08-07
16086,Product_6086_1,sports,815.3278712505563,441.82751656959493,pending,2024-01-05
16087,Product_6087_1,electronics,93.25187678009264,128.49846829015257,active,2024-08-07
16088,Product_6088_1,clothing,671.2600060871966,254.49878213282943,pending,2024-04-26
16089,Product_6089_1,home,613.1109127092196,116.35501239041024,pending,2024-04-13
16090,Product_6090_1,books,870.04063657129,476.7407158272912,archived,2024-08-24
16091,Product_6091_1,electronics,51.64949081984292,16.347400654176816,archived,2024-09-12
16092,Product_6092_1,home,893.7194183783209,373.28285656459997,archived,2024-09-06
16093,Product_6093_1,home,814.4632249201695,410.1458158696614,inactive,2024-05-02
16094,Product_6094_1,clothing,301.5199602374401,248.993462704392,inactive,2024-05-04
16095,Product_6095_1,electronics,851.1852366391977,480.4652489443985,active,2024-09-07
16096,Product_6096_1,sports,180.48507805442955,52.979559157379306,pending,2024-09-21
16097,Product_6097_1,sports,448.9909360066757,289.6102997906989,active,2024-05-14
16098,Product_6098_1,home,142.9956416397134,303.71789305321977,inactive,2024-08-27
16099,Product_6099_1,electronics,899.6675355040597,345.18094947598934,archived,2024-05-13
16100,Product_6100_1,electronics,61.44994436851616,181.96651231677416,active,2024-03-10
16101,Product_6101_1,electronics,34.86266958038605,364.5342408762697,active,2024-12-13
16102,Product_6102_1,home,870.5393612170865,390.49027008039315,inactive,2024-05-23
16103,Product_6103_1,sports,607.9008188209044,335.89449484017126,inactive,2024-03-24
16104,Product_6104_1,home,696.7502923865273,231.30432344983768,pending,2024-04-20
16105,Product_6105_1,books,441.60757274288034,458.9712746789546,pending,2024-05-18
16106,Product_6106_1,home,711.1095596991398,423.4244529147283,inactive,2024-01-08
16107,Product_6107_1,books,216.62966750810895,111.72294125983971,pending,2024-09-07
16108,Product_6108_1,clothing,809.8182568811566,296.01943695963513,active,2024-11-20
16109,Product_6109_1,sports,750.2043317893589,246.88540595035656,active,2024-08-28
16110,Product_6110_1,books,184.28231887610926,432.6896542670379,active,2024-02-17
16111,Product_6111_1,home,875.3064258383854,140.3077041884996,inactive,2024-07-23
16112,Product_6112_1,clothing,233.0734255405365,153.53098207713666,pending,2024-06-20
16113,Product_6113_1,books,427.88067973956464,469.0292949747159,pending,2024-03-25
16114,Product_6114_1,home,56.606982391495755,16.89798516902405,archived,2024-03-21
16115,Product_6115_1,books,791.4066534033891,486.87471840688283,inactive,2024-10-02
16116,Product_6116_1,electronics,185.493919587316,393.9424141380476,active,2024-09-07
16117,Product_6117_1,books,309.9299244860295,420.517751500246,archived,2024-12-27
16118,Product_6118_1,books,695.0264761899607,95.97631620128502,pending,2024-10-16
16119,Product_6119_1,books,105.00283270223835,21.51359700995527,inactive,2024-04-05
16120,Product_6120_1,home,48.954153857024,197.62499346648278,pending,2024-03-22
16121,Product_6121_1,books,324.578003915881,100.30941522285497,inactive,2024-02-02
16122,Product_6122_1,sports,347.98506426169575,337.5230433416013,active,2024-05-04
16123,Product_6123_1,books,956.4041509590219,356.5216640050701,archived,2024-12-08
16124,Product_6124_1,home,170.14971423870276,224.1637083714252,pending,2024-01-23
16125,Product_6125_1,books,583.8257785694012,147.79998553693986,active,2024-04-15
16126,Product_6126_1,sports,642.3729281464481,357.5150750460012,active,2024-12-23
16127,Product_6127_1,clothing,18.009010943260282,183.43753607545182,inactive,2024-07-28
16128,Product_6128_1,sports,708.3724377025826,103.24436943114354,inactive,2024-11-08
16129,Product_6129_1,clothing,365.05292496705516,151.96271430374264,archived,2024-07-03
16130,Product_6130_1,home,712.4095104209371,174.9960878103515,archived,2024-07-01
16131,Product_6131_1,home,61.19797347709848,256.0380063976604,inactive,2024-09-13
16132,Product_6132_1,clothing,683.6908308557704,52.464834211389984,archived,2024-11-04
16133,Product_6133_1,clothing,240.77224482932542,227.6391285187463,active,2024-11-06
16134,Product_6134_1,home,376.0054817668312,242.39363302839365,inactive,2024-03-28
16135,Product_6135_1,home,127.1392048777113,68.20184357046153,inactive,2024-09-15
16136,Product_6136_1,sports,890.3033901107265,241.12382486146788,active,2024-11-01
16137,Product_6137_1,home,584.606529107697,302.41169019929947,pending,2024-05-20
16138,Product_6138_1,clothing,987.1379367404633,180.96963417646342,archived,2024-05-08
16139,Product_6139_1,books,248.88049298227938,463.41760481546424,inactive,2024-08-21
16140,Product_6140_1,books,213.1617409158633,463.36462599958054,inactive,2024-05-15
16141,Product_6141_1,home,158.26061132150937,258.2201979330888,archived,2024-11-15
16142,Product_6142_1,sports,445.2120072235846,334.81693153516477,archived,2024-07-09
16143,Product_6143_1,clothing,103.50993791850047,477.17937162178066,active,2024-12-07
16144,Product_6144_1,electronics,388.45039228579617,295.5875388326602,archived,2024-07-26
16145,Product_6145_1,sports,798.4977983245336,324.6920705695073,inactive,2024-10-24
16146,Product_6146_1,clothing,149.57131218753707,328.2066493604132,active,2024-07-06
16147,Product_6147_1,home,30.074389969499407,356.7284040063225,active,2024-02-17
16148,Product_6148_1,books,688.1403755420376,200.59565230131997,archived,2024-04-12
16149,Product_6149_1,electronics,102.56978192385981,499.55347565784405,archived,2024-12-28
16150,Product_6150_1,books,361.2230277807998,431.39950308028983,inactive,2024-10-19
16151,Product_6151_1,electronics,215.51179999617682,478.82398903721304,active,2024-07-01
16152,Product_6152_1,books,522.3144603767511,398.93989942013604,inactive,2024-08-12
16153,Product_6153_1,clothing,254.67103604116738,402.47961852588827,archived,2024-03-21
16154,Product_6154_1,clothing,401.9820366756344,247.5041202151521,active,2024-11-04
16155,Product_6155_1,electronics,635.1403119257917,128.55624712135517,active,2024-11-03
16156,Product_6156_1,books,785.5228002864654,409.7689507061994,archived,2024-10-14
16157,Product_6157_1,clothing,1.3468310877685523,447.3019720793843,pending,2024-12-09
16158,Product_6158_1,books,701.2247364466651,404.99925078280955,archived,2024-02-09
16159,Product_6159_1,books,871.9374941169017,332.745612922094,active,2024-07-22
16160,Product_6160_1,books,81.77819757931965,200.99128743656348,inactive,2024-08-21
16161,Product_6161_1,home,442.54149922538085,281.3689721110241,archived,2024-01-02
16162,Product_6162_1,home,158.0605845177081,78.30436574270071,inactive,2024-01-14
16163,Product_6163_1,books,831.2520107672866,306.16648603596235,pending,2024-08-15
16164,Product_6164_1,clothing,94.62936649084632,332.97316858763105,pending,2024-09-07
16165,Product_6165_1,home,510.171523312329,292.48365725637603,inactive,2024-08-05
16166,Product_6166_1,sports,807.7419057833899,256.6842230628671,pending,2024-08-06
16167,Product_6167_1,sports,320.805466889574,71.22696297648866,active,2024-06-06
16168,Product_6168_1,books,817.9851715782306,177.1257685510509,active,2024-05-16
16169,Product_6169_1,home,33.74183983856686,180.92505100948975,pending,2024-02-10
16170,Product_6170_1,books,222.4409181435177,96.68420936349344,archived,2024-12-15
16171,Product_6171_1,home,59.17579109125983,146.0770878659503,archived,2024-04-11
16172,Product_6172_1,books,388.2799133475526,366.4878717707109,pending,2024-01-22
16173,Product_6173_1,sports,77.1467877835174,108.92746923862319,active,2024-12-03
16174,Product_6174_1,home,226.2082953612086,17.515590860677385,inactive,2024-04-04
16175,Product_6175_1,books,426.6138364326772,361.690724030571,active,2024-04-09
16176,Product_6176_1,electronics,812.7229687252506,110.50792684026526,archived,2024-07-10
16177,Product_6177_1,electronics,351.6919127401996,263.21904138402994,archived,2024-09-28
16178,Product_6178_1,home,140.86221012216188,292.3559376755846,active,2024-04-01
16179,Product_6179_1,electronics,853.176199833041,287.46038852457383,pending,2024-07-08
16180,Product_6180_1,home,77.37428129124487,390.6659705557237,pending,2024-04-05
16181,Product_6181_1,clothing,792.3370327947242,43.303882299709215,pending,2024-04-16
16182,Product_6182_1,home,653.0503709189129,402.27010676456365,archived,2024-06-13
16183,Product_6183_1,books,254.554362020985,166.6274401615761,active,2024-08-19
16184,Product_6184_1,home,358.00159822539234,262.7946591302932,pending,2024-12-07
16185,Product_6185_1,sports,866.7368868054338,22.02902737048639,archived,2024-11-03
16186,Product_6186_1,books,236.48675240807532,232.61569799478914,inactive,2024-04-03
16187,Product_6187_1,electronics,614.4251856593984,326.4648423347552,inactive,2024-05-27
16188,Product_6188_1,clothing,943.534905885727,81.9171127128225,archived,2024-03-04
16189,Product_6189_1,sports,407.4035810051878,70.04544015718815,active,2024-07-12
16190,Product_6190_1,electronics,475.65015936750183,336.0385326820659,active,2024-04-04
16191,Product_6191_1,electronics,805.2647403797612,369.50686275914575,active,2024-10-10
16192,Product_6192_1,sports,391.46558622015857,223.54714282431075,archived,2024-09-07
16193,Product_6193_1,sports,827.7563932855371,497.2896305163769,archived,2024-03-04
16194,Product_6194_1,home,960.2254909457043,238.57340410423836,pending,2024-05-07
16195,Product_6195_1,home,642.8145438365401,478.01986061771635,pending,2024-01-23
16196,Product_6196_1,sports,632.102243994986,441.0874741091785,archived,2024-12-28
16197,Product_6197_1,clothing,657.7409193970024,486.5367356539177,pending,2024-02-12
16198,Product_6198_1,electronics,166.33582381340787,111.91470925783922,active,2024-06-09
16199,Product_6199_1,sports,287.13867731126413,136.1883724080238,active,2024-10-24
16200,Product_6200_1,sports,693.747558184629,437.385706191235,active,2024-05-22
16201,Product_6201_1,electronics,8.859428639895079,193.1057672907465,pending,2024-12-14
16202,Product_6202_1,electronics,422.03627282968205,42.911635794911604,archived,2024-07-18
16203,Product_6203_1,books,657.8494633406865,252.1814270541529,archived,2024-11-25
16204,Product_6204_1,sports,263.2118829191492,382.5276901736008,archived,2024-12-13
16205,Product_6205_1,home,590.4408546453778,396.31821875330513,archived,2024-09-16
16206,Product_6206_1,clothing,509.60790040223486,331.14082228358757,archived,2024-12-12
16207,Product_6207_1,clothing,772.1092575501499,299.81796463180444,archived,2024-06-23
16208,Product_6208_1,clothing,98.16151378110268,278.3180922800011,active,2024-10-16
16209,Product_6209_1,clothing,410.2608487656493,141.5975940379894,pending,2024-03-10
16210,Product_6210_1,electronics,614.4182514508519,131.30858246109375,active,2024-10-26
16211,Product_6211_1,home,325.1112817790868,68.4684185846293,inactive,2024-05-20
16212,Product_6212_1,clothing,984.5686853738454,202.45772871931177,archived,2024-12-08
16213,Product_6213_1,books,950.2185413862605,468.7281190129271,pending,2024-04-07
16214,Product_6214_1,clothing,231.248859467327,490.02925691788806,active,2024-12-16
16215,Product_6215_1,electronics,907.1808618929297,451.15121081936167,archived,2024-06-22
16216,Product_6216_1,clothing,146.70655834125805,129.0289818543029,active,2024-08-11
16217,Product_6217_1,sports,231.3912661041045,32.38944859814913,pending,2024-10-13
16218,Product_6218_1,home,772.2371514806633,131.1393303193571,archived,2024-12-26
16219,Product_6219_1,sports,956.6644446589321,452.6327559839606,inactive,2024-01-16
16220,Product_6220_1,electronics,18.77828041270138,469.6273138479412,active,2024-04-07
16221,Product_6221_1,home,480.28581314704843,33.062059541083734,inactive,2024-11-25
16222,Product_6222_1,electronics,408.6163905144841,136.4503751304074,active,2024-02-24
16223,Product_6223_1,clothing,643.4835301359336,482.7615454659237,pending,2024-10-06
16224,Product_6224_1,books,936.6352666938333,196.43658416691747,pending,2024-01-12
16225,Product_6225_1,clothing,176.10026058205375,457.2873455314811,archived,2024-01-25
16226,Product_6226_1,sports,192.03384802619252,369.5322356520252,pending,2024-07-25
16227,Product_6227_1,sports,797.4148820197547,298.60995026570276,active,2024-10-04
16228,Product_6228_1,clothing,875.9857688255283,155.29217282486823,inactive,2024-03-06
16229,Product_6229_1,home,774.9606390028899,478.15952372062975,active,2024-05-16
16230,Product_6230_1,sports,640.3798957381678,211.45042897068808,active,2024-01-04
16231,Product_6231_1,clothing,906.431004280464,281.76803117656004,pending,2024-03-20
16232,Product_6232_1,sports,822.2827854651039,130.14062169629716,pending,2024-08-07
16233,Product_6233_1,electronics,752.0420761043426,151.74061413873898,active,2024-02-26
16234,Product_6234_1,home,281.27453529283116,261.027571836613,pending,2024-01-28
16235,Product_6235_1,clothing,408.0418080592234,291.0056561140377,pending,2024-12-23
16236,Product_6236_1,sports,858.4830920091131,215.95705528606712,active,2024-03-08
16237,Product_6237_1,books,724.4074133114701,433.16996258540985,inactive,2024-11-11
16238,Product_6238_1,home,932.4540682053375,220.57487055250166,inactive,2024-10-09
16239,Product_6239_1,sports,541.4750139656455,288.8943526955835,active,2024-01-19
16240,Product_6240_1,sports,771.09766379022,398.4979511776045,active,2024-02-17
16241,Product_6241_1,books,474.11454643046966,324.86698964896704,archived,2024-05-15
16242,Product_6242_1,electronics,831.4426450077033,269.77807665046276,pending,2024-07-23
16243,Product_6243_1,electronics,882.0708614457257,187.66399042177687,inactive,2024-01-25
16244,Product_6244_1,clothing,365.36678683402664,373.08191942935804,active,2024-08-13
16245,Product_6245_1,electronics,780.6076316945517,146.93336389023438,active,2024-12-25
16246,Product_6246_1,clothing,182.3603075612168,293.75253883749986,inactive,2024-03-24
16247,Product_6247_1,books,136.72921246922215,136.66083536193818,archived,2024-09-22
16248,Product_6248_1,sports,980.4914023121621,174.76768873571038,inactive,2024-08-28
16249,Product_6249_1,electronics,621.6513452048076,390.3923843722741,inactive,2024-01-16
16250,Product_6250_1,home,402.319994096115,428.33370511460305,archived,2024-07-16
16251,Product_6251_1,sports,213.676860241537,404.23166073129926,active,2024-09-12
16252,Product_6252_1,clothing,528.8702215336152,431.7832525326779,archived,2024-10-20
16253,Product_6253_1,home,248.25086742354094,309.2429914776315,inactive,2024-02-03
16254,Product_6254_1,electronics,34.49597023990904,17.207504251247258,pending,2024-06-25
16255,Product_6255_1,electronics,1.6157049421871195,232.55365024438711,active,2024-10-20
16256,Product_6256_1,clothing,348.09072439112697,270.4124092886106,active,2024-06-03
16257,Product_6257_1,sports,834.4430439436097,262.08993624542745,pending,2024-11-12
16258,Product_6258_1,sports,332.32765003566743,173.9844425145818,active,2024-10-02
16259,Product_6259_1,sports,27.23930882206303,407.3771497731544,archived,2024-01-06
16260,Product_6260_1,sports,250.4319148669383,185.21014631783697,pending,2024-05-26
16261,Product_6261_1,electronics,936.2966225600098,48.29101471275279,pending,2024-06-27
16262,Product_6262_1,books,785.0202957400282,83.4959829622329,archived,2024-06-19
16263,Product_6263_1,books,261.10092503441365,279.45497274952334,active,2024-12-06
16264,Product_6264_1,electronics,664.8795379580148,356.01682281899855,pending,2024-10-13
16265,Product_6265_1,clothing,487.012864102349,237.40133238731164,active,2024-09-04
16266,Product_6266_1,sports,924.9660567873483,102.87824233748185,archived,2024-03-09
16267,Product_6267_1,books,198.2377040984333,284.18411920033526,inactive,2024-04-19
16268,Product_6268_1,sports,343.3044731405711,385.7795448266576,pending,2024-12-05
16269,Product_6269_1,electronics,852.2243837657637,252.52138902845775,archived,2024-09-09
16270,Product_6270_1,books,863.7936028417998,213.83706219122874,pending,2024-11-10
16271,Product_6271_1,clothing,65.40611227820482,266.42717933242005,inactive,2024-08-09
16272,Product_6272_1,clothing,414.36219061693413,486.6005350903356,archived,2024-12-03
16273,Product_6273_1,books,786.5129875483963,36.45295432278631,inactive,2024-05-01
16274,Product_6274_1,electronics,588.0695118900135,331.3892941264272,active,2024-05-22
16275,Product_6275_1,home,240.27209897505864,440.26207396954186,active,2024-03-06
16276,Product_6276_1,electronics,534.2774723111428,243.52194496393523,inactive,2024-03-24
16277,Product_6277_1,electronics,883.1994484194189,200.7644827535625,inactive,2024-02-27
16278,Product_6278_1,sports,409.2827301113501,11.977756791711728,active,2024-06-20
16279,Product_6279_1,home,464.247880429086,385.26900662259663,active,2024-08-21
16280,Product_6280_1,books,846.8184435426815,34.33869257208795,inactive,2024-02-22
16281,Product_6281_1,home,641.6088605858328,200.93029681016733,inactive,2024-09-12
16282,Product_6282_1,sports,903.6130207144676,26.249108988164277,archived,2024-05-20
16283,Product_6283_1,books,989.2104998595739,455.1587261888617,active,2024-12-24
16284,Product_6284_1,electronics,78.37305377436434,84.62932535961038,archived,2024-01-23
16285,Product_6285_1,home,468.7287292817055,129.63891435287468,inactive,2024-05-10
16286,Product_6286_1,electronics,121.43570397932267,347.99897407602566,inactive,2024-11-08
16287,Product_6287_1,electronics,571.3740268937602,496.35093804434644,active,2024-07-18
16288,Product_6288_1,electronics,967.185483459197,384.8004655984979,pending,2024-04-01
16289,Product_6289_1,books,29.535785870007626,164.04251931381916,active,2024-07-06
16290,Product_6290_1,home,957.2927267293401,274.0597878533863,archived,2024-03-01
16291,Product_6291_1,electronics,211.6948610349345,343.68492892224,active,2024-02-06
16292,Product_6292_1,home,30.40454802713856,89.6745993383719,active,2024-01-13
16293,Product_6293_1,books,984.4705357928837,352.40908035223134,pending,2024-11-25
16294,Product_6294_1,books,713.3634514069606,336.9818840936461,active,2024-07-14
16295,Product_6295_1,books,402.6580329597882,60.45926141015395,pending,2024-08-22
16296,Product_6296_1,electronics,760.8808679882278,319.72630867182505,active,2024-12-16
16297,Product_6297_1,clothing,354.4792628714665,449.7678616640123,pending,2024-05-27
16298,Product_6298_1,electronics,624.1044901115054,132.59553170411013,inactive,2024-09-09
16299,Product_6299_1,electronics,338.0008659920724,420.5579944855304,archived,2024-08-08
16300,Product_6300_1,electronics,132.5600347852978,144.90943097308661,archived,2024-07-12
16301,Product_6301_1,home,162.25047258103388,352.6821122708282,inactive,2024-04-06
16302,Product_6302_1,home,960.5094807787517,441.8076841822376,inactive,2024-07-22
16303,Product_6303_1,home,415.2132665768219,76.67784905448589,inactive,2024-12-24
16304,Product_6304_1,books,373.62863891288134,406.33318234504833,inactive,2024-03-11
16305,Product_6305_1,sports,393.249767420216,384.15889253671855,inactive,2024-05-12
16306,Product_6306_1,home,767.8632373817475,321.76834523716633,archived,2024-04-04
16307,Product_6307_1,electronics,705.534525767216,469.4489898446867,archived,2024-12-09
16308,Product_6308_1,books,782.1814123857524,446.54493332293583,archived,2024-02-09
16309,Product_6309_1,books,37.82760482479806,416.99523441216036,pending,2024-01-13
16310,Product_6310_1,sports,545.4651083534485,82.97556655421596,archived,2024-01-20
16311,Product_6311_1,electronics,721.6502799247024,141.0315291694871,active,2024-02-09
16312,Product_6312_1,home,310.1190128988967,63.93339690214365,pending,2024-11-21
16313,Product_6313_1,electronics,415.08685532885204,87.66582044715885,active,2024-01-11
16314,Product_6314_1,home,614.007403495423,300.503409355254,inactive,2024-11-08
16315,Product_6315_1,books,584.3622504589097,438.38394919507687,active,2024-03-01
16316,Product_6316_1,home,486.6079650767306,440.65970273113993,archived,2024-07-17
16317,Product_6317_1,books,917.7908572290088,92.0516469215653,active,2024-03-24
16318,Product_6318_1,books,452.32524437819893,385.3737794904259,active,2024-06-01
16319,Product_6319_1,sports,155.4414201934446,306.0535656931035,active,2024-04-15
16320,Product_6320_1,clothing,966.8137528631088,96.6692363910859,pending,2024-02-16
16321,Product_6321_1,electronics,675.6493906836407,100.76761230516452,inactive,2024-04-18
16322,Product_6322_1,sports,980.5810962793572,426.52060996475007,archived,2024-02-24
16323,Product_6323_1,sports,433.176529162654,289.8527844053588,inactive,2024-06-14
16324,Product_6324_1,home,65.16793810898582,474.9808967870491,pending,2024-01-20
16325,Product_6325_1,clothing,216.01939141083884,430.671748244525,active,2024-03-24
16326,Product_6326_1,sports,812.1940668466689,462.33951535993236,archived,2024-11-22
16327,Product_6327_1,clothing,570.9739807714959,51.319335687580335,pending,2024-02-19
16328,Product_6328_1,clothing,969.6176701987014,171.32401714511215,pending,2024-08-06
16329,Product_6329_1,sports,322.65120408365556,211.2051994629869,pending,2024-12-13
16330,Product_6330_1,sports,610.1864930599878,375.3797616817585,pending,2024-10-25
16331,Product_6331_1,electronics,747.4564171541838,444.63699438480677,active,2024-02-16
16332,Product_6332_1,sports,865.9309425860988,270.96812942976686,pending,2024-07-22
16333,Product_6333_1,clothing,263.9993708675854,299.8549841967189,active,2024-11-04
16334,Product_6334_1,sports,257.6232689709121,281.137273343607,pending,2024-10-26
16335,Product_6335_1,clothing,963.8106762224467,422.36700185403475,archived,2024-08-19
16336,Product_6336_1,books,580.6998333535387,267.1475315856009,archived,2024-01-17
16337,Product_6337_1,sports,32.3442120152947,174.20546210261304,active,2024-10-05
16338,Product_6338_1,books,439.5232857123609,145.6296471055373,inactive,2024-04-12
16339,Product_6339_1,electronics,698.1194962593439,431.8848391543569,active,2024-06-10
16340,Product_6340_1,electronics,562.7590197266593,173.7203191812391,archived,2024-07-12
16341,Product_6341_1,clothing,361.43626958575965,201.4632236943855,pending,2024-03-12
16342,Product_6342_1,books,468.98316436197376,489.48298547026496,active,2024-08-01
16343,Product_6343_1,clothing,853.6882325555034,180.19179453590036,inactive,2024-06-17
16344,Product_6344_1,home,946.4382858254564,110.26018718202205,inactive,2024-08-12
16345,Product_6345_1,books,466.23852919534943,438.88060346957224,pending,2024-09-16
16346,Product_6346_1,books,726.18326971472,418.2379316912395,pending,2024-02-18
16347,Product_6347_1,electronics,10.823388093280037,106.53527852400097,inactive,2024-11-06
16348,Product_6348_1,electronics,557.1308300727636,357.98132447175374,active,2024-07-14
16349,Product_6349_1,electronics,428.8387841896253,234.4853615517194,active,2024-11-20
16350,Product_6350_1,clothing,252.3710342332983,139.80732744920724,active,2024-03-13
16351,Product_6351_1,sports,271.75655630141216,214.8956144818091,archived,2024-07-04
16352,Product_6352_1,sports,882.6305150949717,272.03911151271785,active,2024-05-27
16353,Product_6353_1,sports,664.6137801176507,461.5943812275926,archived,2024-08-13
16354,Product_6354_1,home,718.6288112359731,30.43942300471549,archived,2024-05-12
16355,Product_6355_1,electronics,710.9411235372598,65.9554527515928,active,2024-12-25
16356,Product_6356_1,books,811.35438836722,348.4556641261971,active,2024-02-18
16357,Product_6357_1,electronics,279.8414725260789,295.6340782352302,inactive,2024-11-05
16358,Product_6358_1,sports,290.93579586129573,152.09470091806537,inactive,2024-09-22
16359,Product_6359_1,sports,838.5393384440296,348.07270267891533,pending,2024-07-28
16360,Product_6360_1,books,173.81589632074684,202.32568604235564,inactive,2024-12-20
16361,Product_6361_1,sports,246.7229430855948,441.4202090601322,active,2024-03-21
16362,Product_6362_1,home,407.2394363868415,341.3478458960728,pending,2024-01-13
16363,Product_6363_1,sports,903.5412953075887,462.6859094496627,archived,2024-12-13
16364,Product_6364_1,electronics,162.77585612211345,379.34107340962714,archived,2024-10-25
16365,Product_6365_1,home,740.6898960275943,100.6097240070925,pending,2024-06-20
16366,Product_6366_1,home,959.3373735476713,48.23336979406258,pending,2024-07-16
16367,Product_6367_1,sports,355.9547705408159,168.18286827297865,pending,2024-11-12
16368,Product_6368_1,home,890.9928814672652,301.33547536026606,inactive,2024-12-08
16369,Product_6369_1,books,130.0869758837421,456.5555420766304,inactive,2024-10-08
16370,Product_6370_1,electronics,124.4688848132233,80.87343634957375,inactive,2024-10-13
16371,Product_6371_1,books,628.7080307306937,235.63011627154663,inactive,2024-05-20
16372,Product_6372_1,clothing,976.9267842769045,107.67654753705632,pending,2024-07-20
16373,Product_6373_1,clothing,118.9106044632548,177.07725260872127,archived,2024-09-01
16374,Product_6374_1,clothing,947.5775209673478,273.7110372763309,active,2024-01-20
16375,Product_6375_1,electronics,70.6398375633932,91.10697566014191,active,2024-08-11
16376,Product_6376_1,sports,157.50649151112293,198.74680833609688,pending,2024-02-01
16377,Product_6377_1,clothing,800.6016346030673,223.27770929140675,pending,2024-11-02
16378,Product_6378_1,sports,852.499571993882,393.7672053792088,archived,2024-10-28
16379,Product_6379_1,clothing,167.28905522446993,209.93392242503853,inactive,2024-04-28
16380,Product_6380_1,electronics,195.33783259469388,286.2647964402759,archived,2024-05-05
16381,Product_6381_1,sports,473.7330366502477,327.2063802887328,archived,2024-07-20
16382,Product_6382_1,sports,901.2313588440894,187.30994659898843,archived,2024-02-10
16383,Product_6383_1,home,887.6932835801766,387.17374913637667,pending,2024-02-11
16384,Product_6384_1,clothing,509.1314536125404,273.16293612458537,active,2024-08-22
16385,Product_6385_1,home,528.0027287342905,240.9708718062542,inactive,2024-04-26
16386,Product_6386_1,books,78.59508315306861,496.83639371642187,archived,2024-01-02
16387,Product_6387_1,electronics,945.6672285965932,224.94312448628233,active,2024-03-06
16388,Product_6388_1,home,782.7455130877215,360.59307432083904,active,2024-05-26
16389,Product_6389_1,home,812.5408938826791,467.1448623294341,active,2024-04-06
16390,Product_6390_1,electronics,569.2210758054069,470.7135530216916,archived,2024-04-01
16391,Product_6391_1,electronics,127.3180385486959,476.568521070321,inactive,2024-09-16
16392,Product_6392_1,books,310.1849139533837,39.79475168702486,pending,2024-09-27
16393,Product_6393_1,electronics,449.4167515265575,67.76094016332652,pending,2024-04-17
16394,Product_6394_1,sports,543.6939223509406,435.3394380468545,pending,2024-08-11
16395,Product_6395_1,home,987.602857564859,214.7386244311482,active,2024-03-27
16396,Product_6396_1,clothing,110.00942158223985,422.6202760387279,pending,2024-02-21
16397,Product_6397_1,books,414.0616433857735,171.785635807189,archived,2024-09-13
16398,Product_6398_1,home,798.1542733315102,100.48531498285406,pending,2024-03-03
16399,Product_6399_1,sports,178.65879476040726,317.23387942864576,pending,2024-03-09
16400,Product_6400_1,electronics,112.57073587656284,30.755205687073037,pending,2024-11-22
16401,Product_6401_1,home,876.0805442190228,377.71197006999284,archived,2024-07-20
16402,Product_6402_1,clothing,129.3672678224679,321.013316180385,inactive,2024-11-20
16403,Product_6403_1,clothing,427.61736085546045,400.1870402839392,archived,2024-05-15
16404,Product_6404_1,clothing,117.96199457778678,11.7967334549397,pending,2024-09-21
16405,Product_6405_1,sports,564.9900544809967,248.85867659974647,inactive,2024-03-04
16406,Product_6406_1,home,238.16189642569884,242.64873181133737,active,2024-11-24
16407,Product_6407_1,clothing,305.1607291321809,405.8873496125165,active,2024-10-18
16408,Product_6408_1,clothing,517.1028013128778,322.84893636876416,pending,2024-10-21
16409,Product_6409_1,sports,545.8614248646178,292.5419952889718,pending,2024-12-22
16410,Product_6410_1,sports,648.9655326871787,187.73607192597763,archived,2024-01-15
16411,Product_6411_1,books,704.2337718618231,253.31372614562687,active,2024-12-14
16412,Product_6412_1,books,799.3977106062281,452.1851887874174,pending,2024-08-07
16413,Product_6413_1,home,879.3430234846742,364.6766689162882,archived,2024-10-21
16414,Product_6414_1,books,852.5033390696999,79.6745376732445,active,2024-02-21
16415,Product_6415_1,sports,974.3865266257634,192.9469840168344,pending,2024-07-09
16416,Product_6416_1,clothing,874.1971699799681,397.7301969932735,active,2024-05-11
16417,Product_6417_1,home,777.7320568555881,93.71143785563157,active,2024-10-15
16418,Product_6418_1,electronics,722.6655629312144,379.4337944734088,active,2024-08-06
16419,Product_6419_1,electronics,976.3013983688819,309.5923961200895,archived,2024-04-02
16420,Product_6420_1,electronics,698.0929446497363,471.8906523171742,inactive,2024-10-19
16421,Product_6421_1,sports,188.81542379885525,451.44128192179664,active,2024-09-07
16422,Product_6422_1,home,375.48550433273925,391.0476957771866,active,2024-01-22
16423,Product_6423_1,sports,487.04169046074264,340.5496897630379,pending,2024-07-09
16424,Product_6424_1,sports,449.81583402422973,290.98474369514634,pending,2024-10-27
16425,Product_6425_1,home,481.1892787048454,261.978820848675,inactive,2024-04-24
16426,Product_6426_1,clothing,792.1228507324413,450.00728523430735,active,2024-04-27
16427,Product_6427_1,sports,880.4187766987374,122.38461981055,pending,2024-03-22
16428,Product_6428_1,electronics,759.0103851711607,133.62913534225095,inactive,2024-07-21
16429,Product_6429_1,books,497.6654963688455,36.431904791072114,archived,2024-06-03
16430,Product_6430_1,electronics,129.89857172920506,463.883156488227,pending,2024-05-04
16431,Product_6431_1,clothing,44.593512522724225,199.0849991315194,active,2024-04-02
16432,Product_6432_1,home,478.09807359181275,170.58110887161928,inactive,2024-11-09
16433,Product_6433_1,sports,281.8204984444992,85.24755410645383,pending,2024-04-28
16434,Product_6434_1,sports,827.4825390566276,80.20908173363655,pending,2024-09-11
16435,Product_6435_1,clothing,231.84382253917974,32.13728672337132,pending,2024-07-15
16436,Product_6436_1,sports,642.3575805654655,210.04441224958086,active,2024-11-13
16437,Product_6437_1,books,721.4013176543199,224.96941234955844,pending,2024-04-11
16438,Product_6438_1,books,25.43235560560453,465.9673229620347,active,2024-07-07
16439,Product_6439_1,home,3.0452660350337695,321.49041126348567,archived,2024-01-07
16440,Product_6440_1,clothing,820.9312779944994,151.3926929165675,pending,2024-07-03
16441,Product_6441_1,home,291.62739265186747,376.5719098431693,archived,2024-11-20
16442,Product_6442_1,home,369.38722889563144,145.5499608918953,inactive,2024-03-27
16443,Product_6443_1,electronics,306.6029032981402,148.52843817387762,inactive,2024-03-14
16444,Product_6444_1,clothing,685.2165228553763,20.015972945144657,archived,2024-03-16
16445,Product_6445_1,books,961.0045975447017,481.19940533697894,archived,2024-11-19
16446,Product_6446_1,electronics,825.0901929174124,176.51540259488416,active,2024-06-11
16447,Product_6447_1,electronics,836.8260568891385,371.44410512600234,archived,2024-07-24
16448,Product_6448_1,books,450.8292121198515,390.7894311100364,pending,2024-04-09
16449,Product_6449_1,books,681.2345291243221,424.5998275443354,archived,2024-07-25
16450,Product_6450_1,home,567.388086545436,407.34213891644055,archived,2024-01-03
16451,Product_6451_1,books,810.3246754475866,77.98240099756792,active,2024-03-12
16452,Product_6452_1,home,757.0792061163011,163.2374131720033,pending,2024-06-26
16453,Product_6453_1,home,368.7700733772028,21.511685147577364,archived,2024-07-26
16454,Product_6454_1,clothing,801.3951601195474,279.591629230788,active,2024-04-12
16455,Product_6455_1,electronics,122.36577197994872,11.230791120667728,inactive,2024-10-11
16456,Product_6456_1,home,774.1516676248827,424.2923239287723,active,2024-09-14
16457,Product_6457_1,electronics,772.3029678613718,251.36790303226172,archived,2024-06-22
16458,Product_6458_1,sports,736.132609900686,334.5566442732193,inactive,2024-04-22
16459,Product_6459_1,home,770.9371146990744,496.5038194328584,active,2024-11-06
16460,Product_6460_1,electronics,43.954589451146056,348.9575233814074,active,2024-11-02
16461,Product_6461_1,clothing,304.3356320075503,174.59407307859263,pending,2024-04-04
16462,Product_6462_1,electronics,448.53014114568305,261.60997327594913,pending,2024-11-01
16463,Product_6463_1,clothing,88.11818181097433,264.0173302822013,active,2024-09-18
16464,Product_6464_1,sports,147.2196086675016,11.084771254921918,inactive,2024-11-16
16465,Product_6465_1,books,21.831497289783197,400.22053399167197,pending,2024-10-26
16466,Product_6466_1,electronics,82.36879702549274,391.77683787929783,active,2024-04-26
16467,Product_6467_1,books,643.51059172957,226.03243653031817,inactive,2024-02-15
16468,Product_6468_1,home,454.6726331844141,190.97313961013944,archived,2024-02-15
16469,Product_6469_1,books,875.2513359823276,186.15301995762377,pending,2024-05-02
16470,Product_6470_1,home,575.0597427373049,384.37287479234965,pending,2024-04-19
16471,Product_6471_1,electronics,426.644181818881,190.18688826916272,active,2024-01-04
16472,Product_6472_1,electronics,67.14405085550946,429.4041033670102,active,2024-06-20
16473,Product_6473_1,clothing,834.4829783002865,380.89468057739793,archived,2024-06-14
16474,Product_6474_1,sports,543.6623772476909,286.9244626859179,active,2024-02-01
16475,Product_6475_1,electronics,62.88968525055488,483.2642446289021,pending,2024-03-06
16476,Product_6476_1,clothing,238.25827562272914,268.59228264835804,active,2024-09-10
16477,Product_6477_1,home,724.9307966568117,255.3238906320622,active,2024-05-19
16478,Product_6478_1,home,964.8659785268725,43.001922635126185,pending,2024-05-09
16479,Product_6479_1,electronics,911.6876212965717,457.594054980909,inactive,2024-02-16
16480,Product_6480_1,books,424.15266609768787,481.88044734689464,active,2024-04-11
16481,Product_6481_1,clothing,999.8007949766716,338.939085549877,archived,2024-07-02
16482,Product_6482_1,clothing,427.3930053393418,17.342665594657625,archived,2024-09-22
16483,Product_6483_1,home,231.6874505926363,132.9248557223816,archived,2024-01-03
16484,Product_6484_1,clothing,745.217017608249,167.91332293690942,pending,2024-06-11
16485,Product_6485_1,sports,617.9599477739293,25.437997615027,archived,2024-05-13
16486,Product_6486_1,electronics,24.10659511076212,331.675566601234,active,2024-08-27
16487,Product_6487_1,books,322.4569734577117,346.0649189349275,inactive,2024-02-01
16488,Product_6488_1,clothing,654.5840067400632,80.10024914864721,active,2024-03-13
16489,Product_6489_1,home,97.84149865377306,454.70868192722963,active,2024-07-11
16490,Product_6490_1,home,737.10950545516,463.34381573016105,active,2024-11-14
16491,Product_6491_1,electronics,724.1875199584089,306.1381183224922,inactive,2024-05-21
16492,Product_6492_1,home,678.067659523377,395.0066611585228,archived,2024-06-13
16493,Product_6493_1,sports,599.8457203213901,134.12393725991086,active,2024-08-10
16494,Product_6494_1,electronics,190.51119354207356,442.2645876128378,inactive,2024-01-02
16495,Product_6495_1,books,520.4368224231607,176.51000799430707,active,2024-06-25
16496,Product_6496_1,home,658.0121835273859,473.3331205066346,pending,2024-09-18
16497,Product_6497_1,books,791.1237428791069,311.1113007078811,archived,2024-08-10
16498,Product_6498_1,home,663.1240358851338,186.10862613715886,pending,2024-02-05
16499,Product_6499_1,clothing,17.288035409538068,397.1162923328005,active,2024-08-05
16500,Product_6500_1,electronics,997.9180086021242,432.48652256788915,inactive,2024-03-07
16501,Product_6501_1,books,23.85892150768632,13.048435919019711,archived,2024-05-05
16502,Product_6502_1,electronics,850.6782954305137,411.4359525132085,inactive,2024-02-17
16503,Product_6503_1,home,445.3838288795232,41.72907696545454,active,2024-03-07
16504,Product_6504_1,clothing,536.0709372083497,486.9797832439508,pending,2024-03-26
16505,Product_6505_1,electronics,779.9435763713843,301.7467983070399,active,2024-10-04
16506,Product_6506_1,books,865.1875051765777,488.5541891236647,inactive,2024-02-10
16507,Product_6507_1,clothing,597.5211788494274,309.1060727967458,inactive,2024-09-14
16508,Product_6508_1,sports,708.5243169568176,29.82303746049616,inactive,2024-03-02
16509,Product_6509_1,home,104.5056492133442,74.63505185516314,archived,2024-01-05
16510,Product_6510_1,clothing,741.7379251071146,362.7112511317113,active,2024-03-06
16511,Product_6511_1,sports,589.4574304293737,128.3071542476556,active,2024-06-07
16512,Product_6512_1,books,518.7363992204205,208.83704169055582,inactive,2024-11-24
16513,Product_6513_1,clothing,120.52912400039715,261.69817377927143,inactive,2024-04-27
16514,Product_6514_1,clothing,187.54468341889984,304.11136138720485,pending,2024-09-06
16515,Product_6515_1,clothing,596.9909376756868,382.903257785545,archived,2024-05-19
16516,Product_6516_1,home,342.533553508471,359.2331268760919,active,2024-11-10
16517,Product_6517_1,home,869.8541217229186,444.968922207202,archived,2024-06-01
16518,Product_6518_1,electronics,394.55168472049667,455.2557908560524,inactive,2024-01-22
16519,Product_6519_1,home,805.1470855206886,57.79267004485306,archived,2024-07-24
16520,Product_6520_1,sports,235.74450737348118,15.225565944676823,pending,2024-05-15
16521,Product_6521_1,sports,969.0007052747801,97.68665240867855,active,2024-01-06
16522,Product_6522_1,electronics,494.47641423743215,96.20366118812949,archived,2024-11-24
16523,Product_6523_1,clothing,963.3463347314761,345.3699671341566,active,2024-02-04
16524,Product_6524_1,electronics,191.409234771312,262.35343059631407,archived,2024-05-04
16525,Product_6525_1,sports,628.5380581850595,136.81174237732972,archived,2024-04-06
16526,Product_6526_1,sports,524.2280559507423,292.12985205675307,active,2024-05-27
16527,Product_6527_1,home,311.41536193545465,150.30954965537165,pending,2024-08-20
16528,Product_6528_1,electronics,504.5184854825338,373.17656852955605,archived,2024-06-15
16529,Product_6529_1,electronics,446.79139905996607,100.60649379262881,archived,2024-07-16
16530,Product_6530_1,sports,702.2437877085963,483.91548163729544,active,2024-03-06
16531,Product_6531_1,clothing,89.92100970029387,413.24679966677456,inactive,2024-09-20
16532,Product_6532_1,electronics,14.338559643679838,102.78633927980191,active,2024-12-12
16533,Product_6533_1,sports,643.3360333034949,390.07289218813037,archived,2024-10-12
16534,Product_6534_1,books,630.9087499289086,390.7542039210936,archived,2024-08-06
16535,Product_6535_1,home,328.57349731211906,182.94935147986223,inactive,2024-10-17
16536,Product_6536_1,electronics,202.8073948269528,122.70814983115531,inactive,2024-06-13
16537,Product_6537_1,home,479.4799947641449,483.86473236863065,inactive,2024-09-02
16538,Product_6538_1,electronics,675.2448394905408,426.8579839993336,active,2024-06-26
16539,Product_6539_1,sports,52.34364022913952,182.15313523305568,archived,2024-11-21
16540,Product_6540_1,electronics,968.5555355127094,288.5891539448516,pending,2024-07-16
16541,Product_6541_1,home,435.97037015445125,284.08877282258294,pending,2024-11-27
16542,Product_6542_1,books,910.6145564627785,111.45042759511975,active,2024-02-18
16543,Product_6543_1,sports,226.57020308620596,333.5956745315325,inactive,2024-05-01
16544,Product_6544_1,electronics,318.22640489921963,181.70601749333125,active,2024-06-28
16545,Product_6545_1,clothing,119.98709133998021,28.738696342584934,pending,2024-08-15
16546,Product_6546_1,home,210.44558299369595,113.87346764299701,active,2024-09-18
16547,Product_6547_1,clothing,325.183669260925,122.96308107258184,archived,2024-03-10
16548,Product_6548_1,books,115.72493503873568,167.05514312935495,active,2024-08-14
16549,Product_6549_1,books,60.210659402877326,499.6714330162239,inactive,2024-05-16
16550,Product_6550_1,home,586.883967369555,87.57434593005297,pending,2024-10-22
16551,Product_6551_1,clothing,734.6965403235707,46.51245433724132,pending,2024-04-14
16552,Product_6552_1,clothing,401.47828293479745,127.44465941751614,archived,2024-01-26
16553,Product_6553_1,electronics,459.638335430503,216.54463330160377,pending,2024-11-07
16554,Product_6554_1,electronics,87.65543904203757,283.7455603850353,active,2024-12-17
16555,Product_6555_1,books,292.379567030172,396.1419612940569,active,2024-04-05
16556,Product_6556_1,electronics,774.7465760442946,486.4352416490033,inactive,2024-02-19
16557,Product_6557_1,electronics,65.1083598001433,402.2902645505891,archived,2024-05-07
16558,Product_6558_1,clothing,107.25317940229039,404.88966022038346,inactive,2024-06-24
16559,Product_6559_1,books,849.8873613224735,493.6916178530606,active,2024-08-23
16560,Product_6560_1,books,136.77289859707693,112.92905155623096,archived,2024-03-23
16561,Product_6561_1,electronics,760.2711463475508,17.514132746037042,archived,2024-09-05
16562,Product_6562_1,books,553.435718285334,436.12056048982225,inactive,2024-08-22
16563,Product_6563_1,clothing,139.66217408819503,276.71188906834857,archived,2024-07-02
16564,Product_6564_1,sports,427.9702411088485,487.6391548509535,inactive,2024-11-22
16565,Product_6565_1,clothing,368.4951269571329,201.80965743700878,inactive,2024-05-11
16566,Product_6566_1,home,541.0459954705117,34.278818143651975,archived,2024-01-24
16567,Product_6567_1,home,684.3073390396245,350.3541327584527,pending,2024-01-27
16568,Product_6568_1,sports,876.7711056757028,299.1777576158256,active,2024-12-24
16569,Product_6569_1,books,860.7632097498457,190.83731046307946,archived,2024-03-09
16570,Product_6570_1,electronics,452.4921518603909,366.999374772445,archived,2024-05-01
16571,Product_6571_1,clothing,60.54020926893975,232.72273304858172,active,2024-03-08
16572,Product_6572_1,books,374.6957890646831,134.28313906482686,pending,2024-08-09
16573,Product_6573_1,electronics,953.2685401094224,455.6423804171168,active,2024-04-02
16574,Product_6574_1,clothing,656.9426342796868,390.60408109790376,inactive,2024-09-09
16575,Product_6575_1,home,620.7037697846046,373.8862746824892,pending,2024-08-22
16576,Product_6576_1,clothing,302.9871380896869,70.3853081166325,pending,2024-07-18
16577,Product_6577_1,home,434.03507050230206,240.62038884716114,archived,2024-02-15
16578,Product_6578_1,books,430.9051584846156,136.80231002626556,active,2024-12-27
16579,Product_6579_1,clothing,330.5834343200367,428.22959977088993,pending,2024-06-23
16580,Product_6580_1,home,273.3790329717152,312.86117413072606,archived,2024-11-27
16581,Product_6581_1,sports,495.48218041806814,219.00501449151392,archived,2024-03-25
16582,Product_6582_1,home,774.4531138117395,239.08228899088888,pending,2024-11-17
16583,Product_6583_1,clothing,627.0606807143818,74.29700186091559,inactive,2024-07-02
16584,Product_6584_1,clothing,200.52769716797695,422.23456348539236,active,2024-04-20
16585,Product_6585_1,home,79.52133151874331,396.4583176373124,active,2024-09-12
16586,Product_6586_1,home,422.5345290605369,460.110572008849,archived,2024-08-28
16587,Product_6587_1,clothing,408.59110696324655,138.89599905290947,archived,2024-06-15
16588,Product_6588_1,books,591.9821307632519,96.04050059852639,active,2024-04-26
16589,Product_6589_1,sports,655.3098720073191,455.46502653709445,inactive,2024-06-07
16590,Product_6590_1,sports,38.39025144553972,118.77929364546841,archived,2024-10-11
16591,Product_6591_1,clothing,78.85182943688517,210.66157114479844,active,2024-04-03
16592,Product_6592_1,clothing,125.62281391114273,393.4498013333661,inactive,2024-08-24
16593,Product_6593_1,books,544.9902637081927,13.893528478053739,pending,2024-12-14
16594,Product_6594_1,sports,820.6614180503295,186.48924503980075,archived,2024-11-09
16595,Product_6595_1,sports,427.80149086666995,432.25622660797785,archived,2024-08-12
16596,Product_6596_1,home,711.9191253266495,139.96053815637543,pending,2024-08-21
16597,Product_6597_1,sports,792.8697503506226,282.0548519587178,inactive,2024-07-10
16598,Product_6598_1,sports,653.5421726136019,91.59185741874605,pending,2024-10-25
16599,Product_6599_1,electronics,344.5841365864359,243.22519471772898,active,2024-12-01
16600,Product_6600_1,books,229.98801515194225,464.4417814538719,pending,2024-04-26
16601,Product_6601_1,clothing,701.5052549948617,312.10804567673324,archived,2024-11-02
16602,Product_6602_1,home,506.8195295517266,56.049467310462404,archived,2024-12-05
16603,Product_6603_1,electronics,595.922081628606,318.38974534160286,pending,2024-10-12
16604,Product_6604_1,sports,141.4202644587867,135.51026081163138,inactive,2024-02-12
16605,Product_6605_1,home,52.87760488778595,248.9799285938594,pending,2024-02-01
16606,Product_6606_1,home,743.2140068798489,33.49310515275475,inactive,2024-06-25
16607,Product_6607_1,books,82.08514158700298,422.13424061826305,inactive,2024-04-12
16608,Product_6608_1,books,326.8666694868064,187.49045482339687,archived,2024-09-27
16609,Product_6609_1,sports,632.3779855808089,23.670462202778275,active,2024-04-20
16610,Product_6610_1,home,665.4954110155552,368.6960507776948,pending,2024-06-07
16611,Product_6611_1,clothing,563.9792504997487,30.713268357807653,archived,2024-08-09
16612,Product_6612_1,clothing,449.2410728281089,195.4656649139723,inactive,2024-06-28
16613,Product_6613_1,home,844.8215094170829,117.00331870359672,archived,2024-04-23
16614,Product_6614_1,clothing,205.15361277514023,10.685822982874365,inactive,2024-05-28
16615,Product_6615_1,sports,839.8036905368612,101.25726760760843,active,2024-10-17
16616,Product_6616_1,electronics,185.78979476756413,46.46444534343266,active,2024-02-08
16617,Product_6617_1,electronics,65.19452059510628,125.95431859575221,pending,2024-12-18
16618,Product_6618_1,clothing,162.53990511083785,224.49944767470552,active,2024-11-06
16619,Product_6619_1,home,792.6368173755058,12.367172829758784,active,2024-02-04
16620,Product_6620_1,home,323.81382217448834,456.1779766209783,pending,2024-01-23
16621,Product_6621_1,clothing,137.05391769413524,20.779586903675277,active,2024-09-02
16622,Product_6622_1,clothing,119.90767856023058,392.7096309536793,pending,2024-05-01
16623,Product_6623_1,home,333.4252046618129,493.91729999409284,inactive,2024-02-24
16624,Product_6624_1,electronics,803.0212171647332,143.66442399347238,archived,2024-10-23
16625,Product_6625_1,home,409.7583462195325,167.23090175076194,inactive,2024-01-11
16626,Product_6626_1,sports,54.070226285166676,168.19833350998587,archived,2024-08-28
16627,Product_6627_1,electronics,211.8199231679705,93.2345241384303,active,2024-09-24
16628,Product_6628_1,home,275.13775845451977,148.20745476606368,archived,2024-08-06
16629,Product_6629_1,home,363.1412312960107,381.2245462871821,active,2024-07-23
16630,Product_6630_1,clothing,539.6795145857645,324.7332296759387,archived,2024-11-10
16631,Product_6631_1,electronics,19.200802516490096,250.16046072309146,archived,2024-03-18
16632,Product_6632_1,electronics,937.0542683546524,194.05060983566207,active,2024-05-19
16633,Product_6633_1,books,343.18920001144755,245.5425990307068,inactive,2024-02-13
16634,Product_6634_1,books,362.0244083987831,366.11384246321074,pending,2024-06-25
16635,Product_6635_1,books,976.5701591316576,475.60672331304056,pending,2024-05-16
16636,Product_6636_1,clothing,172.75377412834823,229.9032149700048,pending,2024-12-19
16637,Product_6637_1,clothing,17.891032960721553,349.24642187091587,active,2024-08-03
16638,Product_6638_1,electronics,731.7054748310056,324.34125246875357,pending,2024-07-21
16639,Product_6639_1,home,801.4582647302125,305.3509402650201,pending,2024-06-03
16640,Product_6640_1,home,198.22650291574965,469.14271361343793,active,2024-02-03
16641,Product_6641_1,books,646.1097131067122,430.30978581259353,active,2024-04-14
16642,Product_6642_1,clothing,259.20250080427246,291.34397193424917,archived,2024-03-14
16643,Product_6643_1,home,944.1542077969544,77.7148050554028,active,2024-08-25
16644,Product_6644_1,electronics,743.3053852774539,80.06551744883754,active,2024-12-03
16645,Product_6645_1,electronics,787.9512987856638,143.03514200411885,active,2024-01-21
16646,Product_6646_1,electronics,299.33094491555244,279.6770603833668,inactive,2024-09-08
16647,Product_6647_1,books,880.9593661363192,222.77327037229253,inactive,2024-03-18
16648,Product_6648_1,clothing,58.42555319468885,25.596105984586405,inactive,2024-12-18
16649,Product_6649_1,electronics,610.2279671148707,403.6158067233288,pending,2024-12-15
16650,Product_6650_1,sports,725.1614704267663,189.95375369586097,inactive,2024-09-23
16651,Product_6651_1,sports,508.8939225711814,184.9616633903724,archived,2024-07-20
16652,Product_6652_1,electronics,197.13000863274675,141.92138739783232,pending,2024-11-10
16653,Product_6653_1,books,416.3317079038105,11.498178226465,archived,2024-07-25
16654,Product_6654_1,clothing,446.6910386215705,378.94693129132025,archived,2024-04-23
16655,Product_6655_1,home,877.9948575649553,390.15431872137003,archived,2024-02-14
16656,Product_6656_1,clothing,530.3593191974905,472.3984336637908,archived,2024-07-11
16657,Product_6657_1,home,488.7135942083652,274.1049693695761,pending,2024-12-17
16658,Product_6658_1,books,375.4326128219839,332.36072520169677,archived,2024-05-12
16659,Product_6659_1,electronics,387.2882176755373,486.9380206430695,inactive,2024-03-26
16660,Product_6660_1,electronics,803.2487061146271,62.83299813734697,active,2024-10-26
16661,Product_6661_1,home,316.4836715727315,499.4207273574573,active,2024-01-10
16662,Product_6662_1,electronics,533.1467264926902,112.7408979512838,pending,2024-10-11
16663,Product_6663_1,electronics,133.64841381155938,28.862234817976375,pending,2024-07-25
16664,Product_6664_1,electronics,622.0643969237017,10.036515787909687,pending,2024-06-04
16665,Product_6665_1,electronics,299.1803934569813,108.62783950009752,inactive,2024-10-10
16666,Product_6666_1,clothing,933.9564340083202,396.28583717836096,pending,2024-08-15
16667,Product_6667_1,electronics,169.0627289586056,436.0958110083425,active,2024-06-17
16668,Product_6668_1,books,703.8946095668463,382.2683385863292,active,2024-01-16
16669,Product_6669_1,home,3.8263890276272488,142.6416321277625,active,2024-02-06
16670,Product_6670_1,books,262.9250605453164,413.8049953431478,pending,2024-11-12
16671,Product_6671_1,clothing,814.9011018391221,264.8301182997672,inactive,2024-03-01
16672,Product_6672_1,books,203.67542570540823,398.6659762152264,active,2024-09-21
16673,Product_6673_1,electronics,902.768172128817,344.6272373336723,active,2024-03-18
16674,Product_6674_1,electronics,350.2518099296685,219.4209735099668,pending,2024-03-18
16675,Product_6675_1,electronics,286.28185471022164,375.68112755198695,active,2024-09-18
16676,Product_6676_1,clothing,57.17785493406626,484.7969026171038,pending,2024-04-07
16677,Product_6677_1,home,415.4417327094233,114.34010624893871,active,2024-09-05
16678,Product_6678_1,clothing,999.8226721536247,459.6095916072821,inactive,2024-04-09
16679,Product_6679_1,clothing,898.0551348107823,446.93688423814297,archived,2024-05-11
16680,Product_6680_1,books,73.72540729569745,392.0570199936112,archived,2024-11-17
16681,Product_6681_1,electronics,213.0219742142792,484.49886780175905,inactive,2024-12-05
16682,Product_6682_1,electronics,816.9620419359765,84.34418981658189,pending,2024-11-15
16683,Product_6683_1,home,961.8829983778347,290.3025796592004,pending,2024-05-15
16684,Product_6684_1,books,326.642071292721,297.0365364061326,inactive,2024-08-13
16685,Product_6685_1,home,720.7007816746936,417.41166072347346,active,2024-10-23
16686,Product_6686_1,electronics,765.5211055744782,417.182784045998,active,2024-10-16
16687,Product_6687_1,sports,314.3066923792852,137.05318759810476,pending,2024-12-23
16688,Product_6688_1,home,60.67798133851418,253.00325504351477,archived,2024-12-19
16689,Product_6689_1,electronics,638.6446382209261,478.43646951269733,archived,2024-10-21
16690,Product_6690_1,books,371.09625535311295,257.33877491451904,pending,2024-07-20
16691,Product_6691_1,home,587.1728488795111,125.58845476557735,inactive,2024-08-21
16692,Product_6692_1,sports,429.4870607357934,300.49542466846754,pending,2024-06-07
16693,Product_6693_1,sports,656.2115004773646,277.2195633529049,pending,2024-08-17
16694,Product_6694_1,sports,829.8580028803793,346.106009558375,pending,2024-05-21
16695,Product_6695_1,home,166.42253560223992,126.15792914104544,active,2024-07-06
16696,Product_6696_1,sports,431.0952184884177,491.80919964731464,active,2024-07-03
16697,Product_6697_1,books,669.0010156491421,498.2762608345997,archived,2024-12-05
16698,Product_6698_1,books,250.12261720356616,207.84163879610995,inactive,2024-06-13
16699,Product_6699_1,books,63.12131116158094,274.2971934396674,pending,2024-12-14
16700,Product_6700_1,electronics,894.3570636087052,314.9181071745743,archived,2024-04-01
16701,Product_6701_1,books,430.88682958193596,60.836179422765134,archived,2024-09-10
16702,Product_6702_1,home,347.82081343316855,243.9089518488399,archived,2024-09-27
16703,Product_6703_1,sports,878.8109362835684,378.34438862846093,archived,2024-03-26
16704,Product_6704_1,electronics,401.85744833633623,141.31738843483868,inactive,2024-11-06
16705,Product_6705_1,home,616.1661317182877,192.3966137731438,archived,2024-11-08
16706,Product_6706_1,sports,852.127995155834,402.60322761080596,archived,2024-03-03
16707,Product_6707_1,clothing,214.7021683717262,477.00395092683846,inactive,2024-06-18
16708,Product_6708_1,home,123.55453981761896,173.4247101426223,active,2024-04-21
16709,Product_6709_1,books,811.474941398186,192.24870873747145,inactive,2024-03-13
16710,Product_6710_1,books,375.296910810815,295.97791974284416,active,2024-03-17
16711,Product_6711_1,home,939.1523211384266,327.3030051394957,archived,2024-01-25
16712,Product_6712_1,electronics,485.83710685573976,476.9727191276846,pending,2024-03-22
16713,Product_6713_1,books,500.67110162090347,79.28711616035163,archived,2024-12-04
16714,Product_6714_1,home,517.0581349452825,354.69081295721037,active,2024-02-10
16715,Product_6715_1,home,165.28150697005074,469.60342148124545,inactive,2024-11-17
16716,Product_6716_1,home,254.68438203069408,205.03154586359503,active,2024-01-02
16717,Product_6717_1,sports,699.1758366114096,316.64419625062175,archived,2024-03-02
16718,Product_6718_1,electronics,124.28794041425489,305.5018160201738,archived,2024-03-08
16719,Product_6719_1,electronics,52.828955975672855,289.9093238286233,active,2024-06-10
16720,Product_6720_1,home,597.8922657061561,451.993541393589,inactive,2024-11-25
16721,Product_6721_1,books,716.8246945518201,135.75480571478283,pending,2024-05-28
16722,Product_6722_1,clothing,158.7114349978488,189.1193067664921,inactive,2024-02-24
16723,Product_6723_1,sports,19.303096554255742,71.8517752481427,active,2024-04-17
16724,Product_6724_1,books,686.0743769500348,264.323474566895,active,2024-04-26
16725,Product_6725_1,electronics,175.74889315567484,42.36505172492494,inactive,2024-07-19
16726,Product_6726_1,electronics,808.2658215026605,236.42648569827833,archived,2024-10-14
16727,Product_6727_1,home,400.72602131774084,235.41982401920205,inactive,2024-08-05
16728,Product_6728_1,home,355.80054207583316,174.76478423519782,active,2024-07-27
16729,Product_6729_1,home,522.1278103998183,495.06973928450293,inactive,2024-06-03
16730,Product_6730_1,home,24.730371593873418,25.714655239729687,pending,2024-07-07
16731,Product_6731_1,clothing,545.6742715183068,132.9899669041406,inactive,2024-09-06
16732,Product_6732_1,home,305.1337981238167,409.83525587796964,pending,2024-05-12
16733,Product_6733_1,electronics,461.7994489914965,77.13972762941417,archived,2024-06-18
16734,Product_6734_1,books,494.94664000587755,464.8674596479804,archived,2024-04-13
16735,Product_6735_1,sports,164.73979479237664,40.29142427498135,active,2024-10-06
16736,Product_6736_1,books,100.02597430399159,354.5737062566042,pending,2024-12-26
16737,Product_6737_1,home,844.1228619586058,417.5124861226039,active,2024-12-28
16738,Product_6738_1,clothing,225.46879519586764,48.89056734176877,inactive,2024-12-06
16739,Product_6739_1,electronics,43.04282425643477,383.2990551118987,pending,2024-11-11
16740,Product_6740_1,sports,752.0763210587022,191.9976773901717,active,2024-12-27
16741,Product_6741_1,home,118.22211113484107,139.28717854170725,active,2024-03-19
16742,Product_6742_1,sports,779.2812053316703,419.6946931389763,archived,2024-10-17
16743,Product_6743_1,clothing,237.96158285716623,205.90354648867248,archived,2024-11-13
16744,Product_6744_1,books,128.42955394072092,94.72388806841131,archived,2024-04-27
16745,Product_6745_1,sports,219.55601559301468,303.57297069339995,archived,2024-06-09
16746,Product_6746_1,electronics,339.1593340121694,432.085483606004,archived,2024-01-19
16747,Product_6747_1,books,41.65064431090969,60.10418500720572,pending,2024-04-05
16748,Product_6748_1,books,297.961198484266,419.87233852556733,archived,2024-03-02
16749,Product_6749_1,home,242.9478794584106,71.77826762933024,pending,2024-02-05
16750,Product_6750_1,home,670.0767136952102,304.3770269177497,active,2024-10-20
16751,Product_6751_1,books,825.1239928690958,473.05786942330514,pending,2024-02-16
16752,Product_6752_1,clothing,289.4728281823252,188.01762995994386,archived,2024-01-16
16753,Product_6753_1,clothing,522.7554626842793,282.53399313789015,pending,2024-04-13
16754,Product_6754_1,home,96.69556142214576,489.6634692581419,inactive,2024-10-24
16755,Product_6755_1,clothing,849.6711973889437,351.57185780570063,active,2024-12-09
16756,Product_6756_1,books,174.92840647466556,56.3351763659857,inactive,2024-06-26
16757,Product_6757_1,sports,956.0075432650762,54.09572637001788,inactive,2024-09-21
16758,Product_6758_1,books,488.9406741121758,112.96164246596051,archived,2024-07-22
16759,Product_6759_1,electronics,851.9815091360608,62.6741547994173,active,2024-02-13
16760,Product_6760_1,electronics,640.85631099955,142.92188360614614,active,2024-04-20
16761,Product_6761_1,books,857.6663772815645,62.31373028252011,active,2024-06-10
16762,Product_6762_1,clothing,481.6129573598227,423.98488510163395,inactive,2024-11-14
16763,Product_6763_1,electronics,758.6838748560782,344.5216614167042,pending,2024-11-14
16764,Product_6764_1,electronics,286.5941068801865,302.5544378721567,active,2024-09-13
16765,Product_6765_1,home,352.8979671472795,299.6060238796683,inactive,2024-08-27
16766,Product_6766_1,sports,13.346262351322824,267.37877800195014,inactive,2024-07-04
16767,Product_6767_1,sports,644.1480193199542,52.514114086193445,archived,2024-05-05
16768,Product_6768_1,books,279.3874720063944,183.3838676922166,active,2024-12-05
16769,Product_6769_1,sports,455.44781831759576,492.7186369544266,archived,2024-12-05
16770,Product_6770_1,home,883.359393096564,475.5774780486656,active,2024-12-13
16771,Product_6771_1,home,436.8656394552833,385.0302753738256,active,2024-12-19
16772,Product_6772_1,home,333.824174015652,496.8676645695911,inactive,2024-08-05
16773,Product_6773_1,clothing,91.3587450216339,326.3505148710088,archived,2024-07-05
16774,Product_6774_1,sports,897.7709478037593,134.777202226406,archived,2024-09-24
16775,Product_6775_1,clothing,244.4195469955307,337.27530338082073,active,2024-02-10
16776,Product_6776_1,home,649.7205426301795,370.9783182482879,active,2024-06-16
16777,Product_6777_1,electronics,622.4659830934671,427.96078126507575,pending,2024-06-20
16778,Product_6778_1,electronics,484.9653097257518,112.36101629326637,inactive,2024-05-28
16779,Product_6779_1,sports,819.749187191141,50.57510875409619,archived,2024-11-27
16780,Product_6780_1,books,870.075300295402,198.70050229041405,active,2024-03-08
16781,Product_6781_1,clothing,435.00077806061176,178.62831660603214,active,2024-10-08
16782,Product_6782_1,books,517.788544768735,205.47323791751484,active,2024-05-13
16783,Product_6783_1,electronics,97.3372877558542,273.6757788281132,archived,2024-07-01
16784,Product_6784_1,sports,780.9688071275926,176.03021687351148,inactive,2024-07-11
16785,Product_6785_1,home,752.5225198791866,23.461082789883633,inactive,2024-03-15
16786,Product_6786_1,sports,497.11782928003475,292.82188354278543,inactive,2024-08-19
16787,Product_6787_1,sports,818.3882136596502,265.95136514375326,pending,2024-07-15
16788,Product_6788_1,electronics,683.8020225222517,104.65130020423645,active,2024-03-02
16789,Product_6789_1,books,723.3928587788488,487.0282132169528,inactive,2024-02-05
16790,Product_6790_1,electronics,298.43590676611444,452.8284369971715,pending,2024-03-06
16791,Product_6791_1,electronics,431.1004754329917,485.01225246488434,inactive,2024-10-16
16792,Product_6792_1,home,918.3736596705453,165.28268185929775,pending,2024-11-01
16793,Product_6793_1,sports,979.2073380921565,252.57955390526126,inactive,2024-12-17
16794,Product_6794_1,electronics,582.2078868212151,467.69140753551636,active,2024-09-16
16795,Product_6795_1,books,361.17537257284823,135.37235507905785,active,2024-11-19
16796,Product_6796_1,sports,353.9959417524017,166.9057782586653,active,2024-05-17
16797,Product_6797_1,home,491.6683276863346,435.73246784600815,inactive,2024-04-18
16798,Product_6798_1,sports,269.2658276444727,225.71698347337636,inactive,2024-12-21
16799,Product_6799_1,home,178.30009513697465,423.99705909767897,archived,2024-01-22
16800,Product_6800_1,books,98.81212320391604,30.34926813167006,pending,2024-06-26
16801,Product_6801_1,books,854.6860200984191,307.68123554148286,active,2024-03-18
16802,Product_6802_1,home,974.8331964027257,144.13429505310947,active,2024-05-23
16803,Product_6803_1,clothing,5.238451070107004,148.030877105279,pending,2024-01-11
16804,Product_6804_1,sports,368.4928805388347,246.3140913399538,archived,2024-11-07
16805,Product_6805_1,books,800.0544774073842,54.78148651388911,inactive,2024-01-15
16806,Product_6806_1,books,774.898270349068,423.5602045241445,pending,2024-04-07
16807,Product_6807_1,clothing,101.23204109859607,364.79501792018254,archived,2024-10-27
16808,Product_6808_1,books,558.2925636782679,51.332562823385445,pending,2024-04-02
16809,Product_6809_1,clothing,963.1925962964012,365.8717959157699,archived,2024-05-20
16810,Product_6810_1,electronics,167.56821091764428,325.58873990206143,active,2024-11-17
16811,Product_6811_1,books,723.1675584929677,45.220912486635484,archived,2024-09-12
16812,Product_6812_1,books,923.2196145974932,275.911175810079,archived,2024-09-12
16813,Product_6813_1,home,535.2532071809587,487.5476777707437,archived,2024-06-24
16814,Product_6814_1,clothing,207.48028443626356,309.36737105896276,active,2024-02-26
16815,Product_6815_1,clothing,591.5708973139175,397.2885693460825,pending,2024-03-10
16816,Product_6816_1,sports,249.67800270626944,122.27106926524336,inactive,2024-11-12
16817,Product_6817_1,books,6.533808947425725,469.6414307446767,pending,2024-03-12
16818,Product_6818_1,books,18.440942193699417,385.38657838501183,inactive,2024-08-23
16819,Product_6819_1,electronics,862.9595278391308,451.04997790208756,pending,2024-03-23
16820,Product_6820_1,home,173.73748254562346,321.0465250866039,active,2024-03-02
16821,Product_6821_1,electronics,47.296164323697454,330.2234624360296,inactive,2024-02-24
16822,Product_6822_1,clothing,823.1165896021718,433.0751773232951,pending,2024-02-07
16823,Product_6823_1,sports,238.86269842700793,345.1386238401075,archived,2024-04-27
16824,Product_6824_1,clothing,263.5978729867532,383.4506594010109,inactive,2024-11-09
16825,Product_6825_1,sports,79.43390655179768,135.3959343192272,archived,2024-09-13
16826,Product_6826_1,sports,222.96055695365266,485.577738816229,pending,2024-04-01
16827,Product_6827_1,clothing,123.28348368899134,421.32445474360736,active,2024-12-18
16828,Product_6828_1,clothing,428.25785752666263,396.1985519067325,active,2024-07-21
16829,Product_6829_1,books,722.5508263267354,144.48956671828063,inactive,2024-07-10
16830,Product_6830_1,home,93.2768245522982,178.07266682928704,archived,2024-10-28
16831,Product_6831_1,sports,204.92874190441864,427.2036860016075,inactive,2024-05-13
16832,Product_6832_1,clothing,337.6605214299474,488.0286065383468,archived,2024-10-27
16833,Product_6833_1,sports,968.3753515584153,330.415743598295,inactive,2024-01-09
16834,Product_6834_1,clothing,59.1522850008863,410.98328476082884,active,2024-01-26
16835,Product_6835_1,clothing,806.6151478225888,432.2893884918729,inactive,2024-11-12
16836,Product_6836_1,home,447.61707797039327,139.67992940820625,inactive,2024-03-21
16837,Product_6837_1,clothing,55.32945621168229,365.9286318686629,pending,2024-08-12
16838,Product_6838_1,books,393.2050874429146,431.0517675908373,archived,2024-01-15
16839,Product_6839_1,sports,920.8571563320177,316.21312483837755,archived,2024-01-06
16840,Product_6840_1,books,481.6783279388333,414.86924351872653,pending,2024-06-01
16841,Product_6841_1,electronics,431.48948805216753,361.58564249678733,inactive,2024-04-23
16842,Product_6842_1,sports,199.3462847112319,111.20915663579463,inactive,2024-02-26
16843,Product_6843_1,clothing,397.89102458044056,474.2614657088968,archived,2024-08-21
16844,Product_6844_1,books,421.453873719935,67.335231038373,pending,2024-05-07
16845,Product_6845_1,home,754.0657613880234,498.48815410521144,active,2024-04-12
16846,Product_6846_1,sports,302.38381394637565,38.24613168712358,inactive,2024-09-28
16847,Product_6847_1,electronics,434.6729086020211,449.4886986533335,inactive,2024-04-27
16848,Product_6848_1,sports,722.3417601230492,46.90783105496919,pending,2024-09-20
16849,Product_6849_1,home,312.6143770319654,298.4631623704528,pending,2024-02-11
16850,Product_6850_1,clothing,92.17725577426368,94.14087800753984,archived,2024-07-27
16851,Product_6851_1,home,870.4639334265709,234.0228575437486,pending,2024-11-11
16852,Product_6852_1,electronics,863.7464007507656,113.70635314529238,active,2024-10-19
16853,Product_6853_1,sports,493.83510351474604,158.1344904986056,inactive,2024-05-04
16854,Product_6854_1,electronics,72.06659780106092,474.87861477043515,archived,2024-03-05
16855,Product_6855_1,home,472.4174415897279,119.56272135298015,inactive,2024-09-17
16856,Product_6856_1,sports,790.3463020333531,308.8790054870599,inactive,2024-12-22
16857,Product_6857_1,books,695.9587291143341,330.4570792676511,inactive,2024-10-08
16858,Product_6858_1,home,194.27343113209704,89.363745350422,pending,2024-05-17
16859,Product_6859_1,sports,408.76399038634054,88.2973897037171,pending,2024-07-27
16860,Product_6860_1,sports,507.3862465258868,182.97791908284591,archived,2024-02-16
16861,Product_6861_1,sports,485.4632586049674,154.91616399492338,pending,2024-05-02
16862,Product_6862_1,electronics,655.1763288359095,37.713737176421574,archived,2024-04-21
16863,Product_6863_1,clothing,979.193952854013,290.0828284571758,pending,2024-05-20
16864,Product_6864_1,home,448.81207323426463,160.99925513808194,archived,2024-12-03
16865,Product_6865_1,clothing,185.2044287115417,472.1960623521331,pending,2024-09-11
16866,Product_6866_1,books,453.4467656703933,141.13128527327885,active,2024-03-07
16867,Product_6867_1,home,25.915266711261484,486.8109214651444,pending,2024-10-25
16868,Product_6868_1,sports,414.01867770726426,154.61731094780086,active,2024-11-13
16869,Product_6869_1,books,63.859996164561686,233.81337812531174,archived,2024-04-12
16870,Product_6870_1,home,462.82222845510483,204.75354232410947,inactive,2024-03-22
16871,Product_6871_1,books,206.72897400431086,305.710195459578,pending,2024-08-01
16872,Product_6872_1,books,240.88732906061892,127.01090963700584,inactive,2024-09-06
16873,Product_6873_1,home,894.9550671778609,198.10036615589044,archived,2024-09-21
16874,Product_6874_1,clothing,502.0569795419744,103.83847722178834,active,2024-09-16
16875,Product_6875_1,electronics,148.66091171008821,380.24881415224064,archived,2024-04-23
16876,Product_6876_1,clothing,412.02948576233905,289.8409008749162,pending,2024-12-26
16877,Product_6877_1,clothing,750.2523891205867,100.55494856689465,pending,2024-03-23
16878,Product_6878_1,sports,178.89040753487504,23.576908504556542,inactive,2024-01-24
16879,Product_6879_1,books,557.7827440410542,421.25874884194644,archived,2024-11-21
16880,Product_6880_1,clothing,695.6738483867571,21.70556012408347,pending,2024-09-01
16881,Product_6881_1,clothing,383.018009420302,259.4908296809391,archived,2024-12-02
16882,Product_6882_1,books,715.3205599567838,282.7391499415811,archived,2024-08-14
16883,Product_6883_1,electronics,292.3551909620228,61.058995676370316,pending,2024-03-25
16884,Product_6884_1,sports,350.9950350308742,264.5317762347284,active,2024-06-05
16885,Product_6885_1,clothing,875.112913157379,141.54012687976356,archived,2024-12-28
16886,Product_6886_1,clothing,994.6786067385957,172.77404610108718,active,2024-05-13
16887,Product_6887_1,clothing,429.29384535563037,177.04882336421733,pending,2024-05-24
16888,Product_6888_1,sports,6.251711188960618,67.7351811604888,archived,2024-05-24
16889,Product_6889_1,electronics,649.8384624843537,78.71236131150378,pending,2024-01-07
16890,Product_6890_1,home,157.06028701008702,99.68583960351616,pending,2024-12-18
16891,Product_6891_1,books,694.5911023417989,267.3291359313527,active,2024-01-02
16892,Product_6892_1,clothing,645.9270194987131,443.22415104100253,inactive,2024-12-01
16893,Product_6893_1,electronics,85.03560636502296,337.9059995805337,archived,2024-09-08
16894,Product_6894_1,clothing,879.5510147816366,162.81781766951744,archived,2024-02-09
16895,Product_6895_1,clothing,12.352772349757215,169.68859529162705,pending,2024-08-16
16896,Product_6896_1,home,394.3620169721713,81.49127795757266,pending,2024-06-24
16897,Product_6897_1,electronics,327.43308222099057,421.6354257695224,archived,2024-04-19
16898,Product_6898_1,books,977.30800456475,455.27786009089044,inactive,2024-10-19
16899,Product_6899_1,home,430.1099180411088,409.9400783277704,inactive,2024-03-17
16900,Product_6900_1,clothing,795.241692485731,357.8410837514786,active,2024-01-14
16901,Product_6901_1,books,270.1539743539484,451.73492264968536,inactive,2024-10-04
16902,Product_6902_1,books,87.07734872026525,36.603164824383626,active,2024-08-04
16903,Product_6903_1,electronics,262.6177358419628,416.86691104549413,pending,2024-01-07
16904,Product_6904_1,books,740.5089284124234,69.61107695805956,inactive,2024-06-08
16905,Product_6905_1,electronics,809.1618484513522,229.13138228984462,pending,2024-01-21
16906,Product_6906_1,sports,136.40497554317332,409.3120427946661,pending,2024-07-01
16907,Product_6907_1,electronics,605.3012383441718,494.1063285553323,pending,2024-09-10
16908,Product_6908_1,electronics,367.3982762343146,261.5414417234572,active,2024-01-27
16909,Product_6909_1,clothing,927.7172498205096,207.18835013003147,active,2024-10-14
16910,Product_6910_1,clothing,148.81879235570622,493.6514098461519,inactive,2024-04-07
16911,Product_6911_1,sports,395.5211579720464,272.95312807042654,inactive,2024-02-24
16912,Product_6912_1,sports,53.571634908058456,385.1956487052748,pending,2024-07-18
16913,Product_6913_1,home,583.9282070850355,45.125244632286915,inactive,2024-01-20
16914,Product_6914_1,books,601.672909503273,300.8572062972413,archived,2024-10-18
16915,Product_6915_1,sports,42.02236542101316,326.35592819379366,active,2024-03-12
16916,Product_6916_1,electronics,321.2707204429668,325.9049246694533,inactive,2024-04-02
16917,Product_6917_1,home,372.3769314126208,89.80234948362484,active,2024-11-12
16918,Product_6918_1,books,107.98138335903425,469.2360299595963,archived,2024-04-24
16919,Product_6919_1,books,687.7889823723463,383.6405340569236,pending,2024-11-04
16920,Product_6920_1,clothing,544.5236004995455,74.73167618061807,pending,2024-06-01
16921,Product_6921_1,home,35.53596309496893,401.96601282489615,inactive,2024-09-14
16922,Product_6922_1,home,88.67244445506462,210.00675275488152,inactive,2024-01-20
16923,Product_6923_1,clothing,528.2132807742223,377.9504687155343,inactive,2024-02-05
16924,Product_6924_1,books,847.1084080795503,173.88406101772472,pending,2024-12-08
16925,Product_6925_1,books,268.955238675321,195.4818630007737,pending,2024-11-28
16926,Product_6926_1,sports,472.94847949438434,333.1114362478493,archived,2024-11-11
16927,Product_6927_1,electronics,505.84285386562635,64.33147903385323,active,2024-05-15
16928,Product_6928_1,books,988.5576882774619,158.5308485419926,active,2024-09-25
16929,Product_6929_1,sports,359.2210368268196,423.01050044619967,pending,2024-04-21
16930,Product_6930_1,sports,362.6470299023384,226.20242383161158,pending,2024-04-03
16931,Product_6931_1,electronics,565.3921566803979,120.90433897443036,active,2024-11-01
16932,Product_6932_1,sports,347.60129063477245,234.79578152174085,archived,2024-12-15
16933,Product_6933_1,clothing,429.53725227483363,249.98759760207702,inactive,2024-06-22
16934,Product_6934_1,clothing,359.91073458708877,206.43240276269754,inactive,2024-10-24
16935,Product_6935_1,home,388.09125924575983,113.77079178170472,inactive,2024-12-18
16936,Product_6936_1,sports,99.99619291386874,225.33156581900104,pending,2024-05-28
16937,Product_6937_1,books,323.3219511083697,452.079171097783,archived,2024-02-22
16938,Product_6938_1,books,329.5243964643137,216.63946062707447,inactive,2024-01-16
16939,Product_6939_1,home,816.614718324462,191.32448689383543,pending,2024-05-09
16940,Product_6940_1,home,427.13778225221665,74.65636929518202,inactive,2024-12-11
16941,Product_6941_1,clothing,711.5949313803766,190.822360782683,inactive,2024-11-26
16942,Product_6942_1,electronics,661.5880777321947,118.79199097002633,pending,2024-12-07
16943,Product_6943_1,clothing,595.038280609357,153.0153784639432,inactive,2024-06-07
16944,Product_6944_1,home,636.7409471496359,24.999071886776896,inactive,2024-08-26
16945,Product_6945_1,clothing,83.23643863160441,222.27885613735774,pending,2024-05-06
16946,Product_6946_1,books,473.5412716547405,307.39287887735424,active,2024-10-22
16947,Product_6947_1,books,295.6318134625911,77.16083557982004,active,2024-07-13
16948,Product_6948_1,books,874.2293397993697,246.18591817716546,pending,2024-09-27
16949,Product_6949_1,books,474.377440284942,449.65429001104917,active,2024-03-04
16950,Product_6950_1,books,349.16719565988325,399.4674351809021,archived,2024-03-10
16951,Product_6951_1,sports,377.53206770247385,332.0621765511077,pending,2024-12-06
16952,Product_6952_1,home,38.80504860837564,456.9709355211821,active,2024-11-11
16953,Product_6953_1,home,328.13092113132814,258.66939586077,inactive,2024-07-22
16954,Product_6954_1,electronics,56.34220632586552,271.3432713592073,archived,2024-04-13
16955,Product_6955_1,books,682.1844200585964,492.9411684180389,active,2024-12-08
16956,Product_6956_1,home,103.21137293300109,75.91287401060218,inactive,2024-01-14
16957,Product_6957_1,home,799.0477918618958,465.74774374230714,inactive,2024-07-06
16958,Product_6958_1,sports,862.0490927454839,403.2793965694216,pending,2024-08-08
16959,Product_6959_1,home,664.7943476593903,196.72896514041685,active,2024-12-09
16960,Product_6960_1,electronics,682.8392291447243,19.808704890364982,archived,2024-12-28
16961,Product_6961_1,books,617.3150944742222,188.3463501175166,archived,2024-06-26
16962,Product_6962_1,clothing,673.4719023188013,230.19308070552376,inactive,2024-07-23
16963,Product_6963_1,books,643.6496194483806,482.20546216161523,active,2024-09-17
16964,Product_6964_1,sports,353.3935147793448,486.2220677248676,inactive,2024-01-26
16965,Product_6965_1,home,216.1604701695052,264.5910178064188,pending,2024-08-05
16966,Product_6966_1,electronics,736.8296089926026,226.5316319387952,archived,2024-06-05
16967,Product_6967_1,electronics,3.9757733748798163,80.06343804409514,active,2024-09-05
16968,Product_6968_1,home,597.6566731208374,495.47641968039443,active,2024-05-21
16969,Product_6969_1,electronics,418.16247785901015,88.74761852934522,archived,2024-11-01
16970,Product_6970_1,books,792.2002868441998,365.0146913790765,inactive,2024-05-22
16971,Product_6971_1,home,729.3842689600361,145.76903545496077,active,2024-01-03
16972,Product_6972_1,clothing,576.4181992840045,425.32127477563,archived,2024-02-27
16973,Product_6973_1,clothing,561.5565820427986,114.15677069521088,pending,2024-05-10
16974,Product_6974_1,electronics,899.855179332089,114.76098738943612,pending,2024-02-26
16975,Product_6975_1,clothing,643.805895742221,335.98264759465155,pending,2024-12-09
16976,Product_6976_1,books,777.7903704454757,78.38299879726068,inactive,2024-05-04
16977,Product_6977_1,clothing,81.09101365697038,371.61813583949566,pending,2024-08-13
16978,Product_6978_1,sports,923.323576184779,410.1157449756436,inactive,2024-02-26
16979,Product_6979_1,clothing,517.3647980091051,311.4915608883784,inactive,2024-01-27
16980,Product_6980_1,clothing,570.1675522497652,24.575191175569017,pending,2024-02-15
16981,Product_6981_1,electronics,192.03479281152815,122.76652272574265,pending,2024-03-17
16982,Product_6982_1,clothing,857.368842197426,191.11133075411868,inactive,2024-06-26
16983,Product_6983_1,electronics,914.968102352837,346.8342387679038,active,2024-12-02
16984,Product_6984_1,books,71.0053472231266,35.61741595185426,inactive,2024-09-13
16985,Product_6985_1,sports,832.8302447058312,28.62347417852514,archived,2024-12-07
16986,Product_6986_1,sports,901.6874212257394,304.30397974473186,inactive,2024-06-11
16987,Product_6987_1,sports,734.6228699564377,27.620484177556204,inactive,2024-09-12
16988,Product_6988_1,sports,247.696780172443,31.125487543910328,active,2024-10-08
16989,Product_6989_1,electronics,110.1732578906783,169.9463711144481,active,2024-01-06
16990,Product_6990_1,home,671.2230333815955,16.552828587861956,pending,2024-08-28
16991,Product_6991_1,books,195.21792075537272,43.84316338900937,archived,2024-07-22
16992,Product_6992_1,clothing,904.6270282888257,13.090660958714011,archived,2024-10-04
16993,Product_6993_1,electronics,865.5147355300599,445.3325044774798,archived,2024-08-04
16994,Product_6994_1,books,989.0484411011872,309.63694109772877,inactive,2024-10-11
16995,Product_6995_1,sports,824.7775713738569,482.11723011794425,archived,2024-08-09
16996,Product_6996_1,sports,878.7294170049129,496.07301469209557,archived,2024-09-09
16997,Product_6997_1,home,787.2308867679857,323.37557348682276,pending,2024-12-06
16998,Product_6998_1,sports,927.2604377652516,77.45217632224083,pending,2024-04-26
16999,Product_6999_1,home,476.2184767662899,115.09663048003557,inactive,2024-09-24
17000,Product_7000_1,electronics,920.908780394255,426.921624647763,archived,2024-06-28
17001,Product_7001_1,electronics,172.45822026038044,281.71994429973,inactive,2024-01-02
17002,Product_7002_1,home,721.2431157109007,204.29369316610365,archived,2024-07-04
17003,Product_7003_1,electronics,148.2793496158511,265.36975272324827,inactive,2024-07-27
17004,Product_7004_1,books,871.411320729976,208.86265644991835,pending,2024-01-14
17005,Product_7005_1,books,593.4005136367944,432.1646048652581,inactive,2024-12-15
17006,Product_7006_1,electronics,690.3706040103116,156.2412836374137,inactive,2024-09-23
17007,Product_7007_1,clothing,842.3784317927082,88.96637682561669,active,2024-09-05
17008,Product_7008_1,electronics,362.2536753889043,315.6479062821062,active,2024-03-02
17009,Product_7009_1,electronics,793.4325892320952,344.1889016573975,inactive,2024-11-14
17010,Product_7010_1,clothing,236.58168938434503,404.1354707106043,inactive,2024-01-04
17011,Product_7011_1,books,35.56438778645248,375.1003745004401,active,2024-11-08
17012,Product_7012_1,clothing,896.1442308543969,40.839368855205436,pending,2024-02-15
17013,Product_7013_1,sports,613.4182790286735,395.5426999354679,active,2024-10-17
17014,Product_7014_1,home,928.7935618481591,194.3418050884776,pending,2024-06-27
17015,Product_7015_1,sports,503.82957658574435,451.6831158644327,archived,2024-08-04
17016,Product_7016_1,home,786.104453972356,132.8858620942241,archived,2024-11-24
17017,Product_7017_1,home,285.01173653427804,496.2659965523264,active,2024-05-17
17018,Product_7018_1,sports,941.5684528819046,467.06962970170935,pending,2024-05-27
17019,Product_7019_1,sports,868.1451761221463,295.2387302567567,inactive,2024-08-07
17020,Product_7020_1,books,429.1748037689581,350.00397324061356,active,2024-07-19
17021,Product_7021_1,electronics,475.05786833209936,283.64879855243913,pending,2024-03-16
17022,Product_7022_1,electronics,767.1873116324794,226.7295820873041,pending,2024-10-25
17023,Product_7023_1,home,370.5467164638022,205.30333990688092,pending,2024-06-19
17024,Product_7024_1,electronics,230.4148451462213,480.5625571693202,archived,2024-03-08
17025,Product_7025_1,books,974.5004682863713,270.0674929706868,inactive,2024-05-01
17026,Product_7026_1,electronics,844.654146591024,461.7187773083253,archived,2024-09-24
17027,Product_7027_1,electronics,449.2828579920026,171.48166958076447,archived,2024-06-13
17028,Product_7028_1,sports,746.3602507245646,399.4008751953045,pending,2024-06-03
17029,Product_7029_1,sports,757.0584830924844,231.9420603410314,archived,2024-12-22
17030,Product_7030_1,electronics,225.038477208829,390.3932140649324,pending,2024-12-19
17031,Product_7031_1,sports,290.73227831197005,201.85985892494057,archived,2024-10-08
17032,Product_7032_1,electronics,23.50514731722731,303.36883166650625,active,2024-11-03
17033,Product_7033_1,home,303.5278801025406,54.92831278828478,active,2024-08-01
17034,Product_7034_1,sports,662.8714443011963,75.70698506552262,archived,2024-05-03
17035,Product_7035_1,electronics,554.7303630355417,345.1697488793425,archived,2024-03-25
17036,Product_7036_1,clothing,262.289919916094,127.4987358748033,archived,2024-11-02
17037,Product_7037_1,sports,129.68406177742494,340.1375958820412,inactive,2024-12-20
17038,Product_7038_1,electronics,232.97240218716396,180.05973850279375,pending,2024-04-12
17039,Product_7039_1,electronics,249.15220617215223,308.37051302351097,inactive,2024-08-02
17040,Product_7040_1,electronics,461.38869627556113,407.13897167683456,pending,2024-07-15
17041,Product_7041_1,sports,992.099511499175,331.26009790247423,active,2024-09-21
17042,Product_7042_1,sports,675.6544222507376,237.58696773194734,archived,2024-02-04
17043,Product_7043_1,sports,589.7274631580405,217.00037695493123,pending,2024-06-10
17044,Product_7044_1,books,959.1453266175505,342.71489220566804,pending,2024-06-01
17045,Product_7045_1,electronics,67.13401517987039,399.9783919818998,archived,2024-05-13
17046,Product_7046_1,books,502.3838763934607,321.0306054818912,pending,2024-08-26
17047,Product_7047_1,electronics,272.4053596914983,342.57147550399594,active,2024-09-24
17048,Product_7048_1,sports,226.61333280702004,334.4047909749742,archived,2024-04-08
17049,Product_7049_1,electronics,651.582316600858,62.990278323446894,active,2024-06-01
17050,Product_7050_1,sports,57.874143049796594,10.333991727349956,pending,2024-12-25
17051,Product_7051_1,clothing,551.6355207337447,47.46330919096893,pending,2024-10-20
17052,Product_7052_1,sports,736.7384852068228,366.32381740997505,pending,2024-07-13
17053,Product_7053_1,books,41.333605641492994,403.82435318384387,pending,2024-12-18
17054,Product_7054_1,books,300.84109773200015,345.44506343777647,active,2024-02-18
17055,Product_7055_1,books,192.00410004911356,171.39534595649135,inactive,2024-03-15
17056,Product_7056_1,clothing,516.9215095665548,193.9508184614831,inactive,2024-08-04
17057,Product_7057_1,books,32.69375306813771,279.71092849644816,pending,2024-08-14
17058,Product_7058_1,home,311.0083655853631,176.20363364623404,archived,2024-03-08
17059,Product_7059_1,books,508.8983626587551,366.4046118140161,archived,2024-08-13
17060,Product_7060_1,electronics,324.7000732904333,115.95131615123219,active,2024-04-01
17061,Product_7061_1,clothing,240.64287929519142,206.40328120373664,archived,2024-01-06
17062,Product_7062_1,books,961.237603771927,219.5539001652003,inactive,2024-12-14
17063,Product_7063_1,sports,184.42361047261312,348.3069511530336,inactive,2024-05-04
17064,Product_7064_1,sports,141.4361845792093,316.256211096091,pending,2024-09-15
17065,Product_7065_1,sports,66.6180337081513,55.93978973575209,pending,2024-07-03
17066,Product_7066_1,clothing,622.3104121335518,301.457228098872,pending,2024-04-06
17067,Product_7067_1,home,119.0402942570458,458.9689821808422,inactive,2024-02-27
17068,Product_7068_1,electronics,805.0621337953602,394.34941257904495,active,2024-07-10
17069,Product_7069_1,books,194.28315254767486,466.741012553708,pending,2024-03-18
17070,Product_7070_1,home,68.1713131251869,306.4107343193121,pending,2024-12-06
17071,Product_7071_1,clothing,56.537260951548596,482.41048629933954,inactive,2024-09-15
17072,Product_7072_1,sports,506.7683286720354,474.9922110519688,inactive,2024-01-18
17073,Product_7073_1,electronics,469.41401477794943,111.48582372662646,archived,2024-07-20
17074,Product_7074_1,sports,324.0280396968097,360.49834478682976,pending,2024-06-26
17075,Product_7075_1,home,536.0124783326373,192.87265356343087,archived,2024-11-15
17076,Product_7076_1,electronics,500.0576363028911,44.212443507985476,pending,2024-02-17
17077,Product_7077_1,clothing,892.190558348597,365.72367601927334,inactive,2024-12-17
17078,Product_7078_1,books,3.6209063198870575,264.16074911307226,active,2024-09-22
17079,Product_7079_1,home,384.5983807644649,112.22200709172675,inactive,2024-11-11
17080,Product_7080_1,home,76.39374883541937,28.483827095177276,pending,2024-08-15
17081,Product_7081_1,sports,42.64469617315795,172.50020035901042,inactive,2024-02-03
17082,Product_7082_1,sports,959.0297560343809,111.09047700438326,inactive,2024-09-28
17083,Product_7083_1,home,395.60081876226525,320.80786058777346,pending,2024-01-13
17084,Product_7084_1,home,656.7041377753037,461.76209521770585,active,2024-09-17
17085,Product_7085_1,clothing,873.3779117742857,265.3025515084439,active,2024-11-11
17086,Product_7086_1,electronics,314.04347819886266,283.72169019707746,archived,2024-03-06
17087,Product_7087_1,books,657.4493529932764,367.179906367286,inactive,2024-03-18
17088,Product_7088_1,sports,62.49781164246449,382.3491210156507,pending,2024-07-23
17089,Product_7089_1,electronics,338.0774512666181,348.441943703368,inactive,2024-02-02
17090,Product_7090_1,electronics,344.46981285825484,239.10239860173058,archived,2024-08-05
17091,Product_7091_1,electronics,154.04073928450939,40.128007319474,active,2024-06-07
17092,Product_7092_1,electronics,483.87502047559997,238.068482585589,active,2024-10-24
17093,Product_7093_1,books,871.4282467361082,71.73047134811887,pending,2024-11-04
17094,Product_7094_1,sports,901.0156388372186,265.0579993052321,active,2024-06-23
17095,Product_7095_1,sports,781.8037239189521,253.93210882167355,active,2024-03-14
17096,Product_7096_1,clothing,974.8230736597801,403.03588034815095,inactive,2024-12-13
17097,Product_7097_1,electronics,53.06174292537204,187.54347133895783,inactive,2024-01-24
17098,Product_7098_1,clothing,83.57233958096595,109.42018858849137,pending,2024-11-06
17099,Product_7099_1,clothing,265.839387594516,119.0969596119121,active,2024-10-04
17100,Product_7100_1,home,980.1461522791562,370.1475754639725,inactive,2024-04-15
17101,Product_7101_1,sports,193.24091807247638,182.77529829633588,archived,2024-10-24
17102,Product_7102_1,home,567.047334752907,436.0916701745287,inactive,2024-08-06
17103,Product_7103_1,electronics,917.376612693874,93.55410083108548,pending,2024-01-09
17104,Product_7104_1,books,462.04727371464077,235.45546632395173,archived,2024-11-25
17105,Product_7105_1,books,624.5623175978876,466.4896523585162,active,2024-11-02
17106,Product_7106_1,clothing,961.913814694897,148.21095965298258,archived,2024-02-02
17107,Product_7107_1,books,804.0403483981895,439.93808175640845,inactive,2024-06-15
17108,Product_7108_1,electronics,834.1249314136023,41.04809659463945,archived,2024-12-05
17109,Product_7109_1,home,901.4488065310222,486.29020875801206,pending,2024-01-21
17110,Product_7110_1,sports,887.1604063815204,306.4352489167835,pending,2024-07-07
17111,Product_7111_1,home,219.9100966695495,218.43418484079666,active,2024-12-11
17112,Product_7112_1,clothing,115.61847321547266,374.69468276486316,active,2024-09-04
17113,Product_7113_1,sports,465.3072973437003,214.05582304230344,archived,2024-06-02
17114,Product_7114_1,clothing,656.3058886756448,184.95441681515877,active,2024-04-01
17115,Product_7115_1,clothing,805.4206635361962,462.56149097105873,pending,2024-03-03
17116,Product_7116_1,sports,764.9953913954672,433.3017678785502,archived,2024-03-16
17117,Product_7117_1,books,97.23638806684781,325.5385610589144,archived,2024-12-15
17118,Product_7118_1,electronics,205.44474323328794,236.73230085983855,active,2024-03-14
17119,Product_7119_1,clothing,257.4205462935566,401.55276820017656,pending,2024-12-06
17120,Product_7120_1,clothing,140.72940186560322,328.02408210277815,archived,2024-11-24
17121,Product_7121_1,clothing,66.0359584578361,244.0199384071001,archived,2024-12-17
17122,Product_7122_1,electronics,656.4485339724233,195.20118318688864,pending,2024-01-09
17123,Product_7123_1,home,406.79200829975935,361.6853225218654,archived,2024-10-24
17124,Product_7124_1,clothing,443.3382472006023,187.29316124019758,inactive,2024-03-02
17125,Product_7125_1,books,835.9598192800306,460.9350386268216,active,2024-04-01
17126,Product_7126_1,home,761.466169520521,387.6639065655095,archived,2024-02-08
17127,Product_7127_1,home,41.75549961262997,107.36146022516728,archived,2024-09-04
17128,Product_7128_1,sports,2.0284329037883775,78.66162659867435,inactive,2024-01-02
17129,Product_7129_1,home,995.618082958642,109.64959262567916,inactive,2024-01-08
17130,Product_7130_1,books,389.5111690205985,459.8568737155663,inactive,2024-10-21
17131,Product_7131_1,books,429.35306749102887,60.23767187393103,archived,2024-04-10
17132,Product_7132_1,books,572.8485771323034,363.4103523416809,archived,2024-10-24
17133,Product_7133_1,home,573.9378811436379,431.0825829709463,archived,2024-08-18
17134,Product_7134_1,sports,784.4409780264383,155.63624463108013,archived,2024-04-13
17135,Product_7135_1,home,840.174484708699,461.05695420635584,active,2024-07-23
17136,Product_7136_1,sports,7.758616187634828,328.04345927885714,active,2024-07-28
17137,Product_7137_1,sports,75.02574162710461,168.94332800425101,pending,2024-05-11
17138,Product_7138_1,books,750.7695384421286,491.6776774867579,inactive,2024-08-03
17139,Product_7139_1,sports,453.2741035210296,35.615013572672254,pending,2024-07-08
17140,Product_7140_1,clothing,477.8097925230292,454.67437823499984,inactive,2024-01-24
17141,Product_7141_1,clothing,358.2058005628914,394.3907268860249,active,2024-02-28
17142,Product_7142_1,sports,610.1741269392674,163.274827377444,active,2024-10-22
17143,Product_7143_1,home,696.446513580796,327.0091305751168,archived,2024-05-01
17144,Product_7144_1,home,962.4397441353467,397.4521905004689,archived,2024-11-24
17145,Product_7145_1,clothing,313.79956973325966,496.208165155664,inactive,2024-02-21
17146,Product_7146_1,books,386.6310571419752,351.90901419427786,pending,2024-06-17
17147,Product_7147_1,clothing,79.90499185180165,18.604550628997345,inactive,2024-05-14
17148,Product_7148_1,books,91.9860179028638,184.71287533876253,inactive,2024-08-06
17149,Product_7149_1,home,477.87651701609946,139.91625664423444,archived,2024-02-16
17150,Product_7150_1,books,60.304224200778194,221.42948648688144,inactive,2024-05-19
17151,Product_7151_1,home,992.5468218623673,249.55927567521047,pending,2024-10-26
17152,Product_7152_1,sports,797.5137600207638,73.93254364601418,pending,2024-07-07
17153,Product_7153_1,sports,468.5266442326861,159.37379349838193,archived,2024-03-06
17154,Product_7154_1,home,523.6050707057145,270.9311824365472,pending,2024-07-03
17155,Product_7155_1,sports,150.0567103810134,453.5625506604258,active,2024-01-15
17156,Product_7156_1,clothing,494.98910100469845,35.72253242012417,archived,2024-04-10
17157,Product_7157_1,electronics,79.06401461659763,466.04708655328545,pending,2024-09-16
17158,Product_7158_1,clothing,609.777329684707,212.78989062928824,pending,2024-01-04
17159,Product_7159_1,sports,488.78926848502925,89.72496010097969,inactive,2024-07-16
17160,Product_7160_1,sports,903.6530434251796,71.80690307022145,pending,2024-08-18
17161,Product_7161_1,home,122.28572008972574,183.05963679103195,active,2024-02-16
17162,Product_7162_1,books,168.7399392184702,327.0150085373927,archived,2024-11-23
17163,Product_7163_1,sports,265.3756345251142,98.23217028722786,archived,2024-02-09
17164,Product_7164_1,electronics,680.2271307204481,332.143377268427,active,2024-04-08
17165,Product_7165_1,home,653.0562731526753,139.59128065733339,archived,2024-10-16
17166,Product_7166_1,books,320.7210330337318,482.9582078914421,archived,2024-12-18
17167,Product_7167_1,home,304.02555340517836,284.83714727713345,active,2024-05-24
17168,Product_7168_1,books,491.06596258415254,62.99694082350654,active,2024-07-21
17169,Product_7169_1,books,749.4299819244726,63.94297332753962,inactive,2024-09-06
17170,Product_7170_1,clothing,385.3765901788395,84.58734670385027,active,2024-03-06
17171,Product_7171_1,books,42.23583558176265,238.64391597493326,active,2024-03-09
17172,Product_7172_1,home,713.424803863042,376.8670562091312,archived,2024-12-18
17173,Product_7173_1,sports,351.55415385039174,439.8497670768789,archived,2024-08-12
17174,Product_7174_1,books,809.7327547440518,148.37589550128655,inactive,2024-11-20
17175,Product_7175_1,electronics,894.5469133010903,149.06417489697535,inactive,2024-12-21
17176,Product_7176_1,books,534.6854473490774,193.3147294446569,pending,2024-07-27
17177,Product_7177_1,clothing,74.28792250694818,463.5647643552922,active,2024-11-11
17178,Product_7178_1,books,854.279037198072,290.6544767923023,active,2024-07-28
17179,Product_7179_1,electronics,80.9639732376149,172.49050844279807,archived,2024-12-24
17180,Product_7180_1,electronics,921.3857841774685,157.26846432943907,pending,2024-09-01
17181,Product_7181_1,sports,385.25147466567785,83.4309456399079,archived,2024-08-23
17182,Product_7182_1,clothing,478.55530637730186,347.3102405029104,archived,2024-02-06
17183,Product_7183_1,clothing,503.1138967265374,222.46951374012738,pending,2024-12-01
17184,Product_7184_1,sports,332.45851132017646,175.7287726347357,inactive,2024-07-07
17185,Product_7185_1,books,320.7688080084726,304.9957485350163,inactive,2024-08-02
17186,Product_7186_1,sports,557.8034219993884,40.99537233407365,pending,2024-06-09
17187,Product_7187_1,clothing,245.2995691479726,371.1379344617739,active,2024-03-14
17188,Product_7188_1,home,562.4697703428825,349.26763702469003,inactive,2024-06-08
17189,Product_7189_1,sports,463.7810105809011,271.89362424376446,inactive,2024-12-04
17190,Product_7190_1,electronics,138.01416209468164,157.89050690369734,pending,2024-02-22
17191,Product_7191_1,electronics,971.3208278464822,302.4926481557361,active,2024-11-19
17192,Product_7192_1,home,523.1298886886947,496.8843405360018,active,2024-06-17
17193,Product_7193_1,electronics,989.8414515084711,296.7540088052185,archived,2024-03-19
17194,Product_7194_1,books,756.2953360266891,352.8002022186032,active,2024-02-28
17195,Product_7195_1,home,870.3043532721586,244.1470536393654,archived,2024-09-18
17196,Product_7196_1,books,557.6282519612142,301.1804262723637,inactive,2024-05-04
17197,Product_7197_1,books,605.9805199982477,413.8121001109286,active,2024-10-04
17198,Product_7198_1,electronics,827.9675059738406,93.26971312864639,pending,2024-06-28
17199,Product_7199_1,books,332.53545333800844,71.3167669485155,inactive,2024-05-07
17200,Product_7200_1,clothing,254.89488490411296,276.6133072575316,inactive,2024-07-14
17201,Product_7201_1,sports,233.86269408320592,390.7174143724838,active,2024-10-02
17202,Product_7202_1,electronics,214.42155282001647,445.56967324137946,active,2024-07-17
17203,Product_7203_1,electronics,601.1372532341431,374.5965977137322,active,2024-01-25
17204,Product_7204_1,clothing,104.9143029611393,217.39675699934776,active,2024-12-17
17205,Product_7205_1,books,71.4167419029046,350.739785892527,active,2024-03-12
17206,Product_7206_1,clothing,73.63632258759961,252.99288218590436,inactive,2024-10-18
17207,Product_7207_1,clothing,444.25931466654805,21.460781444536558,active,2024-12-27
17208,Product_7208_1,books,497.930911587758,252.56566135567599,inactive,2024-12-03
17209,Product_7209_1,home,87.06654001961617,57.87151699447581,archived,2024-01-24
17210,Product_7210_1,books,689.7042649272566,474.3895417751149,active,2024-02-05
17211,Product_7211_1,clothing,93.23757775319616,204.05205658341634,pending,2024-01-11
17212,Product_7212_1,home,295.7143706003416,23.421527253075354,archived,2024-10-11
17213,Product_7213_1,books,175.2696248567239,494.9733797697401,archived,2024-11-09
17214,Product_7214_1,sports,727.5614944382414,377.64633932502664,inactive,2024-09-02
17215,Product_7215_1,electronics,426.09011208164856,404.9011409907766,archived,2024-11-21
17216,Product_7216_1,home,195.82924019321518,448.3281856285602,inactive,2024-04-27
17217,Product_7217_1,home,421.00772259316625,242.40668063335116,inactive,2024-10-06
17218,Product_7218_1,electronics,333.4847604223578,431.54622723382334,inactive,2024-01-12
17219,Product_7219_1,electronics,872.5529672501999,388.1873605893726,archived,2024-10-17
17220,Product_7220_1,home,53.113267819565706,452.26178293758693,inactive,2024-10-10
17221,Product_7221_1,books,419.679372388305,51.77369886365829,archived,2024-04-16
17222,Product_7222_1,clothing,88.84666759378062,282.45096464546646,active,2024-08-11
17223,Product_7223_1,clothing,501.50442529886186,101.58025297922474,active,2024-10-10
17224,Product_7224_1,books,605.1619371306737,195.667821364481,pending,2024-05-17
17225,Product_7225_1,books,983.9828105584525,433.3811229110181,pending,2024-02-07
17226,Product_7226_1,clothing,65.74471129935282,210.87549807040068,inactive,2024-01-28
17227,Product_7227_1,books,732.7423443790957,418.14607976194117,inactive,2024-11-05
17228,Product_7228_1,books,757.5628198429388,121.70219680157706,pending,2024-06-07
17229,Product_7229_1,books,425.2294590265978,180.28381677074594,archived,2024-04-10
17230,Product_7230_1,electronics,488.3785727000472,227.30383307822237,active,2024-10-21
17231,Product_7231_1,clothing,167.05144429529216,348.32001954129674,pending,2024-01-24
17232,Product_7232_1,books,480.24095842167964,422.34988169694003,pending,2024-11-05
17233,Product_7233_1,home,414.96917851984915,10.754432524145571,active,2024-07-17
17234,Product_7234_1,books,46.4919075041575,186.0893696734046,active,2024-05-18
17235,Product_7235_1,clothing,231.7698058340034,243.6891244975262,inactive,2024-12-11
17236,Product_7236_1,books,428.0814486268514,213.22639745552968,archived,2024-11-13
17237,Product_7237_1,clothing,797.9664600202477,245.6160564619284,archived,2024-08-11
17238,Product_7238_1,sports,940.2941226778847,452.65338413918516,pending,2024-04-15
17239,Product_7239_1,home,616.3671365571465,325.8531079984254,pending,2024-08-24
17240,Product_7240_1,electronics,9.791135542736345,156.76340401953365,inactive,2024-09-27
17241,Product_7241_1,electronics,169.99997579360576,161.74382199832445,pending,2024-05-21
17242,Product_7242_1,electronics,649.2904653355517,206.6768609084236,pending,2024-03-01
17243,Product_7243_1,books,69.54216326376245,383.9160137639003,inactive,2024-12-04
17244,Product_7244_1,clothing,747.5744157196186,176.51000659487985,pending,2024-06-20
17245,Product_7245_1,books,458.1766119228798,198.5962997508373,pending,2024-07-20
17246,Product_7246_1,books,804.4853569841553,395.11334151541945,active,2024-12-08
17247,Product_7247_1,clothing,589.4523567052669,138.61345966356532,active,2024-10-09
17248,Product_7248_1,electronics,746.1130423994654,350.67919221079154,archived,2024-07-23
17249,Product_7249_1,clothing,626.500940973291,24.736177084689402,active,2024-03-10
17250,Product_7250_1,electronics,325.7678112346504,161.64616868176157,inactive,2024-05-26
17251,Product_7251_1,clothing,51.31813646026481,242.82317631759025,archived,2024-12-15
17252,Product_7252_1,books,150.27872456512975,282.45924929260417,inactive,2024-03-17
17253,Product_7253_1,sports,374.63617676683396,70.63125535017687,inactive,2024-04-12
17254,Product_7254_1,books,397.25152936350037,422.3767020719533,inactive,2024-10-08
17255,Product_7255_1,sports,992.3649747736712,160.30420379181973,active,2024-05-03
17256,Product_7256_1,books,182.87004805778355,130.2716314864458,active,2024-03-03
17257,Product_7257_1,electronics,718.3090517339539,22.04123429913387,pending,2024-07-19
17258,Product_7258_1,electronics,128.5816381431962,183.33481963676525,pending,2024-08-25
17259,Product_7259_1,electronics,195.96580511667105,290.54880872998814,active,2024-04-22
17260,Product_7260_1,clothing,779.5031752548653,152.43338190133858,archived,2024-04-10
17261,Product_7261_1,electronics,926.5134950785024,371.6649520359022,inactive,2024-05-13
17262,Product_7262_1,home,864.759897845213,207.19783784293023,inactive,2024-08-28
17263,Product_7263_1,sports,886.4001234739251,76.29523205017442,pending,2024-02-19
17264,Product_7264_1,sports,940.4791269517943,274.77150381348514,active,2024-12-12
17265,Product_7265_1,clothing,12.428478721018662,379.5380156836454,inactive,2024-11-02
17266,Product_7266_1,home,846.5635797326789,131.31460774878232,archived,2024-12-24
17267,Product_7267_1,clothing,181.30768980887038,98.5433840868616,archived,2024-11-13
17268,Product_7268_1,sports,525.9942211290752,99.59902308645941,pending,2024-01-22
17269,Product_7269_1,electronics,408.7072203575177,471.7365608949253,pending,2024-10-15
17270,Product_7270_1,sports,211.95883079539723,278.99701312523445,archived,2024-03-01
17271,Product_7271_1,books,736.9688225619253,164.38859879708022,pending,2024-01-01
17272,Product_7272_1,books,757.0268936388192,166.37590812989265,archived,2024-03-28
17273,Product_7273_1,clothing,185.15405082551848,113.97568175852157,active,2024-04-19
17274,Product_7274_1,clothing,655.4664981264688,339.2188109671703,pending,2024-06-26
17275,Product_7275_1,sports,296.6704837531858,210.29569040442783,pending,2024-06-12
17276,Product_7276_1,home,112.68275045773127,70.20171601783504,inactive,2024-06-16
17277,Product_7277_1,home,857.3935629610692,166.3719742792065,pending,2024-07-28
17278,Product_7278_1,clothing,198.85644750704145,286.0640091414285,active,2024-08-23
17279,Product_7279_1,electronics,674.2542150543994,63.436416544819195,pending,2024-06-22
17280,Product_7280_1,electronics,387.2641411894496,201.70127092423462,archived,2024-10-19
17281,Product_7281_1,clothing,320.64880257057,131.86844236924674,active,2024-03-09
17282,Product_7282_1,electronics,335.4974819431283,349.2965230750918,inactive,2024-06-19
17283,Product_7283_1,books,650.5869864904741,335.7606724157982,pending,2024-07-10
17284,Product_7284_1,home,265.4468783559671,215.5780707147972,archived,2024-08-04
17285,Product_7285_1,home,613.3610959073613,270.56284896799616,active,2024-05-04
17286,Product_7286_1,books,760.8623295867592,365.09639894975635,pending,2024-05-03
17287,Product_7287_1,sports,572.0823894307107,310.40937169577643,inactive,2024-06-07
17288,Product_7288_1,clothing,994.3885747274762,81.77115157417239,inactive,2024-04-05
17289,Product_7289_1,clothing,269.2672706794251,53.31232076171882,inactive,2024-12-02
17290,Product_7290_1,clothing,815.1789275381313,266.73067591478804,pending,2024-10-05
17291,Product_7291_1,sports,173.1539795297579,107.20729171897092,active,2024-10-16
17292,Product_7292_1,sports,390.2611937508771,261.0075134358865,archived,2024-05-12
17293,Product_7293_1,clothing,207.4634535965776,395.95677822438995,pending,2024-10-07
17294,Product_7294_1,home,450.5289015535443,72.73323404431864,inactive,2024-04-12
17295,Product_7295_1,sports,863.950440584563,377.4514692037803,archived,2024-08-07
17296,Product_7296_1,clothing,979.2243611977959,144.4194257586186,archived,2024-01-20
17297,Product_7297_1,electronics,83.51684120727089,308.5888938766175,archived,2024-06-21
17298,Product_7298_1,sports,956.9346143269125,230.75691338994167,pending,2024-09-25
17299,Product_7299_1,home,821.46943109435,323.946122898166,archived,2024-01-04
17300,Product_7300_1,clothing,745.4789712831309,244.02680748474307,archived,2024-03-14
17301,Product_7301_1,home,276.48979039490797,472.7457433366488,pending,2024-05-09
17302,Product_7302_1,home,699.1879789621564,196.06552917365008,archived,2024-05-27
17303,Product_7303_1,clothing,758.6461024872306,388.17516971123274,inactive,2024-03-28
17304,Product_7304_1,books,937.2555623294357,388.2238156905887,inactive,2024-11-16
17305,Product_7305_1,sports,80.29046861468946,211.39673912333825,archived,2024-07-22
17306,Product_7306_1,books,76.80478261521725,365.49619588139274,archived,2024-01-20
17307,Product_7307_1,sports,250.95161470338735,496.0102979267915,active,2024-11-13
17308,Product_7308_1,books,615.6030159894284,113.02050310207846,pending,2024-04-11
17309,Product_7309_1,sports,534.4796506086734,320.47245735578434,active,2024-12-12
17310,Product_7310_1,books,957.9225588813925,443.63758189033706,archived,2024-06-24
17311,Product_7311_1,home,983.3171165784904,234.5556809016302,archived,2024-02-10
17312,Product_7312_1,clothing,570.4192125548938,110.43457390525923,pending,2024-05-28
17313,Product_7313_1,books,696.2164207862554,164.6742830209795,pending,2024-08-17
17314,Product_7314_1,electronics,449.23238663354016,400.9157635243184,pending,2024-11-12
17315,Product_7315_1,books,638.5682054590827,498.88021050023184,pending,2024-10-03
17316,Product_7316_1,sports,135.25319293369586,377.505007582352,archived,2024-01-13
17317,Product_7317_1,clothing,157.38153713718143,63.00226724311955,archived,2024-03-01
17318,Product_7318_1,books,41.72772771724534,446.87892086401575,inactive,2024-04-13
17319,Product_7319_1,books,662.5391881254105,169.94835268432774,active,2024-03-27
17320,Product_7320_1,home,791.9662176951575,330.6552822493852,archived,2024-03-22
17321,Product_7321_1,home,845.0354362451708,80.86408809237227,inactive,2024-08-19
17322,Product_7322_1,books,642.7643191466461,374.58758323811577,archived,2024-10-05
17323,Product_7323_1,electronics,582.0432220976849,277.0685267684774,archived,2024-10-05
17324,Product_7324_1,clothing,129.30920096175095,123.1011309869398,pending,2024-01-12
17325,Product_7325_1,electronics,321.06429919912114,146.55256171394632,active,2024-01-16
17326,Product_7326_1,electronics,469.55728294766453,156.71951562782445,pending,2024-08-13
17327,Product_7327_1,clothing,175.8200450340761,179.05586561620487,inactive,2024-06-17
17328,Product_7328_1,books,636.684276645995,11.550331563981281,active,2024-03-04
17329,Product_7329_1,clothing,774.4729655764227,291.86931811850695,pending,2024-10-03
17330,Product_7330_1,home,853.1259937105617,99.32348542278484,inactive,2024-08-13
17331,Product_7331_1,books,346.10588328524733,212.87587337306223,active,2024-10-08
17332,Product_7332_1,books,50.635079762205805,330.11054614811565,archived,2024-02-12
17333,Product_7333_1,electronics,137.67005677935666,300.595754206717,archived,2024-07-11
17334,Product_7334_1,clothing,844.8255924631183,92.43719339511556,pending,2024-06-16
17335,Product_7335_1,sports,135.84467632212468,53.696609223691354,inactive,2024-04-14
17336,Product_7336_1,home,375.48161939179823,66.62316380317924,inactive,2024-02-13
17337,Product_7337_1,electronics,744.0312181256272,87.43221049226288,active,2024-04-08
17338,Product_7338_1,home,579.7593609591961,149.83885605873877,pending,2024-05-19
17339,Product_7339_1,electronics,162.48930981019654,360.7977714825259,inactive,2024-03-08
17340,Product_7340_1,clothing,337.1624027259708,250.86884004014024,pending,2024-04-25
17341,Product_7341_1,home,49.996131466041575,451.048490518195,archived,2024-05-11
17342,Product_7342_1,sports,813.4750378674581,434.53711958502333,pending,2024-09-02
17343,Product_7343_1,clothing,897.3749412774854,432.2270150369105,pending,2024-05-26
17344,Product_7344_1,books,784.0700010753127,448.1940819771958,archived,2024-10-23
17345,Product_7345_1,books,581.6847709348469,447.99767851679945,inactive,2024-11-07
17346,Product_7346_1,clothing,474.30282290273414,44.350426409868085,active,2024-03-19
17347,Product_7347_1,electronics,581.9844406184457,75.68004998977842,inactive,2024-11-02
17348,Product_7348_1,home,993.8642253135762,472.88628678600367,archived,2024-09-08
17349,Product_7349_1,electronics,225.36329455464553,235.41395358389556,pending,2024-12-11
17350,Product_7350_1,home,643.932821543699,354.2911675562704,active,2024-10-27
17351,Product_7351_1,books,126.02152716316905,281.58025323239076,archived,2024-03-12
17352,Product_7352_1,clothing,750.8152763237515,100.62354185880179,active,2024-02-09
17353,Product_7353_1,books,939.6046951121152,468.5643913057765,active,2024-10-09
17354,Product_7354_1,clothing,762.8784294559757,346.9784347100225,active,2024-05-25
17355,Product_7355_1,clothing,569.1251287453731,88.18648083904853,active,2024-04-25
17356,Product_7356_1,clothing,824.5369938511715,366.96460611943473,archived,2024-12-14
17357,Product_7357_1,sports,487.18980884511336,231.92938614919964,inactive,2024-05-13
17358,Product_7358_1,home,89.48264283863307,469.2391926307018,pending,2024-01-25
17359,Product_7359_1,books,473.1859204347735,498.7001535740902,archived,2024-09-03
17360,Product_7360_1,clothing,243.61694451415616,151.66833840992464,inactive,2024-03-10
17361,Product_7361_1,electronics,73.14537013960101,171.05542254862033,active,2024-11-22
17362,Product_7362_1,electronics,672.5077600891941,168.2951685889389,archived,2024-02-22
17363,Product_7363_1,sports,93.48486606183945,40.949043511102815,pending,2024-10-19
17364,Product_7364_1,books,410.94698314490813,386.42278109052114,pending,2024-07-09
17365,Product_7365_1,clothing,519.916845617965,436.35911849844325,active,2024-07-15
17366,Product_7366_1,home,44.80604720576759,156.92546127095332,archived,2024-09-24
17367,Product_7367_1,sports,586.7338252317084,18.39152233044811,active,2024-08-27
17368,Product_7368_1,clothing,138.368599189062,106.23567176510561,archived,2024-05-20
17369,Product_7369_1,books,113.08809850055442,242.22447222072574,inactive,2024-02-04
17370,Product_7370_1,electronics,800.2982674853871,261.25373658312634,pending,2024-06-26
17371,Product_7371_1,books,165.62894339620112,203.87748551166936,pending,2024-04-26
17372,Product_7372_1,clothing,369.59083900921354,378.34135759230094,archived,2024-02-06
17373,Product_7373_1,sports,132.98032001014593,209.23960746490215,inactive,2024-08-02
17374,Product_7374_1,electronics,554.431018668238,145.96662433608333,pending,2024-09-01
17375,Product_7375_1,electronics,282.4158540851747,451.627741070794,inactive,2024-05-17
17376,Product_7376_1,books,412.5255712433649,393.5223500087348,pending,2024-01-27
17377,Product_7377_1,clothing,746.2807492289984,160.59158685273698,active,2024-02-13
17378,Product_7378_1,clothing,447.18715962430764,278.2941210181383,archived,2024-11-16
17379,Product_7379_1,clothing,302.70160718203863,41.90011453875635,inactive,2024-01-24
17380,Product_7380_1,electronics,676.5428350670433,23.933843514568707,inactive,2024-10-22
17381,Product_7381_1,clothing,421.27310601344857,78.78822522588959,pending,2024-12-17
17382,Product_7382_1,sports,21.062119440817426,25.342193238754632,pending,2024-08-13
17383,Product_7383_1,sports,599.5427686493648,241.56568690649829,active,2024-12-13
17384,Product_7384_1,clothing,615.0582189736754,425.97532942874545,active,2024-08-05
17385,Product_7385_1,books,679.1442244208467,338.61497975968433,inactive,2024-06-17
17386,Product_7386_1,clothing,151.12128176255152,483.4040724401295,pending,2024-09-28
17387,Product_7387_1,books,685.92436420651,222.95027790274978,archived,2024-06-01
17388,Product_7388_1,electronics,680.5743810296724,115.22824889226096,inactive,2024-03-13
17389,Product_7389_1,home,76.40434621678672,470.0429164855293,pending,2024-07-28
17390,Product_7390_1,home,647.8964296304441,19.981899006232936,pending,2024-07-18
17391,Product_7391_1,sports,744.0976154187061,139.60146356351575,pending,2024-12-15
17392,Product_7392_1,sports,672.8023455881439,136.6645801068384,archived,2024-01-10
17393,Product_7393_1,sports,676.4041954741328,106.98818580468854,active,2024-09-17
17394,Product_7394_1,books,808.6883672782084,427.19249025549107,pending,2024-12-08
17395,Product_7395_1,home,509.2936752368331,235.36309764258792,active,2024-01-03
17396,Product_7396_1,books,309.9888505848402,474.4750611609873,archived,2024-06-26
17397,Product_7397_1,clothing,888.5127821591007,366.2468244799732,archived,2024-11-09
17398,Product_7398_1,books,613.175727002362,347.97064553181417,archived,2024-04-23
17399,Product_7399_1,electronics,257.75786756606306,117.84050082335122,archived,2024-03-12
17400,Product_7400_1,clothing,10.74965521893809,134.25416895819302,archived,2024-03-12
17401,Product_7401_1,sports,250.78872490077433,130.96569765271562,inactive,2024-04-13
17402,Product_7402_1,electronics,567.1423120496147,437.7236719873527,inactive,2024-06-01
17403,Product_7403_1,books,773.3817006700398,244.0174271535057,pending,2024-12-07
17404,Product_7404_1,books,21.898764258567137,457.55548895148416,archived,2024-12-28
17405,Product_7405_1,electronics,915.8056996245559,67.3188609838863,archived,2024-09-22
17406,Product_7406_1,books,580.4090313614,456.24753469083,active,2024-07-01
17407,Product_7407_1,books,673.7390646084118,44.273982147227244,archived,2024-07-17
17408,Product_7408_1,books,761.268022420009,484.0160714267133,active,2024-09-20
17409,Product_7409_1,electronics,536.3528473245095,77.6850250723625,archived,2024-07-18
17410,Product_7410_1,home,13.809083404914865,220.12743100187328,active,2024-12-23
17411,Product_7411_1,sports,923.9825432820077,409.99988949344186,archived,2024-06-07
17412,Product_7412_1,sports,408.18512444135166,358.92162707949353,active,2024-10-25
17413,Product_7413_1,clothing,200.65448033704337,441.7277228622351,pending,2024-03-23
17414,Product_7414_1,electronics,435.72635214357086,21.379241481061015,pending,2024-03-24
17415,Product_7415_1,home,51.38454510509049,259.3684518258733,inactive,2024-04-26
17416,Product_7416_1,electronics,191.879390248552,303.2129694249452,archived,2024-03-01
17417,Product_7417_1,home,472.99882192898826,421.5613730317669,inactive,2024-06-04
17418,Product_7418_1,sports,13.862596012967998,143.92591560695047,archived,2024-01-20
17419,Product_7419_1,clothing,890.202270270008,12.658132243776706,inactive,2024-10-23
17420,Product_7420_1,sports,31.060142713973892,228.22935120546697,archived,2024-11-22
17421,Product_7421_1,home,310.20231512801564,68.21212097453719,archived,2024-09-11
17422,Product_7422_1,electronics,727.1406133584261,38.523303200253665,active,2024-04-28
17423,Product_7423_1,books,747.1091089391294,255.94749318355352,inactive,2024-10-28
17424,Product_7424_1,books,876.0700255419185,349.29160963343674,archived,2024-12-13
17425,Product_7425_1,home,309.0434504687809,110.77982596939151,archived,2024-09-27
17426,Product_7426_1,books,570.1868263934896,70.90285727694695,archived,2024-09-14
17427,Product_7427_1,books,218.9550243119628,269.35476283990215,archived,2024-12-14
17428,Product_7428_1,sports,346.0796382980771,354.5799768234058,inactive,2024-10-19
17429,Product_7429_1,home,617.6990005640635,77.0937040025412,archived,2024-12-06
17430,Product_7430_1,home,863.7479661834279,416.6921556864706,archived,2024-06-18
17431,Product_7431_1,books,26.343273855353573,457.70811010090006,inactive,2024-08-19
17432,Product_7432_1,books,106.30727395861501,372.865001003494,pending,2024-04-17
17433,Product_7433_1,clothing,994.3708106258091,220.75662282866236,archived,2024-02-16
17434,Product_7434_1,home,369.72574833467337,422.3777901664526,archived,2024-05-28
17435,Product_7435_1,sports,667.5299323486887,336.166842702879,pending,2024-09-26
17436,Product_7436_1,books,717.0196802344567,396.7924429190382,active,2024-02-20
17437,Product_7437_1,clothing,431.6606103974636,290.2202452914421,inactive,2024-03-16
17438,Product_7438_1,books,44.49220828843816,203.80943642934184,archived,2024-12-14
17439,Product_7439_1,electronics,727.2974586353147,106.74174085023301,archived,2024-04-08
17440,Product_7440_1,clothing,209.54247972952882,438.3146120839111,pending,2024-05-07
17441,Product_7441_1,sports,633.7711960024133,31.03227419789144,archived,2024-11-18
17442,Product_7442_1,sports,880.953513424417,28.17384830395175,archived,2024-03-28
17443,Product_7443_1,electronics,391.725677690601,115.4526203398372,archived,2024-06-04
17444,Product_7444_1,books,695.6188782467016,346.08534850412667,inactive,2024-08-22
17445,Product_7445_1,sports,469.9601170769914,331.7058199063034,inactive,2024-05-25
17446,Product_7446_1,books,600.4544347184641,148.5478350533142,archived,2024-02-27
17447,Product_7447_1,home,934.5513238186884,404.12962368616206,inactive,2024-02-18
17448,Product_7448_1,home,335.3192110530212,113.33568216659717,active,2024-09-20
17449,Product_7449_1,home,823.9786615963701,218.88785530961115,active,2024-01-15
17450,Product_7450_1,books,75.58324328271203,158.33570004554838,pending,2024-03-24
17451,Product_7451_1,home,560.8513646530993,136.08546790724824,inactive,2024-12-12
17452,Product_7452_1,sports,7.586797592861747,306.2877621739762,active,2024-11-09
17453,Product_7453_1,sports,281.7913820683001,463.2313502722802,archived,2024-04-13
17454,Product_7454_1,clothing,980.5494746061145,129.3084730557027,inactive,2024-11-20
17455,Product_7455_1,sports,910.5603865600619,54.09722526747824,archived,2024-11-22
17456,Product_7456_1,books,485.6480354451449,92.5509723343947,active,2024-05-10
17457,Product_7457_1,clothing,665.7012529773015,480.9625224902606,pending,2024-07-19
17458,Product_7458_1,electronics,795.7184595313765,403.82467584539285,inactive,2024-08-19
17459,Product_7459_1,sports,890.3251991938604,335.3847958794164,inactive,2024-02-01
17460,Product_7460_1,electronics,927.9173159162699,363.6816837176854,active,2024-11-24
17461,Product_7461_1,sports,592.3026480531588,470.9265822833536,pending,2024-12-02
17462,Product_7462_1,home,744.2627907500395,118.69788461499455,pending,2024-02-09
17463,Product_7463_1,home,190.58965956816903,80.21347420506073,active,2024-07-16
17464,Product_7464_1,sports,440.45556920756815,35.929998745692274,archived,2024-11-20
17465,Product_7465_1,books,773.5109645865706,413.2114264473927,archived,2024-10-13
17466,Product_7466_1,electronics,282.365473658818,392.5993406723768,inactive,2024-11-10
17467,Product_7467_1,clothing,788.656836377801,364.7073354299581,inactive,2024-10-05
17468,Product_7468_1,clothing,241.7298288588842,27.963457804862898,active,2024-08-05
17469,Product_7469_1,books,292.637573668921,80.61020266567495,archived,2024-11-21
17470,Product_7470_1,books,646.131289221807,404.4076401440243,active,2024-09-09
17471,Product_7471_1,clothing,522.2280325912842,176.17589744885532,pending,2024-07-07
17472,Product_7472_1,books,109.8202851382458,390.0177598668261,active,2024-10-21
17473,Product_7473_1,clothing,271.5272622797567,470.7075691102466,inactive,2024-01-18
17474,Product_7474_1,electronics,626.1029220171574,266.85668696362075,inactive,2024-09-25
17475,Product_7475_1,electronics,907.4785169449219,452.1944688509291,archived,2024-10-19
17476,Product_7476_1,sports,248.3870180752639,448.41473497041375,archived,2024-01-03
17477,Product_7477_1,books,95.75110349713428,269.897102404861,active,2024-04-24
17478,Product_7478_1,clothing,386.5420672758617,168.227865652043,archived,2024-01-07
17479,Product_7479_1,sports,872.4924547824488,486.31014549609125,archived,2024-09-03
17480,Product_7480_1,clothing,505.48235482132947,126.95262761227745,pending,2024-06-19
17481,Product_7481_1,sports,390.52282614094753,166.87994178997747,archived,2024-04-22
17482,Product_7482_1,sports,530.5214384877717,484.0268725961018,pending,2024-08-18
17483,Product_7483_1,books,384.2341438089883,474.02590456395603,active,2024-03-23
17484,Product_7484_1,sports,423.07414041335346,300.9978091086463,inactive,2024-11-23
17485,Product_7485_1,electronics,672.9526019556721,166.00252587469726,archived,2024-02-10
17486,Product_7486_1,home,71.5375217536423,346.7760264276895,pending,2024-11-14
17487,Product_7487_1,books,625.3806479124095,16.056461113985087,active,2024-04-08
17488,Product_7488_1,electronics,838.5478496638348,457.2296755220587,inactive,2024-07-28
17489,Product_7489_1,home,152.91805509906092,210.29952900196668,pending,2024-02-19
17490,Product_7490_1,clothing,433.33453753995286,261.4374758447869,archived,2024-07-23
17491,Product_7491_1,books,776.443196581676,222.05916959775783,inactive,2024-08-07
17492,Product_7492_1,home,383.05683450255225,434.62457559031503,inactive,2024-12-20
17493,Product_7493_1,books,720.7958848369466,273.19149804290527,active,2024-10-26
17494,Product_7494_1,electronics,148.7176961472871,447.41268290165755,archived,2024-10-06
17495,Product_7495_1,home,335.51781986698103,232.55125943698383,archived,2024-03-15
17496,Product_7496_1,electronics,318.76110865569296,377.3873033507742,archived,2024-12-03
17497,Product_7497_1,clothing,725.3165735992733,168.7825675558257,inactive,2024-11-07
17498,Product_7498_1,books,25.716173156867765,270.899352702234,archived,2024-04-10
17499,Product_7499_1,electronics,121.39442488528775,299.83572376369847,pending,2024-10-13
17500,Product_7500_1,electronics,4.134777630942967,393.3420030487574,active,2024-05-16
17501,Product_7501_1,sports,24.850310644175714,40.14654788467551,pending,2024-09-13
17502,Product_7502_1,home,320.5295174316591,394.92364791192307,pending,2024-07-20
17503,Product_7503_1,books,370.7435974806924,355.3536288442596,active,2024-05-07
17504,Product_7504_1,books,24.512883444029537,260.1422997839129,active,2024-12-22
17505,Product_7505_1,home,864.7605449385854,455.4536535628772,inactive,2024-10-15
17506,Product_7506_1,clothing,485.3300222563146,318.7338684146382,pending,2024-12-19
17507,Product_7507_1,electronics,7.779677973297605,260.0472847827725,archived,2024-06-19
17508,Product_7508_1,clothing,498.2761353043682,120.16917768051096,pending,2024-12-12
17509,Product_7509_1,home,32.831310727809736,454.4030422515696,active,2024-07-14
17510,Product_7510_1,electronics,534.9353235156493,369.91575189800614,archived,2024-12-11
17511,Product_7511_1,clothing,370.71388696772885,382.31336707880604,pending,2024-05-08
17512,Product_7512_1,electronics,564.1165645148258,420.7724221830412,inactive,2024-04-12
17513,Product_7513_1,home,591.9803570373185,337.4990236311543,pending,2024-12-16
17514,Product_7514_1,clothing,297.4910373263946,224.6662156865619,inactive,2024-07-20
17515,Product_7515_1,books,470.5053420749878,281.37857724993046,archived,2024-02-02
17516,Product_7516_1,home,710.0514745773903,397.174674292492,inactive,2024-11-16
17517,Product_7517_1,books,619.3271922644782,276.69960745316354,pending,2024-08-22
17518,Product_7518_1,books,847.6045178097922,440.7361923933774,archived,2024-07-22
17519,Product_7519_1,electronics,905.8264538134065,465.58603755168764,pending,2024-10-15
17520,Product_7520_1,sports,64.72083102492846,286.85500066457223,inactive,2024-08-25
17521,Product_7521_1,sports,477.75951730962333,349.2079321356629,inactive,2024-01-06
17522,Product_7522_1,home,404.37602385403494,374.8521360302973,pending,2024-04-05
17523,Product_7523_1,sports,503.64901917789393,54.600732039126484,inactive,2024-06-14
17524,Product_7524_1,books,392.9336746995041,211.4175083194665,active,2024-05-28
17525,Product_7525_1,sports,61.837945531052604,487.48042255811004,pending,2024-07-20
17526,Product_7526_1,books,231.24186752514967,360.1287561372713,archived,2024-06-20
17527,Product_7527_1,clothing,489.74674205956217,361.23418235397924,inactive,2024-09-25
17528,Product_7528_1,home,533.8993736195177,494.924721694037,pending,2024-04-21
17529,Product_7529_1,electronics,372.32976010977904,181.09884651319746,inactive,2024-10-23
17530,Product_7530_1,clothing,630.5554832350392,81.34372967183175,pending,2024-04-11
17531,Product_7531_1,books,787.6912042945869,418.723044718991,inactive,2024-03-24
17532,Product_7532_1,sports,667.9251233534364,30.091018472835984,active,2024-12-19
17533,Product_7533_1,electronics,530.0111517378128,14.697345036267972,inactive,2024-07-24
17534,Product_7534_1,clothing,700.3675838838798,470.39590424885955,inactive,2024-05-12
17535,Product_7535_1,sports,744.1368909161235,199.1905126712084,pending,2024-10-09
17536,Product_7536_1,home,187.1547880624212,236.00172351574517,inactive,2024-08-25
17537,Product_7537_1,books,678.6459522871628,355.5182079953217,active,2024-10-21
17538,Product_7538_1,home,706.4000979912458,232.4929361499334,pending,2024-01-16
17539,Product_7539_1,clothing,369.16380524804424,47.57298911757961,inactive,2024-01-21
17540,Product_7540_1,sports,941.9038058670163,295.30267568185,pending,2024-04-23
17541,Product_7541_1,electronics,681.3141349578929,323.46737419548685,pending,2024-05-22
17542,Product_7542_1,clothing,603.0169994294567,493.71319169374004,active,2024-01-26
17543,Product_7543_1,electronics,290.669519609336,333.5182696068111,active,2024-01-04
17544,Product_7544_1,electronics,45.15094679937814,141.09791993180414,active,2024-03-27
17545,Product_7545_1,electronics,488.4815757040456,312.49790454460003,active,2024-12-12
17546,Product_7546_1,home,388.3161762355428,352.07387313020087,inactive,2024-03-04
17547,Product_7547_1,electronics,136.23196960763732,27.65008912549816,inactive,2024-04-21
17548,Product_7548_1,sports,688.0239609757102,219.80925950552896,pending,2024-02-10
17549,Product_7549_1,clothing,361.3776401917915,492.94300727149266,archived,2024-12-20
17550,Product_7550_1,electronics,874.3115348111303,12.245071019739267,active,2024-04-04
17551,Product_7551_1,electronics,632.9619323014226,447.49619244689256,inactive,2024-02-12
17552,Product_7552_1,books,939.5665113749945,331.7199216808169,pending,2024-08-25
17553,Product_7553_1,electronics,284.31928275163614,176.81783296132846,archived,2024-01-02
17554,Product_7554_1,clothing,456.1015693761755,277.22464189769767,inactive,2024-08-17
17555,Product_7555_1,home,132.13313679878408,34.37849469094314,inactive,2024-04-13
17556,Product_7556_1,home,87.1145669364486,438.4703415421184,pending,2024-02-18
17557,Product_7557_1,electronics,162.34127136384754,30.96788328829993,archived,2024-09-07
17558,Product_7558_1,clothing,382.87822637000943,60.221134877950426,archived,2024-02-16
17559,Product_7559_1,home,235.52750758781445,303.1970672732841,pending,2024-06-13
17560,Product_7560_1,clothing,390.70866821588083,447.3347113230507,active,2024-05-17
17561,Product_7561_1,sports,865.7797054194097,62.459064678043084,inactive,2024-03-24
17562,Product_7562_1,books,370.2581337533737,451.1623490787913,inactive,2024-07-15
17563,Product_7563_1,home,369.5394845887024,283.19776835850047,active,2024-07-11
17564,Product_7564_1,home,605.0459355965426,371.1593364862436,active,2024-01-10
17565,Product_7565_1,books,524.5526134945125,338.04724119471706,active,2024-12-12
17566,Product_7566_1,sports,244.37044268183848,254.10604853678942,inactive,2024-04-20
17567,Product_7567_1,electronics,595.5702923885277,72.28171226134853,pending,2024-05-24
17568,Product_7568_1,clothing,954.052777300592,168.13538613211156,inactive,2024-03-03
17569,Product_7569_1,clothing,691.2761477791236,448.3137231018065,inactive,2024-07-08
17570,Product_7570_1,books,471.2810473603677,234.53896154416063,archived,2024-04-26
17571,Product_7571_1,books,117.61500641585627,354.55073862579593,archived,2024-11-15
17572,Product_7572_1,books,463.96266274041005,196.52455722011808,pending,2024-10-07
17573,Product_7573_1,electronics,596.6531071046644,362.0651009418566,pending,2024-08-15
17574,Product_7574_1,home,921.5976672635506,111.79920955329341,archived,2024-05-10
17575,Product_7575_1,clothing,960.2194565569529,87.85366373557838,archived,2024-12-26
17576,Product_7576_1,clothing,226.59840385983708,272.29425266605244,archived,2024-05-04
17577,Product_7577_1,electronics,618.9834067721023,481.602850198426,archived,2024-02-21
17578,Product_7578_1,home,582.3551629529464,177.31659145080422,active,2024-12-06
17579,Product_7579_1,sports,319.0602739432013,278.2496843083186,pending,2024-08-09
17580,Product_7580_1,electronics,909.6674479798137,492.65979369392545,inactive,2024-03-08
17581,Product_7581_1,home,773.550653530088,458.115943910605,active,2024-01-24
17582,Product_7582_1,electronics,438.6990249571412,360.6329600685818,inactive,2024-05-19
17583,Product_7583_1,books,655.4648573396838,240.01115043770477,pending,2024-01-06
17584,Product_7584_1,clothing,782.0216712502763,197.96016222878583,inactive,2024-04-01
17585,Product_7585_1,clothing,333.6457811113461,306.54488687436276,archived,2024-11-06
17586,Product_7586_1,sports,936.8424466221433,80.43346579031054,pending,2024-08-25
17587,Product_7587_1,books,306.83288101862354,256.5565278188513,pending,2024-10-06
17588,Product_7588_1,electronics,530.3394123096394,10.402313257331452,archived,2024-03-11
17589,Product_7589_1,home,406.33546211593244,117.09778409079412,inactive,2024-04-07
17590,Product_7590_1,books,814.9632961575563,26.472327717850437,active,2024-12-13
17591,Product_7591_1,electronics,608.4384739856384,404.58819880650407,archived,2024-07-25
17592,Product_7592_1,electronics,889.4927898522744,29.128955658482937,archived,2024-10-18
17593,Product_7593_1,home,314.28719788390225,414.68022518073286,archived,2024-01-10
17594,Product_7594_1,clothing,952.2494389109596,145.2426616338787,archived,2024-03-25
17595,Product_7595_1,clothing,31.442271402175628,163.4904490046743,inactive,2024-01-13
17596,Product_7596_1,clothing,260.4548679433662,320.4982248675148,inactive,2024-12-23
17597,Product_7597_1,sports,793.1919451089292,15.390466817654625,archived,2024-11-03
17598,Product_7598_1,books,125.26210068641555,204.11143398877454,archived,2024-01-21
17599,Product_7599_1,electronics,143.09087587073117,245.70042898265314,pending,2024-04-11
17600,Product_7600_1,electronics,604.824764924373,145.9756973753777,archived,2024-05-28
17601,Product_7601_1,clothing,537.8335115965997,219.31417983158323,archived,2024-10-04
17602,Product_7602_1,books,117.04139909458239,80.61839224057101,pending,2024-02-25
17603,Product_7603_1,clothing,88.2298222299838,142.51212226114427,inactive,2024-12-22
17604,Product_7604_1,electronics,647.2203856697661,339.35198948337177,archived,2024-06-10
17605,Product_7605_1,electronics,868.2844453644361,314.41422769684544,inactive,2024-01-02
17606,Product_7606_1,clothing,103.50199344340307,213.92752524032852,archived,2024-07-23
17607,Product_7607_1,books,647.996802341968,458.310745586693,inactive,2024-10-10
17608,Product_7608_1,home,957.8767570515673,299.1251492489068,inactive,2024-03-11
17609,Product_7609_1,electronics,408.718132261504,333.04845156607104,pending,2024-05-03
17610,Product_7610_1,clothing,701.4755273183739,12.131622981386524,pending,2024-06-18
17611,Product_7611_1,home,348.8357073708314,185.88645732110447,pending,2024-03-03
17612,Product_7612_1,books,938.9980754090927,225.9136245686218,inactive,2024-02-09
17613,Product_7613_1,clothing,534.9134707570917,54.1192559971862,inactive,2024-10-10
17614,Product_7614_1,books,20.818415752919808,360.0091015748545,active,2024-12-11
17615,Product_7615_1,clothing,998.1529927715528,252.81538103018443,pending,2024-08-22
17616,Product_7616_1,clothing,617.2863514726317,148.32696118867148,pending,2024-06-22
17617,Product_7617_1,sports,230.5889732886296,171.21577066086476,inactive,2024-12-25
17618,Product_7618_1,sports,481.21087730192596,377.10012870385367,inactive,2024-04-28
17619,Product_7619_1,home,441.1147950557625,461.93421823361933,inactive,2024-04-19
17620,Product_7620_1,home,709.1234969528965,51.472640924006676,active,2024-06-25
17621,Product_7621_1,books,843.7953613162646,346.57667361394084,pending,2024-01-05
17622,Product_7622_1,sports,473.86019073842414,332.8042700715423,pending,2024-12-10
17623,Product_7623_1,sports,807.888450596807,58.88448275640202,archived,2024-10-25
17624,Product_7624_1,books,834.0720578733075,20.49197842131386,inactive,2024-01-05
17625,Product_7625_1,electronics,633.852346571688,276.591141807738,active,2024-06-08
17626,Product_7626_1,books,250.22881660115183,414.3402949921382,inactive,2024-09-01
17627,Product_7627_1,clothing,449.2920358198749,224.1154357352638,archived,2024-04-05
17628,Product_7628_1,electronics,619.8597548967086,151.88294929489186,archived,2024-09-16
17629,Product_7629_1,electronics,537.7577922942831,427.11519046260855,archived,2024-03-24
17630,Product_7630_1,clothing,326.0128987827951,190.1080802682693,archived,2024-03-03
17631,Product_7631_1,sports,693.5991471589452,367.7040955495387,inactive,2024-06-09
17632,Product_7632_1,books,536.4284742015462,197.68263331801595,active,2024-07-16
17633,Product_7633_1,electronics,621.7942210773158,127.70778247086686,archived,2024-05-18
17634,Product_7634_1,clothing,561.2223827036559,244.08673012051912,inactive,2024-06-24
17635,Product_7635_1,books,443.86140522630427,376.5838584132015,pending,2024-08-23
17636,Product_7636_1,books,868.6530716281075,390.0163165024854,active,2024-09-05
17637,Product_7637_1,home,997.2281497512192,347.7290277132506,inactive,2024-01-27
17638,Product_7638_1,sports,191.5361790033259,349.935501368116,inactive,2024-10-15
17639,Product_7639_1,sports,129.97831891177512,197.7985037144835,pending,2024-02-25
17640,Product_7640_1,sports,115.13314562794002,496.78071675142365,inactive,2024-10-10
17641,Product_7641_1,sports,493.5653851339808,55.707497781247845,archived,2024-01-21
17642,Product_7642_1,sports,202.2732207006472,50.0153337525241,active,2024-08-21
17643,Product_7643_1,electronics,757.3161881637241,90.98421205315485,active,2024-11-10
17644,Product_7644_1,clothing,738.4072841333993,188.85960355495803,inactive,2024-06-14
17645,Product_7645_1,sports,38.529652449598636,286.8845622064671,archived,2024-07-11
17646,Product_7646_1,electronics,615.410149608594,36.350470327852335,inactive,2024-09-08
17647,Product_7647_1,books,665.7330909875576,272.0061052410974,inactive,2024-11-12
17648,Product_7648_1,electronics,316.3550955614457,248.28509292941206,pending,2024-07-19
17649,Product_7649_1,electronics,724.5987035513976,356.9048679621287,archived,2024-04-22
17650,Product_7650_1,books,15.470917651229302,123.32074131843139,archived,2024-07-16
17651,Product_7651_1,sports,442.5440124030954,81.74623335006426,active,2024-10-02
17652,Product_7652_1,electronics,105.55595308443405,106.61011024360882,inactive,2024-12-03
17653,Product_7653_1,books,514.35254350828,486.29975998140253,inactive,2024-02-16
17654,Product_7654_1,home,962.081324134624,90.75004104937946,archived,2024-03-08
17655,Product_7655_1,home,659.3399423749341,86.49714038317973,active,2024-08-13
17656,Product_7656_1,electronics,704.1064769408681,180.5866241724662,active,2024-03-20
17657,Product_7657_1,sports,634.3837451602088,128.63732110821292,inactive,2024-06-06
17658,Product_7658_1,electronics,580.6926667635885,160.00293985226767,archived,2024-10-05
17659,Product_7659_1,clothing,588.0086826306399,150.73691236988668,active,2024-12-25
17660,Product_7660_1,clothing,22.721539504238173,422.31199531136707,active,2024-10-03
17661,Product_7661_1,home,842.8586879030381,108.6047694307175,pending,2024-11-04
17662,Product_7662_1,books,391.603642929393,491.67996560348655,archived,2024-12-05
17663,Product_7663_1,books,643.3526642648134,230.14176735157568,inactive,2024-07-08
17664,Product_7664_1,clothing,205.8965687351181,77.24883059014698,inactive,2024-03-24
17665,Product_7665_1,electronics,224.83411267287664,25.137658905252202,active,2024-04-03
17666,Product_7666_1,books,791.9769427680151,285.25456603508525,archived,2024-05-03
17667,Product_7667_1,books,583.4009472108111,474.12531935267947,inactive,2024-06-17
17668,Product_7668_1,sports,543.6607810818583,212.7955922088551,active,2024-09-28
17669,Product_7669_1,home,367.9262826099342,400.40962996083965,inactive,2024-02-02
17670,Product_7670_1,books,48.231214092948534,467.8971950063933,pending,2024-04-12
17671,Product_7671_1,home,22.9170337693051,358.6097089422389,inactive,2024-03-18
17672,Product_7672_1,home,144.51028326963365,236.88989483649067,pending,2024-07-16
17673,Product_7673_1,sports,107.23047354656607,114.54337248010894,active,2024-06-07
17674,Product_7674_1,electronics,331.3723071856277,68.62794257219005,archived,2024-01-20
17675,Product_7675_1,electronics,454.330284786192,213.5048406536721,inactive,2024-06-07
17676,Product_7676_1,sports,47.11482908909634,384.79501021341247,pending,2024-02-04
17677,Product_7677_1,sports,998.8527940830678,186.28563172911475,active,2024-03-16
17678,Product_7678_1,clothing,605.3281248842342,163.93751903897578,pending,2024-05-08
17679,Product_7679_1,sports,642.9295832459148,335.6929890234721,archived,2024-02-24
17680,Product_7680_1,electronics,117.74649825828894,90.55729606623721,archived,2024-06-12
17681,Product_7681_1,home,913.1144153995864,300.17176058579696,active,2024-01-19
17682,Product_7682_1,books,293.290258293015,386.6681605613496,active,2024-03-25
17683,Product_7683_1,home,602.7882874447369,489.42870519746054,archived,2024-08-24
17684,Product_7684_1,sports,24.95931973002301,56.97473661596338,active,2024-08-18
17685,Product_7685_1,sports,946.1417344543015,164.44281168467649,inactive,2024-07-01
17686,Product_7686_1,books,580.1437557519673,36.65637179474285,active,2024-01-23
17687,Product_7687_1,home,312.5226674545613,260.5632487653101,pending,2024-01-01
17688,Product_7688_1,sports,120.83914228194034,450.4515489080748,active,2024-03-08
17689,Product_7689_1,electronics,406.6404119553683,390.1448550943695,active,2024-12-05
17690,Product_7690_1,sports,936.7982024268229,179.75968358878475,inactive,2024-12-05
17691,Product_7691_1,books,909.5022880073293,169.69838947064702,inactive,2024-02-20
17692,Product_7692_1,electronics,261.41140581650797,364.32567309094753,active,2024-01-18
17693,Product_7693_1,clothing,237.70383114456618,12.451090270668667,inactive,2024-08-06
17694,Product_7694_1,books,111.84870883019818,243.33828630847856,active,2024-02-16
17695,Product_7695_1,books,186.69214302327552,311.87365716128147,active,2024-10-06
17696,Product_7696_1,clothing,520.6600836116078,80.11503250594932,pending,2024-10-16
17697,Product_7697_1,books,895.7267774744514,364.2496657441976,active,2024-11-14
17698,Product_7698_1,sports,243.97399056853396,149.79729994045124,active,2024-08-14
17699,Product_7699_1,home,126.27340665494842,222.7735439353201,archived,2024-04-19
17700,Product_7700_1,electronics,118.34861343287125,56.0344473676716,active,2024-12-06
17701,Product_7701_1,clothing,44.47487301572507,284.6648810431295,archived,2024-02-14
17702,Product_7702_1,books,562.6351872580505,324.8374947349004,pending,2024-08-04
17703,Product_7703_1,electronics,70.57051116609489,468.0260182585697,pending,2024-09-16
17704,Product_7704_1,clothing,113.96675606989582,85.24889446236261,inactive,2024-07-24
17705,Product_7705_1,sports,931.204281673525,154.16093948583995,inactive,2024-03-21
17706,Product_7706_1,clothing,862.3731385556922,18.74162117689248,active,2024-08-15
17707,Product_7707_1,home,478.15264466460303,328.66238581129835,inactive,2024-08-18
17708,Product_7708_1,home,340.2890418806646,172.26341863901771,pending,2024-02-04
17709,Product_7709_1,sports,793.1676335318538,52.619535110198,pending,2024-05-18
17710,Product_7710_1,home,113.30576636204543,388.0774415487743,active,2024-04-27
17711,Product_7711_1,books,74.27135922154186,328.74739530179403,inactive,2024-08-07
17712,Product_7712_1,clothing,780.2972291372465,382.60060509317003,inactive,2024-12-04
17713,Product_7713_1,books,436.2022201032935,13.618451831853001,inactive,2024-02-23
17714,Product_7714_1,clothing,754.524397312892,466.76569677373067,active,2024-06-04
17715,Product_7715_1,books,976.3657148729828,409.47582867508623,pending,2024-03-10
17716,Product_7716_1,electronics,203.44729007635001,417.0919509824709,pending,2024-01-14
17717,Product_7717_1,books,459.0837761477044,446.3231069824409,archived,2024-04-26
17718,Product_7718_1,sports,456.6038918835683,24.476913904800853,inactive,2024-05-19
17719,Product_7719_1,books,369.91106765895944,422.048151707293,pending,2024-02-22
17720,Product_7720_1,sports,274.5303505616415,239.2432201696313,pending,2024-09-04
17721,Product_7721_1,books,709.0901054420834,256.3108102180373,archived,2024-01-26
17722,Product_7722_1,sports,591.6717484968311,228.9163546172556,archived,2024-08-15
17723,Product_7723_1,books,714.9747810891572,98.02339292834421,inactive,2024-08-07
17724,Product_7724_1,clothing,172.75752811218445,401.32502184517324,pending,2024-03-22
17725,Product_7725_1,books,613.7696830403704,165.38273703110963,archived,2024-01-08
17726,Product_7726_1,home,955.2488351223737,42.30581214636588,inactive,2024-10-21
17727,Product_7727_1,home,351.75896311605004,95.37452446325356,archived,2024-10-18
17728,Product_7728_1,books,584.5490189946609,186.3380048290962,archived,2024-09-11
17729,Product_7729_1,home,243.3778222411395,104.07877008399606,archived,2024-05-19
17730,Product_7730_1,sports,130.65207388191655,336.68443050197806,archived,2024-09-15
17731,Product_7731_1,sports,744.4900281770949,185.94052617752806,inactive,2024-02-07
17732,Product_7732_1,electronics,947.3868944804074,299.16538469158564,active,2024-06-28
17733,Product_7733_1,electronics,668.4170788421715,318.09453097870846,active,2024-09-05
17734,Product_7734_1,sports,497.9951103062456,115.06614233859369,active,2024-09-07
17735,Product_7735_1,books,795.8494775554842,19.13173532287929,inactive,2024-05-08
17736,Product_7736_1,clothing,591.4000986595397,399.5014605943477,inactive,2024-08-01
17737,Product_7737_1,clothing,513.477733341111,340.4215542153104,archived,2024-12-10
17738,Product_7738_1,books,973.828111378179,93.73381060224777,archived,2024-09-08
17739,Product_7739_1,clothing,84.77590697221972,489.5757422331163,active,2024-03-28
17740,Product_7740_1,sports,201.8008042730392,183.57223963259224,pending,2024-03-08
17741,Product_7741_1,electronics,552.4972941504793,428.27758141049986,inactive,2024-12-10
17742,Product_7742_1,clothing,642.2936126619024,133.11157875936712,inactive,2024-12-21
17743,Product_7743_1,books,738.4473028610415,54.300567511960296,active,2024-02-27
17744,Product_7744_1,electronics,941.6886296234388,240.75557475397636,inactive,2024-03-23
17745,Product_7745_1,home,564.1442149985774,378.107431317025,pending,2024-04-13
17746,Product_7746_1,books,643.2158830395035,468.6362494261537,active,2024-05-28
17747,Product_7747_1,home,753.6950020845646,319.3517872471039,archived,2024-11-07
17748,Product_7748_1,electronics,364.17913807598825,318.8387239354078,archived,2024-04-26
17749,Product_7749_1,home,452.1875962895051,62.09322565947741,pending,2024-11-05
17750,Product_7750_1,books,849.4729132515397,35.36663818516125,archived,2024-10-14
17751,Product_7751_1,clothing,302.8771901374922,275.1785137204675,pending,2024-11-24
17752,Product_7752_1,books,646.4102701430078,323.30016557738566,pending,2024-11-13
17753,Product_7753_1,home,61.06723728690621,352.7114422118216,active,2024-03-07
17754,Product_7754_1,books,498.94107470725146,427.869243047679,pending,2024-11-09
17755,Product_7755_1,home,547.1009653538043,386.1245489351282,archived,2024-08-21
17756,Product_7756_1,clothing,479.05832639276326,60.62876443956622,pending,2024-04-03
17757,Product_7757_1,books,738.6412338626031,340.2430069719504,inactive,2024-05-07
17758,Product_7758_1,home,765.5868255548228,466.4493331644626,inactive,2024-08-05
17759,Product_7759_1,books,124.07496744237991,60.07559448935443,archived,2024-12-02
17760,Product_7760_1,sports,355.5840733241629,388.79581119472977,archived,2024-10-02
17761,Product_7761_1,sports,116.2063193530619,35.75567717032334,archived,2024-12-22
17762,Product_7762_1,books,47.25866656203903,497.93257872248444,archived,2024-06-01
17763,Product_7763_1,clothing,259.0817083737646,116.98462089944485,active,2024-07-07
17764,Product_7764_1,home,472.96446429060614,358.68342709095054,active,2024-12-23
17765,Product_7765_1,sports,493.46147836024284,107.45473983312672,active,2024-09-03
17766,Product_7766_1,clothing,931.4059511189394,315.36277892354695,active,2024-05-10
17767,Product_7767_1,electronics,415.1229204311036,260.0618961628251,archived,2024-05-23
17768,Product_7768_1,books,242.31449346651868,113.13479580486606,archived,2024-03-28
17769,Product_7769_1,sports,349.1490823897153,300.66903841839536,inactive,2024-06-04
17770,Product_7770_1,home,461.79756308428153,45.46843619258416,inactive,2024-05-10
17771,Product_7771_1,clothing,289.3200607795728,206.61914100252912,active,2024-04-16
17772,Product_7772_1,clothing,748.4414154137166,180.3758807775743,active,2024-09-24
17773,Product_7773_1,electronics,526.9889186195821,59.59324999366179,active,2024-05-05
17774,Product_7774_1,books,635.3956835336048,336.1589700925016,inactive,2024-03-17
17775,Product_7775_1,electronics,559.134304971504,24.319345905525473,archived,2024-12-28
17776,Product_7776_1,books,54.51777414650328,140.15488657143288,pending,2024-01-06
17777,Product_7777_1,home,239.0383899719551,489.9791537971636,pending,2024-11-09
17778,Product_7778_1,home,876.4937003806191,150.19725738484257,pending,2024-07-16
17779,Product_7779_1,electronics,900.502932201657,200.11787614075422,pending,2024-06-04
17780,Product_7780_1,sports,836.7900899346649,72.89627384877735,inactive,2024-05-15
17781,Product_7781_1,electronics,244.9905691339218,262.2679824844233,archived,2024-03-19
17782,Product_7782_1,electronics,204.94284057369447,354.46305648483724,pending,2024-06-15
17783,Product_7783_1,electronics,232.76555437770472,354.9977517102273,active,2024-05-03
17784,Product_7784_1,home,409.1028487546788,254.4040695091849,inactive,2024-04-15
17785,Product_7785_1,clothing,606.9843833435738,404.19978040443823,archived,2024-01-21
17786,Product_7786_1,electronics,536.3718173938432,117.81717705248954,pending,2024-04-10
17787,Product_7787_1,books,353.3177220583726,316.1283946981364,pending,2024-04-21
17788,Product_7788_1,clothing,143.32134570023416,190.67097779115042,archived,2024-02-03
17789,Product_7789_1,books,849.3594349673889,141.27106964597385,inactive,2024-04-21
17790,Product_7790_1,home,743.349509740964,230.15743396070158,active,2024-03-14
17791,Product_7791_1,electronics,24.039084178138665,261.4345377292435,archived,2024-08-01
17792,Product_7792_1,electronics,397.3297812959339,358.3119273875308,inactive,2024-06-09
17793,Product_7793_1,books,115.72048739548332,29.677456781209386,inactive,2024-06-16
17794,Product_7794_1,electronics,354.51107192987797,437.1752967129573,archived,2024-07-15
17795,Product_7795_1,books,89.40128753915953,87.30882737875822,archived,2024-02-10
17796,Product_7796_1,home,635.461391257893,187.91412500722237,pending,2024-06-26
17797,Product_7797_1,home,219.46531474071898,163.23462070299905,active,2024-12-03
17798,Product_7798_1,home,521.5010086371556,49.9699679177533,active,2024-06-17
17799,Product_7799_1,sports,153.2779708637211,462.61299866721725,pending,2024-09-11
17800,Product_7800_1,home,805.1970409318303,136.36148324588743,inactive,2024-03-04
17801,Product_7801_1,clothing,721.7453023625782,102.96270990707225,archived,2024-04-01
17802,Product_7802_1,books,122.66629435019377,440.8108720630328,active,2024-05-09
17803,Product_7803_1,electronics,527.5522938067553,332.63409877113963,inactive,2024-02-26
17804,Product_7804_1,clothing,932.2766368965262,391.73065917404955,archived,2024-04-17
17805,Product_7805_1,clothing,834.5080997699719,413.66370445172726,inactive,2024-03-12
17806,Product_7806_1,electronics,760.7743103069323,495.71273677146485,active,2024-11-15
17807,Product_7807_1,books,33.545976371989056,498.3982250821718,pending,2024-03-27
17808,Product_7808_1,sports,27.112467644688618,358.44303673541265,active,2024-05-20
17809,Product_7809_1,sports,870.3955719852123,273.03202511533976,archived,2024-08-01
17810,Product_7810_1,home,340.9892050663145,235.6625588226148,pending,2024-08-05
17811,Product_7811_1,home,738.6803884126845,357.828836427863,inactive,2024-08-24
17812,Product_7812_1,home,854.3867862809292,104.31898052747006,active,2024-02-27
17813,Product_7813_1,sports,803.7017036362519,354.8499930853502,inactive,2024-10-14
17814,Product_7814_1,home,512.3921213391769,219.23535781273517,active,2024-01-06
17815,Product_7815_1,home,416.5860145056235,353.9394982970085,archived,2024-01-01
17816,Product_7816_1,clothing,140.91432087015193,261.6171960390702,active,2024-12-02
17817,Product_7817_1,electronics,465.21408130990915,334.8466020682747,pending,2024-04-15
17818,Product_7818_1,sports,435.2854676762171,81.8479592293281,active,2024-02-15
17819,Product_7819_1,home,554.7752288728868,361.96386681511933,inactive,2024-05-20
17820,Product_7820_1,books,208.82782848993403,226.61413323979053,pending,2024-04-20
17821,Product_7821_1,sports,886.3864568064358,486.59682945276364,archived,2024-01-02
17822,Product_7822_1,electronics,399.79914265322867,60.804173591622366,inactive,2024-09-19
17823,Product_7823_1,clothing,578.5363357434122,86.65763597807114,pending,2024-09-27
17824,Product_7824_1,electronics,52.30241679220315,84.46042201431578,inactive,2024-07-21
17825,Product_7825_1,books,112.04265171089789,415.99003801857083,pending,2024-06-06
17826,Product_7826_1,electronics,507.614394635457,100.17139056723494,archived,2024-02-16
17827,Product_7827_1,sports,831.0344085048064,294.25340551028836,pending,2024-01-09
17828,Product_7828_1,clothing,50.063896861457835,361.234436331082,active,2024-04-28
17829,Product_7829_1,home,932.6152597254181,235.109877368637,archived,2024-05-01
17830,Product_7830_1,sports,253.2611902968308,45.22931412042558,inactive,2024-10-03
17831,Product_7831_1,electronics,648.1283588794831,41.13298588587078,archived,2024-12-14
17832,Product_7832_1,clothing,735.266032607391,44.588220362801714,active,2024-05-01
17833,Product_7833_1,sports,101.40732092622346,486.5135487505433,archived,2024-06-28
17834,Product_7834_1,clothing,182.3469996121621,404.0071539973622,inactive,2024-04-26
17835,Product_7835_1,sports,992.2686516695808,423.41842457722277,pending,2024-12-11
17836,Product_7836_1,sports,691.9613968437596,280.6526765422205,inactive,2024-12-08
17837,Product_7837_1,sports,879.3937265153604,370.7706558492487,pending,2024-02-12
17838,Product_7838_1,electronics,350.07316642262185,261.5472233248089,active,2024-04-21
17839,Product_7839_1,books,442.503467309182,342.0890248519448,pending,2024-08-15
17840,Product_7840_1,home,510.1692571734303,333.6994573500911,pending,2024-12-01
17841,Product_7841_1,books,199.63894289890487,205.08753706076902,archived,2024-03-17
17842,Product_7842_1,home,268.9287663803051,433.19036547749806,pending,2024-08-27
17843,Product_7843_1,sports,821.6378875400142,102.79720189902628,active,2024-10-24
17844,Product_7844_1,electronics,154.93446750189062,393.7327738400478,archived,2024-11-19
17845,Product_7845_1,books,756.0575844079651,68.19696644824586,pending,2024-04-12
17846,Product_7846_1,sports,994.9611359333335,368.45474588605845,inactive,2024-04-10
17847,Product_7847_1,home,522.4929420419722,305.90766381065265,active,2024-01-10
17848,Product_7848_1,home,780.4546621045806,351.089675142933,pending,2024-11-02
17849,Product_7849_1,clothing,746.9345876113625,157.18294786883635,inactive,2024-06-15
17850,Product_7850_1,sports,803.1513235800105,416.7537199520074,pending,2024-03-03
17851,Product_7851_1,clothing,129.92811242208765,443.01994187099956,pending,2024-09-03
17852,Product_7852_1,clothing,648.92387549324,294.3532294434984,pending,2024-09-17
17853,Product_7853_1,home,434.65039794828147,173.42838855023086,archived,2024-11-05
17854,Product_7854_1,electronics,323.61786840721123,136.47410164718536,pending,2024-06-28
17855,Product_7855_1,clothing,855.5997017119264,154.79604559996108,pending,2024-08-10
17856,Product_7856_1,books,368.6242531796709,32.73349739957451,archived,2024-09-16
17857,Product_7857_1,books,398.79928940226506,177.95078804730724,active,2024-06-25
17858,Product_7858_1,books,827.93646413022,53.721925567162,archived,2024-09-27
17859,Product_7859_1,electronics,919.1068315064697,378.61604200329896,inactive,2024-10-24
17860,Product_7860_1,sports,694.5342853048454,201.7341980965378,inactive,2024-04-06
17861,Product_7861_1,home,646.6983561265224,419.83576437679017,pending,2024-01-17
17862,Product_7862_1,electronics,876.2386215567676,78.57807903430052,inactive,2024-12-08
17863,Product_7863_1,books,549.8317582266009,362.26335580204886,pending,2024-12-16
17864,Product_7864_1,electronics,968.5852837843771,219.4667047779629,archived,2024-03-24
17865,Product_7865_1,electronics,183.39796914936827,400.6361386068907,pending,2024-10-02
17866,Product_7866_1,electronics,525.9577368200559,408.19631985919943,active,2024-02-20
17867,Product_7867_1,electronics,835.1958141242299,104.72834233129986,pending,2024-06-20
17868,Product_7868_1,electronics,162.23972436150294,181.35019879111059,archived,2024-03-08
17869,Product_7869_1,books,870.912975127053,61.64717104409133,pending,2024-09-03
17870,Product_7870_1,sports,116.75620101427333,36.599109185748105,active,2024-04-10
17871,Product_7871_1,electronics,474.2159997570703,375.43681970229227,archived,2024-06-03
17872,Product_7872_1,sports,935.9837774261148,266.7846259393243,active,2024-09-24
17873,Product_7873_1,clothing,177.559802656533,495.32903381898575,archived,2024-11-09
17874,Product_7874_1,home,923.6030539426056,417.97642316826455,pending,2024-04-08
17875,Product_7875_1,sports,215.7958608144696,374.0637791191938,archived,2024-05-07
17876,Product_7876_1,clothing,241.27554961100213,282.0135762927542,active,2024-04-02
17877,Product_7877_1,sports,25.152272559437176,265.3475251386921,pending,2024-05-24
17878,Product_7878_1,sports,479.77141074905,196.20320356383522,archived,2024-04-05
17879,Product_7879_1,sports,968.4167440870725,141.67883586061174,active,2024-02-19
17880,Product_7880_1,sports,115.41045308446817,248.7615820592474,archived,2024-12-20
17881,Product_7881_1,clothing,138.11871472232696,233.07287379813909,pending,2024-10-27
17882,Product_7882_1,sports,69.63464510755388,29.091163162455892,active,2024-08-25
17883,Product_7883_1,home,644.4155774806994,148.44869745060245,active,2024-02-11
17884,Product_7884_1,home,4.456154238379693,440.6790739896042,active,2024-12-19
17885,Product_7885_1,sports,521.79473701572,172.94557615046548,inactive,2024-05-13
17886,Product_7886_1,sports,552.858137352881,361.27327543081145,inactive,2024-01-28
17887,Product_7887_1,sports,681.4833150863246,148.77795753156045,inactive,2024-04-19
17888,Product_7888_1,electronics,171.50260594675953,326.07799207868044,active,2024-09-21
17889,Product_7889_1,clothing,359.4570165180519,387.09121792510217,pending,2024-06-03
17890,Product_7890_1,sports,689.6290539304584,426.92291717751783,inactive,2024-08-24
17891,Product_7891_1,electronics,421.0647084275496,376.4639049258638,pending,2024-02-06
17892,Product_7892_1,home,16.582555404949513,26.092833681312744,pending,2024-10-12
17893,Product_7893_1,home,243.75071185092145,119.90446349478862,archived,2024-05-20
17894,Product_7894_1,home,755.4330456510629,244.45412482848175,inactive,2024-08-06
17895,Product_7895_1,books,941.9553789353837,55.173073604185845,pending,2024-02-01
17896,Product_7896_1,home,261.06093924137025,123.49850704078297,archived,2024-12-16
17897,Product_7897_1,clothing,462.6443574576334,78.22554137678264,inactive,2024-11-02
17898,Product_7898_1,clothing,736.1793262110743,106.89853666563587,archived,2024-03-14
17899,Product_7899_1,books,456.0694718735227,435.33498971144155,active,2024-03-25
17900,Product_7900_1,home,989.6292279761867,483.55080728455795,active,2024-01-19
17901,Product_7901_1,books,250.76408080961613,72.91558749314564,inactive,2024-01-13
17902,Product_7902_1,books,192.08701700027217,77.39718787641434,pending,2024-07-17
17903,Product_7903_1,electronics,312.6803701244079,302.8255050740212,active,2024-01-16
17904,Product_7904_1,books,127.80869432012072,362.15918642663,active,2024-01-03
17905,Product_7905_1,home,280.6744121316249,60.096012241997585,inactive,2024-08-26
17906,Product_7906_1,sports,549.0981240668783,17.53215722152552,inactive,2024-05-08
17907,Product_7907_1,clothing,502.4180941441781,476.4310652437553,pending,2024-02-19
17908,Product_7908_1,electronics,920.4733495413083,389.43241600867105,active,2024-06-06
17909,Product_7909_1,home,256.34304845640384,451.38147962285586,active,2024-02-03
17910,Product_7910_1,sports,310.1466451211257,373.63784029703044,archived,2024-12-09
17911,Product_7911_1,books,873.9560002295013,325.96428501299556,inactive,2024-11-13
17912,Product_7912_1,clothing,831.0905918922342,123.93117514520469,pending,2024-06-09
17913,Product_7913_1,books,802.8782969002755,285.6819876372466,active,2024-08-11
17914,Product_7914_1,electronics,328.7774745875819,98.33821045350379,archived,2024-08-08
17915,Product_7915_1,electronics,469.91254596914655,314.2118157992789,pending,2024-01-28
17916,Product_7916_1,clothing,12.521526289609028,149.42708134433977,inactive,2024-06-08
17917,Product_7917_1,clothing,466.9673362722137,98.16707093706266,active,2024-10-13
17918,Product_7918_1,home,805.5294745769158,392.35282980371636,inactive,2024-09-22
17919,Product_7919_1,home,4.869753167570394,26.747314620661854,archived,2024-11-25
17920,Product_7920_1,sports,114.12244215035027,308.53330987047553,active,2024-04-16
17921,Product_7921_1,electronics,252.59179677171014,438.8738823499997,archived,2024-05-16
17922,Product_7922_1,home,386.0550667176081,253.14890640458353,pending,2024-12-14
17923,Product_7923_1,electronics,334.90534716663143,323.4705354901998,active,2024-07-24
17924,Product_7924_1,books,152.5559920576531,430.2141987721873,inactive,2024-04-06
17925,Product_7925_1,home,465.37335015827597,133.1332364672441,pending,2024-02-15
17926,Product_7926_1,clothing,162.97663096775182,153.03559005497218,active,2024-12-09
17927,Product_7927_1,clothing,657.0346756211856,447.3264614546186,pending,2024-04-09
17928,Product_7928_1,books,817.92471523672,336.70753921212565,archived,2024-07-21
17929,Product_7929_1,home,784.5542227623081,470.14912795423805,pending,2024-03-12
17930,Product_7930_1,books,913.6048912183946,488.8304524451019,active,2024-09-15
17931,Product_7931_1,electronics,439.9490305367176,199.1291365158005,archived,2024-11-11
17932,Product_7932_1,clothing,41.43791677422915,352.7876127773934,archived,2024-08-03
17933,Product_7933_1,sports,267.2844451000917,414.0434376982387,active,2024-10-18
17934,Product_7934_1,electronics,24.785375272114305,238.29100889400536,archived,2024-09-02
17935,Product_7935_1,sports,14.703625576069863,35.20488742779551,active,2024-07-12
17936,Product_7936_1,home,207.1352867825055,427.51079425092405,active,2024-11-09
17937,Product_7937_1,sports,756.4979005800658,158.39028151645508,archived,2024-07-28
17938,Product_7938_1,clothing,926.2679867296006,287.018115300729,pending,2024-09-16
17939,Product_7939_1,electronics,177.66073624486359,310.37417433546455,archived,2024-09-02
17940,Product_7940_1,sports,428.00975797747446,325.33429186318665,inactive,2024-02-02
17941,Product_7941_1,sports,397.6670683883728,175.6269002469802,active,2024-07-11
17942,Product_7942_1,clothing,955.791281126894,41.23316432891,inactive,2024-11-28
17943,Product_7943_1,books,408.4761631476517,377.8043225873433,active,2024-08-26
17944,Product_7944_1,home,305.0554390741091,162.0482712815132,inactive,2024-01-09
17945,Product_7945_1,books,682.4649373221657,456.90665593166864,archived,2024-10-14
17946,Product_7946_1,clothing,733.0636896574932,445.72000468861637,archived,2024-07-13
17947,Product_7947_1,clothing,801.5094814057431,436.2308956918139,active,2024-04-05
17948,Product_7948_1,sports,932.460116235652,213.5514016538171,archived,2024-04-01
17949,Product_7949_1,books,121.83377334559569,96.88740730085607,pending,2024-09-06
17950,Product_7950_1,electronics,113.68796161363122,325.00833606916734,active,2024-10-20
17951,Product_7951_1,sports,790.3456135020745,348.05766281991606,active,2024-03-17
17952,Product_7952_1,books,369.6489408357831,148.34846135398416,pending,2024-01-14
17953,Product_7953_1,books,692.0997014166884,423.80791164998027,archived,2024-05-17
17954,Product_7954_1,home,823.9909395699107,108.43765912747746,archived,2024-01-22
17955,Product_7955_1,sports,869.3120764773431,251.56086010106185,pending,2024-08-19
17956,Product_7956_1,home,68.5158305543061,199.2195578699665,active,2024-05-05
17957,Product_7957_1,clothing,215.3847298223421,207.5942544066038,active,2024-09-24
17958,Product_7958_1,books,165.59676253880895,360.22490596410273,pending,2024-02-01
17959,Product_7959_1,electronics,110.91288909415394,448.62037178035246,pending,2024-09-26
17960,Product_7960_1,clothing,290.77285187670674,133.43880809322414,active,2024-08-04
17961,Product_7961_1,home,197.68723440322594,203.61058990474623,pending,2024-09-22
17962,Product_7962_1,clothing,211.50676331073345,278.2106516957011,archived,2024-01-01
17963,Product_7963_1,home,169.40222214291103,135.04952953097776,archived,2024-10-04
17964,Product_7964_1,sports,533.3173649688115,328.8249579933305,archived,2024-06-09
17965,Product_7965_1,books,399.13152860051395,158.57370500361716,inactive,2024-10-28
17966,Product_7966_1,electronics,488.54340751578513,111.41993900878448,active,2024-10-18
17967,Product_7967_1,electronics,113.44421953128672,49.316045101362974,active,2024-08-26
17968,Product_7968_1,sports,757.5550562430101,438.52396258789423,active,2024-05-06
17969,Product_7969_1,books,448.9916319480997,132.34618709254482,archived,2024-11-24
17970,Product_7970_1,books,530.009069285349,419.5329509924362,pending,2024-12-21
17971,Product_7971_1,sports,956.3269019641465,400.63856462550814,inactive,2024-05-10
17972,Product_7972_1,home,527.7939912183986,391.28335890444873,active,2024-06-25
17973,Product_7973_1,electronics,409.71498246780686,108.77762078660525,pending,2024-01-27
17974,Product_7974_1,electronics,548.5388415604256,253.60363894449478,inactive,2024-10-22
17975,Product_7975_1,clothing,826.0738429412377,223.01891110131595,archived,2024-09-04
17976,Product_7976_1,home,677.7448765634683,61.518344708176635,inactive,2024-02-14
17977,Product_7977_1,electronics,537.5517888422482,437.7105731654788,archived,2024-01-22
17978,Product_7978_1,electronics,16.933333543788503,357.7852148735982,active,2024-09-15
17979,Product_7979_1,books,821.8068578697255,233.5906897946479,inactive,2024-11-22
17980,Product_7980_1,clothing,787.0073614590027,432.3773710262398,active,2024-12-27
17981,Product_7981_1,clothing,792.0252131892422,414.9272304609446,archived,2024-11-05
17982,Product_7982_1,books,978.4913606238266,195.01449617909148,pending,2024-12-26
17983,Product_7983_1,sports,125.96766289590985,355.5792038869128,active,2024-11-12
17984,Product_7984_1,clothing,282.0597865293995,470.4728731544112,pending,2024-03-27
17985,Product_7985_1,sports,954.475421483027,12.058359537771171,active,2024-06-04
17986,Product_7986_1,clothing,594.969468560302,260.9733184317673,archived,2024-01-09
17987,Product_7987_1,sports,396.9872908368391,191.26817736965702,archived,2024-12-12
17988,Product_7988_1,electronics,1.1671155133071265,141.85592027267214,inactive,2024-02-02
17989,Product_7989_1,sports,289.56092041914224,335.38930990173736,archived,2024-10-27
17990,Product_7990_1,sports,275.28489921432305,231.49102854225893,archived,2024-11-22
17991,Product_7991_1,home,72.57829390429634,154.29285124110984,inactive,2024-08-09
17992,Product_7992_1,clothing,446.95422537911685,328.07678291219696,active,2024-08-10
17993,Product_7993_1,clothing,595.218931525331,254.04567568678556,inactive,2024-03-18
17994,Product_7994_1,sports,848.9514185300865,376.2211656776936,pending,2024-05-09
17995,Product_7995_1,sports,793.3546753336572,156.9444784226022,inactive,2024-06-16
17996,Product_7996_1,sports,14.226573396358562,233.1995055204775,active,2024-01-02
17997,Product_7997_1,home,82.6574442907221,66.36289926424445,inactive,2024-04-16
17998,Product_7998_1,electronics,543.1870845681362,21.715750862472,inactive,2024-08-01
17999,Product_7999_1,books,94.46525264718555,479.7605413985915,inactive,2024-08-07
18000,Product_8000_1,electronics,255.06203280496703,155.17269299228312,pending,2024-12-21
18001,Product_8001_1,home,613.448879003961,422.56941208688846,inactive,2024-12-28
18002,Product_8002_1,sports,293.99071244154055,137.7888817641307,archived,2024-06-18
18003,Product_8003_1,books,608.8975340027511,258.48381271490007,active,2024-09-26
18004,Product_8004_1,home,638.5980552341674,147.35199184208224,pending,2024-04-13
18005,Product_8005_1,clothing,14.359498120614617,271.2317321825889,inactive,2024-08-25
18006,Product_8006_1,home,388.30676544473306,486.90159288001894,inactive,2024-06-07
18007,Product_8007_1,clothing,364.40048728484123,328.79744650114145,archived,2024-03-15
18008,Product_8008_1,sports,780.7512525091191,459.70120882662525,pending,2024-05-17
18009,Product_8009_1,electronics,85.4867462786683,108.46628939607703,inactive,2024-06-10
18010,Product_8010_1,home,72.44494491096125,219.95817632303726,archived,2024-09-18
18011,Product_8011_1,home,220.57448118943404,157.89644060932613,active,2024-11-13
18012,Product_8012_1,books,49.61908409082048,106.78792151400262,active,2024-08-12
18013,Product_8013_1,books,493.9384412130816,15.950884449278318,inactive,2024-06-02
18014,Product_8014_1,books,981.0986598792908,12.666162469275246,inactive,2024-06-25
18015,Product_8015_1,sports,918.9296258213791,349.8621126217513,inactive,2024-03-12
18016,Product_8016_1,electronics,518.8972240900896,368.38655724864077,active,2024-07-01
18017,Product_8017_1,home,211.66827053950178,137.79089008146033,archived,2024-12-27
18018,Product_8018_1,electronics,155.70119082410943,125.45464204781715,pending,2024-08-04
18019,Product_8019_1,home,859.2362861295658,338.70024481223334,active,2024-03-02
18020,Product_8020_1,books,324.07641872892464,322.3667054382006,inactive,2024-10-14
18021,Product_8021_1,home,545.7366352776844,488.92329709497466,archived,2024-06-26
18022,Product_8022_1,sports,821.6609416262114,482.9915660591846,pending,2024-06-07
18023,Product_8023_1,home,421.2543386510326,398.4023399597379,pending,2024-02-01
18024,Product_8024_1,clothing,295.87932017684483,325.2392086617047,inactive,2024-06-22
18025,Product_8025_1,sports,509.89555570214856,434.1219174945868,active,2024-10-23
18026,Product_8026_1,sports,652.4022669170798,344.09910585482373,active,2024-02-04
18027,Product_8027_1,electronics,922.5625143875711,114.91335821751647,active,2024-11-23
18028,Product_8028_1,home,592.3206649590013,67.89122441183423,inactive,2024-03-13
18029,Product_8029_1,books,36.77238593377913,258.09386268645136,pending,2024-08-06
18030,Product_8030_1,electronics,70.3135349809458,44.703162129223294,pending,2024-05-20
18031,Product_8031_1,books,859.164431446886,368.32791574928814,archived,2024-04-04
18032,Product_8032_1,sports,143.87659725604206,23.421800233066875,inactive,2024-01-22
18033,Product_8033_1,books,995.152044521783,462.89205766488834,inactive,2024-10-21
18034,Product_8034_1,sports,524.9423806762694,379.40097023599253,active,2024-10-23
18035,Product_8035_1,clothing,496.6291210244795,355.4606630584941,pending,2024-11-22
18036,Product_8036_1,clothing,268.1971505101189,92.72188245071482,archived,2024-02-24
18037,Product_8037_1,electronics,820.7734131590582,112.25874152652341,archived,2024-07-26
18038,Product_8038_1,clothing,829.4566990355726,390.40720676415475,archived,2024-03-20
18039,Product_8039_1,electronics,989.4352778126115,46.73935520989369,archived,2024-10-02
18040,Product_8040_1,clothing,113.2963394287297,310.4989262660924,inactive,2024-10-17
18041,Product_8041_1,books,579.7514809118242,378.44881055835504,pending,2024-01-27
18042,Product_8042_1,sports,333.06243178868874,122.26928780694088,pending,2024-07-08
18043,Product_8043_1,electronics,589.7741084704653,114.65952241441028,pending,2024-11-16
18044,Product_8044_1,home,541.8346299771226,235.45679310771894,active,2024-09-26
18045,Product_8045_1,books,669.1680865546106,331.08651813766147,archived,2024-12-12
18046,Product_8046_1,sports,725.6512428398048,225.03095777329833,inactive,2024-06-14
18047,Product_8047_1,sports,52.90543453690103,55.25383490270833,active,2024-04-15
18048,Product_8048_1,clothing,66.77737423258881,289.3615287242975,pending,2024-10-14
18049,Product_8049_1,clothing,762.353181215334,489.5823720570395,pending,2024-12-17
18050,Product_8050_1,home,216.607863005509,95.26794094450896,archived,2024-09-23
18051,Product_8051_1,sports,395.20219922566935,367.3461022858688,pending,2024-11-05
18052,Product_8052_1,books,5.973807800036695,378.14822974417785,archived,2024-09-06
18053,Product_8053_1,sports,698.2788907065233,389.8498054847902,pending,2024-01-15
18054,Product_8054_1,books,815.4897478805972,426.88985568284795,active,2024-05-27
18055,Product_8055_1,sports,394.26618834151964,159.53797890659166,active,2024-12-18
18056,Product_8056_1,home,573.1012154559478,15.592691579514387,inactive,2024-01-28
18057,Product_8057_1,clothing,938.4546348044894,77.96056927528304,active,2024-07-19
18058,Product_8058_1,books,584.8140210278943,46.973514065955406,archived,2024-05-08
18059,Product_8059_1,home,749.7228655933833,207.2953930574189,pending,2024-10-25
18060,Product_8060_1,clothing,751.1788561683586,257.58724168043864,inactive,2024-07-15
18061,Product_8061_1,books,351.1119288858304,308.87994668204203,inactive,2024-11-16
18062,Product_8062_1,books,434.41115551812754,478.075308070657,pending,2024-11-13
18063,Product_8063_1,books,668.9909523504185,249.915756279533,inactive,2024-03-01
18064,Product_8064_1,books,294.02018010018577,398.305813504337,pending,2024-04-27
18065,Product_8065_1,home,813.5283324181767,71.86265467612435,inactive,2024-01-01
18066,Product_8066_1,books,175.5464467756997,308.7340879615662,inactive,2024-06-10
18067,Product_8067_1,home,453.3779292766951,362.85467707948857,pending,2024-11-08
18068,Product_8068_1,books,534.6019905129681,47.19967141794908,inactive,2024-12-13
18069,Product_8069_1,sports,551.9784309363965,362.8628221506728,inactive,2024-09-25
18070,Product_8070_1,home,899.3549031876768,125.29230486697887,inactive,2024-03-18
18071,Product_8071_1,home,904.8626933972282,82.17684878821868,archived,2024-08-05
18072,Product_8072_1,clothing,625.1930933755064,107.79234220432747,active,2024-10-04
18073,Product_8073_1,books,427.6506277720997,224.72482290640292,active,2024-10-15
18074,Product_8074_1,books,704.6307830389892,377.21773958722554,pending,2024-07-11
18075,Product_8075_1,home,2.6703869483335683,384.6712666747183,inactive,2024-10-08
18076,Product_8076_1,clothing,89.63438707259313,262.843796255685,pending,2024-04-16
18077,Product_8077_1,sports,209.94846241199375,23.222642234357277,pending,2024-11-04
18078,Product_8078_1,sports,410.3314925278851,100.56262563807867,pending,2024-05-24
18079,Product_8079_1,books,963.8585317880404,251.6405760296303,active,2024-10-02
18080,Product_8080_1,clothing,168.69283605309343,15.436347329031648,pending,2024-12-09
18081,Product_8081_1,clothing,807.8281078372271,140.6403860470473,pending,2024-04-04
18082,Product_8082_1,home,706.8940801137214,14.368320134046385,archived,2024-06-27
18083,Product_8083_1,sports,963.9935363356966,446.965979131358,inactive,2024-04-10
18084,Product_8084_1,books,927.8631510654669,298.2732129366587,pending,2024-02-10
18085,Product_8085_1,clothing,788.7156651148799,432.43874864723387,archived,2024-01-21
18086,Product_8086_1,home,574.3347552319937,170.6863868005999,pending,2024-06-05
18087,Product_8087_1,home,497.3451139732646,101.09141611397281,pending,2024-10-07
18088,Product_8088_1,home,757.3093933645629,57.74587769572645,active,2024-06-03
18089,Product_8089_1,home,636.8969468335321,52.82504411281973,active,2024-01-04
18090,Product_8090_1,home,613.9103428805689,50.663944809863764,inactive,2024-09-17
18091,Product_8091_1,books,821.6207376089303,253.33122021299968,active,2024-10-13
18092,Product_8092_1,home,845.5677349523017,21.22457403096863,active,2024-06-09
18093,Product_8093_1,clothing,113.61640065446262,121.46759367716314,pending,2024-12-22
18094,Product_8094_1,sports,941.080030447137,59.94928668001146,archived,2024-11-27
18095,Product_8095_1,clothing,79.86174836989684,153.34078576280766,archived,2024-01-17
18096,Product_8096_1,sports,297.2637892488684,153.16319618625343,inactive,2024-04-25
18097,Product_8097_1,clothing,242.55602741074273,137.7399109507473,inactive,2024-11-26
18098,Product_8098_1,sports,41.08713361901881,413.5334403599864,archived,2024-12-06
18099,Product_8099_1,books,269.1249021868771,109.86097440494544,pending,2024-09-09
18100,Product_8100_1,clothing,280.55374550459,152.44920789175302,archived,2024-09-08
18101,Product_8101_1,electronics,839.0050404803453,339.5887662450518,inactive,2024-01-20
18102,Product_8102_1,clothing,379.7259938950587,353.8610404593427,archived,2024-02-03
18103,Product_8103_1,sports,116.89242538421036,341.3334331492436,pending,2024-01-20
18104,Product_8104_1,sports,992.2332336957055,424.95515567311367,archived,2024-09-19
18105,Product_8105_1,clothing,840.397635942867,319.3378874946166,pending,2024-07-03
18106,Product_8106_1,clothing,329.0660661265437,151.8202235675023,active,2024-07-26
18107,Product_8107_1,clothing,775.9736868771099,229.40755626714216,active,2024-10-19
18108,Product_8108_1,sports,771.6829588129523,455.2695085106343,inactive,2024-04-18
18109,Product_8109_1,home,882.4483450484113,289.6001988780668,archived,2024-03-22
18110,Product_8110_1,clothing,878.599419497168,418.4625636786566,archived,2024-08-27
18111,Product_8111_1,clothing,538.811907581778,408.34134915475965,active,2024-07-12
18112,Product_8112_1,sports,529.331492206176,309.7474605093648,inactive,2024-07-07
18113,Product_8113_1,clothing,622.9947618630796,94.46306724752733,inactive,2024-07-12
18114,Product_8114_1,electronics,823.8105397345929,151.34118693660272,inactive,2024-01-02
18115,Product_8115_1,books,718.7707808691155,432.4375240103188,pending,2024-09-14
18116,Product_8116_1,home,44.260611763521574,479.59827117160285,archived,2024-03-25
18117,Product_8117_1,home,936.7008965746062,216.9166375604944,active,2024-10-28
18118,Product_8118_1,clothing,979.5671428106878,78.60893158718393,inactive,2024-02-13
18119,Product_8119_1,home,453.7454134272838,255.78661075967884,pending,2024-06-11
18120,Product_8120_1,electronics,896.8003998407688,389.6617954750947,archived,2024-08-15
18121,Product_8121_1,clothing,777.3204509014488,169.26137505745035,inactive,2024-10-24
18122,Product_8122_1,electronics,557.8504377332873,256.1625981393246,archived,2024-11-18
18123,Product_8123_1,sports,747.720924996476,360.98281578218024,inactive,2024-06-23
18124,Product_8124_1,electronics,666.8671485962037,390.95415308116947,pending,2024-07-04
18125,Product_8125_1,clothing,831.8015880261139,383.73647323887394,archived,2024-06-10
18126,Product_8126_1,books,713.2778485016323,382.91820623580475,pending,2024-04-27
18127,Product_8127_1,sports,431.31913053831113,174.54790199188776,inactive,2024-09-17
18128,Product_8128_1,home,45.67947226055131,277.5079207079249,active,2024-01-10
18129,Product_8129_1,books,233.18030010362105,357.7769133344481,archived,2024-11-22
18130,Product_8130_1,clothing,477.72873175008675,67.92871925524526,inactive,2024-05-09
18131,Product_8131_1,books,977.5278066148145,476.1694760200064,pending,2024-07-16
18132,Product_8132_1,clothing,454.8353340062581,241.6605793921866,inactive,2024-01-18
18133,Product_8133_1,books,929.2386743177427,15.498039529865448,active,2024-08-24
18134,Product_8134_1,clothing,938.348257185902,170.07749659815795,active,2024-04-14
18135,Product_8135_1,sports,244.77910179854598,233.47494128465337,active,2024-04-22
18136,Product_8136_1,electronics,403.2066920034899,356.90849651303796,inactive,2024-12-09
18137,Product_8137_1,clothing,353.7830193453346,339.1431628373401,pending,2024-05-07
18138,Product_8138_1,electronics,590.0516027661273,358.2280921814646,inactive,2024-02-09
18139,Product_8139_1,electronics,587.1235751744753,176.75728536141105,pending,2024-09-20
18140,Product_8140_1,books,496.34664338783057,445.69667149319315,archived,2024-01-26
18141,Product_8141_1,home,238.67726960855924,181.99188335364448,active,2024-04-11
18142,Product_8142_1,sports,493.5742838577724,18.380508973814834,active,2024-06-26
18143,Product_8143_1,sports,959.1612919862134,165.71125337643218,archived,2024-03-19
18144,Product_8144_1,home,807.6584225023142,144.44766004415737,active,2024-11-28
18145,Product_8145_1,home,826.0856130852906,158.40806589651172,pending,2024-12-05
18146,Product_8146_1,electronics,832.5310371711963,273.04382136758704,inactive,2024-10-07
18147,Product_8147_1,sports,937.3821012174926,289.80720958020356,inactive,2024-05-06
18148,Product_8148_1,clothing,451.8161228121558,296.6581481490752,archived,2024-07-11
18149,Product_8149_1,books,175.86947779246097,254.63358130565908,archived,2024-01-16
18150,Product_8150_1,electronics,181.66718361148534,135.6323429249112,inactive,2024-10-12
18151,Product_8151_1,books,542.4770776480652,184.63420804238828,pending,2024-01-14
18152,Product_8152_1,books,411.0669705120043,110.47152036718167,inactive,2024-09-15
18153,Product_8153_1,home,935.2446189269189,112.32530486526977,archived,2024-04-25
18154,Product_8154_1,books,918.9681678406755,191.84880362756226,archived,2024-08-20
18155,Product_8155_1,clothing,125.40895562690545,495.8269345046083,active,2024-07-21
18156,Product_8156_1,books,253.75838738650614,422.95659409836253,inactive,2024-05-24
18157,Product_8157_1,electronics,790.6081043842155,483.50971497204284,archived,2024-10-12
18158,Product_8158_1,electronics,593.6135126199455,148.33771798821437,active,2024-05-13
18159,Product_8159_1,clothing,236.3825397531557,254.67581374148614,inactive,2024-10-13
18160,Product_8160_1,clothing,939.0054214357866,363.47365383332476,archived,2024-10-17
18161,Product_8161_1,books,673.337751307585,44.16848061167769,active,2024-05-28
18162,Product_8162_1,sports,946.3238291332012,72.52653791774583,pending,2024-02-26
18163,Product_8163_1,sports,488.0038376164978,277.7421029910063,active,2024-02-18
18164,Product_8164_1,sports,21.183061025026866,235.4777117684757,active,2024-12-25
18165,Product_8165_1,home,952.8335607550424,418.5959822037234,inactive,2024-11-28
18166,Product_8166_1,clothing,561.3417767828645,178.405053920223,inactive,2024-04-19
18167,Product_8167_1,electronics,365.8639280890041,470.1155920672459,inactive,2024-10-16
18168,Product_8168_1,books,683.3503555603124,128.85827416697063,active,2024-04-07
18169,Product_8169_1,home,145.50497354986805,406.7329467835926,archived,2024-06-09
18170,Product_8170_1,electronics,879.7763761264871,383.9068761952214,pending,2024-10-15
18171,Product_8171_1,clothing,963.2401215913732,237.75223740542296,active,2024-09-10
18172,Product_8172_1,sports,438.12453647674204,328.3673255788205,archived,2024-06-07
18173,Product_8173_1,home,648.055034627865,154.13244151308203,active,2024-11-08
18174,Product_8174_1,clothing,745.6993421698396,220.6433350552445,pending,2024-05-22
18175,Product_8175_1,books,196.94793048943674,110.12502228988649,active,2024-03-17
18176,Product_8176_1,home,402.59166295070315,32.463465546906896,pending,2024-09-25
18177,Product_8177_1,sports,342.33656345209346,456.5119776324631,archived,2024-10-12
18178,Product_8178_1,sports,759.8112634739683,228.99246393961536,archived,2024-07-12
18179,Product_8179_1,books,727.5204022172557,298.281317883613,archived,2024-08-24
18180,Product_8180_1,home,440.9982140855214,77.10678881288824,inactive,2024-05-08
18181,Product_8181_1,books,355.690064079828,181.67502543686243,inactive,2024-06-23
18182,Product_8182_1,clothing,548.1827076596825,485.52432945980786,inactive,2024-10-13
18183,Product_8183_1,home,887.7355888857281,405.3492713420022,archived,2024-10-07
18184,Product_8184_1,books,322.90236661050204,447.76844690360406,active,2024-07-27
18185,Product_8185_1,books,637.7199461086271,308.34666735325453,inactive,2024-02-12
18186,Product_8186_1,books,893.8513689861202,150.7890057006569,archived,2024-07-10
18187,Product_8187_1,home,54.53536312996612,60.15874722990408,archived,2024-01-03
18188,Product_8188_1,sports,886.5078366644148,270.18266923439484,pending,2024-01-06
18189,Product_8189_1,sports,627.4336214945982,405.09672051088916,archived,2024-09-06
18190,Product_8190_1,home,513.1128809286481,86.64234188021011,pending,2024-04-24
18191,Product_8191_1,home,774.750407716136,32.84704498832901,active,2024-10-01
18192,Product_8192_1,sports,568.5909811843667,413.50163144118744,inactive,2024-07-21
18193,Product_8193_1,clothing,871.1675434373742,248.33195014402955,inactive,2024-02-28
18194,Product_8194_1,sports,674.1545992214736,365.73779170978196,archived,2024-07-20
18195,Product_8195_1,books,678.8948552508205,196.57082915858092,inactive,2024-12-22
18196,Product_8196_1,home,929.6373610486953,488.05479779297104,inactive,2024-06-05
18197,Product_8197_1,electronics,503.8815490979922,31.415778328469216,archived,2024-03-16
18198,Product_8198_1,sports,426.87157681770304,382.76478997004176,pending,2024-06-14
18199,Product_8199_1,sports,874.9203659688541,268.75684269487385,pending,2024-02-25
18200,Product_8200_1,clothing,886.8998478269172,191.00181538410132,pending,2024-01-20
18201,Product_8201_1,books,698.6001616716591,300.436808889341,active,2024-05-13
18202,Product_8202_1,electronics,231.4371642148297,82.7807276039175,active,2024-05-11
18203,Product_8203_1,books,956.7743249256152,293.35830820486456,active,2024-09-03
18204,Product_8204_1,sports,965.010672885898,37.925391653415474,active,2024-06-18
18205,Product_8205_1,books,68.21021508401695,422.20303800658434,active,2024-05-10
18206,Product_8206_1,electronics,869.4631996240055,147.74388628836806,pending,2024-06-09
18207,Product_8207_1,home,976.4807820914087,366.5441702988518,inactive,2024-10-01
18208,Product_8208_1,clothing,84.11550148647764,348.7092832726879,archived,2024-07-06
18209,Product_8209_1,sports,119.35009797962194,427.84487515720775,inactive,2024-06-12
18210,Product_8210_1,sports,683.4437011067255,130.15360037030095,active,2024-01-26
18211,Product_8211_1,clothing,858.328415570217,101.8596451417756,active,2024-01-23
18212,Product_8212_1,home,262.59164376021494,91.21145478650443,inactive,2024-06-17
18213,Product_8213_1,electronics,628.6534107740559,190.02623413266295,pending,2024-05-03
18214,Product_8214_1,sports,45.22783392833367,493.97456002481505,active,2024-09-14
18215,Product_8215_1,clothing,261.9320143198202,249.32603214306314,pending,2024-11-20
18216,Product_8216_1,electronics,617.4880865264865,381.14625493781955,active,2024-11-12
18217,Product_8217_1,books,258.8061815902121,85.12695561506828,pending,2024-02-25
18218,Product_8218_1,electronics,31.138560782708606,214.28419823937605,inactive,2024-10-19
18219,Product_8219_1,electronics,406.62383892720743,481.2874895037164,inactive,2024-07-19
18220,Product_8220_1,electronics,532.7779091597876,186.71219612556214,archived,2024-05-18
18221,Product_8221_1,home,292.7518569219005,312.2836464731549,pending,2024-01-09
18222,Product_8222_1,electronics,522.7897918405017,356.78848746078535,pending,2024-02-13
18223,Product_8223_1,home,233.91713104683336,54.605696478553504,archived,2024-02-25
18224,Product_8224_1,clothing,334.8997212548085,429.51003056850885,active,2024-06-23
18225,Product_8225_1,clothing,440.2289240556585,283.90403354187913,inactive,2024-04-21
18226,Product_8226_1,sports,324.832336492785,193.90382013999943,active,2024-04-14
18227,Product_8227_1,electronics,22.653336834132332,482.02098555540147,archived,2024-11-17
18228,Product_8228_1,clothing,325.19387779260626,428.04649915105796,active,2024-02-11
18229,Product_8229_1,clothing,264.242022433924,123.23858780686508,archived,2024-10-14
18230,Product_8230_1,clothing,911.8636127855522,280.8085096642655,archived,2024-04-18
18231,Product_8231_1,books,410.1119782742072,378.6229299647884,inactive,2024-06-16
18232,Product_8232_1,home,942.9074525427976,157.56319679822434,archived,2024-09-03
18233,Product_8233_1,electronics,406.6665303143646,334.8889386036374,archived,2024-02-05
18234,Product_8234_1,electronics,201.5128436273429,61.20739719065976,active,2024-05-09
18235,Product_8235_1,clothing,997.1135282814804,23.053563736099008,active,2024-10-05
18236,Product_8236_1,home,278.5274442709155,494.9568339061595,archived,2024-10-08
18237,Product_8237_1,sports,486.4784313571884,55.99974793000029,inactive,2024-10-14
18238,Product_8238_1,books,200.7927890349159,31.931046472295485,archived,2024-01-24
18239,Product_8239_1,books,595.190465450694,187.56460443245734,inactive,2024-07-02
18240,Product_8240_1,electronics,433.34302274954723,334.1986326137907,pending,2024-02-02
18241,Product_8241_1,sports,543.3327193831863,370.41310006597257,archived,2024-03-04
18242,Product_8242_1,clothing,818.7038253390568,435.39747009798737,archived,2024-11-14
18243,Product_8243_1,home,626.222324447,416.686957003015,pending,2024-11-28
18244,Product_8244_1,home,968.7921001024512,279.0044095200499,active,2024-07-01
18245,Product_8245_1,home,40.11406858306449,132.09888797799462,archived,2024-07-16
18246,Product_8246_1,clothing,371.67051439406464,458.73198541115823,active,2024-07-13
18247,Product_8247_1,electronics,576.8115106682262,206.40611090261322,inactive,2024-09-13
18248,Product_8248_1,clothing,967.4187925523208,395.5668426553423,archived,2024-08-07
18249,Product_8249_1,home,289.8718712135953,160.55177066488548,active,2024-11-28
18250,Product_8250_1,clothing,968.8190616092818,454.1880158606972,inactive,2024-05-05
18251,Product_8251_1,electronics,624.6666308696647,88.08601048674451,inactive,2024-02-06
18252,Product_8252_1,clothing,307.30560203356066,210.4586986677156,active,2024-10-24
18253,Product_8253_1,clothing,210.39960180676673,497.0067718935481,inactive,2024-05-24
18254,Product_8254_1,clothing,656.9151464823599,311.7570081169682,inactive,2024-08-17
18255,Product_8255_1,home,266.87178732388867,332.34182322788206,active,2024-07-03
18256,Product_8256_1,books,408.96719823878544,411.06223225621375,pending,2024-09-08
18257,Product_8257_1,sports,988.6202190399396,381.16649684466256,inactive,2024-04-01
18258,Product_8258_1,books,132.42083378967212,253.66188760905493,active,2024-06-07
18259,Product_8259_1,books,277.46765559934244,348.31784391641247,archived,2024-09-05
18260,Product_8260_1,books,226.68110045361976,103.9885855606065,active,2024-10-04
18261,Product_8261_1,books,670.578679501356,16.456784229194103,archived,2024-08-14
18262,Product_8262_1,clothing,91.32439133138887,24.12388187737675,inactive,2024-07-22
18263,Product_8263_1,sports,174.69997341881472,44.32059020995709,active,2024-06-18
18264,Product_8264_1,sports,957.5846000880349,271.10058651256804,inactive,2024-12-26
18265,Product_8265_1,home,199.70345655441886,60.175415765518885,inactive,2024-10-17
18266,Product_8266_1,books,211.83584830738488,478.9716978960225,inactive,2024-08-05
18267,Product_8267_1,clothing,797.3975152813483,275.97556161666984,archived,2024-12-21
18268,Product_8268_1,books,340.03040283966936,269.09368663699354,inactive,2024-09-22
18269,Product_8269_1,sports,96.02530961719965,110.14183760318687,archived,2024-08-03
18270,Product_8270_1,home,623.9322141846992,107.26622938592045,inactive,2024-07-02
18271,Product_8271_1,electronics,368.32650625421275,211.21385660026382,active,2024-01-15
18272,Product_8272_1,sports,483.04789325977174,40.462139605352334,inactive,2024-12-01
18273,Product_8273_1,sports,623.944805720346,309.39466213967836,active,2024-09-28
18274,Product_8274_1,books,492.2636907137846,255.29125900856602,active,2024-03-22
18275,Product_8275_1,books,38.348167878898856,401.6487449930736,inactive,2024-04-09
18276,Product_8276_1,sports,818.1361320484821,237.01230381317663,archived,2024-04-23
18277,Product_8277_1,clothing,57.10264654006765,403.0920657360088,pending,2024-08-08
18278,Product_8278_1,clothing,834.8270848292909,192.94441166445787,archived,2024-04-24
18279,Product_8279_1,clothing,385.5982045868899,73.01176833625196,archived,2024-08-22
18280,Product_8280_1,clothing,22.31695931545598,77.35276039577019,inactive,2024-02-22
18281,Product_8281_1,home,591.6454539528463,386.4118001284615,inactive,2024-08-22
18282,Product_8282_1,home,667.1432629824228,90.51878831078179,pending,2024-12-07
18283,Product_8283_1,books,527.3307703718962,21.380621776052138,archived,2024-02-13
18284,Product_8284_1,clothing,985.6299657842363,426.844865539975,active,2024-02-23
18285,Product_8285_1,home,5.29463718142929,69.90067005038392,archived,2024-09-02
18286,Product_8286_1,sports,410.47971464789543,25.869307383409307,active,2024-09-28
18287,Product_8287_1,electronics,196.12553028996865,280.57517580839414,archived,2024-10-14
18288,Product_8288_1,electronics,85.6918477115341,463.41128062785987,active,2024-09-10
18289,Product_8289_1,books,88.30339430304224,294.943856638756,active,2024-11-02
18290,Product_8290_1,home,512.5860677253563,179.5671787406987,inactive,2024-11-19
18291,Product_8291_1,sports,975.8645416946108,466.8276256390367,inactive,2024-08-16
18292,Product_8292_1,books,984.6013137633449,158.30721581887082,active,2024-09-18
18293,Product_8293_1,electronics,559.1703867139889,17.097025522644532,inactive,2024-02-16
18294,Product_8294_1,home,184.80347693674918,87.87230649326892,pending,2024-11-06
18295,Product_8295_1,sports,227.09455948802776,400.3720072162872,pending,2024-10-06
18296,Product_8296_1,books,363.5144935547328,255.07549698929836,inactive,2024-08-13
18297,Product_8297_1,books,326.6059015281515,116.57850477838187,archived,2024-12-01
18298,Product_8298_1,books,913.4500705277915,294.01543859598166,inactive,2024-05-26
18299,Product_8299_1,electronics,686.2208087010699,282.4185402879178,pending,2024-06-27
18300,Product_8300_1,sports,230.0749722524813,43.6471100464006,pending,2024-11-23
18301,Product_8301_1,sports,391.0499754152435,112.62310914912162,inactive,2024-05-20
18302,Product_8302_1,electronics,361.77770095405015,122.48909951237427,archived,2024-06-22
18303,Product_8303_1,home,578.3694860279786,33.02460256794704,pending,2024-01-22
18304,Product_8304_1,sports,973.5008799569289,498.50749245646284,archived,2024-02-23
18305,Product_8305_1,home,853.6345818606829,488.2755462762392,inactive,2024-02-17
18306,Product_8306_1,home,821.7537065071599,94.33522342869743,inactive,2024-10-13
18307,Product_8307_1,home,714.8324664397371,143.87732302340916,inactive,2024-02-15
18308,Product_8308_1,clothing,781.6931332672888,256.8573276128207,active,2024-03-11
18309,Product_8309_1,sports,11.164695708639734,52.232413927111814,pending,2024-04-14
18310,Product_8310_1,clothing,371.91917901238406,39.57313331794317,pending,2024-10-04
18311,Product_8311_1,books,292.51383693920855,99.80223321666884,active,2024-03-24
18312,Product_8312_1,clothing,475.2440839730694,471.8056388817143,pending,2024-08-16
18313,Product_8313_1,sports,307.720648025162,426.27173304993676,archived,2024-11-13
18314,Product_8314_1,home,408.4758296816319,234.34236796577525,archived,2024-07-17
18315,Product_8315_1,sports,890.7896994219327,496.2127689886724,archived,2024-01-13
18316,Product_8316_1,sports,222.4185241757748,50.16472405279866,inactive,2024-07-03
18317,Product_8317_1,electronics,52.28695887898862,433.224189063203,inactive,2024-11-07
18318,Product_8318_1,electronics,838.227279780681,10.089861657764777,active,2024-11-18
18319,Product_8319_1,home,983.0414401434512,391.4435679739432,inactive,2024-01-20
18320,Product_8320_1,sports,271.7800778652695,225.3837566194631,active,2024-09-13
18321,Product_8321_1,clothing,154.34747570485098,260.15459702845243,active,2024-07-05
18322,Product_8322_1,sports,312.08692305987563,26.459049478552135,archived,2024-06-11
18323,Product_8323_1,electronics,15.95458368515294,402.4498064498323,archived,2024-04-05
18324,Product_8324_1,electronics,849.8253306825642,318.81881980709835,inactive,2024-02-09
18325,Product_8325_1,home,198.6423576255594,62.829829694250634,pending,2024-02-07
18326,Product_8326_1,home,983.1397344091357,268.7320365477932,pending,2024-12-15
18327,Product_8327_1,sports,798.2978166469401,426.41413050524955,pending,2024-09-27
18328,Product_8328_1,clothing,5.941963720998256,356.2892118107398,pending,2024-01-01
18329,Product_8329_1,books,328.8518357658362,222.93804635783715,active,2024-03-05
18330,Product_8330_1,home,869.3903653290121,243.89508676300437,archived,2024-05-12
18331,Product_8331_1,home,933.6863200202589,458.63944963160685,archived,2024-06-24
18332,Product_8332_1,sports,524.9150596648092,415.7663650348139,inactive,2024-06-24
18333,Product_8333_1,books,680.2659967858214,16.017361274720013,pending,2024-08-14
18334,Product_8334_1,books,382.58743552333664,362.5226821599773,pending,2024-04-15
18335,Product_8335_1,books,276.1483684771982,232.74454515833222,inactive,2024-11-06
18336,Product_8336_1,electronics,537.8202933814022,406.32726376664056,pending,2024-06-14
18337,Product_8337_1,home,218.50496730086712,37.33640230576228,pending,2024-09-19
18338,Product_8338_1,sports,787.0619703904136,193.28743596777602,inactive,2024-12-27
18339,Product_8339_1,home,243.83387311193616,267.34351542669117,pending,2024-01-06
18340,Product_8340_1,sports,775.0605125811829,176.64615694661904,active,2024-10-20
18341,Product_8341_1,books,558.6531131811568,28.18487559624145,inactive,2024-09-21
18342,Product_8342_1,electronics,225.2311677660151,439.73469992745606,inactive,2024-01-09
18343,Product_8343_1,electronics,11.476240756957463,171.2630203630218,pending,2024-05-19
18344,Product_8344_1,home,689.7631250541901,307.38813720785504,active,2024-09-06
18345,Product_8345_1,books,301.7810749177909,315.35333548187214,active,2024-12-13
18346,Product_8346_1,electronics,481.4978015734651,22.580152430872523,inactive,2024-10-09
18347,Product_8347_1,home,779.9182917307876,122.77952554464049,active,2024-02-09
18348,Product_8348_1,clothing,359.9717092878776,294.52582096869793,active,2024-09-25
18349,Product_8349_1,books,813.1296513677531,381.15961125036955,pending,2024-07-13
18350,Product_8350_1,home,917.3639406165385,89.03508319470735,pending,2024-08-01
18351,Product_8351_1,books,1.3227619749730573,413.86096418710196,inactive,2024-04-03
18352,Product_8352_1,home,694.2191117730829,447.24730101646867,active,2024-03-13
18353,Product_8353_1,home,204.58146288886226,324.48428561067993,archived,2024-01-19
18354,Product_8354_1,clothing,487.37360133894816,367.23484756270506,pending,2024-07-23
18355,Product_8355_1,clothing,329.242696432967,223.84100682253188,archived,2024-10-05
18356,Product_8356_1,electronics,165.84020507012252,243.3110805113082,pending,2024-07-01
18357,Product_8357_1,home,960.1231129882652,402.3458767728943,archived,2024-11-22
18358,Product_8358_1,electronics,683.3499653643287,218.50103232495934,inactive,2024-06-01
18359,Product_8359_1,home,881.3999178947206,103.70169435523584,archived,2024-02-05
18360,Product_8360_1,clothing,518.9509572398762,238.69754171841,archived,2024-07-25
18361,Product_8361_1,home,480.9426368382817,448.1660205437191,archived,2024-10-14
18362,Product_8362_1,books,936.2888055891909,201.26657658136452,inactive,2024-08-27
18363,Product_8363_1,sports,969.9333289614822,105.56004483384817,pending,2024-07-04
18364,Product_8364_1,clothing,681.1000813323658,499.99706128287073,archived,2024-02-12
18365,Product_8365_1,books,132.4325333018725,417.9232451566483,archived,2024-07-03
18366,Product_8366_1,electronics,353.66322127104814,459.41471709797065,active,2024-01-11
18367,Product_8367_1,sports,110.28851783098423,197.29002667407158,archived,2024-10-27
18368,Product_8368_1,sports,58.8586458884568,360.831354910361,archived,2024-03-27
18369,Product_8369_1,clothing,888.287537432389,481.3212150569669,active,2024-07-13
18370,Product_8370_1,sports,122.01829315552988,179.39661989935706,inactive,2024-01-13
18371,Product_8371_1,electronics,695.4898791816585,459.1246359789863,pending,2024-05-14
18372,Product_8372_1,clothing,894.5800133423378,174.7782347237535,pending,2024-09-09
18373,Product_8373_1,clothing,51.0887678856679,258.9954350833884,inactive,2024-02-07
18374,Product_8374_1,home,571.7341184680332,331.72072355388275,archived,2024-03-25
18375,Product_8375_1,clothing,357.34655236775507,231.56071349405192,active,2024-02-11
18376,Product_8376_1,books,584.0531381165719,214.4137209106153,inactive,2024-09-12
18377,Product_8377_1,sports,733.9420965177429,357.2181644882238,pending,2024-01-14
18378,Product_8378_1,electronics,475.18868189636123,35.010035807830135,active,2024-10-26
18379,Product_8379_1,clothing,637.380337538596,108.60548988833541,inactive,2024-10-03
18380,Product_8380_1,home,206.82905738705458,488.70098670903576,active,2024-05-05
18381,Product_8381_1,sports,356.33022770174006,229.09965248818617,active,2024-12-11
18382,Product_8382_1,home,673.2572402003896,195.8236594194885,archived,2024-05-13
18383,Product_8383_1,home,22.99816598822964,10.435787427720985,pending,2024-12-23
18384,Product_8384_1,home,864.1951554736775,314.22673924064634,archived,2024-11-27
18385,Product_8385_1,electronics,267.7329705287733,14.091454171765019,archived,2024-02-11
18386,Product_8386_1,home,245.09982025875124,344.42923610359423,active,2024-03-06
18387,Product_8387_1,home,71.49747133772667,489.73671435284433,pending,2024-04-22
18388,Product_8388_1,clothing,401.3977217795315,49.65656009018779,pending,2024-07-10
18389,Product_8389_1,books,283.4885702764746,151.69212599048203,pending,2024-03-12
18390,Product_8390_1,electronics,826.1151036546081,454.0905673416814,inactive,2024-12-14
18391,Product_8391_1,clothing,136.53487542216908,322.76797704131457,archived,2024-01-24
18392,Product_8392_1,electronics,200.95738006286282,408.0787516297016,active,2024-07-17
18393,Product_8393_1,books,589.893210814591,298.7360593704464,active,2024-09-13
18394,Product_8394_1,books,799.7064638582823,313.04745474752224,pending,2024-02-27
18395,Product_8395_1,home,791.5508289535502,205.69136445565616,active,2024-07-17
18396,Product_8396_1,clothing,144.88513800344492,123.44751597775297,pending,2024-04-06
18397,Product_8397_1,books,487.1213249430903,384.1246740910572,pending,2024-10-22
18398,Product_8398_1,books,9.392386762404925,52.72016048078188,archived,2024-02-26
18399,Product_8399_1,electronics,738.1532367670759,265.161249679462,active,2024-05-24
18400,Product_8400_1,electronics,565.2819345482666,426.97066386157553,archived,2024-06-19
18401,Product_8401_1,electronics,585.1123799590968,406.90140936381005,inactive,2024-02-21
18402,Product_8402_1,home,629.719360693573,43.82791676020599,pending,2024-02-03
18403,Product_8403_1,clothing,808.5695504209749,412.12818379590686,active,2024-10-23
18404,Product_8404_1,electronics,140.81338370053305,403.7571944177607,archived,2024-04-06
18405,Product_8405_1,books,971.6776880761114,139.64439500010624,archived,2024-04-16
18406,Product_8406_1,books,656.2687520472266,159.09621767589542,inactive,2024-06-03
18407,Product_8407_1,books,261.9264493400291,438.5871658689159,archived,2024-01-14
18408,Product_8408_1,electronics,753.3265147601066,247.71948132960318,inactive,2024-10-15
18409,Product_8409_1,home,702.2633605274323,17.759061740331333,active,2024-06-24
18410,Product_8410_1,electronics,967.3960649104132,248.44078904908008,pending,2024-08-25
18411,Product_8411_1,books,268.6758039707132,486.6556446438258,pending,2024-12-14
18412,Product_8412_1,books,55.52067345357975,36.49098703782198,inactive,2024-08-28
18413,Product_8413_1,books,124.70537909901427,58.0620434536978,archived,2024-01-19
18414,Product_8414_1,sports,347.29589487888086,290.9558414316793,pending,2024-01-08
18415,Product_8415_1,sports,698.6059604751439,190.40564876567487,pending,2024-09-25
18416,Product_8416_1,sports,126.69769386437625,240.08305878273836,active,2024-01-17
18417,Product_8417_1,sports,99.7682030635592,150.68237389203279,pending,2024-12-23
18418,Product_8418_1,home,534.5288044222142,18.92520564561861,inactive,2024-09-08
18419,Product_8419_1,clothing,350.9470321837957,451.0078300154787,active,2024-05-27
18420,Product_8420_1,clothing,745.9387214178098,138.38648222703273,pending,2024-03-13
18421,Product_8421_1,books,305.80835173504215,158.81760375027812,archived,2024-02-19
18422,Product_8422_1,sports,686.2971526947337,408.3797512423225,archived,2024-09-24
18423,Product_8423_1,books,740.6816853856286,318.19835352827704,pending,2024-10-28
18424,Product_8424_1,books,375.2425982025914,131.6162709614939,active,2024-03-02
18425,Product_8425_1,electronics,926.8766208587048,456.46024158401366,inactive,2024-07-21
18426,Product_8426_1,electronics,106.28280051832157,420.1784174773476,inactive,2024-10-09
18427,Product_8427_1,electronics,223.9819817511882,431.15383399465065,inactive,2024-03-28
18428,Product_8428_1,books,59.208695705671076,410.6416506243857,active,2024-04-17
18429,Product_8429_1,sports,956.1844523755062,299.8497293617827,archived,2024-08-10
18430,Product_8430_1,home,78.36174708822148,19.124454687612314,inactive,2024-04-20
18431,Product_8431_1,sports,453.04644781481176,314.02211987991245,active,2024-06-10
18432,Product_8432_1,books,20.323257467504916,154.6834101324569,inactive,2024-09-22
18433,Product_8433_1,electronics,426.06886790296664,223.3691886464345,pending,2024-05-19
18434,Product_8434_1,electronics,253.5444839332108,125.90382697326798,active,2024-09-18
18435,Product_8435_1,books,882.5777881422235,388.7220027474603,archived,2024-08-21
18436,Product_8436_1,sports,287.3178511547548,493.10634908056215,archived,2024-01-20
18437,Product_8437_1,home,680.074833796129,232.45399600167485,pending,2024-01-01
18438,Product_8438_1,electronics,882.9014908065514,331.22506225951724,inactive,2024-11-28
18439,Product_8439_1,sports,557.508406035987,467.6395644060114,active,2024-07-14
18440,Product_8440_1,home,979.3152901019461,173.20028979962868,active,2024-10-25
18441,Product_8441_1,sports,854.2701658768656,279.1893897647318,archived,2024-05-07
18442,Product_8442_1,books,149.01333697563743,436.6905485188352,active,2024-11-21
18443,Product_8443_1,home,773.3728404658094,188.509329517736,active,2024-06-04
18444,Product_8444_1,books,853.7846258186447,333.4322336692729,archived,2024-04-24
18445,Product_8445_1,sports,935.2454114880892,71.67359224689939,archived,2024-06-09
18446,Product_8446_1,books,799.4072952453273,236.9863995780396,active,2024-09-14
18447,Product_8447_1,sports,707.517419441804,359.67915735931217,inactive,2024-10-20
18448,Product_8448_1,electronics,67.71222101667887,221.1198741206129,inactive,2024-08-24
18449,Product_8449_1,home,115.5351549401069,241.64749434388278,pending,2024-12-16
18450,Product_8450_1,sports,158.27611605359158,135.8874194633746,inactive,2024-06-21
18451,Product_8451_1,electronics,37.03623705441448,298.2767626745155,pending,2024-08-23
18452,Product_8452_1,electronics,419.2821079879124,428.6087348486503,pending,2024-11-18
18453,Product_8453_1,books,72.38805541208541,465.93490996896486,pending,2024-08-20
18454,Product_8454_1,electronics,453.032807767354,352.31907834830054,archived,2024-01-24
18455,Product_8455_1,home,125.48121746833421,159.28300489818665,pending,2024-08-16
18456,Product_8456_1,sports,61.884663035790226,242.37767287717196,archived,2024-01-01
18457,Product_8457_1,sports,552.305290001958,97.22885531789785,inactive,2024-10-24
18458,Product_8458_1,home,938.2201750399915,350.2712772916581,archived,2024-12-02
18459,Product_8459_1,electronics,482.71972299468996,252.48750413717949,pending,2024-12-13
18460,Product_8460_1,clothing,462.66289079061033,225.52817833119204,pending,2024-11-22
18461,Product_8461_1,books,461.7415379342846,483.961947807762,active,2024-11-15
18462,Product_8462_1,electronics,819.7058061910569,311.6040953651649,inactive,2024-12-27
18463,Product_8463_1,sports,11.139106506911551,297.562006550833,active,2024-07-07
18464,Product_8464_1,home,414.39843493184077,246.94162977961196,pending,2024-05-09
18465,Product_8465_1,sports,393.49062690130006,472.00657241609764,active,2024-09-26
18466,Product_8466_1,books,539.9912347874404,208.18654881485097,inactive,2024-07-15
18467,Product_8467_1,electronics,33.08205313629036,272.932987498481,archived,2024-01-17
18468,Product_8468_1,books,106.81674540189712,423.6313005351735,active,2024-01-05
18469,Product_8469_1,sports,880.9367397825292,243.2228650409567,active,2024-06-15
18470,Product_8470_1,home,900.4590461720275,324.4953283806784,inactive,2024-10-04
18471,Product_8471_1,books,52.93134703643501,364.23304225706283,inactive,2024-01-09
18472,Product_8472_1,home,255.86874490218943,71.94960867087534,archived,2024-09-21
18473,Product_8473_1,books,84.69490991531366,479.9918753823506,active,2024-10-18
18474,Product_8474_1,clothing,957.1349397410798,166.76141942000487,pending,2024-03-14
18475,Product_8475_1,sports,394.73004660478495,303.07279236966605,inactive,2024-11-16
18476,Product_8476_1,sports,826.0593792552078,430.33131101555534,inactive,2024-07-28
18477,Product_8477_1,books,889.8763328268016,302.09972398966096,pending,2024-05-15
18478,Product_8478_1,clothing,642.9187757952602,286.5530448115258,active,2024-06-16
18479,Product_8479_1,clothing,826.3891502168277,74.87417561590205,inactive,2024-02-09
18480,Product_8480_1,sports,929.7265358630223,339.7741916502221,pending,2024-08-02
18481,Product_8481_1,sports,778.6239042259912,476.39447242245217,archived,2024-02-14
18482,Product_8482_1,sports,981.0907635342251,303.5787305836827,inactive,2024-02-22
18483,Product_8483_1,books,500.3855758686467,66.94660355532258,active,2024-11-19
18484,Product_8484_1,home,646.3672086617962,78.60266739831344,pending,2024-08-04
18485,Product_8485_1,clothing,211.67915508745511,324.76217939239336,inactive,2024-05-17
18486,Product_8486_1,sports,345.28286757677137,251.1972444761103,archived,2024-12-05
18487,Product_8487_1,clothing,870.3776539143854,422.25276952936173,active,2024-04-05
18488,Product_8488_1,electronics,384.59441215095393,300.53890586347416,pending,2024-08-27
18489,Product_8489_1,electronics,581.453311426676,75.58424212051766,archived,2024-01-01
18490,Product_8490_1,clothing,980.9034844829956,102.47155253990113,archived,2024-06-19
18491,Product_8491_1,electronics,285.0836852850522,392.93109901107636,pending,2024-06-14
18492,Product_8492_1,home,114.70045050880579,69.50836932306764,active,2024-06-24
18493,Product_8493_1,books,410.222953166497,282.8687760109127,archived,2024-12-22
18494,Product_8494_1,home,250.2132508881622,411.1434379343718,pending,2024-10-23
18495,Product_8495_1,sports,934.630284388258,184.32442984260788,inactive,2024-10-15
18496,Product_8496_1,home,472.05650044155584,75.2001139636396,archived,2024-11-21
18497,Product_8497_1,clothing,133.74119475677688,453.7300420876065,archived,2024-08-13
18498,Product_8498_1,books,216.69626270636724,126.10508604409446,pending,2024-05-08
18499,Product_8499_1,home,70.4996081601147,296.67024804890974,archived,2024-11-26
18500,Product_8500_1,sports,167.16346623616113,356.30197808379216,archived,2024-10-22
18501,Product_8501_1,home,649.9602853193534,43.89995228028988,inactive,2024-11-08
18502,Product_8502_1,electronics,140.0747723253639,339.1014424789203,inactive,2024-03-14
18503,Product_8503_1,clothing,611.9933443490411,36.61556033003621,pending,2024-04-18
18504,Product_8504_1,electronics,531.2885629760981,423.79524766828183,inactive,2024-04-24
18505,Product_8505_1,books,294.0338140474403,148.92895046807058,active,2024-06-20
18506,Product_8506_1,clothing,970.7536032217073,28.173507454416164,inactive,2024-11-19
18507,Product_8507_1,home,733.6961842568237,236.90094359543863,archived,2024-09-19
18508,Product_8508_1,clothing,191.73425326642035,232.27999214002043,pending,2024-02-21
18509,Product_8509_1,books,978.1163366860742,351.5698772442787,pending,2024-06-11
18510,Product_8510_1,electronics,886.3544741963168,62.21635601933747,archived,2024-08-17
18511,Product_8511_1,sports,653.158687399716,454.3479426264951,inactive,2024-06-02
18512,Product_8512_1,electronics,501.26342775909035,455.85511925598007,pending,2024-03-17
18513,Product_8513_1,books,424.92054110006706,138.64556109893184,archived,2024-04-26
18514,Product_8514_1,books,936.6023247318531,317.54824131555347,inactive,2024-09-06
18515,Product_8515_1,home,784.3003360942645,368.19123904482774,active,2024-11-25
18516,Product_8516_1,home,391.9592864647666,433.39750531513096,pending,2024-06-15
18517,Product_8517_1,sports,156.02191684991863,209.29322140866935,pending,2024-05-20
18518,Product_8518_1,books,204.13088574284484,263.50266313687894,active,2024-06-23
18519,Product_8519_1,sports,504.9331021270842,206.37396520101686,active,2024-06-19
18520,Product_8520_1,clothing,379.8776933586351,147.7365459166767,active,2024-10-13
18521,Product_8521_1,electronics,507.68300031969324,454.8751301854818,pending,2024-02-17
18522,Product_8522_1,home,708.078012164926,192.34590851258685,active,2024-11-11
18523,Product_8523_1,books,211.85643401267012,234.19681255153577,inactive,2024-01-05
18524,Product_8524_1,sports,15.139245126327127,223.70820532471404,pending,2024-10-12
18525,Product_8525_1,home,539.6549059003252,390.3663711792813,inactive,2024-02-22
18526,Product_8526_1,clothing,160.31520488338265,127.61894706849436,archived,2024-03-17
18527,Product_8527_1,clothing,476.80696544068894,366.8164796494201,pending,2024-07-07
18528,Product_8528_1,sports,747.5519514309362,497.7730252804641,pending,2024-01-11
18529,Product_8529_1,electronics,741.8421055069488,103.04458251687831,archived,2024-03-25
18530,Product_8530_1,clothing,636.0422731743264,65.43902582307487,archived,2024-03-16
18531,Product_8531_1,sports,286.45667991761223,223.4497317203403,inactive,2024-06-02
18532,Product_8532_1,electronics,972.3077780120557,240.74765045203094,inactive,2024-08-10
18533,Product_8533_1,sports,527.8619733889532,50.98380976442507,archived,2024-03-01
18534,Product_8534_1,books,198.83353782995792,352.37874051457135,inactive,2024-04-28
18535,Product_8535_1,electronics,726.3551080472178,491.2253939462146,archived,2024-04-14
18536,Product_8536_1,sports,188.2635426880139,250.7612404228722,inactive,2024-09-11
18537,Product_8537_1,electronics,334.06687479557655,401.47639545927075,archived,2024-05-10
18538,Product_8538_1,books,714.3287224498825,248.87942703615408,active,2024-01-04
18539,Product_8539_1,clothing,720.3335561137739,153.59331206509916,archived,2024-10-10
18540,Product_8540_1,home,537.5137515603734,90.07500247053756,archived,2024-05-26
18541,Product_8541_1,books,582.3296427323129,16.288461905048216,inactive,2024-04-03
18542,Product_8542_1,books,873.3977039412387,341.04035257763326,archived,2024-01-27
18543,Product_8543_1,electronics,214.77974005340226,94.41728383188297,pending,2024-11-06
18544,Product_8544_1,sports,471.40937376962967,321.2999711432701,inactive,2024-10-26
18545,Product_8545_1,books,357.7802846181,485.65373211580084,active,2024-12-14
18546,Product_8546_1,electronics,877.5664470739416,435.6380513448457,archived,2024-05-03
18547,Product_8547_1,electronics,43.7537704696553,236.3762032097446,pending,2024-10-25
18548,Product_8548_1,books,836.5749906778389,413.33403738734745,pending,2024-10-17
18549,Product_8549_1,clothing,117.2511495313731,327.7281902976086,pending,2024-07-21
18550,Product_8550_1,home,734.2195462890962,260.7708121430334,pending,2024-11-24
18551,Product_8551_1,clothing,705.2859605735516,392.0622909216055,inactive,2024-06-25
18552,Product_8552_1,clothing,407.1172282186744,265.5298200096161,inactive,2024-12-12
18553,Product_8553_1,electronics,602.4239426180378,257.344112954106,pending,2024-04-11
18554,Product_8554_1,books,60.34350038486829,452.3739493526038,active,2024-10-22
18555,Product_8555_1,clothing,834.4342100833152,244.2407256490757,archived,2024-05-21
18556,Product_8556_1,clothing,73.75037695055904,442.50008551281434,archived,2024-11-23
18557,Product_8557_1,books,3.507790799446849,499.8642572677912,archived,2024-01-07
18558,Product_8558_1,electronics,770.2323726373102,63.96143490838441,inactive,2024-04-23
18559,Product_8559_1,books,198.83181107279552,186.61882528172143,archived,2024-03-06
18560,Product_8560_1,home,966.0101260070423,194.95396613558603,pending,2024-05-06
18561,Product_8561_1,clothing,941.0402216984793,405.78426473629537,pending,2024-12-13
18562,Product_8562_1,sports,362.86102564781527,15.149485390096967,archived,2024-07-06
18563,Product_8563_1,sports,821.246752384518,462.4911529373101,pending,2024-12-23
18564,Product_8564_1,sports,18.266633006806593,149.64052530657187,archived,2024-12-04
18565,Product_8565_1,electronics,217.1353147668875,406.3714397127823,pending,2024-12-20
18566,Product_8566_1,electronics,793.8489439581342,435.63393250513434,active,2024-06-25
18567,Product_8567_1,books,21.66237534330732,330.7239399435225,archived,2024-11-12
18568,Product_8568_1,books,262.02922586412,497.40553741417654,archived,2024-05-24
18569,Product_8569_1,electronics,867.4160997984691,401.29213214203253,inactive,2024-10-27
18570,Product_8570_1,electronics,936.3587743996624,230.35936209386938,active,2024-10-12
18571,Product_8571_1,home,631.5825405337426,28.72880851772953,inactive,2024-07-19
18572,Product_8572_1,books,403.9494636321961,20.54476361451902,archived,2024-02-27
18573,Product_8573_1,clothing,769.5534936802269,292.3239671217354,active,2024-05-28
18574,Product_8574_1,sports,411.9487920585905,399.1183370630691,pending,2024-06-08
18575,Product_8575_1,sports,642.8889366494146,455.7561313347707,active,2024-08-25
18576,Product_8576_1,sports,365.01376167947103,282.1847108827098,active,2024-06-28
18577,Product_8577_1,clothing,398.9908975785232,48.574977782004694,pending,2024-04-01
18578,Product_8578_1,sports,937.3630134682803,49.728950794959744,inactive,2024-06-26
18579,Product_8579_1,sports,78.62090109166692,400.02337882614233,archived,2024-07-07
18580,Product_8580_1,home,310.3311325041453,147.6364685306117,active,2024-08-19
18581,Product_8581_1,electronics,520.8098128360286,15.36030579077318,pending,2024-07-21
18582,Product_8582_1,sports,881.9098775950615,72.14391560532553,inactive,2024-02-07
18583,Product_8583_1,electronics,120.21558934169741,298.1262193141335,active,2024-05-15
18584,Product_8584_1,clothing,81.56859410846585,196.50497287386705,pending,2024-12-27
18585,Product_8585_1,home,652.8496183349766,161.1589054594201,active,2024-03-27
18586,Product_8586_1,home,182.8328998792637,345.94122202808916,archived,2024-06-21
18587,Product_8587_1,home,563.6002895223003,205.577463166602,archived,2024-03-20
18588,Product_8588_1,books,897.4826296299154,26.713774650735417,inactive,2024-10-09
18589,Product_8589_1,home,296.31047780061476,87.95694436435699,active,2024-04-21
18590,Product_8590_1,sports,269.2104149133397,242.4615254634844,active,2024-01-09
18591,Product_8591_1,sports,645.4898848641541,422.2179071839544,pending,2024-02-18
18592,Product_8592_1,sports,847.5605142075842,273.56946881845624,archived,2024-08-06
18593,Product_8593_1,books,290.3847078624905,133.4925023122802,inactive,2024-04-05
18594,Product_8594_1,home,246.10768745514747,355.7139567784708,pending,2024-08-10
18595,Product_8595_1,electronics,873.3520869048964,84.32051800264598,pending,2024-04-13
18596,Product_8596_1,sports,135.45988143428238,417.0140775426602,inactive,2024-12-12
18597,Product_8597_1,books,515.1710870583271,111.231189470644,active,2024-10-16
18598,Product_8598_1,clothing,23.65378500052156,364.12590732922746,active,2024-05-06
18599,Product_8599_1,clothing,665.0381016929307,483.70711751963023,archived,2024-07-24
18600,Product_8600_1,clothing,770.9390167136496,279.81604231474523,pending,2024-01-09
18601,Product_8601_1,clothing,113.74100582148695,137.29517353150698,active,2024-12-01
18602,Product_8602_1,home,351.04196640045825,37.66309880104782,inactive,2024-05-07
18603,Product_8603_1,clothing,174.9679345647999,483.1251627540051,archived,2024-04-17
18604,Product_8604_1,sports,719.6038027998322,121.1812940021718,inactive,2024-11-22
18605,Product_8605_1,books,459.11154591018834,413.174559661435,active,2024-10-19
18606,Product_8606_1,books,123.38105771831457,209.99750344940992,active,2024-07-26
18607,Product_8607_1,electronics,728.4986756945335,228.48446213231426,pending,2024-11-13
18608,Product_8608_1,electronics,177.34421221826918,17.189891289981517,active,2024-07-09
18609,Product_8609_1,home,41.099409854661545,42.97873634682732,active,2024-11-26
18610,Product_8610_1,clothing,961.607269070633,486.690428999816,active,2024-03-13
18611,Product_8611_1,sports,85.12924491164414,384.9974562228458,archived,2024-10-04
18612,Product_8612_1,home,525.1394830274236,181.79354818039815,pending,2024-06-26
18613,Product_8613_1,books,539.6108416793758,308.72019062636434,pending,2024-10-11
18614,Product_8614_1,clothing,764.1631161800489,369.9743019255925,archived,2024-02-17
18615,Product_8615_1,sports,213.63090670896952,69.36057121617232,active,2024-01-09
18616,Product_8616_1,sports,104.80991375580612,151.64150527587137,archived,2024-07-08
18617,Product_8617_1,clothing,506.4694549535139,237.46305772278492,inactive,2024-01-10
18618,Product_8618_1,home,255.47334844045585,428.33181915517827,pending,2024-05-08
18619,Product_8619_1,clothing,828.7639789444344,72.0356927616744,inactive,2024-06-02
18620,Product_8620_1,clothing,285.65105703553996,310.13761959506223,inactive,2024-07-23
18621,Product_8621_1,sports,15.794382015862402,230.5880759729233,inactive,2024-05-06
18622,Product_8622_1,books,479.02578071525784,49.4313894375164,inactive,2024-08-26
18623,Product_8623_1,electronics,799.0583689889185,346.56046294787745,inactive,2024-07-17
18624,Product_8624_1,electronics,857.069567613473,216.64202625818112,inactive,2024-08-18
18625,Product_8625_1,home,718.413800153784,194.47764522571524,archived,2024-06-20
18626,Product_8626_1,electronics,458.2681836247492,274.10137598172685,pending,2024-10-19
18627,Product_8627_1,home,468.2719603502175,76.67264439688036,active,2024-04-06
18628,Product_8628_1,electronics,372.4956172386624,167.48364721484853,pending,2024-11-06
18629,Product_8629_1,electronics,863.0265996642183,363.9091572084027,archived,2024-08-27
18630,Product_8630_1,electronics,665.9102838299909,137.75374144691585,archived,2024-03-05
18631,Product_8631_1,sports,873.9551152046121,10.382987954350455,active,2024-11-16
18632,Product_8632_1,clothing,121.38434103980575,208.71024628655053,inactive,2024-06-17
18633,Product_8633_1,clothing,612.2680524108945,485.8902214177693,archived,2024-03-12
18634,Product_8634_1,sports,983.095615953689,139.6067769541413,active,2024-03-03
18635,Product_8635_1,sports,697.6014125824192,17.407635647127346,inactive,2024-11-10
18636,Product_8636_1,electronics,580.5157939790656,355.5216561378762,inactive,2024-01-01
18637,Product_8637_1,home,528.2080236222616,462.08613305265544,archived,2024-05-14
18638,Product_8638_1,home,314.2200003088482,457.78366027522975,archived,2024-01-19
18639,Product_8639_1,clothing,294.7959745849252,67.33001189551064,archived,2024-07-11
18640,Product_8640_1,home,534.2109971086572,135.66199803004884,active,2024-06-04
18641,Product_8641_1,home,286.36315063188016,401.05609512595277,inactive,2024-08-22
18642,Product_8642_1,sports,765.5075940165295,10.445807611556367,active,2024-02-22
18643,Product_8643_1,electronics,106.64802681533695,461.331583575793,active,2024-12-15
18644,Product_8644_1,sports,714.4708782690276,114.14768408564314,inactive,2024-02-19
18645,Product_8645_1,electronics,82.82142192560877,289.5055603364682,active,2024-03-04
18646,Product_8646_1,home,772.7467443999391,37.969261670051836,pending,2024-02-26
18647,Product_8647_1,electronics,800.5235926154544,183.19651248465854,pending,2024-02-26
18648,Product_8648_1,books,598.6708664608217,35.16560214950346,pending,2024-10-22
18649,Product_8649_1,clothing,832.079609823671,80.27618234553577,pending,2024-07-21
18650,Product_8650_1,sports,395.983259357038,323.63754723061453,inactive,2024-10-12
18651,Product_8651_1,books,383.46731090180344,149.41185111204632,archived,2024-05-03
18652,Product_8652_1,books,584.1783489822249,168.34901903976458,active,2024-11-23
18653,Product_8653_1,electronics,434.9799705704844,444.3874173213177,archived,2024-09-19
18654,Product_8654_1,electronics,799.7246777677501,255.17030661525885,archived,2024-01-24
18655,Product_8655_1,sports,364.2994363183311,230.62526832965264,archived,2024-11-16
18656,Product_8656_1,clothing,542.7432860667847,377.8510823563975,inactive,2024-10-06
18657,Product_8657_1,clothing,783.1065104878777,38.730587993952845,pending,2024-04-11
18658,Product_8658_1,home,874.414985364174,69.96320421005082,pending,2024-11-26
18659,Product_8659_1,home,498.26729442544996,230.5752049091314,archived,2024-10-24
18660,Product_8660_1,home,647.1559354829113,248.6202674491113,inactive,2024-05-14
18661,Product_8661_1,books,271.9523607359748,22.893419676046253,pending,2024-07-22
18662,Product_8662_1,sports,812.9097077406077,374.17806964347227,pending,2024-09-05
18663,Product_8663_1,books,700.2476118871574,412.69585654536047,archived,2024-12-26
18664,Product_8664_1,clothing,95.72356875485542,417.3534388222454,active,2024-11-08
18665,Product_8665_1,home,118.02063045724482,436.90885195965103,archived,2024-03-13
18666,Product_8666_1,home,166.78569893689004,380.34253964679783,archived,2024-06-21
18667,Product_8667_1,clothing,862.257884676515,179.05746334528357,pending,2024-05-15
18668,Product_8668_1,electronics,502.4311088660161,164.17847691468904,active,2024-01-26
18669,Product_8669_1,books,831.4666045995689,85.12921088242103,inactive,2024-07-24
18670,Product_8670_1,home,182.93017696160092,116.09377610930729,active,2024-09-27
18671,Product_8671_1,clothing,485.13484290087825,305.6127856616009,pending,2024-06-19
18672,Product_8672_1,home,699.6984721099294,364.31138695900614,active,2024-07-25
18673,Product_8673_1,home,17.07764313972061,239.04142665226075,archived,2024-03-18
18674,Product_8674_1,electronics,932.4885518528337,57.59117558296553,pending,2024-05-05
18675,Product_8675_1,home,158.4552463179035,247.75137560498106,archived,2024-06-14
18676,Product_8676_1,home,564.8417307856553,27.112829306515785,archived,2024-07-27
18677,Product_8677_1,sports,375.4683841004125,47.49152109912757,active,2024-04-04
18678,Product_8678_1,sports,698.870791604111,306.9142769693618,archived,2024-01-12
18679,Product_8679_1,books,556.0286522040209,238.67291624544453,active,2024-10-22
18680,Product_8680_1,books,549.7776725207827,78.86877494409563,archived,2024-09-17
18681,Product_8681_1,home,240.85744710823346,72.6589116515076,archived,2024-01-22
18682,Product_8682_1,books,620.7638494160961,114.75868595577786,inactive,2024-12-19
18683,Product_8683_1,books,275.4560480637412,494.49034436480787,archived,2024-03-17
18684,Product_8684_1,home,452.7692166377066,62.14507511787293,archived,2024-07-11
18685,Product_8685_1,books,423.70503466182384,339.0501288058967,active,2024-03-17
18686,Product_8686_1,sports,427.64069822667494,31.483713472249875,active,2024-06-13
18687,Product_8687_1,sports,304.0325660616441,34.409067987810914,archived,2024-09-22
18688,Product_8688_1,books,744.9294589357478,67.53830194009652,active,2024-08-07
18689,Product_8689_1,clothing,729.3724580135937,491.15495683944533,inactive,2024-04-23
18690,Product_8690_1,electronics,203.40881719690032,15.23341718008465,active,2024-01-13
18691,Product_8691_1,home,537.7383386377468,309.70499098360636,active,2024-04-10
18692,Product_8692_1,books,350.63494435917244,314.1422055922204,active,2024-01-18
18693,Product_8693_1,clothing,761.6900838423697,144.06274173873874,archived,2024-08-20
18694,Product_8694_1,books,14.954776491381113,250.86572991817906,archived,2024-04-26
18695,Product_8695_1,sports,584.1325760915807,21.418444787197174,archived,2024-12-18
18696,Product_8696_1,home,249.12219549321304,25.694944165505845,pending,2024-05-06
18697,Product_8697_1,home,327.94547614800706,421.26088749573324,inactive,2024-06-18
18698,Product_8698_1,electronics,232.57230529649655,305.4908348156913,pending,2024-02-03
18699,Product_8699_1,electronics,689.9791633038109,360.6682191922595,active,2024-01-10
18700,Product_8700_1,electronics,635.2200248603651,201.7820798763809,active,2024-04-01
18701,Product_8701_1,books,714.7988310055443,440.4876736471249,inactive,2024-09-05
18702,Product_8702_1,home,212.1060113652177,136.81388985799367,inactive,2024-06-23
18703,Product_8703_1,books,317.6899369726834,272.11969517852907,active,2024-08-12
18704,Product_8704_1,clothing,616.5183231187282,57.71075865201687,archived,2024-04-20
18705,Product_8705_1,books,702.3343789991419,497.424028300271,inactive,2024-07-07
18706,Product_8706_1,books,639.881731751977,159.85885189225422,inactive,2024-12-03
18707,Product_8707_1,books,64.7820912942176,451.14256335325854,pending,2024-04-23
18708,Product_8708_1,electronics,364.30876220923045,326.3749815173826,pending,2024-01-02
18709,Product_8709_1,clothing,325.708559133205,347.46227814138814,archived,2024-01-24
18710,Product_8710_1,sports,377.3834885469088,353.057613180692,archived,2024-03-21
18711,Product_8711_1,home,962.3961869933569,16.235231006886803,pending,2024-10-21
18712,Product_8712_1,home,491.02982367207846,468.6330480889963,inactive,2024-12-16
18713,Product_8713_1,clothing,883.1785957834533,125.07944533774398,pending,2024-08-07
18714,Product_8714_1,sports,369.387642760844,56.67671449596416,inactive,2024-12-13
18715,Product_8715_1,books,796.6181832829504,492.76295886754815,active,2024-10-03
18716,Product_8716_1,clothing,492.69785418109257,155.1538151495872,archived,2024-07-19
18717,Product_8717_1,electronics,407.74466170357,176.4931810419128,inactive,2024-09-07
18718,Product_8718_1,books,417.40747628735755,208.53707320678973,archived,2024-04-20
18719,Product_8719_1,sports,976.3226887546591,153.4673971585175,inactive,2024-03-01
18720,Product_8720_1,books,645.9921065978776,477.48066964468586,active,2024-02-21
18721,Product_8721_1,clothing,842.250028585058,215.03416925680074,archived,2024-11-23
18722,Product_8722_1,clothing,744.5902098567132,341.3951458050111,archived,2024-07-10
18723,Product_8723_1,electronics,709.0957883972894,204.31613237883775,archived,2024-08-03
18724,Product_8724_1,home,544.5430206678841,159.11791641336032,active,2024-08-09
18725,Product_8725_1,home,887.210296940064,419.29746858028864,active,2024-03-26
18726,Product_8726_1,sports,519.4978216670288,197.89823968991425,inactive,2024-10-10
18727,Product_8727_1,sports,642.366211394331,222.0169942226359,pending,2024-07-21
18728,Product_8728_1,books,295.11451711985626,487.33302528547404,inactive,2024-12-18
18729,Product_8729_1,electronics,903.5905539091544,491.09831402731885,inactive,2024-04-07
18730,Product_8730_1,sports,396.1012440685255,135.7579027749423,archived,2024-06-28
18731,Product_8731_1,electronics,270.17172164570275,27.2030682542073,pending,2024-01-03
18732,Product_8732_1,books,29.090224414864306,282.91556462880106,pending,2024-12-21
18733,Product_8733_1,clothing,485.1350314349504,146.36627033715766,pending,2024-07-25
18734,Product_8734_1,sports,827.2809954998618,176.0821309729605,active,2024-07-24
18735,Product_8735_1,books,28.37802936657476,283.7825315397539,archived,2024-04-09
18736,Product_8736_1,sports,711.3627491384793,95.63707802122536,archived,2024-01-23
18737,Product_8737_1,home,682.904248767785,126.90635675943486,pending,2024-04-08
18738,Product_8738_1,sports,688.2701192914266,227.69790028061476,pending,2024-02-03
18739,Product_8739_1,electronics,220.84659346761026,317.6398011062187,active,2024-04-13
18740,Product_8740_1,sports,330.4937574742695,388.5285662720475,active,2024-09-11
18741,Product_8741_1,books,924.6970874515831,356.02163140416064,pending,2024-05-11
18742,Product_8742_1,electronics,198.6288796282779,400.6203944401362,inactive,2024-06-12
18743,Product_8743_1,home,444.58242065099216,135.67420640172386,inactive,2024-01-01
18744,Product_8744_1,sports,817.4700188535868,80.99893163087677,active,2024-06-11
18745,Product_8745_1,clothing,142.32986381862662,110.19738494209487,active,2024-10-15
18746,Product_8746_1,home,484.2582195401978,308.3330278132024,active,2024-05-01
18747,Product_8747_1,books,217.10808342187647,166.27563277096493,archived,2024-04-12
18748,Product_8748_1,electronics,824.9928463972576,160.9145794708003,pending,2024-10-11
18749,Product_8749_1,home,658.8779690291857,18.636393172222828,pending,2024-07-02
18750,Product_8750_1,clothing,199.15982821904223,202.5183273781657,archived,2024-01-21
18751,Product_8751_1,books,916.5866332015182,147.95866912950908,pending,2024-09-24
18752,Product_8752_1,books,154.8958200619247,141.33878781114214,inactive,2024-10-18
18753,Product_8753_1,sports,677.5965229229433,465.808932219292,pending,2024-05-08
18754,Product_8754_1,home,351.418326540634,414.133223633554,active,2024-05-15
18755,Product_8755_1,sports,772.9744599645188,346.36418004844194,active,2024-09-22
18756,Product_8756_1,sports,19.716579706945936,330.4483820276835,pending,2024-05-13
18757,Product_8757_1,clothing,899.3292653233095,366.5211994860466,pending,2024-07-01
18758,Product_8758_1,home,936.4418794238209,414.7761972451178,archived,2024-03-10
18759,Product_8759_1,clothing,400.9930185520458,191.27416041899193,archived,2024-11-16
18760,Product_8760_1,clothing,19.315896716691334,157.74770097033823,archived,2024-05-14
18761,Product_8761_1,sports,376.1932688547331,150.88405360366707,archived,2024-03-01
18762,Product_8762_1,sports,526.7284162035163,279.8457677908466,archived,2024-09-19
18763,Product_8763_1,clothing,194.0152869606544,280.8827179217085,inactive,2024-07-04
18764,Product_8764_1,sports,389.02083019177,56.321481155738155,archived,2024-04-10
18765,Product_8765_1,sports,500.48603829013393,483.53029242334645,pending,2024-07-27
18766,Product_8766_1,home,437.2031924762135,371.64998109271534,archived,2024-05-01
18767,Product_8767_1,electronics,822.0641559295037,364.931387949576,pending,2024-05-19
18768,Product_8768_1,home,357.4330807867958,131.47544806119413,archived,2024-09-21
18769,Product_8769_1,clothing,855.3372821986134,359.31013276810194,active,2024-01-15
18770,Product_8770_1,clothing,359.00071096991917,145.87180580854704,inactive,2024-09-07
18771,Product_8771_1,electronics,752.9398548244246,297.17363487090535,archived,2024-04-22
18772,Product_8772_1,home,335.00168140190374,333.267840861288,active,2024-09-28
18773,Product_8773_1,clothing,8.878159515270557,328.6116243665037,inactive,2024-07-26
18774,Product_8774_1,clothing,373.90094277584586,448.9461878397017,pending,2024-01-20
18775,Product_8775_1,sports,906.0498012871368,395.8000094109485,inactive,2024-03-11
18776,Product_8776_1,books,175.50367370899292,163.355764032868,pending,2024-05-10
18777,Product_8777_1,books,604.0246329345874,77.88461303037602,active,2024-08-01
18778,Product_8778_1,clothing,846.944596095895,97.7891791172558,active,2024-05-07
18779,Product_8779_1,home,566.114005439665,149.42546740449282,inactive,2024-02-28
18780,Product_8780_1,sports,756.4432012184518,437.60998502218877,pending,2024-12-23
18781,Product_8781_1,sports,17.00250693359375,446.66791293574244,pending,2024-01-25
18782,Product_8782_1,electronics,418.4630152743769,233.1769766683301,pending,2024-08-03
18783,Product_8783_1,clothing,854.5533757290613,117.3716150453279,active,2024-08-06
18784,Product_8784_1,sports,189.42324272282752,422.03241580755963,archived,2024-11-16
18785,Product_8785_1,home,606.3804714130653,100.18047741481217,active,2024-02-09
18786,Product_8786_1,books,950.9058959995488,120.30035007800244,active,2024-08-08
18787,Product_8787_1,clothing,853.8814328286447,453.59081416848136,archived,2024-01-26
18788,Product_8788_1,electronics,764.03466456889,169.67544919470166,inactive,2024-11-19
18789,Product_8789_1,electronics,118.69122781838888,71.58001758577822,inactive,2024-05-02
18790,Product_8790_1,sports,992.8195071452766,14.323098556099456,pending,2024-07-18
18791,Product_8791_1,clothing,28.006542298900285,70.46732992184805,archived,2024-09-03
18792,Product_8792_1,clothing,446.50888966390175,325.6127909934253,inactive,2024-12-12
18793,Product_8793_1,home,302.3431393606511,137.9625598362539,active,2024-10-05
18794,Product_8794_1,sports,225.42402022974323,293.09545121225506,active,2024-10-17
18795,Product_8795_1,electronics,452.5494620704411,166.16210511593928,pending,2024-05-11
18796,Product_8796_1,books,463.0891695949292,387.18466314274303,pending,2024-12-25
18797,Product_8797_1,home,761.5285725212107,416.75872200156056,archived,2024-10-17
18798,Product_8798_1,sports,181.7241028043332,479.4961103114666,archived,2024-03-12
18799,Product_8799_1,home,343.23522089111884,406.73937685307214,inactive,2024-11-09
18800,Product_8800_1,electronics,833.6467228755176,458.0079932733901,archived,2024-06-07
18801,Product_8801_1,sports,341.1308053375462,433.3350424656245,pending,2024-10-21
18802,Product_8802_1,sports,621.8498704508572,73.02604190917762,archived,2024-03-22
18803,Product_8803_1,electronics,432.05817293247975,181.9948828887898,pending,2024-08-07
18804,Product_8804_1,clothing,681.8904226858622,234.1257244236135,pending,2024-07-07
18805,Product_8805_1,clothing,730.9570822945374,335.348667587511,inactive,2024-06-12
18806,Product_8806_1,electronics,881.5048744276045,498.8043131485009,archived,2024-03-19
18807,Product_8807_1,sports,400.23055242111946,295.84670807902353,active,2024-06-09
18808,Product_8808_1,sports,719.1070529381554,187.4749394236387,pending,2024-06-09
18809,Product_8809_1,books,480.0398989169666,194.57362606355133,pending,2024-01-12
18810,Product_8810_1,books,479.5411846154754,444.3970937161304,archived,2024-11-21
18811,Product_8811_1,books,313.7553817864773,309.978892829767,inactive,2024-10-13
18812,Product_8812_1,sports,877.1044317752653,127.34598669822167,inactive,2024-02-04
18813,Product_8813_1,home,506.6384647580712,450.3566221952212,active,2024-10-15
18814,Product_8814_1,books,940.9508126541685,245.40741096013699,inactive,2024-10-15
18815,Product_8815_1,books,692.0236951155932,426.3631181519361,active,2024-04-12
18816,Product_8816_1,home,150.95615027159914,30.440137083773536,active,2024-06-14
18817,Product_8817_1,clothing,915.5693145709471,179.18452686619477,active,2024-04-28
18818,Product_8818_1,books,704.9211060519651,289.8210007355499,active,2024-12-23
18819,Product_8819_1,sports,790.7586180297034,205.03759657004528,pending,2024-12-28
18820,Product_8820_1,electronics,493.37375308186165,51.13241277142724,archived,2024-06-09
18821,Product_8821_1,sports,842.2160552654896,405.8161887405784,pending,2024-02-25
18822,Product_8822_1,home,738.5872279267684,243.22794845272196,archived,2024-09-26
18823,Product_8823_1,books,794.5043662436273,291.17718640175485,pending,2024-05-06
18824,Product_8824_1,sports,989.1241600378175,384.8481064055604,inactive,2024-03-02
18825,Product_8825_1,electronics,532.2076427615997,279.29647814616186,inactive,2024-04-27
18826,Product_8826_1,sports,114.11557415476503,176.52340553442744,active,2024-05-10
18827,Product_8827_1,books,553.8583516636584,359.6347156030095,active,2024-01-17
18828,Product_8828_1,electronics,332.9735306822691,273.99586837193306,inactive,2024-06-09
18829,Product_8829_1,clothing,824.4162967087278,475.49760949817625,active,2024-03-07
18830,Product_8830_1,books,748.2084539253418,42.74419887797101,pending,2024-01-16
18831,Product_8831_1,electronics,983.0112871991358,29.148760705086133,inactive,2024-04-24
18832,Product_8832_1,electronics,335.37545060550207,202.81896772760192,archived,2024-12-14
18833,Product_8833_1,sports,951.5117477083616,420.34311587700773,pending,2024-04-06
18834,Product_8834_1,clothing,728.3128602053258,65.19124667415105,inactive,2024-04-07
18835,Product_8835_1,clothing,248.65644615437026,98.99402888635844,inactive,2024-06-04
18836,Product_8836_1,books,561.1045955159105,107.23089196913689,active,2024-06-16
18837,Product_8837_1,electronics,988.5944083718323,241.66388301085013,active,2024-07-22
18838,Product_8838_1,books,425.96128264322425,12.493744188303292,archived,2024-12-25
18839,Product_8839_1,electronics,847.2374843758765,31.60596057469724,active,2024-10-02
18840,Product_8840_1,clothing,980.7262765460281,210.8723904162765,archived,2024-09-27
18841,Product_8841_1,sports,301.40999050097975,97.95161387496302,active,2024-02-25
18842,Product_8842_1,electronics,42.49291699396716,197.83027381525682,pending,2024-12-28
18843,Product_8843_1,clothing,563.2652454559435,409.4930470583126,pending,2024-12-10
18844,Product_8844_1,sports,712.6670679374809,283.3281342215847,pending,2024-07-25
18845,Product_8845_1,sports,63.76787202675983,62.4853926839661,archived,2024-02-23
18846,Product_8846_1,books,216.1244513097496,90.66789367096314,active,2024-10-08
18847,Product_8847_1,clothing,938.3092643992518,201.8772399018285,archived,2024-08-20
18848,Product_8848_1,electronics,837.9824380693339,205.95527631692354,inactive,2024-04-03
18849,Product_8849_1,home,561.7833949607469,109.12025638114446,pending,2024-03-23
18850,Product_8850_1,electronics,225.3527940090957,107.65531594474774,inactive,2024-04-02
18851,Product_8851_1,books,504.05385485833887,295.56858719991476,archived,2024-03-25
18852,Product_8852_1,sports,496.26654135153086,322.03077570623435,archived,2024-10-02
18853,Product_8853_1,books,308.9247455284803,19.963499378831322,archived,2024-07-19
18854,Product_8854_1,clothing,518.8293162220774,118.45763979521672,active,2024-10-02
18855,Product_8855_1,electronics,298.5313152024842,101.7697153017792,pending,2024-08-23
18856,Product_8856_1,books,98.55577844675932,450.72417167869736,inactive,2024-08-10
18857,Product_8857_1,electronics,365.86216205739703,149.6503306757142,active,2024-03-21
18858,Product_8858_1,home,530.2965739724119,253.8417956318176,archived,2024-06-28
18859,Product_8859_1,clothing,956.8987092288239,284.82004219388705,active,2024-05-26
18860,Product_8860_1,electronics,269.023762776283,411.12801003824427,pending,2024-06-25
18861,Product_8861_1,electronics,964.6145594188569,387.77155585989806,inactive,2024-05-23
18862,Product_8862_1,electronics,492.7908555740553,85.5619013242706,active,2024-03-18
18863,Product_8863_1,electronics,540.755694819895,375.2027724028107,active,2024-11-26
18864,Product_8864_1,home,46.43157086882027,125.08699593054473,archived,2024-05-07
18865,Product_8865_1,clothing,612.3491457951344,448.6206954315446,inactive,2024-07-27
18866,Product_8866_1,clothing,446.57686884202866,169.02681662990622,inactive,2024-05-15
18867,Product_8867_1,electronics,435.0686157779627,71.78721190651896,active,2024-10-20
18868,Product_8868_1,books,293.34893915768805,483.461039277661,archived,2024-07-04
18869,Product_8869_1,books,178.9813954532028,312.8799496961262,pending,2024-08-18
18870,Product_8870_1,sports,889.2867766502146,475.7343242778142,inactive,2024-11-04
18871,Product_8871_1,electronics,717.3772682956455,200.8002291850723,pending,2024-01-24
18872,Product_8872_1,home,632.8520194038086,499.5759490567968,archived,2024-12-24
18873,Product_8873_1,clothing,766.901886368486,426.6905673737242,active,2024-11-08
18874,Product_8874_1,clothing,473.3122459190659,387.50407562538027,inactive,2024-09-15
18875,Product_8875_1,electronics,277.4188764017385,163.24964591713697,archived,2024-01-05
18876,Product_8876_1,sports,845.3326989611593,200.55848311833833,archived,2024-04-20
18877,Product_8877_1,sports,492.01428435018937,491.7251489107428,archived,2024-08-22
18878,Product_8878_1,sports,427.9303646192657,332.3774626028894,archived,2024-01-04
18879,Product_8879_1,home,151.10235499388514,272.2128995828192,inactive,2024-03-06
18880,Product_8880_1,sports,428.13305360620626,72.0648916602672,active,2024-03-23
18881,Product_8881_1,home,662.5858819523554,168.03846613360042,archived,2024-07-24
18882,Product_8882_1,sports,912.3213561624699,175.34018448266514,pending,2024-03-15
18883,Product_8883_1,sports,593.8040662107567,327.9240941251659,inactive,2024-05-04
18884,Product_8884_1,electronics,953.795056409863,407.9415075191932,pending,2024-01-25
18885,Product_8885_1,sports,924.301998692266,115.63094859154081,pending,2024-10-16
18886,Product_8886_1,books,777.4677834306856,368.07821759915544,active,2024-05-17
18887,Product_8887_1,sports,54.82752422556539,21.2256193432241,active,2024-07-21
18888,Product_8888_1,electronics,561.7067662589625,280.2553629314662,inactive,2024-02-11
18889,Product_8889_1,books,513.6568238489439,133.20311958947235,archived,2024-06-07
18890,Product_8890_1,books,157.90308890725862,15.001836080142184,active,2024-03-08
18891,Product_8891_1,books,881.8865780044734,454.65304663013393,archived,2024-10-02
18892,Product_8892_1,clothing,30.670145802601763,152.19734692984338,archived,2024-06-20
18893,Product_8893_1,clothing,155.70156966690809,162.64916053556877,inactive,2024-09-12
18894,Product_8894_1,clothing,471.85583611590494,376.9108607865966,active,2024-04-10
18895,Product_8895_1,home,558.7249134557288,458.0406566890628,active,2024-12-23
18896,Product_8896_1,electronics,958.8815227000673,494.189958435602,inactive,2024-03-03
18897,Product_8897_1,sports,553.2220833688297,192.76803673788316,archived,2024-03-25
18898,Product_8898_1,home,468.45182053699665,252.14320820442478,active,2024-01-17
18899,Product_8899_1,sports,619.9125926409567,393.4512197701038,inactive,2024-07-11
18900,Product_8900_1,sports,986.7630747177674,320.05965093557904,inactive,2024-03-25
18901,Product_8901_1,electronics,634.8749227824288,393.15914600278046,archived,2024-10-05
18902,Product_8902_1,electronics,56.21786896970196,436.9858120351887,pending,2024-02-21
18903,Product_8903_1,sports,900.5989812274908,23.710458903084394,archived,2024-02-11
18904,Product_8904_1,home,567.1942796388437,218.97462680483613,inactive,2024-04-22
18905,Product_8905_1,clothing,400.56236583050605,408.92816471039345,active,2024-08-01
18906,Product_8906_1,sports,438.8908491468515,187.08388141363628,active,2024-08-22
18907,Product_8907_1,clothing,75.77412161903364,467.6541235982121,pending,2024-11-05
18908,Product_8908_1,clothing,561.2717557317444,23.651192704437968,active,2024-08-23
18909,Product_8909_1,electronics,365.46523856805084,154.91078969119525,archived,2024-09-22
18910,Product_8910_1,electronics,214.20269952236046,191.4210310081987,inactive,2024-04-13
18911,Product_8911_1,sports,791.3469673557131,347.5761971633121,archived,2024-08-27
18912,Product_8912_1,clothing,596.1901666030133,69.33023928827632,active,2024-01-04
18913,Product_8913_1,electronics,546.1340394372407,426.6653413617988,active,2024-12-14
18914,Product_8914_1,sports,747.3547595994445,20.23166785648904,inactive,2024-10-26
18915,Product_8915_1,clothing,707.3837930754437,46.57140739001544,pending,2024-09-11
18916,Product_8916_1,sports,112.23069562949472,211.9095681505841,inactive,2024-12-12
18917,Product_8917_1,home,123.51825670830443,298.7519242621852,pending,2024-07-28
18918,Product_8918_1,home,320.9836792506427,201.8670467455883,archived,2024-10-09
18919,Product_8919_1,clothing,304.76466869329045,159.9914300499094,archived,2024-03-28
18920,Product_8920_1,sports,885.6905320751492,160.30180313852443,inactive,2024-08-26
18921,Product_8921_1,clothing,118.48214569565765,167.59631449491496,active,2024-11-20
18922,Product_8922_1,books,212.3076407976165,266.17055385195664,pending,2024-07-13
18923,Product_8923_1,electronics,74.53254890290036,326.3752543127272,archived,2024-08-04
18924,Product_8924_1,books,20.5881802052052,294.7204364453294,archived,2024-12-20
18925,Product_8925_1,clothing,994.0252971197874,394.0158723645218,active,2024-08-10
18926,Product_8926_1,clothing,157.50660876137138,214.8240309152397,archived,2024-07-16
18927,Product_8927_1,sports,942.3957470581349,242.00339721775282,inactive,2024-04-18
18928,Product_8928_1,clothing,323.2528128246,363.99917417096754,archived,2024-02-22
18929,Product_8929_1,sports,267.74452902231627,280.35825362760335,pending,2024-12-11
18930,Product_8930_1,electronics,849.8087029334076,475.80543544630365,inactive,2024-03-03
18931,Product_8931_1,home,480.40401479423355,169.69296418764478,inactive,2024-10-28
18932,Product_8932_1,sports,286.27635421843036,35.78083316066566,inactive,2024-12-26
18933,Product_8933_1,home,594.853692376706,215.99015243452982,active,2024-03-16
18934,Product_8934_1,electronics,289.3868710089441,428.5037562760497,pending,2024-02-11
18935,Product_8935_1,home,30.127670797716434,171.58291605858338,inactive,2024-07-20
18936,Product_8936_1,electronics,266.53268317389995,270.8812003600897,archived,2024-12-15
18937,Product_8937_1,sports,205.5765451574729,431.5247011399526,archived,2024-10-13
18938,Product_8938_1,clothing,430.92453623537557,379.7815394302135,inactive,2024-06-07
18939,Product_8939_1,books,732.9521344654585,85.14901917812848,active,2024-10-27
18940,Product_8940_1,home,40.81315111530829,214.82807906673443,active,2024-02-28
18941,Product_8941_1,electronics,394.07191818467135,44.113042612332116,pending,2024-08-16
18942,Product_8942_1,books,753.2156384390535,354.59250173321414,active,2024-05-23
18943,Product_8943_1,electronics,85.32050979150549,148.9036000272874,pending,2024-04-07
18944,Product_8944_1,clothing,64.54532505870736,271.4370515573048,active,2024-12-05
18945,Product_8945_1,clothing,980.4910189894313,12.644417981215085,pending,2024-11-25
18946,Product_8946_1,books,362.5628771308668,87.79484681195385,pending,2024-11-28
18947,Product_8947_1,sports,194.80143291651663,136.29981470682233,archived,2024-09-18
18948,Product_8948_1,sports,648.5701120621916,292.6986382146262,active,2024-09-09
18949,Product_8949_1,electronics,595.2863400882443,276.56562326354333,inactive,2024-05-03
18950,Product_8950_1,sports,620.4976940137678,119.51360802376877,pending,2024-06-19
18951,Product_8951_1,sports,447.99918799099225,491.37430430491906,active,2024-06-16
18952,Product_8952_1,books,295.5350604494529,241.07459703633273,inactive,2024-04-15
18953,Product_8953_1,sports,960.4526477389265,384.7951325081082,active,2024-12-01
18954,Product_8954_1,home,251.18125117389323,195.50612090740628,inactive,2024-03-13
18955,Product_8955_1,home,710.4753917819636,72.78183555987175,active,2024-03-17
18956,Product_8956_1,home,859.7515580314763,274.1772427095912,archived,2024-09-23
18957,Product_8957_1,home,810.247758331946,486.6345023210392,active,2024-08-03
18958,Product_8958_1,electronics,720.3184882969626,215.07448801959782,active,2024-03-17
18959,Product_8959_1,books,55.53016537744933,180.5092294828158,inactive,2024-08-28
18960,Product_8960_1,clothing,616.1048488206168,364.629795932386,archived,2024-03-07
18961,Product_8961_1,sports,448.64498443311857,251.50259662851522,inactive,2024-10-01
18962,Product_8962_1,books,859.6741878776976,196.06460908168887,archived,2024-06-06
18963,Product_8963_1,home,111.51446683602173,366.52764126358596,archived,2024-03-25
18964,Product_8964_1,clothing,297.86214154940484,264.92894622287304,active,2024-02-28
18965,Product_8965_1,electronics,192.36977885715493,168.44916768373787,active,2024-11-24
18966,Product_8966_1,electronics,391.0006659610957,310.5880964463286,pending,2024-03-07
18967,Product_8967_1,electronics,131.32867466496208,344.8162748755303,archived,2024-03-03
18968,Product_8968_1,clothing,736.7620821529985,169.26660117768316,pending,2024-03-06
18969,Product_8969_1,sports,265.45503602207384,277.9816167170465,archived,2024-11-04
18970,Product_8970_1,home,574.8315289147808,352.291897546225,active,2024-12-17
18971,Product_8971_1,electronics,572.5069499508247,431.37194273246183,active,2024-05-02
18972,Product_8972_1,electronics,759.6183520272854,353.02636474653883,archived,2024-08-15
18973,Product_8973_1,books,792.9536599860228,289.2137177979923,active,2024-05-03
18974,Product_8974_1,electronics,156.51701997010076,148.54498624086486,inactive,2024-02-06
18975,Product_8975_1,books,632.9841656802837,149.8214325328286,inactive,2024-05-13
18976,Product_8976_1,clothing,502.07019269400814,69.99053193028891,archived,2024-11-04
18977,Product_8977_1,electronics,815.6374026407516,228.25405096609222,active,2024-01-23
18978,Product_8978_1,electronics,890.184672608091,199.8482495659758,inactive,2024-03-23
18979,Product_8979_1,clothing,145.1276715928245,334.265079601298,archived,2024-07-22
18980,Product_8980_1,books,12.655919927939259,291.51239889992996,active,2024-10-28
18981,Product_8981_1,books,370.5558053896091,276.3425795857592,active,2024-07-21
18982,Product_8982_1,sports,814.5875457136779,71.31724896071961,inactive,2024-05-17
18983,Product_8983_1,sports,772.2597271872331,279.2644845856408,active,2024-06-22
18984,Product_8984_1,electronics,48.77117983897878,477.26343886585244,pending,2024-11-07
18985,Product_8985_1,home,454.95523929678103,326.6693121682202,active,2024-01-20
18986,Product_8986_1,electronics,896.672210616685,35.376725684475296,inactive,2024-02-02
18987,Product_8987_1,books,568.4683661279051,345.4457797290814,inactive,2024-12-22
18988,Product_8988_1,sports,413.01202332084495,148.09606041098093,inactive,2024-02-12
18989,Product_8989_1,sports,979.385963914418,382.0557049781456,inactive,2024-01-20
18990,Product_8990_1,books,531.7164629725548,467.0901349235631,active,2024-02-26
18991,Product_8991_1,clothing,165.62734976036882,399.03512456414404,archived,2024-11-10
18992,Product_8992_1,sports,320.8563526179545,182.49489689190833,active,2024-10-16
18993,Product_8993_1,books,360.98406682644963,250.8929512830406,inactive,2024-02-05
18994,Product_8994_1,books,235.45276178615515,116.59096390544485,inactive,2024-02-21
18995,Product_8995_1,clothing,727.2062260336271,426.8712361203469,active,2024-11-13
18996,Product_8996_1,clothing,496.2086287091824,422.8531392880762,archived,2024-09-15
18997,Product_8997_1,books,348.6266550563535,234.41412366851074,inactive,2024-11-18
18998,Product_8998_1,electronics,790.2738988681999,429.24249804465217,active,2024-08-20
18999,Product_8999_1,home,958.3448496717168,245.93889462580043,active,2024-02-03
19000,Product_9000_1,home,901.1925660830328,149.6549246399278,active,2024-07-15
19001,Product_9001_1,clothing,423.3589621341947,446.6652822113122,pending,2024-08-11
19002,Product_9002_1,clothing,943.1979533819591,57.4733977945745,pending,2024-03-10
19003,Product_9003_1,books,373.54745644892546,91.00175850490021,inactive,2024-02-20
19004,Product_9004_1,sports,705.4246804806972,229.7605893897187,inactive,2024-09-08
19005,Product_9005_1,home,438.73035068855944,145.53767843576716,inactive,2024-01-06
19006,Product_9006_1,sports,640.2385872790175,474.3248506447752,inactive,2024-07-28
19007,Product_9007_1,clothing,148.35405044231516,469.28419455526443,pending,2024-04-10
19008,Product_9008_1,electronics,512.8043480010269,153.19441423239823,archived,2024-08-16
19009,Product_9009_1,sports,81.63032704145041,413.13547949940573,archived,2024-01-22
19010,Product_9010_1,sports,287.2845908437754,280.5524155752198,active,2024-12-25
19011,Product_9011_1,sports,45.32036552502758,397.80662219612384,archived,2024-01-24
19012,Product_9012_1,books,79.53743377544144,218.67537264245345,pending,2024-01-24
19013,Product_9013_1,electronics,321.8300098026044,145.93243559031578,inactive,2024-11-21
19014,Product_9014_1,sports,126.12540169105677,451.7216039087045,active,2024-11-06
19015,Product_9015_1,books,693.4724823300655,409.35803095632764,archived,2024-09-12
19016,Product_9016_1,clothing,365.39801734714166,230.70321464310342,pending,2024-12-26
19017,Product_9017_1,electronics,37.76633185717187,224.28580152212388,pending,2024-12-28
19018,Product_9018_1,books,86.29858667807987,26.375081843384415,pending,2024-08-16
19019,Product_9019_1,home,2.9800161291963683,300.0572699223047,archived,2024-11-13
19020,Product_9020_1,electronics,15.138467150415153,187.9499224611721,inactive,2024-03-19
19021,Product_9021_1,electronics,310.47168898076586,379.53552061045,pending,2024-05-14
19022,Product_9022_1,clothing,870.8396593880158,242.2775472077645,inactive,2024-11-17
19023,Product_9023_1,books,58.58344858652199,488.92570481683333,active,2024-08-25
19024,Product_9024_1,home,275.5962734300015,126.82623768869033,archived,2024-07-22
19025,Product_9025_1,books,46.55698007156879,371.7080693672819,inactive,2024-10-07
19026,Product_9026_1,books,54.500411327086056,404.13983751535346,active,2024-06-04
19027,Product_9027_1,clothing,148.3087171964517,52.41522356445237,archived,2024-04-20
19028,Product_9028_1,electronics,59.2967814753689,168.71506034138662,pending,2024-07-25
19029,Product_9029_1,home,380.70108333934405,25.963768173063066,active,2024-01-06
19030,Product_9030_1,sports,457.0460046815009,402.4401888273826,active,2024-06-24
19031,Product_9031_1,books,806.0900311940637,96.46850197927789,archived,2024-01-08
19032,Product_9032_1,electronics,237.5974635784555,469.30281501537746,archived,2024-01-26
19033,Product_9033_1,books,931.3332060950023,22.897064656326044,pending,2024-07-09
19034,Product_9034_1,sports,422.5082273973496,307.8151696252006,inactive,2024-03-16
19035,Product_9035_1,books,954.264802637386,347.3415620107676,pending,2024-12-14
19036,Product_9036_1,home,891.4728709657267,384.71934450445116,pending,2024-12-08
19037,Product_9037_1,electronics,291.5087142499206,297.79168170386407,inactive,2024-10-08
19038,Product_9038_1,sports,585.6383950738561,284.94419561473387,archived,2024-05-09
19039,Product_9039_1,home,81.03536333485465,115.11846441516009,archived,2024-11-10
19040,Product_9040_1,electronics,138.57485081874975,149.9614512028774,pending,2024-01-03
19041,Product_9041_1,home,730.4096274974336,474.84565300283543,inactive,2024-06-19
19042,Product_9042_1,home,392.3155790919369,333.1467247290969,inactive,2024-06-04
19043,Product_9043_1,clothing,81.318633944773,43.15963035689469,pending,2024-02-19
19044,Product_9044_1,books,990.5588041733517,194.30091566030805,inactive,2024-04-07
19045,Product_9045_1,sports,363.7791981092925,284.2113797213943,archived,2024-12-19
19046,Product_9046_1,home,906.103629418275,34.78039704796345,archived,2024-05-11
19047,Product_9047_1,books,174.69788311240563,28.93603391468265,archived,2024-04-04
19048,Product_9048_1,home,288.5957228823729,49.12923435444877,archived,2024-04-01
19049,Product_9049_1,clothing,875.2124878936729,362.99835858322894,pending,2024-04-23
19050,Product_9050_1,home,383.9567549769778,153.2065124541644,inactive,2024-01-21
19051,Product_9051_1,electronics,337.45443538971574,437.0649173413863,archived,2024-03-04
19052,Product_9052_1,clothing,157.44875161463477,183.47755579067638,archived,2024-09-16
19053,Product_9053_1,books,362.90374938953295,182.98971484799725,pending,2024-10-22
19054,Product_9054_1,books,639.6546531122152,411.8691683061039,active,2024-06-08
19055,Product_9055_1,sports,123.58987235604704,74.48535437596887,inactive,2024-08-16
19056,Product_9056_1,electronics,592.130020540067,496.25163585874964,inactive,2024-02-18
19057,Product_9057_1,clothing,421.7861052851498,22.799503515743304,inactive,2024-11-16
19058,Product_9058_1,electronics,636.555358949013,403.9281093274913,archived,2024-06-09
19059,Product_9059_1,home,396.3681969715583,306.40994052171146,archived,2024-01-25
19060,Product_9060_1,home,23.55873157879927,489.0713408919176,active,2024-05-15
19061,Product_9061_1,electronics,764.5769365607187,181.90958470708355,archived,2024-08-06
19062,Product_9062_1,home,490.61028963454237,339.56004223161517,archived,2024-06-26
19063,Product_9063_1,electronics,216.37446905685866,88.30571867901058,inactive,2024-08-20
19064,Product_9064_1,sports,144.03932774189286,63.5347304702673,inactive,2024-05-14
19065,Product_9065_1,sports,881.4204266909944,61.180767814926746,inactive,2024-08-09
19066,Product_9066_1,books,586.545573486114,139.9671585873728,pending,2024-01-23
19067,Product_9067_1,books,240.93376826692057,231.67887415842998,inactive,2024-09-15
19068,Product_9068_1,clothing,512.8367996980447,58.888464703784884,inactive,2024-10-14
19069,Product_9069_1,sports,132.35325471292023,192.50128355775237,active,2024-03-17
19070,Product_9070_1,books,796.4747957953772,255.65008623071566,active,2024-09-12
19071,Product_9071_1,clothing,922.1687980459471,495.9584128168478,archived,2024-01-08
19072,Product_9072_1,clothing,736.9296183790077,451.8655223718907,pending,2024-10-05
19073,Product_9073_1,sports,195.3297027254495,122.20127433564417,inactive,2024-09-15
19074,Product_9074_1,clothing,608.7563986490044,403.71498334824133,active,2024-12-28
19075,Product_9075_1,clothing,780.0971921688782,72.40658634186165,active,2024-03-08
19076,Product_9076_1,sports,148.93729119563037,36.903882882513685,active,2024-10-24
19077,Product_9077_1,electronics,539.3985297715327,204.7536059631117,inactive,2024-11-09
19078,Product_9078_1,clothing,71.17591475940976,148.29638679116147,pending,2024-09-04
19079,Product_9079_1,electronics,511.529248080058,129.44568847490132,archived,2024-01-28
19080,Product_9080_1,clothing,919.7875997244349,417.7003318310848,inactive,2024-07-03
19081,Product_9081_1,books,679.7940982092998,59.971763368151045,pending,2024-04-25
19082,Product_9082_1,books,65.73666140795117,396.9730358266139,active,2024-04-25
19083,Product_9083_1,sports,774.9745648932623,361.4212575655568,archived,2024-03-27
19084,Product_9084_1,electronics,562.3259859163937,446.41569478392495,active,2024-10-14
19085,Product_9085_1,clothing,714.1642371089412,337.9912699718875,archived,2024-06-14
19086,Product_9086_1,electronics,529.2443299842952,322.18419920921,inactive,2024-07-16
19087,Product_9087_1,books,913.1763129947582,423.52413638243746,active,2024-08-24
19088,Product_9088_1,electronics,825.3585412263717,202.50850263890464,pending,2024-05-03
19089,Product_9089_1,electronics,513.4399553635106,120.68557854431857,pending,2024-11-05
19090,Product_9090_1,sports,760.0615182735203,90.01942427658585,pending,2024-06-08
19091,Product_9091_1,sports,456.1923829877077,395.08540678014845,archived,2024-03-07
19092,Product_9092_1,electronics,822.0030558998561,24.910976916955285,inactive,2024-11-13
19093,Product_9093_1,home,179.99835553910825,76.28635849779305,archived,2024-03-11
19094,Product_9094_1,clothing,186.77796898521626,45.16628154768276,inactive,2024-07-12
19095,Product_9095_1,home,124.54082347023066,341.73031625058445,active,2024-08-03
19096,Product_9096_1,electronics,31.093152555627228,359.18356531897524,active,2024-04-03
19097,Product_9097_1,electronics,680.435249579369,140.92759273688688,inactive,2024-04-16
19098,Product_9098_1,clothing,651.098212524882,345.85447626934223,pending,2024-02-24
19099,Product_9099_1,sports,465.88544795654275,410.85759571835564,inactive,2024-06-20
19100,Product_9100_1,clothing,212.54665141472896,246.421938482394,inactive,2024-03-28
19101,Product_9101_1,clothing,670.2801301828596,50.65357195322724,archived,2024-10-21
19102,Product_9102_1,electronics,698.044091766249,445.5654787772483,archived,2024-09-19
19103,Product_9103_1,clothing,912.9262626998353,19.718218940182723,pending,2024-09-09
19104,Product_9104_1,sports,995.6708357223301,53.80243213845881,pending,2024-07-08
19105,Product_9105_1,electronics,370.10394518918014,276.03967419869304,pending,2024-07-11
19106,Product_9106_1,books,657.2839186096732,298.0778560491697,archived,2024-09-19
19107,Product_9107_1,clothing,612.9370616615346,458.5642991209712,inactive,2024-01-23
19108,Product_9108_1,electronics,799.0164842625221,311.21221221055663,archived,2024-09-11
19109,Product_9109_1,electronics,580.7207793461331,388.4277527794029,archived,2024-07-17
19110,Product_9110_1,books,815.4857530026088,89.1013938453506,inactive,2024-03-07
19111,Product_9111_1,clothing,50.547161310221604,443.1044704068197,archived,2024-02-04
19112,Product_9112_1,sports,835.1373938949729,29.11277485037398,inactive,2024-11-28
19113,Product_9113_1,clothing,89.04795588018762,420.61759155368395,inactive,2024-05-04
19114,Product_9114_1,home,974.2728174737977,33.668854912125866,pending,2024-10-08
19115,Product_9115_1,home,597.5320051039484,260.0613749262436,inactive,2024-10-23
19116,Product_9116_1,books,753.8561389418395,80.68811591438126,pending,2024-04-07
19117,Product_9117_1,clothing,345.32748039580656,283.20573935733444,archived,2024-11-12
19118,Product_9118_1,clothing,217.67517612340617,68.47281994390164,active,2024-04-17
19119,Product_9119_1,electronics,473.9008489510502,318.25857603997946,inactive,2024-06-06
19120,Product_9120_1,sports,312.87980234317826,373.99460084303104,active,2024-06-28
19121,Product_9121_1,books,172.7725501559654,87.8214046502905,archived,2024-08-16
19122,Product_9122_1,sports,320.04793803278307,173.4041892802711,pending,2024-03-13
19123,Product_9123_1,books,743.0830788331658,249.55810799432626,inactive,2024-08-20
19124,Product_9124_1,home,636.5209661365529,121.58989145184479,pending,2024-09-05
19125,Product_9125_1,books,733.2847471437435,190.13456843325153,pending,2024-09-14
19126,Product_9126_1,clothing,846.6671526017606,472.9169574375072,pending,2024-04-24
19127,Product_9127_1,electronics,560.4108727520111,379.2180343898333,active,2024-12-19
19128,Product_9128_1,electronics,519.6135403201056,201.37684205188734,inactive,2024-10-07
19129,Product_9129_1,books,154.28935212269064,284.0172985063787,archived,2024-05-09
19130,Product_9130_1,clothing,599.6834000486725,20.782261732416632,archived,2024-11-11
19131,Product_9131_1,clothing,901.1884813624619,248.42692137379098,pending,2024-06-24
19132,Product_9132_1,home,330.7739646399558,41.38633524409808,inactive,2024-11-13
19133,Product_9133_1,sports,163.77846064749167,421.50737016937757,archived,2024-04-18
19134,Product_9134_1,electronics,652.2324826407554,361.03312925574085,inactive,2024-11-09
19135,Product_9135_1,clothing,675.0688890426987,187.10335454369044,active,2024-01-10
19136,Product_9136_1,books,168.02086479127018,248.3126102282915,pending,2024-01-25
19137,Product_9137_1,clothing,337.1008597254335,130.25017915689784,archived,2024-11-22
19138,Product_9138_1,electronics,767.8552071771613,351.5869853276353,archived,2024-09-10
19139,Product_9139_1,sports,965.1914469457009,150.94771264076527,inactive,2024-08-18
19140,Product_9140_1,electronics,367.58951013098283,321.88628318040577,archived,2024-10-27
19141,Product_9141_1,electronics,252.31005088746815,483.42571449355273,archived,2024-04-04
19142,Product_9142_1,electronics,553.5218332703498,260.4362461608989,archived,2024-11-10
19143,Product_9143_1,sports,870.7212138552279,445.9867342529326,archived,2024-02-11
19144,Product_9144_1,sports,361.0980887136226,93.45317737993878,active,2024-12-12
19145,Product_9145_1,home,61.013486928618505,366.7844299168324,pending,2024-03-22
19146,Product_9146_1,books,469.858119580355,62.88100016222836,inactive,2024-05-25
19147,Product_9147_1,home,583.3570081004982,36.75397251842181,active,2024-10-28
19148,Product_9148_1,electronics,687.6096832153801,119.29259701845561,active,2024-08-07
19149,Product_9149_1,clothing,792.2369863452095,136.60443766551515,pending,2024-07-11
19150,Product_9150_1,books,951.4736672319893,406.3868391504056,archived,2024-08-27
19151,Product_9151_1,electronics,862.7715197140204,63.26635327767853,archived,2024-02-28
19152,Product_9152_1,sports,341.3486923367495,242.232300559872,inactive,2024-12-21
19153,Product_9153_1,books,232.19860201482297,388.312246504253,pending,2024-03-07
19154,Product_9154_1,sports,207.1176122529359,330.9627658168725,archived,2024-09-09
19155,Product_9155_1,electronics,243.34216188663908,398.95917779123886,pending,2024-07-02
19156,Product_9156_1,books,230.79720406304222,456.3010653455236,active,2024-09-16
19157,Product_9157_1,clothing,659.4477676226137,470.31115469246686,pending,2024-06-08
19158,Product_9158_1,home,209.36870378713553,36.11587974600533,active,2024-11-20
19159,Product_9159_1,electronics,685.9298725772454,206.0436273601935,archived,2024-02-07
19160,Product_9160_1,electronics,712.8006251067602,449.5317473732387,archived,2024-04-19
19161,Product_9161_1,electronics,961.6283877538967,272.8830019541177,archived,2024-07-02
19162,Product_9162_1,clothing,706.0348726500692,84.33023715250695,archived,2024-01-16
19163,Product_9163_1,clothing,601.2612701842022,118.03444392634596,archived,2024-09-06
19164,Product_9164_1,books,866.9935488763252,159.9850629568618,pending,2024-09-07
19165,Product_9165_1,electronics,190.9157406911815,348.83692414084015,active,2024-11-12
19166,Product_9166_1,electronics,512.3894691306157,114.5498000821518,pending,2024-07-04
19167,Product_9167_1,electronics,414.75116536039485,59.37094983028972,inactive,2024-03-28
19168,Product_9168_1,books,118.78923163780651,170.1664929972452,pending,2024-09-18
19169,Product_9169_1,books,30.308442796734976,136.9154504084999,archived,2024-03-07
19170,Product_9170_1,electronics,654.241353532582,257.48173898126794,active,2024-11-13
19171,Product_9171_1,clothing,631.7231986565491,39.82061592738797,active,2024-07-25
19172,Product_9172_1,sports,171.22116468331703,169.5733654794017,inactive,2024-07-25
19173,Product_9173_1,sports,5.5656153460756554,55.87050058791312,inactive,2024-02-24
19174,Product_9174_1,books,767.022563961342,482.55222113915505,active,2024-08-09
19175,Product_9175_1,home,551.8977785400416,375.44777831130557,inactive,2024-03-02
19176,Product_9176_1,sports,111.67403494270056,58.06219227096481,pending,2024-12-18
19177,Product_9177_1,books,147.93030230740158,303.9410368172999,pending,2024-07-07
19178,Product_9178_1,sports,78.64606217465696,396.6795797264419,inactive,2024-12-04
19179,Product_9179_1,electronics,204.15000107410256,136.53091511304842,inactive,2024-05-14
19180,Product_9180_1,books,999.417049723344,312.85734928462114,pending,2024-06-25
19181,Product_9181_1,clothing,881.407984248764,240.26695115647607,active,2024-04-04
19182,Product_9182_1,clothing,797.8778871854399,444.42386152521846,pending,2024-04-04
19183,Product_9183_1,home,719.9337301596635,378.3008748540071,pending,2024-12-11
19184,Product_9184_1,sports,443.2278722635167,391.7278180047796,active,2024-10-21
19185,Product_9185_1,home,85.60475474041473,156.27866417825157,archived,2024-07-21
19186,Product_9186_1,books,519.8881148057739,432.7942842009534,active,2024-08-19
19187,Product_9187_1,home,515.6001859131603,356.92615342783574,inactive,2024-07-09
19188,Product_9188_1,sports,893.6740781979858,287.81919111400384,archived,2024-01-01
19189,Product_9189_1,sports,887.2417397247984,13.759467373838874,active,2024-09-22
19190,Product_9190_1,sports,564.895445872222,342.28119404011994,active,2024-10-09
19191,Product_9191_1,sports,695.0275906817886,403.01443837045866,pending,2024-12-27
19192,Product_9192_1,electronics,814.7654582038664,235.84563654083593,pending,2024-07-10
19193,Product_9193_1,electronics,983.1867804727387,170.94817212497438,active,2024-04-07
19194,Product_9194_1,sports,3.6695690259442277,464.3268672719667,archived,2024-01-07
19195,Product_9195_1,sports,976.4899432701279,55.55970272747547,archived,2024-07-05
19196,Product_9196_1,books,536.1232733012162,178.57703736868817,archived,2024-12-16
19197,Product_9197_1,sports,682.2502024480245,83.67201764474338,active,2024-09-17
19198,Product_9198_1,electronics,483.5233182626888,497.65759930463645,active,2024-06-28
19199,Product_9199_1,books,924.8528407620663,201.95630473989178,pending,2024-11-25
19200,Product_9200_1,books,565.2892181904198,81.35128284068237,pending,2024-10-23
19201,Product_9201_1,electronics,454.68243985856924,194.47262376832154,active,2024-09-09
19202,Product_9202_1,electronics,762.2213288964779,213.99220171751907,inactive,2024-08-02
19203,Product_9203_1,electronics,537.9207807305579,187.2238441298042,active,2024-07-09
19204,Product_9204_1,sports,340.7323899339044,212.72458237237387,pending,2024-06-06
19205,Product_9205_1,clothing,100.4529580683239,358.04163093239885,inactive,2024-01-25
19206,Product_9206_1,home,951.1046324497673,111.84307275841925,archived,2024-06-13
19207,Product_9207_1,clothing,979.0169673925984,322.49268247658307,archived,2024-03-17
19208,Product_9208_1,books,9.331885423796807,197.24333854363493,archived,2024-10-08
19209,Product_9209_1,books,392.2601457563908,61.791036771879774,active,2024-05-18
19210,Product_9210_1,books,863.3796977913701,202.17635823973868,pending,2024-08-02
19211,Product_9211_1,sports,61.81865274893069,189.27770211586505,pending,2024-03-17
19212,Product_9212_1,home,650.0934550477922,177.26186021385467,inactive,2024-07-21
19213,Product_9213_1,books,958.6584686493699,178.66791681727682,active,2024-04-17
19214,Product_9214_1,clothing,605.9971077995143,400.19885951501794,pending,2024-11-11
19215,Product_9215_1,sports,828.0975191113495,325.7530582175496,active,2024-01-10
19216,Product_9216_1,clothing,649.5977643753953,156.6218789378513,active,2024-04-28
19217,Product_9217_1,books,674.366713720486,141.14473035844657,active,2024-03-10
19218,Product_9218_1,home,447.61494317649215,294.42625218196815,active,2024-03-03
19219,Product_9219_1,electronics,608.3073006775152,380.4291565523812,active,2024-11-23
19220,Product_9220_1,books,360.0680271577388,97.63595138934096,active,2024-11-03
19221,Product_9221_1,home,649.7873563069031,142.18138815179915,pending,2024-03-10
19222,Product_9222_1,books,976.704935747141,91.03540428335941,active,2024-09-25
19223,Product_9223_1,clothing,581.015179713323,340.3380342161994,pending,2024-10-20
19224,Product_9224_1,electronics,436.93400007991625,440.12741018864955,inactive,2024-06-08
19225,Product_9225_1,electronics,910.0224227921564,405.7233092327738,active,2024-01-11
19226,Product_9226_1,sports,354.623311435225,53.04574268550728,archived,2024-12-06
19227,Product_9227_1,sports,41.97875168827361,260.1376751222624,pending,2024-06-08
19228,Product_9228_1,books,530.6051826270043,249.74163919018332,pending,2024-11-22
19229,Product_9229_1,books,505.54458444317066,60.89730583707999,archived,2024-01-26
19230,Product_9230_1,books,804.3721347772819,236.9397909295657,active,2024-05-13
19231,Product_9231_1,electronics,498.9911303539529,59.86846168451161,inactive,2024-08-14
19232,Product_9232_1,books,592.9978348555253,289.7990520009389,pending,2024-10-11
19233,Product_9233_1,books,221.2868845666491,99.93921848327382,inactive,2024-03-12
19234,Product_9234_1,home,291.53780779480013,223.47741961656985,active,2024-07-14
19235,Product_9235_1,books,894.7067154815811,18.125826631834578,inactive,2024-01-25
19236,Product_9236_1,books,490.22129526520575,473.6972618239405,pending,2024-03-24
19237,Product_9237_1,electronics,601.0474205556995,411.86907206363463,pending,2024-09-24
19238,Product_9238_1,clothing,979.9684323855081,132.3413733977003,archived,2024-02-28
19239,Product_9239_1,clothing,4.746242844883984,44.18730241091499,inactive,2024-11-17
19240,Product_9240_1,clothing,480.02749492317963,34.887761455129684,inactive,2024-02-14
19241,Product_9241_1,home,683.2185254517841,90.08783274459921,active,2024-05-15
19242,Product_9242_1,electronics,380.1016755570372,58.740571053868806,archived,2024-07-21
19243,Product_9243_1,clothing,31.59282215337836,124.05840064678289,archived,2024-11-04
19244,Product_9244_1,sports,11.720977690686189,376.10517222304264,pending,2024-05-19
19245,Product_9245_1,electronics,587.8578283202737,309.9197780102633,active,2024-11-13
19246,Product_9246_1,sports,151.71428733165743,309.4751065522586,archived,2024-12-09
19247,Product_9247_1,electronics,548.5094698020241,231.31239596721545,active,2024-06-28
19248,Product_9248_1,clothing,996.7268816528784,396.9327321506245,archived,2024-01-05
19249,Product_9249_1,clothing,931.8870225016587,296.79099263678387,archived,2024-02-10
19250,Product_9250_1,sports,264.73495197045054,276.0136830242659,active,2024-10-02
19251,Product_9251_1,books,782.6972198859941,468.7198815962756,inactive,2024-12-04
19252,Product_9252_1,electronics,297.67623892747986,328.84054843694963,inactive,2024-02-04
19253,Product_9253_1,books,425.1240073683923,498.9277709377579,inactive,2024-07-16
19254,Product_9254_1,electronics,168.36942664946528,397.13314001227144,archived,2024-05-10
19255,Product_9255_1,books,340.3683185307573,392.15595619071064,archived,2024-04-26
19256,Product_9256_1,electronics,75.65654494570562,187.47754748854703,inactive,2024-05-10
19257,Product_9257_1,sports,234.69641705204575,39.21325939324091,pending,2024-06-07
19258,Product_9258_1,books,860.7656142916209,127.6724376927753,active,2024-02-17
19259,Product_9259_1,home,220.51084109180474,218.3619635317441,archived,2024-06-23
19260,Product_9260_1,home,912.9137405756118,391.36037997876497,archived,2024-10-10
19261,Product_9261_1,sports,204.28862579068675,431.25719743077804,active,2024-12-18
19262,Product_9262_1,books,346.30382187292844,482.9064588937567,inactive,2024-10-25
19263,Product_9263_1,sports,400.83891011483587,266.28102213131496,pending,2024-12-13
19264,Product_9264_1,home,110.41180677561191,93.57659178388295,inactive,2024-03-22
19265,Product_9265_1,books,803.183023215524,81.05364665549463,active,2024-12-06
19266,Product_9266_1,books,978.6667150059976,141.24411037377644,active,2024-01-10
19267,Product_9267_1,books,335.13388897963193,398.0754816058185,inactive,2024-12-17
19268,Product_9268_1,clothing,672.9579114709077,66.81851486287655,active,2024-07-22
19269,Product_9269_1,sports,278.64344320260824,18.707348779427306,active,2024-12-15
19270,Product_9270_1,electronics,418.05804837243926,53.028512078203256,pending,2024-06-14
19271,Product_9271_1,sports,408.08925104337965,351.4291945293716,archived,2024-09-15
19272,Product_9272_1,electronics,346.8983690277071,103.56336444642237,archived,2024-02-24
19273,Product_9273_1,clothing,785.6081245759142,418.3556548442333,inactive,2024-01-12
19274,Product_9274_1,books,91.82937427891035,427.88532569738413,pending,2024-11-16
19275,Product_9275_1,electronics,850.523731378993,225.65992588793088,inactive,2024-09-18
19276,Product_9276_1,sports,411.9933665794083,422.03320270864543,archived,2024-08-04
19277,Product_9277_1,sports,428.45870279194287,207.2200832763242,inactive,2024-09-10
19278,Product_9278_1,sports,882.924164256899,210.35506873186708,active,2024-04-25
19279,Product_9279_1,sports,72.74751799734992,175.17082854591814,pending,2024-03-19
19280,Product_9280_1,clothing,798.8489374453927,277.89031426630265,archived,2024-06-06
19281,Product_9281_1,clothing,953.3450714871755,422.73700551278677,pending,2024-02-19
19282,Product_9282_1,books,209.6268368346375,265.3561913302425,pending,2024-11-24
19283,Product_9283_1,clothing,252.99173106235497,52.94574720598102,pending,2024-03-05
19284,Product_9284_1,electronics,318.2392517543421,192.78916178414053,pending,2024-07-20
19285,Product_9285_1,home,273.68736975242535,24.05394340156164,inactive,2024-06-28
19286,Product_9286_1,home,475.18687813721584,229.42924205719575,pending,2024-09-28
19287,Product_9287_1,sports,947.9950859474861,243.76397024130813,active,2024-09-28
19288,Product_9288_1,sports,690.8404879937543,216.14558071739742,inactive,2024-01-08
19289,Product_9289_1,clothing,795.7139880154247,141.17451786136635,active,2024-07-13
19290,Product_9290_1,clothing,161.58671418538333,265.23449654110095,inactive,2024-05-19
19291,Product_9291_1,books,526.1015907616581,436.8287957227552,active,2024-12-03
19292,Product_9292_1,sports,566.5374403564743,253.713652711325,active,2024-11-22
19293,Product_9293_1,electronics,829.7601710568442,103.79085304397404,archived,2024-03-01
19294,Product_9294_1,electronics,56.707383415878304,150.6806428252222,pending,2024-01-01
19295,Product_9295_1,sports,362.8235746343343,179.35264664844271,active,2024-02-23
19296,Product_9296_1,books,884.2117689340519,489.05324141439513,pending,2024-02-18
19297,Product_9297_1,books,915.8710987423201,232.410285818413,inactive,2024-06-09
19298,Product_9298_1,books,891.5445736505814,378.51515458992384,archived,2024-11-11
19299,Product_9299_1,home,152.76596987022566,430.7300055418937,inactive,2024-08-05
19300,Product_9300_1,sports,34.97184930865933,119.69674355826707,inactive,2024-05-21
19301,Product_9301_1,clothing,54.6062894905186,275.7440738302528,pending,2024-10-12
19302,Product_9302_1,home,642.2635260553238,375.3056201202,archived,2024-11-24
19303,Product_9303_1,electronics,682.0868623253244,272.42257197617437,pending,2024-05-26
19304,Product_9304_1,home,831.5450994244463,158.4925129633415,inactive,2024-01-26
19305,Product_9305_1,home,484.1740904205517,93.06678525965094,inactive,2024-06-01
19306,Product_9306_1,electronics,664.4959738291409,52.01261574360258,inactive,2024-02-08
19307,Product_9307_1,clothing,832.2580386305162,140.06958750555535,inactive,2024-06-19
19308,Product_9308_1,clothing,689.7300456302244,167.78811106762865,archived,2024-02-19
19309,Product_9309_1,home,956.5555285776302,114.23708989908148,active,2024-06-02
19310,Product_9310_1,sports,556.4490328385835,452.38275010870177,inactive,2024-11-07
19311,Product_9311_1,home,494.42994970194883,16.41861303928652,inactive,2024-08-11
19312,Product_9312_1,sports,383.79001658967155,373.2095291536688,active,2024-08-15
19313,Product_9313_1,sports,279.6001808985003,22.953541160767003,archived,2024-11-20
19314,Product_9314_1,electronics,847.7362863237646,309.5982161972712,pending,2024-08-24
19315,Product_9315_1,sports,939.5364354637989,485.44292857084923,active,2024-05-23
19316,Product_9316_1,books,654.375547433789,128.68301363370728,archived,2024-09-05
19317,Product_9317_1,home,322.22163691414954,400.9448328747001,active,2024-01-15
19318,Product_9318_1,sports,581.1398893591927,446.7664737417484,inactive,2024-07-19
19319,Product_9319_1,electronics,190.47110774017705,29.69568648957673,inactive,2024-11-08
19320,Product_9320_1,sports,841.4437082057393,365.24008136000054,pending,2024-07-26
19321,Product_9321_1,books,645.2490660904946,331.372635139202,pending,2024-05-18
19322,Product_9322_1,electronics,831.0556110010963,11.989093861065305,pending,2024-07-16
19323,Product_9323_1,sports,848.0407328642881,35.73469092276316,active,2024-05-27
19324,Product_9324_1,books,542.3430063037852,412.4750817290242,archived,2024-06-16
19325,Product_9325_1,books,836.2351617776219,433.7988172536371,inactive,2024-11-18
19326,Product_9326_1,electronics,925.5758617630672,489.14415868830645,pending,2024-08-14
19327,Product_9327_1,electronics,850.7662419192624,236.053468765549,pending,2024-06-12
19328,Product_9328_1,electronics,229.5747803697186,141.31092455967746,inactive,2024-06-15
19329,Product_9329_1,sports,537.1523693841746,264.82165826310427,active,2024-12-18
19330,Product_9330_1,home,65.72957548478529,71.37492031125453,inactive,2024-02-11
19331,Product_9331_1,clothing,784.6707263495837,212.0281685784843,pending,2024-06-06
19332,Product_9332_1,sports,140.4613352305507,200.62085871009646,pending,2024-07-07
19333,Product_9333_1,books,409.764908012625,487.05403244068776,inactive,2024-01-10
19334,Product_9334_1,electronics,658.1270880043787,264.9586017880834,active,2024-01-07
19335,Product_9335_1,books,11.63489169784314,454.78784556717574,inactive,2024-06-08
19336,Product_9336_1,sports,200.64463145059946,369.06232766446976,pending,2024-01-16
19337,Product_9337_1,electronics,936.0791839214342,274.6640713909738,pending,2024-05-16
19338,Product_9338_1,clothing,775.7333824571854,109.16419259204106,pending,2024-01-25
19339,Product_9339_1,books,539.4382680194153,464.2318850320276,pending,2024-01-13
19340,Product_9340_1,books,614.3139642364218,325.3114005327715,active,2024-01-01
19341,Product_9341_1,sports,393.5972628089728,201.7096768120523,pending,2024-12-14
19342,Product_9342_1,books,717.9878715999772,124.05134742242721,active,2024-03-11
19343,Product_9343_1,books,741.6684358856251,202.12966212841422,archived,2024-09-12
19344,Product_9344_1,sports,124.9896742867455,272.1510793264256,archived,2024-10-18
19345,Product_9345_1,books,46.58664134616594,484.6244826877026,pending,2024-07-26
19346,Product_9346_1,electronics,686.7909693703363,289.7840964612511,pending,2024-05-19
19347,Product_9347_1,home,590.7417822663601,162.22978387725385,archived,2024-07-27
19348,Product_9348_1,home,30.37714547709411,306.1512074176169,archived,2024-09-03
19349,Product_9349_1,books,786.4638927524458,362.47746415423717,inactive,2024-06-06
19350,Product_9350_1,books,344.147345609589,127.13708480866069,inactive,2024-09-13
19351,Product_9351_1,sports,489.0515730225496,12.566561269997852,inactive,2024-09-19
19352,Product_9352_1,electronics,828.9479853753693,156.21941319879355,active,2024-06-06
19353,Product_9353_1,electronics,773.989654518515,300.8259884606952,active,2024-06-24
19354,Product_9354_1,clothing,408.7183947947,320.8179644048122,active,2024-10-21
19355,Product_9355_1,electronics,816.7138222345558,194.58727544092304,archived,2024-07-27
19356,Product_9356_1,home,120.89614903450322,275.3380972973939,inactive,2024-12-14
19357,Product_9357_1,home,364.23089313117265,268.41770707179074,inactive,2024-10-01
19358,Product_9358_1,electronics,302.5154517788978,424.1463458400005,active,2024-03-02
19359,Product_9359_1,sports,375.2965592866432,75.82521741792564,pending,2024-02-05
19360,Product_9360_1,clothing,593.9017880663592,138.68419544504948,pending,2024-11-18
19361,Product_9361_1,home,84.53033573526068,432.16125454210055,inactive,2024-08-17
19362,Product_9362_1,electronics,355.85928151260424,488.695256108329,pending,2024-03-18
19363,Product_9363_1,electronics,819.0732150655646,487.5404799176674,active,2024-11-17
19364,Product_9364_1,sports,170.6703327035342,100.36465239580262,pending,2024-11-18
19365,Product_9365_1,books,27.309753101295982,496.81701058758534,pending,2024-12-14
19366,Product_9366_1,home,710.0800307152255,411.0880716941402,active,2024-04-03
19367,Product_9367_1,sports,26.335199900315505,424.5528050712795,inactive,2024-05-28
19368,Product_9368_1,books,997.7320265877821,237.3427058232281,active,2024-02-21
19369,Product_9369_1,sports,790.3268610126062,499.4369869258908,active,2024-08-08
19370,Product_9370_1,clothing,992.7462440028073,257.21512697649723,pending,2024-02-17
19371,Product_9371_1,books,994.5705731364061,433.49148694230183,active,2024-02-01
19372,Product_9372_1,clothing,757.7516876221122,415.65347560613066,active,2024-02-07
19373,Product_9373_1,electronics,875.3525389340094,136.73571592398645,archived,2024-12-12
19374,Product_9374_1,books,710.9990230454413,414.10288591634554,active,2024-07-14
19375,Product_9375_1,home,754.198073130976,405.3478445658355,active,2024-03-09
19376,Product_9376_1,clothing,652.9740018652694,252.06435852297983,pending,2024-03-24
19377,Product_9377_1,clothing,712.7302806278786,470.3153215108416,active,2024-11-06
19378,Product_9378_1,home,957.0586642896806,272.1322789734669,pending,2024-09-24
19379,Product_9379_1,electronics,312.633083676095,133.35814454640496,archived,2024-11-14
19380,Product_9380_1,home,291.4894246069627,431.6156642708504,active,2024-06-02
19381,Product_9381_1,home,558.6156848449951,363.7069360519421,active,2024-05-09
19382,Product_9382_1,home,194.85502124763607,452.7469923484619,inactive,2024-06-16
19383,Product_9383_1,electronics,465.96664396993117,56.050464483975766,active,2024-03-15
19384,Product_9384_1,sports,342.36233024455237,42.886960350639285,inactive,2024-08-15
19385,Product_9385_1,books,972.801988115727,137.39620839577236,active,2024-11-02
19386,Product_9386_1,electronics,244.0701218846601,318.8142785013419,inactive,2024-07-09
19387,Product_9387_1,electronics,566.6468841164545,334.0929578928984,active,2024-09-19
19388,Product_9388_1,home,474.53801856694207,16.968449642477378,active,2024-06-14
19389,Product_9389_1,electronics,561.3453085078257,402.11549890269424,archived,2024-07-07
19390,Product_9390_1,home,819.9135745488148,365.4521892322481,active,2024-07-20
19391,Product_9391_1,home,958.7109560285008,155.15235517418606,active,2024-11-19
19392,Product_9392_1,sports,461.2390653924088,410.86711390799707,inactive,2024-05-27
19393,Product_9393_1,electronics,181.26902891172162,66.21961160893028,archived,2024-04-21
19394,Product_9394_1,books,992.5725328390145,119.18965213162092,active,2024-10-17
19395,Product_9395_1,books,921.5606438262785,354.9609467162975,archived,2024-11-03
19396,Product_9396_1,clothing,333.65751389137915,76.99372900349249,inactive,2024-06-20
19397,Product_9397_1,electronics,245.8753970979471,199.63880453697206,inactive,2024-09-04
19398,Product_9398_1,books,421.6256927183621,262.6956796072591,active,2024-04-19
19399,Product_9399_1,books,130.17924820398562,85.33960300603063,inactive,2024-03-03
19400,Product_9400_1,clothing,840.4284217259349,387.31062288522565,active,2024-05-08
19401,Product_9401_1,home,882.4603651262711,449.16613020024363,inactive,2024-06-04
19402,Product_9402_1,electronics,990.1400670022726,429.15300032666164,archived,2024-02-24
19403,Product_9403_1,home,115.28341398286526,41.75374545448974,archived,2024-04-12
19404,Product_9404_1,sports,745.3504061861787,14.139571775525326,archived,2024-08-18
19405,Product_9405_1,clothing,616.3099705773291,404.1609975155813,inactive,2024-08-24
19406,Product_9406_1,electronics,684.4244586964568,384.75412421395873,archived,2024-06-06
19407,Product_9407_1,clothing,68.21567750075695,165.48352283891245,pending,2024-03-26
19408,Product_9408_1,electronics,497.2758512276021,472.94721490411723,archived,2024-08-17
19409,Product_9409_1,sports,104.61816571921395,291.1095394081718,inactive,2024-06-17
19410,Product_9410_1,books,50.98916216367499,270.3266487745427,active,2024-01-06
19411,Product_9411_1,books,458.8339991616017,423.17461557525115,inactive,2024-05-25
19412,Product_9412_1,sports,454.8821361707189,338.48656644708376,pending,2024-01-18
19413,Product_9413_1,clothing,905.5367305421717,452.11336623870733,active,2024-11-18
19414,Product_9414_1,sports,28.022059848204012,131.18739251041643,pending,2024-10-12
19415,Product_9415_1,electronics,888.0841921640862,66.22345315148209,archived,2024-05-23
19416,Product_9416_1,sports,812.8003882057897,432.24265302551885,inactive,2024-03-22
19417,Product_9417_1,electronics,324.1460527924682,419.68664462915245,archived,2024-12-09
19418,Product_9418_1,electronics,232.11243758455436,275.0640646117005,pending,2024-09-12
19419,Product_9419_1,books,662.4674858108932,431.8962267151924,archived,2024-10-14
19420,Product_9420_1,books,268.3900913007458,390.93082373755834,inactive,2024-03-02
19421,Product_9421_1,electronics,856.2695992730046,247.42291521317998,active,2024-09-19
19422,Product_9422_1,electronics,108.52640208462765,252.52833170437188,archived,2024-07-16
19423,Product_9423_1,books,680.1422124861053,473.49191111210285,pending,2024-01-09
19424,Product_9424_1,home,334.92616135251967,456.5344186874026,pending,2024-06-12
19425,Product_9425_1,clothing,146.2779130022234,151.7081129979692,pending,2024-04-23
19426,Product_9426_1,electronics,181.82750545026866,163.66079925569528,archived,2024-10-10
19427,Product_9427_1,sports,485.77789792807937,188.30347603217834,archived,2024-02-21
19428,Product_9428_1,home,533.8205089151494,424.7765273566131,inactive,2024-03-10
19429,Product_9429_1,clothing,204.97474252210745,490.1783125399549,pending,2024-12-08
19430,Product_9430_1,home,88.6619402195149,359.94485814327794,active,2024-01-28
19431,Product_9431_1,clothing,484.20437724605426,272.31044681954654,pending,2024-03-10
19432,Product_9432_1,sports,71.8477203151449,280.0512809995289,active,2024-05-23
19433,Product_9433_1,books,692.4155367216589,125.04260662015938,pending,2024-02-14
19434,Product_9434_1,home,536.1171712595617,428.3138127307325,active,2024-10-15
19435,Product_9435_1,sports,608.6838361845206,361.8407237679376,archived,2024-02-16
19436,Product_9436_1,electronics,582.5197962694238,435.22514445092224,pending,2024-12-19
19437,Product_9437_1,books,171.1108189740225,164.61430829364178,pending,2024-05-03
19438,Product_9438_1,sports,985.4161988222174,327.0641500804672,pending,2024-05-07
19439,Product_9439_1,sports,644.5865778547293,247.00171616896088,active,2024-02-24
19440,Product_9440_1,clothing,318.82237479568465,173.96024161435335,active,2024-03-05
19441,Product_9441_1,electronics,705.8761924522436,58.922614470766966,pending,2024-05-28
19442,Product_9442_1,sports,114.14417648732352,145.9022268747639,inactive,2024-07-27
19443,Product_9443_1,clothing,407.3527311429568,288.5265750956604,pending,2024-10-23
19444,Product_9444_1,home,560.2380671306283,314.6051419841355,inactive,2024-06-12
19445,Product_9445_1,home,856.7110058364115,482.92813058036086,active,2024-06-10
19446,Product_9446_1,electronics,942.516744574229,492.43841845446275,inactive,2024-09-11
19447,Product_9447_1,home,979.9210680467501,127.98438321149308,active,2024-10-24
19448,Product_9448_1,electronics,640.1189014517565,232.17792734454008,archived,2024-08-06
19449,Product_9449_1,home,819.1240464737156,469.92057955918614,archived,2024-09-25
19450,Product_9450_1,books,926.1663269788577,228.35026998393894,archived,2024-01-26
19451,Product_9451_1,books,296.6387587509938,310.2287278325067,archived,2024-03-17
19452,Product_9452_1,home,413.74362576714685,42.824592137972395,inactive,2024-07-01
19453,Product_9453_1,electronics,826.0565277552746,233.4609014560692,active,2024-11-02
19454,Product_9454_1,clothing,708.0518605300509,490.82595586248044,inactive,2024-09-11
19455,Product_9455_1,books,141.48504937398,381.0536453420592,pending,2024-04-01
19456,Product_9456_1,clothing,527.5726883174248,273.25216456717834,pending,2024-01-28
19457,Product_9457_1,clothing,333.1142297018235,11.48406177232386,pending,2024-05-15
19458,Product_9458_1,clothing,183.1079878277794,25.02781682838718,pending,2024-01-07
19459,Product_9459_1,books,973.4735121744183,227.2926963119819,pending,2024-07-05
19460,Product_9460_1,clothing,211.8173938246461,211.8287225672783,pending,2024-02-23
19461,Product_9461_1,books,99.91468253107475,10.200877992967467,archived,2024-12-05
19462,Product_9462_1,sports,309.3868960086494,253.8454842593448,archived,2024-01-03
19463,Product_9463_1,electronics,545.5529057297812,103.6722500374282,archived,2024-09-21
19464,Product_9464_1,clothing,386.6542400076933,452.0897733437517,archived,2024-07-07
19465,Product_9465_1,electronics,917.0961793855425,138.11250356797393,inactive,2024-03-05
19466,Product_9466_1,books,609.3489154384187,226.05340813278778,archived,2024-05-02
19467,Product_9467_1,books,423.5932308530599,235.0306042823997,archived,2024-04-20
19468,Product_9468_1,sports,139.22168016252402,69.12073705413243,pending,2024-08-11
19469,Product_9469_1,clothing,785.7412067164186,96.45926440012192,pending,2024-07-15
19470,Product_9470_1,clothing,81.3537139449712,189.88222501298273,active,2024-02-02
19471,Product_9471_1,clothing,290.5698553969972,148.5775656371381,inactive,2024-01-10
19472,Product_9472_1,clothing,736.3378858148134,323.820261792363,archived,2024-08-22
19473,Product_9473_1,electronics,197.76022215580886,122.04046812064351,pending,2024-11-12
19474,Product_9474_1,sports,311.36238052406145,84.16032566101578,archived,2024-09-05
19475,Product_9475_1,books,195.41525342106402,24.120574679978624,active,2024-12-17
19476,Product_9476_1,clothing,128.13408022194272,223.83159966979613,archived,2024-10-11
19477,Product_9477_1,electronics,520.716989828251,11.128978279766372,active,2024-12-25
19478,Product_9478_1,sports,402.7862404491294,182.1350628153415,pending,2024-07-04
19479,Product_9479_1,sports,288.1682353645669,24.281233389875062,inactive,2024-06-04
19480,Product_9480_1,home,847.7069784863095,224.32675891908008,active,2024-11-26
19481,Product_9481_1,clothing,561.9943007980237,457.70551045034455,archived,2024-02-10
19482,Product_9482_1,clothing,829.3325115229154,273.80268272204006,pending,2024-08-19
19483,Product_9483_1,clothing,266.8334831634426,179.0991767603158,active,2024-05-03
19484,Product_9484_1,electronics,351.98998788869517,93.52156566643782,inactive,2024-01-08
19485,Product_9485_1,clothing,993.9935949848206,82.74513703059257,active,2024-04-14
19486,Product_9486_1,clothing,834.0732972862376,353.33446932240946,inactive,2024-02-18
19487,Product_9487_1,books,813.9887315537505,125.33555577965151,active,2024-05-17
19488,Product_9488_1,books,201.01382443834203,397.00189049417907,inactive,2024-12-28
19489,Product_9489_1,books,44.16363582585906,106.96099465766083,active,2024-06-25
19490,Product_9490_1,books,458.56337958949314,162.87297947627215,pending,2024-04-12
19491,Product_9491_1,books,708.2781682140875,74.16880410140203,pending,2024-02-16
19492,Product_9492_1,clothing,509.1593675271656,277.13392359391605,active,2024-07-25
19493,Product_9493_1,sports,824.3822852391867,181.47821943842843,inactive,2024-09-05
19494,Product_9494_1,home,373.7911200927513,226.39532009738872,active,2024-11-25
19495,Product_9495_1,electronics,222.97440125544085,159.51895472308348,active,2024-07-03
19496,Product_9496_1,electronics,857.1152395584676,255.64958922278558,pending,2024-07-06
19497,Product_9497_1,home,483.90823498411095,186.11091955137422,inactive,2024-01-21
19498,Product_9498_1,sports,390.9323633550273,429.07912190286476,pending,2024-09-07
19499,Product_9499_1,electronics,9.46758715084042,79.07397453547253,active,2024-06-02
19500,Product_9500_1,sports,66.07498686940951,488.1171821553508,pending,2024-01-05
19501,Product_9501_1,sports,1.0899869204685273,209.0601698194841,archived,2024-09-28
19502,Product_9502_1,clothing,505.48239154927205,79.01336967211722,active,2024-12-20
19503,Product_9503_1,books,857.7711452297759,298.06753458468705,archived,2024-07-11
19504,Product_9504_1,home,505.93858499350677,243.7591653599614,archived,2024-07-10
19505,Product_9505_1,home,74.97938874404733,141.17244463538128,archived,2024-04-16
19506,Product_9506_1,clothing,673.0991986659948,376.52947252078627,inactive,2024-05-04
19507,Product_9507_1,home,85.3231807263053,454.33415699271677,pending,2024-08-05
19508,Product_9508_1,home,238.06278922269485,166.82284478261855,pending,2024-12-11
19509,Product_9509_1,home,746.4590605632333,222.48648209812066,archived,2024-03-05
19510,Product_9510_1,clothing,894.7007933764031,463.7136458465784,pending,2024-08-22
19511,Product_9511_1,home,327.3040616603897,211.55802102511797,active,2024-11-26
19512,Product_9512_1,electronics,606.1318148071307,484.5185852051486,active,2024-05-04
19513,Product_9513_1,sports,568.1690859934819,476.40159906447667,inactive,2024-03-04
19514,Product_9514_1,sports,556.0491864586747,161.79877250592511,archived,2024-08-18
19515,Product_9515_1,home,48.4629912543058,321.5077841054162,archived,2024-12-10
19516,Product_9516_1,clothing,427.5227649640581,224.80242781231163,inactive,2024-04-11
19517,Product_9517_1,home,72.07362105327536,39.65958367235774,archived,2024-03-24
19518,Product_9518_1,home,57.35455008011967,234.4769413004489,inactive,2024-09-04
19519,Product_9519_1,clothing,215.33805281948338,34.55259871667595,archived,2024-01-21
19520,Product_9520_1,sports,186.6116711094783,22.061163027149203,archived,2024-08-05
19521,Product_9521_1,clothing,40.52340029803564,118.29117022100378,active,2024-09-26
19522,Product_9522_1,home,830.9059427354272,244.4101134163212,active,2024-09-08
19523,Product_9523_1,clothing,716.8025037039025,371.1656693301547,inactive,2024-11-09
19524,Product_9524_1,electronics,561.9141389873909,194.9344019969798,archived,2024-02-15
19525,Product_9525_1,electronics,349.05749271945183,114.11508568980028,archived,2024-07-16
19526,Product_9526_1,home,64.63824507145573,459.2646740662132,inactive,2024-04-03
19527,Product_9527_1,books,516.5289435859846,51.254240000481616,inactive,2024-04-09
19528,Product_9528_1,clothing,955.6241343055788,458.70939802552857,archived,2024-09-23
19529,Product_9529_1,electronics,850.0105979735646,416.71731816956583,archived,2024-08-13
19530,Product_9530_1,electronics,818.0256866119785,22.63944406304754,archived,2024-02-25
19531,Product_9531_1,home,883.7547113961182,132.13803950705488,inactive,2024-12-17
19532,Product_9532_1,home,995.7065597790098,422.09621764276716,archived,2024-08-24
19533,Product_9533_1,sports,886.1266120374588,452.61882376289265,pending,2024-06-17
19534,Product_9534_1,clothing,419.68071138231073,173.82649219584212,archived,2024-11-11
19535,Product_9535_1,electronics,357.7256616167054,293.1173157033827,inactive,2024-10-19
19536,Product_9536_1,books,123.74791984425559,419.7584399917331,archived,2024-06-20
19537,Product_9537_1,books,37.16965330025702,251.7458514541023,inactive,2024-04-05
19538,Product_9538_1,sports,51.02432336188963,238.76178715618133,inactive,2024-07-03
19539,Product_9539_1,clothing,307.0970794243113,338.47511857586153,archived,2024-07-22
19540,Product_9540_1,electronics,509.10345583164275,409.70855782040553,active,2024-04-27
19541,Product_9541_1,sports,519.9058724527313,130.66074778557413,archived,2024-04-15
19542,Product_9542_1,books,203.53072845464038,389.0895211164502,pending,2024-01-16
19543,Product_9543_1,sports,392.6234295623763,104.59657752948968,inactive,2024-06-04
19544,Product_9544_1,clothing,29.975241635647304,54.62465006154782,inactive,2024-03-26
19545,Product_9545_1,electronics,254.20479183180294,170.56700920192327,inactive,2024-08-23
19546,Product_9546_1,books,139.37011914752142,57.91224719898477,inactive,2024-05-19
19547,Product_9547_1,clothing,648.7649659969753,493.48328201116925,pending,2024-04-21
19548,Product_9548_1,electronics,331.57262493561905,350.7793621314852,inactive,2024-08-17
19549,Product_9549_1,clothing,135.630800798958,310.8653747233424,inactive,2024-06-04
19550,Product_9550_1,books,772.6173800871283,493.6181848610011,pending,2024-09-16
19551,Product_9551_1,sports,71.66793524497011,117.59156299903519,active,2024-12-13
19552,Product_9552_1,sports,203.69447655560734,216.66594607478115,pending,2024-05-05
19553,Product_9553_1,sports,273.3934436026657,348.8253133127199,inactive,2024-09-08
19554,Product_9554_1,clothing,547.4355531402243,150.95108902200658,inactive,2024-04-02
19555,Product_9555_1,sports,678.7921691710009,57.59654469824197,archived,2024-05-02
19556,Product_9556_1,home,559.8456372197704,170.20789090439163,active,2024-02-28
19557,Product_9557_1,home,270.66491461127714,262.8658481893215,archived,2024-07-10
19558,Product_9558_1,electronics,480.2165311347089,279.668269823708,inactive,2024-01-03
19559,Product_9559_1,books,310.40606164353363,319.89543571091673,active,2024-07-17
19560,Product_9560_1,home,367.3909980508019,138.94382330131688,archived,2024-01-10
19561,Product_9561_1,books,453.9162145472786,52.819744901149214,archived,2024-08-01
19562,Product_9562_1,clothing,883.7701699676009,481.22400258295977,pending,2024-04-14
19563,Product_9563_1,home,877.3537630685427,379.53768896151945,archived,2024-02-05
19564,Product_9564_1,electronics,465.4307424737057,277.3174137396891,archived,2024-11-24
19565,Product_9565_1,home,35.8834722805384,345.4193319676913,inactive,2024-09-10
19566,Product_9566_1,clothing,559.6773295818286,335.2296186314997,archived,2024-10-23
19567,Product_9567_1,home,492.06349249666187,51.302572505504706,pending,2024-11-07
19568,Product_9568_1,clothing,911.8685201067614,302.54949011701626,pending,2024-03-26
19569,Product_9569_1,clothing,14.063605644159137,37.93055695151027,archived,2024-01-06
19570,Product_9570_1,sports,149.18140710248693,53.76865546142626,pending,2024-05-22
19571,Product_9571_1,sports,783.7841038291552,142.48256156159354,archived,2024-01-15
19572,Product_9572_1,books,475.06964931647923,411.0855214931458,archived,2024-05-25
19573,Product_9573_1,electronics,767.2251032163364,257.3617104557504,archived,2024-07-23
19574,Product_9574_1,books,855.3481624980407,278.3928302128674,archived,2024-01-08
19575,Product_9575_1,home,455.3508271930384,22.220282163832074,archived,2024-10-25
19576,Product_9576_1,electronics,664.6061775407358,227.9027257513849,active,2024-10-22
19577,Product_9577_1,clothing,606.3065446388638,392.44463337281303,active,2024-08-18
19578,Product_9578_1,books,714.7661953539645,64.27593950284091,pending,2024-11-18
19579,Product_9579_1,sports,203.273481121432,194.21853819899707,inactive,2024-02-20
19580,Product_9580_1,sports,412.6351053704938,477.84310656788637,archived,2024-12-09
19581,Product_9581_1,books,787.7446693363628,238.9029079031803,inactive,2024-09-22
19582,Product_9582_1,electronics,252.6319347422505,336.7594153070272,archived,2024-05-02
19583,Product_9583_1,clothing,316.55877455013393,298.04095771604926,archived,2024-08-11
19584,Product_9584_1,electronics,274.677128432465,219.5856701247335,archived,2024-07-28
19585,Product_9585_1,sports,410.219255866384,115.64105203697903,archived,2024-03-22
19586,Product_9586_1,electronics,202.32689311788775,295.3063557618544,active,2024-02-27
19587,Product_9587_1,electronics,664.2856870423999,498.5422774288567,active,2024-02-11
19588,Product_9588_1,clothing,848.50604663474,401.537140904107,pending,2024-08-17
19589,Product_9589_1,electronics,812.0060997285302,18.40273108010728,inactive,2024-02-21
19590,Product_9590_1,electronics,303.45271217812757,372.6605159075137,pending,2024-10-10
19591,Product_9591_1,sports,873.5443872748667,468.9800244591604,archived,2024-04-05
19592,Product_9592_1,home,90.72098510029825,479.1692873123909,archived,2024-09-18
19593,Product_9593_1,clothing,634.4464999102535,22.299554060419112,active,2024-08-10
19594,Product_9594_1,books,630.577458044706,171.133057340566,active,2024-02-21
19595,Product_9595_1,electronics,50.796484696233065,251.71234120154264,pending,2024-08-07
19596,Product_9596_1,home,931.2104401366483,55.71826150191243,pending,2024-12-11
19597,Product_9597_1,electronics,265.4469901776895,382.8542757723595,active,2024-07-10
19598,Product_9598_1,sports,488.674019931549,12.74688136465815,active,2024-10-24
19599,Product_9599_1,home,329.4201653929001,271.3043579832995,inactive,2024-11-13
19600,Product_9600_1,home,631.5323725147506,161.0174051206203,archived,2024-09-08
19601,Product_9601_1,sports,212.39891372088937,332.97652791941107,active,2024-04-23
19602,Product_9602_1,home,912.6459239995476,158.33209115811604,active,2024-01-17
19603,Product_9603_1,sports,951.7399799958421,321.30525753173293,archived,2024-04-02
19604,Product_9604_1,clothing,366.4247493577409,497.22556405690364,pending,2024-09-06
19605,Product_9605_1,sports,297.3552228974948,64.84808942592082,pending,2024-02-18
19606,Product_9606_1,sports,947.0001428978418,114.32675433574322,pending,2024-03-21
19607,Product_9607_1,books,648.6413477548349,465.0239754038278,active,2024-02-05
19608,Product_9608_1,books,580.1291920586698,37.30190412403731,inactive,2024-03-01
19609,Product_9609_1,books,597.7558002418098,433.5673918429968,archived,2024-12-12
19610,Product_9610_1,sports,548.7257327294633,489.58339910476855,inactive,2024-10-09
19611,Product_9611_1,home,277.99461900691,422.6339900004142,pending,2024-03-21
19612,Product_9612_1,electronics,989.3513651301361,367.6752826569703,pending,2024-04-07
19613,Product_9613_1,sports,164.64984543622765,222.4749567253525,active,2024-04-08
19614,Product_9614_1,home,119.33962992817887,170.4002012225189,inactive,2024-06-21
19615,Product_9615_1,books,304.5921858509492,307.2086916204303,pending,2024-06-01
19616,Product_9616_1,clothing,433.2226468841149,141.39787170001907,archived,2024-04-06
19617,Product_9617_1,clothing,90.95108529142384,365.4785786477046,pending,2024-10-04
19618,Product_9618_1,sports,347.6708492956306,104.67511639166048,pending,2024-11-19
19619,Product_9619_1,home,688.5973099234333,128.97601969213898,active,2024-11-02
19620,Product_9620_1,home,70.70993127772533,116.59750299898788,archived,2024-12-18
19621,Product_9621_1,electronics,321.8815070991719,470.225308365082,pending,2024-02-28
19622,Product_9622_1,sports,731.405556896786,324.37084150612816,archived,2024-10-27
19623,Product_9623_1,electronics,755.2712646272201,400.00971731837024,inactive,2024-12-21
19624,Product_9624_1,electronics,200.6050608882488,372.718879769677,pending,2024-08-12
19625,Product_9625_1,home,321.5151094863467,77.9986243038334,inactive,2024-07-25
19626,Product_9626_1,books,889.4118562550999,25.373650766826287,inactive,2024-03-07
19627,Product_9627_1,sports,73.63557294703996,150.6045042113103,pending,2024-08-14
19628,Product_9628_1,home,968.0880491581796,149.16710543984334,archived,2024-04-19
19629,Product_9629_1,electronics,291.9374239637462,39.88649501459881,active,2024-12-27
19630,Product_9630_1,clothing,333.07836648282864,37.93779025180592,inactive,2024-11-21
19631,Product_9631_1,sports,238.47383949843888,162.6387515110759,archived,2024-01-05
19632,Product_9632_1,home,115.93255082051226,164.96092826935893,active,2024-11-19
19633,Product_9633_1,home,306.36968556653125,199.27582949260218,pending,2024-02-06
19634,Product_9634_1,books,10.796001672495528,427.1240100176613,inactive,2024-12-15
19635,Product_9635_1,sports,230.19008913377158,63.901546624409676,active,2024-05-15
19636,Product_9636_1,electronics,231.6622121029108,335.49903895434153,active,2024-02-27
19637,Product_9637_1,home,628.1418676199223,302.18498001449615,inactive,2024-08-15
19638,Product_9638_1,books,433.38394758183813,28.69616700102863,pending,2024-09-05
19639,Product_9639_1,books,478.3644539307594,458.5153401666574,archived,2024-02-09
19640,Product_9640_1,home,48.99127136198289,301.6674764087017,inactive,2024-03-28
19641,Product_9641_1,clothing,33.249739790920806,394.040237810523,inactive,2024-10-17
19642,Product_9642_1,home,313.5935546702524,199.222131434891,archived,2024-01-08
19643,Product_9643_1,home,731.2455279265472,48.27135623146396,pending,2024-11-21
19644,Product_9644_1,home,669.5309755512636,186.99263475965765,archived,2024-09-18
19645,Product_9645_1,clothing,914.4183793090274,191.07999022469807,pending,2024-02-13
19646,Product_9646_1,books,428.34661071187577,211.38124540766808,inactive,2024-02-09
19647,Product_9647_1,clothing,814.8265766602151,143.78542239002897,pending,2024-08-18
19648,Product_9648_1,home,79.54054687643318,278.8348845871605,pending,2024-11-25
19649,Product_9649_1,electronics,503.71032254112623,279.69738467217644,inactive,2024-09-03
19650,Product_9650_1,electronics,619.6252087598626,263.50110854669026,pending,2024-08-04
19651,Product_9651_1,books,686.6074321090672,181.82170943453738,active,2024-11-16
19652,Product_9652_1,sports,350.19894238813686,16.378868951584494,pending,2024-10-18
19653,Product_9653_1,books,94.3791275037929,186.19473834015557,active,2024-10-02
19654,Product_9654_1,books,184.36901663828291,345.09275636902,active,2024-09-15
19655,Product_9655_1,sports,858.4411781433246,21.263203382518437,pending,2024-07-08
19656,Product_9656_1,clothing,999.1700688376417,93.33815537755,archived,2024-05-14
19657,Product_9657_1,books,180.03260844365786,465.25753557250476,inactive,2024-05-08
19658,Product_9658_1,electronics,352.2513830949451,48.19102376154663,archived,2024-04-14
19659,Product_9659_1,clothing,189.52057525911644,322.51084294439795,active,2024-03-18
19660,Product_9660_1,home,714.6858302846274,272.4527928714951,pending,2024-04-16
19661,Product_9661_1,books,112.53430437515304,64.41774587428904,active,2024-03-14
19662,Product_9662_1,electronics,507.78564288224106,353.5822754410912,active,2024-01-02
19663,Product_9663_1,electronics,44.71778680411124,115.49718890803891,pending,2024-03-28
19664,Product_9664_1,books,317.38786831386284,224.16301727135283,inactive,2024-04-26
19665,Product_9665_1,books,979.2133446496013,63.93333324561533,archived,2024-10-04
19666,Product_9666_1,home,986.6249220438006,224.0464629986962,active,2024-02-25
19667,Product_9667_1,books,974.4082578536439,470.14720387366066,active,2024-12-23
19668,Product_9668_1,sports,252.4097008312994,105.33279450874012,active,2024-01-21
19669,Product_9669_1,clothing,743.1298366151264,358.82098324137985,archived,2024-03-02
19670,Product_9670_1,sports,575.4327901407377,40.65987870703208,inactive,2024-03-02
19671,Product_9671_1,books,182.61363409818682,178.31795742162595,pending,2024-10-03
19672,Product_9672_1,electronics,247.1165980601256,120.90982986079231,active,2024-07-26
19673,Product_9673_1,sports,497.38316213906677,34.341436844677425,archived,2024-11-23
19674,Product_9674_1,clothing,221.56919650354197,383.0299193333199,inactive,2024-05-16
19675,Product_9675_1,electronics,666.3768405380981,351.4795549994123,archived,2024-09-17
19676,Product_9676_1,books,996.9404267401571,422.743899793443,archived,2024-08-23
19677,Product_9677_1,home,842.0833495862764,410.28803459882465,pending,2024-02-14
19678,Product_9678_1,sports,832.3450849248201,112.86616721539289,active,2024-08-18
19679,Product_9679_1,books,45.46014553635716,21.453255381918318,inactive,2024-05-15
19680,Product_9680_1,electronics,674.9150474890748,247.63226669436867,active,2024-01-08
19681,Product_9681_1,sports,645.1840932156468,158.72726404828308,archived,2024-12-25
19682,Product_9682_1,sports,705.4752611779537,25.578431561905376,active,2024-08-07
19683,Product_9683_1,clothing,761.379476533909,14.400784904084478,pending,2024-05-26
19684,Product_9684_1,sports,795.1654907886201,273.65253173205775,archived,2024-09-15
19685,Product_9685_1,sports,686.3913737141597,382.55406842969916,archived,2024-07-28
19686,Product_9686_1,books,899.2322866905618,402.4233005887985,archived,2024-12-06
19687,Product_9687_1,electronics,861.970802152533,483.9068663644276,active,2024-01-18
19688,Product_9688_1,home,158.40496067905835,187.0554906094142,archived,2024-12-01
19689,Product_9689_1,electronics,974.6528101308261,132.44454848858982,pending,2024-07-06
19690,Product_9690_1,sports,429.8812151656159,152.76356554563185,active,2024-02-13
19691,Product_9691_1,books,511.1252632570094,201.77068048528434,pending,2024-01-01
19692,Product_9692_1,clothing,661.5409641003691,443.80938780065446,inactive,2024-02-07
19693,Product_9693_1,sports,969.3142725935668,298.8814241539113,inactive,2024-11-02
19694,Product_9694_1,books,890.6729362319809,187.3069463120724,active,2024-04-11
19695,Product_9695_1,electronics,994.7478598028964,23.869043045578266,archived,2024-07-02
19696,Product_9696_1,sports,397.8730778179062,460.0185686025602,pending,2024-01-23
19697,Product_9697_1,home,36.77946719896893,213.66738697930057,active,2024-05-26
19698,Product_9698_1,sports,639.6716011673967,454.1006876608664,pending,2024-02-24
19699,Product_9699_1,sports,900.7565044805106,363.2656033814078,inactive,2024-11-23
19700,Product_9700_1,sports,490.8731708394356,126.12594365245369,inactive,2024-08-18
19701,Product_9701_1,sports,748.5658007381442,128.2423692371995,pending,2024-07-16
19702,Product_9702_1,books,860.774906132814,199.55939316318248,archived,2024-11-03
19703,Product_9703_1,books,529.3575107962355,352.7406440099976,archived,2024-05-13
19704,Product_9704_1,clothing,312.1940186450623,141.64867699968156,active,2024-05-04
19705,Product_9705_1,clothing,501.9958202557028,320.00495596484564,active,2024-01-25
19706,Product_9706_1,sports,647.0484705140541,89.14090141433388,inactive,2024-07-08
19707,Product_9707_1,clothing,667.153303838444,381.6646736787664,archived,2024-05-19
19708,Product_9708_1,sports,593.364415045551,444.0030014289237,inactive,2024-08-03
19709,Product_9709_1,electronics,254.70931105696366,66.71585037234442,inactive,2024-07-14
19710,Product_9710_1,home,933.4119684533949,34.54966340827507,archived,2024-12-17
19711,Product_9711_1,clothing,272.32625027995033,351.36421341180284,archived,2024-01-23
19712,Product_9712_1,electronics,56.445530473710576,24.96240927089646,inactive,2024-03-19
19713,Product_9713_1,books,424.2942388652342,121.86347421974635,inactive,2024-07-20
19714,Product_9714_1,books,583.9813814301391,231.91067748494424,active,2024-10-22
19715,Product_9715_1,sports,373.522461708917,484.5050751967229,inactive,2024-05-14
19716,Product_9716_1,clothing,79.49193890159894,309.847075108843,active,2024-01-05
19717,Product_9717_1,books,398.3956263708277,203.97646805162327,archived,2024-05-28
19718,Product_9718_1,home,505.00546690126976,131.02139076894036,active,2024-03-25
19719,Product_9719_1,electronics,551.8492856334732,485.22160145607444,pending,2024-06-11
19720,Product_9720_1,books,790.8471970889605,297.8764868127742,archived,2024-09-11
19721,Product_9721_1,sports,772.4221079745081,245.12678569227035,active,2024-08-26
19722,Product_9722_1,clothing,141.74425310141066,226.13709968745164,inactive,2024-03-14
19723,Product_9723_1,sports,183.17802079943044,75.12736617151474,active,2024-04-04
19724,Product_9724_1,sports,382.13680280993447,26.574216200576384,pending,2024-09-01
19725,Product_9725_1,books,952.5561573694107,453.8516085326608,pending,2024-09-11
19726,Product_9726_1,electronics,793.927940596126,176.275584807867,active,2024-03-25
19727,Product_9727_1,clothing,238.78985750838694,154.24068457960527,inactive,2024-04-20
19728,Product_9728_1,home,354.3304201438628,140.0665844625902,inactive,2024-03-27
19729,Product_9729_1,electronics,897.6878355129792,300.8393161766518,active,2024-09-25
19730,Product_9730_1,sports,716.4399841526032,320.36649803759764,active,2024-01-24
19731,Product_9731_1,books,419.9987249384273,323.0388161270234,pending,2024-02-22
19732,Product_9732_1,clothing,632.7969504932842,31.58530304635297,inactive,2024-03-10
19733,Product_9733_1,electronics,654.617216915252,388.2861024212573,active,2024-03-15
19734,Product_9734_1,sports,860.8241968879727,182.91771673328083,archived,2024-12-14
19735,Product_9735_1,electronics,372.2414372051434,116.21802830643271,archived,2024-08-28
19736,Product_9736_1,sports,820.3427261797455,363.9002398922554,inactive,2024-06-07
19737,Product_9737_1,electronics,337.8219574390715,152.67537417146198,archived,2024-11-24
19738,Product_9738_1,clothing,317.5340691573645,151.69552910347318,archived,2024-06-04
19739,Product_9739_1,electronics,311.4927089011417,383.4526606664023,inactive,2024-11-17
19740,Product_9740_1,books,481.1056865755033,154.47206684516485,archived,2024-08-23
19741,Product_9741_1,clothing,797.3654496973029,129.20265334402916,inactive,2024-06-12
19742,Product_9742_1,electronics,693.2257250974396,498.8348891646418,inactive,2024-03-14
19743,Product_9743_1,sports,68.25753157659962,491.37609058249836,inactive,2024-05-11
19744,Product_9744_1,clothing,310.856136982728,346.446531986824,active,2024-10-24
19745,Product_9745_1,electronics,40.06601839792202,282.03292014975955,archived,2024-10-21
19746,Product_9746_1,books,932.6613006519323,449.1160156671825,inactive,2024-09-28
19747,Product_9747_1,sports,448.76005180548646,481.5812130977379,active,2024-04-09
19748,Product_9748_1,clothing,293.91510826182224,58.25831567988419,archived,2024-10-11
19749,Product_9749_1,home,960.9112617067087,137.98476625140944,active,2024-02-26
19750,Product_9750_1,home,354.01387943723205,304.42195895007774,pending,2024-04-21
19751,Product_9751_1,home,731.1226818520987,371.436121190513,archived,2024-07-10
19752,Product_9752_1,books,823.9222765687139,58.432456115268955,archived,2024-05-02
19753,Product_9753_1,electronics,534.134837686377,129.33615795788847,active,2024-11-27
19754,Product_9754_1,books,29.19711764226035,199.18310836905988,inactive,2024-09-13
19755,Product_9755_1,sports,298.82851403575415,39.0368174679124,active,2024-05-25
19756,Product_9756_1,clothing,577.2785093499623,213.56434561427776,inactive,2024-11-21
19757,Product_9757_1,clothing,220.98720317332456,392.773165628672,pending,2024-12-02
19758,Product_9758_1,books,469.73630537002487,183.67317032908593,pending,2024-06-26
19759,Product_9759_1,home,546.6790831830771,174.69628313530356,pending,2024-04-20
19760,Product_9760_1,books,9.832361535890133,488.4075867282951,pending,2024-12-25
19761,Product_9761_1,home,103.13289151354479,214.72528387644311,active,2024-09-04
19762,Product_9762_1,clothing,872.1760504346723,319.8340691800621,pending,2024-12-12
19763,Product_9763_1,home,935.967863514188,420.60557748574496,pending,2024-12-13
19764,Product_9764_1,sports,473.1661631024937,149.7192849417412,inactive,2024-01-28
19765,Product_9765_1,electronics,869.9943962549166,114.73982545130619,active,2024-08-22
19766,Product_9766_1,home,671.6292272804377,374.56920859428584,pending,2024-04-26
19767,Product_9767_1,sports,104.20072395088054,24.012393838223502,active,2024-02-19
19768,Product_9768_1,electronics,930.1240268226179,86.71720970210978,active,2024-06-26
19769,Product_9769_1,clothing,597.0061167923301,107.92580931491098,archived,2024-03-24
19770,Product_9770_1,books,379.21503117524884,494.9121023687134,archived,2024-09-03
19771,Product_9771_1,books,685.2165384201732,91.58211996660619,inactive,2024-02-21
19772,Product_9772_1,books,131.50968400974838,311.19972756861176,pending,2024-04-20
19773,Product_9773_1,clothing,645.6569475448042,149.89211047230953,inactive,2024-05-13
19774,Product_9774_1,electronics,215.38278683770582,435.71292070288945,active,2024-03-03
19775,Product_9775_1,sports,48.45159946501069,265.9864546437086,pending,2024-09-26
19776,Product_9776_1,clothing,719.9276899200744,390.11611082226415,archived,2024-10-21
19777,Product_9777_1,sports,333.09147361486083,96.99955029356123,pending,2024-02-08
19778,Product_9778_1,home,595.2487370477426,135.04896945342648,pending,2024-06-26
19779,Product_9779_1,books,660.1431714346523,163.86098208420373,inactive,2024-08-20
19780,Product_9780_1,electronics,719.4803808749294,95.42267943362091,inactive,2024-05-16
19781,Product_9781_1,clothing,179.1757850148389,463.89030416319554,inactive,2024-07-24
19782,Product_9782_1,sports,974.5820522543474,377.3106652315742,active,2024-05-01
19783,Product_9783_1,home,510.39531116619935,302.21417641330873,archived,2024-04-26
19784,Product_9784_1,sports,189.98222571847046,301.64583752324256,pending,2024-01-16
19785,Product_9785_1,electronics,562.5939771317919,288.12668304229834,archived,2024-11-19
19786,Product_9786_1,sports,387.53006998880113,440.83141856142225,inactive,2024-03-02
19787,Product_9787_1,books,301.17472618875314,173.81102692401043,inactive,2024-03-25
19788,Product_9788_1,books,908.5590253172794,15.990020440400663,pending,2024-02-12
19789,Product_9789_1,home,273.2806139788072,443.2899113956644,inactive,2024-01-25
19790,Product_9790_1,books,735.3314823276733,130.44502251246792,pending,2024-05-16
19791,Product_9791_1,sports,878.6319774415058,440.8474247155825,inactive,2024-05-05
19792,Product_9792_1,home,834.862018756917,328.78695945747734,active,2024-12-21
19793,Product_9793_1,sports,103.28742215096935,249.42516944985903,inactive,2024-02-12
19794,Product_9794_1,books,957.4453059341836,188.49711771128707,active,2024-01-11
19795,Product_9795_1,electronics,437.12797962386145,191.80579155959,active,2024-07-04
19796,Product_9796_1,electronics,865.9646750368153,270.71465922148167,pending,2024-02-22
19797,Product_9797_1,clothing,506.21438185483237,186.54310204722094,pending,2024-08-10
19798,Product_9798_1,home,416.7969213412531,346.2690008301664,active,2024-02-08
19799,Product_9799_1,electronics,906.9609292218519,313.14911064915117,pending,2024-06-05
19800,Product_9800_1,electronics,599.4688395531157,317.48951140061735,inactive,2024-08-09
19801,Product_9801_1,sports,288.0223696416308,50.17068382191619,active,2024-10-27
19802,Product_9802_1,home,269.09262343832063,211.14997759585052,inactive,2024-10-22
19803,Product_9803_1,clothing,318.36898582518046,18.11932213128991,pending,2024-01-27
19804,Product_9804_1,books,580.19406122235,233.75684964347093,inactive,2024-05-16
19805,Product_9805_1,home,836.6664575765433,111.96726616640166,archived,2024-03-11
19806,Product_9806_1,sports,774.2558003676169,487.9406006337899,archived,2024-09-05
19807,Product_9807_1,books,234.60701120337106,213.2416609041566,active,2024-08-06
19808,Product_9808_1,home,891.7752623626409,465.5097128848725,pending,2024-02-22
19809,Product_9809_1,home,860.7698029424675,181.87566169127174,active,2024-12-02
19810,Product_9810_1,clothing,254.3585616650579,445.6321565727254,pending,2024-09-20
19811,Product_9811_1,home,668.3903077869882,376.0523235112645,active,2024-04-12
19812,Product_9812_1,sports,368.6155191746595,362.35535133742684,archived,2024-10-25
19813,Product_9813_1,books,751.5862838338089,309.3043407117866,pending,2024-04-13
19814,Product_9814_1,books,566.939923859547,151.23545633197332,archived,2024-01-15
19815,Product_9815_1,home,399.2139586229184,381.5403916514406,pending,2024-05-02
19816,Product_9816_1,clothing,757.1132955586684,185.45444478602028,active,2024-01-27
19817,Product_9817_1,sports,669.2526316923739,444.6593007992869,archived,2024-05-23
19818,Product_9818_1,clothing,209.79711061056744,258.8009245964396,active,2024-07-21
19819,Product_9819_1,books,621.5232539991937,290.0857035534051,inactive,2024-06-22
19820,Product_9820_1,sports,461.9130385388032,100.76783479736373,pending,2024-07-24
19821,Product_9821_1,home,535.2258620460905,307.4807904334029,pending,2024-01-24
19822,Product_9822_1,electronics,386.5369333854107,211.7103400064662,inactive,2024-05-10
19823,Product_9823_1,electronics,43.487952866032984,80.63305647484161,archived,2024-03-10
19824,Product_9824_1,clothing,639.9737002649176,67.5098015246754,inactive,2024-06-10
19825,Product_9825_1,sports,136.23378659091088,27.17894787941454,archived,2024-10-07
19826,Product_9826_1,home,896.0437422853074,45.73955835596077,pending,2024-03-13
19827,Product_9827_1,sports,889.6394764010823,134.76181927306948,archived,2024-04-06
19828,Product_9828_1,electronics,709.8523459050818,279.6963083546466,active,2024-04-02
19829,Product_9829_1,electronics,315.35101164784385,483.7987227259963,inactive,2024-11-16
19830,Product_9830_1,electronics,158.96934107496995,46.99734944930071,active,2024-09-14
19831,Product_9831_1,electronics,770.6110741551564,321.6547100964385,active,2024-04-27
19832,Product_9832_1,sports,225.89942288648427,310.7073170479911,active,2024-01-28
19833,Product_9833_1,clothing,704.20484774115,175.53342456122144,active,2024-02-27
19834,Product_9834_1,electronics,542.3714939252168,231.41045704921362,pending,2024-08-05
19835,Product_9835_1,electronics,5.449241340261947,440.2223784437388,archived,2024-11-09
19836,Product_9836_1,home,94.61988712975136,109.43826860640334,pending,2024-11-28
19837,Product_9837_1,sports,355.1765203180387,59.938414262728514,inactive,2024-12-05
19838,Product_9838_1,clothing,108.1056828989292,452.2466158949114,archived,2024-04-25
19839,Product_9839_1,electronics,291.80706797948926,482.53695502647827,archived,2024-10-10
19840,Product_9840_1,electronics,788.5092099146646,128.01806497477907,inactive,2024-07-26
19841,Product_9841_1,electronics,753.2489461639251,206.61797543540678,archived,2024-12-18
19842,Product_9842_1,home,798.2212764968652,428.6594512313382,pending,2024-05-11
19843,Product_9843_1,home,173.86434346344416,340.9213009548798,archived,2024-08-16
19844,Product_9844_1,sports,631.3016159718798,206.20252586719576,inactive,2024-09-12
19845,Product_9845_1,books,552.6394197029764,385.29975429226636,pending,2024-07-05
19846,Product_9846_1,books,937.6556836005036,105.56738093808077,active,2024-08-01
19847,Product_9847_1,sports,647.3674534120382,361.65971356718154,active,2024-12-28
19848,Product_9848_1,books,529.8355579069836,464.6180001601776,active,2024-09-25
19849,Product_9849_1,sports,404.87894135095036,239.01112255035918,pending,2024-11-26
19850,Product_9850_1,electronics,569.6749538486586,369.9010935590924,pending,2024-11-23
19851,Product_9851_1,clothing,245.29141557142134,294.1899226120346,active,2024-02-22
19852,Product_9852_1,home,343.28437485600676,92.16430672466409,archived,2024-04-26
19853,Product_9853_1,clothing,761.0950770077758,406.67161414337534,archived,2024-01-11
19854,Product_9854_1,clothing,828.4067007573124,75.55101713234242,inactive,2024-02-25
19855,Product_9855_1,home,902.2316108549355,311.84113057953584,inactive,2024-03-21
19856,Product_9856_1,clothing,394.5870777152756,107.6862123340463,inactive,2024-11-22
19857,Product_9857_1,home,608.3217930591483,129.58288617464916,pending,2024-05-25
19858,Product_9858_1,home,854.8144487930972,249.77855929831028,active,2024-05-15
19859,Product_9859_1,home,361.1301553867373,75.30201736927212,active,2024-09-28
19860,Product_9860_1,sports,106.4984434465691,35.78907133943046,archived,2024-07-10
19861,Product_9861_1,clothing,542.5458386605285,75.92508577838555,inactive,2024-07-01
19862,Product_9862_1,clothing,572.9364283349361,21.511085998631806,active,2024-03-08
19863,Product_9863_1,electronics,721.3276816901424,433.9046696670238,pending,2024-01-16
19864,Product_9864_1,home,888.0122704368184,287.8788745985753,pending,2024-05-10
19865,Product_9865_1,home,285.1572074276773,429.21132026948936,archived,2024-07-25
19866,Product_9866_1,clothing,524.6391751152377,361.1180356289544,active,2024-03-25
19867,Product_9867_1,sports,635.990452003799,350.9348231278528,archived,2024-04-18
19868,Product_9868_1,books,892.1041009926589,278.16921019784155,active,2024-04-24
19869,Product_9869_1,books,885.8985888594775,66.75627273471191,archived,2024-03-26
19870,Product_9870_1,electronics,289.70297974221927,161.46151854406648,pending,2024-06-27
19871,Product_9871_1,books,258.3561180256458,304.5520577256181,pending,2024-01-02
19872,Product_9872_1,sports,382.4333960215788,117.88308949269556,inactive,2024-09-21
19873,Product_9873_1,home,773.194246456715,26.556118444494206,pending,2024-02-15
19874,Product_9874_1,clothing,41.60901587302319,348.40701653244065,inactive,2024-12-27
19875,Product_9875_1,books,431.4031944711142,52.753232051758744,inactive,2024-06-23
19876,Product_9876_1,sports,592.1925965059479,313.814373909147,archived,2024-05-05
19877,Product_9877_1,electronics,696.5019576884841,237.20277213892922,active,2024-10-13
19878,Product_9878_1,clothing,488.23823295869124,435.4698027707373,archived,2024-11-28
19879,Product_9879_1,home,683.5273981161336,269.1801765887943,pending,2024-07-13
19880,Product_9880_1,home,362.33813801808867,421.2685569222513,archived,2024-06-08
19881,Product_9881_1,books,129.09839483479573,471.38579532956663,active,2024-05-20
19882,Product_9882_1,books,927.7190881010765,272.0113426040515,pending,2024-06-13
19883,Product_9883_1,books,928.9511047985147,476.60266234528393,active,2024-07-22
19884,Product_9884_1,sports,249.17804562000225,102.31477545585574,active,2024-10-26
19885,Product_9885_1,home,90.9441662491811,113.06360143282356,archived,2024-09-11
19886,Product_9886_1,home,735.3479870461099,477.26704550451205,archived,2024-04-15
19887,Product_9887_1,home,93.49199680151759,170.36332653245543,archived,2024-07-08
19888,Product_9888_1,books,798.1539298891141,354.6056679930824,active,2024-02-14
19889,Product_9889_1,sports,865.6112967717262,175.9087275462766,inactive,2024-12-07
19890,Product_9890_1,home,586.0778797642419,377.4686042840817,active,2024-10-25
19891,Product_9891_1,home,836.048598664703,308.424170391229,archived,2024-01-26
19892,Product_9892_1,books,580.4641079381523,274.6548058330319,pending,2024-12-22
19893,Product_9893_1,books,932.2661525463337,207.60606655559752,active,2024-11-15
19894,Product_9894_1,clothing,360.5397804420019,67.3621863033909,archived,2024-03-15
19895,Product_9895_1,sports,92.11383179541355,489.365023865428,archived,2024-11-04
19896,Product_9896_1,home,165.93800729029212,314.28045699837145,inactive,2024-03-14
19897,Product_9897_1,sports,681.137059101382,319.2656628835577,archived,2024-09-21
19898,Product_9898_1,clothing,479.80802360381847,93.02271162912317,pending,2024-02-20
19899,Product_9899_1,electronics,770.639606050075,29.099739200981308,inactive,2024-11-07
19900,Product_9900_1,sports,228.4313639935142,397.86954537609034,active,2024-09-08
19901,Product_9901_1,electronics,326.41379859363815,434.90393125620125,inactive,2024-05-12
19902,Product_9902_1,home,64.51762422647192,375.04185087524803,active,2024-11-04
19903,Product_9903_1,clothing,879.8867200216492,489.83018947947323,inactive,2024-07-01
19904,Product_9904_1,clothing,368.0559596687787,74.32947673095575,pending,2024-06-24
19905,Product_9905_1,books,268.79674375004134,188.2902129660627,archived,2024-12-09
19906,Product_9906_1,home,104.71089702861792,42.311728335385354,active,2024-12-20
19907,Product_9907_1,home,244.02121206261236,420.72821663705406,inactive,2024-03-24
19908,Product_9908_1,sports,573.4836682012404,323.8706631088546,pending,2024-04-27
19909,Product_9909_1,clothing,217.50888964931798,173.7133207428938,inactive,2024-08-19
19910,Product_9910_1,electronics,882.5537542421242,403.72820793760826,pending,2024-12-02
19911,Product_9911_1,sports,78.66130934158595,234.9364719471861,archived,2024-06-04
19912,Product_9912_1,books,476.15771025924033,18.131853048427747,inactive,2024-12-27
19913,Product_9913_1,books,740.1816024305439,270.4742599166782,active,2024-01-08
19914,Product_9914_1,books,803.6898240134923,248.50053941590642,active,2024-11-16
19915,Product_9915_1,books,53.63642369854078,350.68525014297694,active,2024-02-10
19916,Product_9916_1,clothing,714.35072857191,323.1572728772017,archived,2024-09-04
19917,Product_9917_1,home,438.34145575822737,432.894950773842,inactive,2024-09-04
19918,Product_9918_1,books,582.8121725387577,291.7612380837327,archived,2024-12-18
19919,Product_9919_1,sports,434.84551529380747,299.3693392946469,active,2024-06-05
19920,Product_9920_1,home,327.4895390842971,370.6406233685429,pending,2024-01-02
19921,Product_9921_1,books,191.99124354053254,287.5166324044115,inactive,2024-12-12
19922,Product_9922_1,clothing,116.10228242541713,69.97108069641881,inactive,2024-08-18
19923,Product_9923_1,electronics,543.0871960938641,272.85477373006574,active,2024-01-12
19924,Product_9924_1,electronics,678.6087795545519,409.24923343212026,inactive,2024-03-27
19925,Product_9925_1,books,539.6077740739934,36.00792433814328,active,2024-01-08
19926,Product_9926_1,clothing,705.4918846660295,134.44032774174758,pending,2024-01-08
19927,Product_9927_1,sports,673.6873862576263,91.4925520745252,active,2024-04-14
19928,Product_9928_1,electronics,382.037202157181,53.912855248546165,inactive,2024-12-06
19929,Product_9929_1,books,732.7752906829612,75.5147410558881,active,2024-08-10
19930,Product_9930_1,sports,905.3260064723054,448.89704051809883,inactive,2024-01-02
19931,Product_9931_1,electronics,338.0308561704116,251.08112873325607,archived,2024-08-05
19932,Product_9932_1,clothing,981.5931005113152,376.81903928457365,pending,2024-11-03
19933,Product_9933_1,clothing,502.5596471130343,204.03728507977038,archived,2024-01-10
19934,Product_9934_1,home,151.25108281651453,246.17122943461302,pending,2024-07-14
19935,Product_9935_1,clothing,704.4667311810706,331.67334817555843,inactive,2024-10-15
19936,Product_9936_1,sports,945.3228080161655,345.27648180281153,archived,2024-11-22
19937,Product_9937_1,clothing,718.1625020699971,250.16948588914872,archived,2024-10-17
19938,Product_9938_1,clothing,286.39990434256845,44.02811588242035,archived,2024-12-27
19939,Product_9939_1,books,587.4318870369058,426.30533121896866,archived,2024-08-15
19940,Product_9940_1,sports,495.4342535849521,149.12477541724977,archived,2024-05-12
19941,Product_9941_1,sports,621.5392032665656,208.32805090062925,pending,2024-05-05
19942,Product_9942_1,clothing,728.2598055710291,157.0011871709322,active,2024-09-24
19943,Product_9943_1,books,229.4674888870453,499.047179168794,active,2024-10-03
19944,Product_9944_1,clothing,644.9105942575767,43.44416779345352,inactive,2024-12-06
19945,Product_9945_1,electronics,680.2518974068453,176.77403788202156,archived,2024-03-23
19946,Product_9946_1,electronics,912.714129219935,154.81443070532046,active,2024-01-21
19947,Product_9947_1,books,405.79093533324885,264.12352172380747,active,2024-02-09
19948,Product_9948_1,clothing,510.054003954703,449.3373755932528,archived,2024-02-08
19949,Product_9949_1,home,482.89682471000407,258.26294944215147,inactive,2024-07-17
19950,Product_9950_1,home,574.0252860169117,435.74024811619296,archived,2024-05-24
19951,Product_9951_1,home,3.2425827914886067,96.20992500767359,archived,2024-12-10
19952,Product_9952_1,home,39.6280291172879,159.90758247724654,inactive,2024-03-08
19953,Product_9953_1,clothing,797.516707868164,453.74588434252746,inactive,2024-05-24
19954,Product_9954_1,electronics,531.5438446409593,278.3788874916721,active,2024-04-16
19955,Product_9955_1,electronics,502.5193168411055,342.17474134043505,pending,2024-04-26
19956,Product_9956_1,books,339.225898682957,323.90786198554747,pending,2024-09-27
19957,Product_9957_1,books,416.9564890645298,119.64748092642186,active,2024-10-28
19958,Product_9958_1,books,33.509520366606196,43.988589092389105,archived,2024-01-18
19959,Product_9959_1,sports,376.0577376283335,79.22543029272163,pending,2024-02-08
19960,Product_9960_1,home,247.69790590032645,206.0315000546989,inactive,2024-03-07
19961,Product_9961_1,electronics,801.1738030132889,440.51318049305274,archived,2024-11-18
19962,Product_9962_1,sports,864.7985870136965,210.95691377314935,pending,2024-10-06
19963,Product_9963_1,books,608.3658396384783,334.0994766753032,pending,2024-11-17
19964,Product_9964_1,clothing,848.0285585167188,118.84179762451497,inactive,2024-01-24
19965,Product_9965_1,clothing,746.4371605510219,53.40191512745963,archived,2024-05-19
19966,Product_9966_1,sports,392.3451153541642,82.09163534797145,active,2024-03-16
19967,Product_9967_1,clothing,11.019045201017578,431.59049408458935,inactive,2024-11-26
19968,Product_9968_1,home,244.7115440710464,388.9994818172078,active,2024-11-08
19969,Product_9969_1,clothing,923.9146725395894,67.34080485700673,pending,2024-05-08
19970,Product_9970_1,clothing,990.8559638042041,302.75630776082147,active,2024-04-26
19971,Product_9971_1,clothing,825.792012225257,407.8079629228229,inactive,2024-06-23
19972,Product_9972_1,clothing,993.6029174325238,220.74839499237072,active,2024-11-25
19973,Product_9973_1,electronics,430.420717913705,80.14226239249392,active,2024-07-22
19974,Product_9974_1,clothing,754.0960838980836,74.15117028227995,active,2024-12-18
19975,Product_9975_1,books,498.24666997471576,208.40112583141598,archived,2024-03-09
19976,Product_9976_1,books,939.459889538192,316.04696698113213,archived,2024-01-17
19977,Product_9977_1,home,462.11121364841335,124.88095413081304,active,2024-06-07
19978,Product_9978_1,electronics,717.254457739167,311.87513409143344,pending,2024-07-13
19979,Product_9979_1,home,805.270204886427,346.7120859991041,archived,2024-03-14
19980,Product_9980_1,electronics,265.7369986516105,430.9271590191613,active,2024-10-21
19981,Product_9981_1,sports,458.5986373596915,127.12437734693191,active,2024-06-07
19982,Product_9982_1,electronics,273.70681017491995,62.03809401435025,archived,2024-12-24
19983,Product_9983_1,electronics,272.68161076713386,96.4724860771382,active,2024-05-06
19984,Product_9984_1,home,673.4850897634174,128.232212182517,archived,2024-05-16
19985,Product_9985_1,sports,119.17264850435818,191.04781532070092,inactive,2024-08-08
19986,Product_9986_1,home,765.19869380957,310.5975942104309,pending,2024-08-18
19987,Product_9987_1,home,299.64174452917484,180.2888934705728,archived,2024-02-09
19988,Product_9988_1,books,93.53372241266442,257.62146595261675,active,2024-12-05
19989,Product_9989_1,books,746.006657066313,442.58764970582706,inactive,2024-01-06
19990,Product_9990_1,sports,182.56473378904542,183.66349249611483,archived,2024-04-21
19991,Product_9991_1,home,108.82038818272186,165.25928664244267,pending,2024-09-16
19992,Product_9992_1,electronics,196.18135798218762,346.97708011851535,active,2024-07-05
19993,Product_9993_1,electronics,6.027097980144685,35.10353594913704,pending,2024-02-14
19994,Product_9994_1,sports,999.6196952414483,145.26196053314396,inactive,2024-02-14
19995,Product_9995_1,clothing,994.7401644765315,66.9610331851565,archived,2024-09-26
19996,Product_9996_1,clothing,419.38265148239987,111.70226932052474,inactive,2024-04-13
19997,Product_9997_1,home,794.4333349056744,327.5603748508451,active,2024-07-12
19998,Product_9998_1,clothing,606.4469936010235,129.28781093739877,active,2024-03-20
19999,Product_9999_1,books,556.2980996232229,404.0341624829383,pending,2024-12-09
