id,name,category,value,price,status,created_at
40000,Product_0_4,home,760.9712721031303,334.76110632593304,inactive,2024-01-12
40001,Product_1_4,electronics,623.0881332293033,108.04388737276462,archived,2024-05-23
40002,Product_2_4,electronics,400.30270151117685,187.7057838481151,pending,2024-02-25
40003,Product_3_4,clothing,345.95660990088174,78.2766191370556,active,2024-09-07
40004,Product_4_4,electronics,389.45781402380044,291.00991894432366,inactive,2024-08-17
40005,Product_5_4,books,513.5902769972629,38.79526655088631,active,2024-02-24
40006,Product_6_4,books,283.8646429096144,456.54965931792606,inactive,2024-12-09
40007,Product_7_4,home,629.9013304884571,336.21489181814104,inactive,2024-02-18
40008,Product_8_4,electronics,346.94549229639034,68.844883482249,active,2024-12-11
40009,Product_9_4,sports,161.06522806054707,414.60989161568193,archived,2024-01-17
40010,Product_10_4,clothing,755.0628134730879,363.0074538589401,pending,2024-02-09
40011,Product_11_4,books,431.6442166173934,232.97815523595239,active,2024-04-25
40012,Product_12_4,books,351.7768784437928,128.04433622804422,pending,2024-01-13
40013,Product_13_4,clothing,852.7698879404082,19.699147964094777,active,2024-12-28
40014,Product_14_4,electronics,341.1229883671646,276.48558571811276,pending,2024-11-28
40015,Product_15_4,books,321.2937783926637,340.59158251038156,active,2024-01-18
40016,Product_16_4,sports,231.79781092919652,121.16648378620135,pending,2024-02-11
40017,Product_17_4,home,675.4380455206164,86.31482429421528,active,2024-08-17
40018,Product_18_4,books,471.5953891808184,251.10175713480405,pending,2024-07-14
40019,Product_19_4,clothing,785.4583166403008,338.62922426532396,inactive,2024-11-18
40020,Product_20_4,sports,632.4243425272417,333.53709770233195,active,2024-05-03
40021,Product_21_4,electronics,590.7561630608454,146.22969197991836,pending,2024-02-09
40022,Product_22_4,clothing,260.17847845395823,167.4220899803688,active,2024-09-27
40023,Product_23_4,home,516.146090988214,124.37895320383453,pending,2024-08-11
40024,Product_24_4,home,792.2178671365278,271.14925706034904,pending,2024-01-07
40025,Product_25_4,clothing,666.7200599916346,478.11194585922823,archived,2024-09-16
40026,Product_26_4,clothing,172.65350880541402,465.41224590117804,archived,2024-12-19
40027,Product_27_4,home,960.9217169324488,353.99279992081347,archived,2024-09-28
40028,Product_28_4,home,653.0890012371143,51.734290632354934,pending,2024-06-23
40029,Product_29_4,books,35.41227454428948,243.88168937209036,active,2024-06-06
40030,Product_30_4,sports,290.74410673081496,228.47217612569884,pending,2024-06-16
40031,Product_31_4,electronics,906.9790072768566,289.4057289091414,pending,2024-09-22
40032,Product_32_4,clothing,27.608050171017297,291.5013050695382,active,2024-03-16
40033,Product_33_4,home,906.4012186208453,176.44424574378027,archived,2024-05-10
40034,Product_34_4,home,712.9748318935075,240.40818359191945,active,2024-12-19
40035,Product_35_4,electronics,382.7607371373181,107.13726083580119,active,2024-10-04
40036,Product_36_4,electronics,648.2494169662708,243.3883882105406,active,2024-08-06
40037,Product_37_4,sports,734.0625560451757,28.82785276458573,inactive,2024-08-07
40038,Product_38_4,home,724.1920154198689,109.99184534967475,active,2024-11-22
40039,Product_39_4,sports,499.9684041214989,108.90683642246371,pending,2024-12-26
40040,Product_40_4,clothing,589.2805437749888,48.64055650212958,inactive,2024-01-19
40041,Product_41_4,clothing,629.3745642378697,219.43444443594552,pending,2024-07-11
40042,Product_42_4,home,71.695536176618,276.76764124440905,inactive,2024-02-11
40043,Product_43_4,clothing,416.1614911680509,306.31153166521955,inactive,2024-08-18
40044,Product_44_4,books,162.09239270638858,430.03613851706615,active,2024-09-10
40045,Product_45_4,home,544.718816263279,281.42980697607777,active,2024-10-20
40046,Product_46_4,electronics,721.140581928919,188.6772416052989,inactive,2024-10-18
40047,Product_47_4,home,123.95092738958537,425.5194751045719,inactive,2024-04-28
40048,Product_48_4,clothing,82.37580289671406,121.79201804258697,active,2024-11-26
40049,Product_49_4,sports,366.3549502439006,169.81511840591892,pending,2024-06-26
40050,Product_50_4,home,68.25369878472544,41.10810572173487,pending,2024-04-23
40051,Product_51_4,clothing,480.2174096320193,294.8391528601878,archived,2024-06-25
40052,Product_52_4,electronics,764.7462260975827,379.32652740421037,pending,2024-05-06
40053,Product_53_4,electronics,822.3753193047748,74.47539916454264,active,2024-02-02
40054,Product_54_4,clothing,195.87720507240277,179.4918310717642,inactive,2024-09-20
40055,Product_55_4,books,271.65012320124373,419.32181314416283,archived,2024-02-15
40056,Product_56_4,books,970.9832020377243,436.17157253537454,inactive,2024-07-13
40057,Product_57_4,electronics,758.3576226692455,27.964324160900553,pending,2024-09-18
40058,Product_58_4,sports,483.06474273326205,262.2632111231784,pending,2024-07-07
40059,Product_59_4,clothing,168.15359666513345,39.92134196753556,active,2024-04-09
40060,Product_60_4,clothing,591.1945196350326,354.2073774181606,archived,2024-07-04
40061,Product_61_4,books,206.14002240523627,444.7064550118967,pending,2024-12-03
40062,Product_62_4,electronics,687.0705947636773,216.8413081954974,active,2024-03-28
40063,Product_63_4,home,991.3185116663595,312.3179277175424,pending,2024-12-03
40064,Product_64_4,clothing,561.6346154736054,335.8892511607262,archived,2024-01-28
40065,Product_65_4,sports,542.6671545892806,465.8398777673887,active,2024-10-03
40066,Product_66_4,sports,565.4703291407898,114.56115988343818,pending,2024-11-05
40067,Product_67_4,home,884.1394402067262,289.082738225468,inactive,2024-10-18
40068,Product_68_4,electronics,892.5809323204355,225.18035142474122,archived,2024-03-19
40069,Product_69_4,books,133.0987461166367,379.5243101667609,active,2024-07-21
40070,Product_70_4,clothing,829.4202665544577,273.0298308787785,inactive,2024-10-13
40071,Product_71_4,home,949.0662110166461,210.2049551556954,inactive,2024-06-22
40072,Product_72_4,electronics,349.16114431654364,221.37344829125027,active,2024-04-14
40073,Product_73_4,home,540.7796273215854,318.54362031585885,pending,2024-07-05
40074,Product_74_4,clothing,712.8608267453176,351.48637282548077,archived,2024-01-13
40075,Product_75_4,home,913.5761048347975,301.4515065696811,archived,2024-03-05
40076,Product_76_4,home,842.2792102540882,72.9949630935711,active,2024-06-07
40077,Product_77_4,sports,668.9456156744983,249.49309428698822,archived,2024-08-06
40078,Product_78_4,books,7.7576601750691925,73.5407606298343,pending,2024-07-04
40079,Product_79_4,books,687.1215956007868,259.39695833447934,archived,2024-07-09
40080,Product_80_4,books,523.8848557908223,25.14670641724967,pending,2024-01-20
40081,Product_81_4,home,99.97768824885766,291.7802842451373,active,2024-07-25
40082,Product_82_4,electronics,175.41231811422233,115.50214246558923,inactive,2024-11-24
40083,Product_83_4,sports,606.4644949076142,61.45134505943973,active,2024-02-16
40084,Product_84_4,clothing,310.1325944543281,236.0252742134485,archived,2024-03-27
40085,Product_85_4,sports,241.7173800282805,417.3570455333228,inactive,2024-09-20
40086,Product_86_4,electronics,541.7141040846946,318.01986213663,pending,2024-09-26
40087,Product_87_4,home,17.666481174830995,468.61234543866965,inactive,2024-03-22
40088,Product_88_4,clothing,635.0436934170739,372.92433565471515,archived,2024-06-16
40089,Product_89_4,clothing,17.854744236783777,146.14374294320797,inactive,2024-02-07
40090,Product_90_4,home,277.2573570778681,395.863992151049,archived,2024-07-10
40091,Product_91_4,sports,486.53946939653844,472.29951844066034,inactive,2024-07-22
40092,Product_92_4,books,702.4010108051348,495.80781450805904,inactive,2024-07-03
40093,Product_93_4,sports,13.053790132093106,470.0303236924988,inactive,2024-04-05
40094,Product_94_4,clothing,865.9291770446174,400.41715929917797,active,2024-11-01
40095,Product_95_4,electronics,957.8790412436324,261.11374416824674,archived,2024-01-21
40096,Product_96_4,electronics,583.4827033374132,21.281628275849666,active,2024-11-25
40097,Product_97_4,home,886.886586455932,167.09905206948673,active,2024-10-11
40098,Product_98_4,home,995.6176931386979,122.04367941104772,pending,2024-10-07
40099,Product_99_4,sports,909.5714494461168,275.98889189683393,archived,2024-10-18
40100,Product_100_4,sports,140.85386261819676,314.8175655444997,archived,2024-04-20
40101,Product_101_4,sports,443.4503546743511,93.31529932359386,archived,2024-07-02
40102,Product_102_4,electronics,271.8281255125029,54.9270316602223,active,2024-03-15
40103,Product_103_4,home,670.5346112978699,77.82127774186154,active,2024-05-11
40104,Product_104_4,sports,993.7965443928213,385.0383662112497,archived,2024-08-26
40105,Product_105_4,sports,650.8385928160486,188.97818873508,inactive,2024-08-20
40106,Product_106_4,books,738.9418008845375,365.2766439417487,inactive,2024-10-10
40107,Product_107_4,books,548.5720538442987,55.7467623170615,archived,2024-05-19
40108,Product_108_4,books,353.9370107942636,170.53357778670917,archived,2024-11-02
40109,Product_109_4,electronics,934.325281652844,128.03210153637514,pending,2024-12-18
40110,Product_110_4,clothing,780.1620672725202,276.830749995114,inactive,2024-01-23
40111,Product_111_4,books,602.0765162884314,129.67941274699214,archived,2024-08-03
40112,Product_112_4,books,213.59020746379116,484.55009411051043,archived,2024-02-17
40113,Product_113_4,clothing,681.4904236191849,178.77945108364557,pending,2024-07-11
40114,Product_114_4,electronics,186.8215013774692,361.9530309495839,active,2024-11-25
40115,Product_115_4,clothing,756.7591852498977,120.85947258617979,active,2024-01-15
40116,Product_116_4,clothing,106.94995607528311,301.5576595236544,active,2024-02-28
40117,Product_117_4,sports,898.241461853908,82.40483977980475,active,2024-04-04
40118,Product_118_4,clothing,373.6860010348233,151.85389049763737,inactive,2024-08-10
40119,Product_119_4,electronics,84.19299352548674,383.3179653080381,pending,2024-09-09
40120,Product_120_4,electronics,429.7273143257105,388.9740357939357,active,2024-12-05
40121,Product_121_4,sports,842.2499439109445,210.79907868411397,pending,2024-05-23
40122,Product_122_4,home,703.5819104587321,311.9605055377959,inactive,2024-09-18
40123,Product_123_4,books,137.8853001170832,300.8031466511457,inactive,2024-10-02
40124,Product_124_4,clothing,47.392070742365014,311.4618025462814,active,2024-08-13
40125,Product_125_4,home,853.1132138742078,399.67625007999004,pending,2024-01-01
40126,Product_126_4,clothing,115.3824871404758,48.747212102051385,archived,2024-04-27
40127,Product_127_4,clothing,932.6086271220487,109.79441561229609,pending,2024-05-15
40128,Product_128_4,clothing,576.4677886935028,324.8410490768865,inactive,2024-09-26
40129,Product_129_4,electronics,333.00167876903805,104.55259856456902,inactive,2024-08-05
40130,Product_130_4,home,54.4895253197295,180.3795735874876,inactive,2024-02-18
40131,Product_131_4,sports,69.00740688736032,258.9596284310619,pending,2024-09-25
40132,Product_132_4,sports,43.41928017659808,390.0589174075256,inactive,2024-01-27
40133,Product_133_4,clothing,21.7746055587494,347.12943871082115,archived,2024-09-20
40134,Product_134_4,home,232.83603503331707,449.4056697768286,inactive,2024-09-17
40135,Product_135_4,electronics,962.3965524186623,362.3853609286239,active,2024-08-09
40136,Product_136_4,clothing,522.0035856892065,150.1928882213509,archived,2024-06-01
40137,Product_137_4,electronics,453.8935264838882,145.46259875681332,inactive,2024-08-09
40138,Product_138_4,sports,119.0051225317082,388.42411034224784,inactive,2024-08-06
40139,Product_139_4,home,564.1111338158486,214.79705752574426,pending,2024-10-05
40140,Product_140_4,clothing,504.1291125631143,295.07870291193143,inactive,2024-07-11
40141,Product_141_4,clothing,939.2942283624919,357.09447891773436,active,2024-06-13
40142,Product_142_4,home,999.710835107759,262.7137483934314,active,2024-01-03
40143,Product_143_4,clothing,702.9796567046915,444.357659677795,inactive,2024-09-15
40144,Product_144_4,books,930.3216716191871,438.29596630210006,inactive,2024-11-04
40145,Product_145_4,electronics,356.726360388426,385.751348478158,archived,2024-09-08
40146,Product_146_4,electronics,522.4946385139434,457.70169508815695,pending,2024-07-21
40147,Product_147_4,sports,226.02502124115364,188.59204170875267,inactive,2024-06-13
40148,Product_148_4,electronics,524.5345827096457,14.47633568323167,pending,2024-10-28
40149,Product_149_4,books,154.57373370736877,55.3764273166954,inactive,2024-01-22
40150,Product_150_4,clothing,708.526639502917,235.60794012143464,inactive,2024-02-13
40151,Product_151_4,sports,995.6155068045441,256.8051215379937,archived,2024-08-03
40152,Product_152_4,sports,2.698175906693071,220.75088993009334,pending,2024-11-06
40153,Product_153_4,home,358.3920332412723,36.632415435159814,inactive,2024-11-25
40154,Product_154_4,books,324.5200572384603,149.70877704904674,archived,2024-08-26
40155,Product_155_4,electronics,40.71026230500823,231.18636814808758,inactive,2024-05-26
40156,Product_156_4,electronics,408.37051366901005,486.66795432753645,active,2024-08-22
40157,Product_157_4,sports,111.57274362388088,387.50666262355725,pending,2024-06-21
40158,Product_158_4,clothing,125.420894538233,85.13004950790433,archived,2024-05-22
40159,Product_159_4,clothing,629.1043489850267,63.41541486448551,inactive,2024-08-25
40160,Product_160_4,clothing,116.44825213641916,448.29378470542275,archived,2024-12-23
40161,Product_161_4,electronics,382.78688581557617,219.99794497952638,pending,2024-01-18
40162,Product_162_4,electronics,509.27261254050865,445.33349040077013,pending,2024-05-01
40163,Product_163_4,electronics,347.8969734897151,301.71406824015054,pending,2024-07-23
40164,Product_164_4,books,546.2897253008497,86.87977877467641,pending,2024-12-09
40165,Product_165_4,home,134.99532671217258,392.15900987671034,archived,2024-09-01
40166,Product_166_4,electronics,535.1181070902381,457.6590649663593,active,2024-07-13
40167,Product_167_4,clothing,980.6939659507822,333.62664885249654,pending,2024-06-27
40168,Product_168_4,home,121.63958408948788,274.1499938370196,archived,2024-08-14
40169,Product_169_4,sports,459.78831030352,327.4686671156237,inactive,2024-04-17
40170,Product_170_4,home,795.2592849301936,159.88987304401593,archived,2024-08-20
40171,Product_171_4,electronics,265.87378742893804,457.8928811032358,active,2024-11-14
40172,Product_172_4,electronics,327.8587723663246,58.8207388577341,active,2024-07-07
40173,Product_173_4,home,356.05508772473803,358.86117089651725,active,2024-08-09
40174,Product_174_4,books,609.3324348447696,417.0679853630654,archived,2024-01-01
40175,Product_175_4,home,162.5095371210588,466.3046679568657,inactive,2024-04-02
40176,Product_176_4,clothing,587.8381293597314,168.48902586702317,inactive,2024-03-19
40177,Product_177_4,clothing,608.4596075826485,278.0930978385058,active,2024-05-25
40178,Product_178_4,home,812.978552423953,186.92260735328546,active,2024-03-09
40179,Product_179_4,home,344.72538307500633,374.15644810458025,active,2024-10-26
40180,Product_180_4,clothing,24.32309859420009,335.0274725771978,pending,2024-10-23
40181,Product_181_4,books,50.815333118824284,88.25164566400908,active,2024-04-04
40182,Product_182_4,books,470.3685809509978,73.72702471484493,pending,2024-06-12
40183,Product_183_4,clothing,590.6277660532753,199.7396791668414,inactive,2024-04-17
40184,Product_184_4,home,820.327201616653,258.3417418427548,active,2024-10-16
40185,Product_185_4,home,462.2145433017584,345.6280211786469,active,2024-11-20
40186,Product_186_4,books,112.49968279111867,229.88368045538246,pending,2024-10-26
40187,Product_187_4,electronics,756.206984050262,243.07153680587186,archived,2024-08-19
40188,Product_188_4,books,708.6316375128299,117.8158531754616,pending,2024-08-14
40189,Product_189_4,electronics,398.1408977971886,44.46423798417343,pending,2024-10-02
40190,Product_190_4,clothing,146.05592954303296,256.51034458662167,archived,2024-02-20
40191,Product_191_4,sports,935.5387326232468,238.98052279192189,inactive,2024-10-14
40192,Product_192_4,electronics,663.6031579876802,78.11923636676087,pending,2024-07-09
40193,Product_193_4,books,398.30140804155565,496.21904484499566,inactive,2024-09-14
40194,Product_194_4,electronics,931.3348050986785,353.7849746406643,active,2024-12-26
40195,Product_195_4,electronics,31.617229499438032,449.7125486681541,pending,2024-10-17
40196,Product_196_4,home,924.9858355895785,347.854265673056,pending,2024-09-28
40197,Product_197_4,clothing,192.63825256723578,29.04080640213762,inactive,2024-04-13
40198,Product_198_4,electronics,796.2664171469273,80.44843708919373,pending,2024-02-22
40199,Product_199_4,electronics,544.7755899886445,420.33136283331464,archived,2024-12-10
40200,Product_200_4,books,717.9193151162423,82.63145268184249,archived,2024-01-11
40201,Product_201_4,sports,189.9475247359188,26.961177644245804,inactive,2024-12-10
40202,Product_202_4,electronics,890.7339915912207,462.6687806471137,pending,2024-09-16
40203,Product_203_4,sports,208.7927024045361,143.1640118751028,inactive,2024-05-28
40204,Product_204_4,sports,708.6914916979874,412.094780330377,inactive,2024-08-12
40205,Product_205_4,clothing,991.4637109449865,119.1607285590286,archived,2024-05-24
40206,Product_206_4,books,382.6194267096749,47.25990024422521,active,2024-08-02
40207,Product_207_4,clothing,521.5065506240874,123.6201781985464,active,2024-08-13
40208,Product_208_4,clothing,981.2176635601237,296.0893881662979,pending,2024-03-03
40209,Product_209_4,sports,416.8007643333784,119.691297276233,pending,2024-02-11
40210,Product_210_4,electronics,672.3746589152831,20.21959230941719,active,2024-12-12
40211,Product_211_4,books,513.5260168266182,319.01205509758444,archived,2024-06-02
40212,Product_212_4,clothing,346.85103678821054,458.6140574731764,inactive,2024-05-10
40213,Product_213_4,books,254.90759217799737,320.9457111249448,pending,2024-06-07
40214,Product_214_4,clothing,964.5610777011692,372.7887517173998,active,2024-09-09
40215,Product_215_4,home,211.67177509970617,120.98611692393169,active,2024-01-11
40216,Product_216_4,electronics,687.0963365189759,46.49369661926645,pending,2024-04-22
40217,Product_217_4,home,277.97095225785114,398.27297960823245,inactive,2024-07-17
40218,Product_218_4,books,54.575801387128074,210.65538386815095,inactive,2024-08-09
40219,Product_219_4,electronics,463.91824962251144,139.00319490763047,archived,2024-09-25
40220,Product_220_4,clothing,356.96138558447416,439.7130763531747,inactive,2024-12-22
40221,Product_221_4,clothing,291.509915777228,178.62111884946071,archived,2024-08-12
40222,Product_222_4,sports,249.08740092279075,63.33521242821405,archived,2024-05-15
40223,Product_223_4,sports,449.359207487866,108.78553063645506,archived,2024-05-13
40224,Product_224_4,books,431.059167910577,219.45145541111478,inactive,2024-02-06
40225,Product_225_4,books,267.19278593228967,302.3574479231256,active,2024-09-18
40226,Product_226_4,home,607.695024009691,189.60892803990185,pending,2024-09-25
40227,Product_227_4,electronics,62.74671690198137,287.8400557060784,pending,2024-07-10
40228,Product_228_4,home,906.642063673734,280.1728066122755,pending,2024-06-23
40229,Product_229_4,clothing,511.03593252709453,97.17223933920647,active,2024-07-19
40230,Product_230_4,books,788.2929324135944,56.00491512465093,active,2024-12-06
40231,Product_231_4,home,723.7480331385824,305.04295152006904,pending,2024-05-03
40232,Product_232_4,sports,5.110800802786914,68.64162378891018,archived,2024-09-07
40233,Product_233_4,sports,539.8619582934366,283.4729826534024,pending,2024-10-05
40234,Product_234_4,home,894.240892756958,286.58806006507075,active,2024-01-16
40235,Product_235_4,books,778.5905384788512,126.89832978269244,active,2024-12-23
40236,Product_236_4,home,797.213546741525,387.6310229408968,inactive,2024-04-28
40237,Product_237_4,books,647.9076930888044,243.0303338098551,inactive,2024-08-24
40238,Product_238_4,home,349.64419133801107,251.95398742144297,active,2024-08-12
40239,Product_239_4,home,124.0123043648213,238.44712199817056,archived,2024-10-05
40240,Product_240_4,home,691.8847273361744,45.86426038121353,archived,2024-10-24
40241,Product_241_4,clothing,140.42731102499778,168.24944824318698,inactive,2024-07-22
40242,Product_242_4,sports,725.5577877526927,148.57701300473852,pending,2024-04-13
40243,Product_243_4,home,987.7784187660102,94.6337823407408,inactive,2024-10-10
40244,Product_244_4,sports,777.49189474951,79.66364168575315,pending,2024-09-22
40245,Product_245_4,sports,61.754899011935144,105.95219380543266,active,2024-07-10
40246,Product_246_4,home,973.6430863044491,354.4568684207466,inactive,2024-04-16
40247,Product_247_4,electronics,153.22991845656054,297.8431611539258,active,2024-08-20
40248,Product_248_4,clothing,800.1816356061963,473.9015637831508,active,2024-05-13
40249,Product_249_4,sports,332.0824090788421,408.53933356266845,active,2024-11-17
40250,Product_250_4,books,82.66064896386544,257.0211223779695,active,2024-03-11
40251,Product_251_4,electronics,192.79006674008417,210.27555933583056,active,2024-01-27
40252,Product_252_4,home,52.10994582354257,206.95882018682767,active,2024-05-24
40253,Product_253_4,books,610.9581281215067,238.6230426418351,inactive,2024-02-04
40254,Product_254_4,clothing,646.7630841463243,336.18573038712486,active,2024-12-26
40255,Product_255_4,clothing,515.8863500526139,370.0558111155667,inactive,2024-03-27
40256,Product_256_4,books,944.176557125757,252.21471155961925,active,2024-09-23
40257,Product_257_4,sports,110.67280093915011,117.32162890814364,inactive,2024-05-14
40258,Product_258_4,home,115.41578042783732,337.88347816734887,pending,2024-02-03
40259,Product_259_4,sports,249.66343043202664,57.63742525089162,archived,2024-09-23
40260,Product_260_4,clothing,938.9003193376857,123.55886860753509,inactive,2024-10-22
40261,Product_261_4,books,863.1566417195824,31.22793651037192,pending,2024-07-15
40262,Product_262_4,electronics,808.0406587866971,282.60517253877936,inactive,2024-07-11
40263,Product_263_4,electronics,685.619694840704,97.95198854583724,pending,2024-07-08
40264,Product_264_4,sports,890.6710753298715,444.6728573786041,pending,2024-01-11
40265,Product_265_4,electronics,909.4565558427824,120.25648375597954,active,2024-02-07
40266,Product_266_4,clothing,86.3585553529948,130.21996104010714,inactive,2024-05-02
40267,Product_267_4,electronics,926.1272917545502,258.62702625958093,pending,2024-03-27
40268,Product_268_4,electronics,467.1447522651333,117.3963072827223,pending,2024-04-08
40269,Product_269_4,books,806.8818110240377,435.0560313947377,inactive,2024-07-24
40270,Product_270_4,books,260.51447482068903,389.4436438160916,archived,2024-12-27
40271,Product_271_4,clothing,628.1013442732542,296.93677733649815,archived,2024-10-03
40272,Product_272_4,sports,667.8082008921313,319.41736758839846,active,2024-02-25
40273,Product_273_4,electronics,194.52012485355533,28.362216700652297,inactive,2024-03-03
40274,Product_274_4,home,890.9192965219552,486.00748934753557,inactive,2024-02-17
40275,Product_275_4,books,343.8982221834828,437.68415040273163,active,2024-07-27
40276,Product_276_4,sports,697.5434495346398,471.43933315927364,archived,2024-07-24
40277,Product_277_4,sports,327.9651095381089,442.02501316150267,archived,2024-03-19
40278,Product_278_4,clothing,616.1558245728163,15.393764195443127,archived,2024-02-27
40279,Product_279_4,home,995.3776678460702,330.44663424802167,inactive,2024-08-23
40280,Product_280_4,electronics,348.5620241385614,97.19182848119297,inactive,2024-02-22
40281,Product_281_4,clothing,420.572541137207,137.2551287023565,active,2024-06-01
40282,Product_282_4,clothing,75.76731624695333,30.257737191906646,inactive,2024-10-01
40283,Product_283_4,electronics,237.7147804335721,185.66628566321813,active,2024-07-22
40284,Product_284_4,electronics,760.4098756840338,325.491834052158,pending,2024-12-23
40285,Product_285_4,clothing,994.7411455815352,83.59469504320533,archived,2024-07-16
40286,Product_286_4,clothing,404.1835579517524,279.20924664045384,inactive,2024-12-09
40287,Product_287_4,clothing,161.36812723516087,308.4773990700884,active,2024-03-06
40288,Product_288_4,home,7.408394553346619,36.45396841976513,pending,2024-08-25
40289,Product_289_4,electronics,38.945552704888804,345.5700080479648,archived,2024-11-21
40290,Product_290_4,sports,324.8519089599037,229.74025493422212,pending,2024-01-11
40291,Product_291_4,electronics,382.3912263778739,153.08559149815397,active,2024-09-05
40292,Product_292_4,clothing,603.9596056592775,430.2243635053159,inactive,2024-06-01
40293,Product_293_4,electronics,905.2721786761563,18.274756394727458,active,2024-11-28
40294,Product_294_4,home,636.0052777416176,282.9491331258835,inactive,2024-12-04
40295,Product_295_4,clothing,399.22870058262623,258.36296652005797,active,2024-09-13
40296,Product_296_4,home,902.2383980909634,453.00626152050353,inactive,2024-09-18
40297,Product_297_4,electronics,344.58550707520834,376.83842507348703,archived,2024-02-07
40298,Product_298_4,electronics,164.69301664261752,250.35895308789313,inactive,2024-01-19
40299,Product_299_4,sports,977.4142985200765,35.97942559355751,active,2024-04-22
40300,Product_300_4,books,968.6969153126287,378.25762244426124,pending,2024-01-25
40301,Product_301_4,home,666.9158572918817,422.49109260349906,pending,2024-03-07
40302,Product_302_4,books,130.75819573771486,354.51383657074825,archived,2024-08-12
40303,Product_303_4,clothing,841.5356992215353,455.0350096596987,inactive,2024-02-20
40304,Product_304_4,books,674.1867165740258,258.4187350745215,inactive,2024-10-18
40305,Product_305_4,electronics,219.38932003792544,59.146321425315435,inactive,2024-04-12
40306,Product_306_4,electronics,653.0767127234295,54.08371385039557,inactive,2024-03-25
40307,Product_307_4,home,954.9086945557788,385.02929042346386,active,2024-02-04
40308,Product_308_4,home,432.3101787805231,423.6935377099967,inactive,2024-01-05
40309,Product_309_4,sports,200.69397994489987,134.29796916405118,inactive,2024-10-08
40310,Product_310_4,electronics,142.05399822406628,134.71616728372976,active,2024-11-28
40311,Product_311_4,clothing,695.9606872440388,209.7360341486922,pending,2024-12-05
40312,Product_312_4,electronics,504.80823794874703,244.54947995415415,active,2024-01-19
40313,Product_313_4,books,289.2735698839137,55.10457160406599,active,2024-04-19
40314,Product_314_4,home,732.9036745093731,462.4221720491926,pending,2024-07-26
40315,Product_315_4,home,557.8787463935182,430.7583926671922,active,2024-09-21
40316,Product_316_4,sports,406.73843800501794,124.94752399850077,inactive,2024-12-01
40317,Product_317_4,clothing,392.7118437702966,494.9791260977408,pending,2024-03-07
40318,Product_318_4,sports,477.9801389535843,348.151063450854,inactive,2024-08-16
40319,Product_319_4,clothing,758.1261312119241,271.734788604274,inactive,2024-03-03
40320,Product_320_4,books,569.1558993998851,70.76527738492624,inactive,2024-05-10
40321,Product_321_4,home,613.6310025526335,455.86703023627126,archived,2024-08-22
40322,Product_322_4,sports,821.2240717900967,144.08720689535863,archived,2024-11-14
40323,Product_323_4,electronics,911.0466081704584,235.92959681837533,active,2024-03-12
40324,Product_324_4,electronics,227.84600332650328,103.90558563455119,active,2024-06-26
40325,Product_325_4,electronics,619.029430973386,225.97448010404847,pending,2024-02-02
40326,Product_326_4,electronics,323.83083441578543,361.85400998291493,pending,2024-08-04
40327,Product_327_4,clothing,972.2099976133657,121.40743083976552,inactive,2024-03-23
40328,Product_328_4,clothing,184.9485347527485,206.24452770072037,inactive,2024-10-04
40329,Product_329_4,books,261.3760331823228,417.09579372061444,pending,2024-01-23
40330,Product_330_4,sports,962.8119847001215,494.3435121103039,archived,2024-02-07
40331,Product_331_4,sports,213.44520398888326,208.50388951033847,archived,2024-11-02
40332,Product_332_4,home,550.1287867463847,22.901127388828183,active,2024-08-06
40333,Product_333_4,sports,301.66169161056877,438.8652385852809,archived,2024-03-07
40334,Product_334_4,electronics,600.8891443649924,198.52874497677917,archived,2024-11-27
40335,Product_335_4,clothing,835.0571166381686,108.37880308935881,pending,2024-08-16
40336,Product_336_4,books,875.8323067833495,215.52398869050927,pending,2024-03-09
40337,Product_337_4,books,639.3094436021925,180.8792427634497,active,2024-12-19
40338,Product_338_4,sports,893.2174587060725,406.2141847402023,inactive,2024-10-13
40339,Product_339_4,home,471.9382984284002,236.17343414768962,inactive,2024-07-10
40340,Product_340_4,electronics,272.1865925522351,267.3773439863035,active,2024-12-01
40341,Product_341_4,home,129.16006871779177,49.266279316349745,archived,2024-07-20
40342,Product_342_4,electronics,995.5278748604824,349.9429149433303,pending,2024-04-24
40343,Product_343_4,books,70.5611553654321,86.57025405542625,archived,2024-05-01
40344,Product_344_4,sports,890.0950348201359,49.07598700458604,active,2024-12-07
40345,Product_345_4,home,250.58530772590373,429.5019500957985,pending,2024-10-01
40346,Product_346_4,home,847.2435721334468,299.03441749105,pending,2024-02-25
40347,Product_347_4,clothing,314.27472986212365,279.52797329801547,active,2024-06-27
40348,Product_348_4,clothing,431.75784634788477,386.98483939246074,active,2024-12-15
40349,Product_349_4,electronics,445.1309395462234,98.62823236110194,inactive,2024-04-17
40350,Product_350_4,clothing,373.2684956202211,17.61963023951674,active,2024-10-12
40351,Product_351_4,electronics,265.38515661757395,445.89435537597075,inactive,2024-08-22
40352,Product_352_4,clothing,911.4623177228232,128.9378075556391,pending,2024-07-11
40353,Product_353_4,electronics,368.3371397604745,219.89680624585154,pending,2024-06-15
40354,Product_354_4,home,305.9358201656627,486.5412141525921,archived,2024-03-04
40355,Product_355_4,home,122.39749198113735,398.23782414143824,pending,2024-01-15
40356,Product_356_4,sports,241.3160690805389,139.4699234694508,inactive,2024-10-05
40357,Product_357_4,clothing,539.2806637888434,67.37235874545243,active,2024-04-26
40358,Product_358_4,sports,114.67487097518018,368.79067712256926,pending,2024-07-27
40359,Product_359_4,electronics,77.9306245374594,143.41648410323563,active,2024-05-22
40360,Product_360_4,books,902.9463301294047,209.90266020155366,pending,2024-08-16
40361,Product_361_4,home,935.8620142014593,461.2487101601843,archived,2024-04-07
40362,Product_362_4,electronics,584.5058705658721,318.04921618402614,archived,2024-11-24
40363,Product_363_4,books,604.3707610270836,328.9220874283925,archived,2024-11-16
40364,Product_364_4,home,354.7593588592487,52.53026401214352,pending,2024-08-05
40365,Product_365_4,books,704.6640885072912,186.89440663857,archived,2024-02-20
40366,Product_366_4,sports,582.1734441848124,189.30663318204756,active,2024-09-26
40367,Product_367_4,home,330.93129993351516,216.67649536147223,pending,2024-03-27
40368,Product_368_4,electronics,285.99039863323145,212.34929535541798,archived,2024-01-23
40369,Product_369_4,sports,552.2586490139322,303.1255424089771,inactive,2024-09-22
40370,Product_370_4,clothing,355.1268418257665,129.69239226637387,archived,2024-11-15
40371,Product_371_4,electronics,862.961434326088,472.7344789256246,pending,2024-06-08
40372,Product_372_4,electronics,752.4127923296843,436.1836278703669,inactive,2024-08-16
40373,Product_373_4,clothing,276.2892347975496,53.01985367794835,archived,2024-03-09
40374,Product_374_4,books,844.6322129784321,266.3363283584099,inactive,2024-09-11
40375,Product_375_4,sports,979.0078057466927,25.741400616755744,inactive,2024-12-27
40376,Product_376_4,electronics,972.8497180686584,299.38871820647336,pending,2024-05-21
40377,Product_377_4,sports,946.9751317827536,258.52782100294314,archived,2024-05-28
40378,Product_378_4,home,820.6893338857567,370.9042196954521,pending,2024-12-15
40379,Product_379_4,home,459.36867009202143,363.6017228222418,archived,2024-07-09
40380,Product_380_4,clothing,140.36873674415946,244.87430730611655,archived,2024-07-03
40381,Product_381_4,home,389.6558601361968,491.25976082713163,pending,2024-09-04
40382,Product_382_4,electronics,684.175463152904,178.5723056811172,active,2024-05-23
40383,Product_383_4,clothing,445.2332936162863,247.84454410411274,inactive,2024-06-08
40384,Product_384_4,books,851.3515745295352,313.5195153506521,archived,2024-12-24
40385,Product_385_4,electronics,54.254353908520834,81.02752584688704,active,2024-06-01
40386,Product_386_4,books,386.76972110738166,48.96612462214328,archived,2024-08-08
40387,Product_387_4,home,932.2809437115608,82.93821147354419,archived,2024-06-16
40388,Product_388_4,books,395.1017728382474,443.7638432717335,archived,2024-11-25
40389,Product_389_4,clothing,74.88186858450521,315.3824712339935,inactive,2024-04-06
40390,Product_390_4,sports,182.19817441754654,434.99302968576814,inactive,2024-03-21
40391,Product_391_4,clothing,388.235485354959,132.71182758604752,inactive,2024-03-14
40392,Product_392_4,home,333.5332683578568,415.25625706756574,archived,2024-05-25
40393,Product_393_4,home,20.692968664548317,84.06472921222466,active,2024-08-13
40394,Product_394_4,home,872.0605620803317,312.26923244914275,archived,2024-05-04
40395,Product_395_4,clothing,846.0552798819285,357.3943291710554,inactive,2024-06-13
40396,Product_396_4,electronics,163.4049143978644,131.17206615427898,inactive,2024-05-23
40397,Product_397_4,sports,762.2849386486188,379.7120832853397,archived,2024-09-27
40398,Product_398_4,home,278.6992524175178,33.576597621101065,pending,2024-12-06
40399,Product_399_4,books,781.9071530050683,323.1334196299069,active,2024-05-04
40400,Product_400_4,home,28.010981343118477,141.42402997391343,inactive,2024-03-25
40401,Product_401_4,electronics,129.7170193447803,206.27262212963612,archived,2024-09-18
40402,Product_402_4,books,129.47838360555463,454.1056434281531,pending,2024-03-14
40403,Product_403_4,books,818.8930774014862,313.692722240764,archived,2024-05-04
40404,Product_404_4,clothing,525.2876564410539,378.3497185227749,pending,2024-12-26
40405,Product_405_4,electronics,35.57845422012313,284.1945611839915,archived,2024-07-26
40406,Product_406_4,home,672.8297664567391,185.48043931171122,active,2024-11-07
40407,Product_407_4,clothing,856.4821373381794,301.6905137107983,archived,2024-04-08
40408,Product_408_4,home,426.03297281692403,26.899589327855036,active,2024-08-20
40409,Product_409_4,clothing,950.0202521842574,369.70384532461276,inactive,2024-05-16
40410,Product_410_4,electronics,312.21222534270277,468.56396400959886,archived,2024-10-10
40411,Product_411_4,home,880.6574025909235,177.07122424659082,active,2024-03-06
40412,Product_412_4,electronics,416.95329866941614,373.2787676899184,pending,2024-04-13
40413,Product_413_4,clothing,699.1840770751129,21.946751398108052,inactive,2024-05-01
40414,Product_414_4,clothing,436.4254399596668,224.37209672024392,archived,2024-12-19
40415,Product_415_4,books,934.5606669482697,248.29295850970033,pending,2024-05-28
40416,Product_416_4,sports,723.2184944740135,24.689118751918244,archived,2024-04-17
40417,Product_417_4,electronics,234.28212342652233,344.66819010514746,pending,2024-06-02
40418,Product_418_4,books,703.0771469680477,26.81317317627416,inactive,2024-05-05
40419,Product_419_4,books,314.8114743521948,408.22936258262354,active,2024-03-03
40420,Product_420_4,electronics,778.0408805905838,11.636731290231149,inactive,2024-09-23
40421,Product_421_4,electronics,611.1454578757689,418.51657564633354,pending,2024-11-14
40422,Product_422_4,clothing,522.9876484290012,256.5164612610931,active,2024-11-10
40423,Product_423_4,books,883.3198120452859,281.1181223850143,pending,2024-05-13
40424,Product_424_4,electronics,515.850096911684,148.3164361634023,pending,2024-08-20
40425,Product_425_4,home,930.677747783242,82.45000920863342,inactive,2024-11-12
40426,Product_426_4,home,530.8743545006915,283.3127227080333,inactive,2024-11-21
40427,Product_427_4,clothing,716.815002014894,81.76916224678236,archived,2024-08-01
40428,Product_428_4,home,722.9872890308736,415.6817919993569,pending,2024-04-18
40429,Product_429_4,home,713.8705893584352,66.08169755218498,inactive,2024-12-03
40430,Product_430_4,clothing,64.47235187963707,392.0712342395045,inactive,2024-11-02
40431,Product_431_4,books,843.0460831925163,102.17437335778811,active,2024-12-28
40432,Product_432_4,clothing,479.241556013241,444.89144016595424,inactive,2024-03-13
40433,Product_433_4,books,115.20619969132973,349.9115858149138,inactive,2024-10-07
40434,Product_434_4,electronics,722.8987063272398,193.6857558853639,inactive,2024-02-16
40435,Product_435_4,electronics,491.3675572236139,208.173581535269,archived,2024-03-21
40436,Product_436_4,home,825.7414579854424,127.97271590971309,archived,2024-12-07
40437,Product_437_4,electronics,246.94591170337165,310.86618814539577,active,2024-07-05
40438,Product_438_4,sports,565.324770832847,14.755381471964178,active,2024-05-18
40439,Product_439_4,books,502.0134490571412,78.99180013467208,inactive,2024-10-17
40440,Product_440_4,clothing,759.0559445539411,283.5322448069033,inactive,2024-08-05
40441,Product_441_4,electronics,818.3726226286298,383.5061851363953,pending,2024-03-25
40442,Product_442_4,sports,379.11795989271906,177.80132134536265,archived,2024-06-16
40443,Product_443_4,sports,979.4632358229007,339.6390845178092,active,2024-09-16
40444,Product_444_4,books,798.5927879705157,232.49450091586044,inactive,2024-02-02
40445,Product_445_4,electronics,575.5037171811983,74.24522065363007,active,2024-06-08
40446,Product_446_4,home,662.5567887723482,92.35198234831914,archived,2024-01-06
40447,Product_447_4,clothing,410.16410279857365,488.46557681678973,archived,2024-10-27
40448,Product_448_4,books,550.2342593433641,71.36444601088219,active,2024-02-04
40449,Product_449_4,electronics,552.9324188784948,63.83228842090451,pending,2024-07-07
40450,Product_450_4,home,710.7716537615196,64.18246694257704,archived,2024-06-06
40451,Product_451_4,clothing,365.1477121486158,213.20436447811213,pending,2024-11-17
40452,Product_452_4,home,908.3402365220755,258.1874515006023,archived,2024-11-22
40453,Product_453_4,clothing,327.24649714200405,385.0768957110108,pending,2024-07-22
40454,Product_454_4,home,707.8154486720541,324.2992685044627,pending,2024-09-25
40455,Product_455_4,electronics,294.887325477211,122.64394185698822,inactive,2024-03-28
40456,Product_456_4,books,470.1205384776347,369.4508914464642,active,2024-08-11
40457,Product_457_4,clothing,950.4411765881981,124.46035305372236,pending,2024-08-28
40458,Product_458_4,home,655.8020869572786,271.44691960189016,pending,2024-03-18
40459,Product_459_4,home,754.5299202417634,434.0365819955664,inactive,2024-10-10
40460,Product_460_4,home,226.3553118369434,163.80510679793028,active,2024-11-08
40461,Product_461_4,books,778.6403964334818,186.43048381320457,archived,2024-06-06
40462,Product_462_4,sports,902.757419445065,158.71182844339896,pending,2024-10-05
40463,Product_463_4,books,208.00724749618894,52.14380715493091,active,2024-02-13
40464,Product_464_4,electronics,159.32465171244786,352.34440684085143,inactive,2024-06-19
40465,Product_465_4,clothing,14.106565551391913,324.61113820442205,active,2024-12-23
40466,Product_466_4,books,47.35988619519711,150.41853218877415,archived,2024-11-14
40467,Product_467_4,sports,800.7474864533275,80.13865812227507,inactive,2024-04-11
40468,Product_468_4,books,215.6719572358718,338.3870212433683,inactive,2024-10-21
40469,Product_469_4,sports,626.5774979979013,420.21510058010284,inactive,2024-09-24
40470,Product_470_4,home,59.000195052442685,324.7401876917394,pending,2024-07-21
40471,Product_471_4,sports,779.0389894355086,406.7548546965603,inactive,2024-03-20
40472,Product_472_4,home,789.960734974964,478.5244205471018,pending,2024-09-11
40473,Product_473_4,electronics,336.6505848384771,454.5575566502083,active,2024-02-19
40474,Product_474_4,clothing,408.5084177135639,172.59455550925924,inactive,2024-11-10
40475,Product_475_4,electronics,2.668575751392351,376.0818962596687,active,2024-02-10
40476,Product_476_4,books,918.6376253097142,325.8018739250591,active,2024-05-08
40477,Product_477_4,sports,111.5858105916486,498.3809922050775,pending,2024-12-13
40478,Product_478_4,sports,295.60761428486313,396.9664210210449,archived,2024-07-18
40479,Product_479_4,sports,801.5681584659094,284.25254758881385,pending,2024-01-25
40480,Product_480_4,clothing,902.8067756909631,279.2744459028871,pending,2024-01-21
40481,Product_481_4,electronics,652.3995152764801,465.8725334636153,inactive,2024-12-26
40482,Product_482_4,sports,49.46136412617974,300.299397127568,pending,2024-07-19
40483,Product_483_4,sports,424.64953380569085,244.76801954809906,archived,2024-06-14
40484,Product_484_4,electronics,172.050323672859,226.99225875617898,archived,2024-03-03
40485,Product_485_4,clothing,257.3329517720668,239.7405108316786,active,2024-07-15
40486,Product_486_4,home,423.4145321184242,184.88599319936455,pending,2024-12-27
40487,Product_487_4,clothing,222.5636851782451,461.8472219136333,active,2024-09-19
40488,Product_488_4,electronics,686.091845288028,71.09404483618044,active,2024-05-08
40489,Product_489_4,sports,874.702869960932,188.6162915629431,active,2024-06-25
40490,Product_490_4,home,842.7645958499883,370.26197734342065,pending,2024-03-24
40491,Product_491_4,electronics,145.48837632001496,155.85864070899248,active,2024-04-06
40492,Product_492_4,electronics,678.8227042803484,90.91269689917502,active,2024-07-26
40493,Product_493_4,home,928.755239363298,41.943213588424726,inactive,2024-07-04
40494,Product_494_4,electronics,347.00253254563273,209.9351467957038,archived,2024-05-15
40495,Product_495_4,books,183.71563914342676,195.42664579338626,inactive,2024-03-24
40496,Product_496_4,home,703.8434047857405,475.9262926520388,pending,2024-12-09
40497,Product_497_4,home,65.18051054450864,104.16877426014864,active,2024-09-01
40498,Product_498_4,electronics,958.9074266402528,305.7697349329838,archived,2024-09-09
40499,Product_499_4,books,788.3303129067261,36.52752906964162,archived,2024-07-10
40500,Product_500_4,clothing,789.8117530895169,329.16117231148644,pending,2024-12-22
40501,Product_501_4,home,628.641949658892,481.6752576828861,pending,2024-03-06
40502,Product_502_4,clothing,337.891227516027,76.32443459522531,inactive,2024-05-03
40503,Product_503_4,clothing,145.0824724703628,58.22222231780802,active,2024-12-02
40504,Product_504_4,sports,68.2243453656605,400.20604774380234,active,2024-07-28
40505,Product_505_4,electronics,872.1691182939232,272.1563435286519,inactive,2024-02-03
40506,Product_506_4,clothing,531.0762607878096,125.50285842205574,active,2024-08-02
40507,Product_507_4,home,199.34589521150204,119.31541495505525,active,2024-03-22
40508,Product_508_4,home,206.58216876374323,362.25719417943793,inactive,2024-12-25
40509,Product_509_4,electronics,866.3850302057888,181.49536897988594,pending,2024-10-18
40510,Product_510_4,sports,94.46894378602701,266.13486637276895,inactive,2024-03-27
40511,Product_511_4,home,473.78458302307814,246.55998764877577,active,2024-11-23
40512,Product_512_4,electronics,793.4168945783673,155.11887162547842,inactive,2024-10-04
40513,Product_513_4,electronics,995.6551904291011,185.3096765448433,pending,2024-04-13
40514,Product_514_4,books,282.6872070480273,169.67122508011272,pending,2024-08-09
40515,Product_515_4,sports,343.04572434240924,89.6850187856593,active,2024-10-21
40516,Product_516_4,books,287.0756328694708,262.74729044364676,pending,2024-08-01
40517,Product_517_4,electronics,248.55459886785576,369.8145053766843,inactive,2024-03-15
40518,Product_518_4,books,163.02968676654606,134.9576774019901,inactive,2024-09-12
40519,Product_519_4,home,972.4258827756074,57.823271204773334,inactive,2024-05-26
40520,Product_520_4,home,156.68192685910338,244.60099068463163,archived,2024-09-13
40521,Product_521_4,sports,296.35429448018317,486.46805144424013,pending,2024-12-05
40522,Product_522_4,books,96.41747242493923,205.6608124277133,inactive,2024-12-09
40523,Product_523_4,books,352.2605988256934,441.10137482833113,pending,2024-12-11
40524,Product_524_4,home,553.6784078491564,127.95245081299069,active,2024-11-11
40525,Product_525_4,books,770.5409862743851,80.39597215978533,pending,2024-08-02
40526,Product_526_4,sports,915.9109189444508,45.75150965328272,inactive,2024-05-16
40527,Product_527_4,clothing,423.70679450716386,44.148582649722464,active,2024-10-26
40528,Product_528_4,home,5.779008474075061,181.98427317759953,active,2024-05-05
40529,Product_529_4,home,329.99854889985625,455.209740456427,inactive,2024-04-20
40530,Product_530_4,clothing,340.31963075074145,224.91990012368564,pending,2024-05-18
40531,Product_531_4,books,510.33322518978224,475.6261364922479,pending,2024-02-04
40532,Product_532_4,electronics,906.0409714507373,359.8329582994291,inactive,2024-02-28
40533,Product_533_4,clothing,524.0787589726133,436.5856370419732,inactive,2024-04-12
40534,Product_534_4,sports,876.1048513271459,44.62192224531664,active,2024-04-18
40535,Product_535_4,clothing,960.3414979405654,292.82766588836904,active,2024-02-17
40536,Product_536_4,home,578.9410864552644,407.7651300880768,pending,2024-09-14
40537,Product_537_4,clothing,903.1948675288842,374.01366701113477,pending,2024-11-27
40538,Product_538_4,sports,439.22474541222,339.5797987827164,archived,2024-02-28
40539,Product_539_4,clothing,58.80917018286161,56.461509685555114,active,2024-06-10
40540,Product_540_4,electronics,232.44114967109874,353.2350359950013,pending,2024-07-27
40541,Product_541_4,electronics,666.5840121158778,108.88533585011622,active,2024-02-23
40542,Product_542_4,clothing,351.22220370399555,250.66208118651167,inactive,2024-10-08
40543,Product_543_4,sports,612.362702951894,223.62924650066128,active,2024-12-18
40544,Product_544_4,electronics,826.4214736750998,423.29802981424655,active,2024-11-16
40545,Product_545_4,electronics,643.8851684970691,348.8069613690048,active,2024-07-06
40546,Product_546_4,electronics,639.1132201993277,178.45763693042474,archived,2024-09-05
40547,Product_547_4,home,915.2649523449361,430.13083381748095,inactive,2024-06-14
40548,Product_548_4,home,819.469460854061,41.62584599680494,pending,2024-10-15
40549,Product_549_4,electronics,355.48558887036785,210.96181762241045,pending,2024-09-05
40550,Product_550_4,sports,642.8874308770975,412.47956399573246,inactive,2024-11-04
40551,Product_551_4,sports,132.9924839348258,166.0428944423068,inactive,2024-10-25
40552,Product_552_4,books,335.45425171643257,48.64022088603053,archived,2024-01-23
40553,Product_553_4,sports,103.46132949569537,25.553103061396254,archived,2024-06-20
40554,Product_554_4,clothing,468.77549325212715,174.6013118168911,inactive,2024-05-18
40555,Product_555_4,home,305.44617124102933,469.1679879835879,inactive,2024-02-20
40556,Product_556_4,electronics,119.97880922097765,64.72069215719762,archived,2024-06-01
40557,Product_557_4,electronics,645.1399568566667,347.91473543932534,inactive,2024-01-23
40558,Product_558_4,books,557.0096129904831,343.0681279673351,inactive,2024-03-28
40559,Product_559_4,books,281.71144950590894,218.18600847586194,active,2024-11-03
40560,Product_560_4,home,568.5237224096339,55.40476831538642,active,2024-10-26
40561,Product_561_4,sports,327.5883337994831,398.2251889030545,archived,2024-07-06
40562,Product_562_4,clothing,440.91598918879765,25.136155126535662,active,2024-02-26
40563,Product_563_4,electronics,527.2742201253453,396.69563893818633,inactive,2024-01-06
40564,Product_564_4,clothing,543.3402748057599,409.98104276370714,pending,2024-03-11
40565,Product_565_4,clothing,360.96335733240386,449.91590403972367,active,2024-02-07
40566,Product_566_4,clothing,33.43410897797952,336.0367255717248,archived,2024-11-26
40567,Product_567_4,clothing,462.14019947172886,47.701218588183245,active,2024-12-06
40568,Product_568_4,clothing,139.43913042502368,80.59642767042457,pending,2024-07-01
40569,Product_569_4,books,708.5371625076957,157.15705420690136,pending,2024-08-26
40570,Product_570_4,clothing,961.1500232319672,479.6019232056712,archived,2024-02-03
40571,Product_571_4,electronics,464.3995932932883,339.90215167746,archived,2024-10-05
40572,Product_572_4,electronics,468.3397752078278,180.42723967187302,active,2024-10-01
40573,Product_573_4,sports,552.1012238420209,56.69724514660159,archived,2024-01-18
40574,Product_574_4,clothing,371.14249126896925,303.10630572021984,pending,2024-01-28
40575,Product_575_4,home,189.98088034901784,249.83849871379795,pending,2024-05-27
40576,Product_576_4,electronics,903.7624162210757,21.48272729330265,archived,2024-01-01
40577,Product_577_4,clothing,626.3911845323976,174.9563307394499,active,2024-06-26
40578,Product_578_4,sports,288.0314640750317,160.64416902421425,pending,2024-02-10
40579,Product_579_4,clothing,588.8522126914766,321.4013998005989,pending,2024-03-26
40580,Product_580_4,electronics,997.3500750083006,206.0134422586432,inactive,2024-03-21
40581,Product_581_4,electronics,795.0279641978113,207.76462301096262,archived,2024-05-13
40582,Product_582_4,sports,800.7610707599541,216.31986798740465,active,2024-09-19
40583,Product_583_4,sports,928.3549240370149,233.9797399387926,inactive,2024-06-14
40584,Product_584_4,electronics,46.58468138860565,17.991373217772036,archived,2024-09-28
40585,Product_585_4,clothing,659.4530217866414,451.6100094265446,inactive,2024-01-06
40586,Product_586_4,home,888.5481009584491,88.54066323082917,active,2024-05-05
40587,Product_587_4,home,182.25391670993312,145.85136212743504,active,2024-12-08
40588,Product_588_4,sports,647.2959218798908,149.40533730219082,archived,2024-01-17
40589,Product_589_4,home,262.3823358726628,425.0255088354346,archived,2024-11-13
40590,Product_590_4,sports,579.6026851721921,491.6476866765736,active,2024-09-25
40591,Product_591_4,clothing,318.99057429291423,11.63259197603106,pending,2024-03-09
40592,Product_592_4,clothing,980.8999041826314,261.4329815386881,inactive,2024-10-19
40593,Product_593_4,home,162.87441215435445,104.19088547946912,archived,2024-05-25
40594,Product_594_4,clothing,346.63284347839374,75.55327243149132,active,2024-12-24
40595,Product_595_4,books,390.0702658741388,49.99345316720048,pending,2024-04-06
40596,Product_596_4,clothing,153.2625246397626,285.9943715340507,archived,2024-03-10
40597,Product_597_4,clothing,487.6932811380152,73.60178672351621,inactive,2024-04-11
40598,Product_598_4,clothing,445.38500475231547,74.83236335218032,archived,2024-01-06
40599,Product_599_4,sports,824.6293906628622,124.05300351041838,inactive,2024-12-17
40600,Product_600_4,home,968.7416016985003,149.67469506978722,pending,2024-01-21
40601,Product_601_4,electronics,684.8191031655991,263.44419131882137,inactive,2024-12-22
40602,Product_602_4,books,230.57904849790387,76.14966469615428,pending,2024-08-07
40603,Product_603_4,home,130.1744982378875,438.3781188806978,pending,2024-05-02
40604,Product_604_4,home,69.89195882698263,134.5091149900628,archived,2024-09-15
40605,Product_605_4,home,659.493466528714,496.0117786601282,pending,2024-04-21
40606,Product_606_4,clothing,984.4132329723202,235.8911692302605,active,2024-01-09
40607,Product_607_4,books,129.03918742546497,173.13167378775668,inactive,2024-07-12
40608,Product_608_4,clothing,338.3008858950566,353.7158891544141,inactive,2024-02-14
40609,Product_609_4,books,458.08407703330977,69.58499898042265,pending,2024-12-01
40610,Product_610_4,home,860.7806424130757,417.30124883840193,active,2024-05-23
40611,Product_611_4,electronics,199.5365938232192,61.38688553565957,active,2024-11-04
40612,Product_612_4,home,430.8226271714629,368.4101632111211,inactive,2024-11-10
40613,Product_613_4,books,111.11792617060523,168.27305526069426,active,2024-08-02
40614,Product_614_4,home,479.2758071598875,73.23098443384427,inactive,2024-06-05
40615,Product_615_4,home,535.7992791903815,282.05826873964565,archived,2024-11-09
40616,Product_616_4,electronics,299.9775480301786,167.440506978035,pending,2024-10-11
40617,Product_617_4,electronics,634.003859252653,58.82965534532017,inactive,2024-01-15
40618,Product_618_4,books,879.3692224303196,61.29379544532378,active,2024-12-02
40619,Product_619_4,electronics,733.6534571873937,482.87602774652635,pending,2024-08-07
40620,Product_620_4,sports,140.060131153155,75.64566055112323,inactive,2024-08-26
40621,Product_621_4,books,17.63217498821878,404.92520612302286,archived,2024-03-14
40622,Product_622_4,sports,94.82482838269924,452.25238713289417,pending,2024-08-18
40623,Product_623_4,home,829.6429186803128,457.9410378356461,pending,2024-12-21
40624,Product_624_4,electronics,68.47601680887534,335.59476773858137,archived,2024-04-13
40625,Product_625_4,sports,85.59637470943737,99.08802717597348,inactive,2024-10-12
40626,Product_626_4,books,469.4687458701412,363.53050870566625,inactive,2024-08-12
40627,Product_627_4,home,87.21280958765358,111.78855960450393,archived,2024-05-15
40628,Product_628_4,home,128.12984328532855,482.1340893271747,pending,2024-11-25
40629,Product_629_4,clothing,356.0475709954854,352.32329887661933,archived,2024-01-10
40630,Product_630_4,clothing,712.7918055870329,457.2937133719748,inactive,2024-12-20
40631,Product_631_4,sports,46.49779723218602,110.24923123215964,inactive,2024-07-07
40632,Product_632_4,home,966.142441339345,299.8851840813806,inactive,2024-12-15
40633,Product_633_4,clothing,617.6858310304946,390.9709093090567,pending,2024-06-06
40634,Product_634_4,books,8.216522523681085,121.62047455042602,inactive,2024-08-02
40635,Product_635_4,clothing,105.15035416472651,131.82249612252866,archived,2024-04-16
40636,Product_636_4,sports,497.9114939827801,477.27115912994066,active,2024-09-04
40637,Product_637_4,sports,482.9825556850792,160.81684918536982,pending,2024-09-21
40638,Product_638_4,home,225.32206291633773,262.02629921663043,active,2024-12-25
40639,Product_639_4,electronics,974.9370593565741,87.77398379933004,pending,2024-02-10
40640,Product_640_4,books,37.191487497461196,374.33323991296123,inactive,2024-10-10
40641,Product_641_4,home,59.46273836844435,433.3234864818299,inactive,2024-02-11
40642,Product_642_4,home,919.4496690491261,393.4226672306575,inactive,2024-06-05
40643,Product_643_4,electronics,166.03955970970625,81.77051715771623,inactive,2024-01-02
40644,Product_644_4,home,368.90729111598824,382.0060666113881,archived,2024-01-06
40645,Product_645_4,home,999.8778173670822,304.1567848341853,archived,2024-05-21
40646,Product_646_4,home,155.47891409729735,183.9879558122259,inactive,2024-04-11
40647,Product_647_4,books,744.7552399185815,38.97876223569408,active,2024-10-22
40648,Product_648_4,books,483.38816674557614,118.60718087148878,pending,2024-04-06
40649,Product_649_4,home,839.425224224064,388.8423608794849,active,2024-07-03
40650,Product_650_4,home,552.3743077971733,460.4474728192215,archived,2024-10-08
40651,Product_651_4,home,791.7061004390475,439.0295954112155,pending,2024-01-04
40652,Product_652_4,electronics,823.157642242939,419.80252832228877,inactive,2024-05-13
40653,Product_653_4,books,975.2551505070851,274.27028187811936,archived,2024-08-10
40654,Product_654_4,home,90.30957798139617,379.4890032091127,pending,2024-08-17
40655,Product_655_4,books,463.8118120522361,60.52068690902867,pending,2024-12-24
40656,Product_656_4,clothing,249.32369042194276,452.15621617825735,archived,2024-11-12
40657,Product_657_4,sports,607.8937009288039,320.41446503731294,active,2024-09-20
40658,Product_658_4,sports,734.3593201544916,421.564716542784,active,2024-02-23
40659,Product_659_4,electronics,852.6972965653138,138.1335235096416,active,2024-03-11
40660,Product_660_4,home,744.150871152192,277.1956224145992,archived,2024-02-25
40661,Product_661_4,books,114.47305591892805,194.88724090653832,active,2024-12-08
40662,Product_662_4,sports,312.13141191635043,327.3437389829552,inactive,2024-01-23
40663,Product_663_4,electronics,110.39670761649289,373.98431422083496,pending,2024-03-18
40664,Product_664_4,clothing,811.1420103717132,36.043394612045184,archived,2024-05-22
40665,Product_665_4,home,819.8887299245631,349.70790896508544,inactive,2024-03-23
40666,Product_666_4,electronics,391.3068025250886,27.16908535701772,pending,2024-10-24
40667,Product_667_4,clothing,610.8145395243909,194.10543373102166,archived,2024-12-17
40668,Product_668_4,electronics,369.1399370292298,452.59347045460805,inactive,2024-08-05
40669,Product_669_4,electronics,535.8436735159287,207.9455066280508,pending,2024-04-18
40670,Product_670_4,sports,158.69558640456972,150.3873407471311,active,2024-04-19
40671,Product_671_4,home,728.71083326255,72.33569303595033,active,2024-09-08
40672,Product_672_4,electronics,142.40991476448386,148.4429424001014,archived,2024-02-16
40673,Product_673_4,clothing,198.86308891296835,191.193512952293,inactive,2024-12-13
40674,Product_674_4,clothing,757.3225993067857,148.49872549819315,archived,2024-06-18
40675,Product_675_4,books,286.580503617848,389.1996028626713,archived,2024-01-13
40676,Product_676_4,electronics,911.5314572606933,127.9966587033625,active,2024-04-04
40677,Product_677_4,sports,790.6352458859529,68.02449484895105,pending,2024-11-06
40678,Product_678_4,clothing,136.66937025810245,94.33093546738094,archived,2024-08-08
40679,Product_679_4,clothing,269.3584615450594,488.85177643611235,inactive,2024-10-28
40680,Product_680_4,books,245.3956051303015,187.46008240583765,archived,2024-04-20
40681,Product_681_4,home,907.694161987359,465.7593924674366,active,2024-09-16
40682,Product_682_4,electronics,19.144758118323427,203.58151796218021,inactive,2024-09-27
40683,Product_683_4,sports,544.1760511147875,241.41235574474183,active,2024-11-05
40684,Product_684_4,home,994.613816902361,13.994332317980342,active,2024-05-20
40685,Product_685_4,books,834.368640921468,124.81491049183232,active,2024-03-11
40686,Product_686_4,sports,788.5929297395617,302.031632342364,active,2024-05-05
40687,Product_687_4,home,6.621884481296302,14.544482921998599,pending,2024-09-12
40688,Product_688_4,clothing,653.9811050466036,333.1119283092308,active,2024-02-22
40689,Product_689_4,electronics,132.00951947245082,223.73644001668907,pending,2024-04-04
40690,Product_690_4,books,872.8396474487242,191.78489229164168,active,2024-09-13
40691,Product_691_4,clothing,633.4509290235776,26.40247704522947,pending,2024-06-25
40692,Product_692_4,sports,511.1358049216718,89.81483667121101,active,2024-01-20
40693,Product_693_4,clothing,963.3829016244971,461.73456789381095,pending,2024-06-10
40694,Product_694_4,books,855.6807222904023,484.0045320373846,inactive,2024-12-01
40695,Product_695_4,electronics,332.9154555930386,159.36172144818804,active,2024-07-03
40696,Product_696_4,books,96.79930582812179,325.3361249008791,active,2024-06-04
40697,Product_697_4,home,28.958168827519952,475.9608912850003,pending,2024-08-04
40698,Product_698_4,home,99.90147838413657,304.4142497900583,pending,2024-08-05
40699,Product_699_4,home,769.8695547867114,176.68680283924215,archived,2024-02-09
40700,Product_700_4,sports,56.008265817058394,325.72726229184167,pending,2024-10-07
40701,Product_701_4,sports,296.254765743095,401.6329384083819,active,2024-06-19
40702,Product_702_4,electronics,530.7534200539058,159.04823512586165,archived,2024-10-14
40703,Product_703_4,electronics,790.7924910040358,310.11463357533245,pending,2024-01-05
40704,Product_704_4,electronics,47.22553854581128,343.7481761762111,archived,2024-10-23
40705,Product_705_4,clothing,543.5834754600603,364.4569038662432,active,2024-06-25
40706,Product_706_4,clothing,716.7166442372784,68.060070327539,pending,2024-08-20
40707,Product_707_4,electronics,530.1372542388312,190.96630965136168,active,2024-04-13
40708,Product_708_4,clothing,973.0503885846782,196.8757568210726,inactive,2024-07-11
40709,Product_709_4,home,523.5860173152313,441.45996727091915,pending,2024-01-23
40710,Product_710_4,books,547.5341919933904,447.97942712666014,active,2024-05-27
40711,Product_711_4,home,912.8881273387551,197.59980297559952,archived,2024-05-16
40712,Product_712_4,books,707.5288513293488,398.92754219915037,archived,2024-10-23
40713,Product_713_4,sports,36.31180577878814,271.42815955420406,pending,2024-07-09
40714,Product_714_4,sports,974.9891541754795,97.37617422384916,inactive,2024-11-11
40715,Product_715_4,electronics,159.7539338887343,160.1759838421081,active,2024-05-23
40716,Product_716_4,sports,579.6832762523975,84.75181288468795,active,2024-04-07
40717,Product_717_4,electronics,216.8473619085356,491.9100642291365,inactive,2024-06-02
40718,Product_718_4,books,568.9425723212848,146.6589642023171,pending,2024-09-06
40719,Product_719_4,electronics,662.5463577087575,495.37235803447936,pending,2024-03-10
40720,Product_720_4,electronics,893.4832554367092,69.00925298907802,active,2024-04-25
40721,Product_721_4,home,297.87409977465205,255.98930128187263,inactive,2024-11-22
40722,Product_722_4,electronics,113.27111002817915,295.44534073863866,pending,2024-08-10
40723,Product_723_4,home,579.5566936004722,336.58050581178304,inactive,2024-08-22
40724,Product_724_4,clothing,370.9093322878428,250.1738909438019,archived,2024-04-24
40725,Product_725_4,books,981.8301380773275,26.603914401018482,archived,2024-09-16
40726,Product_726_4,books,24.887117477829083,332.10927911047327,inactive,2024-02-03
40727,Product_727_4,clothing,943.8996602734409,95.40518483542927,active,2024-10-21
40728,Product_728_4,electronics,267.1307258325812,410.92464402309935,archived,2024-01-07
40729,Product_729_4,books,577.1255548570617,395.0645857850066,active,2024-09-16
40730,Product_730_4,sports,606.8975827724688,440.46778278459226,pending,2024-11-07
40731,Product_731_4,electronics,795.5102735189954,176.5067495367096,inactive,2024-05-13
40732,Product_732_4,sports,657.3405230418032,297.31370369415396,pending,2024-07-14
40733,Product_733_4,sports,643.8110844581705,489.1921245632737,active,2024-03-26
40734,Product_734_4,books,734.0401271515151,364.2963976065906,inactive,2024-07-27
40735,Product_735_4,clothing,570.1547531738304,361.7670248678215,active,2024-06-22
40736,Product_736_4,electronics,909.8333263617109,399.8654683396031,active,2024-12-27
40737,Product_737_4,clothing,728.2390597336441,334.40929194101795,active,2024-08-04
40738,Product_738_4,electronics,687.1009377905464,342.01907082348436,pending,2024-01-24
40739,Product_739_4,sports,455.1545631554951,313.3840225315754,inactive,2024-01-25
40740,Product_740_4,sports,146.7882222068026,169.49286146937274,inactive,2024-09-18
40741,Product_741_4,clothing,945.4559010461523,121.6804766146307,pending,2024-09-02
40742,Product_742_4,electronics,375.9386038216643,450.09390017448936,archived,2024-08-11
40743,Product_743_4,sports,13.25213432361952,359.7294423209122,pending,2024-09-28
40744,Product_744_4,electronics,6.668821730335901,68.24560570716781,archived,2024-11-25
40745,Product_745_4,electronics,371.9769792972313,465.6946493822912,pending,2024-08-16
40746,Product_746_4,electronics,600.265174423608,412.46070169607236,inactive,2024-06-01
40747,Product_747_4,sports,592.4277008200468,33.81918489434748,inactive,2024-07-13
40748,Product_748_4,electronics,786.3301064955177,388.90486975219596,inactive,2024-01-02
40749,Product_749_4,books,241.3390253223574,141.60286652079807,active,2024-09-13
40750,Product_750_4,sports,138.23042452904406,235.59620263283304,active,2024-05-17
40751,Product_751_4,books,314.77241351765167,123.49792595849169,active,2024-02-15
40752,Product_752_4,clothing,600.0523913342578,244.0082977378116,active,2024-07-18
40753,Product_753_4,clothing,735.7706049915139,146.3399856575394,active,2024-02-06
40754,Product_754_4,electronics,338.5849715976975,218.12667581155443,pending,2024-04-17
40755,Product_755_4,clothing,143.35295632073172,130.82819114353737,archived,2024-05-09
40756,Product_756_4,home,425.67349848743527,105.16065676648687,pending,2024-04-12
40757,Product_757_4,books,485.88990256366276,338.89877061760274,active,2024-07-14
40758,Product_758_4,books,133.85588920386698,34.526709541059056,archived,2024-07-03
40759,Product_759_4,sports,22.981282588330654,157.54926687040876,archived,2024-04-10
40760,Product_760_4,sports,346.12116597216516,408.1046395503417,pending,2024-02-08
40761,Product_761_4,books,295.86754395340523,293.6719005964056,pending,2024-07-12
40762,Product_762_4,sports,529.7886852887061,468.0455940152826,active,2024-11-27
40763,Product_763_4,clothing,822.1913932103936,461.32730045207666,inactive,2024-09-10
40764,Product_764_4,books,494.1120741960701,380.99736363078813,archived,2024-01-27
40765,Product_765_4,books,408.8003730777733,498.6564985931513,inactive,2024-09-26
40766,Product_766_4,clothing,313.11120908393167,358.5935284252614,archived,2024-11-27
40767,Product_767_4,books,249.70197870697564,488.6171033442266,archived,2024-10-22
40768,Product_768_4,books,586.7759418624858,274.3145683581992,inactive,2024-07-24
40769,Product_769_4,books,949.1592104796407,188.47299250664716,active,2024-12-25
40770,Product_770_4,sports,340.3740641602316,377.6494317956175,archived,2024-07-08
40771,Product_771_4,books,478.75081284178054,441.33870041773463,pending,2024-11-07
40772,Product_772_4,sports,546.894686443812,97.79732592499572,archived,2024-06-14
40773,Product_773_4,sports,549.0361048686541,132.32935914044316,inactive,2024-12-02
40774,Product_774_4,books,715.1928479533962,290.87088434900267,archived,2024-08-14
40775,Product_775_4,sports,813.9485115932631,450.15451045759596,pending,2024-05-23
40776,Product_776_4,sports,654.3138198276018,132.13859134257964,archived,2024-01-24
40777,Product_777_4,home,296.53987132417365,227.5531389193429,active,2024-01-14
40778,Product_778_4,books,732.744225117041,250.21608299846878,archived,2024-09-15
40779,Product_779_4,sports,750.9630815809506,368.6111520990795,inactive,2024-03-25
40780,Product_780_4,clothing,36.891829564493264,477.9853755588243,active,2024-10-26
40781,Product_781_4,sports,155.94520043200177,47.4865926799264,inactive,2024-10-07
40782,Product_782_4,clothing,13.86899541109004,171.93808364143592,active,2024-12-03
40783,Product_783_4,sports,446.4172802459063,460.2217725333097,active,2024-01-02
40784,Product_784_4,books,799.2931095238782,58.43849965397757,inactive,2024-08-23
40785,Product_785_4,electronics,469.31782540420386,341.94809128481427,pending,2024-06-25
40786,Product_786_4,home,519.2871110228266,71.58381651658323,active,2024-07-27
40787,Product_787_4,home,286.4206718819638,365.8764184840198,archived,2024-04-13
40788,Product_788_4,home,558.0830448123111,169.03009266927563,inactive,2024-03-15
40789,Product_789_4,clothing,278.932153870448,16.026337340034615,archived,2024-12-09
40790,Product_790_4,clothing,182.68231398496746,373.4071526069114,pending,2024-11-21
40791,Product_791_4,sports,252.1373422773409,292.7828636064041,archived,2024-12-18
40792,Product_792_4,clothing,176.68251336703074,117.41940033596474,active,2024-12-16
40793,Product_793_4,home,947.0763978805027,22.73782306208828,inactive,2024-07-12
40794,Product_794_4,sports,592.1715401588283,202.67210507901922,archived,2024-06-19
40795,Product_795_4,sports,17.45709144893209,335.80852515512225,pending,2024-10-03
40796,Product_796_4,clothing,554.7098792109467,183.14731218327898,pending,2024-07-12
40797,Product_797_4,electronics,890.7959980816895,425.9194284058338,active,2024-08-18
40798,Product_798_4,clothing,224.2413783206953,59.706910731757105,inactive,2024-02-10
40799,Product_799_4,home,955.666865176466,152.33046950562127,inactive,2024-06-08
40800,Product_800_4,clothing,523.81641436351,473.076229681485,inactive,2024-07-16
40801,Product_801_4,sports,751.6318176131191,184.55279123072373,pending,2024-08-25
40802,Product_802_4,electronics,827.7372721632763,50.35510995547828,inactive,2024-01-15
40803,Product_803_4,electronics,711.1480245837511,256.9875607600346,active,2024-04-05
40804,Product_804_4,electronics,301.96063292772493,127.45490600532483,active,2024-06-09
40805,Product_805_4,books,825.1593395464912,182.77946685445534,inactive,2024-12-07
40806,Product_806_4,electronics,60.02237215605422,384.94129215704044,archived,2024-09-24
40807,Product_807_4,sports,249.8776509982859,331.189860187574,inactive,2024-03-07
40808,Product_808_4,electronics,386.9722228294316,216.56037792791554,active,2024-10-18
40809,Product_809_4,books,661.7095579931854,239.3592453153004,pending,2024-04-25
40810,Product_810_4,books,688.3649311536914,390.6495999191117,archived,2024-02-24
40811,Product_811_4,home,462.06972290320823,303.0277711027876,pending,2024-04-06
40812,Product_812_4,books,392.12400007204025,158.7155262096445,active,2024-04-28
40813,Product_813_4,clothing,355.83992461048643,364.72855698064865,pending,2024-12-23
40814,Product_814_4,sports,487.6279142137593,16.07728503693731,active,2024-09-23
40815,Product_815_4,books,934.3630437680774,115.6945948989247,active,2024-02-23
40816,Product_816_4,electronics,645.5677574313065,482.4348472251898,active,2024-09-16
40817,Product_817_4,clothing,547.2796460449539,143.97934972997356,inactive,2024-03-19
40818,Product_818_4,electronics,8.660779035956093,462.20485453849307,pending,2024-03-24
40819,Product_819_4,electronics,112.953288042724,160.9305741974869,inactive,2024-10-08
40820,Product_820_4,clothing,9.195344789486615,465.5485217263979,active,2024-06-21
40821,Product_821_4,clothing,598.0833507479255,265.62820626166763,archived,2024-03-09
40822,Product_822_4,books,545.0392319112494,40.971045541212575,inactive,2024-05-09
40823,Product_823_4,books,355.45855601525284,91.59009912917128,inactive,2024-05-22
40824,Product_824_4,home,714.7884219361404,119.9631937048498,archived,2024-07-01
40825,Product_825_4,electronics,868.9196630204328,351.5488144620856,pending,2024-01-10
40826,Product_826_4,electronics,253.13770386722766,167.9550536639921,archived,2024-11-27
40827,Product_827_4,electronics,95.09516009240502,18.779263074646202,pending,2024-05-10
40828,Product_828_4,sports,463.38234329998795,455.97293970728316,archived,2024-05-10
40829,Product_829_4,books,362.22239803120175,201.2908203054199,archived,2024-06-08
40830,Product_830_4,electronics,74.00497954191806,493.09400103114376,pending,2024-05-09
40831,Product_831_4,clothing,628.5632737787647,431.4428355653163,archived,2024-11-15
40832,Product_832_4,sports,553.7995509898248,126.91498348624175,pending,2024-10-22
40833,Product_833_4,books,720.9203711144769,495.2121403347597,inactive,2024-10-03
40834,Product_834_4,electronics,715.0043206665459,478.19360061905627,active,2024-08-18
40835,Product_835_4,electronics,177.57886472967533,294.14579557299163,archived,2024-02-17
40836,Product_836_4,home,325.5761505814677,111.74842655737135,pending,2024-04-07
40837,Product_837_4,clothing,760.686433699771,27.726988165545936,archived,2024-07-25
40838,Product_838_4,electronics,940.0769409902892,445.46240731724833,active,2024-10-18
40839,Product_839_4,sports,750.1018519433513,395.15281167069827,pending,2024-08-17
40840,Product_840_4,sports,174.6306398857365,390.87786491150206,pending,2024-09-11
40841,Product_841_4,sports,191.34440530336911,499.88816740254305,active,2024-06-23
40842,Product_842_4,home,136.11904198394623,130.38437995719303,archived,2024-06-11
40843,Product_843_4,electronics,701.1524066278623,91.71568816881364,active,2024-01-10
40844,Product_844_4,clothing,505.43070223682173,279.51568681664554,inactive,2024-10-25
40845,Product_845_4,sports,763.4132149714966,280.9876370411812,pending,2024-08-13
40846,Product_846_4,clothing,618.5287275508211,85.06075508067653,archived,2024-01-19
40847,Product_847_4,home,219.00628074896488,383.00867961658344,inactive,2024-08-15
40848,Product_848_4,electronics,985.8302817528681,492.2436747488523,active,2024-11-20
40849,Product_849_4,sports,367.31497058494847,298.7482914357513,active,2024-05-22
40850,Product_850_4,home,903.9361836252294,432.6417686735774,archived,2024-03-14
40851,Product_851_4,clothing,518.6234224290038,340.2555414105282,archived,2024-02-27
40852,Product_852_4,electronics,327.1979057762374,20.803776937074538,active,2024-07-06
40853,Product_853_4,home,724.1161565167853,51.25499137132389,inactive,2024-08-21
40854,Product_854_4,home,239.52123375652096,64.5655468957662,inactive,2024-12-15
40855,Product_855_4,sports,16.167053687582253,346.3671832619696,inactive,2024-10-22
40856,Product_856_4,home,176.6577012679986,225.8981997271108,active,2024-04-21
40857,Product_857_4,sports,440.6139391889698,338.6742232558668,archived,2024-06-08
40858,Product_858_4,electronics,826.4182298804947,176.46256722486848,active,2024-04-26
40859,Product_859_4,sports,36.99827213438679,289.65892056597306,archived,2024-06-07
40860,Product_860_4,electronics,162.2237018847482,350.35090357663125,archived,2024-03-18
40861,Product_861_4,sports,855.1053712545033,462.6740144369041,active,2024-08-01
40862,Product_862_4,electronics,669.1637404196206,475.42938673060894,inactive,2024-08-23
40863,Product_863_4,home,481.5374630261417,181.5265452706965,pending,2024-03-15
40864,Product_864_4,home,84.65919432987418,274.6920545485451,active,2024-06-02
40865,Product_865_4,books,250.3748203013914,369.85113287696385,archived,2024-09-04
40866,Product_866_4,electronics,858.8160285615387,333.3859264855212,active,2024-04-21
40867,Product_867_4,electronics,917.7102675106362,261.9935336858659,pending,2024-02-04
40868,Product_868_4,sports,963.1238320403426,412.18923999618903,inactive,2024-01-10
40869,Product_869_4,sports,541.814365108338,280.1137616457993,inactive,2024-02-18
40870,Product_870_4,books,215.881858039837,455.65089624520687,pending,2024-03-24
40871,Product_871_4,books,164.54858299689093,277.76445796540565,inactive,2024-05-10
40872,Product_872_4,home,830.2336730521768,202.26309163581755,pending,2024-03-18
40873,Product_873_4,sports,214.22868172483143,336.43140492940097,archived,2024-11-14
40874,Product_874_4,sports,854.9269670356335,100.46934021073122,pending,2024-01-12
40875,Product_875_4,sports,795.7614637643525,39.25295414382873,pending,2024-06-05
40876,Product_876_4,home,99.81964323344182,390.65526920099694,pending,2024-02-03
40877,Product_877_4,clothing,409.86861516300945,79.34868264139979,active,2024-01-23
40878,Product_878_4,sports,453.28119790037215,288.2996168090843,archived,2024-10-24
40879,Product_879_4,books,850.8937767237546,235.20954000358125,pending,2024-12-11
40880,Product_880_4,home,728.1455562799171,163.96941454165497,active,2024-02-10
40881,Product_881_4,books,730.8855346771944,434.797863313218,inactive,2024-02-05
40882,Product_882_4,sports,401.14809123239036,435.85136132276654,inactive,2024-11-24
40883,Product_883_4,books,481.32612069770227,307.57188151392813,active,2024-04-20
40884,Product_884_4,sports,793.9998431072702,166.75620495571238,inactive,2024-12-24
40885,Product_885_4,books,783.1333585543858,497.30795810194843,archived,2024-01-21
40886,Product_886_4,sports,355.98542418726214,352.5661989840091,archived,2024-05-02
40887,Product_887_4,home,69.93941292676458,324.6871221233162,inactive,2024-11-15
40888,Product_888_4,books,160.2837384532865,85.0792469854078,active,2024-09-05
40889,Product_889_4,home,575.6183579147594,239.54899265224284,inactive,2024-12-25
40890,Product_890_4,sports,505.47375349495064,197.7595310141973,active,2024-03-27
40891,Product_891_4,electronics,19.700905948325822,466.9450514591102,active,2024-02-20
40892,Product_892_4,sports,905.2712002674987,460.8654467044672,inactive,2024-12-14
40893,Product_893_4,clothing,620.7238657151547,47.98009295854931,archived,2024-10-22
40894,Product_894_4,electronics,990.197119910605,260.6373405260107,archived,2024-04-19
40895,Product_895_4,books,906.0026323207763,95.74448892315664,archived,2024-07-05
40896,Product_896_4,home,730.4835564087858,164.01698988829125,active,2024-03-10
40897,Product_897_4,home,473.8874247645524,111.71657146130423,inactive,2024-07-11
40898,Product_898_4,clothing,851.0992305748218,228.63220341992724,inactive,2024-05-11
40899,Product_899_4,electronics,517.5295330840694,407.7177862387292,active,2024-06-18
40900,Product_900_4,sports,522.0848213307249,417.3107552806367,active,2024-02-11
40901,Product_901_4,home,436.71145931418755,76.26340223007084,active,2024-09-23
40902,Product_902_4,electronics,277.08093455827947,146.84022469737434,active,2024-02-11
40903,Product_903_4,books,919.578584061058,446.143091751897,archived,2024-12-01
40904,Product_904_4,electronics,25.686033716177175,250.68389581387441,inactive,2024-07-01
40905,Product_905_4,books,103.29226728551038,436.79104153503897,inactive,2024-07-27
40906,Product_906_4,home,435.53140976671716,68.12654023600821,pending,2024-10-01
40907,Product_907_4,sports,902.1966758733122,292.15288957424036,pending,2024-11-13
40908,Product_908_4,books,267.85933622350336,460.7363818038697,inactive,2024-12-21
40909,Product_909_4,home,81.71924748868794,221.36491934728073,active,2024-12-16
40910,Product_910_4,sports,666.2406157625994,127.84813901388786,archived,2024-12-10
40911,Product_911_4,home,498.87247110006973,178.0958106510179,inactive,2024-01-01
40912,Product_912_4,sports,670.239872707277,342.52618030710767,pending,2024-06-22
40913,Product_913_4,home,122.1300768942831,103.5172927905292,active,2024-03-03
40914,Product_914_4,clothing,765.5319821171107,232.55445099693955,pending,2024-07-04
40915,Product_915_4,home,951.8088738954991,322.08312364618587,pending,2024-07-28
40916,Product_916_4,books,748.722115145027,367.39114669919593,inactive,2024-12-20
40917,Product_917_4,books,226.7675059522675,143.7854791710493,pending,2024-05-14
40918,Product_918_4,sports,11.688507106283646,42.7534469327372,pending,2024-02-03
40919,Product_919_4,home,576.500090807506,481.2763544087506,active,2024-08-03
40920,Product_920_4,electronics,158.43452723873594,221.86047564784434,active,2024-07-07
40921,Product_921_4,electronics,644.523467101534,456.8802561653174,pending,2024-09-16
40922,Product_922_4,books,454.6656172216987,484.47248153284966,active,2024-03-04
40923,Product_923_4,home,294.11296653477143,349.681982627865,pending,2024-01-21
40924,Product_924_4,clothing,412.83227649243054,16.765926328899724,archived,2024-07-03
40925,Product_925_4,home,826.6730018442217,272.86525350766175,active,2024-02-23
40926,Product_926_4,sports,394.7284546021805,302.11837088031837,archived,2024-11-19
40927,Product_927_4,books,80.61553377623416,385.5023357597344,pending,2024-06-25
40928,Product_928_4,electronics,326.8938302224215,286.8130545169801,active,2024-10-04
40929,Product_929_4,books,451.3476264231001,205.5193462667892,active,2024-08-09
40930,Product_930_4,electronics,359.63003306043794,465.2575901929075,inactive,2024-05-23
40931,Product_931_4,electronics,695.5916670699903,323.07391396619346,inactive,2024-08-08
40932,Product_932_4,clothing,132.36849256350044,373.88804171834,pending,2024-12-24
40933,Product_933_4,books,411.68685378639276,427.81945886211753,inactive,2024-02-19
40934,Product_934_4,books,74.64625279817072,275.2846337589898,archived,2024-04-22
40935,Product_935_4,books,36.479881844850865,340.2640050474592,inactive,2024-07-14
40936,Product_936_4,clothing,92.53842166607258,217.96138639884177,active,2024-03-11
40937,Product_937_4,clothing,791.3823651701989,411.6640922178045,archived,2024-09-06
40938,Product_938_4,books,543.4946191834172,417.87716438592327,pending,2024-03-17
40939,Product_939_4,sports,859.7751298578011,498.51104546963705,inactive,2024-10-26
40940,Product_940_4,electronics,925.1481518067426,435.9433534289724,active,2024-01-18
40941,Product_941_4,electronics,305.7413207115935,465.8078880864414,inactive,2024-09-17
40942,Product_942_4,electronics,805.126454811388,176.72358162266346,archived,2024-02-18
40943,Product_943_4,home,303.83994819113093,346.9614609555594,archived,2024-03-06
40944,Product_944_4,books,245.1544650921834,478.518280511233,inactive,2024-05-16
40945,Product_945_4,books,33.31220834973851,142.09814980633013,pending,2024-06-12
40946,Product_946_4,clothing,565.9900686541887,49.515209721876765,active,2024-10-28
40947,Product_947_4,home,164.9963172233717,61.51975645656978,active,2024-05-18
40948,Product_948_4,home,522.7841802164218,23.991211987085492,archived,2024-07-28
40949,Product_949_4,clothing,730.2753647022231,274.07271328293956,active,2024-09-23
40950,Product_950_4,sports,336.0138856049289,272.73068347556176,inactive,2024-11-12
40951,Product_951_4,clothing,549.4855647862787,177.89929757499598,archived,2024-09-02
40952,Product_952_4,home,901.708422094913,277.2115298392058,active,2024-11-01
40953,Product_953_4,sports,104.18190321122401,58.22544094250565,inactive,2024-01-20
40954,Product_954_4,sports,354.2401825064556,164.9529594546495,active,2024-08-10
40955,Product_955_4,sports,986.5664392235957,218.45759884159747,active,2024-09-10
40956,Product_956_4,clothing,493.3051052956182,479.8080133990788,pending,2024-12-15
40957,Product_957_4,books,996.7164182815196,482.20438559455664,inactive,2024-08-28
40958,Product_958_4,sports,531.9703145507494,382.9617919694101,pending,2024-09-18
40959,Product_959_4,sports,757.916554408055,221.6547917060746,archived,2024-09-21
40960,Product_960_4,electronics,816.7980094586143,165.30241321548314,pending,2024-11-19
40961,Product_961_4,electronics,678.3684375188839,462.4943711562831,active,2024-11-26
40962,Product_962_4,electronics,140.87276673396664,456.68717778350356,active,2024-06-24
40963,Product_963_4,sports,315.24942996128414,18.548011540864685,archived,2024-10-18
40964,Product_964_4,electronics,863.9404121505185,125.04188390781731,active,2024-11-04
40965,Product_965_4,electronics,511.31406020292036,137.8841372191065,inactive,2024-09-17
40966,Product_966_4,home,169.0587293087133,271.03917354142743,pending,2024-12-12
40967,Product_967_4,clothing,133.6365072206911,133.8234561867218,archived,2024-11-28
40968,Product_968_4,home,782.2886630635185,470.6113387380866,active,2024-11-03
40969,Product_969_4,electronics,670.5309314424806,25.42857026864996,pending,2024-10-02
40970,Product_970_4,books,630.7773384154115,491.0879729821163,inactive,2024-12-28
40971,Product_971_4,clothing,548.6879572137907,37.34621342332698,pending,2024-01-17
40972,Product_972_4,clothing,875.7782570678853,250.82222289925207,archived,2024-01-26
40973,Product_973_4,clothing,202.40674613861688,387.08962300269394,archived,2024-07-17
40974,Product_974_4,sports,800.6475250179949,339.1229650405393,active,2024-08-27
40975,Product_975_4,sports,617.1783088269278,338.1209437936573,pending,2024-11-03
40976,Product_976_4,books,60.08538103921977,118.81348257455517,inactive,2024-05-12
40977,Product_977_4,home,258.22047189521317,124.97251618231502,active,2024-12-24
40978,Product_978_4,clothing,441.07598257914685,424.29757167640696,archived,2024-08-03
40979,Product_979_4,books,798.6531583503438,437.3453472686767,inactive,2024-01-06
40980,Product_980_4,electronics,517.5455442271799,473.75198932139756,archived,2024-09-25
40981,Product_981_4,home,589.2947635269284,40.39122194909599,archived,2024-09-01
40982,Product_982_4,electronics,704.4759687455398,273.2979814137981,active,2024-11-09
40983,Product_983_4,electronics,517.6102800403011,487.4691237225107,inactive,2024-01-14
40984,Product_984_4,electronics,726.3226270452776,87.39310773840008,active,2024-11-23
40985,Product_985_4,sports,138.47520109280737,291.1923152560657,pending,2024-11-12
40986,Product_986_4,clothing,130.08693514889384,469.8665365261884,active,2024-09-22
40987,Product_987_4,books,534.9580925248084,118.69335661853799,inactive,2024-11-13
40988,Product_988_4,clothing,28.61907832186,212.48769466690504,archived,2024-05-11
40989,Product_989_4,sports,691.6957630026324,28.012487840508673,inactive,2024-07-13
40990,Product_990_4,electronics,435.5545469314417,399.4648148997207,archived,2024-09-05
40991,Product_991_4,books,248.74920015393815,101.48186006221064,archived,2024-08-05
40992,Product_992_4,clothing,164.58967489028745,436.0539251033696,pending,2024-08-14
40993,Product_993_4,sports,614.8736906369651,39.43365093773119,archived,2024-07-26
40994,Product_994_4,electronics,284.4362412533005,213.73649676608417,inactive,2024-09-20
40995,Product_995_4,home,252.60008755118474,388.94849946822853,inactive,2024-09-28
40996,Product_996_4,home,668.892447274501,28.98498775133426,active,2024-04-11
40997,Product_997_4,sports,91.36487662673434,120.80316474959338,active,2024-08-13
40998,Product_998_4,home,939.3159654497022,397.5691796560213,active,2024-06-07
40999,Product_999_4,sports,572.087653578422,236.99884639826962,active,2024-05-25
41000,Product_1000_4,electronics,738.1771504212903,359.1226225501445,inactive,2024-07-24
41001,Product_1001_4,home,858.9136816607709,479.362852341729,active,2024-12-15
41002,Product_1002_4,clothing,40.045850366545906,409.0469993119335,pending,2024-01-16
41003,Product_1003_4,clothing,897.779891922828,153.4772526957288,archived,2024-04-22
41004,Product_1004_4,home,357.3600572918626,270.9700467204086,inactive,2024-04-17
41005,Product_1005_4,electronics,624.0452502154142,380.73895356494705,active,2024-10-12
41006,Product_1006_4,clothing,976.9316439848949,129.06900315842418,inactive,2024-08-13
41007,Product_1007_4,sports,159.9936591175711,39.80124393840292,active,2024-10-26
41008,Product_1008_4,sports,665.8046486140289,446.98539392051475,active,2024-12-11
41009,Product_1009_4,books,659.703816833003,186.28319578733348,active,2024-12-15
41010,Product_1010_4,sports,558.1279888947537,375.1924010861007,archived,2024-10-19
41011,Product_1011_4,electronics,886.7485441312532,265.6550521999824,active,2024-03-15
41012,Product_1012_4,sports,548.8213798294386,325.97050364372393,inactive,2024-12-06
41013,Product_1013_4,clothing,658.3875963915862,382.4546010463035,archived,2024-11-07
41014,Product_1014_4,electronics,580.7933709247826,209.0099572877373,active,2024-10-09
41015,Product_1015_4,books,892.0522685603657,143.70526322076614,active,2024-08-14
41016,Product_1016_4,books,756.9877571353256,374.56444845720404,archived,2024-09-06
41017,Product_1017_4,electronics,69.24301623409848,240.470432910956,inactive,2024-12-02
41018,Product_1018_4,electronics,692.039766572677,398.83020645584935,inactive,2024-05-22
41019,Product_1019_4,electronics,168.23283120270494,344.97817744805764,active,2024-09-19
41020,Product_1020_4,sports,894.7084448362406,403.0150613075245,inactive,2024-01-20
41021,Product_1021_4,books,590.2330834390407,133.08285900724104,active,2024-11-21
41022,Product_1022_4,electronics,755.9977522863755,280.0318479386389,inactive,2024-12-02
41023,Product_1023_4,clothing,851.2342737504206,279.43883731674055,active,2024-03-18
41024,Product_1024_4,clothing,493.3111813552587,307.30259359493476,inactive,2024-04-09
41025,Product_1025_4,books,171.25728684930965,375.02463210936804,archived,2024-12-23
41026,Product_1026_4,home,924.4023706823749,462.5754683313717,inactive,2024-02-02
41027,Product_1027_4,books,453.70493419859235,307.8891620423397,archived,2024-04-19
41028,Product_1028_4,clothing,231.0730291943279,226.71180383338415,pending,2024-09-17
41029,Product_1029_4,books,849.4288910812622,355.44664243983357,active,2024-06-02
41030,Product_1030_4,home,876.2834648930728,145.54287814185548,archived,2024-10-01
41031,Product_1031_4,books,481.08124604782734,353.27751970507006,pending,2024-11-07
41032,Product_1032_4,sports,950.2413631197488,408.71919884757637,active,2024-10-04
41033,Product_1033_4,home,370.3780957623776,63.99892898753883,inactive,2024-06-12
41034,Product_1034_4,books,336.9960634139656,171.1320036450052,inactive,2024-02-01
41035,Product_1035_4,clothing,412.63604538053806,340.7588908507419,archived,2024-11-16
41036,Product_1036_4,books,218.62572030155573,383.8828804721462,active,2024-12-27
41037,Product_1037_4,books,751.002667423702,62.040166403619246,archived,2024-12-18
41038,Product_1038_4,sports,662.4311647737638,52.203461278899525,archived,2024-03-05
41039,Product_1039_4,electronics,296.39350470854276,36.6225627464296,inactive,2024-11-26
41040,Product_1040_4,clothing,13.027331875577369,416.06541723693675,inactive,2024-05-17
41041,Product_1041_4,clothing,537.6677415584195,80.39169620858195,active,2024-11-10
41042,Product_1042_4,electronics,404.512735867836,46.65194883997232,active,2024-01-18
41043,Product_1043_4,sports,82.81603143352187,23.480578779672854,inactive,2024-03-14
41044,Product_1044_4,clothing,769.1203920063092,339.66521896850344,inactive,2024-09-03
41045,Product_1045_4,sports,298.00134370961894,292.6239203908,inactive,2024-08-27
41046,Product_1046_4,electronics,393.2216972044453,42.83750944190633,archived,2024-05-22
41047,Product_1047_4,electronics,347.6957683668653,427.63647004394574,archived,2024-04-11
41048,Product_1048_4,clothing,315.4812211081651,402.3211657999192,pending,2024-02-19
41049,Product_1049_4,books,61.930880216036826,160.46124425786851,inactive,2024-07-21
41050,Product_1050_4,home,753.0047502102991,70.64203399511975,active,2024-06-15
41051,Product_1051_4,sports,706.221122615968,216.10493999950185,archived,2024-12-02
41052,Product_1052_4,electronics,907.7592794094564,455.47701240188235,active,2024-07-23
41053,Product_1053_4,books,706.8844825102739,376.3204981168221,pending,2024-05-21
41054,Product_1054_4,home,8.709489492072745,46.488779680218684,inactive,2024-11-25
41055,Product_1055_4,books,281.6253233289267,283.2445250682459,inactive,2024-02-23
41056,Product_1056_4,clothing,531.0610904589598,111.53731865841107,active,2024-08-07
41057,Product_1057_4,clothing,420.5586905078486,91.89717259920852,inactive,2024-11-25
41058,Product_1058_4,clothing,642.5989074507535,67.46280465728535,pending,2024-09-14
41059,Product_1059_4,clothing,553.5215164692728,82.25485922434476,active,2024-10-17
41060,Product_1060_4,clothing,834.1587511129907,476.36093064338894,pending,2024-06-21
41061,Product_1061_4,electronics,290.77106735868176,177.79781885766826,pending,2024-02-27
41062,Product_1062_4,sports,591.4894463030894,311.86783729846115,inactive,2024-01-16
41063,Product_1063_4,clothing,729.9077740680573,157.79690748639283,inactive,2024-12-01
41064,Product_1064_4,electronics,56.69488175462261,482.570788768714,inactive,2024-09-27
41065,Product_1065_4,books,943.7369379466276,353.97780397091714,pending,2024-04-13
41066,Product_1066_4,books,650.2090480326001,52.461867563359334,active,2024-09-10
41067,Product_1067_4,sports,437.291946276358,323.0984349169015,pending,2024-12-15
41068,Product_1068_4,home,184.6611500568898,338.78817855180307,active,2024-08-28
41069,Product_1069_4,electronics,733.9535381694309,363.9477889582767,active,2024-11-17
41070,Product_1070_4,home,459.9850256630158,452.0036329700656,archived,2024-08-27
41071,Product_1071_4,sports,527.4116135195147,90.86327870761954,pending,2024-02-07
41072,Product_1072_4,clothing,267.6039748522408,410.54904229168403,pending,2024-02-01
41073,Product_1073_4,sports,483.52558026939903,39.800548045141824,archived,2024-02-05
41074,Product_1074_4,clothing,871.8947755552477,157.97750438725603,archived,2024-11-09
41075,Product_1075_4,electronics,187.60641835824572,343.71972120396293,pending,2024-03-18
41076,Product_1076_4,home,81.84891974078027,184.37230056915246,active,2024-06-10
41077,Product_1077_4,home,903.1992719020272,135.27246575961027,pending,2024-08-15
41078,Product_1078_4,clothing,23.31798943671977,451.4164299333614,pending,2024-09-25
41079,Product_1079_4,electronics,379.91919544652933,213.22428384988507,active,2024-02-19
41080,Product_1080_4,home,427.95354524468036,477.2429916018343,archived,2024-12-22
41081,Product_1081_4,sports,804.2549515232236,317.60621405781717,active,2024-04-05
41082,Product_1082_4,electronics,906.8024384076645,309.39340125214085,archived,2024-08-19
41083,Product_1083_4,clothing,511.4315160557979,158.77579462205944,archived,2024-07-02
41084,Product_1084_4,home,426.20042158414105,255.89740012436903,pending,2024-01-12
41085,Product_1085_4,electronics,230.74596936414795,39.178001889583875,inactive,2024-03-19
41086,Product_1086_4,sports,534.1538904954641,450.24478477352005,inactive,2024-08-13
41087,Product_1087_4,books,201.2221655645445,283.4426793897861,active,2024-09-19
41088,Product_1088_4,electronics,972.8697102475968,363.13066258624485,pending,2024-12-13
41089,Product_1089_4,electronics,320.6002393563016,20.34383254704522,inactive,2024-05-12
41090,Product_1090_4,home,557.990992322031,48.571175521513034,inactive,2024-12-05
41091,Product_1091_4,clothing,899.4785691591927,406.585590413403,pending,2024-07-06
41092,Product_1092_4,electronics,628.1684870349721,294.5269683688542,active,2024-08-17
41093,Product_1093_4,clothing,982.0807729216544,418.2454244331272,pending,2024-01-18
41094,Product_1094_4,home,95.53796539711016,314.1362392324722,active,2024-09-07
41095,Product_1095_4,home,470.49664825397025,418.1811298396586,active,2024-11-16
41096,Product_1096_4,home,599.3917343081108,160.8712444793476,pending,2024-06-18
41097,Product_1097_4,electronics,857.3670077399249,77.54372331500241,pending,2024-07-20
41098,Product_1098_4,home,988.456815819251,192.50579803697633,active,2024-08-13
41099,Product_1099_4,sports,838.8535081990999,319.0409967042924,inactive,2024-11-02
41100,Product_1100_4,clothing,648.587878750855,197.35884136867983,pending,2024-01-22
41101,Product_1101_4,clothing,508.1159385415923,231.1825898219159,archived,2024-06-11
41102,Product_1102_4,sports,761.1341822491959,157.130708197634,active,2024-01-18
41103,Product_1103_4,electronics,824.2208076040977,75.51291890160022,inactive,2024-02-22
41104,Product_1104_4,clothing,535.9798923031173,276.57370399488883,archived,2024-06-15
41105,Product_1105_4,sports,650.5082643558471,47.94520185072266,active,2024-05-19
41106,Product_1106_4,home,605.5814922782391,162.4391137688702,archived,2024-12-28
41107,Product_1107_4,sports,410.6769198539349,398.18603180374475,inactive,2024-07-18
41108,Product_1108_4,sports,166.8985870205911,44.68546001785393,inactive,2024-01-18
41109,Product_1109_4,electronics,477.03431315546453,429.9027100619692,archived,2024-01-02
41110,Product_1110_4,books,891.9616025373845,496.08179737562995,archived,2024-04-20
41111,Product_1111_4,books,172.22269688258473,434.74177763378657,archived,2024-07-19
41112,Product_1112_4,home,506.60493048520095,332.4402627050385,inactive,2024-02-13
41113,Product_1113_4,books,623.6400700423876,47.63185604371307,archived,2024-03-13
41114,Product_1114_4,home,331.58015984735925,427.18405850422437,inactive,2024-08-21
41115,Product_1115_4,sports,363.11749330324693,50.64461959080338,pending,2024-08-03
41116,Product_1116_4,electronics,912.0089522459136,105.33024048629231,active,2024-09-28
41117,Product_1117_4,books,426.7052807001701,69.1549922583851,archived,2024-03-12
41118,Product_1118_4,books,109.52544544775782,62.53974228250354,inactive,2024-09-08
41119,Product_1119_4,home,230.3620581427621,142.31558756679874,archived,2024-09-24
41120,Product_1120_4,clothing,531.2708474153749,476.7246331071234,archived,2024-12-25
41121,Product_1121_4,books,135.54113221973824,355.64373707608667,pending,2024-05-04
41122,Product_1122_4,electronics,413.8194745062951,167.5510309264886,pending,2024-11-04
41123,Product_1123_4,sports,7.410676160308316,473.6920722437676,active,2024-04-18
41124,Product_1124_4,books,448.26239387254304,106.34113186494726,active,2024-08-06
41125,Product_1125_4,books,811.6338489087863,285.4351237238067,inactive,2024-06-04
41126,Product_1126_4,clothing,587.1003062523947,210.60074113901157,pending,2024-04-26
41127,Product_1127_4,books,961.8467422590128,68.50807076972113,pending,2024-09-06
41128,Product_1128_4,clothing,525.3355294773916,41.47031443811248,archived,2024-01-18
41129,Product_1129_4,sports,84.77264524890852,145.43152981325926,pending,2024-04-06
41130,Product_1130_4,home,576.0240640741908,387.6010427476728,archived,2024-03-16
41131,Product_1131_4,books,928.3752064529674,482.0094854064471,pending,2024-09-17
41132,Product_1132_4,sports,613.156337377281,34.61604871081722,pending,2024-03-17
41133,Product_1133_4,electronics,662.0559415031474,71.36752322649923,pending,2024-06-13
41134,Product_1134_4,sports,539.50953869982,113.16939685249012,archived,2024-12-15
41135,Product_1135_4,books,17.299878211395765,397.35068212421334,archived,2024-08-12
41136,Product_1136_4,home,420.21722722952074,102.5030754288183,archived,2024-12-03
41137,Product_1137_4,home,371.22921344946366,68.28446289569114,archived,2024-05-18
41138,Product_1138_4,clothing,190.05141751838198,153.68713870446797,archived,2024-04-19
41139,Product_1139_4,electronics,559.6415646211856,66.14562625472739,archived,2024-09-06
41140,Product_1140_4,electronics,215.26696192544875,475.692643616942,inactive,2024-12-27
41141,Product_1141_4,books,617.3726694527746,69.51347857747956,inactive,2024-06-11
41142,Product_1142_4,electronics,146.6286662109307,436.18632320656815,inactive,2024-02-11
41143,Product_1143_4,clothing,54.72837822753912,276.7176562674853,archived,2024-03-13
41144,Product_1144_4,clothing,155.9453870271593,150.47759603278843,pending,2024-04-18
41145,Product_1145_4,clothing,530.008317606675,473.49558242008857,pending,2024-12-21
41146,Product_1146_4,books,450.75104966626867,292.32827937769497,pending,2024-08-04
41147,Product_1147_4,clothing,683.1460376783906,198.42373099810482,archived,2024-12-12
41148,Product_1148_4,books,640.8333143650037,83.88031601090655,inactive,2024-01-09
41149,Product_1149_4,clothing,109.7423831703379,428.851836003633,inactive,2024-10-12
41150,Product_1150_4,books,707.8155325681639,378.80581721402467,inactive,2024-07-12
41151,Product_1151_4,electronics,138.26053024691203,89.92658610806387,archived,2024-07-15
41152,Product_1152_4,clothing,237.88555979236463,395.3367830145588,inactive,2024-09-15
41153,Product_1153_4,sports,371.8174724433364,395.63404307116434,active,2024-03-03
41154,Product_1154_4,electronics,479.07768768084395,357.9920375407408,active,2024-09-09
41155,Product_1155_4,electronics,676.4428615981262,159.03909941208613,inactive,2024-07-02
41156,Product_1156_4,home,688.6391361649507,447.1188634518585,active,2024-08-09
41157,Product_1157_4,books,280.4878306624342,225.42851438076096,active,2024-05-28
41158,Product_1158_4,books,16.558638149901043,339.3702590830787,active,2024-05-25
41159,Product_1159_4,electronics,152.45136392832634,82.4993519114778,pending,2024-01-16
41160,Product_1160_4,home,213.68075367439496,86.64735864261743,active,2024-10-18
41161,Product_1161_4,books,837.0928519532879,111.02607978492367,pending,2024-06-09
41162,Product_1162_4,home,769.4374837304064,346.049126241847,inactive,2024-01-07
41163,Product_1163_4,sports,373.76878823447305,482.96081686361885,pending,2024-12-23
41164,Product_1164_4,home,468.02814796431414,153.61731821034087,active,2024-02-16
41165,Product_1165_4,books,455.1322025384668,366.5089236006012,inactive,2024-04-06
41166,Product_1166_4,sports,310.3126923347215,298.3664098826361,inactive,2024-03-17
41167,Product_1167_4,clothing,43.678515753658246,379.6200768152214,active,2024-10-17
41168,Product_1168_4,books,745.9059590532656,490.4777816175389,inactive,2024-02-15
41169,Product_1169_4,electronics,526.6693751307595,88.90561536511345,active,2024-09-27
41170,Product_1170_4,sports,36.859079771706085,444.5094819641064,archived,2024-09-20
41171,Product_1171_4,sports,733.6476371621495,22.208685908835953,active,2024-03-12
41172,Product_1172_4,electronics,84.28719529319727,69.8008436406057,pending,2024-12-02
41173,Product_1173_4,clothing,738.5286575468509,233.54965977525595,inactive,2024-09-19
41174,Product_1174_4,electronics,926.9594262548509,468.49700294369154,inactive,2024-08-10
41175,Product_1175_4,sports,416.07388965555623,315.15386869820736,active,2024-05-20
41176,Product_1176_4,electronics,708.8184846355781,427.5307135371019,active,2024-05-20
41177,Product_1177_4,sports,48.18843382965321,250.40684630289266,archived,2024-09-15
41178,Product_1178_4,clothing,271.0993920795788,15.680445964822798,archived,2024-02-24
41179,Product_1179_4,electronics,883.9239798917141,354.4437424338223,archived,2024-04-17
41180,Product_1180_4,home,737.5376743156806,445.0956058641587,archived,2024-05-13
41181,Product_1181_4,home,618.0309962005377,107.27500036997148,inactive,2024-02-12
41182,Product_1182_4,electronics,536.968052449543,363.5074532228536,active,2024-12-20
41183,Product_1183_4,home,700.9637510775665,464.19650466685897,pending,2024-06-24
41184,Product_1184_4,sports,144.42987291024403,15.161473138583297,active,2024-08-16
41185,Product_1185_4,books,211.48354017821717,167.82453506431722,inactive,2024-09-06
41186,Product_1186_4,clothing,302.7780616299083,326.5109658135339,inactive,2024-07-23
41187,Product_1187_4,sports,133.13154506887093,124.76540462400098,pending,2024-06-13
41188,Product_1188_4,books,832.6215741277446,328.4383842513106,active,2024-07-26
41189,Product_1189_4,home,110.95972653926661,217.8575723107054,active,2024-04-18
41190,Product_1190_4,home,630.1547097714408,84.81419196019785,inactive,2024-02-13
41191,Product_1191_4,home,74.81481257594768,483.09376422607596,archived,2024-09-25
41192,Product_1192_4,sports,551.2021142812804,52.10503557670995,active,2024-01-22
41193,Product_1193_4,electronics,610.8305481505416,448.93439204963227,active,2024-10-14
41194,Product_1194_4,home,462.81140491542556,31.679030731982394,active,2024-04-03
41195,Product_1195_4,electronics,401.9174706389132,44.99245086901522,pending,2024-11-01
41196,Product_1196_4,home,972.4361848661694,231.51598023788162,active,2024-09-20
41197,Product_1197_4,electronics,267.6350322137775,199.55206977923802,inactive,2024-07-21
41198,Product_1198_4,electronics,326.7396432165549,373.8850992806724,active,2024-10-11
41199,Product_1199_4,clothing,133.8092219295213,381.5684176965616,inactive,2024-04-21
41200,Product_1200_4,home,168.44444001097315,447.1135235114206,inactive,2024-04-02
41201,Product_1201_4,electronics,138.44703216131032,29.691114900928994,pending,2024-06-09
41202,Product_1202_4,clothing,679.7642427128209,46.82554832825196,active,2024-02-27
41203,Product_1203_4,home,210.4868346699822,122.20767641239186,archived,2024-01-17
41204,Product_1204_4,home,94.7848435742506,483.79647324317284,inactive,2024-09-01
41205,Product_1205_4,books,784.2394774711632,418.35321507984753,active,2024-10-07
41206,Product_1206_4,electronics,888.7592592438867,13.71369228598548,inactive,2024-09-08
41207,Product_1207_4,books,604.9702241045992,182.78310232502116,active,2024-04-19
41208,Product_1208_4,sports,433.71375886922306,419.74896702960876,archived,2024-08-27
41209,Product_1209_4,books,700.615601325929,97.5892651885625,inactive,2024-06-06
41210,Product_1210_4,books,747.90655206449,117.53911496140338,pending,2024-11-21
41211,Product_1211_4,clothing,144.43575155795116,437.299363733567,pending,2024-05-21
41212,Product_1212_4,home,183.14171280354873,261.4162479921349,active,2024-12-05
41213,Product_1213_4,sports,55.02682957036511,351.9725953662237,inactive,2024-10-19
41214,Product_1214_4,home,11.181926462435857,30.206444651642496,archived,2024-03-12
41215,Product_1215_4,sports,961.5581321186318,493.8016730571357,active,2024-07-13
41216,Product_1216_4,sports,93.06384393019412,401.0011501485442,inactive,2024-09-08
41217,Product_1217_4,books,501.3260721815969,440.7767991742081,inactive,2024-11-04
41218,Product_1218_4,sports,351.05810001049025,347.7590695134707,inactive,2024-06-11
41219,Product_1219_4,books,397.95038336447186,224.5474646573887,active,2024-08-03
41220,Product_1220_4,clothing,470.35342314784845,315.37049861366273,inactive,2024-03-28
41221,Product_1221_4,electronics,776.7058833737218,132.48029002183102,active,2024-10-28
41222,Product_1222_4,sports,668.3890934347935,32.367942671286045,active,2024-11-14
41223,Product_1223_4,electronics,922.6272391719485,127.78635646675966,active,2024-04-22
41224,Product_1224_4,electronics,624.8269581447743,339.0871175691148,pending,2024-02-05
41225,Product_1225_4,electronics,203.7203173307748,92.48580236370253,active,2024-05-14
41226,Product_1226_4,home,25.02805357524538,363.27649345347794,archived,2024-01-19
41227,Product_1227_4,sports,28.56624711163928,266.507202877411,pending,2024-06-19
41228,Product_1228_4,clothing,595.235669872897,256.8641311141491,archived,2024-11-10
41229,Product_1229_4,sports,215.53431419120318,313.2325631509158,active,2024-07-01
41230,Product_1230_4,electronics,351.87825015171995,483.9266941884516,inactive,2024-02-23
41231,Product_1231_4,sports,615.7785533120916,241.41511766694387,inactive,2024-04-07
41232,Product_1232_4,books,600.3686505430722,263.6176852420092,active,2024-06-23
41233,Product_1233_4,sports,917.9687272217899,68.35940398237179,inactive,2024-12-17
41234,Product_1234_4,electronics,461.10383738809065,415.28456288651284,archived,2024-01-24
41235,Product_1235_4,sports,735.5742205559618,470.26176101580177,inactive,2024-10-01
41236,Product_1236_4,clothing,768.6780395689599,277.9678562584558,archived,2024-06-07
41237,Product_1237_4,electronics,33.70003446698181,38.649204994600744,pending,2024-08-26
41238,Product_1238_4,home,962.2215276295159,60.885672024487356,inactive,2024-10-20
41239,Product_1239_4,clothing,232.13434525441102,251.07491010355457,archived,2024-04-23
41240,Product_1240_4,books,396.15424765807745,468.13314309753713,pending,2024-10-05
41241,Product_1241_4,books,97.6345894178439,42.62012610903666,archived,2024-06-26
41242,Product_1242_4,clothing,630.9075959212246,239.57076278380657,active,2024-03-09
41243,Product_1243_4,books,497.9278385034111,117.32436945086295,active,2024-06-01
41244,Product_1244_4,sports,961.2754429947223,415.5378131102451,archived,2024-04-17
41245,Product_1245_4,books,843.1360620327769,333.8301225110049,pending,2024-06-24
41246,Product_1246_4,home,520.2660470682812,288.48369087006563,active,2024-10-18
41247,Product_1247_4,sports,290.15366293577216,261.60475952337384,pending,2024-03-19
41248,Product_1248_4,electronics,683.4213173080695,304.5391762776827,active,2024-12-04
41249,Product_1249_4,clothing,43.693256933717116,449.7427086739828,inactive,2024-09-16
41250,Product_1250_4,clothing,453.5128863432546,477.9042353086141,active,2024-12-13
41251,Product_1251_4,electronics,262.5322481600825,340.77867069403084,inactive,2024-05-07
41252,Product_1252_4,sports,794.6133401743641,14.646805199001985,archived,2024-10-12
41253,Product_1253_4,electronics,869.0040579684554,105.85816233079434,pending,2024-11-03
41254,Product_1254_4,books,717.8411466466802,431.8054284364698,active,2024-01-27
41255,Product_1255_4,sports,932.2954253664246,266.8001789741875,inactive,2024-09-22
41256,Product_1256_4,books,679.4560103883266,310.124573373392,inactive,2024-04-09
41257,Product_1257_4,books,362.42117352253103,314.2450804995924,archived,2024-09-14
41258,Product_1258_4,clothing,298.1572004330599,319.33803205552675,archived,2024-08-28
41259,Product_1259_4,electronics,885.2648922996959,22.916438842952132,inactive,2024-12-10
41260,Product_1260_4,sports,381.6060555630083,416.90981230100743,active,2024-06-05
41261,Product_1261_4,sports,786.3501740907637,453.33445467974434,archived,2024-05-17
41262,Product_1262_4,books,761.1061802159934,114.1364136092503,archived,2024-03-02
41263,Product_1263_4,home,157.95706278661476,456.65536673820907,inactive,2024-04-19
41264,Product_1264_4,electronics,615.7319755793604,88.55520864697176,active,2024-03-06
41265,Product_1265_4,electronics,577.6138299533775,357.52452347591355,pending,2024-11-11
41266,Product_1266_4,clothing,761.3219795257753,120.80620960762694,archived,2024-01-24
41267,Product_1267_4,sports,422.46581840416485,37.754586335443136,active,2024-04-11
41268,Product_1268_4,electronics,546.1004602405935,285.1311631680798,inactive,2024-05-25
41269,Product_1269_4,electronics,886.1582751787421,101.93135761577138,active,2024-11-20
41270,Product_1270_4,sports,587.7628869164641,42.847306359844,active,2024-07-13
41271,Product_1271_4,electronics,946.2815277065647,200.3001730301386,archived,2024-04-04
41272,Product_1272_4,clothing,226.58721872851186,395.8671881066441,inactive,2024-11-13
41273,Product_1273_4,home,766.4574235903577,417.4545949172514,pending,2024-04-28
41274,Product_1274_4,sports,955.64686241885,375.60972325936297,archived,2024-05-10
41275,Product_1275_4,clothing,635.7201922244705,242.46989115682433,active,2024-09-28
41276,Product_1276_4,books,870.79598391354,138.10842071641486,pending,2024-12-19
41277,Product_1277_4,home,214.42048199858291,217.6696947560555,archived,2024-09-02
41278,Product_1278_4,clothing,910.9809496560479,225.85459097038174,pending,2024-08-04
41279,Product_1279_4,clothing,107.09229465446415,247.93081186478153,archived,2024-03-15
41280,Product_1280_4,home,306.26511534218747,171.010293971362,pending,2024-05-23
41281,Product_1281_4,clothing,578.1900959518581,81.5520729096468,active,2024-10-01
41282,Product_1282_4,clothing,219.70881909058258,253.04021502383154,inactive,2024-03-05
41283,Product_1283_4,sports,621.1537670917772,163.69549457928503,inactive,2024-02-12
41284,Product_1284_4,clothing,941.7870124522315,246.7815510165448,active,2024-04-05
41285,Product_1285_4,electronics,903.7803145365016,281.67617240790014,active,2024-01-27
41286,Product_1286_4,home,444.26567056092017,243.59466037244883,archived,2024-06-19
41287,Product_1287_4,clothing,803.7036728983096,315.37823043033427,archived,2024-01-25
41288,Product_1288_4,home,422.2523549663653,52.483226452526466,inactive,2024-09-02
41289,Product_1289_4,home,498.28656734699007,136.7116334247155,archived,2024-01-28
41290,Product_1290_4,books,888.737746396257,247.42328796032527,pending,2024-03-20
41291,Product_1291_4,books,229.5088343041629,479.4204079981442,pending,2024-02-12
41292,Product_1292_4,electronics,250.6450300867772,112.96994544884463,archived,2024-10-11
41293,Product_1293_4,sports,21.240803095703534,210.50869381398974,pending,2024-06-26
41294,Product_1294_4,clothing,135.1879789878624,484.85456356011827,active,2024-10-20
41295,Product_1295_4,home,16.91448712979159,132.8506424502608,active,2024-09-08
41296,Product_1296_4,electronics,554.8940470180534,478.19785081759,pending,2024-06-25
41297,Product_1297_4,books,253.38294591086952,232.42587733241064,inactive,2024-11-07
41298,Product_1298_4,home,597.4883682660262,485.36228785804013,active,2024-04-10
41299,Product_1299_4,sports,679.0230614034364,29.339190505928574,active,2024-12-19
41300,Product_1300_4,sports,127.79969347740949,301.90421427305023,inactive,2024-05-04
41301,Product_1301_4,clothing,647.9553692623119,131.74231089459425,archived,2024-07-24
41302,Product_1302_4,sports,910.1398183929306,144.331710159593,pending,2024-01-10
41303,Product_1303_4,electronics,478.59368808084724,55.88467136394151,pending,2024-01-28
41304,Product_1304_4,sports,829.4267286341081,122.14141282814506,pending,2024-05-15
41305,Product_1305_4,sports,992.3834966986057,448.33629955176957,pending,2024-11-13
41306,Product_1306_4,electronics,140.057119631542,249.1841601812375,active,2024-12-24
41307,Product_1307_4,sports,879.774529703043,352.2246987532956,pending,2024-11-23
41308,Product_1308_4,sports,833.7597142359103,342.7695211904952,pending,2024-06-16
41309,Product_1309_4,home,726.7423121394072,324.83652869787494,archived,2024-08-26
41310,Product_1310_4,electronics,838.8599346846308,276.45390451593306,archived,2024-06-13
41311,Product_1311_4,electronics,670.3569861651905,468.81307765935344,inactive,2024-03-22
41312,Product_1312_4,sports,308.70926879414617,423.527797835569,pending,2024-04-03
41313,Product_1313_4,home,264.65913784466846,419.50921989179227,active,2024-03-25
41314,Product_1314_4,clothing,207.01530820649498,156.38435783697744,pending,2024-02-19
41315,Product_1315_4,books,103.69683022946556,133.96848992998628,archived,2024-09-05
41316,Product_1316_4,electronics,839.0062617068104,72.6180306342281,active,2024-09-18
41317,Product_1317_4,clothing,913.5268139170508,27.89971366218511,pending,2024-05-10
41318,Product_1318_4,books,840.5974234632038,429.0958884900134,pending,2024-07-07
41319,Product_1319_4,electronics,260.0196310647154,379.05148772772606,inactive,2024-04-04
41320,Product_1320_4,books,651.7616201646099,173.60024478180043,pending,2024-11-08
41321,Product_1321_4,clothing,531.0497827020254,396.3918263742058,pending,2024-04-12
41322,Product_1322_4,electronics,337.7556834504519,388.2853662157595,pending,2024-01-01
41323,Product_1323_4,clothing,743.0269507801798,342.77403728900225,active,2024-04-27
41324,Product_1324_4,electronics,116.56450132022115,285.23392913657096,inactive,2024-11-20
41325,Product_1325_4,clothing,671.714303852591,294.12220132555825,pending,2024-08-06
41326,Product_1326_4,clothing,409.57006324744077,373.57313768176124,pending,2024-12-09
41327,Product_1327_4,electronics,184.69918260699222,308.7758852160317,active,2024-03-25
41328,Product_1328_4,home,889.9445608352067,495.1935386382636,archived,2024-04-28
41329,Product_1329_4,home,727.8902669680205,60.245859139257334,archived,2024-01-26
41330,Product_1330_4,sports,995.3475651254054,338.729405838818,pending,2024-01-26
41331,Product_1331_4,electronics,286.4961913007503,324.3061933879375,inactive,2024-01-25
41332,Product_1332_4,sports,116.1922548528232,92.41985190373718,inactive,2024-12-11
41333,Product_1333_4,electronics,223.10063655231065,52.348323242197516,inactive,2024-06-08
41334,Product_1334_4,home,331.7897864359646,495.1257907183567,active,2024-10-03
41335,Product_1335_4,clothing,215.9193562545932,150.3616799139864,active,2024-04-21
41336,Product_1336_4,sports,674.7080293205335,146.05032014125325,active,2024-06-17
41337,Product_1337_4,clothing,139.50558914920654,393.3900988503198,pending,2024-09-27
41338,Product_1338_4,clothing,651.7009272572577,326.5634700774104,archived,2024-08-05
41339,Product_1339_4,home,236.06833327680553,485.71090080104017,archived,2024-03-17
41340,Product_1340_4,books,201.3736024711524,300.41765945505904,active,2024-03-03
41341,Product_1341_4,clothing,487.5784047974641,174.4924572650227,inactive,2024-10-27
41342,Product_1342_4,sports,774.4418917007092,373.0050689168764,pending,2024-06-20
41343,Product_1343_4,home,741.1743699747697,463.61434337112206,inactive,2024-07-18
41344,Product_1344_4,clothing,452.6051952518833,115.20490759863601,inactive,2024-06-25
41345,Product_1345_4,home,50.207353060477516,126.8976188577078,pending,2024-06-24
41346,Product_1346_4,books,804.6052903546387,140.3701061203979,archived,2024-10-10
41347,Product_1347_4,sports,363.44866348047145,66.55431189081571,inactive,2024-08-06
41348,Product_1348_4,electronics,386.8633302448317,212.32076733673736,pending,2024-05-07
41349,Product_1349_4,home,302.75991265813633,438.1911807160083,inactive,2024-09-09
41350,Product_1350_4,electronics,862.2975900403998,230.00351208018802,inactive,2024-04-25
41351,Product_1351_4,clothing,346.0035471194769,71.03155921927129,pending,2024-01-13
41352,Product_1352_4,home,25.576086041505445,142.19698818521726,inactive,2024-04-16
41353,Product_1353_4,clothing,638.8082939376429,35.9146923625824,pending,2024-01-27
41354,Product_1354_4,sports,491.05373415829223,214.40850305463275,archived,2024-08-26
41355,Product_1355_4,electronics,265.97228482667,182.45339595510072,inactive,2024-03-09
41356,Product_1356_4,books,802.4764754118581,447.7365063046474,pending,2024-11-06
41357,Product_1357_4,clothing,320.25775574907226,182.29286043657163,inactive,2024-06-17
41358,Product_1358_4,sports,969.5624464422262,324.50215962023384,archived,2024-08-18
41359,Product_1359_4,clothing,240.64161438254834,463.7394630797605,archived,2024-05-14
41360,Product_1360_4,sports,943.2742279133641,112.69839779042324,inactive,2024-04-28
41361,Product_1361_4,books,707.4371318498303,487.53687883365495,active,2024-12-17
41362,Product_1362_4,home,510.37960378804263,242.48685562052066,pending,2024-07-25
41363,Product_1363_4,home,419.0369511968142,243.880124156533,pending,2024-06-02
41364,Product_1364_4,sports,8.647259455960615,281.7824172058428,active,2024-08-22
41365,Product_1365_4,clothing,983.7962047625462,170.25737902146747,active,2024-10-20
41366,Product_1366_4,clothing,918.8993295758809,121.0790244704746,inactive,2024-01-08
41367,Product_1367_4,clothing,541.9934905074708,201.26185326118093,archived,2024-12-17
41368,Product_1368_4,electronics,899.4662726478854,275.43416487440436,active,2024-04-02
41369,Product_1369_4,books,325.28281108110644,150.38662980592062,active,2024-06-01
41370,Product_1370_4,electronics,377.6066245159073,101.2640979516557,inactive,2024-07-05
41371,Product_1371_4,sports,455.7425431769489,65.89692701928274,inactive,2024-09-21
41372,Product_1372_4,sports,98.9930193826259,407.75129568048965,pending,2024-11-21
41373,Product_1373_4,books,54.25772208737185,457.58863415025377,archived,2024-12-17
41374,Product_1374_4,home,278.3265957013205,279.348683788954,active,2024-01-13
41375,Product_1375_4,home,245.70701107174673,359.75214300259586,pending,2024-05-08
41376,Product_1376_4,electronics,610.4774573135929,261.2110894244279,active,2024-04-10
41377,Product_1377_4,clothing,345.04574787726966,441.2824998193883,pending,2024-12-08
41378,Product_1378_4,electronics,508.22665809131325,470.19469025724345,pending,2024-02-10
41379,Product_1379_4,clothing,425.451394431957,112.858758916592,archived,2024-10-17
41380,Product_1380_4,home,895.7768354194467,107.72810225189156,archived,2024-07-21
41381,Product_1381_4,sports,166.33805347720744,475.61304560202575,archived,2024-06-05
41382,Product_1382_4,clothing,211.15964927523083,154.39807769513044,active,2024-05-13
41383,Product_1383_4,electronics,52.361830414161474,346.33191565643295,active,2024-02-24
41384,Product_1384_4,sports,161.83742905208837,157.49781619734387,inactive,2024-10-25
41385,Product_1385_4,books,721.618170956133,340.6716129405676,archived,2024-01-07
41386,Product_1386_4,electronics,988.2405514009561,437.7703258634593,active,2024-09-10
41387,Product_1387_4,home,284.4154340474505,355.64781093318123,archived,2024-03-14
41388,Product_1388_4,home,163.46827999779782,163.1858773264124,inactive,2024-03-26
41389,Product_1389_4,clothing,712.9869227381389,361.5215861990798,archived,2024-02-10
41390,Product_1390_4,books,995.0166953101519,96.48710163701122,active,2024-05-02
41391,Product_1391_4,sports,832.5509686529086,132.9141280082612,inactive,2024-05-03
41392,Product_1392_4,home,274.0011725010045,19.39750957918519,active,2024-12-02
41393,Product_1393_4,home,516.5779872610734,247.96917343193115,inactive,2024-11-25
41394,Product_1394_4,clothing,48.47893401468347,413.7218347069343,inactive,2024-08-25
41395,Product_1395_4,books,797.110226805303,468.85664845552293,inactive,2024-12-17
41396,Product_1396_4,electronics,63.92889312239853,119.77595735815451,archived,2024-04-23
41397,Product_1397_4,books,408.21803207762326,438.1330457520787,active,2024-09-05
41398,Product_1398_4,clothing,669.5940696427934,150.9914432757009,archived,2024-05-23
41399,Product_1399_4,sports,286.8565202379854,459.7389167258839,inactive,2024-04-11
41400,Product_1400_4,sports,4.487390360707789,443.63804511232433,archived,2024-11-26
41401,Product_1401_4,sports,746.8822588421731,369.0784711419424,inactive,2024-03-11
41402,Product_1402_4,clothing,393.61134412769945,162.28211131858657,pending,2024-08-27
41403,Product_1403_4,clothing,91.89738292324797,461.979945332602,active,2024-01-14
41404,Product_1404_4,sports,320.2563398952887,164.14329117750623,pending,2024-04-09
41405,Product_1405_4,electronics,307.7262916022065,452.49867163143756,active,2024-12-24
41406,Product_1406_4,electronics,733.2980905957074,394.5484482363807,archived,2024-11-12
41407,Product_1407_4,home,423.2539273658493,132.10125000881067,archived,2024-06-18
41408,Product_1408_4,clothing,262.9560880441189,359.7755748013272,inactive,2024-06-24
41409,Product_1409_4,electronics,333.8859650968183,366.41104531111455,pending,2024-11-07
41410,Product_1410_4,sports,788.1073250157548,434.27596817874405,inactive,2024-06-03
41411,Product_1411_4,books,239.0735079820658,189.53954429444474,archived,2024-04-20
41412,Product_1412_4,sports,455.1209390125404,372.44068662851373,pending,2024-05-18
41413,Product_1413_4,sports,163.84917772582088,166.35315694904142,archived,2024-02-03
41414,Product_1414_4,home,123.51730169633012,163.77846509853293,pending,2024-08-23
41415,Product_1415_4,sports,829.8362029610728,102.89894743930988,inactive,2024-05-01
41416,Product_1416_4,home,785.9731180626844,168.46377902980416,pending,2024-02-27
41417,Product_1417_4,sports,982.697576464493,149.7747640475043,inactive,2024-12-06
41418,Product_1418_4,home,521.8308921124598,372.64836424102305,active,2024-02-05
41419,Product_1419_4,sports,32.48283798708259,34.75086916797028,pending,2024-11-23
41420,Product_1420_4,home,10.658989468141115,154.47874482212464,inactive,2024-09-14
41421,Product_1421_4,sports,253.01174195009375,491.04256576891567,archived,2024-07-21
41422,Product_1422_4,electronics,585.780072813661,451.76434615882937,inactive,2024-11-11
41423,Product_1423_4,electronics,787.7771429824163,302.85906959030257,inactive,2024-12-15
41424,Product_1424_4,books,920.8036263152654,398.33705185510104,active,2024-06-16
41425,Product_1425_4,home,131.3469448572928,369.3125658251173,inactive,2024-12-17
41426,Product_1426_4,home,918.912898338431,444.63198823614414,pending,2024-12-07
41427,Product_1427_4,clothing,5.748080263616325,246.47496790594172,inactive,2024-07-15
41428,Product_1428_4,home,146.67474268727497,99.88821033173025,pending,2024-02-27
41429,Product_1429_4,sports,617.7575072656804,435.4292506527495,pending,2024-01-03
41430,Product_1430_4,sports,552.1005705456396,424.0167845585041,active,2024-04-26
41431,Product_1431_4,electronics,43.13858377064476,154.91666387135692,active,2024-11-23
41432,Product_1432_4,home,749.073641949868,247.08618201691172,archived,2024-04-16
41433,Product_1433_4,clothing,134.1678094557417,299.2638596491168,active,2024-11-10
41434,Product_1434_4,clothing,720.1977150366204,157.09482032370406,archived,2024-06-17
41435,Product_1435_4,clothing,456.74511103680703,493.99241369168396,pending,2024-05-21
41436,Product_1436_4,clothing,195.49418280179236,192.94684403362294,inactive,2024-06-27
41437,Product_1437_4,books,198.51999902187177,480.81697504480354,active,2024-03-16
41438,Product_1438_4,books,237.6147235546069,375.2398523251877,inactive,2024-10-15
41439,Product_1439_4,electronics,521.977422805892,196.93168160230135,inactive,2024-03-28
41440,Product_1440_4,home,837.4990613176253,169.5557087530711,archived,2024-07-05
41441,Product_1441_4,clothing,438.1728082115727,232.27025919974488,archived,2024-11-05
41442,Product_1442_4,sports,94.32418961446744,133.50814138135536,pending,2024-07-22
41443,Product_1443_4,home,938.9697745326092,449.96046217206265,pending,2024-10-09
41444,Product_1444_4,home,698.3946798242135,438.7180765311293,pending,2024-09-26
41445,Product_1445_4,electronics,586.6849273441526,41.72362072975521,pending,2024-03-07
41446,Product_1446_4,electronics,804.3175680655972,190.1168742371082,archived,2024-02-17
41447,Product_1447_4,sports,775.1838261814831,28.775148152112404,pending,2024-02-13
41448,Product_1448_4,sports,134.74467484081663,387.3506866994222,inactive,2024-01-08
41449,Product_1449_4,books,765.9440471727632,358.3244218006738,archived,2024-07-12
41450,Product_1450_4,books,246.96366654286908,294.9347788217393,archived,2024-08-08
41451,Product_1451_4,clothing,621.8359692641308,134.12933974663923,active,2024-03-21
41452,Product_1452_4,home,517.8541377816015,498.9401674581218,pending,2024-11-01
41453,Product_1453_4,home,967.0808957097863,354.00725789609635,active,2024-07-04
41454,Product_1454_4,home,311.60368607062344,17.484050213552482,active,2024-08-12
41455,Product_1455_4,electronics,139.07905239448002,114.7231425481913,inactive,2024-10-17
41456,Product_1456_4,clothing,988.9120214664662,26.830509210561495,active,2024-05-12
41457,Product_1457_4,clothing,344.23045394430096,167.1776295896138,inactive,2024-09-03
41458,Product_1458_4,home,89.90650636546607,289.97548870642044,pending,2024-06-28
41459,Product_1459_4,clothing,743.6862009336661,434.20146352911024,active,2024-05-24
41460,Product_1460_4,clothing,859.3565869656854,89.80436427250956,archived,2024-01-22
41461,Product_1461_4,books,28.604945460877474,83.83449236733136,active,2024-07-22
41462,Product_1462_4,home,312.90547485306854,103.85103047839577,archived,2024-05-19
41463,Product_1463_4,books,60.934094631560164,454.27292612033114,archived,2024-05-17
41464,Product_1464_4,clothing,35.42179965468195,184.825192543255,pending,2024-05-17
41465,Product_1465_4,books,936.0184963561688,346.6502965540183,archived,2024-11-27
41466,Product_1466_4,electronics,303.597617635538,76.3073242988495,inactive,2024-02-05
41467,Product_1467_4,books,266.362096285877,107.82346278950817,active,2024-03-10
41468,Product_1468_4,home,888.1033749204194,228.12283365898267,active,2024-07-28
41469,Product_1469_4,clothing,840.2039614341401,194.23263964163672,archived,2024-07-11
41470,Product_1470_4,books,358.8521519967697,35.40667761666016,pending,2024-07-09
41471,Product_1471_4,sports,538.3038819604233,230.36615277921658,archived,2024-06-22
41472,Product_1472_4,home,182.99164297139848,17.95106614446152,archived,2024-01-13
41473,Product_1473_4,home,846.3852005260479,231.57330223860666,active,2024-04-27
41474,Product_1474_4,home,910.9210207830339,158.20722840237482,active,2024-02-16
41475,Product_1475_4,clothing,214.1684215693114,159.99739507747083,inactive,2024-06-22
41476,Product_1476_4,clothing,215.99057973238914,167.4059724367871,archived,2024-12-17
41477,Product_1477_4,clothing,943.5667828170218,393.42577442614527,active,2024-10-08
41478,Product_1478_4,home,77.4835018753675,231.99199998102017,inactive,2024-02-07
41479,Product_1479_4,home,13.557434956979552,37.68554106798561,active,2024-09-03
41480,Product_1480_4,sports,601.253492072494,432.872846739677,inactive,2024-07-07
41481,Product_1481_4,electronics,305.6671155197923,407.8475883644485,pending,2024-07-23
41482,Product_1482_4,clothing,406.2312806361019,448.20267333526334,inactive,2024-06-25
41483,Product_1483_4,sports,341.02417904347885,377.4747962271175,pending,2024-11-06
41484,Product_1484_4,sports,699.2084834278311,234.61371928459306,archived,2024-05-11
41485,Product_1485_4,home,229.32457906761417,114.33376822241924,inactive,2024-02-20
41486,Product_1486_4,sports,169.1849990885547,328.0946625284484,active,2024-04-04
41487,Product_1487_4,books,61.80535036963538,405.5043518048772,pending,2024-07-27
41488,Product_1488_4,home,18.54178224059314,455.11230904731514,inactive,2024-06-09
41489,Product_1489_4,clothing,517.4597557854808,396.73391135471485,inactive,2024-03-08
41490,Product_1490_4,sports,120.30437499574968,37.66347341272389,pending,2024-08-02
41491,Product_1491_4,clothing,562.5862100231402,296.59677822241133,pending,2024-12-19
41492,Product_1492_4,home,521.0377646430604,91.36498096220366,active,2024-05-03
41493,Product_1493_4,books,987.8129065950815,484.4935629404685,inactive,2024-02-09
41494,Product_1494_4,clothing,814.8608570331603,490.5227870648889,archived,2024-03-10
41495,Product_1495_4,home,671.8194065711688,168.88695863611758,inactive,2024-01-23
41496,Product_1496_4,books,812.0142450149274,119.84007848023015,archived,2024-05-19
41497,Product_1497_4,electronics,24.939331643281474,298.373710912691,active,2024-09-28
41498,Product_1498_4,clothing,832.6022845165801,279.7863922323901,archived,2024-06-10
41499,Product_1499_4,clothing,277.3894297210827,104.2733363030277,inactive,2024-09-21
41500,Product_1500_4,books,212.1046429869913,311.5795433624528,archived,2024-03-20
41501,Product_1501_4,home,136.1361962290515,22.58234655221515,active,2024-03-16
41502,Product_1502_4,electronics,966.4305016243214,111.2890780247518,archived,2024-03-11
41503,Product_1503_4,sports,598.9303603982853,228.01347092555744,inactive,2024-01-08
41504,Product_1504_4,books,54.10820982608287,229.43162021706488,inactive,2024-06-22
41505,Product_1505_4,books,779.6856452565058,462.0888530275088,inactive,2024-08-17
41506,Product_1506_4,home,329.03239984204,201.73835738948958,active,2024-12-11
41507,Product_1507_4,electronics,941.1108410770532,241.66240219603978,archived,2024-06-09
41508,Product_1508_4,home,136.98821244214062,248.44292289454378,inactive,2024-10-19
41509,Product_1509_4,clothing,67.74327796127932,303.78154584260955,archived,2024-08-07
41510,Product_1510_4,electronics,922.610319603933,19.307924179593805,inactive,2024-10-19
41511,Product_1511_4,electronics,353.3498075126149,123.32520897516383,inactive,2024-06-02
41512,Product_1512_4,electronics,886.1212876133723,412.7544517186762,active,2024-10-12
41513,Product_1513_4,home,862.3967663426037,397.59708540134164,archived,2024-11-27
41514,Product_1514_4,home,423.50137923375667,205.55713260471973,active,2024-08-01
41515,Product_1515_4,sports,359.69402662108814,401.9367510745541,active,2024-05-14
41516,Product_1516_4,sports,970.9427501465433,96.85098429093404,active,2024-08-02
41517,Product_1517_4,sports,80.76597208116513,223.1210928824613,archived,2024-08-13
41518,Product_1518_4,electronics,611.6871774718271,444.5311773753209,pending,2024-11-24
41519,Product_1519_4,books,153.55204927174523,182.56202478830593,archived,2024-03-16
41520,Product_1520_4,books,532.645442667522,33.2055622541514,pending,2024-02-24
41521,Product_1521_4,home,583.3846532205584,310.61689437013655,inactive,2024-08-01
41522,Product_1522_4,sports,795.732349513298,217.39541141081378,pending,2024-05-11
41523,Product_1523_4,books,493.07504421280373,349.5007544890416,inactive,2024-02-08
41524,Product_1524_4,books,913.9581667466772,154.3412441826222,inactive,2024-04-04
41525,Product_1525_4,home,330.1339995660506,253.85879072704233,inactive,2024-06-02
41526,Product_1526_4,sports,535.5560273642881,48.46500672936398,pending,2024-03-03
41527,Product_1527_4,electronics,492.95227135346835,386.19551120369175,inactive,2024-02-13
41528,Product_1528_4,clothing,17.163600355141934,291.5306761658427,pending,2024-02-05
41529,Product_1529_4,home,614.0704362409633,399.7156634602776,pending,2024-09-08
41530,Product_1530_4,electronics,223.91392013104806,276.5312334044346,inactive,2024-11-07
41531,Product_1531_4,home,993.6953117754847,172.18919808815352,inactive,2024-02-08
41532,Product_1532_4,clothing,336.76919189486244,387.16263425277566,inactive,2024-09-05
41533,Product_1533_4,home,176.8306636801486,211.71598690650373,pending,2024-01-09
41534,Product_1534_4,books,202.40396288833642,20.1631445673567,archived,2024-02-15
41535,Product_1535_4,home,378.82391856973715,477.1763382404339,inactive,2024-09-20
41536,Product_1536_4,electronics,671.3823145315561,214.42684069849503,pending,2024-12-17
41537,Product_1537_4,sports,332.32124237356453,470.9786053685525,archived,2024-01-05
41538,Product_1538_4,clothing,248.76862367628172,368.2633252888597,archived,2024-03-28
41539,Product_1539_4,books,340.06671680407146,50.74785104675664,pending,2024-02-14
41540,Product_1540_4,home,661.0327143364692,287.28651773314874,active,2024-04-27
41541,Product_1541_4,electronics,957.7773996581744,450.3671462289286,active,2024-02-06
41542,Product_1542_4,books,185.9109317245106,191.07319254391052,active,2024-05-16
41543,Product_1543_4,clothing,337.03421725686536,123.83157737711646,active,2024-03-18
41544,Product_1544_4,clothing,954.3886433224127,256.4737404492912,archived,2024-07-12
41545,Product_1545_4,sports,512.1974208725178,195.6219679672178,pending,2024-05-02
41546,Product_1546_4,sports,286.9803434445264,308.78108566940034,inactive,2024-09-23
41547,Product_1547_4,home,45.5419322102426,97.10799430949154,pending,2024-12-09
41548,Product_1548_4,clothing,510.6476672727819,409.0890593245428,pending,2024-02-04
41549,Product_1549_4,sports,28.799634136300053,346.6600701171456,active,2024-04-01
41550,Product_1550_4,home,604.2355019373952,122.3001888352686,pending,2024-09-10
41551,Product_1551_4,clothing,220.34218378224452,235.86510843283057,pending,2024-04-21
41552,Product_1552_4,books,60.41536891038001,337.4428808550459,inactive,2024-08-08
41553,Product_1553_4,sports,249.0217595041902,341.88846716864896,pending,2024-04-26
41554,Product_1554_4,home,125.08080773351192,469.90830601467883,active,2024-07-04
41555,Product_1555_4,clothing,567.0516322695912,416.696430427035,active,2024-12-19
41556,Product_1556_4,sports,141.587135815277,230.9534182542475,pending,2024-04-17
41557,Product_1557_4,electronics,435.1910079654962,390.8941665742926,inactive,2024-11-10
41558,Product_1558_4,sports,307.68259955739006,214.00341605164567,inactive,2024-10-09
41559,Product_1559_4,sports,635.321609044615,121.8357827053916,inactive,2024-06-09
41560,Product_1560_4,home,414.67805543396867,83.49318240295416,archived,2024-08-03
41561,Product_1561_4,home,862.0466703659527,291.27962450317807,inactive,2024-10-02
41562,Product_1562_4,electronics,406.3107709968224,219.66313493289476,inactive,2024-08-07
41563,Product_1563_4,books,919.2926755939309,52.75192074993082,inactive,2024-07-13
41564,Product_1564_4,home,698.6364168427746,363.26089840166713,pending,2024-03-03
41565,Product_1565_4,electronics,65.63830999803781,272.71026826127377,pending,2024-02-21
41566,Product_1566_4,home,784.8110806624265,36.848218865038945,pending,2024-07-07
41567,Product_1567_4,home,535.9751199606067,128.26690012907656,pending,2024-07-04
41568,Product_1568_4,clothing,588.370976341704,29.790140152969474,active,2024-04-04
41569,Product_1569_4,home,213.1327859289838,244.01883712330755,pending,2024-03-17
41570,Product_1570_4,home,894.3053679876632,76.4937629523815,archived,2024-04-13
41571,Product_1571_4,sports,724.9493993979207,39.300552281772624,active,2024-12-16
41572,Product_1572_4,electronics,858.4072291555402,327.613184889324,pending,2024-03-19
41573,Product_1573_4,clothing,338.36220431421003,298.1170699561301,archived,2024-05-05
41574,Product_1574_4,books,51.65920571875758,397.9999760049162,pending,2024-10-17
41575,Product_1575_4,sports,168.5294538610439,42.226047692490745,pending,2024-05-13
41576,Product_1576_4,clothing,103.32326446703031,337.97388333592266,active,2024-07-16
41577,Product_1577_4,sports,579.1692597474799,334.7976708475087,archived,2024-05-16
41578,Product_1578_4,home,174.52078962509677,288.8286444368067,active,2024-02-22
41579,Product_1579_4,electronics,55.64196526974842,455.89592781005393,inactive,2024-11-16
41580,Product_1580_4,books,997.4618033415196,396.9005630587934,active,2024-07-19
41581,Product_1581_4,home,831.5041598839846,240.3919702598352,active,2024-06-28
41582,Product_1582_4,books,434.0026950538756,332.99461111639175,inactive,2024-06-28
41583,Product_1583_4,electronics,74.1644665359605,32.33007303879894,inactive,2024-09-10
41584,Product_1584_4,electronics,221.65051673200907,140.99261322246127,inactive,2024-02-14
41585,Product_1585_4,electronics,977.4004643870198,248.81537329436938,active,2024-06-24
41586,Product_1586_4,clothing,777.6307921134687,311.35593972165617,archived,2024-03-11
41587,Product_1587_4,home,902.4645002256559,69.09605604536407,active,2024-06-20
41588,Product_1588_4,sports,604.5667174597717,290.70412584235527,pending,2024-12-12
41589,Product_1589_4,books,811.44576271928,235.71122489130792,inactive,2024-11-02
41590,Product_1590_4,clothing,729.8478823927911,81.16737250994329,inactive,2024-02-04
41591,Product_1591_4,home,501.5281367735323,464.8741045320618,inactive,2024-07-09
41592,Product_1592_4,books,9.156651353655404,126.313786630494,pending,2024-06-01
41593,Product_1593_4,clothing,813.7284272748565,387.822136059182,inactive,2024-07-21
41594,Product_1594_4,clothing,564.1501242101531,420.1539903062636,active,2024-08-25
41595,Product_1595_4,clothing,279.2613532357919,291.60626263385666,active,2024-12-11
41596,Product_1596_4,home,886.7073884294168,253.29483852790625,active,2024-11-26
41597,Product_1597_4,home,407.7625390648666,237.32513029470354,archived,2024-08-14
41598,Product_1598_4,clothing,865.246995922341,67.65601003800546,active,2024-01-07
41599,Product_1599_4,electronics,96.22719191662726,272.5883307405928,pending,2024-05-01
41600,Product_1600_4,sports,894.617361843918,211.56068929276302,archived,2024-12-12
41601,Product_1601_4,home,528.8080732083808,311.3021931311005,inactive,2024-02-17
41602,Product_1602_4,electronics,90.6811325370129,307.28359730468156,active,2024-01-27
41603,Product_1603_4,sports,756.0281484943956,256.91117383057735,inactive,2024-09-18
41604,Product_1604_4,home,924.1422840553415,498.4055073028853,active,2024-05-22
41605,Product_1605_4,sports,60.7276444301667,218.31088498079015,inactive,2024-03-20
41606,Product_1606_4,electronics,255.42177757241512,26.5368544910667,pending,2024-04-26
41607,Product_1607_4,home,465.8069784542003,161.48300781710563,pending,2024-01-01
41608,Product_1608_4,home,981.9171174665719,403.33159314535834,pending,2024-01-26
41609,Product_1609_4,clothing,800.8814071221082,285.72496563840053,pending,2024-12-02
41610,Product_1610_4,home,425.0163165281286,379.0485625818283,pending,2024-08-06
41611,Product_1611_4,books,567.6412454661586,248.80339456352735,pending,2024-06-24
41612,Product_1612_4,books,224.36263671994655,366.5649957859287,active,2024-02-08
41613,Product_1613_4,sports,30.30743492136842,36.59735945113836,active,2024-07-19
41614,Product_1614_4,books,847.6702559918463,492.9632292147536,active,2024-09-28
41615,Product_1615_4,electronics,611.6203990629906,79.54462098589453,active,2024-01-15
41616,Product_1616_4,clothing,942.0070072664068,298.2076129731879,active,2024-05-07
41617,Product_1617_4,electronics,402.89959667827765,19.970771091388343,archived,2024-05-14
41618,Product_1618_4,sports,124.16799718462214,416.0561125827893,active,2024-08-25
41619,Product_1619_4,home,49.65449536291927,109.63999686651836,active,2024-02-22
41620,Product_1620_4,books,836.5661491484194,496.69105712758625,pending,2024-03-18
41621,Product_1621_4,electronics,584.1256860191605,231.12249863278203,active,2024-04-02
41622,Product_1622_4,books,530.4334721338239,444.8006721948487,archived,2024-11-15
41623,Product_1623_4,books,437.36172250482764,83.71072875225768,inactive,2024-02-02
41624,Product_1624_4,clothing,928.9611205030144,454.8676189672763,inactive,2024-08-04
41625,Product_1625_4,clothing,931.1146983909118,291.48884468133093,pending,2024-05-11
41626,Product_1626_4,sports,861.0120295412793,168.3918670201035,active,2024-12-03
41627,Product_1627_4,home,889.2309929723365,494.0347576189885,archived,2024-10-20
41628,Product_1628_4,sports,113.6623724556754,116.91564465930598,active,2024-10-01
41629,Product_1629_4,books,708.4955493382917,257.7270899963675,pending,2024-03-19
41630,Product_1630_4,clothing,45.08838938405987,378.0076604604543,pending,2024-06-02
41631,Product_1631_4,clothing,114.37828659095346,288.91290543594266,inactive,2024-06-15
41632,Product_1632_4,sports,755.878469279184,22.519867754623032,inactive,2024-02-18
41633,Product_1633_4,sports,677.3348486378402,160.89829165288052,inactive,2024-05-11
41634,Product_1634_4,books,64.55727386460936,322.3868320502356,archived,2024-08-18
41635,Product_1635_4,clothing,526.9237181141056,34.102812836918275,pending,2024-04-04
41636,Product_1636_4,home,191.40517534745837,56.09747896743995,pending,2024-08-18
41637,Product_1637_4,sports,61.52356586137124,129.83040522797052,pending,2024-10-24
41638,Product_1638_4,books,830.608284763624,495.8134771468694,inactive,2024-04-06
41639,Product_1639_4,home,422.1638456027818,61.777796086446024,archived,2024-08-07
41640,Product_1640_4,clothing,72.74454792234455,231.26013637892152,archived,2024-04-18
41641,Product_1641_4,electronics,602.1262553627066,123.2712098350843,pending,2024-11-16
41642,Product_1642_4,electronics,52.15908570655799,172.38099210222344,inactive,2024-04-10
41643,Product_1643_4,home,353.1816759889016,430.01832654920696,archived,2024-03-14
41644,Product_1644_4,home,73.40136996916375,424.65204426558137,active,2024-11-02
41645,Product_1645_4,sports,579.2989840567827,32.917651277918296,archived,2024-05-21
41646,Product_1646_4,home,665.902074341541,402.1981978348511,pending,2024-03-02
41647,Product_1647_4,books,612.3251666053745,124.54218588101222,active,2024-09-07
41648,Product_1648_4,electronics,388.3010991810231,408.2918445505996,pending,2024-06-11
41649,Product_1649_4,books,396.70433634836047,53.14140307302353,pending,2024-09-27
41650,Product_1650_4,electronics,813.7815257197562,45.09330676992252,pending,2024-11-06
41651,Product_1651_4,books,446.065471842239,316.6094972086984,active,2024-05-12
41652,Product_1652_4,electronics,888.0197290767668,150.32657326377876,active,2024-01-16
41653,Product_1653_4,sports,440.9324215920563,292.4012307865191,active,2024-01-02
41654,Product_1654_4,electronics,709.4457948440033,108.02025472861278,active,2024-08-20
41655,Product_1655_4,clothing,245.18476590668794,293.9685855808143,inactive,2024-10-12
41656,Product_1656_4,clothing,742.5146480966522,96.49711351091894,active,2024-06-07
41657,Product_1657_4,books,635.5326858222157,385.3168339186627,inactive,2024-05-03
41658,Product_1658_4,clothing,540.8438164883052,463.76111795802075,pending,2024-12-22
41659,Product_1659_4,books,216.3487155863229,327.4818527656234,pending,2024-01-01
41660,Product_1660_4,sports,952.3491095930505,82.40705435506356,active,2024-06-01
41661,Product_1661_4,clothing,182.150601818855,240.37837978482366,active,2024-06-22
41662,Product_1662_4,sports,427.35776129724337,383.95925810249173,pending,2024-10-12
41663,Product_1663_4,sports,267.8331043609427,131.6506661007852,pending,2024-05-27
41664,Product_1664_4,electronics,973.6380312095891,287.35861252347064,pending,2024-01-12
41665,Product_1665_4,electronics,217.94823779039254,361.2260630351759,pending,2024-12-22
41666,Product_1666_4,home,565.6058185883925,52.73358114118896,inactive,2024-03-26
41667,Product_1667_4,electronics,678.1657855809774,430.24821311461983,active,2024-08-21
41668,Product_1668_4,sports,923.5168831437052,434.0332768057352,inactive,2024-02-03
41669,Product_1669_4,home,440.20539145308254,399.17945599376515,active,2024-05-23
41670,Product_1670_4,clothing,524.4815101563717,306.31914670443916,pending,2024-01-21
41671,Product_1671_4,sports,438.98608884903746,458.9840467932824,pending,2024-09-06
41672,Product_1672_4,home,864.4434350332225,378.971429812134,inactive,2024-06-08
41673,Product_1673_4,books,480.48487364145404,21.684066232643847,pending,2024-04-21
41674,Product_1674_4,home,749.791764957404,435.6519436410939,pending,2024-04-27
41675,Product_1675_4,sports,876.8106530894039,180.86497654076302,archived,2024-09-13
41676,Product_1676_4,clothing,991.7391217603528,163.10788649146843,inactive,2024-06-01
41677,Product_1677_4,clothing,987.7287305203611,272.4059419035304,active,2024-06-18
41678,Product_1678_4,books,821.6865832555294,490.3413088325595,pending,2024-01-19
41679,Product_1679_4,electronics,891.7609114005594,43.54384905031819,pending,2024-10-13
41680,Product_1680_4,home,347.8882402246156,490.2385884499318,pending,2024-03-17
41681,Product_1681_4,home,893.8535903402991,323.70186600386575,active,2024-04-18
41682,Product_1682_4,home,460.1357912054183,102.11424901876943,archived,2024-03-13
41683,Product_1683_4,clothing,610.7057501953967,280.1885499873414,archived,2024-03-14
41684,Product_1684_4,electronics,628.5753584205056,131.3126225574211,inactive,2024-03-10
41685,Product_1685_4,books,244.27917962627313,46.72863219425682,active,2024-05-24
41686,Product_1686_4,clothing,676.7189424616708,451.3612945439462,pending,2024-12-13
41687,Product_1687_4,sports,65.10265872454934,354.81408968769466,inactive,2024-12-17
41688,Product_1688_4,sports,860.5818861806857,190.11210994739275,pending,2024-04-27
41689,Product_1689_4,clothing,252.41677673349082,128.9069245682648,pending,2024-01-25
41690,Product_1690_4,electronics,56.69084376203222,20.07404396717363,pending,2024-09-19
41691,Product_1691_4,electronics,374.8762310220551,78.24807684605841,inactive,2024-06-16
41692,Product_1692_4,books,425.4449494179586,23.34398426348211,inactive,2024-12-23
41693,Product_1693_4,electronics,207.53614823951506,365.52051084483713,inactive,2024-04-15
41694,Product_1694_4,clothing,100.76861760750074,228.40482831411873,pending,2024-10-01
41695,Product_1695_4,sports,652.7597745982129,473.1282893293234,pending,2024-12-06
41696,Product_1696_4,clothing,246.11396190270906,253.34466118152378,archived,2024-02-12
41697,Product_1697_4,books,125.48845449547177,488.54084272868124,pending,2024-07-08
41698,Product_1698_4,home,595.898082750402,407.9270176299006,inactive,2024-08-15
41699,Product_1699_4,sports,266.6777874831238,55.38247929792279,inactive,2024-10-24
41700,Product_1700_4,electronics,634.8313235582534,486.27332906287427,pending,2024-04-06
41701,Product_1701_4,home,626.9008500591185,115.8967136745953,active,2024-11-13
41702,Product_1702_4,sports,553.7737486189114,256.44960986865215,active,2024-01-25
41703,Product_1703_4,electronics,920.7069398045169,410.8083880568214,active,2024-05-01
41704,Product_1704_4,clothing,992.8549372214653,55.82672468805821,pending,2024-01-23
41705,Product_1705_4,books,820.1471185627172,170.68142089937012,inactive,2024-02-18
41706,Product_1706_4,home,53.503966057447826,66.56531768527378,archived,2024-02-24
41707,Product_1707_4,electronics,553.6669667953264,335.8021160574434,active,2024-04-15
41708,Product_1708_4,sports,919.9831262055242,96.54884491135803,active,2024-11-16
41709,Product_1709_4,electronics,207.75309495077008,87.97734477041445,archived,2024-02-13
41710,Product_1710_4,sports,766.5579890858868,66.88794000597753,archived,2024-03-08
41711,Product_1711_4,electronics,245.48695258255074,209.2151871232081,active,2024-04-18
41712,Product_1712_4,clothing,94.38238298538515,113.94578496112882,pending,2024-11-22
41713,Product_1713_4,books,529.8607356439007,104.23035077411926,inactive,2024-10-21
41714,Product_1714_4,clothing,101.36521526044658,495.73640357702806,active,2024-09-09
41715,Product_1715_4,sports,925.0457344439179,105.90017875054384,archived,2024-10-17
41716,Product_1716_4,electronics,371.158668271987,443.1678986666218,active,2024-12-13
41717,Product_1717_4,clothing,836.583218612776,40.89372441327295,inactive,2024-06-27
41718,Product_1718_4,books,557.8726076746675,357.56739165784205,pending,2024-05-17
41719,Product_1719_4,home,23.449808490764088,125.37910401187892,archived,2024-01-26
41720,Product_1720_4,electronics,4.71605579662108,421.45358374047123,archived,2024-05-02
41721,Product_1721_4,electronics,756.1992110615183,496.08226793027734,active,2024-06-06
41722,Product_1722_4,sports,507.58182158593434,206.15839594332547,pending,2024-05-27
41723,Product_1723_4,electronics,780.5205337227093,204.97219688905832,archived,2024-04-16
41724,Product_1724_4,books,460.639971929056,30.91666607039108,active,2024-12-07
41725,Product_1725_4,sports,168.44275068520744,414.27330425186153,active,2024-12-08
41726,Product_1726_4,books,897.3288087640962,328.749870967102,archived,2024-07-08
41727,Product_1727_4,electronics,863.1403764628466,358.7804038171408,archived,2024-01-11
41728,Product_1728_4,books,463.5909253874105,179.83326547359192,active,2024-09-03
41729,Product_1729_4,sports,344.2664992896991,338.0734625402182,active,2024-10-19
41730,Product_1730_4,electronics,775.3829905044734,97.24973963311407,active,2024-12-10
41731,Product_1731_4,home,608.6355266406513,371.8831372200305,pending,2024-05-26
41732,Product_1732_4,books,435.49239479868817,388.35994168610307,active,2024-04-28
41733,Product_1733_4,clothing,520.8865041876646,482.94243039963084,inactive,2024-11-17
41734,Product_1734_4,electronics,50.88427041192598,387.83872250008034,active,2024-12-28
41735,Product_1735_4,electronics,528.1433830261227,130.28919017538792,pending,2024-04-13
41736,Product_1736_4,sports,407.3614612715631,13.68683051955248,active,2024-05-10
41737,Product_1737_4,electronics,929.3418542882074,313.48064218939084,inactive,2024-11-15
41738,Product_1738_4,books,914.0824169133779,165.68103365522109,inactive,2024-07-05
41739,Product_1739_4,electronics,12.384721478584908,483.4683390678872,archived,2024-12-25
41740,Product_1740_4,electronics,236.2555782226009,29.877875047857632,inactive,2024-11-21
41741,Product_1741_4,home,444.7814046551943,224.34065806282487,active,2024-08-10
41742,Product_1742_4,home,363.6519134349126,237.78804035114422,archived,2024-05-03
41743,Product_1743_4,clothing,667.1010640316168,415.1656471168302,pending,2024-02-04
41744,Product_1744_4,clothing,802.4011875572263,178.68032511123863,pending,2024-08-24
41745,Product_1745_4,electronics,786.2280884488539,440.89063746353446,pending,2024-08-11
41746,Product_1746_4,home,334.484734689039,471.4149879078988,active,2024-04-24
41747,Product_1747_4,books,820.6710708490483,202.14229165233417,active,2024-02-02
41748,Product_1748_4,books,953.9533634017254,352.39271429831786,archived,2024-11-03
41749,Product_1749_4,electronics,71.64972955319828,336.1483869006994,active,2024-07-07
41750,Product_1750_4,books,455.35425278185846,40.98774468606361,archived,2024-10-24
41751,Product_1751_4,books,936.878362348905,386.7073198972051,active,2024-09-12
41752,Product_1752_4,home,898.2350895624154,236.93795231277772,active,2024-07-03
41753,Product_1753_4,electronics,749.3936090272379,387.924157967961,active,2024-11-20
41754,Product_1754_4,clothing,355.06605983967273,385.88746242471296,active,2024-05-23
41755,Product_1755_4,sports,940.443147136309,25.864238720357626,pending,2024-07-14
41756,Product_1756_4,electronics,6.1397468580444725,107.57144261353015,active,2024-09-06
41757,Product_1757_4,sports,370.20428740164925,96.45135195600761,inactive,2024-08-23
41758,Product_1758_4,clothing,493.13222033862553,397.26932752626055,pending,2024-06-24
41759,Product_1759_4,electronics,163.07977046971308,497.4800250082474,archived,2024-12-19
41760,Product_1760_4,sports,174.22401974677547,404.6127729694522,inactive,2024-01-03
41761,Product_1761_4,clothing,514.0002214803093,461.9795615595397,inactive,2024-06-05
41762,Product_1762_4,sports,98.2013560962423,202.66043633145068,pending,2024-06-04
41763,Product_1763_4,books,431.1538306834138,352.61008747561203,archived,2024-03-13
41764,Product_1764_4,clothing,924.0179663045643,485.05634545971327,pending,2024-12-28
41765,Product_1765_4,sports,340.77122819845977,405.7637558094588,active,2024-06-16
41766,Product_1766_4,home,60.9018506974413,249.77283380002635,pending,2024-08-05
41767,Product_1767_4,clothing,765.8066839409487,266.655028689299,active,2024-12-12
41768,Product_1768_4,electronics,345.23419646084244,356.8928075269974,inactive,2024-01-11
41769,Product_1769_4,clothing,614.4768260661466,308.42714623052376,pending,2024-04-19
41770,Product_1770_4,clothing,914.0884360833194,263.7385020303299,active,2024-10-13
41771,Product_1771_4,electronics,973.5220943480238,335.0217945950853,active,2024-05-24
41772,Product_1772_4,books,240.43544246026502,200.69153627100422,pending,2024-08-23
41773,Product_1773_4,books,748.3845613701526,428.6330985906263,pending,2024-04-09
41774,Product_1774_4,home,330.8281470518418,124.12869947148663,pending,2024-08-04
41775,Product_1775_4,clothing,830.9332740242465,407.1680211711204,pending,2024-10-05
41776,Product_1776_4,books,818.0923811260965,336.9709700656685,active,2024-02-18
41777,Product_1777_4,sports,559.6792715669467,245.34529278410653,active,2024-06-08
41778,Product_1778_4,home,192.7567251621591,139.36413161202702,active,2024-07-12
41779,Product_1779_4,clothing,308.9674311179709,432.8345911063364,pending,2024-07-07
41780,Product_1780_4,electronics,260.6468946137345,126.34742266842338,inactive,2024-05-14
41781,Product_1781_4,books,425.258822056964,368.4688796415903,active,2024-03-04
41782,Product_1782_4,books,642.5461703954616,492.59983601745233,pending,2024-11-04
41783,Product_1783_4,electronics,252.26058814918107,311.7039534042021,pending,2024-09-27
41784,Product_1784_4,books,821.1394455293222,51.743035496468536,active,2024-05-01
41785,Product_1785_4,books,428.2715436311958,497.9513310712197,active,2024-04-22
41786,Product_1786_4,books,341.65272654368374,58.527496102905,pending,2024-07-14
41787,Product_1787_4,clothing,764.5331316761389,94.63159962197825,active,2024-11-11
41788,Product_1788_4,home,957.4027086694337,207.3853094357001,active,2024-12-20
41789,Product_1789_4,sports,708.6501049034764,345.4000189435523,active,2024-08-20
41790,Product_1790_4,sports,804.5945712777608,191.40478928573953,active,2024-06-05
41791,Product_1791_4,clothing,386.2572845352372,478.6513873411177,inactive,2024-11-21
41792,Product_1792_4,sports,781.5647457727163,284.90022681724435,pending,2024-07-08
41793,Product_1793_4,books,815.1331829599684,301.3097518231311,pending,2024-10-26
41794,Product_1794_4,electronics,309.9569161012278,324.3764740554579,archived,2024-02-27
41795,Product_1795_4,books,664.3015270372887,408.3164429843773,pending,2024-11-14
41796,Product_1796_4,books,829.4666812929971,491.18138201830425,pending,2024-08-23
41797,Product_1797_4,books,641.699601837094,84.47128855313964,pending,2024-09-11
41798,Product_1798_4,home,225.18603550417615,61.29994955241941,archived,2024-06-03
41799,Product_1799_4,electronics,816.3864276589538,361.6037671586941,pending,2024-06-16
41800,Product_1800_4,home,393.99666894525245,342.8362600573872,active,2024-12-02
41801,Product_1801_4,sports,409.52728006651404,480.28771452667837,archived,2024-11-26
41802,Product_1802_4,sports,387.5027733629167,131.1852027391293,active,2024-09-02
41803,Product_1803_4,home,988.2161437563242,196.92604324290434,pending,2024-02-11
41804,Product_1804_4,home,943.8222564819957,297.6671027827968,archived,2024-06-08
41805,Product_1805_4,clothing,644.5495227027969,78.10383867623325,archived,2024-05-22
41806,Product_1806_4,books,57.44448475012995,53.403858966174624,pending,2024-08-28
41807,Product_1807_4,sports,332.6716011221218,72.89020030811237,active,2024-12-01
41808,Product_1808_4,home,577.3136228854491,457.90577903448917,archived,2024-08-15
41809,Product_1809_4,electronics,915.1782619791019,297.44881354675863,active,2024-10-11
41810,Product_1810_4,electronics,171.3613634931947,72.71026222503355,active,2024-08-14
41811,Product_1811_4,sports,698.0333204029631,152.18588076259897,active,2024-08-19
41812,Product_1812_4,home,36.972657326454005,418.9153200424226,active,2024-08-07
41813,Product_1813_4,books,31.163339552963834,259.97709711110485,active,2024-04-17
41814,Product_1814_4,clothing,882.3958398657819,202.15048425043005,active,2024-11-20
41815,Product_1815_4,home,180.6739600722371,462.97520440508913,active,2024-07-23
41816,Product_1816_4,home,233.50813954852273,54.6369912169638,archived,2024-06-05
41817,Product_1817_4,books,267.34184348465106,340.38430932433835,archived,2024-09-15
41818,Product_1818_4,electronics,477.4313477953895,248.31544083309214,pending,2024-11-09
41819,Product_1819_4,sports,266.3883414864193,209.5386635477498,active,2024-10-01
41820,Product_1820_4,clothing,962.5745848097173,459.0137508659186,active,2024-02-05
41821,Product_1821_4,books,814.9001565739583,36.17384512998093,active,2024-10-02
41822,Product_1822_4,clothing,604.9916807629547,113.28907767107926,pending,2024-11-13
41823,Product_1823_4,home,906.3522122714951,383.9276327885852,active,2024-09-20
41824,Product_1824_4,electronics,947.642713276984,256.49840302123266,active,2024-11-28
41825,Product_1825_4,home,860.6656376692893,186.9205285216194,active,2024-11-20
41826,Product_1826_4,sports,199.66050810571636,413.7115102997289,active,2024-03-16
41827,Product_1827_4,clothing,423.43507495725703,81.40548426710664,active,2024-06-17
41828,Product_1828_4,electronics,202.74533633879767,80.55514922452683,pending,2024-08-08
41829,Product_1829_4,sports,504.46189614198175,440.60470076000144,active,2024-03-12
41830,Product_1830_4,electronics,453.1450269445549,415.12824239418666,inactive,2024-03-28
41831,Product_1831_4,books,151.74204894488406,464.3776935308303,inactive,2024-04-09
41832,Product_1832_4,electronics,706.1737603690001,89.92756086448513,archived,2024-11-11
41833,Product_1833_4,home,977.7869483967877,27.473375951021556,active,2024-05-10
41834,Product_1834_4,sports,42.5703815270828,92.44606765849389,active,2024-10-04
41835,Product_1835_4,sports,956.3991787312173,136.15838575376426,pending,2024-08-10
41836,Product_1836_4,sports,156.80059366295652,271.310532965794,archived,2024-02-11
41837,Product_1837_4,electronics,678.5089240290637,148.92203192661074,pending,2024-05-18
41838,Product_1838_4,sports,635.9085373899103,132.97935520140936,active,2024-01-28
41839,Product_1839_4,clothing,241.5141119175775,75.21614058934841,inactive,2024-06-06
41840,Product_1840_4,electronics,28.191752814878104,223.51074119793762,active,2024-07-02
41841,Product_1841_4,sports,705.3197445868401,169.2690481293486,active,2024-10-14
41842,Product_1842_4,home,143.70606541201937,357.72313676705903,pending,2024-10-28
41843,Product_1843_4,sports,68.58814975757441,434.98334469416835,pending,2024-11-18
41844,Product_1844_4,electronics,645.5516023565871,354.2545986039576,active,2024-09-20
41845,Product_1845_4,books,497.5692334599367,135.53157146645907,archived,2024-11-02
41846,Product_1846_4,sports,522.9662404808563,97.84197190431836,active,2024-03-02
41847,Product_1847_4,clothing,961.3383220579534,389.1596089642556,archived,2024-01-20
41848,Product_1848_4,electronics,477.50236168857475,254.7506666566847,active,2024-09-08
41849,Product_1849_4,home,100.25084660155309,346.8185594255745,active,2024-11-08
41850,Product_1850_4,sports,933.0111140165532,176.0133887003946,pending,2024-01-14
41851,Product_1851_4,books,615.464115234515,141.92265118281998,archived,2024-01-10
41852,Product_1852_4,books,92.65491329975505,445.8397805098383,pending,2024-07-04
41853,Product_1853_4,books,579.3051227991779,105.34156344570151,inactive,2024-06-01
41854,Product_1854_4,clothing,178.25968343756765,302.2109540815999,pending,2024-06-11
41855,Product_1855_4,home,164.54306913688578,481.98809416360996,active,2024-01-23
41856,Product_1856_4,home,948.5695923213258,105.69208943442013,inactive,2024-06-13
41857,Product_1857_4,books,677.3580779059022,495.3371828502659,pending,2024-03-14
41858,Product_1858_4,clothing,402.1955089361991,152.3145921657191,pending,2024-01-24
41859,Product_1859_4,sports,770.5744107824823,113.5856591835131,archived,2024-08-22
41860,Product_1860_4,home,761.8920091098421,247.54506098638734,active,2024-04-05
41861,Product_1861_4,sports,822.0037175919934,206.92042458290342,archived,2024-04-23
41862,Product_1862_4,sports,845.3455940717389,54.93651108896526,pending,2024-06-12
41863,Product_1863_4,sports,112.85172591419563,95.39604362598112,archived,2024-01-12
41864,Product_1864_4,clothing,188.42990933714367,425.18823908761937,inactive,2024-02-16
41865,Product_1865_4,books,432.1674772928561,174.1646028964342,archived,2024-07-19
41866,Product_1866_4,sports,986.4494208397649,92.58882349604185,inactive,2024-10-13
41867,Product_1867_4,clothing,833.5038250450582,388.99805277369575,pending,2024-11-22
41868,Product_1868_4,clothing,264.9954473956919,31.139748307575097,pending,2024-03-25
41869,Product_1869_4,home,250.36168319335175,463.83599869315486,active,2024-10-23
41870,Product_1870_4,electronics,801.6205827182094,18.497524254477653,pending,2024-03-06
41871,Product_1871_4,sports,198.82563876070793,215.74333171280256,pending,2024-01-16
41872,Product_1872_4,books,244.57354165161266,327.5158591952098,pending,2024-12-14
41873,Product_1873_4,clothing,523.9002103171028,246.59271841466702,active,2024-03-19
41874,Product_1874_4,sports,272.69705649656504,192.3605673403814,pending,2024-05-09
41875,Product_1875_4,books,528.1982414559799,458.43487817952604,archived,2024-09-08
41876,Product_1876_4,sports,243.92432127235182,239.4270838288226,archived,2024-07-02
41877,Product_1877_4,electronics,604.9970512319954,316.89228804453836,active,2024-10-23
41878,Product_1878_4,books,443.925043157283,355.58304977874366,active,2024-01-24
41879,Product_1879_4,sports,261.76795217845734,269.1400438238621,active,2024-04-12
41880,Product_1880_4,home,726.350699669427,139.48727455471646,pending,2024-08-23
41881,Product_1881_4,electronics,409.51413926103646,143.13305329398403,archived,2024-06-06
41882,Product_1882_4,books,995.2870099788324,493.7872547007166,active,2024-05-23
41883,Product_1883_4,sports,310.96677282086074,133.97535498504112,pending,2024-06-07
41884,Product_1884_4,clothing,599.9585978022266,145.75503436248724,active,2024-08-11
41885,Product_1885_4,sports,220.59339826443312,440.46440935685473,active,2024-12-17
41886,Product_1886_4,clothing,985.2903153047849,441.04038746836255,inactive,2024-01-13
41887,Product_1887_4,clothing,675.2310008035317,291.33232531307243,pending,2024-11-05
41888,Product_1888_4,home,98.79403191152802,280.60826458666,pending,2024-03-18
41889,Product_1889_4,electronics,734.0939059286414,149.9655512615603,archived,2024-03-03
41890,Product_1890_4,electronics,407.6097759742189,16.79881994890997,inactive,2024-01-19
41891,Product_1891_4,electronics,532.8698391952578,374.69033873172845,active,2024-04-21
41892,Product_1892_4,electronics,831.8870392313174,184.76613207317294,active,2024-07-17
41893,Product_1893_4,sports,81.49454057069028,256.267658620886,active,2024-07-27
41894,Product_1894_4,books,355.73952735112107,246.44870680429955,active,2024-06-27
41895,Product_1895_4,electronics,61.15121463576645,432.1363112243687,pending,2024-11-23
41896,Product_1896_4,books,854.1251640079719,42.76268951307041,inactive,2024-02-18
41897,Product_1897_4,books,46.74711370319481,254.15015826830034,archived,2024-02-09
41898,Product_1898_4,books,150.77562421823953,374.24709082800393,inactive,2024-04-13
41899,Product_1899_4,books,960.8477413351924,189.12030952640893,inactive,2024-01-26
41900,Product_1900_4,clothing,378.75889268182254,302.7572554681957,pending,2024-05-20
41901,Product_1901_4,books,732.9735910325095,41.66017169950395,active,2024-03-22
41902,Product_1902_4,books,188.3591591956704,118.80888668653776,archived,2024-03-20
41903,Product_1903_4,clothing,599.5508484378406,414.79277784326337,active,2024-06-13
41904,Product_1904_4,clothing,254.91245292670794,39.25660557239536,inactive,2024-12-09
41905,Product_1905_4,home,264.0724813804154,110.31142812253887,active,2024-05-11
41906,Product_1906_4,home,50.43511101489749,359.9299186992168,active,2024-12-06
41907,Product_1907_4,books,505.513843074917,41.052072172039686,inactive,2024-08-13
41908,Product_1908_4,home,445.71795184954914,290.0828903053099,inactive,2024-01-07
41909,Product_1909_4,sports,916.348926619137,319.06588687942684,active,2024-03-04
41910,Product_1910_4,home,501.59461723315115,10.120567254483014,inactive,2024-05-14
41911,Product_1911_4,electronics,932.85357674288,424.7713126025452,archived,2024-08-26
41912,Product_1912_4,home,942.3649222647861,164.58839256049777,archived,2024-03-04
41913,Product_1913_4,electronics,951.7624246451805,297.44662892543545,inactive,2024-12-19
41914,Product_1914_4,electronics,509.2965552907319,358.3338492353965,active,2024-07-15
41915,Product_1915_4,home,772.7056533450987,144.59253087769707,archived,2024-01-04
41916,Product_1916_4,books,778.4918677157095,434.49660888486375,archived,2024-03-17
41917,Product_1917_4,sports,404.15453740738957,254.70820600312746,active,2024-04-26
41918,Product_1918_4,electronics,572.094483177671,471.3407533317688,pending,2024-04-28
41919,Product_1919_4,sports,43.964980750819684,224.32994364939233,pending,2024-01-21
41920,Product_1920_4,sports,491.3986508620499,117.65390986672524,active,2024-07-05
41921,Product_1921_4,home,14.837328348271996,407.56707049399586,active,2024-11-10
41922,Product_1922_4,electronics,479.9111302947685,364.228422811872,pending,2024-04-22
41923,Product_1923_4,electronics,628.1434448037772,329.80924888286364,active,2024-02-21
41924,Product_1924_4,sports,453.67531236493124,314.09654120389496,inactive,2024-10-05
41925,Product_1925_4,clothing,879.2842659945542,222.04134468576729,archived,2024-03-08
41926,Product_1926_4,electronics,400.8195951561437,244.9129370755749,pending,2024-08-18
41927,Product_1927_4,books,121.39913108415169,338.81890085803064,pending,2024-08-26
41928,Product_1928_4,clothing,766.3964555545697,252.60685772782713,archived,2024-12-22
41929,Product_1929_4,home,194.91866871935014,325.90494531012155,archived,2024-12-05
41930,Product_1930_4,sports,938.765947457519,254.5302769955424,active,2024-05-03
41931,Product_1931_4,electronics,881.9735438977075,148.81677664218887,pending,2024-03-10
41932,Product_1932_4,sports,924.709605968827,403.00815650653203,active,2024-10-27
41933,Product_1933_4,home,150.36248016970075,497.6713374509841,pending,2024-06-11
41934,Product_1934_4,home,198.80982296551048,224.015412155164,inactive,2024-02-07
41935,Product_1935_4,sports,179.03887420875043,46.74738749406447,inactive,2024-02-08
41936,Product_1936_4,books,621.6104906420968,67.69178239945063,active,2024-12-10
41937,Product_1937_4,electronics,164.52348971030472,442.2697511783357,inactive,2024-09-22
41938,Product_1938_4,books,479.608948773564,384.32451224886154,archived,2024-06-21
41939,Product_1939_4,books,463.4660785659765,379.28351441728984,active,2024-10-19
41940,Product_1940_4,electronics,992.6348161132329,485.3411981895344,pending,2024-01-10
41941,Product_1941_4,electronics,632.4801269361323,38.44314600511556,pending,2024-12-03
41942,Product_1942_4,books,472.6956066434543,145.2988204982244,active,2024-10-16
41943,Product_1943_4,books,598.9029470151853,465.8411530972632,archived,2024-02-07
41944,Product_1944_4,home,57.7969787672334,258.32416111525293,active,2024-08-14
41945,Product_1945_4,books,202.4702218320378,455.3486614509096,inactive,2024-03-16
41946,Product_1946_4,clothing,307.94502967713186,352.1550699986574,active,2024-02-26
41947,Product_1947_4,sports,460.3996353418106,307.77816120502956,archived,2024-12-15
41948,Product_1948_4,sports,423.13089131304173,404.7186325457941,pending,2024-05-19
41949,Product_1949_4,books,330.6470994508022,224.59391713018306,archived,2024-09-17
41950,Product_1950_4,electronics,163.4892122553454,130.2455934860664,inactive,2024-12-28
41951,Product_1951_4,books,78.85418470490224,20.743687707408817,active,2024-08-01
41952,Product_1952_4,electronics,150.89663307132415,137.9513434248944,pending,2024-06-20
41953,Product_1953_4,home,450.4345125509455,261.6295002915748,pending,2024-05-04
41954,Product_1954_4,books,312.13540864182534,94.96748513093037,pending,2024-08-14
41955,Product_1955_4,clothing,947.9573427661553,178.53874388434355,inactive,2024-01-07
41956,Product_1956_4,sports,665.4216303194275,26.09964486120938,inactive,2024-11-07
41957,Product_1957_4,books,922.1941934936974,126.02743216703215,active,2024-12-21
41958,Product_1958_4,books,503.38675592745557,335.5221829506032,pending,2024-12-14
41959,Product_1959_4,home,678.6704922857825,299.54059316293933,archived,2024-01-01
41960,Product_1960_4,sports,829.7316454646593,315.2666509659311,inactive,2024-04-18
41961,Product_1961_4,sports,751.1781419739477,84.32974351697733,inactive,2024-11-11
41962,Product_1962_4,books,900.5711286439861,464.3692735401137,pending,2024-05-06
41963,Product_1963_4,electronics,428.013439310714,186.71191631075828,inactive,2024-10-08
41964,Product_1964_4,electronics,703.072825458352,446.6107979430918,active,2024-05-25
41965,Product_1965_4,electronics,130.71977903618367,48.04885072078753,pending,2024-08-11
41966,Product_1966_4,books,585.9404869393373,184.3865902871153,archived,2024-07-09
41967,Product_1967_4,home,935.3464846080265,162.24410093232115,pending,2024-05-12
41968,Product_1968_4,clothing,601.0476644729672,35.47326939482005,pending,2024-04-24
41969,Product_1969_4,electronics,523.6259010148498,229.15782517244998,archived,2024-01-27
41970,Product_1970_4,electronics,852.5733818140842,471.5080403189305,inactive,2024-06-12
41971,Product_1971_4,home,865.9438740905781,205.61717896746381,pending,2024-04-10
41972,Product_1972_4,electronics,489.9886313357434,282.767307937498,archived,2024-03-21
41973,Product_1973_4,home,665.6068998584851,122.28926399593875,inactive,2024-12-27
41974,Product_1974_4,electronics,43.6747389933424,364.81446226827137,archived,2024-06-20
41975,Product_1975_4,home,449.0368633787482,455.9935143976196,active,2024-03-18
41976,Product_1976_4,sports,676.8378285904213,300.23509095419575,pending,2024-08-26
41977,Product_1977_4,clothing,304.9543636513195,84.1881801436396,archived,2024-03-10
41978,Product_1978_4,sports,886.1252827660885,394.3288559556134,inactive,2024-12-02
41979,Product_1979_4,sports,624.1527642099705,186.96417910788026,active,2024-08-20
41980,Product_1980_4,books,838.9302160332854,480.9071473775762,active,2024-05-21
41981,Product_1981_4,clothing,343.64443636292884,39.036730930138624,pending,2024-08-14
41982,Product_1982_4,clothing,414.5158509923935,191.63516246541047,active,2024-04-05
41983,Product_1983_4,electronics,689.661067645341,30.742435308630213,active,2024-06-13
41984,Product_1984_4,home,63.3882100912774,121.98215403479082,pending,2024-12-26
41985,Product_1985_4,home,943.7875462135577,362.5293404130758,active,2024-03-05
41986,Product_1986_4,books,984.5130310130457,103.23677460641895,archived,2024-02-14
41987,Product_1987_4,clothing,447.65444778599965,74.21385737833414,active,2024-08-10
41988,Product_1988_4,clothing,892.4888351661617,324.6707657174931,active,2024-02-09
41989,Product_1989_4,electronics,756.3536888184797,387.90347705294766,pending,2024-09-12
41990,Product_1990_4,books,595.4997292137307,323.7036410813899,pending,2024-05-09
41991,Product_1991_4,books,725.1392399540412,232.10210044367975,inactive,2024-06-11
41992,Product_1992_4,sports,443.503833166513,167.64469856409207,active,2024-04-19
41993,Product_1993_4,electronics,508.3974278851212,402.3201441719486,inactive,2024-10-25
41994,Product_1994_4,home,72.58385766543424,345.70764408676627,pending,2024-10-07
41995,Product_1995_4,clothing,124.6331548783093,129.30452143387052,archived,2024-09-20
41996,Product_1996_4,home,422.9059415762542,131.39796379744865,archived,2024-09-21
41997,Product_1997_4,sports,453.1145169693185,37.875936162831195,archived,2024-09-15
41998,Product_1998_4,home,589.9564375943974,466.500601721014,inactive,2024-10-28
41999,Product_1999_4,clothing,474.830959757587,33.59610251707504,pending,2024-05-20
42000,Product_2000_4,sports,742.1095933708483,376.31739722201957,archived,2024-12-28
42001,Product_2001_4,electronics,560.339766378833,42.93578020911353,inactive,2024-02-09
42002,Product_2002_4,books,799.6964056028309,436.2618809394265,active,2024-07-14
42003,Product_2003_4,electronics,35.71323031427447,153.8120651289482,inactive,2024-04-08
42004,Product_2004_4,books,155.85117466804428,14.91265068421388,inactive,2024-04-15
42005,Product_2005_4,electronics,669.1810732779013,341.46469292010414,pending,2024-02-27
42006,Product_2006_4,home,659.5765291459654,344.1688829346778,archived,2024-11-11
42007,Product_2007_4,clothing,731.2182995162783,349.88179609310623,archived,2024-07-21
42008,Product_2008_4,books,774.775399984343,417.2527287120088,active,2024-06-08
42009,Product_2009_4,electronics,434.14963570396,263.1271517553753,active,2024-08-12
42010,Product_2010_4,books,345.56400722032754,15.582423725128159,inactive,2024-02-23
42011,Product_2011_4,books,16.34971935986564,229.2716407090093,archived,2024-01-22
42012,Product_2012_4,sports,557.0408708088893,83.76193712187617,active,2024-12-10
42013,Product_2013_4,clothing,589.5837284164592,421.6728181436916,active,2024-08-11
42014,Product_2014_4,books,81.98968559132513,337.65584836324905,archived,2024-10-22
42015,Product_2015_4,books,572.2297171101998,475.59343092496897,inactive,2024-06-15
42016,Product_2016_4,books,913.3527188030671,472.39980756345165,archived,2024-12-23
42017,Product_2017_4,home,33.11048867578629,338.1095189214195,archived,2024-08-23
42018,Product_2018_4,books,556.7944209176981,24.055471461542616,inactive,2024-03-19
42019,Product_2019_4,home,905.3058155852675,184.18037152983194,active,2024-06-07
42020,Product_2020_4,electronics,549.7376379899725,274.96355177184273,archived,2024-02-12
42021,Product_2021_4,books,422.5567716929288,89.24391269915994,archived,2024-07-22
42022,Product_2022_4,sports,735.4173239508889,494.02846293841435,active,2024-08-25
42023,Product_2023_4,sports,65.10497669467995,98.53098728617985,inactive,2024-10-19
42024,Product_2024_4,home,922.427663345841,226.459267961057,inactive,2024-08-11
42025,Product_2025_4,electronics,713.4000642867036,114.48127355634115,pending,2024-12-26
42026,Product_2026_4,home,356.69349692848505,365.6402124302394,inactive,2024-10-24
42027,Product_2027_4,home,894.5197822009778,346.6393491155001,pending,2024-11-12
42028,Product_2028_4,home,696.8370058425754,467.94755315074156,active,2024-04-22
42029,Product_2029_4,clothing,473.3585342718418,370.2799836080423,pending,2024-08-22
42030,Product_2030_4,sports,485.9989022142383,159.3270834186825,archived,2024-11-13
42031,Product_2031_4,sports,118.23039184668238,312.12651064793624,inactive,2024-09-19
42032,Product_2032_4,electronics,368.34013661270336,46.22093538682721,archived,2024-11-12
42033,Product_2033_4,electronics,794.4996111153159,162.77438485061455,inactive,2024-05-28
42034,Product_2034_4,home,608.7056543152195,119.89726629017014,inactive,2024-04-11
42035,Product_2035_4,home,718.6029315666791,309.66447900513197,active,2024-09-12
42036,Product_2036_4,home,509.78858053762286,396.7030064217844,inactive,2024-02-25
42037,Product_2037_4,books,453.2836730160955,230.75013674376237,active,2024-04-19
42038,Product_2038_4,home,941.1748045758723,308.2018460422777,active,2024-05-05
42039,Product_2039_4,sports,581.1500657499222,395.9897827921396,inactive,2024-04-17
42040,Product_2040_4,sports,436.1163883010064,120.47136583538527,pending,2024-08-27
42041,Product_2041_4,electronics,69.2688283915174,247.93002793469716,pending,2024-11-09
42042,Product_2042_4,books,217.03793696077764,374.2060469666811,active,2024-07-04
42043,Product_2043_4,books,6.810064760127,295.9162126298456,active,2024-10-19
42044,Product_2044_4,clothing,648.6675820186692,34.90947874855138,active,2024-12-12
42045,Product_2045_4,books,109.74728355979089,225.12249164340014,active,2024-01-03
42046,Product_2046_4,electronics,873.546605455318,246.37384909663655,inactive,2024-04-12
42047,Product_2047_4,electronics,36.47369943215297,194.2838548492047,pending,2024-05-22
42048,Product_2048_4,books,88.27460850359982,262.0932553891447,inactive,2024-05-09
42049,Product_2049_4,home,798.6406478152568,205.09344005113087,pending,2024-08-02
42050,Product_2050_4,home,224.77431939825382,484.18389967660056,active,2024-07-18
42051,Product_2051_4,clothing,40.08734993647059,254.96499584331113,inactive,2024-01-24
42052,Product_2052_4,home,977.7231161248677,130.4703793522164,inactive,2024-08-16
42053,Product_2053_4,books,893.0658535095793,372.90622802831535,active,2024-05-17
42054,Product_2054_4,clothing,34.99344756426484,142.34729693982615,active,2024-02-13
42055,Product_2055_4,home,24.30027064210411,38.86470614499011,inactive,2024-06-27
42056,Product_2056_4,books,225.499351721547,292.09359215772565,archived,2024-12-16
42057,Product_2057_4,electronics,411.41340056560733,114.5031548370052,archived,2024-03-23
42058,Product_2058_4,home,487.4843718443299,125.41811354887388,active,2024-02-10
42059,Product_2059_4,home,178.79838578782406,30.309886581998498,active,2024-09-21
42060,Product_2060_4,home,117.26128963725523,456.36762731407543,inactive,2024-02-19
42061,Product_2061_4,sports,545.6243388030466,421.2528762134114,inactive,2024-07-23
42062,Product_2062_4,home,734.0914046906169,324.87716593741663,pending,2024-02-10
42063,Product_2063_4,clothing,762.6715921532909,449.4760421216834,active,2024-08-10
42064,Product_2064_4,books,355.6796886626746,217.01905864305522,pending,2024-02-22
42065,Product_2065_4,electronics,450.5061128363014,201.9286762982706,archived,2024-11-16
42066,Product_2066_4,home,24.853142539719176,298.73952356356256,archived,2024-05-07
42067,Product_2067_4,home,883.7468176429544,352.16336262261626,inactive,2024-11-13
42068,Product_2068_4,electronics,930.7038604541517,315.37189188009677,active,2024-01-04
42069,Product_2069_4,clothing,902.804059759293,325.4874630309162,active,2024-05-23
42070,Product_2070_4,books,636.9452749308965,347.08935036982143,archived,2024-03-22
42071,Product_2071_4,clothing,268.71707140789255,395.14957171823556,pending,2024-01-06
42072,Product_2072_4,home,841.0698872441365,96.98643336641004,active,2024-08-05
42073,Product_2073_4,electronics,861.5026252158299,148.02979297597497,inactive,2024-11-10
42074,Product_2074_4,home,189.67102889439832,424.18369218669557,pending,2024-08-03
42075,Product_2075_4,electronics,826.5271533853187,179.87345674180057,archived,2024-08-22
42076,Product_2076_4,electronics,110.37716539341591,123.24369370829854,archived,2024-02-27
42077,Product_2077_4,home,738.9010721904446,384.3954277712169,inactive,2024-08-20
42078,Product_2078_4,home,432.67735514460895,225.164817664982,archived,2024-10-14
42079,Product_2079_4,books,617.8192204660756,266.22866447907654,archived,2024-02-15
42080,Product_2080_4,electronics,936.1880001171477,292.53608034875447,archived,2024-06-05
42081,Product_2081_4,home,85.60856628035125,283.24191261003483,active,2024-10-28
42082,Product_2082_4,books,308.25560345184647,177.42797144259242,inactive,2024-10-07
42083,Product_2083_4,home,328.177084738279,472.00706318465495,inactive,2024-08-05
42084,Product_2084_4,home,916.2345638829556,304.3348100359193,pending,2024-06-07
42085,Product_2085_4,books,716.777408742636,252.62611579856224,archived,2024-12-04
42086,Product_2086_4,books,651.5632058306453,323.99703469659886,inactive,2024-11-08
42087,Product_2087_4,home,746.0795580062658,158.20602276602665,pending,2024-04-26
42088,Product_2088_4,home,462.9435620276404,78.23492755853042,active,2024-03-11
42089,Product_2089_4,books,319.5251486312685,131.98485567504684,archived,2024-03-12
42090,Product_2090_4,books,383.6373447996642,174.5002013341485,pending,2024-08-16
42091,Product_2091_4,clothing,811.9100229824468,227.65820738815765,inactive,2024-12-27
42092,Product_2092_4,books,407.4059610536408,495.05916296484776,archived,2024-08-23
42093,Product_2093_4,sports,448.5472190869419,231.83394974817975,active,2024-05-07
42094,Product_2094_4,clothing,154.51208337274238,56.1494747626582,archived,2024-03-03
42095,Product_2095_4,clothing,568.9512938630422,254.8615763812477,active,2024-05-14
42096,Product_2096_4,clothing,602.2429043285257,239.6919070193997,active,2024-06-19
42097,Product_2097_4,sports,341.6345785463331,387.11978748750664,pending,2024-04-15
42098,Product_2098_4,home,540.3048057883944,460.0781291688179,active,2024-05-21
42099,Product_2099_4,home,943.1298758805439,203.2078361296212,pending,2024-12-15
42100,Product_2100_4,electronics,745.0694618383549,453.46554868474306,pending,2024-01-20
42101,Product_2101_4,electronics,966.9509712003724,120.16780442539391,inactive,2024-12-10
42102,Product_2102_4,sports,597.2027587377684,52.344222189903775,archived,2024-08-16
42103,Product_2103_4,clothing,353.5429438271289,483.33059217136446,inactive,2024-01-10
42104,Product_2104_4,home,739.0454362649,115.72137302572973,pending,2024-01-20
42105,Product_2105_4,clothing,336.38461332178827,267.1147844255238,active,2024-06-10
42106,Product_2106_4,sports,682.4486730992327,219.73174303100072,pending,2024-08-16
42107,Product_2107_4,sports,865.7876085767684,261.301223013579,pending,2024-08-09
42108,Product_2108_4,books,274.3283176849861,258.24521335706265,inactive,2024-09-13
42109,Product_2109_4,books,397.49876860688516,155.7077204800089,active,2024-05-12
42110,Product_2110_4,clothing,195.0160248747832,40.702696506563896,pending,2024-04-20
42111,Product_2111_4,clothing,998.3025366003891,125.40456873517464,pending,2024-12-13
42112,Product_2112_4,books,875.8767075136466,44.1000834238848,archived,2024-04-17
42113,Product_2113_4,clothing,308.87096647939967,382.4256806089501,archived,2024-11-25
42114,Product_2114_4,sports,255.97746267329677,114.29050411349394,pending,2024-11-24
42115,Product_2115_4,home,796.0914730649114,148.7129838388416,active,2024-01-07
42116,Product_2116_4,home,995.577604372893,361.9967674568832,archived,2024-03-02
42117,Product_2117_4,electronics,924.1645837887454,251.38946729733172,active,2024-05-22
42118,Product_2118_4,books,122.41316139363329,189.8636055685607,archived,2024-07-11
42119,Product_2119_4,clothing,429.3741813468028,191.45490944413334,active,2024-11-01
42120,Product_2120_4,electronics,776.7077921314856,143.38319140605225,inactive,2024-03-26
42121,Product_2121_4,clothing,968.3418696726342,255.91726118407874,pending,2024-08-14
42122,Product_2122_4,home,489.66457998765924,176.2602468138284,archived,2024-02-17
42123,Product_2123_4,home,886.3077937442378,291.5217762371524,pending,2024-06-19
42124,Product_2124_4,books,66.88640573836159,343.88995807731027,pending,2024-03-28
42125,Product_2125_4,sports,1.3344153013885736,129.35135115129424,active,2024-03-25
42126,Product_2126_4,home,967.0491587299306,462.4123441869076,active,2024-09-27
42127,Product_2127_4,home,404.8614173806644,287.3875325074619,pending,2024-01-04
42128,Product_2128_4,books,499.89763875058117,411.61762990295483,active,2024-11-01
42129,Product_2129_4,books,986.6379604508941,462.0367611501413,archived,2024-08-02
42130,Product_2130_4,sports,516.113774072328,168.94358585392834,inactive,2024-03-26
42131,Product_2131_4,clothing,872.0790011051346,413.2725635384403,inactive,2024-07-05
42132,Product_2132_4,books,946.0845267686508,156.17927071406908,archived,2024-08-28
42133,Product_2133_4,sports,492.34993822194707,294.7502081685954,inactive,2024-03-10
42134,Product_2134_4,clothing,583.7014549902584,492.32864792513726,archived,2024-12-12
42135,Product_2135_4,sports,605.2258012738008,240.27733227971257,archived,2024-02-25
42136,Product_2136_4,books,953.201549831942,256.53810131478076,inactive,2024-03-16
42137,Product_2137_4,home,69.68327292231258,481.99201151107746,active,2024-05-04
42138,Product_2138_4,books,13.126997803419702,439.9463581771298,archived,2024-01-16
42139,Product_2139_4,home,701.8736367754781,129.55326581251967,inactive,2024-04-26
42140,Product_2140_4,electronics,569.957144237146,350.7882216661399,inactive,2024-12-26
42141,Product_2141_4,electronics,89.21362931640618,411.95068717154487,inactive,2024-12-08
42142,Product_2142_4,books,608.0166931690956,282.7798568092783,inactive,2024-09-11
42143,Product_2143_4,books,513.3447321161411,364.32548673138206,archived,2024-08-01
42144,Product_2144_4,sports,23.9746248565947,262.2587576712042,inactive,2024-09-22
42145,Product_2145_4,sports,883.2128668819347,14.801914731215426,pending,2024-01-15
42146,Product_2146_4,home,211.81420398277075,145.47982210222094,pending,2024-02-28
42147,Product_2147_4,books,50.51359973615056,446.42370615654386,pending,2024-05-27
42148,Product_2148_4,clothing,210.51723320432328,253.76141366128235,archived,2024-02-11
42149,Product_2149_4,home,524.6221038571831,69.53224070554543,active,2024-03-18
42150,Product_2150_4,books,859.9171715637378,48.8443913456469,archived,2024-03-24
42151,Product_2151_4,electronics,484.40218941673186,459.0626451034215,inactive,2024-09-28
42152,Product_2152_4,sports,917.8906691807122,445.95523961604135,pending,2024-05-23
42153,Product_2153_4,home,184.29992050488988,94.2894574877147,inactive,2024-01-10
42154,Product_2154_4,home,766.1999748571839,239.28802044667626,pending,2024-07-23
42155,Product_2155_4,sports,901.7718634296834,194.88616505893265,archived,2024-05-03
42156,Product_2156_4,books,543.6063915637784,268.5282449558325,inactive,2024-10-02
42157,Product_2157_4,clothing,981.1461933042018,361.81909203011236,inactive,2024-08-24
42158,Product_2158_4,sports,190.88387513614666,225.78239577391184,pending,2024-01-10
42159,Product_2159_4,electronics,381.2168068991295,149.91822167518524,inactive,2024-10-11
42160,Product_2160_4,electronics,811.58005780188,282.192581445456,archived,2024-12-09
42161,Product_2161_4,books,408.27321147180123,371.2453369088781,archived,2024-12-13
42162,Product_2162_4,books,141.85681710495606,219.7020089533928,pending,2024-10-07
42163,Product_2163_4,electronics,956.1799347263146,495.2531063096469,active,2024-12-08
42164,Product_2164_4,electronics,985.4146934233905,300.89388662191834,pending,2024-03-03
42165,Product_2165_4,electronics,989.1389948382085,232.7458463643137,inactive,2024-09-27
42166,Product_2166_4,clothing,396.65329842147935,41.885884369347096,archived,2024-12-25
42167,Product_2167_4,clothing,994.7861480685443,151.81497358177512,active,2024-03-07
42168,Product_2168_4,sports,279.5729654412705,247.05701595120902,inactive,2024-02-20
42169,Product_2169_4,clothing,834.8725851243235,135.6742001606529,archived,2024-07-09
42170,Product_2170_4,books,506.1509969954617,190.1818666557308,pending,2024-05-25
42171,Product_2171_4,home,554.3742338162075,41.79805647432323,inactive,2024-07-10
42172,Product_2172_4,home,772.1244001684711,396.0584442928287,active,2024-09-23
42173,Product_2173_4,home,214.72472504943215,301.78950387174353,pending,2024-02-25
42174,Product_2174_4,electronics,154.08345522418392,465.3244386711994,pending,2024-01-08
42175,Product_2175_4,clothing,698.2259079014666,482.74419342074606,inactive,2024-04-06
42176,Product_2176_4,electronics,672.6215960442553,491.46347493981386,archived,2024-04-28
42177,Product_2177_4,clothing,93.4319828882906,153.72436514912565,archived,2024-11-15
42178,Product_2178_4,books,152.3378225348025,442.8148519263224,active,2024-04-11
42179,Product_2179_4,home,216.50659521556724,225.26478931600158,pending,2024-11-25
42180,Product_2180_4,clothing,394.0782026387989,287.3402056847302,pending,2024-10-08
42181,Product_2181_4,home,229.65590552346396,81.20147887374708,inactive,2024-01-20
42182,Product_2182_4,books,613.5955768815912,128.20571721827315,active,2024-05-05
42183,Product_2183_4,sports,657.1372619970991,23.145045117489417,archived,2024-11-04
42184,Product_2184_4,books,334.1971974246695,454.5402723849682,pending,2024-06-20
42185,Product_2185_4,clothing,320.8847622788627,81.54014259385626,archived,2024-08-14
42186,Product_2186_4,clothing,149.1225804665936,32.018703613751555,inactive,2024-10-05
42187,Product_2187_4,sports,499.1720233211467,336.65722105918906,active,2024-03-03
42188,Product_2188_4,clothing,498.74293758870783,458.6196628417245,inactive,2024-02-17
42189,Product_2189_4,sports,807.7551787815545,232.69442642564573,active,2024-04-02
42190,Product_2190_4,electronics,648.330524490112,123.30677261844583,inactive,2024-06-19
42191,Product_2191_4,electronics,98.7017296752074,206.69250453934742,archived,2024-08-01
42192,Product_2192_4,home,89.5087497083089,434.007138703826,archived,2024-03-18
42193,Product_2193_4,clothing,306.00954942622604,71.52487356071408,inactive,2024-02-27
42194,Product_2194_4,sports,225.80118193233412,411.41606794354436,archived,2024-02-12
42195,Product_2195_4,home,259.62854243583087,344.8452328622744,pending,2024-11-19
42196,Product_2196_4,home,11.885351021786859,369.43808275291104,inactive,2024-01-10
42197,Product_2197_4,clothing,724.9044845672864,460.35060182137977,pending,2024-04-03
42198,Product_2198_4,electronics,131.98788727599464,222.7496772179072,pending,2024-01-26
42199,Product_2199_4,electronics,160.59625803229454,118.62337010908527,pending,2024-06-24
42200,Product_2200_4,sports,927.6346773398634,213.2125296811873,pending,2024-01-14
42201,Product_2201_4,home,743.193446426277,385.69350805988057,archived,2024-01-21
42202,Product_2202_4,clothing,304.56508389972265,256.4844362124388,inactive,2024-07-16
42203,Product_2203_4,electronics,538.3025703472279,46.60171437390594,active,2024-10-19
42204,Product_2204_4,clothing,742.0452504170719,489.12888246511295,active,2024-02-10
42205,Product_2205_4,home,912.2550991894028,272.03930590106984,archived,2024-12-03
42206,Product_2206_4,books,941.6153778531376,472.70750957140194,archived,2024-05-21
42207,Product_2207_4,home,689.6463567844835,209.96017494484008,active,2024-11-23
42208,Product_2208_4,clothing,644.5827378274072,178.19586858492534,pending,2024-06-15
42209,Product_2209_4,sports,944.6660403806105,114.16682652793796,archived,2024-03-21
42210,Product_2210_4,electronics,2.7183459438885924,405.30951890046134,inactive,2024-06-07
42211,Product_2211_4,books,605.9916163282741,73.15862341637455,pending,2024-01-19
42212,Product_2212_4,electronics,454.353206935624,250.4747609573478,inactive,2024-10-10
42213,Product_2213_4,home,215.25396308899468,466.83775054656553,pending,2024-10-18
42214,Product_2214_4,electronics,373.2872747178502,469.3876351373856,active,2024-04-25
42215,Product_2215_4,clothing,631.6873783927132,424.6300635270195,pending,2024-02-06
42216,Product_2216_4,sports,204.2885289997345,70.3610036715041,inactive,2024-03-10
42217,Product_2217_4,books,176.00941353354696,15.58531972654615,archived,2024-11-04
42218,Product_2218_4,books,854.1081581046294,200.574588983628,pending,2024-05-06
42219,Product_2219_4,home,563.773702555175,415.9595595870851,pending,2024-05-08
42220,Product_2220_4,sports,780.1093714305533,283.4839584472778,active,2024-03-16
42221,Product_2221_4,clothing,182.7776987110359,258.57020480103347,pending,2024-07-19
42222,Product_2222_4,electronics,416.5736736595772,363.78260843520474,inactive,2024-04-20
42223,Product_2223_4,electronics,982.0952146689872,168.46670452928367,inactive,2024-12-27
42224,Product_2224_4,electronics,288.4989567759271,80.98326291011865,active,2024-06-15
42225,Product_2225_4,books,700.6205245564616,307.0575405599781,archived,2024-05-25
42226,Product_2226_4,books,25.536188724145685,391.50065162199064,archived,2024-01-04
42227,Product_2227_4,clothing,736.5463314271277,327.37951125794916,inactive,2024-08-04
42228,Product_2228_4,electronics,331.89203780422724,399.63398861929335,inactive,2024-03-05
42229,Product_2229_4,clothing,223.75710955524445,143.29205837147816,pending,2024-04-02
42230,Product_2230_4,electronics,507.88817686652385,468.4271413969679,active,2024-04-01
42231,Product_2231_4,sports,602.5021772092736,401.27370483917457,active,2024-09-16
42232,Product_2232_4,home,532.9082041090667,376.07575763444675,pending,2024-02-18
42233,Product_2233_4,home,864.4897556073998,23.0183412148086,archived,2024-08-27
42234,Product_2234_4,home,304.48660845628325,400.49680196806355,active,2024-06-01
42235,Product_2235_4,clothing,436.9581542370824,308.7367422245224,pending,2024-06-01
42236,Product_2236_4,sports,141.7508793989278,134.4637854532604,archived,2024-12-06
42237,Product_2237_4,home,725.0225280953118,246.39296931229828,archived,2024-05-01
42238,Product_2238_4,sports,796.0975125966878,425.16383430108533,active,2024-03-23
42239,Product_2239_4,clothing,22.62724469753774,25.61153108138266,archived,2024-11-14
42240,Product_2240_4,electronics,886.7002845534249,67.08504020997358,pending,2024-04-24
42241,Product_2241_4,books,471.9531566855041,14.288847146251642,archived,2024-04-14
42242,Product_2242_4,electronics,798.0595107406775,207.3861095396665,pending,2024-02-23
42243,Product_2243_4,books,674.1169259931243,335.68180874128524,archived,2024-12-28
42244,Product_2244_4,electronics,147.96344248243324,202.50052484666452,inactive,2024-08-26
42245,Product_2245_4,electronics,768.8457968002106,389.4007544142139,active,2024-07-28
42246,Product_2246_4,electronics,780.8728173838609,42.06475293871418,inactive,2024-03-05
42247,Product_2247_4,sports,878.4321068547955,162.3007994976587,inactive,2024-05-07
42248,Product_2248_4,clothing,45.85699569484324,117.07655233510732,inactive,2024-06-09
42249,Product_2249_4,books,703.740815262179,218.59755422671017,active,2024-02-13
42250,Product_2250_4,home,935.3155613335762,192.68003218961638,archived,2024-11-11
42251,Product_2251_4,home,916.0436898706415,223.41894413751342,pending,2024-09-15
42252,Product_2252_4,home,526.5889631401205,493.4657049680382,inactive,2024-07-03
42253,Product_2253_4,home,333.256722826441,254.12385399358044,active,2024-03-01
42254,Product_2254_4,clothing,344.2451936705117,266.89715802950985,pending,2024-02-01
42255,Product_2255_4,clothing,873.0616266658893,90.6732710889427,active,2024-12-05
42256,Product_2256_4,sports,947.9479507523895,131.73162524982695,archived,2024-02-12
42257,Product_2257_4,home,90.58862465054615,77.7004345141003,archived,2024-09-28
42258,Product_2258_4,books,757.0990659998166,440.56186004442173,archived,2024-01-24
42259,Product_2259_4,electronics,572.7713731386779,310.3022022691201,inactive,2024-12-26
42260,Product_2260_4,books,932.7791795345506,490.40491534612113,pending,2024-02-26
42261,Product_2261_4,clothing,61.30578218509425,291.3030947363036,active,2024-01-07
42262,Product_2262_4,books,121.23119054053683,285.43898345295395,active,2024-05-16
42263,Product_2263_4,sports,92.20142561323325,328.47490701318003,archived,2024-02-12
42264,Product_2264_4,clothing,840.0910544477701,172.15492266704157,archived,2024-11-10
42265,Product_2265_4,sports,21.972972817388584,478.9275593380763,active,2024-10-07
42266,Product_2266_4,clothing,486.94809674322414,297.81655443337525,inactive,2024-11-16
42267,Product_2267_4,clothing,396.9400665716168,425.8650244389955,pending,2024-06-07
42268,Product_2268_4,sports,318.8028556104302,190.4080233019705,pending,2024-05-23
42269,Product_2269_4,books,147.21794051389838,486.67303057936937,active,2024-05-24
42270,Product_2270_4,electronics,789.1768416727679,446.0629717680281,active,2024-01-01
42271,Product_2271_4,sports,447.1098630667235,322.4032525965147,archived,2024-04-25
42272,Product_2272_4,home,846.523037492124,451.10805296537984,pending,2024-11-27
42273,Product_2273_4,books,671.2713430444397,451.96485649022156,pending,2024-09-01
42274,Product_2274_4,books,524.6372293890255,157.81568501176042,pending,2024-04-01
42275,Product_2275_4,sports,822.2078366950157,253.96215113473977,active,2024-05-14
42276,Product_2276_4,clothing,682.2618858650967,430.75521975565965,archived,2024-02-09
42277,Product_2277_4,sports,951.731071230677,150.631550672213,pending,2024-02-27
42278,Product_2278_4,books,947.7439226062382,67.64809979378096,archived,2024-12-15
42279,Product_2279_4,books,189.9505331650895,262.90621420617725,pending,2024-04-18
42280,Product_2280_4,clothing,820.9918669652092,56.486342225155795,active,2024-10-21
42281,Product_2281_4,electronics,82.49374437045161,299.44587286937,pending,2024-07-05
42282,Product_2282_4,sports,211.24035558072578,120.04303765201485,active,2024-10-10
42283,Product_2283_4,electronics,952.5998685733101,172.80251042820763,pending,2024-01-19
42284,Product_2284_4,books,669.1811885175919,190.39064913726807,active,2024-09-12
42285,Product_2285_4,clothing,419.38249289042136,180.48580999719405,pending,2024-03-18
42286,Product_2286_4,home,335.4184437390389,446.2266368836952,archived,2024-03-27
42287,Product_2287_4,clothing,888.9591121338559,297.8539105472912,active,2024-05-01
42288,Product_2288_4,clothing,564.9437226106985,377.17567642760264,archived,2024-03-17
42289,Product_2289_4,home,625.1592332421847,95.24611746647741,archived,2024-11-18
42290,Product_2290_4,sports,725.5240795483032,460.85505991591504,active,2024-12-10
42291,Product_2291_4,books,112.9965500065,194.41540048448343,active,2024-10-10
42292,Product_2292_4,clothing,887.6342332377878,236.8750966073418,inactive,2024-01-01
42293,Product_2293_4,sports,597.0507045729701,304.25885117343927,inactive,2024-08-06
42294,Product_2294_4,clothing,373.72544573907993,59.58475504726642,inactive,2024-04-21
42295,Product_2295_4,home,434.0687077721383,166.92022690942278,pending,2024-06-07
42296,Product_2296_4,electronics,267.1955675022297,293.9472770190319,inactive,2024-09-20
42297,Product_2297_4,books,382.5059403485146,129.3980611919592,pending,2024-03-11
42298,Product_2298_4,books,649.2831849390444,96.24886712281331,pending,2024-03-08
42299,Product_2299_4,clothing,407.11194179241926,404.8412690143905,pending,2024-09-28
42300,Product_2300_4,home,94.92283181594973,476.25638005724863,archived,2024-12-26
42301,Product_2301_4,clothing,539.4304174457641,292.3446019885719,pending,2024-12-25
42302,Product_2302_4,home,865.3024959142901,300.7916614762565,active,2024-09-02
42303,Product_2303_4,home,460.2632880442476,439.1834467677272,inactive,2024-10-24
42304,Product_2304_4,books,699.4276495965996,18.554739810526694,inactive,2024-11-17
42305,Product_2305_4,sports,402.9731633433484,148.58944748036322,archived,2024-02-11
42306,Product_2306_4,electronics,648.4377568342326,238.2869187642356,active,2024-06-13
42307,Product_2307_4,home,745.0668180722445,68.33301306664784,active,2024-06-11
42308,Product_2308_4,sports,714.0406267316101,495.3693519894269,active,2024-12-23
42309,Product_2309_4,clothing,966.272116172721,127.08394449504385,archived,2024-10-26
42310,Product_2310_4,electronics,786.319177181909,270.7347099234373,inactive,2024-12-03
42311,Product_2311_4,books,307.76116877863404,62.13650676688053,archived,2024-11-23
42312,Product_2312_4,clothing,152.4820563617191,133.4104434054854,active,2024-02-19
42313,Product_2313_4,home,950.0051246360941,449.4400778932657,active,2024-12-21
42314,Product_2314_4,home,404.0679939369939,405.63713710372366,archived,2024-04-23
42315,Product_2315_4,home,856.5266607479366,376.04054109317,active,2024-10-02
42316,Product_2316_4,books,732.2387006781277,281.8076954011056,archived,2024-03-02
42317,Product_2317_4,sports,183.5589083624165,307.6942761835871,archived,2024-10-19
42318,Product_2318_4,books,722.657342596216,220.33160856587742,active,2024-11-15
42319,Product_2319_4,clothing,336.80138041808294,254.29140797952724,active,2024-08-03
42320,Product_2320_4,clothing,617.022361046632,464.1684574072746,active,2024-09-23
42321,Product_2321_4,electronics,588.8136207125007,260.08888381642583,archived,2024-08-08
42322,Product_2322_4,sports,410.64501826474736,200.72401490126265,archived,2024-10-09
42323,Product_2323_4,home,621.9411556471921,399.6536918045842,pending,2024-01-26
42324,Product_2324_4,clothing,332.79472122844743,315.4806614291525,inactive,2024-01-17
42325,Product_2325_4,books,640.5807542749221,464.0011985059035,archived,2024-08-28
42326,Product_2326_4,home,308.7684966696975,371.32881457181776,pending,2024-05-06
42327,Product_2327_4,home,171.1077207154633,435.16059119229766,pending,2024-09-04
42328,Product_2328_4,electronics,57.81275933764457,102.11953407252933,inactive,2024-07-27
42329,Product_2329_4,clothing,722.4146757103333,497.1915652578864,active,2024-04-27
42330,Product_2330_4,electronics,407.81695964795637,137.26137875171037,archived,2024-01-05
42331,Product_2331_4,sports,393.7679793643337,407.3390704623038,pending,2024-04-17
42332,Product_2332_4,home,584.2528885580787,177.8550481335986,archived,2024-03-12
42333,Product_2333_4,sports,191.21452043862257,464.14908092297736,pending,2024-10-13
42334,Product_2334_4,books,638.9550510634631,144.5527000125036,active,2024-11-25
42335,Product_2335_4,clothing,637.317403008511,445.3576799770102,archived,2024-03-03
42336,Product_2336_4,clothing,127.54177013201549,361.26437611777834,inactive,2024-11-14
42337,Product_2337_4,home,516.336362252469,44.81207619902115,pending,2024-10-17
42338,Product_2338_4,books,120.50832657628584,461.6997179815232,inactive,2024-02-06
42339,Product_2339_4,electronics,394.3296154385579,128.2678221654101,pending,2024-08-02
42340,Product_2340_4,sports,147.29418866799256,271.5413946555305,pending,2024-06-18
42341,Product_2341_4,electronics,181.55163625598135,454.8860358513002,active,2024-06-24
42342,Product_2342_4,sports,122.95247735026548,385.9210376931548,pending,2024-10-19
42343,Product_2343_4,home,329.90640072569613,490.01568540996954,pending,2024-05-13
42344,Product_2344_4,clothing,16.009512958149607,223.8254945312597,active,2024-10-02
42345,Product_2345_4,clothing,763.1299939699289,87.44880098488584,inactive,2024-11-20
42346,Product_2346_4,sports,14.588669599826348,198.49486075001454,archived,2024-12-09
42347,Product_2347_4,home,86.88251940527263,32.504983875169,archived,2024-11-21
42348,Product_2348_4,home,928.0689440432561,309.707525107215,archived,2024-05-19
42349,Product_2349_4,books,695.4785887695776,309.2996967548437,pending,2024-08-09
42350,Product_2350_4,home,916.3213670745282,218.00982519989128,pending,2024-05-01
42351,Product_2351_4,home,515.2179144901891,199.54999598098112,active,2024-05-27
42352,Product_2352_4,electronics,396.7061173057502,198.6722912218,active,2024-08-18
42353,Product_2353_4,books,975.9961786712371,424.45433979728466,active,2024-08-06
42354,Product_2354_4,books,626.1474287055264,425.76084860343076,archived,2024-12-18
42355,Product_2355_4,books,924.3682064619273,487.244281176446,active,2024-05-19
42356,Product_2356_4,sports,62.22170298253872,258.2467955960934,pending,2024-08-01
42357,Product_2357_4,electronics,209.35538139756943,453.448135113664,active,2024-06-18
42358,Product_2358_4,books,397.7452093789818,88.53395947046566,archived,2024-12-21
42359,Product_2359_4,sports,826.9783699316364,139.1454301333394,active,2024-03-22
42360,Product_2360_4,books,271.52008832995074,375.0404558743622,archived,2024-05-20
42361,Product_2361_4,clothing,795.5620462477536,110.40135859127918,active,2024-12-23
42362,Product_2362_4,sports,582.3321780511428,405.7540407186668,pending,2024-06-18
42363,Product_2363_4,sports,600.2678119803032,291.3220329715825,active,2024-05-03
42364,Product_2364_4,clothing,743.4482160756564,369.12372288716597,archived,2024-08-04
42365,Product_2365_4,clothing,788.8523516286749,158.04589138161663,inactive,2024-12-12
42366,Product_2366_4,clothing,239.4776101057191,492.5777287568551,inactive,2024-08-18
42367,Product_2367_4,electronics,618.91531071526,261.93591411527075,inactive,2024-08-06
42368,Product_2368_4,electronics,724.4329458944196,14.841600042887944,archived,2024-06-02
42369,Product_2369_4,home,653.351279952544,468.4452028456332,archived,2024-12-14
42370,Product_2370_4,home,646.5750282006638,317.0980393127327,archived,2024-04-15
42371,Product_2371_4,home,526.0372896911337,355.9585900837935,pending,2024-01-14
42372,Product_2372_4,sports,630.4402238189232,447.8586723963623,archived,2024-01-08
42373,Product_2373_4,home,574.4169836938679,226.17844350503202,active,2024-03-10
42374,Product_2374_4,home,386.97265102909716,372.6026162176682,active,2024-11-22
42375,Product_2375_4,sports,256.27555563112605,441.983980240282,pending,2024-05-26
42376,Product_2376_4,books,455.00019651330376,138.85084785580491,archived,2024-05-28
42377,Product_2377_4,electronics,927.5207044648399,490.349433745228,inactive,2024-08-22
42378,Product_2378_4,sports,995.0527401914782,127.32895591168334,active,2024-01-14
42379,Product_2379_4,electronics,594.5646750450918,17.536236095313523,active,2024-11-12
42380,Product_2380_4,clothing,576.5253538148713,295.90128503700225,inactive,2024-03-23
42381,Product_2381_4,books,625.1958475571798,218.3607920539401,active,2024-05-15
42382,Product_2382_4,electronics,313.5698000137447,167.68378983184957,archived,2024-09-28
42383,Product_2383_4,clothing,513.4124573356992,27.51112860077506,archived,2024-01-03
42384,Product_2384_4,books,90.75320083422727,221.27692961357891,active,2024-08-13
42385,Product_2385_4,books,143.4349196899607,400.7427055305172,inactive,2024-09-04
42386,Product_2386_4,books,103.06831367488802,472.990099252026,pending,2024-11-21
42387,Product_2387_4,sports,145.81644933479916,405.9337244205869,pending,2024-01-13
42388,Product_2388_4,sports,521.6597096121162,190.48714160094949,pending,2024-12-03
42389,Product_2389_4,electronics,451.63751421610203,239.23295033429616,archived,2024-02-19
42390,Product_2390_4,electronics,851.7790085274515,50.17836428294776,inactive,2024-07-04
42391,Product_2391_4,books,986.8712189217824,50.478871336813945,active,2024-07-20
42392,Product_2392_4,sports,895.3264043357666,129.17759929583292,inactive,2024-12-14
42393,Product_2393_4,electronics,147.39533876548958,90.12529454993339,inactive,2024-03-04
42394,Product_2394_4,sports,538.0845572355479,458.59147738490844,active,2024-09-21
42395,Product_2395_4,home,995.2930292213073,280.16786650148646,pending,2024-02-08
42396,Product_2396_4,home,422.5341363861133,325.35175797106973,archived,2024-01-04
42397,Product_2397_4,electronics,357.18472247493014,471.4108131394449,inactive,2024-07-14
42398,Product_2398_4,books,574.2654029979306,266.7388010178497,inactive,2024-10-13
42399,Product_2399_4,sports,15.654056054890292,313.30146006821553,pending,2024-01-19
42400,Product_2400_4,clothing,894.4955818027639,62.15839014859895,active,2024-11-11
42401,Product_2401_4,electronics,279.6689833582004,295.5335697376012,pending,2024-05-08
42402,Product_2402_4,clothing,386.3231625671246,17.360246995676665,active,2024-06-07
42403,Product_2403_4,electronics,907.3708188252579,123.99838681081765,pending,2024-03-04
42404,Product_2404_4,sports,392.0038605237237,394.04180365470114,active,2024-10-10
42405,Product_2405_4,sports,202.78618953950033,380.29058952077827,pending,2024-01-26
42406,Product_2406_4,home,577.7866808418877,394.2644907650209,archived,2024-08-03
42407,Product_2407_4,clothing,180.35748197322485,278.2650901947378,archived,2024-04-05
42408,Product_2408_4,home,771.5509135863515,495.3297164138658,inactive,2024-03-01
42409,Product_2409_4,clothing,381.5039683426283,440.5946439940916,archived,2024-05-28
42410,Product_2410_4,electronics,684.5545317073727,306.7076670255868,pending,2024-04-24
42411,Product_2411_4,sports,723.6933599248042,484.02394289698117,inactive,2024-08-19
42412,Product_2412_4,clothing,639.2033763588777,411.285208681079,inactive,2024-04-09
42413,Product_2413_4,home,566.8386775813648,410.8487973744965,archived,2024-03-08
42414,Product_2414_4,books,404.714255777903,268.7015874112137,inactive,2024-02-26
42415,Product_2415_4,electronics,260.03783006899005,448.88062946174296,pending,2024-06-25
42416,Product_2416_4,electronics,774.1117282233554,196.63060125586432,active,2024-02-20
42417,Product_2417_4,clothing,49.16931638855781,232.14825212854814,archived,2024-04-08
42418,Product_2418_4,sports,711.9785618011969,367.3471348976991,active,2024-11-19
42419,Product_2419_4,clothing,302.64076853178625,382.4639015881777,archived,2024-10-15
42420,Product_2420_4,home,546.2232692543917,212.6416049356284,pending,2024-02-03
42421,Product_2421_4,electronics,539.1092577978307,76.37552437174361,inactive,2024-03-22
42422,Product_2422_4,clothing,880.9753644712845,199.86130909279947,pending,2024-07-08
42423,Product_2423_4,books,746.0655367969205,181.59048053219624,active,2024-05-08
42424,Product_2424_4,clothing,619.4346009848091,149.05441544172112,inactive,2024-11-02
42425,Product_2425_4,clothing,870.2036424259829,12.197171252354327,archived,2024-04-05
42426,Product_2426_4,books,768.6771766350811,433.3312160934768,active,2024-10-15
42427,Product_2427_4,clothing,185.95820877529596,432.6599366140316,active,2024-02-09
42428,Product_2428_4,home,118.28914086533362,24.997509199891756,pending,2024-12-28
42429,Product_2429_4,books,922.928638450993,341.4822371934816,pending,2024-08-04
42430,Product_2430_4,sports,599.8384181103652,203.94292700295802,archived,2024-07-06
42431,Product_2431_4,electronics,860.329334201448,382.1301211675538,archived,2024-08-03
42432,Product_2432_4,clothing,913.1753887483701,353.39811120569306,active,2024-12-18
42433,Product_2433_4,sports,872.2694201530385,438.6785786512389,active,2024-08-10
42434,Product_2434_4,clothing,197.9258816071539,62.37285800148754,active,2024-06-19
42435,Product_2435_4,clothing,859.7044795522913,110.20827343077931,active,2024-11-04
42436,Product_2436_4,books,623.4815530474937,239.23516075277152,inactive,2024-09-24
42437,Product_2437_4,sports,803.2082826008303,356.83766785708974,active,2024-05-24
42438,Product_2438_4,electronics,762.4716147734524,139.87689118355394,inactive,2024-11-13
42439,Product_2439_4,books,872.8136229303536,64.24127785228276,archived,2024-08-14
42440,Product_2440_4,electronics,419.4835296600121,496.3957297942575,pending,2024-08-05
42441,Product_2441_4,clothing,156.58701562018265,457.1287815707045,inactive,2024-02-04
42442,Product_2442_4,home,237.6569980364061,488.61346152029654,active,2024-06-11
42443,Product_2443_4,home,270.91915193025795,70.46118213197741,inactive,2024-02-26
42444,Product_2444_4,clothing,644.5213888233436,182.32342158663178,active,2024-08-17
42445,Product_2445_4,sports,396.6437671867939,284.10687842891514,archived,2024-02-05
42446,Product_2446_4,home,995.2747779874392,124.25752478170985,pending,2024-09-28
42447,Product_2447_4,clothing,98.9477108891312,363.7448482847648,archived,2024-01-27
42448,Product_2448_4,electronics,497.8161240472352,479.4229280243697,archived,2024-09-10
42449,Product_2449_4,sports,551.4858213997816,450.6185342286458,active,2024-06-23
42450,Product_2450_4,electronics,737.782369431565,79.61576997654123,pending,2024-08-12
42451,Product_2451_4,clothing,815.0216934830933,449.1810196738952,inactive,2024-08-24
42452,Product_2452_4,electronics,427.6148579172628,387.2570441812195,active,2024-10-08
42453,Product_2453_4,electronics,899.043462857253,375.5432965489702,pending,2024-12-25
42454,Product_2454_4,clothing,68.03385735186397,343.2436832149533,active,2024-05-19
42455,Product_2455_4,sports,149.05418229761355,377.7053565656495,archived,2024-02-15
42456,Product_2456_4,home,448.9360565704363,494.23040269075796,inactive,2024-07-11
42457,Product_2457_4,clothing,653.4336695247553,166.02779242547075,pending,2024-10-17
42458,Product_2458_4,electronics,854.3106449727928,419.68912846966396,active,2024-08-08
42459,Product_2459_4,sports,305.47546044524245,136.93200328058387,pending,2024-12-20
42460,Product_2460_4,electronics,106.04316925945055,193.03231453513678,archived,2024-06-07
42461,Product_2461_4,clothing,189.96705037088554,278.11711359612616,pending,2024-03-08
42462,Product_2462_4,books,528.1392638203761,91.72604939736269,pending,2024-12-03
42463,Product_2463_4,home,582.9647037172718,244.13969861747677,pending,2024-08-19
42464,Product_2464_4,sports,845.9929417987817,77.75830108887803,pending,2024-11-21
42465,Product_2465_4,home,421.32673489610255,364.80172039499223,archived,2024-06-13
42466,Product_2466_4,electronics,793.3839639216259,158.79823171576115,pending,2024-12-03
42467,Product_2467_4,electronics,431.1146532350612,342.17130025584737,active,2024-03-03
42468,Product_2468_4,books,315.90878806063085,206.11060544653603,inactive,2024-06-28
42469,Product_2469_4,sports,112.53702832993388,227.15902975524625,archived,2024-12-26
42470,Product_2470_4,electronics,28.622899211102812,246.03733424423584,active,2024-11-07
42471,Product_2471_4,books,956.4925836236937,458.976965000646,archived,2024-11-01
42472,Product_2472_4,electronics,529.8349719921641,333.38314362818716,pending,2024-06-24
42473,Product_2473_4,sports,580.0480290568983,424.60229324834785,inactive,2024-03-08
42474,Product_2474_4,clothing,296.4793017327392,191.14155411617324,inactive,2024-02-17
42475,Product_2475_4,sports,78.14657777617856,319.1393571845968,active,2024-03-19
42476,Product_2476_4,books,380.2266136796204,104.31351617523825,pending,2024-07-08
42477,Product_2477_4,home,840.839662551463,171.86109625162396,archived,2024-05-11
42478,Product_2478_4,clothing,500.8699103295556,159.86653683817724,archived,2024-06-02
42479,Product_2479_4,electronics,235.88062747779003,141.3137608975617,archived,2024-12-20
42480,Product_2480_4,clothing,779.069078197682,420.28329267218896,active,2024-10-04
42481,Product_2481_4,electronics,469.98834688567,44.4175191279557,pending,2024-11-17
42482,Product_2482_4,sports,878.3130499229849,30.715778112612853,pending,2024-06-12
42483,Product_2483_4,books,695.0576813919791,464.98261713636606,active,2024-04-10
42484,Product_2484_4,home,137.34833720187387,236.85760350964486,inactive,2024-03-20
42485,Product_2485_4,electronics,289.25927868935463,91.83464245012297,pending,2024-08-21
42486,Product_2486_4,clothing,70.8880215599687,170.00285477850574,archived,2024-11-11
42487,Product_2487_4,sports,29.709671440722946,200.05842022403266,pending,2024-09-26
42488,Product_2488_4,books,67.70482359682025,460.7652548376943,active,2024-06-09
42489,Product_2489_4,sports,920.4606183489587,127.96180721060595,active,2024-02-01
42490,Product_2490_4,sports,218.78324547082886,115.66818903964783,inactive,2024-03-10
42491,Product_2491_4,home,867.3014364931395,312.87644276412664,inactive,2024-04-15
42492,Product_2492_4,sports,527.2667001104937,229.5215310455366,inactive,2024-02-13
42493,Product_2493_4,electronics,884.0570595091589,286.3164828500159,inactive,2024-03-27
42494,Product_2494_4,electronics,17.897010348794304,183.424967517025,pending,2024-07-03
42495,Product_2495_4,home,989.6786084554193,113.65138373800092,inactive,2024-09-01
42496,Product_2496_4,clothing,654.0101408789058,360.2887839078401,archived,2024-07-05
42497,Product_2497_4,books,872.602340517524,458.42530773997805,inactive,2024-04-19
42498,Product_2498_4,home,586.4035058552998,91.57500175369061,archived,2024-12-10
42499,Product_2499_4,books,408.30691114118014,243.03743531896203,archived,2024-09-15
42500,Product_2500_4,clothing,742.1733020653996,331.30183200287735,pending,2024-08-26
42501,Product_2501_4,sports,177.95773807542045,289.6868053627986,active,2024-08-03
42502,Product_2502_4,sports,674.292083290456,466.1188906244648,inactive,2024-11-28
42503,Product_2503_4,home,196.39136819471116,231.4922966263561,inactive,2024-12-16
42504,Product_2504_4,clothing,690.7854460961217,493.73252066751724,inactive,2024-03-28
42505,Product_2505_4,sports,191.1892568668483,415.3701997204506,inactive,2024-02-07
42506,Product_2506_4,books,559.2593701849624,289.98708226680077,pending,2024-02-05
42507,Product_2507_4,sports,401.4151032497245,48.748949215382225,active,2024-08-13
42508,Product_2508_4,home,39.00337661770527,30.847492981829582,active,2024-10-20
42509,Product_2509_4,sports,254.7907883397063,192.82016348690112,pending,2024-10-01
42510,Product_2510_4,home,367.7782615854338,229.8785209032836,active,2024-08-11
42511,Product_2511_4,home,579.610674903468,144.1835680744515,archived,2024-08-06
42512,Product_2512_4,electronics,969.4716642734733,403.75906165312165,active,2024-06-01
42513,Product_2513_4,clothing,578.2027133076422,429.4223631212022,inactive,2024-12-10
42514,Product_2514_4,sports,540.613666999534,74.1204712192315,inactive,2024-03-04
42515,Product_2515_4,sports,932.5611654448967,266.926242131901,pending,2024-05-16
42516,Product_2516_4,sports,896.8455237117746,422.0153554244716,inactive,2024-05-16
42517,Product_2517_4,electronics,737.3012332930135,262.5392095605434,archived,2024-11-01
42518,Product_2518_4,home,102.13240672785624,39.20414417647223,active,2024-02-05
42519,Product_2519_4,home,34.6537952538924,396.75477239327176,inactive,2024-03-11
42520,Product_2520_4,sports,119.00719410358141,177.62776981082274,archived,2024-08-21
42521,Product_2521_4,books,193.50479740502846,469.6835775077808,pending,2024-04-05
42522,Product_2522_4,sports,517.6744435225942,16.75664202214836,pending,2024-05-25
42523,Product_2523_4,sports,780.2327405883074,312.06918119238316,inactive,2024-12-21
42524,Product_2524_4,books,995.8573205163536,356.88679725182885,active,2024-06-15
42525,Product_2525_4,books,472.06176838427604,400.1156108243441,inactive,2024-07-17
42526,Product_2526_4,sports,231.6875753417671,262.72559871250576,archived,2024-06-28
42527,Product_2527_4,home,604.087480699013,188.5956867584296,active,2024-01-14
42528,Product_2528_4,electronics,436.35608630959587,47.485934368902335,inactive,2024-06-20
42529,Product_2529_4,sports,369.87336651381435,368.2138280061101,archived,2024-07-28
42530,Product_2530_4,home,663.9171334543582,458.4283492788183,inactive,2024-04-02
42531,Product_2531_4,clothing,44.36334714899704,410.3104546112631,inactive,2024-05-20
42532,Product_2532_4,books,103.25120659412605,102.63920562566005,pending,2024-07-19
42533,Product_2533_4,sports,72.89818874444988,135.76223652074574,active,2024-04-05
42534,Product_2534_4,electronics,791.7519102239361,458.1109934342705,inactive,2024-04-22
42535,Product_2535_4,electronics,419.07408797651374,112.04124136937965,active,2024-02-28
42536,Product_2536_4,electronics,479.4930485682271,243.60653806990285,active,2024-09-01
42537,Product_2537_4,sports,782.772370874897,210.5197561483489,inactive,2024-12-11
42538,Product_2538_4,books,602.2431768037309,84.97611422680042,active,2024-04-22
42539,Product_2539_4,books,603.2088374353918,20.802337914596187,archived,2024-03-07
42540,Product_2540_4,books,806.9533748877755,144.14828301334,archived,2024-12-19
42541,Product_2541_4,books,831.8365937304269,193.73811934284214,active,2024-08-05
42542,Product_2542_4,home,521.4399656761075,235.13998721449514,pending,2024-10-26
42543,Product_2543_4,sports,425.720451452217,120.61840663022994,pending,2024-04-20
42544,Product_2544_4,clothing,465.6783428389455,360.6590953802805,active,2024-03-14
42545,Product_2545_4,home,136.92434604138828,225.84918054727342,inactive,2024-08-26
42546,Product_2546_4,books,719.9046160557676,56.885107330763766,pending,2024-02-21
42547,Product_2547_4,sports,602.5712004280202,251.74592354041752,active,2024-06-13
42548,Product_2548_4,sports,872.6276262089135,83.86567064081214,active,2024-08-01
42549,Product_2549_4,books,264.03354850454883,178.49635114245325,archived,2024-06-18
42550,Product_2550_4,home,59.34834442906627,202.98246579930796,inactive,2024-09-11
42551,Product_2551_4,home,364.78061252733266,442.1547203518999,inactive,2024-11-24
42552,Product_2552_4,home,747.2848859789325,212.7052457350889,active,2024-09-20
42553,Product_2553_4,clothing,731.2496845452462,225.27813648897032,archived,2024-12-23
42554,Product_2554_4,home,511.8751986238759,428.24700018424505,pending,2024-07-19
42555,Product_2555_4,clothing,904.2525388199134,489.11365176961147,active,2024-03-10
42556,Product_2556_4,clothing,430.65474005564306,278.7016377796943,inactive,2024-03-08
42557,Product_2557_4,clothing,746.8888369938277,21.540123019389394,archived,2024-11-17
42558,Product_2558_4,home,235.03901506220782,405.7866187149202,inactive,2024-06-08
42559,Product_2559_4,home,735.9409706930438,464.4483064499374,inactive,2024-09-11
42560,Product_2560_4,electronics,154.21688119468678,46.12924233166539,inactive,2024-08-11
42561,Product_2561_4,electronics,713.1570503868759,286.67788541619194,inactive,2024-03-23
42562,Product_2562_4,books,359.56710803481593,273.8251115968847,archived,2024-04-14
42563,Product_2563_4,clothing,870.4778427827932,95.99301736304034,pending,2024-05-24
42564,Product_2564_4,home,985.6831250075498,472.4538684136708,active,2024-02-06
42565,Product_2565_4,electronics,258.63440727743773,76.07015363164494,active,2024-05-10
42566,Product_2566_4,clothing,771.3591451134266,414.78402899853836,pending,2024-10-09
42567,Product_2567_4,clothing,423.0513385988522,289.24206332814344,inactive,2024-07-07
42568,Product_2568_4,electronics,332.6479872315515,192.97754860000413,active,2024-09-15
42569,Product_2569_4,books,57.984414830929246,57.88354584295915,pending,2024-11-09
42570,Product_2570_4,sports,389.1877364519357,26.561081231633327,inactive,2024-03-04
42571,Product_2571_4,home,910.5908799828329,186.24568809843544,active,2024-06-01
42572,Product_2572_4,sports,657.0086085151895,412.29991792632995,pending,2024-06-24
42573,Product_2573_4,home,795.780171618975,92.00821500100622,pending,2024-10-20
42574,Product_2574_4,sports,778.5601021113488,269.8122289292971,inactive,2024-09-08
42575,Product_2575_4,clothing,403.91338843269983,329.7968885975717,archived,2024-11-16
42576,Product_2576_4,electronics,516.7419539819563,101.71287147406521,pending,2024-01-11
42577,Product_2577_4,clothing,121.08252826259898,308.0851453402918,pending,2024-07-18
42578,Product_2578_4,books,152.126039544742,190.94156854631393,active,2024-10-25
42579,Product_2579_4,books,302.99569559240274,405.0777749871404,active,2024-11-03
42580,Product_2580_4,books,850.0484215421467,330.24017126328204,pending,2024-03-07
42581,Product_2581_4,electronics,201.65606458171922,70.3089633825101,active,2024-01-12
42582,Product_2582_4,clothing,373.12166214694497,327.7640861599752,archived,2024-12-23
42583,Product_2583_4,home,47.13996053844375,39.97252883989237,active,2024-02-11
42584,Product_2584_4,clothing,85.59029393314479,405.1610135193816,pending,2024-09-18
42585,Product_2585_4,sports,552.440946769375,198.09031486310792,inactive,2024-03-27
42586,Product_2586_4,sports,164.77871403138155,163.0944151959755,archived,2024-04-12
42587,Product_2587_4,clothing,15.18137271009339,54.86162919819032,archived,2024-05-17
42588,Product_2588_4,clothing,713.5132713875804,224.41855322389844,pending,2024-01-15
42589,Product_2589_4,electronics,684.0326422381592,282.74044864680565,pending,2024-11-07
42590,Product_2590_4,sports,458.72290152548277,98.20033116885051,active,2024-06-10
42591,Product_2591_4,sports,349.02359695360565,193.9855259417638,inactive,2024-02-03
42592,Product_2592_4,sports,589.3299471701031,447.15031653770376,active,2024-03-12
42593,Product_2593_4,clothing,408.71492160799505,204.89881246722524,inactive,2024-05-08
42594,Product_2594_4,home,485.9693565005335,382.0030269252042,inactive,2024-09-03
42595,Product_2595_4,home,452.2668483561183,183.9090966065991,archived,2024-10-09
42596,Product_2596_4,electronics,286.1748654296881,216.4490903671864,pending,2024-11-15
42597,Product_2597_4,electronics,342.5012362958016,97.50973449935553,archived,2024-09-26
42598,Product_2598_4,clothing,209.43077022412695,201.09273157422592,inactive,2024-03-15
42599,Product_2599_4,electronics,635.8661751236473,256.8442071659093,archived,2024-12-01
42600,Product_2600_4,electronics,669.4404624114701,178.87336834589934,pending,2024-04-01
42601,Product_2601_4,electronics,102.9017223549692,285.12239349543205,inactive,2024-01-20
42602,Product_2602_4,home,654.6369572124468,394.8742793044586,archived,2024-02-14
42603,Product_2603_4,electronics,649.6744817144883,144.7215208761868,archived,2024-03-24
42604,Product_2604_4,electronics,325.7715060116739,479.6444769332239,archived,2024-07-24
42605,Product_2605_4,home,839.3748375180184,286.53405334157867,active,2024-10-03
42606,Product_2606_4,clothing,164.04798588423327,94.19650389886445,archived,2024-04-02
42607,Product_2607_4,home,386.64010983994393,310.4194040406256,active,2024-04-18
42608,Product_2608_4,home,664.4249534244636,442.61914808870876,pending,2024-12-19
42609,Product_2609_4,home,668.338557979944,340.58558415828014,archived,2024-10-09
42610,Product_2610_4,clothing,509.8944112798634,189.4348530803274,archived,2024-09-11
42611,Product_2611_4,sports,90.96233517471856,379.13533464950643,active,2024-10-17
42612,Product_2612_4,clothing,738.3507943489102,387.54563148802464,pending,2024-07-16
42613,Product_2613_4,sports,244.44008834377132,24.7001809476942,archived,2024-08-14
42614,Product_2614_4,home,399.5008582982947,78.52470128954887,archived,2024-07-25
42615,Product_2615_4,books,385.1527207846188,177.16065690172752,inactive,2024-11-23
42616,Product_2616_4,home,165.1732814013074,56.43681570484924,pending,2024-10-27
42617,Product_2617_4,books,212.9237571113129,12.009851340306179,inactive,2024-04-10
42618,Product_2618_4,clothing,956.1465597175339,161.59747814977501,pending,2024-01-23
42619,Product_2619_4,clothing,947.2799125810216,320.31678806095624,archived,2024-02-06
42620,Product_2620_4,electronics,589.3631554169446,342.25465597961613,active,2024-03-06
42621,Product_2621_4,sports,139.1344143053302,250.10095468249958,archived,2024-10-03
42622,Product_2622_4,books,107.22626599698351,301.653431611189,inactive,2024-09-01
42623,Product_2623_4,electronics,835.7697833048379,364.99566221608825,archived,2024-03-24
42624,Product_2624_4,home,132.17917387877728,243.05940255879744,pending,2024-07-12
42625,Product_2625_4,electronics,345.3298885813632,175.32492451761402,pending,2024-03-04
42626,Product_2626_4,electronics,957.2428687213551,280.5458760290958,pending,2024-11-16
42627,Product_2627_4,books,772.6161397564057,74.6843159900633,inactive,2024-07-07
42628,Product_2628_4,books,282.74140763541794,58.86109650102513,active,2024-01-16
42629,Product_2629_4,electronics,530.7486492439942,55.33840740947241,inactive,2024-06-13
42630,Product_2630_4,books,222.774733643816,30.383646019442473,pending,2024-10-13
42631,Product_2631_4,books,917.5768662438023,441.66175521391864,inactive,2024-07-07
42632,Product_2632_4,clothing,51.99946477044794,299.8326869021334,active,2024-02-09
42633,Product_2633_4,home,48.56682683797038,315.04082073515946,active,2024-01-19
42634,Product_2634_4,clothing,59.50110556520234,476.08526009655986,active,2024-03-14
42635,Product_2635_4,sports,759.2981790013934,443.0404955856966,active,2024-09-19
42636,Product_2636_4,home,46.42929616369441,321.1997710304292,active,2024-08-22
42637,Product_2637_4,electronics,370.21644028093544,40.08832389556048,archived,2024-11-20
42638,Product_2638_4,home,1.874950698879228,298.86412098868203,archived,2024-10-07
42639,Product_2639_4,books,965.5555158494427,264.3630653188284,active,2024-01-04
42640,Product_2640_4,books,242.85735416501075,330.51254496858525,pending,2024-05-06
42641,Product_2641_4,clothing,961.5111627555856,392.8185296582837,pending,2024-12-01
42642,Product_2642_4,books,686.594262422811,370.45911134351354,archived,2024-07-18
42643,Product_2643_4,books,595.0069175123378,305.6267314820214,archived,2024-12-22
42644,Product_2644_4,clothing,444.1714322380023,405.7409388651153,pending,2024-04-19
42645,Product_2645_4,books,825.987401209714,383.61034082605613,active,2024-08-24
42646,Product_2646_4,books,814.0297265976234,473.9780170741214,active,2024-09-01
42647,Product_2647_4,sports,176.16867192880196,295.20276334958464,archived,2024-08-14
42648,Product_2648_4,clothing,532.171018042399,26.402271441101156,pending,2024-12-13
42649,Product_2649_4,electronics,273.07655240531153,54.43316408199349,pending,2024-09-10
42650,Product_2650_4,home,51.71147719547518,225.78126942539245,pending,2024-11-07
42651,Product_2651_4,clothing,388.0930456248182,188.29072932724463,archived,2024-12-06
42652,Product_2652_4,home,859.0452378324054,54.31333546387175,archived,2024-02-04
42653,Product_2653_4,electronics,774.9367739816932,306.030748548393,inactive,2024-11-27
42654,Product_2654_4,home,116.63529670556525,76.72864992440653,active,2024-04-05
42655,Product_2655_4,home,720.1344678032902,128.64099313917353,inactive,2024-08-27
42656,Product_2656_4,clothing,862.5724243622377,25.495443698149877,pending,2024-03-03
42657,Product_2657_4,electronics,817.8177304564385,116.86181976757806,active,2024-04-01
42658,Product_2658_4,clothing,794.3384094907402,368.66391325401156,active,2024-10-08
42659,Product_2659_4,clothing,295.573746789101,203.6384742375372,archived,2024-03-14
42660,Product_2660_4,sports,638.471949807308,341.78039303718197,inactive,2024-12-21
42661,Product_2661_4,clothing,410.3211040843484,149.49163996447567,inactive,2024-05-12
42662,Product_2662_4,sports,613.9969361805693,401.0273971588004,inactive,2024-03-28
42663,Product_2663_4,sports,979.3814551281754,396.2908233804785,active,2024-12-19
42664,Product_2664_4,books,451.88334766536616,442.65165161651004,active,2024-11-01
42665,Product_2665_4,electronics,43.42502202842627,386.0850374617882,pending,2024-06-28
42666,Product_2666_4,home,291.9410044218656,165.06541267158002,active,2024-05-27
42667,Product_2667_4,electronics,590.4804861100574,29.047202696001296,archived,2024-01-08
42668,Product_2668_4,clothing,930.2322816529501,214.62171578702697,inactive,2024-11-20
42669,Product_2669_4,books,813.1707837971991,261.0585236995074,inactive,2024-06-16
42670,Product_2670_4,clothing,283.91282872830345,274.8814513349214,inactive,2024-10-16
42671,Product_2671_4,sports,958.1699301403285,265.8605927238147,archived,2024-02-23
42672,Product_2672_4,books,697.4381317169951,460.46534175773775,pending,2024-03-10
42673,Product_2673_4,sports,267.3738679370608,256.584825291795,inactive,2024-10-24
42674,Product_2674_4,books,690.6104584345246,115.49572304709687,active,2024-08-12
42675,Product_2675_4,clothing,337.00869827239853,393.94621861419336,pending,2024-09-08
42676,Product_2676_4,sports,681.0660571412958,420.4503073697117,active,2024-01-14
42677,Product_2677_4,clothing,81.08358889575551,178.6291249197229,active,2024-05-23
42678,Product_2678_4,home,522.0783814262746,368.76697879175225,archived,2024-02-09
42679,Product_2679_4,home,160.61443708717212,182.20625738763152,archived,2024-06-05
42680,Product_2680_4,sports,603.4559969134582,207.38721467558688,pending,2024-03-06
42681,Product_2681_4,electronics,184.09938535465778,142.69318542217488,inactive,2024-10-21
42682,Product_2682_4,home,73.1824940662436,125.24764965506803,inactive,2024-06-10
42683,Product_2683_4,clothing,391.2484307301586,269.5768714213776,archived,2024-07-23
42684,Product_2684_4,books,618.4267750510932,80.78019021516488,pending,2024-11-23
42685,Product_2685_4,clothing,974.5837733433788,383.93394245328045,inactive,2024-09-11
42686,Product_2686_4,home,521.4642595093269,183.93382286509947,inactive,2024-11-19
42687,Product_2687_4,books,613.8903812618029,234.7875600513908,pending,2024-04-28
42688,Product_2688_4,books,528.5774374066941,460.9995415843441,archived,2024-12-23
42689,Product_2689_4,clothing,896.7359789044515,427.31146711273357,active,2024-07-22
42690,Product_2690_4,books,762.1845289999328,429.47298755693555,pending,2024-11-07
42691,Product_2691_4,books,812.6388234806268,452.05540319956106,archived,2024-06-23
42692,Product_2692_4,electronics,667.6927582262273,477.218034442097,pending,2024-12-02
42693,Product_2693_4,home,667.3286739805367,292.1404150094095,archived,2024-04-16
42694,Product_2694_4,home,930.7728861410282,126.05064212471883,archived,2024-01-01
42695,Product_2695_4,electronics,279.15507624683926,275.1162832801939,pending,2024-03-28
42696,Product_2696_4,clothing,945.5789801635059,194.87734023578255,inactive,2024-07-09
42697,Product_2697_4,sports,410.72314487344846,280.00714382178296,archived,2024-04-14
42698,Product_2698_4,home,545.8428743005691,399.3561681540875,archived,2024-06-21
42699,Product_2699_4,electronics,195.91307438414154,346.445671252811,inactive,2024-10-10
42700,Product_2700_4,electronics,970.9164497199273,429.41587125942243,archived,2024-01-15
42701,Product_2701_4,clothing,541.4266580513731,143.56277405612448,active,2024-06-05
42702,Product_2702_4,clothing,708.5576869360966,375.4846440687014,inactive,2024-10-06
42703,Product_2703_4,sports,515.1729210648862,228.01845373954836,inactive,2024-04-01
42704,Product_2704_4,sports,689.0002699834266,328.10124935162094,active,2024-07-13
42705,Product_2705_4,books,354.0378561404283,499.8332526482348,active,2024-01-27
42706,Product_2706_4,electronics,981.8807942585827,446.44277105418234,active,2024-07-27
42707,Product_2707_4,books,759.5533634513931,351.6894266864618,archived,2024-07-17
42708,Product_2708_4,electronics,451.50357645660335,423.0954738824441,active,2024-09-25
42709,Product_2709_4,home,468.8135289485003,235.09420984800244,archived,2024-05-25
42710,Product_2710_4,electronics,216.71143287866633,442.08700409379463,pending,2024-09-26
42711,Product_2711_4,electronics,601.3912880474942,403.4289133904245,inactive,2024-03-17
42712,Product_2712_4,electronics,127.21322575453328,15.50002258909485,inactive,2024-03-01
42713,Product_2713_4,books,269.8910975825597,323.41502686874463,inactive,2024-02-04
42714,Product_2714_4,clothing,797.6178702077674,145.51191531891718,inactive,2024-12-09
42715,Product_2715_4,sports,546.945212778836,271.51624039973154,pending,2024-11-28
42716,Product_2716_4,home,374.2804171756529,171.59065478688916,pending,2024-08-16
42717,Product_2717_4,home,39.505144656456466,397.5678351829449,archived,2024-02-28
42718,Product_2718_4,books,270.4800291600875,155.70015057088284,pending,2024-03-03
42719,Product_2719_4,home,571.3272374120987,321.09974278429996,archived,2024-11-01
42720,Product_2720_4,sports,230.4574767539993,100.78452771721605,inactive,2024-01-27
42721,Product_2721_4,electronics,902.515130356517,412.2706433782026,pending,2024-09-07
42722,Product_2722_4,home,147.46814647758572,220.14766252588154,pending,2024-02-04
42723,Product_2723_4,electronics,272.4996034503464,431.3186153860122,archived,2024-06-08
42724,Product_2724_4,clothing,33.512596565203566,407.0714030871746,inactive,2024-04-22
42725,Product_2725_4,electronics,509.6574905569168,258.0267082012746,inactive,2024-06-14
42726,Product_2726_4,sports,261.58071178358256,389.7573527474836,active,2024-02-23
42727,Product_2727_4,home,731.3688463056917,488.0469807969695,inactive,2024-09-13
42728,Product_2728_4,books,161.87746547910808,276.66442996855614,archived,2024-05-20
42729,Product_2729_4,clothing,589.9768731800766,191.81128207783578,pending,2024-07-22
42730,Product_2730_4,electronics,119.80284604394292,174.67705322573875,pending,2024-05-19
42731,Product_2731_4,sports,981.5877945860433,447.03982623982876,active,2024-08-16
42732,Product_2732_4,home,705.1015200535982,244.42380361979525,active,2024-03-25
42733,Product_2733_4,sports,470.23814969813986,416.92619380474883,active,2024-09-10
42734,Product_2734_4,books,72.068220206575,473.0563843558475,inactive,2024-12-27
42735,Product_2735_4,electronics,15.901884296857169,386.6567164194561,inactive,2024-02-19
42736,Product_2736_4,books,256.1095921465768,476.60911549303313,archived,2024-08-13
42737,Product_2737_4,home,834.304121597842,70.91418240265452,archived,2024-04-12
42738,Product_2738_4,sports,654.0798934411373,456.56990932346457,archived,2024-11-12
42739,Product_2739_4,home,556.0508526650495,486.014138733604,inactive,2024-11-10
42740,Product_2740_4,books,921.8947232351807,202.46342124286426,active,2024-03-13
42741,Product_2741_4,books,789.640543571086,307.2982504580119,inactive,2024-10-20
42742,Product_2742_4,clothing,723.8249365396897,315.88302110129376,pending,2024-10-25
42743,Product_2743_4,sports,358.9310064405241,137.33182770126757,pending,2024-03-03
42744,Product_2744_4,books,750.8515335363213,468.0624718531254,pending,2024-05-09
42745,Product_2745_4,books,236.89153724744534,242.75572520607972,inactive,2024-01-03
42746,Product_2746_4,sports,399.3077224611855,237.5569124739212,active,2024-08-13
42747,Product_2747_4,books,762.5165007186312,292.1740575073906,active,2024-01-01
42748,Product_2748_4,electronics,41.928043239350494,201.34520353655384,active,2024-06-10
42749,Product_2749_4,clothing,263.3074782178065,389.80469761993294,archived,2024-06-18
42750,Product_2750_4,home,554.2173396601391,28.19393293405009,inactive,2024-03-08
42751,Product_2751_4,clothing,288.41125648593163,44.285747039691664,active,2024-03-17
42752,Product_2752_4,home,122.13308753723854,12.227073253485173,active,2024-01-11
42753,Product_2753_4,sports,148.7516082843503,159.3896945370618,inactive,2024-06-18
42754,Product_2754_4,sports,238.06780847934178,205.96228947522664,inactive,2024-03-23
42755,Product_2755_4,clothing,898.4765156685615,107.89591499918123,archived,2024-11-23
42756,Product_2756_4,sports,461.80808896730093,359.24274347299456,inactive,2024-03-20
42757,Product_2757_4,clothing,886.8771088050546,420.9254941748585,inactive,2024-10-11
42758,Product_2758_4,sports,556.8741646160971,165.50865496774207,active,2024-04-05
42759,Product_2759_4,clothing,480.96215357912064,394.06504381941215,inactive,2024-07-16
42760,Product_2760_4,electronics,680.7253480959959,299.54061165878926,pending,2024-08-10
42761,Product_2761_4,sports,466.7619772215646,48.92779364449872,pending,2024-02-26
42762,Product_2762_4,clothing,39.872064626158284,83.39613908580237,active,2024-03-04
42763,Product_2763_4,sports,919.7961373438698,295.1375978208171,archived,2024-04-10
42764,Product_2764_4,electronics,270.43553251926136,299.89597668407305,active,2024-07-17
42765,Product_2765_4,clothing,299.11619113440287,179.4965259366348,inactive,2024-11-10
42766,Product_2766_4,books,331.4719330964758,489.56100490971426,inactive,2024-03-13
42767,Product_2767_4,clothing,591.0414284900014,120.72364049083669,pending,2024-04-26
42768,Product_2768_4,sports,288.7056080276282,43.83935358813099,inactive,2024-11-13
42769,Product_2769_4,clothing,431.18768291669744,241.22423238766385,archived,2024-01-20
42770,Product_2770_4,books,444.76041892492407,147.62283138558993,archived,2024-06-04
42771,Product_2771_4,electronics,401.84942045453084,208.28117906886823,active,2024-08-12
42772,Product_2772_4,sports,748.7668745057065,49.37958070456462,pending,2024-11-18
42773,Product_2773_4,sports,629.7152195746219,350.2925002473823,pending,2024-01-16
42774,Product_2774_4,sports,677.0393656129189,126.69725751187868,active,2024-12-25
42775,Product_2775_4,sports,696.101480407737,246.54835060282593,inactive,2024-11-24
42776,Product_2776_4,electronics,865.2346352691044,393.8929017600847,archived,2024-11-21
42777,Product_2777_4,clothing,276.71520758783663,284.6305276485055,active,2024-12-19
42778,Product_2778_4,books,494.5701136305615,87.47757271702741,pending,2024-04-07
42779,Product_2779_4,clothing,139.07482432473267,353.8041681048747,active,2024-03-22
42780,Product_2780_4,electronics,71.05183129000086,316.43997070332057,archived,2024-05-04
42781,Product_2781_4,electronics,446.5964339317691,432.0433781026347,archived,2024-05-13
42782,Product_2782_4,electronics,806.7711536164901,334.3677867630481,archived,2024-02-05
42783,Product_2783_4,home,458.5038943882389,297.1298855365002,active,2024-06-04
42784,Product_2784_4,sports,171.59858326776902,440.6236517568732,archived,2024-03-11
42785,Product_2785_4,home,39.58211178572015,478.6249389427148,inactive,2024-07-14
42786,Product_2786_4,home,953.9861764326733,197.4382524605235,archived,2024-12-06
42787,Product_2787_4,electronics,121.51111671202914,115.88667112647643,archived,2024-11-09
42788,Product_2788_4,books,700.2046585528605,412.5791330104924,archived,2024-08-18
42789,Product_2789_4,sports,468.8862618423228,64.27692037601273,pending,2024-12-05
42790,Product_2790_4,electronics,83.873032491003,42.286049118391986,inactive,2024-11-02
42791,Product_2791_4,clothing,707.0643199088806,490.9022749724743,active,2024-05-16
42792,Product_2792_4,clothing,30.020544942603813,252.68925293538732,pending,2024-07-22
42793,Product_2793_4,clothing,607.2726631176188,315.33863918861783,inactive,2024-12-16
42794,Product_2794_4,home,947.6421819891174,132.43976905068914,inactive,2024-09-04
42795,Product_2795_4,clothing,665.8781464794363,169.91917730753676,inactive,2024-11-19
42796,Product_2796_4,home,97.61598457357124,481.9601291340607,inactive,2024-08-28
42797,Product_2797_4,sports,460.0667407001365,409.984572519199,archived,2024-03-28
42798,Product_2798_4,home,993.5050399818788,181.7853562413348,pending,2024-01-19
42799,Product_2799_4,sports,229.34503763047778,261.46734474249604,inactive,2024-01-21
42800,Product_2800_4,home,326.90035646773,139.60890652897183,pending,2024-08-12
42801,Product_2801_4,home,501.50685468622,318.43762785491106,inactive,2024-06-27
42802,Product_2802_4,books,722.3542298538928,311.76727240115224,archived,2024-04-04
42803,Product_2803_4,electronics,90.61302580004373,135.3991157007231,pending,2024-10-06
42804,Product_2804_4,electronics,493.85257517054623,99.04934403105383,active,2024-06-11
42805,Product_2805_4,clothing,632.152008584505,259.04204753761326,active,2024-07-05
42806,Product_2806_4,books,866.6643494655974,404.345972754036,inactive,2024-10-12
42807,Product_2807_4,books,911.5834659306263,360.3752010817912,inactive,2024-03-02
42808,Product_2808_4,home,765.03928868991,163.40098720257402,pending,2024-10-02
42809,Product_2809_4,books,722.4578349848246,150.60345760484898,inactive,2024-05-14
42810,Product_2810_4,home,369.9507028838237,384.16810415562753,active,2024-05-25
42811,Product_2811_4,clothing,143.70889654223663,40.74973483634055,inactive,2024-07-28
42812,Product_2812_4,sports,713.1339837303392,257.36282522720273,inactive,2024-11-20
42813,Product_2813_4,books,472.8793650413347,281.15572509351296,pending,2024-01-19
42814,Product_2814_4,books,801.4855212924327,369.8572583079453,inactive,2024-07-13
42815,Product_2815_4,home,693.2499951595039,118.99176510191386,active,2024-07-25
42816,Product_2816_4,electronics,841.1238560071838,495.7742530003752,active,2024-09-10
42817,Product_2817_4,clothing,917.0153159747753,379.60475692242693,pending,2024-01-19
42818,Product_2818_4,books,50.07174774276983,492.50722059289495,active,2024-03-05
42819,Product_2819_4,electronics,370.1724713803573,394.99076891246085,archived,2024-02-28
42820,Product_2820_4,clothing,639.6620748086233,105.34749190426298,archived,2024-04-15
42821,Product_2821_4,home,491.22033989553864,94.52929468612852,pending,2024-03-27
42822,Product_2822_4,books,733.241292800884,17.267025181875038,pending,2024-06-02
42823,Product_2823_4,electronics,91.02981679735127,449.4038319593732,inactive,2024-08-20
42824,Product_2824_4,sports,197.64016611670561,492.36209509610256,pending,2024-11-16
42825,Product_2825_4,clothing,227.70090430415968,116.14398717448495,inactive,2024-03-16
42826,Product_2826_4,clothing,3.4487046258411818,60.07541893716339,active,2024-08-03
42827,Product_2827_4,home,114.98272546499207,307.96241178800926,active,2024-10-23
42828,Product_2828_4,home,152.71951342437853,72.76390080224844,archived,2024-07-16
42829,Product_2829_4,electronics,238.441725444253,449.70386632268395,inactive,2024-06-15
42830,Product_2830_4,sports,5.61772700393081,155.30042476805107,pending,2024-02-01
42831,Product_2831_4,home,553.8985177711465,361.329234663566,archived,2024-08-13
42832,Product_2832_4,clothing,225.3247777027435,349.9017179535504,archived,2024-09-13
42833,Product_2833_4,home,723.7643050265646,128.71360744450993,inactive,2024-12-25
42834,Product_2834_4,electronics,959.7765609544929,284.869199185016,archived,2024-04-04
42835,Product_2835_4,books,376.32594573907926,242.7415664960619,inactive,2024-05-12
42836,Product_2836_4,books,185.65920777605112,44.8009812196185,active,2024-03-04
42837,Product_2837_4,sports,109.4606999680614,418.4595290506079,inactive,2024-05-11
42838,Product_2838_4,sports,582.6953742956695,150.451107356929,active,2024-06-24
42839,Product_2839_4,home,842.363271225006,232.1773063406621,archived,2024-08-12
42840,Product_2840_4,sports,192.85445831700824,37.033464901639576,active,2024-06-20
42841,Product_2841_4,clothing,24.281818846217615,143.69616020128984,inactive,2024-10-14
42842,Product_2842_4,clothing,417.95326879400534,423.9593701911658,pending,2024-09-02
42843,Product_2843_4,clothing,565.1766792219512,167.6546895361657,archived,2024-03-19
42844,Product_2844_4,books,543.1269649980871,109.49969529166954,archived,2024-12-23
42845,Product_2845_4,electronics,870.0213251131427,497.36950230742394,pending,2024-01-09
42846,Product_2846_4,electronics,886.6924991347288,433.4646963434706,active,2024-01-04
42847,Product_2847_4,books,789.7624185509535,363.0263375853703,inactive,2024-10-27
42848,Product_2848_4,sports,750.2541620264657,469.1130046242074,inactive,2024-08-27
42849,Product_2849_4,clothing,727.3406154479346,310.33760709630917,pending,2024-02-08
42850,Product_2850_4,books,106.86489821463917,112.48041592394215,active,2024-09-20
42851,Product_2851_4,clothing,995.5727784907027,110.96437823031893,archived,2024-05-27
42852,Product_2852_4,home,255.2726400961613,244.46512970155464,active,2024-02-04
42853,Product_2853_4,home,57.255225543919785,207.76437228324772,pending,2024-06-17
42854,Product_2854_4,books,994.2692046842469,69.94047104656178,archived,2024-09-04
42855,Product_2855_4,electronics,450.8409108161272,53.409076485056005,inactive,2024-10-13
42856,Product_2856_4,sports,601.1049744140125,471.5960737515815,inactive,2024-05-28
42857,Product_2857_4,books,91.69773293048345,479.7466813132762,inactive,2024-10-19
42858,Product_2858_4,electronics,354.3998929742904,328.3986676202299,active,2024-09-28
42859,Product_2859_4,electronics,106.71186549282127,363.67034983297435,inactive,2024-03-03
42860,Product_2860_4,home,230.3668914648557,431.1065631253775,pending,2024-03-17
42861,Product_2861_4,home,770.8241521325457,37.641860953127065,archived,2024-05-14
42862,Product_2862_4,sports,597.826829479786,332.67369402833054,inactive,2024-05-25
42863,Product_2863_4,home,963.0799317803484,264.0436408329196,pending,2024-02-08
42864,Product_2864_4,books,280.92597439869,204.48381387865726,archived,2024-02-06
42865,Product_2865_4,books,686.4867751233434,221.93484817114253,pending,2024-11-09
42866,Product_2866_4,sports,938.3267988001007,111.55024212905143,archived,2024-01-14
42867,Product_2867_4,sports,458.5506606118518,192.66984976954544,inactive,2024-04-05
42868,Product_2868_4,clothing,711.4731087831663,291.8453060480502,active,2024-01-18
42869,Product_2869_4,home,271.2949308972951,201.69474498234948,archived,2024-06-15
42870,Product_2870_4,sports,958.3546677932201,144.76835424628396,active,2024-03-21
42871,Product_2871_4,sports,667.9187388638251,115.74948312430887,pending,2024-06-13
42872,Product_2872_4,clothing,434.2100753930318,390.9874176364557,pending,2024-07-07
42873,Product_2873_4,books,336.39018116359995,45.370182113493485,active,2024-08-24
42874,Product_2874_4,electronics,960.8463730039367,174.8113325868229,active,2024-04-16
42875,Product_2875_4,home,104.90242759310348,473.55218201165826,active,2024-12-18
42876,Product_2876_4,clothing,346.0689352337954,125.97227854826977,archived,2024-06-05
42877,Product_2877_4,sports,507.03655205207554,221.68199044656822,archived,2024-11-09
42878,Product_2878_4,books,221.7600050105781,400.6383410062173,inactive,2024-03-27
42879,Product_2879_4,sports,579.1244354075601,355.2266573695901,active,2024-03-15
42880,Product_2880_4,sports,831.4811198288955,452.7262739110406,pending,2024-01-05
42881,Product_2881_4,home,25.537444842725083,385.51178044882727,archived,2024-11-09
42882,Product_2882_4,clothing,319.70027966974646,395.8117280702364,archived,2024-05-26
42883,Product_2883_4,clothing,196.0038065750315,123.64654223253993,active,2024-04-16
42884,Product_2884_4,electronics,450.2738106329532,234.99170802429268,active,2024-12-19
42885,Product_2885_4,electronics,919.7538674955445,244.9102466442171,active,2024-06-06
42886,Product_2886_4,home,156.1212991263474,378.5975748513037,archived,2024-10-24
42887,Product_2887_4,books,842.2059241809874,307.71987273919643,pending,2024-08-12
42888,Product_2888_4,home,523.392361382043,215.17774952579873,archived,2024-02-07
42889,Product_2889_4,clothing,16.73017729246301,180.35515023696766,active,2024-04-02
42890,Product_2890_4,clothing,168.6705178815637,153.63681397268655,archived,2024-02-11
42891,Product_2891_4,electronics,784.0560290922264,133.8922169715523,active,2024-01-25
42892,Product_2892_4,electronics,987.342902223611,82.43674832583811,archived,2024-02-15
42893,Product_2893_4,sports,814.2066941164528,79.72317644991844,archived,2024-05-12
42894,Product_2894_4,clothing,393.50629457265205,92.29091609291403,archived,2024-01-19
42895,Product_2895_4,home,716.8108037244374,282.0103239716609,archived,2024-05-16
42896,Product_2896_4,books,24.754095815911224,414.84898321323914,active,2024-07-26
42897,Product_2897_4,books,307.86094940590334,303.0292692900303,active,2024-05-09
42898,Product_2898_4,sports,951.8101432152573,203.74408750225967,active,2024-10-19
42899,Product_2899_4,sports,437.5757326779436,63.762485206239596,inactive,2024-12-22
42900,Product_2900_4,electronics,237.56868582485373,296.93349636797967,inactive,2024-06-22
42901,Product_2901_4,sports,384.5815372977533,114.18297699383074,active,2024-02-02
42902,Product_2902_4,clothing,879.9071609390329,447.84445863892563,archived,2024-02-14
42903,Product_2903_4,clothing,816.6832331790854,221.29118440747425,pending,2024-11-24
42904,Product_2904_4,home,814.417925521306,298.7036080448461,pending,2024-12-24
42905,Product_2905_4,sports,649.2341960090304,359.086083808716,active,2024-09-21
42906,Product_2906_4,sports,755.9166663093278,254.4534201034667,active,2024-02-17
42907,Product_2907_4,electronics,669.2474769018224,348.57316158494274,pending,2024-02-19
42908,Product_2908_4,clothing,394.68851693746143,276.66996676424077,inactive,2024-08-08
42909,Product_2909_4,books,621.4062692863806,426.84767255036604,active,2024-01-25
42910,Product_2910_4,electronics,811.5551092187587,18.11416577865439,active,2024-11-25
42911,Product_2911_4,sports,544.4280696305407,465.98242281772315,pending,2024-08-01
42912,Product_2912_4,books,742.5749645551679,148.3661958463153,active,2024-03-03
42913,Product_2913_4,home,186.89838866164592,30.27816474480809,pending,2024-09-01
42914,Product_2914_4,clothing,616.5993825897342,56.82573605170657,active,2024-12-18
42915,Product_2915_4,sports,364.1513078740925,291.6287322094683,active,2024-09-17
42916,Product_2916_4,books,609.1369346699902,316.66860290468236,archived,2024-09-01
42917,Product_2917_4,electronics,633.9126879351949,105.69882271923451,pending,2024-03-13
42918,Product_2918_4,clothing,134.1711731051526,51.551982352200866,active,2024-03-12
42919,Product_2919_4,sports,987.1112291175094,293.0214805136492,pending,2024-07-20
42920,Product_2920_4,home,239.46587575276416,102.67386711211856,active,2024-08-08
42921,Product_2921_4,sports,91.89883813536788,422.9650638450331,inactive,2024-05-02
42922,Product_2922_4,electronics,676.2530147724051,14.47031111693707,archived,2024-10-02
42923,Product_2923_4,clothing,226.7589099630618,50.909340486243934,archived,2024-03-26
42924,Product_2924_4,home,390.6873142224517,51.64957866561431,pending,2024-07-15
42925,Product_2925_4,sports,894.5250675451601,253.05750735627774,archived,2024-05-13
42926,Product_2926_4,books,706.3337993747219,424.41167971420305,active,2024-10-15
42927,Product_2927_4,books,816.0252155974456,302.7004699209262,pending,2024-10-08
42928,Product_2928_4,electronics,775.7128699883932,84.99649087724126,pending,2024-04-11
42929,Product_2929_4,sports,189.63195345621207,428.5902349488523,pending,2024-10-06
42930,Product_2930_4,home,690.5156488988744,93.20968714859988,pending,2024-12-28
42931,Product_2931_4,sports,476.08301290757396,271.3199013377991,active,2024-10-19
42932,Product_2932_4,sports,112.43040034147171,367.54164688600105,archived,2024-01-05
42933,Product_2933_4,electronics,459.25691811052155,187.66801870808064,active,2024-04-08
42934,Product_2934_4,home,393.3170574361609,325.2870288193006,pending,2024-07-24
42935,Product_2935_4,home,98.64118704336464,133.06506487001124,inactive,2024-12-13
42936,Product_2936_4,clothing,577.089426190731,403.20754258806426,active,2024-05-20
42937,Product_2937_4,home,602.5583697718326,26.355634641168354,active,2024-03-19
42938,Product_2938_4,home,938.6352728963531,221.11695573685722,pending,2024-09-16
42939,Product_2939_4,books,389.1080273410173,459.760624206837,archived,2024-08-10
42940,Product_2940_4,electronics,589.3925202232914,307.63849342085024,active,2024-07-16
42941,Product_2941_4,home,44.181589691863906,236.34565317867492,pending,2024-12-27
42942,Product_2942_4,sports,724.7466195077467,299.38990538480357,archived,2024-10-19
42943,Product_2943_4,clothing,161.13529970615997,261.2109987425172,active,2024-05-05
42944,Product_2944_4,home,161.70004574209068,80.67345091466262,inactive,2024-06-13
42945,Product_2945_4,electronics,140.9235293092728,449.66871668367565,inactive,2024-02-23
42946,Product_2946_4,books,254.17757933579,19.973978988143294,archived,2024-09-17
42947,Product_2947_4,clothing,883.97092887963,117.5662742457267,archived,2024-10-02
42948,Product_2948_4,clothing,528.1273716376304,22.843818624438303,inactive,2024-09-14
42949,Product_2949_4,electronics,720.425338010756,117.15863824882312,inactive,2024-08-09
42950,Product_2950_4,electronics,192.88831013843722,171.6252173310899,archived,2024-02-03
42951,Product_2951_4,sports,262.8028823777054,75.88773258823508,active,2024-11-22
42952,Product_2952_4,clothing,336.8617336221193,219.48159047938952,inactive,2024-02-11
42953,Product_2953_4,sports,557.7074963651702,488.6879111993869,inactive,2024-07-28
42954,Product_2954_4,sports,968.0241043358525,221.62920089112106,inactive,2024-12-14
42955,Product_2955_4,books,8.493324770138884,28.211397701891897,pending,2024-12-23
42956,Product_2956_4,home,984.5247287950222,191.61669029910055,pending,2024-05-24
42957,Product_2957_4,electronics,956.1014611276419,238.3675980823775,archived,2024-08-14
42958,Product_2958_4,sports,241.04438092768672,474.22155546739754,active,2024-04-15
42959,Product_2959_4,clothing,554.381986510588,323.2824456249761,inactive,2024-12-09
42960,Product_2960_4,home,631.5624108749564,429.3820248191046,pending,2024-07-07
42961,Product_2961_4,electronics,917.9172737867237,345.6555905508796,archived,2024-01-26
42962,Product_2962_4,electronics,568.25586202858,136.25033416034356,pending,2024-06-15
42963,Product_2963_4,clothing,940.0520894676611,355.3096386282524,pending,2024-03-24
42964,Product_2964_4,electronics,341.66165470054847,55.05352791952962,inactive,2024-12-06
42965,Product_2965_4,clothing,797.0554151819275,128.43376555382576,archived,2024-07-11
42966,Product_2966_4,electronics,924.5114701375333,390.95948499817575,inactive,2024-07-07
42967,Product_2967_4,home,35.541400474129944,174.03998217246942,inactive,2024-10-21
42968,Product_2968_4,home,855.2464340814149,452.8625097802445,archived,2024-11-08
42969,Product_2969_4,books,570.0755517989704,285.60509566343154,pending,2024-12-21
42970,Product_2970_4,clothing,422.1667481074871,307.7269100146279,inactive,2024-12-25
42971,Product_2971_4,books,408.6021739206998,396.94897352058183,active,2024-04-06
42972,Product_2972_4,sports,653.7612266253539,381.6966115402335,archived,2024-12-11
42973,Product_2973_4,sports,854.0250049858561,11.83372256450626,pending,2024-03-04
42974,Product_2974_4,books,408.1207856329131,447.20908608420314,inactive,2024-06-18
42975,Product_2975_4,clothing,369.18596398750947,414.4754010261974,archived,2024-11-16
42976,Product_2976_4,clothing,698.0907041440806,19.112671692412192,active,2024-02-20
42977,Product_2977_4,books,807.5325973466897,293.9311497150403,inactive,2024-12-17
42978,Product_2978_4,clothing,18.397063761389088,465.7093957616649,pending,2024-12-09
42979,Product_2979_4,clothing,930.6370613674864,60.13631327021205,inactive,2024-12-03
42980,Product_2980_4,books,807.3006501624652,285.26184852622873,active,2024-10-26
42981,Product_2981_4,home,778.2149699047966,398.3729510363636,pending,2024-01-10
42982,Product_2982_4,books,581.9162862804088,159.382490112329,inactive,2024-02-05
42983,Product_2983_4,home,624.1616621762511,377.6298876045019,pending,2024-06-03
42984,Product_2984_4,books,566.5009054174931,464.4765620179783,pending,2024-10-05
42985,Product_2985_4,clothing,393.57913963937955,99.95926362339053,archived,2024-08-15
42986,Product_2986_4,home,937.3617679762444,304.71515492133943,archived,2024-06-11
42987,Product_2987_4,clothing,991.138930101012,299.80693531867615,active,2024-06-27
42988,Product_2988_4,sports,823.5952442003961,200.70061317524033,pending,2024-05-03
42989,Product_2989_4,clothing,798.0536492890715,397.06404986587444,inactive,2024-07-24
42990,Product_2990_4,books,459.90495148349896,373.26087417266626,pending,2024-04-26
42991,Product_2991_4,clothing,363.9427047892547,233.43175552135148,active,2024-07-16
42992,Product_2992_4,electronics,919.9302547454688,246.17060966436665,pending,2024-09-13
42993,Product_2993_4,sports,227.61410400799377,474.60680677941286,pending,2024-02-04
42994,Product_2994_4,home,566.6974100607449,18.457825244811463,pending,2024-03-01
42995,Product_2995_4,electronics,738.3828184210525,465.4242613062584,inactive,2024-08-03
42996,Product_2996_4,books,502.74112043375175,217.6166287183031,archived,2024-10-08
42997,Product_2997_4,books,404.73848054403055,473.375457084856,archived,2024-10-24
42998,Product_2998_4,sports,322.3774431615019,332.3812095776747,inactive,2024-08-09
42999,Product_2999_4,electronics,376.6184758086961,434.48730964815303,active,2024-04-03
43000,Product_3000_4,electronics,504.86321571082135,215.26315008811653,pending,2024-09-19
43001,Product_3001_4,books,617.0893158048032,164.84828706728467,active,2024-05-17
43002,Product_3002_4,home,433.9203808757983,252.99592749427507,inactive,2024-07-12
43003,Product_3003_4,home,683.4881328813183,350.42690984056685,pending,2024-03-11
43004,Product_3004_4,sports,407.5555676613504,237.03369363722743,active,2024-04-08
43005,Product_3005_4,sports,13.788064997391984,137.2802022823385,active,2024-02-19
43006,Product_3006_4,home,344.98232392799446,13.58579275662365,inactive,2024-08-27
43007,Product_3007_4,sports,821.0408142081493,394.3594974034798,pending,2024-12-07
43008,Product_3008_4,sports,935.2791970044061,17.890305627948422,inactive,2024-07-28
43009,Product_3009_4,clothing,552.0615732901388,196.25136984915216,active,2024-01-13
43010,Product_3010_4,books,29.187078355976425,447.3191830671942,active,2024-05-10
43011,Product_3011_4,electronics,13.025583145217597,13.26528025303132,active,2024-02-06
43012,Product_3012_4,electronics,296.1314730975569,94.57243030963596,inactive,2024-03-12
43013,Product_3013_4,books,360.460349033919,133.85994195756004,active,2024-12-13
43014,Product_3014_4,electronics,618.9096045673809,17.049580088482408,inactive,2024-10-02
43015,Product_3015_4,books,912.2442497143531,83.6345578965395,pending,2024-12-26
43016,Product_3016_4,books,251.95296025795577,492.0692213617993,archived,2024-11-17
43017,Product_3017_4,electronics,893.4037892124879,52.845338807178614,active,2024-02-20
43018,Product_3018_4,home,670.6881015631033,322.2398716553669,active,2024-09-19
43019,Product_3019_4,home,805.3629067661652,177.2614337716873,pending,2024-02-02
43020,Product_3020_4,sports,391.11147550640607,477.6170212778697,inactive,2024-02-02
43021,Product_3021_4,electronics,524.5124922571907,289.2498451696804,inactive,2024-09-22
43022,Product_3022_4,books,971.086154587787,370.115051267016,pending,2024-05-08
43023,Product_3023_4,sports,182.5662718618634,489.7429121667162,archived,2024-03-22
43024,Product_3024_4,clothing,237.66825556763894,34.40343876461243,pending,2024-01-09
43025,Product_3025_4,clothing,28.179044392087793,74.06129563784383,pending,2024-11-28
43026,Product_3026_4,books,690.3336063558842,65.40674867929508,pending,2024-11-18
43027,Product_3027_4,clothing,747.6862635778742,31.2379090312704,inactive,2024-08-16
43028,Product_3028_4,home,475.35075517102484,196.77277040514622,inactive,2024-07-26
43029,Product_3029_4,home,324.150781752916,167.7573841918777,active,2024-06-06
43030,Product_3030_4,books,100.49871150798978,275.1418923616599,pending,2024-08-27
43031,Product_3031_4,home,848.762744272809,173.9693501478819,active,2024-04-04
43032,Product_3032_4,home,446.50700485465376,262.07893646274204,archived,2024-07-14
43033,Product_3033_4,electronics,14.411930951070467,192.47108627113928,archived,2024-05-15
43034,Product_3034_4,books,921.6660938473435,364.48137744439276,inactive,2024-08-20
43035,Product_3035_4,sports,990.1598729841411,104.14546279796052,pending,2024-10-18
43036,Product_3036_4,home,608.1640527681366,318.68527783803825,active,2024-08-18
43037,Product_3037_4,electronics,295.2377194066176,113.70846455750777,active,2024-03-05
43038,Product_3038_4,home,254.37253458359473,222.71463821261366,active,2024-02-15
43039,Product_3039_4,home,701.8004618445824,189.51587699466754,pending,2024-01-05
43040,Product_3040_4,electronics,958.060516295455,115.47973214448942,archived,2024-07-21
43041,Product_3041_4,books,383.6121841447431,81.26189070168178,active,2024-04-10
43042,Product_3042_4,home,415.3763067115575,372.92806505186104,archived,2024-11-02
43043,Product_3043_4,clothing,809.3910044811959,31.591966909537657,inactive,2024-03-11
43044,Product_3044_4,electronics,531.6590893989699,237.6098924617066,active,2024-08-03
43045,Product_3045_4,books,676.0015808148934,273.3985319311035,active,2024-02-07
43046,Product_3046_4,books,834.3902897435677,247.1566019649325,pending,2024-05-04
43047,Product_3047_4,home,390.85486015179873,239.82137337027717,inactive,2024-11-19
43048,Product_3048_4,clothing,415.2978674344654,448.28652745994447,active,2024-09-06
43049,Product_3049_4,books,430.48767688737274,85.94758546869645,archived,2024-06-10
43050,Product_3050_4,electronics,140.16350927884017,202.72702963862176,active,2024-06-26
43051,Product_3051_4,electronics,647.5718697918127,464.2280736972143,active,2024-09-28
43052,Product_3052_4,home,85.94229471282854,143.00891963293205,inactive,2024-06-02
43053,Product_3053_4,home,348.82829229713326,303.1005610945116,active,2024-02-06
43054,Product_3054_4,sports,2.030845058196494,64.95600529864797,inactive,2024-06-16
43055,Product_3055_4,books,759.1687055565521,156.57719363481294,inactive,2024-11-07
43056,Product_3056_4,books,418.7314238103567,74.06890693689589,active,2024-06-18
43057,Product_3057_4,electronics,256.3550157354273,438.82389448699973,pending,2024-07-15
43058,Product_3058_4,clothing,199.877989754869,95.96153544395989,active,2024-07-27
43059,Product_3059_4,home,697.8707937140331,216.54155092893922,active,2024-12-27
43060,Product_3060_4,sports,851.5698509505531,144.3943441768347,archived,2024-09-02
43061,Product_3061_4,home,480.27288084303734,175.09160585964923,inactive,2024-08-17
43062,Product_3062_4,electronics,426.8999538608157,134.40912907238288,inactive,2024-12-23
43063,Product_3063_4,home,611.6220293167839,72.90746855797448,active,2024-11-22
43064,Product_3064_4,home,353.53364537687014,411.9195976929783,inactive,2024-03-06
43065,Product_3065_4,clothing,545.3401453358721,406.1701090109409,pending,2024-01-09
43066,Product_3066_4,sports,244.72212837922874,205.16990432987504,inactive,2024-08-14
43067,Product_3067_4,sports,955.6479389105822,439.46382479939473,archived,2024-11-18
43068,Product_3068_4,electronics,246.35764050586843,340.3233079098311,pending,2024-11-20
43069,Product_3069_4,sports,452.5616095657464,18.230738426125143,archived,2024-05-04
43070,Product_3070_4,books,704.363914144258,444.5186473531057,inactive,2024-12-12
43071,Product_3071_4,clothing,343.24499891628454,268.4572417894611,archived,2024-04-15
43072,Product_3072_4,electronics,148.64447587055648,495.1249458558572,active,2024-11-23
43073,Product_3073_4,electronics,152.7073247441421,80.67823228110714,inactive,2024-10-13
43074,Product_3074_4,clothing,889.8055024993196,205.65665341114547,archived,2024-10-17
43075,Product_3075_4,electronics,199.0126201895468,263.9836658278124,archived,2024-05-05
43076,Product_3076_4,clothing,649.5848261706288,47.018812090578976,pending,2024-11-21
43077,Product_3077_4,books,318.81763286647515,142.49362115675854,active,2024-12-06
43078,Product_3078_4,sports,868.9614556510605,344.32226495872317,pending,2024-07-15
43079,Product_3079_4,clothing,390.8423561930558,59.13808164036878,pending,2024-12-26
43080,Product_3080_4,sports,196.69699098804114,23.272349947966354,inactive,2024-12-08
43081,Product_3081_4,clothing,770.6415115482765,381.1190501967718,active,2024-09-04
43082,Product_3082_4,home,805.9164994649512,423.8684263892589,pending,2024-11-06
43083,Product_3083_4,sports,247.90604077480734,85.2653571953937,active,2024-11-21
43084,Product_3084_4,electronics,631.7775541387074,483.51802829902243,archived,2024-12-01
43085,Product_3085_4,electronics,354.2890029605808,200.68937939137945,archived,2024-08-07
43086,Product_3086_4,home,622.3262712536899,121.14880109479988,pending,2024-05-17
43087,Product_3087_4,home,428.07772696214187,349.1113541461476,inactive,2024-02-08
43088,Product_3088_4,home,127.20622600539092,410.51568532474903,inactive,2024-08-11
43089,Product_3089_4,clothing,592.8431313583264,412.00480932699753,pending,2024-05-02
43090,Product_3090_4,clothing,110.18165038083617,290.01261409623544,pending,2024-08-27
43091,Product_3091_4,home,308.1544092385026,338.3668246352964,active,2024-06-23
43092,Product_3092_4,books,169.71046693497698,148.69802032021983,pending,2024-06-08
43093,Product_3093_4,clothing,867.6291278814456,303.7165304722694,pending,2024-06-12
43094,Product_3094_4,electronics,260.01295396406533,433.0338217604781,pending,2024-10-16
43095,Product_3095_4,sports,823.7234214384961,319.3964763277074,pending,2024-07-27
43096,Product_3096_4,clothing,957.235819634833,440.3208854751703,archived,2024-04-08
43097,Product_3097_4,electronics,721.7724506584747,196.35256185483067,active,2024-01-19
43098,Product_3098_4,electronics,67.05333918079215,316.1505603119386,inactive,2024-03-16
43099,Product_3099_4,sports,411.5754006414004,22.011787393503724,active,2024-07-28
43100,Product_3100_4,books,152.04460029216094,244.20139622427018,pending,2024-05-18
43101,Product_3101_4,clothing,662.9961260307396,92.45216639870956,active,2024-09-19
43102,Product_3102_4,sports,324.1195009452474,216.3804606129932,inactive,2024-08-08
43103,Product_3103_4,books,482.94352902442955,348.0748651929718,archived,2024-08-24
43104,Product_3104_4,clothing,328.80633222921483,381.8637635356531,pending,2024-04-04
43105,Product_3105_4,home,868.8733032046639,398.0099159001378,active,2024-09-25
43106,Product_3106_4,books,272.40822657879767,103.58198248365944,inactive,2024-04-01
43107,Product_3107_4,sports,459.6573429844084,445.9673359621218,active,2024-07-01
43108,Product_3108_4,home,341.8140513966807,358.10777841696597,inactive,2024-11-17
43109,Product_3109_4,sports,781.028870430301,122.06347607956498,active,2024-07-08
43110,Product_3110_4,books,835.4770386703306,416.40268877112834,inactive,2024-02-20
43111,Product_3111_4,home,945.320672517957,345.9458008366685,pending,2024-05-05
43112,Product_3112_4,sports,716.4570364915578,101.0794790487177,pending,2024-10-12
43113,Product_3113_4,books,562.5127217398914,271.67897677469904,inactive,2024-07-23
43114,Product_3114_4,home,117.69794647974435,311.10010437711634,pending,2024-11-22
43115,Product_3115_4,sports,240.25636138358163,312.90201024952074,pending,2024-11-27
43116,Product_3116_4,sports,520.4074893249123,493.5132907899964,active,2024-04-15
43117,Product_3117_4,electronics,141.83496475766526,394.7377349152036,active,2024-05-19
43118,Product_3118_4,clothing,774.2833306538608,144.98960182198118,inactive,2024-04-23
43119,Product_3119_4,books,598.896536616233,76.18062421368843,active,2024-02-28
43120,Product_3120_4,clothing,428.35684504665005,452.4123297254747,pending,2024-12-28
43121,Product_3121_4,electronics,52.265029979913365,15.769595558823069,active,2024-08-28
43122,Product_3122_4,electronics,960.6036183364746,245.22057073450566,archived,2024-11-14
43123,Product_3123_4,books,341.5267319151168,42.05036637435773,pending,2024-05-12
43124,Product_3124_4,books,782.858473338564,10.414630852824775,active,2024-01-06
43125,Product_3125_4,home,980.2524010746037,382.43636971964133,active,2024-11-04
43126,Product_3126_4,sports,379.74583639072114,222.52170728928184,pending,2024-10-15
43127,Product_3127_4,home,822.0840787122193,86.16275120663114,pending,2024-07-06
43128,Product_3128_4,clothing,52.910621130722745,486.6839869228763,inactive,2024-06-17
43129,Product_3129_4,clothing,883.1520180467652,275.3287102478246,archived,2024-05-10
43130,Product_3130_4,books,755.3387799459041,459.34921187972026,archived,2024-07-15
43131,Product_3131_4,clothing,997.1600208447722,321.8799750059339,inactive,2024-10-07
43132,Product_3132_4,clothing,380.7513852441963,21.40317439002022,archived,2024-03-02
43133,Product_3133_4,electronics,98.49518084673089,311.7846887030445,active,2024-03-14
43134,Product_3134_4,home,832.0470635290603,292.9298731570784,pending,2024-02-27
43135,Product_3135_4,home,120.04177613573425,248.66627875378197,inactive,2024-05-12
43136,Product_3136_4,books,125.6527404580411,63.95027348644612,active,2024-03-09
43137,Product_3137_4,home,985.041051672754,86.31134331734782,active,2024-10-25
43138,Product_3138_4,home,563.3171951923024,468.56544381301484,pending,2024-05-13
43139,Product_3139_4,sports,344.22674662783925,322.91620582527764,active,2024-09-28
43140,Product_3140_4,clothing,724.1780332179424,384.512705315679,pending,2024-09-06
43141,Product_3141_4,electronics,340.25822570483405,396.7468752525594,archived,2024-02-20
43142,Product_3142_4,clothing,582.1215224937345,25.22380396762709,inactive,2024-08-05
43143,Product_3143_4,sports,161.0068425563717,395.7867354522816,pending,2024-10-24
43144,Product_3144_4,electronics,421.1248555630314,128.1909915799286,pending,2024-10-23
43145,Product_3145_4,sports,532.9365693837019,145.824421534379,pending,2024-11-27
43146,Product_3146_4,clothing,812.7062166165101,369.8724811712171,inactive,2024-06-20
43147,Product_3147_4,books,467.77567522076004,308.9910400178753,inactive,2024-03-03
43148,Product_3148_4,electronics,593.8809633871011,422.5331083350481,active,2024-11-18
43149,Product_3149_4,books,726.6852484511886,256.23033500485496,pending,2024-11-27
43150,Product_3150_4,clothing,582.9107176743635,407.75957812106793,archived,2024-09-26
43151,Product_3151_4,books,957.6245921979943,214.93356098953595,pending,2024-01-13
43152,Product_3152_4,electronics,195.8591908339481,140.7589322574877,pending,2024-07-03
43153,Product_3153_4,sports,388.897238980153,34.885588755644214,active,2024-02-15
43154,Product_3154_4,sports,786.7747088237219,165.4719675067336,archived,2024-08-07
43155,Product_3155_4,books,106.47344224201551,91.69949994624959,archived,2024-02-03
43156,Product_3156_4,clothing,336.064890616481,452.9003092879294,active,2024-05-09
43157,Product_3157_4,clothing,906.9243992743326,475.83034441093804,pending,2024-02-13
43158,Product_3158_4,home,807.6802073150925,126.52419048794859,inactive,2024-12-05
43159,Product_3159_4,clothing,758.7627510001857,340.108024486611,inactive,2024-02-01
43160,Product_3160_4,books,962.215630110921,100.66984581188514,inactive,2024-11-21
43161,Product_3161_4,home,798.6339857686916,467.27344420390574,active,2024-03-14
43162,Product_3162_4,home,186.6902109196729,339.37792572000905,archived,2024-10-08
43163,Product_3163_4,sports,723.9416457897554,374.2488043224975,inactive,2024-04-06
43164,Product_3164_4,electronics,138.19864638977646,271.8545705737954,pending,2024-01-03
43165,Product_3165_4,home,302.54092943544066,137.27616548313125,inactive,2024-04-17
43166,Product_3166_4,electronics,729.6404249452503,33.81932716125051,archived,2024-11-12
43167,Product_3167_4,sports,899.5019711354249,217.91759766734842,pending,2024-07-21
43168,Product_3168_4,clothing,65.22668894596073,38.76478724966283,pending,2024-07-14
43169,Product_3169_4,electronics,344.1055093636215,305.1537695309891,active,2024-05-26
43170,Product_3170_4,books,587.1401148086912,331.4146571715474,inactive,2024-06-04
43171,Product_3171_4,electronics,332.48347122595794,155.2659412356932,pending,2024-12-11
43172,Product_3172_4,books,612.7311183938796,399.57686849547747,active,2024-04-05
43173,Product_3173_4,books,870.493367959894,395.6825309705299,active,2024-06-04
43174,Product_3174_4,sports,255.5647726710481,411.9090152695001,pending,2024-07-07
43175,Product_3175_4,clothing,190.99710653975498,118.88329800385776,pending,2024-06-12
43176,Product_3176_4,electronics,399.6539795764732,417.5235288649358,archived,2024-03-02
43177,Product_3177_4,clothing,321.3164301494535,93.77492293116858,active,2024-11-23
43178,Product_3178_4,sports,902.7336092865531,465.3955839704537,active,2024-10-07
43179,Product_3179_4,home,422.0956381325599,135.82696959366427,inactive,2024-08-24
43180,Product_3180_4,books,741.7096019563013,255.45652540767827,inactive,2024-08-25
43181,Product_3181_4,sports,694.345089767245,450.17888266929674,inactive,2024-08-13
43182,Product_3182_4,sports,365.860291402972,64.79871671842025,archived,2024-12-06
43183,Product_3183_4,books,366.9742509158924,369.2850066852893,pending,2024-06-12
43184,Product_3184_4,books,84.73809562898204,181.2433653439954,inactive,2024-05-28
43185,Product_3185_4,clothing,600.6954569322468,254.63081715232988,pending,2024-05-06
43186,Product_3186_4,books,231.49742713199944,214.89286777841755,pending,2024-06-05
43187,Product_3187_4,sports,387.89736192768703,227.77076996654628,archived,2024-07-01
43188,Product_3188_4,clothing,294.1294391061685,17.97427204181688,active,2024-11-22
43189,Product_3189_4,home,591.6271686093015,382.36806047423613,pending,2024-01-13
43190,Product_3190_4,clothing,724.8138105871863,226.67499016184846,archived,2024-09-03
43191,Product_3191_4,home,392.14427178022055,11.674285220089255,archived,2024-12-04
43192,Product_3192_4,sports,583.086849648017,97.48054322375769,archived,2024-06-07
43193,Product_3193_4,books,338.387632065221,108.49165061282957,pending,2024-09-13
43194,Product_3194_4,electronics,75.89821335675158,265.32725372856567,archived,2024-10-07
43195,Product_3195_4,books,269.5295567801758,12.70217039899423,pending,2024-10-04
43196,Product_3196_4,sports,877.2222507847757,33.881080719994436,pending,2024-06-05
43197,Product_3197_4,books,702.4920220612207,168.52032703555332,inactive,2024-08-12
43198,Product_3198_4,home,334.7564478659475,46.68598310523656,archived,2024-02-10
43199,Product_3199_4,sports,70.91022047044854,197.03482846437825,inactive,2024-03-06
43200,Product_3200_4,clothing,172.39323905288848,195.8816882676288,active,2024-05-15
43201,Product_3201_4,books,415.19874241730093,230.06663462380894,active,2024-08-14
43202,Product_3202_4,electronics,745.8563026519922,293.8445193251129,active,2024-12-13
43203,Product_3203_4,electronics,173.48223222403516,379.8761956497664,inactive,2024-04-26
43204,Product_3204_4,sports,449.280381760108,390.5633749042188,active,2024-12-04
43205,Product_3205_4,electronics,490.1962069390067,474.0576682105106,pending,2024-10-14
43206,Product_3206_4,electronics,729.1691049911591,420.9126221305909,pending,2024-07-08
43207,Product_3207_4,electronics,483.4014434272352,118.62891201261125,pending,2024-04-03
43208,Product_3208_4,electronics,355.7368162238856,247.6176382470978,inactive,2024-01-17
43209,Product_3209_4,home,368.757970109301,420.6166450234382,archived,2024-02-07
43210,Product_3210_4,sports,980.5365541243764,50.63217042415121,active,2024-03-23
43211,Product_3211_4,home,408.8715773047289,177.65055778564096,active,2024-01-09
43212,Product_3212_4,home,569.7617289162647,195.5731890521881,pending,2024-06-03
43213,Product_3213_4,books,867.1670829769189,263.41162750701665,inactive,2024-08-24
43214,Product_3214_4,books,591.5972021034661,406.4199146421582,pending,2024-11-05
43215,Product_3215_4,clothing,717.0902136650911,414.81998941969056,archived,2024-01-09
43216,Product_3216_4,clothing,7.9069785699429636,401.8559271847052,pending,2024-06-07
43217,Product_3217_4,clothing,711.4162320818085,389.20536795283095,pending,2024-02-20
43218,Product_3218_4,electronics,138.1975883238797,213.78621716362724,pending,2024-07-02
43219,Product_3219_4,books,817.2826864325123,393.0053479698775,pending,2024-04-08
43220,Product_3220_4,electronics,796.5894278774908,448.67323641943705,pending,2024-03-01
43221,Product_3221_4,sports,555.5227946023496,300.42445524103465,active,2024-12-21
43222,Product_3222_4,sports,569.8121526563931,397.8876782521743,archived,2024-11-07
43223,Product_3223_4,home,313.16892314100284,154.78800309482193,inactive,2024-05-15
43224,Product_3224_4,sports,102.69385205316826,387.74851302554885,inactive,2024-06-18
43225,Product_3225_4,sports,549.1421590921755,175.9112110086561,active,2024-09-09
43226,Product_3226_4,sports,552.039126813865,489.002689671036,active,2024-04-27
43227,Product_3227_4,home,901.4817043662508,189.43337448033404,pending,2024-03-08
43228,Product_3228_4,books,135.552820030681,163.29281976461735,active,2024-10-07
43229,Product_3229_4,books,555.2867706462157,306.7192544633165,archived,2024-06-09
43230,Product_3230_4,electronics,349.80521307286386,23.54724476425463,active,2024-07-04
43231,Product_3231_4,books,348.48461150398526,329.1867295207646,archived,2024-08-14
43232,Product_3232_4,home,874.3550518261118,313.29437159373595,archived,2024-03-04
43233,Product_3233_4,home,230.30748432718062,70.47214858604747,active,2024-09-15
43234,Product_3234_4,books,854.4797461908029,464.6260677692752,inactive,2024-12-12
43235,Product_3235_4,home,324.7999886845113,226.2334107589852,inactive,2024-01-02
43236,Product_3236_4,home,343.952729480076,237.71211962725306,pending,2024-06-19
43237,Product_3237_4,electronics,342.5430835579335,479.3036961605376,archived,2024-02-18
43238,Product_3238_4,clothing,460.5761200914005,401.3158564528936,archived,2024-08-23
43239,Product_3239_4,books,196.24389356888938,420.1975673445777,pending,2024-01-08
43240,Product_3240_4,sports,341.45893171627296,183.37487144343257,inactive,2024-03-14
43241,Product_3241_4,books,702.7250808028064,270.32772047777513,active,2024-04-25
43242,Product_3242_4,sports,657.4025780487777,248.43134131828225,inactive,2024-04-22
43243,Product_3243_4,electronics,387.0128518441066,261.8839420487191,pending,2024-09-07
43244,Product_3244_4,clothing,41.545916329110376,250.6484521107786,active,2024-01-14
43245,Product_3245_4,sports,428.6244767525528,469.1190190574925,inactive,2024-04-24
43246,Product_3246_4,clothing,675.8172742675827,354.264388657279,active,2024-05-13
43247,Product_3247_4,books,79.56956424867549,444.66273826790456,active,2024-04-04
43248,Product_3248_4,home,1.204978276626269,271.0022226477592,pending,2024-02-02
43249,Product_3249_4,clothing,323.6248179900255,259.0078444275574,active,2024-03-18
43250,Product_3250_4,sports,42.849660835426356,485.3901141402486,active,2024-05-19
43251,Product_3251_4,electronics,275.99278819330954,239.55748808996782,archived,2024-07-19
43252,Product_3252_4,home,136.54801772598086,447.8829662356905,active,2024-04-21
43253,Product_3253_4,home,675.0120791940868,13.074618405544355,inactive,2024-12-07
43254,Product_3254_4,sports,800.2058401425559,170.86132224291893,active,2024-05-25
43255,Product_3255_4,clothing,808.7210045720365,347.6245434641126,pending,2024-01-06
43256,Product_3256_4,clothing,979.1473818806526,306.28433744678347,inactive,2024-09-18
43257,Product_3257_4,clothing,937.2476076350906,99.63958608422377,inactive,2024-10-24
43258,Product_3258_4,electronics,606.0015969048142,428.5226575375623,inactive,2024-12-11
43259,Product_3259_4,sports,152.47248577033326,497.8829677865523,archived,2024-08-09
43260,Product_3260_4,sports,945.1052588106296,132.08233959375278,active,2024-09-12
43261,Product_3261_4,sports,887.3917428212156,279.9195050657722,pending,2024-07-02
43262,Product_3262_4,home,521.6276301123419,367.9028184920245,archived,2024-02-23
43263,Product_3263_4,sports,804.2198795657972,246.05246559829965,active,2024-09-20
43264,Product_3264_4,clothing,618.9736225810223,30.900906785340666,active,2024-11-16
43265,Product_3265_4,clothing,572.8884179660334,177.51011030901896,inactive,2024-03-05
43266,Product_3266_4,home,71.79786248674759,157.81152902464575,active,2024-02-21
43267,Product_3267_4,clothing,532.4346272462495,201.11177266046963,inactive,2024-08-26
43268,Product_3268_4,electronics,532.616454101267,49.46799685338651,active,2024-07-10
43269,Product_3269_4,clothing,263.79529247592745,205.61333853954739,pending,2024-11-26
43270,Product_3270_4,home,476.0985097526805,29.969264121026043,pending,2024-04-04
43271,Product_3271_4,electronics,48.279409097030204,462.41241867210624,pending,2024-11-06
43272,Product_3272_4,clothing,369.50978095424904,151.90380491445325,inactive,2024-07-07
43273,Product_3273_4,electronics,424.0924901187251,349.591737579629,archived,2024-08-17
43274,Product_3274_4,clothing,931.3216530401093,412.61619925141156,active,2024-03-16
43275,Product_3275_4,clothing,373.490603324359,202.01628263373823,active,2024-12-26
43276,Product_3276_4,books,745.3658858977021,287.01726523379926,pending,2024-01-07
43277,Product_3277_4,electronics,890.1095917600892,457.1831902404813,active,2024-10-01
43278,Product_3278_4,sports,931.5665502492817,149.52879533518077,pending,2024-06-25
43279,Product_3279_4,electronics,22.822436943116116,448.94959181931085,active,2024-11-26
43280,Product_3280_4,electronics,57.871722579192365,170.6601949604255,archived,2024-12-15
43281,Product_3281_4,clothing,656.8430982418498,403.49552864618363,archived,2024-08-16
43282,Product_3282_4,books,774.1198268770776,337.8971078155396,archived,2024-04-19
43283,Product_3283_4,home,528.6617390171963,224.0372189949611,archived,2024-03-11
43284,Product_3284_4,clothing,271.2250086566998,413.6048139352749,inactive,2024-02-18
43285,Product_3285_4,home,749.0095881865461,104.75587367121652,pending,2024-05-13
43286,Product_3286_4,sports,480.29636266789686,143.79691797945068,inactive,2024-05-12
43287,Product_3287_4,books,216.8005010606001,335.8289665479726,inactive,2024-02-28
43288,Product_3288_4,sports,448.15214813352856,401.4552120772836,inactive,2024-09-03
43289,Product_3289_4,clothing,997.9308156505556,162.02596094866433,active,2024-05-23
43290,Product_3290_4,books,279.74422474926115,67.21735687624374,pending,2024-04-18
43291,Product_3291_4,sports,612.3450250393247,298.31357523975805,inactive,2024-01-23
43292,Product_3292_4,electronics,949.5069396586755,465.18967970656894,pending,2024-06-23
43293,Product_3293_4,sports,612.4628863043329,223.2877481004481,active,2024-09-16
43294,Product_3294_4,electronics,900.2718344786423,466.75761533757276,active,2024-09-27
43295,Product_3295_4,books,256.16069090411924,297.36526154700556,active,2024-08-16
43296,Product_3296_4,clothing,300.7629491276052,73.04895719704749,pending,2024-08-14
43297,Product_3297_4,clothing,19.339557395543434,245.18227426375228,pending,2024-06-03
43298,Product_3298_4,clothing,541.2858887559992,482.74728305210294,archived,2024-03-23
43299,Product_3299_4,sports,636.4307036679595,479.4599998730843,active,2024-12-16
43300,Product_3300_4,electronics,869.1703821574063,356.1800249800657,inactive,2024-06-28
43301,Product_3301_4,books,509.76753952126165,96.27859204292481,active,2024-01-08
43302,Product_3302_4,home,957.6981654146953,214.4048319147409,inactive,2024-01-17
43303,Product_3303_4,home,1.7165280823422542,260.4398247021504,pending,2024-02-06
43304,Product_3304_4,home,378.14664106722853,403.093170415853,archived,2024-06-15
43305,Product_3305_4,clothing,522.3712959117066,479.2868889183326,active,2024-04-18
43306,Product_3306_4,clothing,412.9658113437047,138.64511971309759,active,2024-11-05
43307,Product_3307_4,home,347.330863331491,418.1785039367116,active,2024-10-17
43308,Product_3308_4,clothing,667.9836236802779,236.82424530334498,active,2024-03-12
43309,Product_3309_4,clothing,606.0324167241758,394.8332480501375,active,2024-03-28
43310,Product_3310_4,sports,760.8910084899031,478.42548833072846,inactive,2024-02-07
43311,Product_3311_4,sports,455.9651828602326,423.02280434115113,inactive,2024-05-18
43312,Product_3312_4,books,374.25715895619305,315.90845228549983,archived,2024-12-08
43313,Product_3313_4,sports,15.689548833377263,401.07576727344224,archived,2024-10-06
43314,Product_3314_4,home,914.38109293716,25.007388165746733,active,2024-07-24
43315,Product_3315_4,clothing,302.98833756775036,490.8867636368565,pending,2024-07-08
43316,Product_3316_4,books,428.34691225653705,482.7970368182734,inactive,2024-10-23
43317,Product_3317_4,sports,44.2265437519144,106.51092250398037,archived,2024-10-13
43318,Product_3318_4,clothing,666.2212943043327,457.16465505966903,inactive,2024-04-11
43319,Product_3319_4,books,51.35038942364294,389.3239509635164,archived,2024-05-12
43320,Product_3320_4,electronics,246.13613188768784,358.4304629332411,inactive,2024-08-10
43321,Product_3321_4,electronics,716.0369770467357,404.28705385360735,inactive,2024-06-07
43322,Product_3322_4,home,73.30155033134147,305.4950701178615,pending,2024-11-22
43323,Product_3323_4,home,56.86993179708826,388.116388039781,active,2024-08-10
43324,Product_3324_4,books,480.64154527998335,376.43988529629996,active,2024-09-04
43325,Product_3325_4,clothing,630.2350782195648,82.50387622434606,inactive,2024-04-17
43326,Product_3326_4,clothing,798.8599002096308,382.26865267447937,active,2024-05-08
43327,Product_3327_4,home,79.76742647455907,204.26923139479726,active,2024-02-17
43328,Product_3328_4,clothing,996.0874558791577,122.80525549055224,pending,2024-03-17
43329,Product_3329_4,electronics,748.5919628331616,184.94947478552305,inactive,2024-06-01
43330,Product_3330_4,sports,879.5362212426364,475.6189989674637,active,2024-06-03
43331,Product_3331_4,electronics,621.9432041099575,341.33517266722083,pending,2024-07-25
43332,Product_3332_4,clothing,594.8636264350224,316.14356866132573,archived,2024-01-03
43333,Product_3333_4,clothing,251.30188249006403,341.973138750074,archived,2024-11-15
43334,Product_3334_4,books,731.1805236118008,76.14078473647625,active,2024-06-06
43335,Product_3335_4,sports,949.4630556789531,141.4682955446764,active,2024-04-08
43336,Product_3336_4,electronics,648.768683558025,63.52181906819079,pending,2024-05-09
43337,Product_3337_4,electronics,702.3344079728383,226.70560931085984,inactive,2024-10-05
43338,Product_3338_4,clothing,854.4964115477202,111.3824283067665,active,2024-10-17
43339,Product_3339_4,electronics,200.5931202752516,375.62883341785073,pending,2024-12-20
43340,Product_3340_4,home,561.6379289975944,379.56134438055756,inactive,2024-07-14
43341,Product_3341_4,sports,8.370057733916425,443.1361267079753,active,2024-01-12
43342,Product_3342_4,clothing,499.351803072341,448.5861798703751,pending,2024-03-15
43343,Product_3343_4,home,557.7049233853774,15.39587229679572,pending,2024-02-06
43344,Product_3344_4,sports,976.1706857860773,257.8909086817489,archived,2024-04-03
43345,Product_3345_4,home,769.6715740718719,434.2292479238688,inactive,2024-02-20
43346,Product_3346_4,home,651.5173115390742,90.25375280899783,pending,2024-05-12
43347,Product_3347_4,clothing,971.0353450461004,387.5736677894164,archived,2024-06-06
43348,Product_3348_4,electronics,909.9173622175899,183.1144657099652,archived,2024-07-11
43349,Product_3349_4,sports,389.83641135450875,390.5161213940791,inactive,2024-12-07
43350,Product_3350_4,home,140.3681575577388,45.96384413191676,archived,2024-08-22
43351,Product_3351_4,books,843.4694057400267,218.16975262610163,archived,2024-12-14
43352,Product_3352_4,sports,253.11751540529255,205.54917647302375,pending,2024-05-24
43353,Product_3353_4,electronics,547.7323144972256,392.70331910778793,inactive,2024-10-05
43354,Product_3354_4,home,945.8558925178412,17.221029859739748,inactive,2024-12-07
43355,Product_3355_4,sports,556.0687184725949,92.06681072881761,inactive,2024-08-27
43356,Product_3356_4,clothing,721.3538416166581,325.3860552645446,pending,2024-11-27
43357,Product_3357_4,sports,829.1978136966791,473.4807280497287,archived,2024-08-25
43358,Product_3358_4,books,464.11440684755604,258.21962755461306,active,2024-10-01
43359,Product_3359_4,books,612.0918411386473,383.3043035121986,pending,2024-05-01
43360,Product_3360_4,clothing,136.1443847209733,335.8786147513733,archived,2024-02-14
43361,Product_3361_4,books,446.62334384109477,337.16908644353117,pending,2024-11-08
43362,Product_3362_4,books,561.1888244134216,222.49359909729097,pending,2024-06-20
43363,Product_3363_4,electronics,125.99782500159871,169.86530351845707,archived,2024-04-06
43364,Product_3364_4,clothing,136.6004782216673,387.2668570873414,inactive,2024-01-23
43365,Product_3365_4,books,936.323517725678,176.34412068399266,archived,2024-08-10
43366,Product_3366_4,sports,50.41062601580775,344.27714068926537,active,2024-03-03
43367,Product_3367_4,electronics,562.9232476311322,386.26202812608,archived,2024-05-26
43368,Product_3368_4,electronics,458.5573436700987,444.03121951661774,archived,2024-05-14
43369,Product_3369_4,books,998.1467943971828,138.96263095689488,pending,2024-06-11
43370,Product_3370_4,books,437.20776850891957,43.94929207068498,pending,2024-01-12
43371,Product_3371_4,electronics,630.5587842253711,314.46333934174027,archived,2024-09-12
43372,Product_3372_4,sports,278.6534258375653,487.7943759661356,active,2024-06-14
43373,Product_3373_4,clothing,369.0746188826174,277.16641184613076,inactive,2024-06-12
43374,Product_3374_4,clothing,857.0136789883105,70.46506752032057,archived,2024-02-14
43375,Product_3375_4,clothing,445.67118620347094,382.66393064701776,archived,2024-09-15
43376,Product_3376_4,home,415.56241941922445,326.14543756779125,pending,2024-02-23
43377,Product_3377_4,home,103.40979264937484,27.13007434721845,archived,2024-07-16
43378,Product_3378_4,sports,258.0131717022239,110.85459276536712,archived,2024-06-19
43379,Product_3379_4,electronics,994.9974768466216,284.4777552395376,pending,2024-07-22
43380,Product_3380_4,sports,801.0210159788388,119.0366581046511,archived,2024-09-19
43381,Product_3381_4,home,522.7404961400948,33.82890056207759,pending,2024-08-04
43382,Product_3382_4,clothing,713.2080898774176,106.56060983064353,active,2024-06-20
43383,Product_3383_4,books,488.70647506732024,372.89756698169134,inactive,2024-11-21
43384,Product_3384_4,home,759.6524855240067,387.7597860316444,inactive,2024-06-12
43385,Product_3385_4,home,448.9016033497715,430.77200430325894,active,2024-07-03
43386,Product_3386_4,electronics,108.88427432911422,380.92420619850947,archived,2024-07-27
43387,Product_3387_4,electronics,406.7951446454118,163.96912474267654,pending,2024-02-28
43388,Product_3388_4,home,41.11529876499264,75.30469245228444,active,2024-04-04
43389,Product_3389_4,sports,353.7813957002469,316.7889532971535,inactive,2024-12-18
43390,Product_3390_4,clothing,934.979940072081,217.65585053411414,archived,2024-01-03
43391,Product_3391_4,home,228.10042306920673,211.01352718044362,active,2024-12-12
43392,Product_3392_4,home,463.6057223573587,464.9544078374887,archived,2024-06-06
43393,Product_3393_4,sports,625.3976286866297,415.1394592840323,archived,2024-11-19
43394,Product_3394_4,home,366.7986477425752,78.15191488584209,inactive,2024-02-26
43395,Product_3395_4,home,559.6475073831211,478.9723243205054,pending,2024-08-11
43396,Product_3396_4,sports,354.86188866866104,338.89582540611724,active,2024-12-14
43397,Product_3397_4,books,309.7657548544228,302.77924102400215,inactive,2024-05-02
43398,Product_3398_4,home,528.9307647581348,102.57822589740861,inactive,2024-01-28
43399,Product_3399_4,home,536.9495770367181,93.96409885433441,inactive,2024-01-12
43400,Product_3400_4,home,665.1194977448857,231.8937607701251,active,2024-10-20
43401,Product_3401_4,sports,610.5568699075656,337.58848239062195,pending,2024-11-06
43402,Product_3402_4,books,590.5984740294573,12.922002488881638,active,2024-05-20
43403,Product_3403_4,clothing,518.5593774005074,112.1067114925848,inactive,2024-11-22
43404,Product_3404_4,electronics,24.210326868141927,129.34628912026815,inactive,2024-01-25
43405,Product_3405_4,sports,561.0156695836827,137.6060735756196,inactive,2024-12-04
43406,Product_3406_4,electronics,225.97061965963192,371.7303150565436,pending,2024-07-26
43407,Product_3407_4,home,938.9961794906135,11.344096651512304,archived,2024-10-15
43408,Product_3408_4,sports,827.7286177329487,87.76158904214915,inactive,2024-07-06
43409,Product_3409_4,books,714.3022444893161,323.3659179550379,pending,2024-11-27
43410,Product_3410_4,sports,340.00475826812124,401.05999773894195,active,2024-02-20
43411,Product_3411_4,sports,236.6705968133717,381.3805118475521,inactive,2024-06-19
43412,Product_3412_4,books,624.7017449828509,131.95410932108643,archived,2024-02-10
43413,Product_3413_4,home,335.9397275559501,144.54495117763506,archived,2024-10-01
43414,Product_3414_4,books,707.1729539050591,291.71596296063586,pending,2024-09-03
43415,Product_3415_4,home,656.960027312099,472.8542503844281,pending,2024-04-10
43416,Product_3416_4,clothing,888.2588249119606,233.78476869412873,inactive,2024-12-15
43417,Product_3417_4,clothing,110.73457333275141,299.95562862553976,active,2024-05-17
43418,Product_3418_4,home,811.1632401481387,203.87903408833068,inactive,2024-07-28
43419,Product_3419_4,electronics,390.56906774688025,270.06822548921554,archived,2024-06-25
43420,Product_3420_4,electronics,481.2548863947742,458.8732970433248,pending,2024-02-17
43421,Product_3421_4,electronics,258.45060496037775,159.11586640784486,inactive,2024-03-10
43422,Product_3422_4,clothing,104.367860485099,61.894998178812045,pending,2024-11-23
43423,Product_3423_4,sports,71.182366652108,250.82388933398784,archived,2024-01-15
43424,Product_3424_4,home,671.6660368819481,142.0230638647442,pending,2024-12-14
43425,Product_3425_4,electronics,45.59587386504864,425.7087660043329,inactive,2024-02-18
43426,Product_3426_4,electronics,113.43434408892222,101.85958604880629,pending,2024-03-12
43427,Product_3427_4,electronics,376.18858771758545,30.928689701931596,active,2024-10-10
43428,Product_3428_4,home,117.90929081351739,278.86799529351214,archived,2024-08-15
43429,Product_3429_4,home,5.568124849234686,332.1998286509752,archived,2024-02-06
43430,Product_3430_4,home,650.5912081812867,118.71932102114442,active,2024-03-20
43431,Product_3431_4,clothing,64.34531221983943,368.3741845920266,inactive,2024-05-10
43432,Product_3432_4,home,567.8840119996378,228.48992128101716,inactive,2024-04-21
43433,Product_3433_4,sports,328.6841437935957,119.6228924106668,active,2024-01-28
43434,Product_3434_4,clothing,547.2478549117427,362.4304863899525,archived,2024-05-26
43435,Product_3435_4,clothing,423.9338378441994,385.7118845577019,active,2024-04-09
43436,Product_3436_4,books,184.61986895182295,361.3858209443188,active,2024-07-12
43437,Product_3437_4,books,827.2481972206957,432.29794982092375,active,2024-01-27
43438,Product_3438_4,clothing,279.40658601814545,307.90818934600253,pending,2024-10-17
43439,Product_3439_4,books,867.208853014429,66.2333704380006,inactive,2024-10-20
43440,Product_3440_4,books,322.9471789176307,97.83292526318645,pending,2024-09-26
43441,Product_3441_4,books,727.5117154385949,105.83398174880357,inactive,2024-09-05
43442,Product_3442_4,electronics,336.9158403058479,60.03894648500727,inactive,2024-11-14
43443,Product_3443_4,home,385.93170757815875,236.99441977718345,pending,2024-01-16
43444,Product_3444_4,electronics,830.6516855237443,276.2733227676124,pending,2024-07-15
43445,Product_3445_4,clothing,101.96092755463859,339.5704736522222,archived,2024-05-05
43446,Product_3446_4,electronics,89.08044133035334,353.78827648774325,archived,2024-02-11
43447,Product_3447_4,home,557.1955804061475,252.8505308658342,archived,2024-04-27
43448,Product_3448_4,clothing,14.431330577362884,228.405110151347,archived,2024-12-06
43449,Product_3449_4,sports,487.3060367933379,496.2011811437129,active,2024-12-03
43450,Product_3450_4,home,181.7202523399274,54.13920915439145,active,2024-04-06
43451,Product_3451_4,sports,36.45264316602998,351.05705905428465,archived,2024-05-01
43452,Product_3452_4,sports,158.72916366867253,342.320032873731,active,2024-04-15
43453,Product_3453_4,sports,195.5671675502767,445.5891117912038,inactive,2024-01-23
43454,Product_3454_4,books,90.30385050024395,206.69530139250023,archived,2024-12-14
43455,Product_3455_4,clothing,912.9634642851419,215.0232231263829,pending,2024-09-02
43456,Product_3456_4,electronics,961.6780529878298,332.8251107850493,inactive,2024-02-07
43457,Product_3457_4,home,797.0078863311592,54.24942700543452,pending,2024-12-26
43458,Product_3458_4,sports,803.6759234413294,117.6196643712072,archived,2024-10-23
43459,Product_3459_4,sports,61.07095972675438,208.3865576038963,pending,2024-02-25
43460,Product_3460_4,home,732.935505045552,438.76567896679705,pending,2024-06-11
43461,Product_3461_4,home,407.2487058848308,455.11816702117574,archived,2024-02-26
43462,Product_3462_4,electronics,298.96762679321665,453.178556924369,active,2024-08-18
43463,Product_3463_4,electronics,765.0249320079633,390.8550830874038,active,2024-12-26
43464,Product_3464_4,electronics,21.74010169295595,230.26722829499525,archived,2024-08-05
43465,Product_3465_4,home,270.451617321433,126.5678773425407,active,2024-03-14
43466,Product_3466_4,sports,842.8484137433743,474.12982187486546,inactive,2024-12-25
43467,Product_3467_4,home,475.40241954917576,170.4894473251603,archived,2024-07-03
43468,Product_3468_4,clothing,752.6735452060676,34.06830304939067,archived,2024-10-13
43469,Product_3469_4,books,740.171779363126,271.3137359846692,inactive,2024-04-05
43470,Product_3470_4,home,583.6787372771927,244.58254074823674,archived,2024-02-06
43471,Product_3471_4,home,419.65714537456216,242.78971157498003,pending,2024-05-25
43472,Product_3472_4,home,514.4531238725217,207.27045908633207,archived,2024-08-26
43473,Product_3473_4,electronics,301.54813218761586,404.83812485008764,inactive,2024-06-19
43474,Product_3474_4,clothing,989.1635130633466,170.52877883346306,active,2024-02-23
43475,Product_3475_4,electronics,34.65437826252605,144.22621753876777,archived,2024-08-18
43476,Product_3476_4,books,510.54278059208605,25.35835075883623,archived,2024-11-17
43477,Product_3477_4,clothing,906.8881733098966,48.68826810654172,pending,2024-06-13
43478,Product_3478_4,electronics,358.9143242992097,290.2394352173831,pending,2024-06-25
43479,Product_3479_4,books,659.1015877654984,213.7051218353794,inactive,2024-06-10
43480,Product_3480_4,books,883.9119622582476,316.9476194474538,inactive,2024-10-14
43481,Product_3481_4,home,675.8719029573593,499.24237004495325,pending,2024-07-25
43482,Product_3482_4,electronics,531.6557275065159,487.5883681922288,pending,2024-10-14
43483,Product_3483_4,books,985.1547962773933,402.2141270741318,archived,2024-11-15
43484,Product_3484_4,books,333.8092295766171,354.24810133028603,active,2024-03-01
43485,Product_3485_4,home,404.10114070031256,292.8294022069488,archived,2024-10-02
43486,Product_3486_4,books,523.2910406115446,103.04447474473268,pending,2024-03-22
43487,Product_3487_4,electronics,937.7368021571539,258.1460615009354,active,2024-12-05
43488,Product_3488_4,electronics,266.843830017898,270.0061839705007,pending,2024-03-08
43489,Product_3489_4,electronics,896.4349011032392,69.82920485442628,archived,2024-08-10
43490,Product_3490_4,electronics,32.978201520449474,451.46986314002777,archived,2024-12-02
43491,Product_3491_4,books,89.21567807700414,312.81930783225704,inactive,2024-08-08
43492,Product_3492_4,clothing,808.3799719210565,472.3023281113027,inactive,2024-09-21
43493,Product_3493_4,home,477.3391396707373,38.39349223775467,archived,2024-05-24
43494,Product_3494_4,home,917.3232973386931,96.57260332104615,active,2024-05-11
43495,Product_3495_4,home,656.5124827952798,423.2953265201853,pending,2024-11-05
43496,Product_3496_4,home,741.0578389636282,358.1451530968782,archived,2024-08-02
43497,Product_3497_4,sports,921.3162304370518,426.30944856922963,inactive,2024-06-05
43498,Product_3498_4,home,712.1784661683346,48.10196146410613,archived,2024-02-11
43499,Product_3499_4,electronics,54.679335276140066,101.38189733142408,inactive,2024-09-25
43500,Product_3500_4,sports,399.77791109260755,317.37118640703426,archived,2024-04-11
43501,Product_3501_4,electronics,109.9588617879817,233.2539411616717,inactive,2024-10-01
43502,Product_3502_4,home,221.07256078690685,88.37511892813811,active,2024-09-13
43503,Product_3503_4,electronics,668.1111163854089,344.4710711184946,active,2024-03-10
43504,Product_3504_4,sports,144.53032411910726,389.02511862750674,inactive,2024-11-15
43505,Product_3505_4,books,290.332760646511,278.8891594071267,inactive,2024-02-21
43506,Product_3506_4,home,747.4573539230532,347.6607063499846,active,2024-04-23
43507,Product_3507_4,books,456.9686536528831,208.85972070787784,archived,2024-10-11
43508,Product_3508_4,sports,95.90763431918295,392.6013662344308,archived,2024-04-07
43509,Product_3509_4,books,301.1106406831088,172.30605949315665,pending,2024-06-10
43510,Product_3510_4,clothing,160.3656351109745,383.78002863421506,active,2024-04-01
43511,Product_3511_4,clothing,618.7574623541432,401.79016088650013,active,2024-10-24
43512,Product_3512_4,electronics,818.1240418124958,274.4369806076661,archived,2024-11-04
43513,Product_3513_4,home,109.59602065718258,439.0862987748029,archived,2024-08-04
43514,Product_3514_4,sports,989.8710575619701,323.24422306586666,pending,2024-08-12
43515,Product_3515_4,books,482.552226011907,437.53096066129456,active,2024-06-15
43516,Product_3516_4,books,107.0877025318858,142.487444454995,pending,2024-10-24
43517,Product_3517_4,books,829.449889592299,271.1369421267242,inactive,2024-07-07
43518,Product_3518_4,clothing,434.66699325516873,361.97214233306454,inactive,2024-01-03
43519,Product_3519_4,sports,554.5362936483998,96.78175605470906,archived,2024-09-10
43520,Product_3520_4,books,418.8539549617847,299.226214237991,pending,2024-05-10
43521,Product_3521_4,home,816.8190209859296,326.46967327854674,active,2024-08-25
43522,Product_3522_4,home,428.32444483335166,345.5334242261989,inactive,2024-09-14
43523,Product_3523_4,electronics,599.2276423547822,129.79744794407043,pending,2024-02-06
43524,Product_3524_4,books,321.9111735858403,50.629369992719326,active,2024-12-05
43525,Product_3525_4,home,463.30988217281464,269.83299312610075,active,2024-12-06
43526,Product_3526_4,home,184.19353590817556,81.90074993395207,active,2024-06-18
43527,Product_3527_4,home,900.921630411886,74.94224938761354,archived,2024-05-04
43528,Product_3528_4,books,955.5786420801877,235.17808118416065,active,2024-03-15
43529,Product_3529_4,books,37.083266084777485,498.0443020842314,active,2024-06-24
43530,Product_3530_4,books,179.18656185664054,338.6265705739778,inactive,2024-08-16
43531,Product_3531_4,home,820.986975121019,353.9099550332358,archived,2024-05-03
43532,Product_3532_4,clothing,53.46641095621464,326.85623404340544,inactive,2024-10-18
43533,Product_3533_4,electronics,355.9441325494855,479.5589472483286,inactive,2024-07-26
43534,Product_3534_4,electronics,243.0322663938006,326.4832009994594,archived,2024-11-24
43535,Product_3535_4,sports,12.530310133420288,346.661518392807,archived,2024-03-01
43536,Product_3536_4,electronics,599.7090662506638,233.78081684823104,archived,2024-04-14
43537,Product_3537_4,home,309.83783766186565,417.8969153725259,archived,2024-10-16
43538,Product_3538_4,books,635.2864602309104,318.7036200473215,archived,2024-12-02
43539,Product_3539_4,electronics,344.20146407972356,334.17614034479686,active,2024-01-17
43540,Product_3540_4,electronics,603.7107573911484,233.94331909702385,inactive,2024-09-05
43541,Product_3541_4,electronics,731.8715684693642,305.43794733470224,inactive,2024-10-01
43542,Product_3542_4,books,532.9599763896682,242.14445841327867,pending,2024-02-10
43543,Product_3543_4,sports,798.7538092273863,364.19446265395817,inactive,2024-08-28
43544,Product_3544_4,electronics,42.959557889172764,321.8085471141086,inactive,2024-12-19
43545,Product_3545_4,home,989.149613120199,40.99589881606602,pending,2024-03-14
43546,Product_3546_4,home,355.2346622426219,370.6295947024034,inactive,2024-09-06
43547,Product_3547_4,clothing,397.35488241798305,173.53657057304065,archived,2024-08-24
43548,Product_3548_4,clothing,136.81686393196503,88.95139160337658,inactive,2024-01-06
43549,Product_3549_4,books,606.4383922251573,81.0090299831402,active,2024-01-26
43550,Product_3550_4,books,521.3831056714691,136.21360781833653,inactive,2024-09-21
43551,Product_3551_4,sports,291.1006085385406,180.54180867146482,active,2024-10-27
43552,Product_3552_4,sports,551.458746202554,495.61494592006306,inactive,2024-06-14
43553,Product_3553_4,home,958.3111169384918,394.48215870234577,pending,2024-01-17
43554,Product_3554_4,electronics,273.22804169420584,289.1277658679003,inactive,2024-10-03
43555,Product_3555_4,electronics,405.37004956807556,408.37293388571186,pending,2024-03-15
43556,Product_3556_4,books,940.4976896709239,225.71260066362956,active,2024-01-22
43557,Product_3557_4,clothing,330.81943579972295,353.38847807373736,pending,2024-09-26
43558,Product_3558_4,books,792.2061959374972,402.9892461055376,active,2024-11-20
43559,Product_3559_4,home,422.94620782959834,100.12875735370017,active,2024-12-18
43560,Product_3560_4,electronics,750.8591550946977,178.26229232463126,archived,2024-10-23
43561,Product_3561_4,sports,830.8997262277086,439.01801839519715,pending,2024-09-18
43562,Product_3562_4,clothing,900.4391198886401,260.0839251324211,active,2024-03-03
43563,Product_3563_4,books,183.91536477386654,68.30550684499647,inactive,2024-01-02
43564,Product_3564_4,electronics,993.7849281033178,410.31533652117247,archived,2024-10-20
43565,Product_3565_4,books,131.73850277839506,187.8316133052479,pending,2024-02-09
43566,Product_3566_4,sports,527.6207221048504,77.32818832190233,active,2024-08-19
43567,Product_3567_4,electronics,512.0786604995874,336.6462210884291,active,2024-11-20
43568,Product_3568_4,home,157.9059208273501,434.84151910041106,archived,2024-05-16
43569,Product_3569_4,books,423.81909640284056,227.1854870705969,archived,2024-08-17
43570,Product_3570_4,electronics,271.7414376225988,114.25162013306114,pending,2024-02-02
43571,Product_3571_4,books,51.30304673132139,10.909905182995548,pending,2024-12-03
43572,Product_3572_4,books,975.6404430426298,123.09504470508624,pending,2024-11-23
43573,Product_3573_4,home,683.1453424133613,58.345701719855114,archived,2024-09-11
43574,Product_3574_4,books,584.5052662305774,43.16868438840602,inactive,2024-04-10
43575,Product_3575_4,electronics,903.938235669483,389.4906375497498,active,2024-06-17
43576,Product_3576_4,home,402.7287289587726,26.863469735365996,archived,2024-09-25
43577,Product_3577_4,books,145.18821576872853,47.57513504478982,active,2024-01-14
43578,Product_3578_4,books,224.21094131460805,273.8034901868939,archived,2024-01-01
43579,Product_3579_4,home,635.2507148580414,298.70548115775136,active,2024-09-22
43580,Product_3580_4,books,996.2774668955897,439.7875684986775,inactive,2024-07-02
43581,Product_3581_4,sports,454.7123720725559,415.20052232007436,active,2024-04-20
43582,Product_3582_4,books,533.0687220148948,424.37606003067987,inactive,2024-03-23
43583,Product_3583_4,electronics,380.88859435266437,327.8796354955181,active,2024-05-26
43584,Product_3584_4,home,735.8959396819963,247.89319452668366,inactive,2024-11-27
43585,Product_3585_4,electronics,627.6183270830884,131.7537644946545,active,2024-01-05
43586,Product_3586_4,electronics,369.9736398313545,230.66510144481651,archived,2024-10-06
43587,Product_3587_4,clothing,416.4521932240053,197.02307572922106,archived,2024-10-01
43588,Product_3588_4,home,366.2773686414889,321.26124462948485,inactive,2024-02-04
43589,Product_3589_4,books,831.2485155599268,246.1743881608935,active,2024-12-09
43590,Product_3590_4,clothing,135.6821083460352,144.33527422448657,archived,2024-10-08
43591,Product_3591_4,home,898.5116801145405,263.72717629111105,active,2024-11-22
43592,Product_3592_4,sports,344.0481508415708,75.3409128471681,active,2024-03-02
43593,Product_3593_4,home,116.46285858253617,333.1704675050412,pending,2024-05-16
43594,Product_3594_4,home,234.5606647311072,14.24476196934185,inactive,2024-11-09
43595,Product_3595_4,electronics,673.2844915739668,342.5369852041281,archived,2024-05-28
43596,Product_3596_4,electronics,68.41409809205224,318.2599766356629,inactive,2024-01-21
43597,Product_3597_4,clothing,194.40086722679845,46.25053601257913,pending,2024-03-01
43598,Product_3598_4,home,154.8632839009994,460.8570559550985,pending,2024-11-02
43599,Product_3599_4,sports,947.0597593789729,190.60053874906606,inactive,2024-12-17
43600,Product_3600_4,books,958.9801253513073,187.9723911207788,inactive,2024-11-22
43601,Product_3601_4,books,764.3475655854414,75.56294161011088,pending,2024-12-02
43602,Product_3602_4,sports,789.8914492946426,271.94035502894707,pending,2024-02-02
43603,Product_3603_4,clothing,499.3276157269245,162.47583881486844,active,2024-09-15
43604,Product_3604_4,clothing,140.31658082152543,488.859293388498,pending,2024-07-09
43605,Product_3605_4,clothing,408.7977514158957,275.52402056550443,pending,2024-11-09
43606,Product_3606_4,books,126.12268883973042,416.983774000416,inactive,2024-01-03
43607,Product_3607_4,sports,888.208551088772,484.78613094125143,pending,2024-07-27
43608,Product_3608_4,electronics,706.3676282545591,348.67996941039723,inactive,2024-07-08
43609,Product_3609_4,sports,978.4480310549476,283.0512839024096,archived,2024-04-08
43610,Product_3610_4,clothing,369.58618220846614,104.3324630454556,archived,2024-12-07
43611,Product_3611_4,electronics,976.2790760487478,300.94191294212027,pending,2024-02-26
43612,Product_3612_4,home,681.8571357735862,494.03396702551424,inactive,2024-02-10
43613,Product_3613_4,clothing,190.29655715384573,46.90138577629831,active,2024-11-22
43614,Product_3614_4,books,491.1198384479057,248.9541554660227,pending,2024-02-14
43615,Product_3615_4,home,594.9760810289031,90.69173859190833,pending,2024-09-17
43616,Product_3616_4,home,466.9896970851286,353.4002282467034,inactive,2024-06-02
43617,Product_3617_4,clothing,201.61870033820207,403.5533408209244,pending,2024-01-11
43618,Product_3618_4,home,829.825278939514,132.7197383372283,pending,2024-11-05
43619,Product_3619_4,clothing,428.13186164012575,479.2654924718346,active,2024-08-02
43620,Product_3620_4,books,821.9575749255139,411.93324509789227,pending,2024-04-13
43621,Product_3621_4,books,97.00816043571713,103.71441361205724,pending,2024-06-07
43622,Product_3622_4,sports,758.7282903460374,239.32102430219587,active,2024-04-18
43623,Product_3623_4,sports,603.6751287190272,245.2546687026251,active,2024-06-03
43624,Product_3624_4,electronics,758.6466318627004,133.19164110534285,active,2024-07-08
43625,Product_3625_4,sports,41.56992609078846,355.4673291400298,pending,2024-10-03
43626,Product_3626_4,home,226.98655796818838,134.12296043608296,archived,2024-07-28
43627,Product_3627_4,electronics,642.1253721587589,108.28568444075809,active,2024-06-13
43628,Product_3628_4,clothing,945.6127141462324,77.92361150789955,pending,2024-01-26
43629,Product_3629_4,clothing,297.7908087011433,317.6349181668427,archived,2024-09-08
43630,Product_3630_4,home,596.8684442318419,196.08391515124924,pending,2024-09-05
43631,Product_3631_4,sports,485.31264794769305,286.57166876793775,active,2024-07-25
43632,Product_3632_4,sports,573.4118500496919,96.47578885895672,active,2024-02-03
43633,Product_3633_4,clothing,988.5235521359035,264.4419725451043,archived,2024-08-03
43634,Product_3634_4,home,491.8282109547074,448.2054291146659,active,2024-02-26
43635,Product_3635_4,clothing,567.5641489010419,393.1345457444448,archived,2024-03-19
43636,Product_3636_4,clothing,613.9791496824903,351.66645988064175,inactive,2024-02-04
43637,Product_3637_4,home,648.750997651629,319.114299477892,archived,2024-05-27
43638,Product_3638_4,sports,345.9058321897359,440.3679556088758,archived,2024-05-14
43639,Product_3639_4,clothing,790.8481382785086,337.7908867457837,active,2024-09-23
43640,Product_3640_4,books,719.0564539588632,76.96082450380226,active,2024-08-27
43641,Product_3641_4,clothing,404.7765468244644,150.51296656491974,active,2024-03-15
43642,Product_3642_4,sports,560.2471929417808,483.1743192563258,pending,2024-02-26
43643,Product_3643_4,electronics,933.9679176893522,421.73768882474775,active,2024-07-20
43644,Product_3644_4,sports,757.6462964569106,334.4362631691079,pending,2024-12-28
43645,Product_3645_4,clothing,583.520719909111,268.9731945103555,active,2024-12-03
43646,Product_3646_4,clothing,667.9827977044841,367.19420939608426,archived,2024-11-20
43647,Product_3647_4,books,369.41125810282,109.82651029855525,pending,2024-06-18
43648,Product_3648_4,home,368.3093062394413,335.1295551144304,active,2024-07-02
43649,Product_3649_4,home,734.0051299798255,53.33241665910039,inactive,2024-04-16
43650,Product_3650_4,clothing,81.56102295641314,428.54397123022244,inactive,2024-07-14
43651,Product_3651_4,home,659.202401322424,367.08170281327784,active,2024-02-11
43652,Product_3652_4,books,527.7705831514253,469.74462175523814,active,2024-02-16
43653,Product_3653_4,home,753.1445705280266,361.53419403928666,inactive,2024-08-22
43654,Product_3654_4,home,89.78318040617376,421.1744065408799,archived,2024-12-14
43655,Product_3655_4,books,195.50777278440898,149.29897365417318,inactive,2024-10-05
43656,Product_3656_4,books,665.2748612767837,153.12712431289555,pending,2024-04-09
43657,Product_3657_4,home,51.23508753080634,141.32123872723952,active,2024-04-17
43658,Product_3658_4,sports,246.0049088854413,188.93906085023448,inactive,2024-03-23
43659,Product_3659_4,sports,376.97326786497916,22.5789450265382,inactive,2024-11-02
43660,Product_3660_4,books,365.5336898694285,80.58233394650202,pending,2024-03-08
43661,Product_3661_4,home,273.11950522297303,206.61041883036205,pending,2024-10-08
43662,Product_3662_4,home,731.160701383279,290.1526839351243,inactive,2024-11-26
43663,Product_3663_4,electronics,432.14857072514127,147.74194435665143,active,2024-03-19
43664,Product_3664_4,home,912.1860288840045,139.17478527339142,archived,2024-04-13
43665,Product_3665_4,sports,887.9591711764174,227.4779357867425,inactive,2024-02-06
43666,Product_3666_4,clothing,232.4302740391534,58.05577288343648,pending,2024-01-09
43667,Product_3667_4,sports,494.7791545714754,59.40331995981263,archived,2024-10-22
43668,Product_3668_4,books,649.5088666542119,248.4569956504125,pending,2024-04-20
43669,Product_3669_4,sports,71.63077898383406,147.96489590084022,pending,2024-04-24
43670,Product_3670_4,home,933.5730420220815,324.92600137499534,active,2024-09-15
43671,Product_3671_4,electronics,429.7432966226489,206.86207983747911,inactive,2024-06-02
43672,Product_3672_4,home,595.0039809891838,170.18312092025445,archived,2024-11-13
43673,Product_3673_4,sports,588.0967930335395,220.04801108919267,archived,2024-11-26
43674,Product_3674_4,clothing,651.7301215293661,372.38034717516064,active,2024-03-09
43675,Product_3675_4,home,891.4051673715867,438.4021941550066,archived,2024-10-17
43676,Product_3676_4,sports,123.12263943019424,22.235350328243758,archived,2024-09-05
43677,Product_3677_4,sports,268.62675102198114,283.6236749241264,archived,2024-08-21
43678,Product_3678_4,home,225.74572186014416,266.91111998423963,inactive,2024-01-12
43679,Product_3679_4,clothing,175.27197582240626,281.08942179460365,active,2024-09-12
43680,Product_3680_4,books,749.1002862130337,23.95441116253434,pending,2024-10-19
43681,Product_3681_4,clothing,311.4725210776986,151.3664190181049,active,2024-11-08
43682,Product_3682_4,home,871.1618724994494,153.41842309117848,archived,2024-01-27
43683,Product_3683_4,books,931.4280550453296,73.6990954994792,active,2024-05-06
43684,Product_3684_4,electronics,231.0329392363666,57.89495060975597,inactive,2024-10-17
43685,Product_3685_4,home,469.469787118911,478.2291927734455,archived,2024-01-18
43686,Product_3686_4,clothing,785.3931060264345,251.59549475095048,active,2024-05-16
43687,Product_3687_4,electronics,251.31468494294367,385.4311631316834,active,2024-04-23
43688,Product_3688_4,clothing,527.66471914756,402.094615303075,archived,2024-02-02
43689,Product_3689_4,electronics,854.5556012121084,196.50595385358568,inactive,2024-07-20
43690,Product_3690_4,sports,256.7768307940112,433.0178004295589,pending,2024-10-06
43691,Product_3691_4,sports,790.3182055727277,27.542979800942216,inactive,2024-05-28
43692,Product_3692_4,home,756.3945745848495,326.90034575656244,inactive,2024-09-06
43693,Product_3693_4,books,290.50373506582014,227.4119808655654,archived,2024-07-10
43694,Product_3694_4,sports,901.3194802552301,73.13538666005985,inactive,2024-10-12
43695,Product_3695_4,home,796.1664908326536,339.42560142670396,archived,2024-08-25
43696,Product_3696_4,clothing,329.90882995234887,205.4081009942445,archived,2024-06-24
43697,Product_3697_4,clothing,422.35474647163056,299.864530460108,inactive,2024-10-13
43698,Product_3698_4,clothing,349.68435687516103,341.71624825913545,pending,2024-05-21
43699,Product_3699_4,electronics,554.0094070026179,275.0335634528872,archived,2024-12-27
43700,Product_3700_4,home,442.4662094746018,85.22741943410071,archived,2024-08-24
43701,Product_3701_4,books,81.15577254310847,281.95675886827354,pending,2024-06-06
43702,Product_3702_4,home,628.298539236267,113.02022206631344,inactive,2024-12-27
43703,Product_3703_4,clothing,55.70824045593694,277.71118209909554,pending,2024-09-02
43704,Product_3704_4,clothing,27.965401847978775,357.94675473269467,active,2024-02-15
43705,Product_3705_4,books,687.5640669082177,60.76666202040725,pending,2024-01-06
43706,Product_3706_4,sports,838.2717624537976,172.57611576165598,pending,2024-08-12
43707,Product_3707_4,books,149.44633325821977,57.380186455144184,archived,2024-03-13
43708,Product_3708_4,electronics,967.2473007591236,228.63032663623164,active,2024-10-24
43709,Product_3709_4,home,241.01638632582655,407.35474671235784,archived,2024-08-02
43710,Product_3710_4,sports,546.6458190967552,89.92175235877724,archived,2024-10-17
43711,Product_3711_4,sports,424.64823877584996,345.18910694728856,pending,2024-08-10
43712,Product_3712_4,sports,679.1862835176369,431.5147172080544,active,2024-03-09
43713,Product_3713_4,clothing,433.6454934146301,258.49506368570235,archived,2024-01-25
43714,Product_3714_4,clothing,564.3041042860666,233.74199148265697,active,2024-09-11
43715,Product_3715_4,sports,386.81741488391316,416.78959499881887,pending,2024-08-06
43716,Product_3716_4,sports,6.43443019681075,75.86810220449853,archived,2024-06-23
43717,Product_3717_4,sports,217.33302558907178,304.66139552089646,inactive,2024-08-28
43718,Product_3718_4,books,127.13990546047319,479.8149411030959,pending,2024-09-13
43719,Product_3719_4,electronics,793.9427737583263,403.6115025249452,active,2024-03-09
43720,Product_3720_4,books,334.6623968048344,51.00989043842631,pending,2024-05-13
43721,Product_3721_4,electronics,559.0505292178123,198.0976916011929,active,2024-05-06
43722,Product_3722_4,electronics,887.644785790071,61.359461925978444,archived,2024-01-18
43723,Product_3723_4,electronics,786.5032073172406,133.6096674162742,archived,2024-04-09
43724,Product_3724_4,books,730.2715250819707,140.49314203545066,pending,2024-09-02
43725,Product_3725_4,electronics,998.4999474885867,196.51473961069587,archived,2024-02-05
43726,Product_3726_4,clothing,690.2625732118618,59.83621191781833,pending,2024-06-16
43727,Product_3727_4,home,776.4620769715897,190.66192354524676,inactive,2024-11-08
43728,Product_3728_4,sports,978.5745298061609,348.5168898801125,pending,2024-07-24
43729,Product_3729_4,home,327.97155449609045,470.9369390862864,archived,2024-09-01
43730,Product_3730_4,electronics,675.1340750936804,21.17479868324856,pending,2024-05-08
43731,Product_3731_4,books,428.28850012583985,14.129448698202744,archived,2024-12-07
43732,Product_3732_4,electronics,109.98822236406006,492.00270252102945,inactive,2024-09-06
43733,Product_3733_4,electronics,795.3404487024112,159.44170232511613,inactive,2024-09-24
43734,Product_3734_4,sports,522.1710329486159,96.783546836219,pending,2024-07-01
43735,Product_3735_4,electronics,698.4442967604664,497.7515643483313,pending,2024-02-07
43736,Product_3736_4,home,233.1277175072981,472.84111034102534,pending,2024-02-19
43737,Product_3737_4,clothing,147.85868277497366,60.16097817666575,inactive,2024-05-17
43738,Product_3738_4,home,818.0974140823446,108.54986583000253,pending,2024-03-22
43739,Product_3739_4,clothing,144.31286160704087,197.46166882149788,archived,2024-10-18
43740,Product_3740_4,home,60.99922071756787,106.94853531258988,inactive,2024-02-21
43741,Product_3741_4,electronics,721.6623308935689,165.7086785546667,inactive,2024-01-12
43742,Product_3742_4,electronics,239.4151849793136,65.6043502421715,pending,2024-09-07
43743,Product_3743_4,home,892.2131506878555,258.1611709585897,inactive,2024-08-15
43744,Product_3744_4,books,398.4243538501494,193.8554594954301,active,2024-05-07
43745,Product_3745_4,home,216.93015439494613,431.99413010211276,active,2024-04-10
43746,Product_3746_4,home,717.0680839893158,79.83733898575663,active,2024-11-26
43747,Product_3747_4,books,954.8755342360511,193.81475370140802,pending,2024-01-19
43748,Product_3748_4,clothing,30.482627413026897,233.1627731499068,pending,2024-01-28
43749,Product_3749_4,home,872.3817457886322,424.48231593497326,inactive,2024-01-13
43750,Product_3750_4,books,970.1679595986703,194.0942361185569,active,2024-11-17
43751,Product_3751_4,home,415.6858584784575,250.55241341466638,archived,2024-04-01
43752,Product_3752_4,clothing,955.2096134633667,218.07096355111824,pending,2024-07-20
43753,Product_3753_4,sports,627.5268385500133,57.87265564030752,active,2024-12-24
43754,Product_3754_4,home,779.046878860509,200.6102685372762,pending,2024-10-03
43755,Product_3755_4,electronics,546.7265937247829,95.35986483344112,pending,2024-05-15
43756,Product_3756_4,electronics,980.0394266924446,99.85700500302785,inactive,2024-01-14
43757,Product_3757_4,electronics,186.9272936910124,345.1743767874796,archived,2024-01-09
43758,Product_3758_4,clothing,428.0902131528971,33.91628878153336,archived,2024-04-28
43759,Product_3759_4,clothing,773.0431145001751,316.200821680886,pending,2024-07-26
43760,Product_3760_4,sports,28.598806247016192,15.848012875523915,archived,2024-06-07
43761,Product_3761_4,home,423.8300264413816,330.11261555778265,pending,2024-11-11
43762,Product_3762_4,home,553.7719980463929,99.41355163663975,archived,2024-08-09
43763,Product_3763_4,sports,267.08620899070223,88.82765308147975,active,2024-05-18
43764,Product_3764_4,clothing,636.6519255537646,112.96814395795535,archived,2024-01-01
43765,Product_3765_4,sports,724.6140805050524,58.02179419180357,archived,2024-02-28
43766,Product_3766_4,books,153.68041601881663,239.31780246252436,archived,2024-09-18
43767,Product_3767_4,electronics,398.35131881135027,379.975061855769,active,2024-11-03
43768,Product_3768_4,electronics,36.75589241080052,458.5725185187786,active,2024-09-19
43769,Product_3769_4,home,484.61240209080404,283.8633114344737,inactive,2024-09-27
43770,Product_3770_4,home,925.4386751746896,64.70969187473442,inactive,2024-03-15
43771,Product_3771_4,books,421.4185142963987,442.89536096132815,archived,2024-09-15
43772,Product_3772_4,clothing,776.3235676169865,100.42128276322781,pending,2024-11-12
43773,Product_3773_4,electronics,559.6089762293924,490.9711620950102,pending,2024-07-16
43774,Product_3774_4,home,884.1365118243191,148.44054889752027,active,2024-10-12
43775,Product_3775_4,sports,928.5792169299731,240.93855649402778,active,2024-11-19
43776,Product_3776_4,clothing,10.792119515839818,190.36970318814915,archived,2024-06-06
43777,Product_3777_4,books,287.3867604834544,390.8956813383823,pending,2024-03-17
43778,Product_3778_4,sports,930.3540719549886,30.194716886315877,inactive,2024-09-19
43779,Product_3779_4,sports,107.85170895813513,434.094239333754,pending,2024-10-12
43780,Product_3780_4,electronics,224.95885310293778,430.60514985019734,active,2024-04-17
43781,Product_3781_4,home,99.73739810346184,86.66885685451403,pending,2024-01-13
43782,Product_3782_4,sports,930.2920582254087,450.59016235912446,archived,2024-02-05
43783,Product_3783_4,books,700.1225457129593,430.5388858693927,active,2024-09-14
43784,Product_3784_4,home,74.05047114592765,184.5244826232001,inactive,2024-03-25
43785,Product_3785_4,home,869.077471429332,134.99118941928248,archived,2024-02-03
43786,Product_3786_4,home,867.9984167422457,67.78519629036359,pending,2024-01-19
43787,Product_3787_4,sports,995.1601897030624,222.6171825094201,archived,2024-06-25
43788,Product_3788_4,electronics,753.3828082963469,142.13724088007197,inactive,2024-06-02
43789,Product_3789_4,home,959.5322459334892,420.69859774862135,active,2024-03-23
43790,Product_3790_4,sports,146.0445226153412,386.51819474895257,active,2024-05-05
43791,Product_3791_4,books,154.8638259982086,265.87316359911136,inactive,2024-11-26
43792,Product_3792_4,clothing,563.5500706437648,261.1685346669834,active,2024-11-03
43793,Product_3793_4,books,720.8963614814205,272.30137122521546,pending,2024-03-26
43794,Product_3794_4,electronics,703.0614733580438,304.7395528992623,inactive,2024-02-17
43795,Product_3795_4,clothing,593.7030353425831,307.17271138241966,archived,2024-01-06
43796,Product_3796_4,books,288.6185884162561,282.24398473115355,archived,2024-07-18
43797,Product_3797_4,electronics,55.96201421622224,66.71723241649538,inactive,2024-08-15
43798,Product_3798_4,sports,731.7290643652996,439.57259216726413,pending,2024-10-24
43799,Product_3799_4,books,201.2772535786919,402.57251170243256,pending,2024-03-26
43800,Product_3800_4,home,195.1877543295878,46.114076210592685,archived,2024-08-09
43801,Product_3801_4,home,363.1429548387275,20.74679370867704,pending,2024-04-26
43802,Product_3802_4,sports,83.11926921933512,246.0228068184058,archived,2024-05-22
43803,Product_3803_4,home,607.6638512788886,456.9902780829775,active,2024-11-21
43804,Product_3804_4,clothing,2.339574733692348,429.26535298641215,inactive,2024-05-18
43805,Product_3805_4,clothing,219.37561368073,136.13979930210132,active,2024-10-15
43806,Product_3806_4,sports,459.0164508050798,446.91077152062843,inactive,2024-05-24
43807,Product_3807_4,home,298.97813644711175,56.43157935985703,pending,2024-06-24
43808,Product_3808_4,sports,498.8248325567612,61.425825779169585,archived,2024-03-09
43809,Product_3809_4,electronics,415.2547174729712,126.56701442431567,pending,2024-12-05
43810,Product_3810_4,books,935.9425986472343,470.4974765892459,archived,2024-10-14
43811,Product_3811_4,clothing,457.71792196766773,31.882219179550162,active,2024-07-13
43812,Product_3812_4,electronics,642.4333712668865,302.3458102073327,archived,2024-09-04
43813,Product_3813_4,books,715.4116935114578,375.7383708939172,inactive,2024-05-07
43814,Product_3814_4,books,280.2426583354789,446.6795093290807,active,2024-02-19
43815,Product_3815_4,home,687.9590762592665,277.01758766136334,pending,2024-01-16
43816,Product_3816_4,electronics,513.9729731057731,218.8521869983169,inactive,2024-04-10
43817,Product_3817_4,electronics,474.0578605406135,409.70844157171564,archived,2024-09-03
43818,Product_3818_4,sports,451.30991672589664,324.705698989732,active,2024-10-02
43819,Product_3819_4,books,512.06939962527,363.7225919706921,archived,2024-08-26
43820,Product_3820_4,clothing,666.7800387900425,265.1349751002548,inactive,2024-03-18
43821,Product_3821_4,electronics,122.30006271968799,485.42295871733273,active,2024-06-11
43822,Product_3822_4,clothing,371.6191955932015,375.3341401026672,active,2024-03-23
43823,Product_3823_4,sports,331.1088652250772,159.21446979914458,active,2024-05-25
43824,Product_3824_4,clothing,825.6722370740222,483.5506004278518,pending,2024-04-16
43825,Product_3825_4,electronics,172.33959988771016,118.42189971001758,archived,2024-07-01
43826,Product_3826_4,home,407.93586351880805,237.66345888331148,archived,2024-11-07
43827,Product_3827_4,clothing,632.2150463600758,395.51330370028097,active,2024-06-22
43828,Product_3828_4,books,710.0171511997675,337.69278705451876,active,2024-06-21
43829,Product_3829_4,clothing,667.324058089668,489.27037936703914,pending,2024-10-25
43830,Product_3830_4,electronics,85.3420337220777,476.346978053834,archived,2024-03-12
43831,Product_3831_4,electronics,164.52652857556527,265.52409048223575,inactive,2024-02-11
43832,Product_3832_4,clothing,304.9888157720038,210.44601207477535,active,2024-05-15
43833,Product_3833_4,home,719.71109669618,222.75323116452364,inactive,2024-10-20
43834,Product_3834_4,books,929.2223158706976,38.72233062632584,pending,2024-03-18
43835,Product_3835_4,home,746.8107971143415,357.76735712990313,active,2024-07-08
43836,Product_3836_4,books,832.6330352773058,106.15564225713807,archived,2024-07-22
43837,Product_3837_4,books,948.2059690579509,262.04780309408454,pending,2024-04-19
43838,Product_3838_4,clothing,220.63581881195805,192.6128855963482,active,2024-08-08
43839,Product_3839_4,sports,420.6246424009981,95.82118681919168,archived,2024-11-08
43840,Product_3840_4,books,489.41496968228734,159.28640729505295,archived,2024-10-25
43841,Product_3841_4,electronics,808.6985025952521,354.8118195213591,inactive,2024-03-22
43842,Product_3842_4,home,814.4312966074161,178.48640125907016,archived,2024-09-14
43843,Product_3843_4,electronics,868.14022892248,140.2263983711751,active,2024-06-08
43844,Product_3844_4,sports,356.2393082956447,241.83794545884726,archived,2024-08-17
43845,Product_3845_4,clothing,161.1828429381566,298.4172958108035,pending,2024-10-11
43846,Product_3846_4,clothing,228.8855993484226,410.10467525354113,pending,2024-10-01
43847,Product_3847_4,home,595.324527432535,347.1309811262438,pending,2024-02-14
43848,Product_3848_4,books,28.50282152152219,369.66618520664724,archived,2024-12-09
43849,Product_3849_4,electronics,626.1792882076506,203.46219929711103,inactive,2024-04-01
43850,Product_3850_4,books,854.3675422766743,279.56204531041135,active,2024-08-15
43851,Product_3851_4,clothing,438.7672459301584,72.11233781760262,inactive,2024-06-05
43852,Product_3852_4,books,617.4595697844851,219.95425683257272,inactive,2024-07-15
43853,Product_3853_4,books,499.7816415824148,351.03574715360986,archived,2024-09-20
43854,Product_3854_4,books,255.1437822234998,289.6277161585448,archived,2024-03-13
43855,Product_3855_4,electronics,211.98280032216806,25.317679000149557,inactive,2024-06-18
43856,Product_3856_4,clothing,641.3418631438537,164.73611760245473,archived,2024-11-12
43857,Product_3857_4,books,253.34599039316313,302.84095218495276,archived,2024-01-08
43858,Product_3858_4,sports,343.75062634377736,423.86949560441514,archived,2024-09-23
43859,Product_3859_4,books,778.9300310163618,332.3343713382327,pending,2024-06-10
43860,Product_3860_4,home,530.2920571684274,110.92416532714282,pending,2024-10-08
43861,Product_3861_4,books,433.75526010521935,491.4155509844216,inactive,2024-05-18
43862,Product_3862_4,clothing,554.9088331155739,372.689922798892,active,2024-02-03
43863,Product_3863_4,clothing,299.39758068560127,318.3081364700879,pending,2024-08-08
43864,Product_3864_4,sports,83.26576069013046,188.05671321301864,active,2024-12-21
43865,Product_3865_4,sports,514.5727511056881,137.72591197741076,active,2024-02-27
43866,Product_3866_4,sports,347.7994529842668,472.9253130335764,active,2024-10-17
43867,Product_3867_4,home,578.7855845678753,93.9874056046502,archived,2024-05-20
43868,Product_3868_4,clothing,254.15422959546274,137.42481426509363,inactive,2024-05-16
43869,Product_3869_4,sports,502.04500810451094,166.67040357389607,inactive,2024-06-24
43870,Product_3870_4,books,572.8302776247875,100.99703982375031,inactive,2024-03-17
43871,Product_3871_4,home,620.466497323005,316.5925019122806,active,2024-09-01
43872,Product_3872_4,sports,932.493657869114,436.9213109254097,active,2024-04-27
43873,Product_3873_4,electronics,540.542190290765,145.46893898040994,inactive,2024-09-11
43874,Product_3874_4,home,655.8731389864207,79.51705637790177,archived,2024-04-24
43875,Product_3875_4,sports,516.3172745392831,254.9764373063715,archived,2024-03-13
43876,Product_3876_4,clothing,81.80884498577682,20.454683620531558,pending,2024-08-18
43877,Product_3877_4,electronics,961.5045892918661,392.6494771291038,inactive,2024-03-14
43878,Product_3878_4,sports,129.1198034702217,65.14874240800481,archived,2024-05-03
43879,Product_3879_4,clothing,750.4845497357326,130.86468091693547,active,2024-04-18
43880,Product_3880_4,electronics,193.48596552020462,432.91129347962647,inactive,2024-07-23
43881,Product_3881_4,electronics,979.424663484581,83.75525025713702,archived,2024-11-17
43882,Product_3882_4,home,101.12680918909349,141.15367404724057,active,2024-10-21
43883,Product_3883_4,home,787.4190651792825,236.25018695701615,inactive,2024-12-14
43884,Product_3884_4,books,934.9056453827707,471.44755791743205,inactive,2024-03-19
43885,Product_3885_4,sports,445.9980455389291,392.16653857238254,inactive,2024-06-23
43886,Product_3886_4,sports,949.7697984674066,358.75096011749895,active,2024-05-01
43887,Product_3887_4,sports,803.4261589936729,498.2991195054682,archived,2024-12-19
43888,Product_3888_4,electronics,937.470465447672,118.2120111987991,archived,2024-06-11
43889,Product_3889_4,electronics,62.70340854996803,318.28544201195024,inactive,2024-11-27
43890,Product_3890_4,books,244.86984325188138,105.72191676057346,archived,2024-06-25
43891,Product_3891_4,sports,79.46829662799843,27.200146715614597,pending,2024-07-12
43892,Product_3892_4,clothing,797.013582983689,250.4459195588623,active,2024-08-24
43893,Product_3893_4,sports,754.9104795171028,112.4279555837509,pending,2024-11-25
43894,Product_3894_4,electronics,346.1926654675011,391.4243959441751,active,2024-08-06
43895,Product_3895_4,home,137.36346611449102,103.12042100890432,archived,2024-10-24
43896,Product_3896_4,sports,912.6355912014699,481.2700194577143,inactive,2024-07-18
43897,Product_3897_4,electronics,583.6594350241376,20.19049437137094,pending,2024-12-26
43898,Product_3898_4,home,147.284535365941,372.95574011214416,active,2024-01-05
43899,Product_3899_4,clothing,543.8028605673029,423.0171273733269,archived,2024-09-01
43900,Product_3900_4,books,346.9917303994559,88.73821930271156,archived,2024-04-07
43901,Product_3901_4,clothing,97.5514286310631,429.9414305967711,archived,2024-03-02
43902,Product_3902_4,home,53.7866825791169,324.23130190978225,inactive,2024-03-12
43903,Product_3903_4,electronics,198.25438143124802,26.44271656331583,archived,2024-11-15
43904,Product_3904_4,sports,359.84886849386567,84.80724826676956,pending,2024-12-27
43905,Product_3905_4,home,742.1250323107686,55.42963695423661,pending,2024-01-13
43906,Product_3906_4,clothing,236.2147965411147,328.54945215569273,pending,2024-02-01
43907,Product_3907_4,books,867.8907156525626,212.69837099727891,inactive,2024-01-24
43908,Product_3908_4,electronics,803.5533909996395,310.9552004439804,inactive,2024-05-12
43909,Product_3909_4,books,165.42598707115044,225.78557438695628,archived,2024-01-24
43910,Product_3910_4,electronics,977.6149069981112,326.6491644538931,pending,2024-09-08
43911,Product_3911_4,clothing,124.67832175550456,315.1799548534221,inactive,2024-12-14
43912,Product_3912_4,home,567.6545035500974,95.61853516049742,inactive,2024-09-11
43913,Product_3913_4,books,903.3860356128159,352.4404819791372,archived,2024-09-06
43914,Product_3914_4,books,654.014851979179,307.4632240062475,pending,2024-05-26
43915,Product_3915_4,sports,383.25722481944035,155.3823992737766,inactive,2024-07-05
43916,Product_3916_4,electronics,277.80128902486166,107.94811256115574,active,2024-04-06
43917,Product_3917_4,books,962.5012582642798,283.5021254879684,active,2024-08-08
43918,Product_3918_4,books,182.24929767101568,355.69084713969585,archived,2024-04-22
43919,Product_3919_4,books,89.1641503083257,270.71993816885595,archived,2024-01-19
43920,Product_3920_4,sports,840.3191331149297,217.2941103015156,active,2024-07-13
43921,Product_3921_4,home,497.9241044660908,140.06047008757915,inactive,2024-05-16
43922,Product_3922_4,books,5.379746214863916,31.052356940250043,archived,2024-12-12
43923,Product_3923_4,home,197.681229848743,24.852071643282706,pending,2024-10-03
43924,Product_3924_4,clothing,738.641103641593,128.99551287566743,inactive,2024-06-18
43925,Product_3925_4,home,434.73608131436254,309.7950306889225,pending,2024-08-22
43926,Product_3926_4,clothing,485.8245077601116,23.99407236478995,pending,2024-05-24
43927,Product_3927_4,sports,987.7633152481311,408.5203059350051,pending,2024-07-28
43928,Product_3928_4,clothing,101.64067960602515,171.35913004983462,archived,2024-02-23
43929,Product_3929_4,sports,807.3428398230504,252.27054733974714,pending,2024-04-07
43930,Product_3930_4,books,141.793655682251,183.35953449661386,archived,2024-12-15
43931,Product_3931_4,clothing,133.45267412037543,21.975045464727497,archived,2024-02-08
43932,Product_3932_4,sports,652.895276416703,22.824014679381115,archived,2024-10-14
43933,Product_3933_4,clothing,83.70048546938303,221.63537611519354,inactive,2024-11-03
43934,Product_3934_4,sports,40.962156135583,441.231888990767,active,2024-02-06
43935,Product_3935_4,sports,31.047154068427886,434.57376274668826,archived,2024-05-14
43936,Product_3936_4,home,937.8020561347419,255.29510004265575,pending,2024-09-23
43937,Product_3937_4,electronics,684.3826754613664,43.6326312550114,pending,2024-10-03
43938,Product_3938_4,electronics,493.0985293618722,480.0764253423559,active,2024-11-14
43939,Product_3939_4,home,469.3325178165854,290.52285520318895,archived,2024-06-06
43940,Product_3940_4,electronics,549.0100715763027,372.97783078726053,inactive,2024-06-17
43941,Product_3941_4,electronics,14.665928219672384,51.24337310019825,pending,2024-12-16
43942,Product_3942_4,sports,528.5823637134729,43.66736089343525,pending,2024-05-12
43943,Product_3943_4,sports,93.3188652657519,275.95921159632894,archived,2024-02-19
43944,Product_3944_4,books,149.5120718990226,456.6368827870031,pending,2024-08-24
43945,Product_3945_4,books,54.178659157158705,219.3317706888076,inactive,2024-05-21
43946,Product_3946_4,electronics,155.19517993664846,342.6880469510979,archived,2024-01-01
43947,Product_3947_4,books,790.11600829509,105.2878363193255,pending,2024-05-12
43948,Product_3948_4,electronics,242.80334356878532,29.155631490299537,archived,2024-04-17
43949,Product_3949_4,sports,21.280148964574355,175.95498319696043,pending,2024-03-13
43950,Product_3950_4,sports,734.3861246126193,31.887131916128777,archived,2024-05-12
43951,Product_3951_4,home,402.24928080448257,214.6072666264043,pending,2024-10-11
43952,Product_3952_4,clothing,201.42979535529417,463.74376021976275,archived,2024-08-04
43953,Product_3953_4,home,552.4874488438173,415.41932498128665,archived,2024-08-10
43954,Product_3954_4,home,967.0137640985276,298.3809673894269,archived,2024-10-19
43955,Product_3955_4,sports,406.40530012105,283.36905188121284,active,2024-03-10
43956,Product_3956_4,books,913.957456329221,147.4559870238338,pending,2024-04-04
43957,Product_3957_4,clothing,109.79270213492131,257.7991786569574,archived,2024-03-27
43958,Product_3958_4,sports,739.9096300937393,22.52877958952576,pending,2024-08-01
43959,Product_3959_4,electronics,65.42723420082315,393.5733518538917,pending,2024-08-13
43960,Product_3960_4,sports,198.99554776416582,26.834448616023767,inactive,2024-12-08
43961,Product_3961_4,home,2.6923408597367486,308.77699271813105,pending,2024-03-25
43962,Product_3962_4,home,931.1121340682027,425.25918078677626,pending,2024-05-12
43963,Product_3963_4,clothing,757.7706300198639,170.96008827590754,pending,2024-12-08
43964,Product_3964_4,home,871.5776179477742,376.0798762422082,inactive,2024-04-08
43965,Product_3965_4,home,960.0212321358842,165.10157768011754,inactive,2024-05-01
43966,Product_3966_4,clothing,611.1640416064143,181.69625010732855,inactive,2024-12-16
43967,Product_3967_4,electronics,81.86453213658892,421.76991639756,active,2024-02-19
43968,Product_3968_4,home,522.0596102448241,407.5031229655988,active,2024-07-24
43969,Product_3969_4,clothing,96.1740252500759,233.53941769120257,active,2024-06-04
43970,Product_3970_4,home,845.8107144287474,467.48261098596384,active,2024-03-27
43971,Product_3971_4,electronics,845.2370493477069,170.2871833423594,inactive,2024-05-18
43972,Product_3972_4,home,740.6618616155736,99.76618335572489,active,2024-11-18
43973,Product_3973_4,electronics,339.29809925905147,84.65046271983577,active,2024-09-16
43974,Product_3974_4,electronics,335.15242147708966,219.42342618797056,pending,2024-02-16
43975,Product_3975_4,clothing,247.7919682695023,128.06813791812652,inactive,2024-05-02
43976,Product_3976_4,electronics,916.979499032997,194.0145844589125,inactive,2024-05-28
43977,Product_3977_4,electronics,868.6147044081487,241.51303835076612,active,2024-08-14
43978,Product_3978_4,books,123.21579230023022,186.39456759190438,inactive,2024-05-02
43979,Product_3979_4,books,554.5306901240098,78.60118137655546,pending,2024-08-08
43980,Product_3980_4,sports,27.473086925464727,308.6063587199747,active,2024-07-07
43981,Product_3981_4,sports,219.18056811745345,329.5773693814756,archived,2024-08-20
43982,Product_3982_4,clothing,912.379623740025,199.66125392341613,archived,2024-04-28
43983,Product_3983_4,home,484.33366714035265,158.18465885547917,pending,2024-04-11
43984,Product_3984_4,clothing,51.8183628218539,127.11315312492289,active,2024-03-19
43985,Product_3985_4,home,860.0006461689486,491.0831346760473,pending,2024-08-15
43986,Product_3986_4,home,119.56208919837175,240.16563043454244,archived,2024-12-04
43987,Product_3987_4,electronics,9.120622969284906,238.06923567276834,archived,2024-09-26
43988,Product_3988_4,books,654.8310500493783,57.07135549288807,archived,2024-12-18
43989,Product_3989_4,home,764.6699298357755,442.433846675013,inactive,2024-03-07
43990,Product_3990_4,books,50.6550081202815,246.27794242945728,archived,2024-03-13
43991,Product_3991_4,sports,436.48088431818326,339.00957343343515,pending,2024-11-27
43992,Product_3992_4,electronics,53.23297607955949,210.16265528786298,active,2024-06-19
43993,Product_3993_4,electronics,97.64461708167622,378.8854792743363,archived,2024-01-17
43994,Product_3994_4,sports,667.5914161186298,30.141078813776055,pending,2024-03-05
43995,Product_3995_4,electronics,906.3098576599881,107.27714346449912,active,2024-07-22
43996,Product_3996_4,clothing,394.72541211918275,228.68185215403545,pending,2024-01-27
43997,Product_3997_4,home,382.5111133628168,102.65530575057623,pending,2024-01-20
43998,Product_3998_4,books,431.67389772847304,286.7368220720868,pending,2024-02-17
43999,Product_3999_4,electronics,391.7727882842071,331.41497108648974,inactive,2024-05-05
44000,Product_4000_4,electronics,609.8115998824893,108.04860239537757,active,2024-06-01
44001,Product_4001_4,clothing,531.0902288166984,486.06995663713894,active,2024-07-28
44002,Product_4002_4,home,836.3788670449965,86.7873372293514,active,2024-05-19
44003,Product_4003_4,home,441.5238790381812,19.790280059424493,pending,2024-01-18
44004,Product_4004_4,home,883.6961080224585,299.46804773122983,archived,2024-05-01
44005,Product_4005_4,books,93.41368939601894,88.76762014288083,archived,2024-07-25
44006,Product_4006_4,sports,154.6036849089563,317.65928381197085,inactive,2024-07-13
44007,Product_4007_4,electronics,268.2017030811551,366.7606787405727,active,2024-12-14
44008,Product_4008_4,electronics,493.11128116537463,148.8639189622704,inactive,2024-04-08
44009,Product_4009_4,electronics,339.8987425635904,288.4054776026471,inactive,2024-11-01
44010,Product_4010_4,clothing,554.9578594399143,454.4186158125942,archived,2024-03-05
44011,Product_4011_4,clothing,645.4585089949621,466.9498509252443,active,2024-05-10
44012,Product_4012_4,electronics,680.5368542959208,270.6715719156004,pending,2024-06-10
44013,Product_4013_4,home,112.96261249809474,55.02151478638271,active,2024-09-15
44014,Product_4014_4,books,397.18662174118816,62.25104092980961,active,2024-07-14
44015,Product_4015_4,home,625.7651064456358,209.02514290169262,active,2024-07-24
44016,Product_4016_4,sports,341.8465181004961,26.128050340322027,inactive,2024-10-21
44017,Product_4017_4,books,634.7654345033379,406.22447664855986,archived,2024-01-02
44018,Product_4018_4,books,637.3793184456331,150.5276569503212,archived,2024-03-08
44019,Product_4019_4,sports,512.3894652317076,137.33122697404613,active,2024-04-25
44020,Product_4020_4,home,444.1037726903644,288.617404822709,inactive,2024-05-14
44021,Product_4021_4,sports,274.9216867174156,83.27677048890386,active,2024-11-11
44022,Product_4022_4,home,631.2082203053069,153.85700889041524,pending,2024-01-08
44023,Product_4023_4,clothing,30.786993257117768,448.27859789102865,archived,2024-10-21
44024,Product_4024_4,books,712.313344934985,33.58610514328245,active,2024-08-24
44025,Product_4025_4,electronics,973.3758981679607,263.825008444465,pending,2024-12-27
44026,Product_4026_4,sports,466.3086821908924,476.41038150812534,pending,2024-10-15
44027,Product_4027_4,electronics,271.1138730841061,408.9549240913587,pending,2024-03-26
44028,Product_4028_4,clothing,251.94880851594286,59.603837783513534,pending,2024-02-28
44029,Product_4029_4,home,361.9022374459919,488.2127908654165,inactive,2024-11-05
44030,Product_4030_4,electronics,75.34665838716106,245.10109631560496,inactive,2024-07-23
44031,Product_4031_4,sports,892.990738842414,123.50164644923545,pending,2024-06-28
44032,Product_4032_4,electronics,486.3307752138334,470.82455008854095,archived,2024-04-09
44033,Product_4033_4,books,915.3703520591085,375.8928299885457,active,2024-12-17
44034,Product_4034_4,clothing,904.0279284887887,446.67648483062067,inactive,2024-05-25
44035,Product_4035_4,electronics,323.79691812648076,404.4938541655341,inactive,2024-01-14
44036,Product_4036_4,home,197.8048398430212,469.37173905346964,active,2024-09-24
44037,Product_4037_4,home,220.2677240604891,359.57737860638184,inactive,2024-11-07
44038,Product_4038_4,electronics,458.30208986659636,213.4808697834938,active,2024-03-27
44039,Product_4039_4,home,858.8360156251896,246.288883034841,pending,2024-02-22
44040,Product_4040_4,clothing,799.755679564916,73.11799051538199,active,2024-10-04
44041,Product_4041_4,home,202.842656140783,239.9339991002436,pending,2024-02-05
44042,Product_4042_4,sports,673.6931778894751,187.72626478746278,archived,2024-02-13
44043,Product_4043_4,home,592.6315457827084,176.6096013395683,inactive,2024-03-11
44044,Product_4044_4,clothing,948.3189998845941,364.6163523606906,inactive,2024-05-24
44045,Product_4045_4,home,814.2865318720997,184.81802245554934,archived,2024-12-23
44046,Product_4046_4,clothing,381.9380489870496,152.54193915645376,active,2024-09-10
44047,Product_4047_4,books,445.52280953320223,469.8096553412962,pending,2024-08-19
44048,Product_4048_4,clothing,371.39526205020655,343.1286685286588,active,2024-05-10
44049,Product_4049_4,electronics,617.2017427635095,320.84339454756713,active,2024-06-02
44050,Product_4050_4,sports,410.6456851569669,399.34923826761997,inactive,2024-05-21
44051,Product_4051_4,sports,847.1018411950272,282.4874673797967,active,2024-04-08
44052,Product_4052_4,home,329.56485035616225,408.51692491190323,archived,2024-07-07
44053,Product_4053_4,electronics,664.8980029355661,68.57187921162715,pending,2024-10-09
44054,Product_4054_4,sports,100.45952579385781,409.00759637138043,archived,2024-01-26
44055,Product_4055_4,books,290.68898379321524,368.31787893282325,pending,2024-06-13
44056,Product_4056_4,home,417.4337306709682,405.277776935608,archived,2024-07-11
44057,Product_4057_4,books,684.439858855489,317.59980751144843,archived,2024-08-11
44058,Product_4058_4,home,766.1397642627147,481.3436153734092,pending,2024-08-26
44059,Product_4059_4,electronics,383.37284255918127,121.38807375526319,pending,2024-12-27
44060,Product_4060_4,home,329.89306841719264,115.1506371538798,active,2024-04-05
44061,Product_4061_4,home,797.0656171791514,466.519747239545,archived,2024-03-18
44062,Product_4062_4,books,117.00472443871035,10.029306581113289,archived,2024-08-28
44063,Product_4063_4,electronics,317.1380181681269,355.8779845519041,active,2024-09-21
44064,Product_4064_4,sports,283.18396260983275,17.82143089871435,pending,2024-09-21
44065,Product_4065_4,home,397.8333131275954,475.79472297299765,pending,2024-11-16
44066,Product_4066_4,books,791.7875222423609,79.51216382796905,pending,2024-05-04
44067,Product_4067_4,home,804.8822947476834,181.64936599774805,inactive,2024-03-08
44068,Product_4068_4,sports,932.4840892488145,443.01893507704614,pending,2024-09-01
44069,Product_4069_4,home,690.0394661315303,316.51259619085255,pending,2024-09-28
44070,Product_4070_4,books,970.1371594308189,91.04717757802283,pending,2024-01-07
44071,Product_4071_4,clothing,121.55605472489303,382.8752944104065,pending,2024-04-16
44072,Product_4072_4,books,181.3725076223795,12.721167225893765,inactive,2024-06-25
44073,Product_4073_4,home,904.5499212136057,126.75042852775161,inactive,2024-08-15
44074,Product_4074_4,books,991.5227253561985,424.3029745804492,inactive,2024-03-26
44075,Product_4075_4,books,946.3726192241434,476.2662098782758,inactive,2024-02-03
44076,Product_4076_4,sports,245.74070585067983,412.14864884529413,pending,2024-10-23
44077,Product_4077_4,books,65.36551740861266,181.88975437256283,active,2024-03-12
44078,Product_4078_4,books,112.72957422951465,336.7520756336178,archived,2024-10-10
44079,Product_4079_4,clothing,151.8242005249284,282.2376563276163,active,2024-01-09
44080,Product_4080_4,electronics,994.2688308021916,458.2578081807513,inactive,2024-07-15
44081,Product_4081_4,books,586.6954447764437,331.22236196072544,inactive,2024-02-23
44082,Product_4082_4,home,657.385596839478,437.2992788719072,inactive,2024-01-10
44083,Product_4083_4,home,379.0541958604619,218.49484918701887,inactive,2024-03-04
44084,Product_4084_4,home,719.2019314005275,252.12874288890302,archived,2024-10-05
44085,Product_4085_4,home,889.2535111523126,121.11524299378856,pending,2024-06-27
44086,Product_4086_4,electronics,979.9344723738569,345.2436073844356,inactive,2024-10-15
44087,Product_4087_4,electronics,485.3492038521394,420.066646179847,active,2024-02-06
44088,Product_4088_4,electronics,156.35377358677894,75.55555373439412,active,2024-10-08
44089,Product_4089_4,home,373.6294825980425,266.3186138602392,archived,2024-04-18
44090,Product_4090_4,sports,939.554087117511,87.24851604302417,pending,2024-08-18
44091,Product_4091_4,sports,559.8135951727517,53.46855946347572,pending,2024-03-12
44092,Product_4092_4,sports,333.8820346793058,435.67713452676253,archived,2024-06-03
44093,Product_4093_4,home,581.0430958953629,439.3206937250373,archived,2024-09-18
44094,Product_4094_4,electronics,154.54937860542256,88.57389857683484,pending,2024-09-23
44095,Product_4095_4,books,16.947952260327774,110.47643386654464,archived,2024-04-06
44096,Product_4096_4,electronics,365.56025773979763,179.5807141969385,inactive,2024-06-09
44097,Product_4097_4,clothing,233.20120700099255,236.3358445184266,inactive,2024-01-25
44098,Product_4098_4,sports,36.94865496133596,455.08597874476413,pending,2024-08-26
44099,Product_4099_4,home,781.7558572891481,423.23050898890403,active,2024-08-06
44100,Product_4100_4,sports,54.451459206670656,204.2390672468812,archived,2024-04-19
44101,Product_4101_4,clothing,988.3824762260874,169.2826794273054,inactive,2024-11-14
44102,Product_4102_4,books,269.1227988341088,321.12975464840895,inactive,2024-06-23
44103,Product_4103_4,sports,502.23081894777005,485.43245237922696,archived,2024-06-19
44104,Product_4104_4,books,120.35014780494114,122.58635684552758,pending,2024-05-23
44105,Product_4105_4,home,893.2673399869004,204.39777934049013,inactive,2024-12-24
44106,Product_4106_4,sports,751.143883805268,471.00090052212806,pending,2024-06-13
44107,Product_4107_4,home,143.68871218269106,79.91726966612687,pending,2024-02-16
44108,Product_4108_4,clothing,207.7067626463604,159.88038219740727,archived,2024-09-24
44109,Product_4109_4,home,490.62049450658066,133.17850315579904,inactive,2024-07-24
44110,Product_4110_4,home,27.57716606120415,205.94943084552,active,2024-12-25
44111,Product_4111_4,home,106.60028938264293,344.08894963011585,inactive,2024-02-15
44112,Product_4112_4,electronics,535.2813522791143,263.1853522875273,inactive,2024-07-04
44113,Product_4113_4,clothing,10.977823326235088,205.13676193196918,active,2024-05-05
44114,Product_4114_4,electronics,49.74428650393301,114.9267083408712,archived,2024-10-06
44115,Product_4115_4,electronics,537.572507894438,339.69909440768345,inactive,2024-11-03
44116,Product_4116_4,home,847.0051263007058,113.47255174199357,pending,2024-11-02
44117,Product_4117_4,clothing,813.1499716554625,216.2198585452463,archived,2024-11-07
44118,Product_4118_4,electronics,993.5287756376124,268.8466280774923,pending,2024-04-10
44119,Product_4119_4,clothing,594.0758105557558,461.2177709095711,active,2024-01-23
44120,Product_4120_4,books,358.66410149812305,368.0279855018284,pending,2024-08-23
44121,Product_4121_4,books,78.58301299076798,179.15607805428203,archived,2024-06-02
44122,Product_4122_4,sports,322.27963795198207,389.8022697890431,archived,2024-01-05
44123,Product_4123_4,sports,18.348788610822417,81.76057340107369,active,2024-07-05
44124,Product_4124_4,electronics,901.4617206931924,55.07535726279572,archived,2024-04-13
44125,Product_4125_4,home,761.628100631156,472.71125463242606,pending,2024-11-09
44126,Product_4126_4,books,178.47990850990328,241.82618129014978,pending,2024-06-09
44127,Product_4127_4,electronics,388.66474049665396,150.0032630538455,archived,2024-01-26
44128,Product_4128_4,clothing,139.48782383711378,184.04855525957058,archived,2024-12-27
44129,Product_4129_4,home,447.3530333133947,75.75580623393715,pending,2024-01-28
44130,Product_4130_4,electronics,402.36563241449653,45.33942833669203,archived,2024-05-20
44131,Product_4131_4,clothing,895.844815317948,137.26559020456182,active,2024-02-06
44132,Product_4132_4,electronics,287.83565564236824,429.23879530736633,pending,2024-06-12
44133,Product_4133_4,books,341.49973093938166,333.68167343491194,archived,2024-08-03
44134,Product_4134_4,home,449.1569019819722,438.7994611432331,pending,2024-02-03
44135,Product_4135_4,books,744.9463097500422,366.36931123285234,active,2024-05-20
44136,Product_4136_4,home,988.1585716309281,125.78251068770018,pending,2024-12-26
44137,Product_4137_4,sports,935.5543260574376,431.984734029555,inactive,2024-03-24
44138,Product_4138_4,clothing,104.70753200176644,473.378534442716,active,2024-07-27
44139,Product_4139_4,books,490.1169489750878,147.3191081099708,archived,2024-07-25
44140,Product_4140_4,home,20.42703406729242,12.796625276883073,archived,2024-04-27
44141,Product_4141_4,books,330.00542646463714,255.73154944270402,pending,2024-02-04
44142,Product_4142_4,clothing,30.5396707311121,359.6000913794831,inactive,2024-05-14
44143,Product_4143_4,books,284.4726950211711,360.9941030491124,active,2024-10-20
44144,Product_4144_4,home,196.3935428549936,204.11460699403614,archived,2024-11-28
44145,Product_4145_4,books,891.8240870752844,215.2258747303563,inactive,2024-06-10
44146,Product_4146_4,sports,570.227047491022,425.6758649708009,inactive,2024-02-03
44147,Product_4147_4,clothing,770.848352439103,468.7090104910747,pending,2024-08-10
44148,Product_4148_4,home,157.71177269741702,360.7039615562247,pending,2024-10-02
44149,Product_4149_4,sports,898.2945757005104,112.66949936366967,active,2024-05-21
44150,Product_4150_4,clothing,314.8787006993637,43.66949053151348,pending,2024-03-07
44151,Product_4151_4,sports,296.1833438694803,302.93929551008546,pending,2024-01-26
44152,Product_4152_4,books,236.24691377036478,317.416303853104,pending,2024-07-13
44153,Product_4153_4,clothing,604.6437096861648,225.68864806917975,inactive,2024-10-27
44154,Product_4154_4,electronics,776.169398854371,313.6993358218238,archived,2024-03-08
44155,Product_4155_4,books,503.3482972455481,452.4217105490754,archived,2024-12-26
44156,Product_4156_4,electronics,589.7649907752915,265.7249199173543,archived,2024-05-17
44157,Product_4157_4,books,666.6517718825517,203.5741993607962,archived,2024-11-11
44158,Product_4158_4,books,853.5600710923345,323.5028687419335,pending,2024-03-08
44159,Product_4159_4,electronics,183.49133880892737,146.9193992230994,active,2024-03-01
44160,Product_4160_4,sports,182.8381194162871,408.9029039823533,inactive,2024-11-15
44161,Product_4161_4,clothing,921.7858641197403,420.06227905149325,archived,2024-04-04
44162,Product_4162_4,electronics,663.8309516239423,483.12384407731497,active,2024-11-25
44163,Product_4163_4,electronics,192.3439604927244,454.4380733563323,active,2024-07-15
44164,Product_4164_4,books,512.3549253461603,196.02553841591762,pending,2024-02-05
44165,Product_4165_4,books,528.5826755434141,31.35422208359606,active,2024-02-13
44166,Product_4166_4,sports,275.49445440458635,204.93812324045595,pending,2024-02-09
44167,Product_4167_4,clothing,456.9422261184857,379.6266867311896,archived,2024-07-09
44168,Product_4168_4,books,919.474681252119,69.80619201866959,active,2024-06-22
44169,Product_4169_4,sports,225.59774736777928,214.05643495194425,pending,2024-11-20
44170,Product_4170_4,electronics,450.3950004377028,266.21450072950364,inactive,2024-04-24
44171,Product_4171_4,books,826.5010247341654,153.65644976818294,archived,2024-11-19
44172,Product_4172_4,electronics,57.989914854417464,463.00807626737276,inactive,2024-07-10
44173,Product_4173_4,electronics,483.1074005682864,302.4304389015534,active,2024-07-23
44174,Product_4174_4,home,385.6707839638605,323.3762801881176,archived,2024-09-14
44175,Product_4175_4,electronics,987.092395642856,265.01386354641255,active,2024-10-24
44176,Product_4176_4,home,555.0472299082593,147.27766341264868,archived,2024-03-19
44177,Product_4177_4,books,634.2224830164608,59.467665412418185,pending,2024-02-15
44178,Product_4178_4,electronics,589.9151016000881,144.52292653919793,pending,2024-03-03
44179,Product_4179_4,sports,175.58020563442702,267.4258357887698,inactive,2024-12-20
44180,Product_4180_4,books,883.1703012518951,464.0812768732159,active,2024-09-20
44181,Product_4181_4,electronics,643.5932025286029,411.95037757731683,inactive,2024-08-01
44182,Product_4182_4,electronics,695.8318413512881,117.25130333326032,inactive,2024-11-22
44183,Product_4183_4,sports,166.61495591323148,73.70252069068684,active,2024-12-14
44184,Product_4184_4,electronics,532.7342295345331,277.96139632596163,archived,2024-12-02
44185,Product_4185_4,sports,583.8545131467899,127.97963399950761,archived,2024-12-18
44186,Product_4186_4,books,231.33664110716512,328.72487058599216,active,2024-03-24
44187,Product_4187_4,electronics,526.5677282143507,415.81077678115184,inactive,2024-08-15
44188,Product_4188_4,clothing,62.24941727352695,317.9738733856947,inactive,2024-09-11
44189,Product_4189_4,books,509.26456500851657,321.6825086088303,inactive,2024-11-15
44190,Product_4190_4,clothing,981.0565815511322,332.81963634039977,inactive,2024-09-26
44191,Product_4191_4,home,548.6708369840445,391.0011651412901,archived,2024-10-02
44192,Product_4192_4,home,535.4414238723161,197.21027240190318,inactive,2024-06-08
44193,Product_4193_4,home,889.6090959833342,391.11659374711445,inactive,2024-07-25
44194,Product_4194_4,home,447.3957053466912,30.980116299939144,pending,2024-10-24
44195,Product_4195_4,books,133.27049143086828,210.96636463238468,archived,2024-11-27
44196,Product_4196_4,clothing,537.5595068409555,103.61749086887684,pending,2024-02-01
44197,Product_4197_4,sports,293.52924077221394,248.22986156948758,active,2024-10-11
44198,Product_4198_4,sports,555.8692030057563,35.93859840362928,active,2024-04-28
44199,Product_4199_4,electronics,96.37289035667101,477.86156504714955,active,2024-12-14
44200,Product_4200_4,sports,208.38463067214184,137.24956724054152,archived,2024-06-18
44201,Product_4201_4,home,738.9875558030562,239.97215373577768,active,2024-12-12
44202,Product_4202_4,books,309.6193512016916,31.562965199652957,pending,2024-08-15
44203,Product_4203_4,clothing,76.91856670871007,342.14528473568765,inactive,2024-04-27
44204,Product_4204_4,books,167.1853750686116,332.6395073986305,archived,2024-03-11
44205,Product_4205_4,home,234.62260697888857,405.57947376710945,archived,2024-08-19
44206,Product_4206_4,home,273.95700087564404,146.14710232029486,active,2024-05-23
44207,Product_4207_4,home,556.9923659256755,416.4083495301549,active,2024-01-06
44208,Product_4208_4,books,916.4898601614887,337.91968876671035,pending,2024-02-01
44209,Product_4209_4,electronics,695.1023202431174,470.979749316884,inactive,2024-06-15
44210,Product_4210_4,sports,112.53705875921641,246.07508928601703,archived,2024-12-05
44211,Product_4211_4,electronics,162.1039248316067,71.34764011615535,active,2024-12-21
44212,Product_4212_4,home,705.4400352437971,114.14938485545228,active,2024-03-04
44213,Product_4213_4,home,397.2261958635556,228.08229015832782,archived,2024-05-24
44214,Product_4214_4,sports,472.5007622723022,408.8623866507688,inactive,2024-12-07
44215,Product_4215_4,books,14.533075412200944,421.98747363221736,active,2024-10-25
44216,Product_4216_4,home,502.3922801030411,211.69958025098703,archived,2024-10-25
44217,Product_4217_4,electronics,142.0716262914144,323.5809703344319,active,2024-08-28
44218,Product_4218_4,sports,810.0970132378432,496.85962742488283,active,2024-07-10
44219,Product_4219_4,sports,227.52022503975053,55.60113094418737,pending,2024-03-02
44220,Product_4220_4,home,941.8201549132357,296.0113169730236,pending,2024-02-23
44221,Product_4221_4,home,196.8393536505396,118.14682703936977,active,2024-07-12
44222,Product_4222_4,home,65.30034262274519,376.62514902800217,pending,2024-12-10
44223,Product_4223_4,home,720.4938846987022,218.50660129935912,pending,2024-10-03
44224,Product_4224_4,sports,147.27470325158703,259.9910950626654,archived,2024-06-06
44225,Product_4225_4,books,227.0125939841325,192.8409881965024,inactive,2024-04-01
44226,Product_4226_4,clothing,775.0401201047148,97.1739100555848,pending,2024-03-10
44227,Product_4227_4,electronics,227.13574901701762,85.89827043835417,inactive,2024-02-26
44228,Product_4228_4,home,811.3030226656755,427.8245869286972,archived,2024-03-14
44229,Product_4229_4,books,769.8715468258687,447.78104758058953,inactive,2024-01-14
44230,Product_4230_4,books,333.94342356486555,187.39117743047794,inactive,2024-07-23
44231,Product_4231_4,clothing,43.6512947797442,105.31170450834352,active,2024-08-10
44232,Product_4232_4,books,441.74032523804993,200.52846490792413,inactive,2024-11-25
44233,Product_4233_4,clothing,505.05482104017017,448.32226372455494,inactive,2024-10-02
44234,Product_4234_4,clothing,177.43877624300836,335.6197535961486,active,2024-03-18
44235,Product_4235_4,home,385.1374985604451,438.2175270829008,active,2024-07-21
44236,Product_4236_4,home,624.4907014876212,456.15761550786027,archived,2024-07-25
44237,Product_4237_4,clothing,519.7541504281013,491.9463701674061,pending,2024-03-22
44238,Product_4238_4,sports,414.76530900033873,363.26785991113996,archived,2024-09-17
44239,Product_4239_4,clothing,933.2338665316524,429.26639166531726,pending,2024-02-08
44240,Product_4240_4,sports,968.074136861475,196.102348007561,archived,2024-01-25
44241,Product_4241_4,home,880.65852114128,372.48177847205176,pending,2024-06-17
44242,Product_4242_4,home,553.718609324496,465.03220123281545,pending,2024-01-22
44243,Product_4243_4,sports,162.69778574635495,80.87514260863543,inactive,2024-06-07
44244,Product_4244_4,electronics,589.800140962855,398.09376821652813,pending,2024-10-01
44245,Product_4245_4,sports,8.65875474219467,103.93627120354394,active,2024-03-21
44246,Product_4246_4,clothing,944.6088419186915,269.076323842265,active,2024-04-13
44247,Product_4247_4,electronics,252.47148824790847,232.38203811773192,inactive,2024-08-01
44248,Product_4248_4,books,591.5629379538991,409.4155790898129,active,2024-08-07
44249,Product_4249_4,electronics,258.02169369677335,25.39423571004229,pending,2024-09-05
44250,Product_4250_4,sports,334.46879371251833,391.3399014895896,active,2024-11-26
44251,Product_4251_4,books,795.6572079172604,61.63986895733936,inactive,2024-11-24
44252,Product_4252_4,electronics,487.83426249831507,89.29478439608262,inactive,2024-09-19
44253,Product_4253_4,sports,490.25601002864505,265.0483322972366,active,2024-04-12
44254,Product_4254_4,sports,261.521988049723,341.67602728989493,pending,2024-09-14
44255,Product_4255_4,books,964.3158427702817,166.3035719059233,active,2024-09-10
44256,Product_4256_4,sports,425.92858734739906,27.8773481834982,active,2024-12-15
44257,Product_4257_4,electronics,500.16224070932935,407.3024482534359,pending,2024-05-09
44258,Product_4258_4,sports,249.93588795053662,124.14300896389778,inactive,2024-05-01
44259,Product_4259_4,sports,803.6581334750114,241.5070377625685,inactive,2024-01-24
44260,Product_4260_4,books,321.93662614643483,88.14369273378844,archived,2024-11-04
44261,Product_4261_4,electronics,37.828527613507525,54.236043451594945,active,2024-05-20
44262,Product_4262_4,clothing,126.4329868721131,376.888682785584,archived,2024-12-23
44263,Product_4263_4,books,495.91164222781447,125.10163365315708,pending,2024-03-18
44264,Product_4264_4,clothing,515.6289636688558,222.84814768440322,archived,2024-12-17
44265,Product_4265_4,books,643.2888376445237,183.89742326486373,archived,2024-02-08
44266,Product_4266_4,home,282.2066058228394,257.0265345071607,archived,2024-04-16
44267,Product_4267_4,clothing,700.3161269514818,443.8193778316636,pending,2024-01-27
44268,Product_4268_4,home,319.1362997585166,37.97225165478643,pending,2024-05-08
44269,Product_4269_4,sports,723.9511058059952,446.10826249383246,pending,2024-02-24
44270,Product_4270_4,home,346.1956752474582,76.72939971321138,active,2024-01-12
44271,Product_4271_4,sports,47.481165885341696,181.14030892064432,archived,2024-10-25
44272,Product_4272_4,sports,355.65853323284244,453.3717598360611,archived,2024-12-08
44273,Product_4273_4,electronics,936.8052430250434,125.23644416678732,pending,2024-11-24
44274,Product_4274_4,home,596.1096171513318,483.3433267988487,pending,2024-08-24
44275,Product_4275_4,books,876.4569726392244,348.91129633547746,pending,2024-09-23
44276,Product_4276_4,sports,528.9529210217103,302.11389914596015,inactive,2024-12-23
44277,Product_4277_4,sports,86.21304322530656,281.51586669636373,pending,2024-05-01
44278,Product_4278_4,sports,1.3378084682827187,114.69492077809727,inactive,2024-10-22
44279,Product_4279_4,electronics,506.6535554218226,471.31124038746765,inactive,2024-12-28
44280,Product_4280_4,home,118.99507983873549,39.664219696490775,archived,2024-01-01
44281,Product_4281_4,clothing,420.1706572944504,143.28054477073573,active,2024-06-11
44282,Product_4282_4,electronics,784.8632577098089,407.99078206427913,pending,2024-10-27
44283,Product_4283_4,books,530.7999319576483,147.41425030398537,active,2024-02-02
44284,Product_4284_4,home,643.0257750705198,354.8690519671728,pending,2024-12-25
44285,Product_4285_4,clothing,850.7321231212371,280.7004484034464,pending,2024-07-10
44286,Product_4286_4,electronics,797.4795184221879,290.0831608643826,archived,2024-02-02
44287,Product_4287_4,clothing,835.910495993301,79.95162125806637,inactive,2024-05-07
44288,Product_4288_4,clothing,837.4817810817599,373.45727210135186,inactive,2024-06-12
44289,Product_4289_4,clothing,733.8187551363269,142.80297554764888,active,2024-07-11
44290,Product_4290_4,books,110.04927951645287,152.7189694824542,archived,2024-06-10
44291,Product_4291_4,home,863.8332366180418,213.43735519951767,pending,2024-10-19
44292,Product_4292_4,clothing,933.5694681009152,452.46639685377005,pending,2024-01-20
44293,Product_4293_4,home,455.37818646661236,271.2204539301561,archived,2024-01-21
44294,Product_4294_4,home,308.9929522588846,231.74366640708783,active,2024-09-06
44295,Product_4295_4,electronics,864.9403260688623,429.636212625424,archived,2024-06-21
44296,Product_4296_4,sports,291.7441015305533,26.887223543144575,pending,2024-01-03
44297,Product_4297_4,clothing,764.9002684659279,86.85804148281902,active,2024-08-27
44298,Product_4298_4,clothing,415.5782625735765,466.7894359960576,archived,2024-01-02
44299,Product_4299_4,home,773.2955457016021,342.39155821909713,pending,2024-04-24
44300,Product_4300_4,sports,81.92759528262359,453.8133930412053,active,2024-06-13
44301,Product_4301_4,sports,586.3133683177554,451.6406673180402,pending,2024-02-09
44302,Product_4302_4,books,927.4221366936795,68.71432374591751,pending,2024-10-17
44303,Product_4303_4,sports,878.5266592035426,55.7017082769217,pending,2024-11-18
44304,Product_4304_4,clothing,284.58103380682047,49.60229333798706,inactive,2024-10-05
44305,Product_4305_4,electronics,541.8913590399612,204.41562433156358,active,2024-12-09
44306,Product_4306_4,electronics,598.8380149635278,412.66032350284996,active,2024-05-01
44307,Product_4307_4,clothing,296.22026123835224,172.49376179285315,archived,2024-07-28
44308,Product_4308_4,electronics,60.493559703249616,23.187180595748362,pending,2024-09-01
44309,Product_4309_4,clothing,739.8361807632833,218.34257476724724,active,2024-01-15
44310,Product_4310_4,home,552.1949623995887,113.58969721823505,archived,2024-05-17
44311,Product_4311_4,home,43.56833658192304,254.38856241668606,active,2024-12-08
44312,Product_4312_4,clothing,379.4783200246154,372.2774936000483,pending,2024-09-26
44313,Product_4313_4,electronics,418.73539255070096,234.23556519226594,archived,2024-05-12
44314,Product_4314_4,sports,375.63049499114595,461.8453619374522,archived,2024-09-09
44315,Product_4315_4,electronics,801.2493867961302,52.300521577605956,archived,2024-12-10
44316,Product_4316_4,electronics,608.4149143569712,101.05997520105763,pending,2024-08-28
44317,Product_4317_4,clothing,55.334479227066254,189.15812445335945,active,2024-08-18
44318,Product_4318_4,electronics,959.421370837841,99.38429171841224,archived,2024-04-24
44319,Product_4319_4,books,456.9578534856629,384.35033373241896,active,2024-10-25
44320,Product_4320_4,clothing,127.86685608477093,291.01670740159267,pending,2024-01-27
44321,Product_4321_4,home,627.8429218490446,443.023675734766,active,2024-07-07
44322,Product_4322_4,electronics,345.902745609237,116.51499573271735,active,2024-05-16
44323,Product_4323_4,sports,717.4974166167995,231.90150658230445,pending,2024-10-08
44324,Product_4324_4,clothing,561.4272381089837,100.45466273971653,active,2024-11-11
44325,Product_4325_4,clothing,926.6485630549645,22.424779872125505,pending,2024-07-16
44326,Product_4326_4,home,364.39166359830045,142.53123618110985,active,2024-08-11
44327,Product_4327_4,sports,396.394231021232,138.91536029674265,inactive,2024-09-14
44328,Product_4328_4,electronics,297.44669875892856,487.70540301670115,active,2024-06-13
44329,Product_4329_4,clothing,868.6247874166255,406.703783553567,inactive,2024-01-08
44330,Product_4330_4,sports,592.7203483505409,120.82213844644215,archived,2024-05-05
44331,Product_4331_4,electronics,600.9832562369564,282.40366232999247,pending,2024-10-11
44332,Product_4332_4,clothing,710.5399804676401,333.791910850784,archived,2024-06-17
44333,Product_4333_4,clothing,25.47541223826206,99.35800599046935,archived,2024-10-18
44334,Product_4334_4,electronics,888.2327913898714,326.89666236676766,pending,2024-12-03
44335,Product_4335_4,books,825.8935920899058,374.357461869695,active,2024-08-15
44336,Product_4336_4,home,110.88537865774573,314.15736380264804,pending,2024-10-18
44337,Product_4337_4,clothing,118.47707306829308,441.66037838983937,active,2024-08-18
44338,Product_4338_4,clothing,958.0625072186234,480.9352603440178,archived,2024-12-04
44339,Product_4339_4,home,220.23510972551213,91.84245252191609,active,2024-02-04
44340,Product_4340_4,books,937.991662022725,66.45640431720224,inactive,2024-04-03
44341,Product_4341_4,home,59.28611923806317,287.79292635032573,archived,2024-01-17
44342,Product_4342_4,sports,391.7804420397592,365.0976446006316,active,2024-11-22
44343,Product_4343_4,sports,740.7953953790923,399.1834288832761,pending,2024-02-22
44344,Product_4344_4,home,356.11581721134405,409.0875260440361,active,2024-09-27
44345,Product_4345_4,clothing,251.5995020132076,327.665148229732,pending,2024-02-11
44346,Product_4346_4,electronics,56.44201797343686,323.93186925374886,active,2024-02-18
44347,Product_4347_4,home,423.4155415504148,360.51978501428806,archived,2024-11-16
44348,Product_4348_4,electronics,589.5882348787294,372.552630451437,inactive,2024-05-16
44349,Product_4349_4,clothing,952.1061075842117,383.3027500694968,pending,2024-02-28
44350,Product_4350_4,sports,82.07855703876606,402.73144436195486,archived,2024-08-22
44351,Product_4351_4,home,316.5168651901706,37.95170902786409,pending,2024-04-17
44352,Product_4352_4,books,30.023838095080826,337.44063204193054,archived,2024-10-01
44353,Product_4353_4,electronics,260.20988733406256,464.2175323710666,active,2024-02-23
44354,Product_4354_4,home,261.6367808918242,259.5080877449458,archived,2024-06-22
44355,Product_4355_4,sports,672.2858921241736,321.99046074670866,inactive,2024-08-04
44356,Product_4356_4,sports,538.1299085655065,339.06517740862296,archived,2024-09-17
44357,Product_4357_4,books,913.090007169798,186.9115386720101,inactive,2024-08-27
44358,Product_4358_4,books,962.1008947459665,112.46395017285636,pending,2024-12-06
44359,Product_4359_4,home,724.2496481784721,84.70037490573515,archived,2024-02-07
44360,Product_4360_4,sports,723.3163547047827,267.98568156158296,inactive,2024-05-07
44361,Product_4361_4,sports,467.6585531327809,346.08840252935147,archived,2024-03-10
44362,Product_4362_4,clothing,6.688304899575743,276.1313138948589,active,2024-03-02
44363,Product_4363_4,electronics,380.5934141016309,238.58012101707763,pending,2024-02-06
44364,Product_4364_4,clothing,410.1496978949286,132.03921749516397,archived,2024-11-26
44365,Product_4365_4,sports,2.6912279851375165,158.2234217875708,inactive,2024-02-21
44366,Product_4366_4,clothing,544.4063781673177,301.37823202515534,pending,2024-08-22
44367,Product_4367_4,electronics,13.772370475229495,135.64339770778736,pending,2024-09-05
44368,Product_4368_4,clothing,142.1319564616538,107.10884306307092,active,2024-10-15
44369,Product_4369_4,electronics,977.8519412538873,344.4916428103477,inactive,2024-12-10
44370,Product_4370_4,electronics,974.1761718568865,351.78420463900414,active,2024-06-04
44371,Product_4371_4,books,70.45811839390682,125.69832614630842,active,2024-02-24
44372,Product_4372_4,books,268.2953208245259,311.59773599175054,pending,2024-09-13
44373,Product_4373_4,electronics,932.161132628108,281.9445016864067,archived,2024-03-28
44374,Product_4374_4,sports,914.4879182678168,351.7482422989246,pending,2024-05-13
44375,Product_4375_4,clothing,999.1458275327517,499.4764349139956,archived,2024-07-19
44376,Product_4376_4,books,105.09045143232106,67.7641545940328,active,2024-08-19
44377,Product_4377_4,books,458.0920271345904,437.33351969353305,pending,2024-02-10
44378,Product_4378_4,sports,383.37291294086407,57.256639926202936,archived,2024-09-17
44379,Product_4379_4,home,533.0357818473158,466.7353114018709,active,2024-11-06
44380,Product_4380_4,books,158.4553618250045,92.42725884917985,archived,2024-07-16
44381,Product_4381_4,clothing,874.1425269310943,477.2982464823104,inactive,2024-03-05
44382,Product_4382_4,books,121.41607750126248,53.44989710983229,inactive,2024-05-10
44383,Product_4383_4,books,680.0341011780582,22.32427341375506,inactive,2024-06-02
44384,Product_4384_4,sports,399.0365090195154,273.3436700336649,inactive,2024-06-27
44385,Product_4385_4,sports,121.38891089044198,436.3292061930352,active,2024-03-04
44386,Product_4386_4,sports,519.5549509217842,242.0767424579546,active,2024-01-13
44387,Product_4387_4,electronics,352.313838043007,129.19264799834784,pending,2024-11-14
44388,Product_4388_4,books,505.71284297858836,386.7441379314041,inactive,2024-08-26
44389,Product_4389_4,electronics,313.5031328667453,89.40526279553671,active,2024-05-17
44390,Product_4390_4,sports,254.0340473121127,429.8642841869557,pending,2024-09-09
44391,Product_4391_4,electronics,691.0394816517927,240.40410901312896,active,2024-09-05
44392,Product_4392_4,clothing,691.5869080335857,304.5125173210008,archived,2024-08-17
44393,Product_4393_4,books,568.1925315070043,138.3159764319548,archived,2024-06-11
44394,Product_4394_4,books,32.025394210016294,262.8300021667907,inactive,2024-07-19
44395,Product_4395_4,books,407.31231918662485,124.46521887225009,active,2024-11-06
44396,Product_4396_4,clothing,191.65448643516393,213.53050641685095,pending,2024-06-03
44397,Product_4397_4,home,504.38752483950907,152.9354495192007,inactive,2024-02-07
44398,Product_4398_4,home,607.0877534219418,242.0355411004309,inactive,2024-07-04
44399,Product_4399_4,home,442.8137026918064,141.10267460392592,inactive,2024-05-17
44400,Product_4400_4,electronics,101.72139075997963,90.85446677690962,inactive,2024-02-03
44401,Product_4401_4,electronics,567.0999391406502,319.3546628716501,archived,2024-12-19
44402,Product_4402_4,books,339.05359875584804,396.97993928589267,pending,2024-08-15
44403,Product_4403_4,electronics,526.2345423120935,463.0310710302518,active,2024-09-13
44404,Product_4404_4,books,847.0876382399993,226.5109873482951,active,2024-05-23
44405,Product_4405_4,sports,432.0750876579602,490.06025558253884,archived,2024-12-03
44406,Product_4406_4,books,186.85771540945208,413.4094121465364,archived,2024-01-03
44407,Product_4407_4,clothing,506.3500815690041,443.57797500647183,pending,2024-02-10
44408,Product_4408_4,clothing,136.5272013949527,227.29417510140598,inactive,2024-09-09
44409,Product_4409_4,home,437.03648715956695,416.0997054986544,archived,2024-09-21
44410,Product_4410_4,clothing,803.8848311533997,316.3292790538377,active,2024-09-27
44411,Product_4411_4,electronics,34.79009934214443,288.54142436052086,pending,2024-01-13
44412,Product_4412_4,clothing,313.0809820937164,255.50284083841575,pending,2024-02-27
44413,Product_4413_4,clothing,140.9178419027682,308.68596341135054,active,2024-04-06
44414,Product_4414_4,books,997.2263981206446,405.0791415768372,archived,2024-04-17
44415,Product_4415_4,home,766.048747189742,150.366447620188,archived,2024-08-23
44416,Product_4416_4,clothing,359.53309301850453,75.80848876756082,active,2024-07-12
44417,Product_4417_4,clothing,984.0157195767866,485.9279695207153,active,2024-06-05
44418,Product_4418_4,home,76.78280639712467,455.1873549223397,archived,2024-02-27
44419,Product_4419_4,home,751.7150410279482,313.2977717910543,archived,2024-02-17
44420,Product_4420_4,books,544.9390338888601,63.891305507862,inactive,2024-01-08
44421,Product_4421_4,electronics,445.7469812384436,256.3712991090307,pending,2024-03-17
44422,Product_4422_4,clothing,108.95214642839909,498.5358259865393,active,2024-03-16
44423,Product_4423_4,home,928.548375947746,60.535569037711994,pending,2024-01-07
44424,Product_4424_4,books,916.4618099940711,461.7396347061041,archived,2024-01-11
44425,Product_4425_4,clothing,280.9487000524089,111.12208906000099,pending,2024-09-01
44426,Product_4426_4,clothing,749.3336357891611,446.0159323320951,pending,2024-11-07
44427,Product_4427_4,sports,830.5964914518137,23.570392536857838,archived,2024-08-07
44428,Product_4428_4,clothing,519.996955730065,463.07326597142577,pending,2024-08-11
44429,Product_4429_4,home,256.2575144064706,214.15760565004072,inactive,2024-08-21
44430,Product_4430_4,home,621.0520642319261,444.3220280615127,active,2024-04-09
44431,Product_4431_4,home,730.3779080805253,244.05290775553965,pending,2024-07-01
44432,Product_4432_4,sports,637.7961981260534,389.4329045430888,archived,2024-10-03
44433,Product_4433_4,electronics,309.08221301382963,449.6475132679089,inactive,2024-09-25
44434,Product_4434_4,electronics,434.9889145849223,290.4467210505995,archived,2024-10-10
44435,Product_4435_4,electronics,938.1999931997138,305.4487287295367,archived,2024-05-18
44436,Product_4436_4,home,567.5560528257959,24.36120496412236,pending,2024-06-21
44437,Product_4437_4,books,297.1978979723384,402.3039430125229,active,2024-10-26
44438,Product_4438_4,clothing,208.3106778765263,352.5652374879545,archived,2024-11-22
44439,Product_4439_4,sports,742.0048880051706,212.79682675039743,inactive,2024-02-02
44440,Product_4440_4,sports,164.2144452448825,461.00749163532254,active,2024-04-24
44441,Product_4441_4,books,722.3176734620172,438.07761354434115,active,2024-02-02
44442,Product_4442_4,clothing,530.0405548479046,187.59356079156635,inactive,2024-06-27
44443,Product_4443_4,electronics,591.8709574461062,180.43367432471797,inactive,2024-01-06
44444,Product_4444_4,electronics,468.36981728006464,122.96198016152363,pending,2024-01-22
44445,Product_4445_4,books,300.7914653085571,220.25012168425124,inactive,2024-11-26
44446,Product_4446_4,sports,491.12917344886324,368.96408715347525,pending,2024-12-15
44447,Product_4447_4,electronics,20.978887914832672,450.98547770525767,inactive,2024-09-17
44448,Product_4448_4,sports,592.7965891527507,324.78845169595184,active,2024-12-19
44449,Product_4449_4,sports,959.3130989165219,336.99756547414916,active,2024-12-17
44450,Product_4450_4,clothing,674.0205582363167,35.06743722750236,pending,2024-05-14
44451,Product_4451_4,clothing,943.021776211964,192.41156306186684,archived,2024-11-23
44452,Product_4452_4,electronics,337.4697206590203,282.2422818403678,archived,2024-11-03
44453,Product_4453_4,electronics,279.64528028897666,134.02478326174983,inactive,2024-07-21
44454,Product_4454_4,electronics,556.9579108737507,364.54948299921074,inactive,2024-07-17
44455,Product_4455_4,electronics,541.5283281526067,137.5832483383561,inactive,2024-08-11
44456,Product_4456_4,home,523.1579654055233,418.81515152992046,inactive,2024-07-28
44457,Product_4457_4,books,938.4046753884951,370.9079955773599,inactive,2024-12-06
44458,Product_4458_4,books,965.492219306874,28.40967112277851,pending,2024-12-09
44459,Product_4459_4,books,517.6981328356518,135.803532491168,inactive,2024-06-08
44460,Product_4460_4,sports,486.19973940540547,79.47010957515359,active,2024-09-15
44461,Product_4461_4,clothing,747.0923254653319,151.90058438915273,pending,2024-10-26
44462,Product_4462_4,clothing,802.5900674795588,373.0703060267731,active,2024-04-21
44463,Product_4463_4,books,197.4347565534687,467.6371845712464,active,2024-02-04
44464,Product_4464_4,electronics,118.98817424149476,147.54420270902222,pending,2024-07-24
44465,Product_4465_4,electronics,244.79777222567287,151.9029220375238,inactive,2024-02-21
44466,Product_4466_4,clothing,667.4482901730839,483.7130514258321,pending,2024-10-26
44467,Product_4467_4,sports,39.29849789842636,173.97506857980127,inactive,2024-02-09
44468,Product_4468_4,clothing,593.5136116220511,199.27811078785214,inactive,2024-10-11
44469,Product_4469_4,books,671.1129827933637,123.03447881441907,inactive,2024-12-20
44470,Product_4470_4,home,743.0516085643499,417.0873961280063,inactive,2024-06-12
44471,Product_4471_4,home,552.6259201075216,279.1968983598986,pending,2024-03-21
44472,Product_4472_4,clothing,306.4007930625252,413.64079698129746,active,2024-09-21
44473,Product_4473_4,sports,540.1210669664939,41.804375819673126,inactive,2024-09-13
44474,Product_4474_4,clothing,593.8371956660973,36.78433660979692,archived,2024-07-09
44475,Product_4475_4,home,939.5752736354428,343.82615334867035,inactive,2024-11-27
44476,Product_4476_4,clothing,475.911591323873,55.800009183731376,inactive,2024-02-25
44477,Product_4477_4,books,847.2125073203706,235.52501127520515,inactive,2024-12-02
44478,Product_4478_4,clothing,603.3392199761785,412.59174072611773,pending,2024-06-23
44479,Product_4479_4,electronics,355.6455735277624,460.0030266326802,active,2024-09-18
44480,Product_4480_4,books,438.80859651064435,169.3713645751105,pending,2024-09-15
44481,Product_4481_4,home,390.3845732864385,138.94700915144134,pending,2024-12-25
44482,Product_4482_4,sports,624.6799296803562,479.8339909674357,inactive,2024-02-05
44483,Product_4483_4,books,115.35648023685003,74.48026996042623,archived,2024-12-03
44484,Product_4484_4,books,810.0285869201348,149.38091342334258,inactive,2024-07-01
44485,Product_4485_4,books,7.042031576843394,204.78237958234388,archived,2024-04-05
44486,Product_4486_4,home,257.4444839497629,421.64178556380256,pending,2024-06-15
44487,Product_4487_4,books,684.9187537506734,377.1522164168431,inactive,2024-11-12
44488,Product_4488_4,electronics,162.9117299577116,84.38363800912094,pending,2024-08-26
44489,Product_4489_4,sports,394.5860671190542,193.7580583146301,pending,2024-04-26
44490,Product_4490_4,sports,145.62479465380133,362.38393682164354,archived,2024-02-25
44491,Product_4491_4,sports,55.83800450291546,193.7361883553245,archived,2024-04-08
44492,Product_4492_4,clothing,149.92413971991652,474.0578983047529,pending,2024-10-02
44493,Product_4493_4,home,878.1600618303665,12.520731143927222,archived,2024-02-08
44494,Product_4494_4,books,479.4585730137504,272.3012729522745,pending,2024-12-17
44495,Product_4495_4,clothing,936.2345043921724,191.93251083932086,inactive,2024-09-23
44496,Product_4496_4,clothing,94.81224813199185,214.9362310488725,pending,2024-02-26
44497,Product_4497_4,sports,441.73551040220616,413.3923876419977,active,2024-08-03
44498,Product_4498_4,home,933.6453273184309,325.77038069934383,pending,2024-05-21
44499,Product_4499_4,books,142.3272451126964,364.77334391620747,pending,2024-08-02
44500,Product_4500_4,electronics,274.024783536522,324.2070508066024,pending,2024-04-11
44501,Product_4501_4,clothing,692.7350502113416,351.7125400823874,inactive,2024-08-07
44502,Product_4502_4,clothing,84.72026521839922,29.044975796483556,inactive,2024-02-15
44503,Product_4503_4,electronics,518.8315546939994,33.05089258552084,active,2024-01-17
44504,Product_4504_4,home,21.201076042685287,340.20791537973145,archived,2024-09-08
44505,Product_4505_4,home,243.49337703971815,128.07125855617633,pending,2024-12-21
44506,Product_4506_4,home,813.899156189847,127.02255328946413,active,2024-03-02
44507,Product_4507_4,clothing,421.8157310615404,112.7908025173119,active,2024-01-16
44508,Product_4508_4,books,892.8485880876765,345.052016686821,inactive,2024-07-13
44509,Product_4509_4,books,605.3225782318398,91.4718740701043,archived,2024-03-27
44510,Product_4510_4,sports,284.7637567743362,196.036822790851,active,2024-06-14
44511,Product_4511_4,sports,972.8290704543438,379.33339676511133,inactive,2024-12-11
44512,Product_4512_4,clothing,389.328535972316,188.9486279978578,archived,2024-08-07
44513,Product_4513_4,electronics,407.28490740099454,127.47536947034186,archived,2024-08-19
44514,Product_4514_4,electronics,463.57488334197217,37.84490417489185,pending,2024-03-15
44515,Product_4515_4,books,443.4035818052835,187.50311877876845,inactive,2024-04-11
44516,Product_4516_4,electronics,318.6104242343051,364.95310915680255,pending,2024-05-12
44517,Product_4517_4,sports,356.53712850575533,443.24820067280336,archived,2024-11-13
44518,Product_4518_4,home,177.91772786394748,114.50807631798041,active,2024-02-27
44519,Product_4519_4,electronics,949.6142618166008,411.87582766479863,inactive,2024-05-21
44520,Product_4520_4,sports,856.2307170941277,59.600711671525595,archived,2024-08-02
44521,Product_4521_4,books,759.0265906016791,407.41146885036994,pending,2024-02-16
44522,Product_4522_4,clothing,848.8618253844447,71.48966402602696,active,2024-12-19
44523,Product_4523_4,clothing,760.8177949023353,64.1621355069432,active,2024-07-25
44524,Product_4524_4,sports,93.5616802142664,108.84149896936027,pending,2024-09-20
44525,Product_4525_4,home,249.84445575738613,237.06115916583335,pending,2024-07-04
44526,Product_4526_4,electronics,468.942169032246,79.72877602741433,inactive,2024-08-24
44527,Product_4527_4,books,535.2767765669246,84.0553839241753,active,2024-08-18
44528,Product_4528_4,books,638.8735674933887,74.06521975598032,archived,2024-12-23
44529,Product_4529_4,sports,71.7767298161004,83.48441694798653,pending,2024-03-18
44530,Product_4530_4,home,358.35550756354235,46.72221785191616,inactive,2024-10-03
44531,Product_4531_4,clothing,443.9350967813945,241.91237590936885,archived,2024-12-09
44532,Product_4532_4,clothing,670.2942387737713,162.86166969503586,pending,2024-07-03
44533,Product_4533_4,books,542.0520605906529,366.9009083205475,inactive,2024-12-10
44534,Product_4534_4,books,327.7972977476895,416.03736783012783,inactive,2024-02-05
44535,Product_4535_4,sports,50.07136568942135,181.0980852343318,active,2024-07-22
44536,Product_4536_4,home,344.047945572098,388.28775419672667,inactive,2024-07-04
44537,Product_4537_4,clothing,744.8236518662098,54.304530586406514,inactive,2024-07-27
44538,Product_4538_4,clothing,840.6302104669938,385.4034759393095,pending,2024-05-24
44539,Product_4539_4,home,111.07518599206533,192.98553321918416,pending,2024-12-23
44540,Product_4540_4,home,821.9432955796975,369.1415006110307,pending,2024-11-01
44541,Product_4541_4,electronics,632.2787110219316,250.31239425688435,active,2024-09-05
44542,Product_4542_4,home,761.9528098180951,170.7610929419694,active,2024-04-07
44543,Product_4543_4,sports,14.34587807936153,187.9878312288114,inactive,2024-06-18
44544,Product_4544_4,clothing,635.3040823757087,350.7728605793451,active,2024-07-12
44545,Product_4545_4,books,374.1030360207722,434.9964098527558,inactive,2024-01-27
44546,Product_4546_4,electronics,569.3633325603262,76.26021598753917,archived,2024-09-25
44547,Product_4547_4,clothing,808.0343361277287,57.235723066756044,inactive,2024-08-20
44548,Product_4548_4,clothing,830.4407056241103,47.71813574315533,active,2024-05-12
44549,Product_4549_4,sports,962.3392742304642,102.88066664914504,inactive,2024-04-14
44550,Product_4550_4,clothing,889.8540532532938,72.02199285054928,archived,2024-12-11
44551,Product_4551_4,home,506.52712432467644,215.48556913004242,active,2024-12-05
44552,Product_4552_4,electronics,83.52282301895764,491.75912863504163,active,2024-04-17
44553,Product_4553_4,home,855.9392483655297,129.81777864820174,pending,2024-02-21
44554,Product_4554_4,home,280.14837667447847,320.90001540386555,active,2024-01-14
44555,Product_4555_4,books,658.4549780541521,360.4798050831494,active,2024-11-01
44556,Product_4556_4,electronics,114.15734698142855,487.4858548742235,active,2024-03-23
44557,Product_4557_4,clothing,562.8922400684947,405.5564112072917,archived,2024-02-15
44558,Product_4558_4,electronics,641.8022894477596,215.63956626538436,active,2024-09-05
44559,Product_4559_4,electronics,641.2273079150972,491.5774650700752,archived,2024-09-25
44560,Product_4560_4,sports,376.4638690545065,473.6487548495635,inactive,2024-04-11
44561,Product_4561_4,electronics,875.6034098420414,366.84094398071767,active,2024-08-13
44562,Product_4562_4,clothing,463.705713089041,196.9729268047139,pending,2024-09-11
44563,Product_4563_4,home,549.9244974809116,485.117845334157,archived,2024-10-08
44564,Product_4564_4,home,543.1734118058024,79.70510651756325,active,2024-04-16
44565,Product_4565_4,sports,473.11858097592113,323.02027445845306,pending,2024-04-20
44566,Product_4566_4,clothing,220.96999112159313,281.46697058459256,active,2024-05-10
44567,Product_4567_4,books,97.42777192438682,376.7222531516539,active,2024-09-28
44568,Product_4568_4,books,746.3469127780486,311.02523936592644,active,2024-10-25
44569,Product_4569_4,books,54.566771424499414,189.3877842868907,inactive,2024-05-27
44570,Product_4570_4,books,933.1108179057039,316.1429931067536,inactive,2024-05-25
44571,Product_4571_4,sports,670.6622522493121,391.09531565817883,archived,2024-03-18
44572,Product_4572_4,electronics,164.04907622410863,228.32243680921982,pending,2024-07-12
44573,Product_4573_4,clothing,846.6822924177606,380.94269972039916,active,2024-09-02
44574,Product_4574_4,books,650.3319498094461,204.78192295433263,pending,2024-09-05
44575,Product_4575_4,clothing,341.0579923821832,10.977127732588015,archived,2024-12-11
44576,Product_4576_4,electronics,684.629343598418,380.8966647747001,pending,2024-08-12
44577,Product_4577_4,electronics,326.284795396058,69.59090130727493,inactive,2024-08-21
44578,Product_4578_4,electronics,825.2859685557706,343.88741586969786,pending,2024-09-19
44579,Product_4579_4,home,837.9619933179792,60.72717963469508,archived,2024-04-16
44580,Product_4580_4,clothing,964.8755144127375,58.12876317242419,archived,2024-01-23
44581,Product_4581_4,books,471.5473669321779,345.4945656897646,pending,2024-01-07
44582,Product_4582_4,clothing,484.4800882069069,422.1568878533842,active,2024-02-03
44583,Product_4583_4,electronics,893.4874594473039,468.23289697115104,active,2024-05-05
44584,Product_4584_4,sports,143.97705977594995,200.21989434015276,inactive,2024-07-09
44585,Product_4585_4,sports,514.0092357482523,156.93813942885555,archived,2024-01-09
44586,Product_4586_4,books,440.8591235855221,179.95297467189818,inactive,2024-11-17
44587,Product_4587_4,clothing,554.7022467107553,388.2783240807106,archived,2024-04-27
44588,Product_4588_4,clothing,467.65174245099985,306.6016802796835,archived,2024-04-02
44589,Product_4589_4,sports,137.55996342120872,411.03693370529186,pending,2024-05-28
44590,Product_4590_4,sports,793.1913494315,179.85311002993228,active,2024-10-13
44591,Product_4591_4,books,377.2364960206483,144.42626147152922,pending,2024-04-14
44592,Product_4592_4,home,20.839947836099213,425.1269833803477,active,2024-03-21
44593,Product_4593_4,sports,403.50978987952277,190.3608686980712,inactive,2024-09-02
44594,Product_4594_4,sports,282.7684884259995,385.42892972572895,pending,2024-04-18
44595,Product_4595_4,clothing,948.4002504313939,46.642743146951936,pending,2024-06-18
44596,Product_4596_4,sports,862.604032793693,125.05663283219677,pending,2024-01-22
44597,Product_4597_4,electronics,43.84230151938168,242.68099854420373,pending,2024-11-16
44598,Product_4598_4,electronics,729.7028613933792,126.44210707577308,pending,2024-11-14
44599,Product_4599_4,books,739.2992090224121,240.19783328372336,pending,2024-10-16
44600,Product_4600_4,sports,160.96468022746964,412.30783039022407,pending,2024-08-02
44601,Product_4601_4,home,4.865593121277255,386.01913759618606,archived,2024-03-03
44602,Product_4602_4,sports,469.31957991626194,328.1528891929926,active,2024-05-04
44603,Product_4603_4,books,335.3729502925603,319.14955282349825,archived,2024-04-07
44604,Product_4604_4,clothing,39.28619116997676,467.32353945406044,pending,2024-01-26
44605,Product_4605_4,electronics,515.9020728195745,216.05289649094306,archived,2024-12-21
44606,Product_4606_4,electronics,185.06535144913022,92.00849096822006,inactive,2024-01-26
44607,Product_4607_4,books,202.5502778298101,97.67505382119596,active,2024-01-08
44608,Product_4608_4,home,829.907386185674,232.2314638077678,pending,2024-06-20
44609,Product_4609_4,books,246.97833445101404,271.8742510316729,inactive,2024-04-20
44610,Product_4610_4,sports,55.04463528223251,115.58237488134263,active,2024-10-20
44611,Product_4611_4,clothing,842.3383022094283,233.50606940253925,pending,2024-09-24
44612,Product_4612_4,books,857.9186387906898,361.9544033139844,pending,2024-03-28
44613,Product_4613_4,books,204.30466803228833,439.8679040032307,pending,2024-09-10
44614,Product_4614_4,books,412.65925459571656,179.88196241561133,pending,2024-10-10
44615,Product_4615_4,home,563.6372986294649,472.09694181639793,inactive,2024-08-05
44616,Product_4616_4,home,22.76623960378965,247.09008679418702,inactive,2024-08-24
44617,Product_4617_4,electronics,665.300637222327,432.8992216367837,archived,2024-10-14
44618,Product_4618_4,electronics,363.4658711834147,94.53814460346337,inactive,2024-05-19
44619,Product_4619_4,home,534.3212442871007,449.4709361613424,inactive,2024-12-14
44620,Product_4620_4,clothing,608.1125294076292,449.29909816027856,active,2024-04-11
44621,Product_4621_4,sports,211.91304997786798,151.70854961205765,pending,2024-06-09
44622,Product_4622_4,home,835.9196640964636,102.42578637839972,active,2024-11-13
44623,Product_4623_4,electronics,754.7383575590435,252.6429348327525,active,2024-10-14
44624,Product_4624_4,clothing,654.4995422340234,186.84659028781016,active,2024-08-21
44625,Product_4625_4,books,111.25811467604957,110.78402354662508,archived,2024-06-25
44626,Product_4626_4,books,785.4600732895634,20.232167553968758,inactive,2024-02-16
44627,Product_4627_4,clothing,68.54669109943376,279.55263458181327,inactive,2024-01-27
44628,Product_4628_4,books,17.624969980666815,135.8854507124753,inactive,2024-04-14
44629,Product_4629_4,sports,908.8388024606379,314.78775180458507,pending,2024-10-19
44630,Product_4630_4,books,858.0982558296724,382.1699857670255,active,2024-05-24
44631,Product_4631_4,clothing,43.723033213194796,480.03707649885536,active,2024-05-12
44632,Product_4632_4,clothing,320.8140500822256,386.2994178905117,inactive,2024-03-12
44633,Product_4633_4,electronics,277.5275448820235,47.193898309453786,archived,2024-01-02
44634,Product_4634_4,electronics,106.71229263544299,296.07172962801235,archived,2024-10-05
44635,Product_4635_4,clothing,13.855506123416976,465.8793438357778,pending,2024-09-10
44636,Product_4636_4,clothing,569.236763584416,313.22972790975604,inactive,2024-08-20
44637,Product_4637_4,books,531.6090196268842,490.39335647039155,inactive,2024-08-26
44638,Product_4638_4,sports,802.037882195945,35.65735260559393,pending,2024-12-04
44639,Product_4639_4,home,573.7836981304556,228.18429443120806,archived,2024-03-15
44640,Product_4640_4,books,328.96648429879343,49.61229080562951,active,2024-06-03
44641,Product_4641_4,home,327.18235718439325,291.6135140952073,pending,2024-06-09
44642,Product_4642_4,books,349.99133028035175,110.90116147182944,inactive,2024-06-23
44643,Product_4643_4,clothing,989.5146712878221,461.13555752931956,inactive,2024-06-17
44644,Product_4644_4,electronics,102.55209948459294,197.63012597253626,pending,2024-10-14
44645,Product_4645_4,clothing,647.6462898894541,236.99264951554588,archived,2024-09-06
44646,Product_4646_4,sports,111.84213463539551,235.07446805141504,pending,2024-04-16
44647,Product_4647_4,electronics,622.9756211299734,116.1706399964671,pending,2024-12-15
44648,Product_4648_4,books,185.64436209629687,423.5402468323237,archived,2024-09-23
44649,Product_4649_4,sports,54.09556288311841,34.35235519608217,active,2024-12-06
44650,Product_4650_4,electronics,366.66784925500997,464.19587494467794,pending,2024-02-06
44651,Product_4651_4,sports,149.5962315934264,132.28592502261662,active,2024-10-08
44652,Product_4652_4,clothing,768.3414749324266,251.41323033930485,pending,2024-02-18
44653,Product_4653_4,books,402.27565665607017,181.34568362465188,archived,2024-01-04
44654,Product_4654_4,sports,191.5783143930671,431.6785917998103,inactive,2024-12-16
44655,Product_4655_4,home,296.34264469658973,315.63303837500325,pending,2024-01-11
44656,Product_4656_4,books,277.51501765578905,80.38055257247589,archived,2024-07-26
44657,Product_4657_4,clothing,965.8559000294568,446.56604331880897,archived,2024-12-23
44658,Product_4658_4,home,428.1321083001525,486.42590622709866,inactive,2024-06-21
44659,Product_4659_4,electronics,518.5186382400112,328.06362712153975,pending,2024-08-09
44660,Product_4660_4,electronics,340.069827138684,415.13199622739734,inactive,2024-09-26
44661,Product_4661_4,clothing,723.4506372546742,253.15259385942915,pending,2024-01-28
44662,Product_4662_4,home,191.91447822545274,303.94972156920363,pending,2024-03-12
44663,Product_4663_4,clothing,880.0666490950053,273.15624094964846,pending,2024-05-26
44664,Product_4664_4,electronics,39.983723688435376,341.83335583199425,inactive,2024-09-05
44665,Product_4665_4,electronics,950.2897918682762,56.71016666854206,active,2024-06-28
44666,Product_4666_4,books,82.5851160023995,369.0862664879654,pending,2024-03-02
44667,Product_4667_4,home,177.38224954771567,382.649789794438,active,2024-11-27
44668,Product_4668_4,books,752.9931992721674,46.514126342286744,pending,2024-07-13
44669,Product_4669_4,books,787.2895666098372,287.03968059357805,inactive,2024-03-20
44670,Product_4670_4,books,711.7194369125574,12.25938188916799,inactive,2024-07-13
44671,Product_4671_4,books,856.2005514556793,178.09476550515643,inactive,2024-04-09
44672,Product_4672_4,home,675.7834944985539,41.81347371851861,active,2024-01-17
44673,Product_4673_4,books,694.2678879237841,240.76570338167576,pending,2024-05-15
44674,Product_4674_4,books,556.0041453311568,125.34758917630236,active,2024-11-22
44675,Product_4675_4,home,374.44511661202984,42.77593943825701,archived,2024-09-07
44676,Product_4676_4,electronics,605.2382549662306,470.3323290920961,inactive,2024-01-11
44677,Product_4677_4,home,464.93445409800034,271.93009625702825,pending,2024-03-02
44678,Product_4678_4,books,509.37082531831777,107.19430932871187,inactive,2024-03-21
44679,Product_4679_4,books,694.4537242606373,318.6235693789882,active,2024-04-06
44680,Product_4680_4,electronics,860.3677066981967,79.64887999838243,pending,2024-11-19
44681,Product_4681_4,home,297.8386707576581,73.39387498755036,inactive,2024-11-04
44682,Product_4682_4,books,996.3677813311623,413.66853474361454,archived,2024-07-27
44683,Product_4683_4,clothing,104.44079257331491,272.7006874666811,archived,2024-08-21
44684,Product_4684_4,books,738.0631125287454,153.8638942839586,pending,2024-11-22
44685,Product_4685_4,home,55.12828733686429,401.75155368452204,pending,2024-01-26
44686,Product_4686_4,electronics,910.6124667461601,382.07544144968904,archived,2024-06-26
44687,Product_4687_4,clothing,241.64551761323557,467.03016990649263,active,2024-11-13
44688,Product_4688_4,books,844.4526958552497,377.76370798852315,pending,2024-02-22
44689,Product_4689_4,home,560.1695586125402,317.6980047183673,active,2024-06-28
44690,Product_4690_4,sports,346.16754023745705,65.974202766344,inactive,2024-11-05
44691,Product_4691_4,sports,132.7204877055026,229.01163197444953,pending,2024-06-03
44692,Product_4692_4,home,886.741734459565,172.489121545781,inactive,2024-03-06
44693,Product_4693_4,books,65.82807308022399,399.35071989982094,active,2024-06-01
44694,Product_4694_4,books,510.3024666926632,451.0882374553841,active,2024-09-13
44695,Product_4695_4,clothing,94.63718833187319,239.80099163624084,pending,2024-04-28
44696,Product_4696_4,electronics,738.7614487965681,90.65468902805848,pending,2024-09-28
44697,Product_4697_4,electronics,313.01816073434145,244.00697561886193,inactive,2024-04-26
44698,Product_4698_4,electronics,796.6585898006415,306.3068957828357,active,2024-02-22
44699,Product_4699_4,electronics,92.3500040833244,343.64217752619743,active,2024-01-21
44700,Product_4700_4,clothing,266.87909685007963,464.41694555020933,archived,2024-07-27
44701,Product_4701_4,books,388.6770878071072,264.35630182911814,pending,2024-12-21
44702,Product_4702_4,home,606.1430815432066,489.4321798664059,inactive,2024-11-08
44703,Product_4703_4,home,598.4423111654955,87.79027265317745,active,2024-12-21
44704,Product_4704_4,home,87.19380450345223,218.53315438966632,pending,2024-02-13
44705,Product_4705_4,clothing,464.65255112855897,346.53281865029186,inactive,2024-12-18
44706,Product_4706_4,sports,415.3899761701741,343.5818195374475,archived,2024-04-17
44707,Product_4707_4,clothing,465.2891690137279,383.2205814217539,archived,2024-03-24
44708,Product_4708_4,sports,426.9179940672022,134.14019652318237,pending,2024-12-17
44709,Product_4709_4,electronics,439.22010444864696,138.20089808996886,active,2024-08-25
44710,Product_4710_4,electronics,313.71634156903156,286.52914597430987,active,2024-02-15
44711,Product_4711_4,clothing,157.03236420425893,417.02865275128204,pending,2024-10-08
44712,Product_4712_4,books,622.6835614044855,228.0972954222054,active,2024-12-09
44713,Product_4713_4,electronics,458.1246636864844,241.98278757481026,archived,2024-06-16
44714,Product_4714_4,sports,775.4714369434059,244.25933860848048,archived,2024-09-18
44715,Product_4715_4,books,938.709243344818,143.30152761110625,pending,2024-02-10
44716,Product_4716_4,electronics,693.7419918678512,288.72460137599165,inactive,2024-12-22
44717,Product_4717_4,electronics,245.58052967148265,154.8868056496346,archived,2024-07-08
44718,Product_4718_4,clothing,794.2728719252826,482.529190306745,archived,2024-10-19
44719,Product_4719_4,home,887.0064856679784,71.51437826758573,archived,2024-11-28
44720,Product_4720_4,home,571.3920621967634,91.49612521553858,pending,2024-09-23
44721,Product_4721_4,sports,459.8587634242558,175.57776206870932,inactive,2024-07-14
44722,Product_4722_4,sports,546.0707041180256,393.42056347515216,active,2024-10-12
44723,Product_4723_4,home,103.57907280821173,244.71212535574855,active,2024-11-02
44724,Product_4724_4,sports,60.72856365868607,213.09204294999267,active,2024-04-24
44725,Product_4725_4,clothing,198.743229164009,235.2392831312382,active,2024-12-27
44726,Product_4726_4,electronics,764.9258382636771,493.72772330720477,archived,2024-02-10
44727,Product_4727_4,electronics,518.9862101710015,307.22463158431384,pending,2024-10-16
44728,Product_4728_4,clothing,39.041617568563666,64.22963245420766,active,2024-01-08
44729,Product_4729_4,electronics,462.8386209522964,417.5468954666441,inactive,2024-02-23
44730,Product_4730_4,sports,303.85453057772656,378.29081487122244,inactive,2024-04-15
44731,Product_4731_4,books,526.5306133176155,337.8136820721382,archived,2024-09-26
44732,Product_4732_4,books,753.9548890037015,265.2690388618996,archived,2024-05-14
44733,Product_4733_4,clothing,69.99416675436886,333.66402849732407,active,2024-02-08
44734,Product_4734_4,home,423.9104586236267,108.5025525955775,inactive,2024-05-16
44735,Product_4735_4,electronics,693.5027197348471,152.4920473260478,active,2024-02-27
44736,Product_4736_4,clothing,66.62352231360583,312.66337626577524,pending,2024-01-19
44737,Product_4737_4,clothing,595.3017534996937,339.4284477171887,archived,2024-06-01
44738,Product_4738_4,sports,821.6694415796413,199.3974186117234,archived,2024-06-06
44739,Product_4739_4,clothing,294.68669949348197,453.9803957999936,pending,2024-02-26
44740,Product_4740_4,books,259.3876437623191,167.41736503326587,active,2024-12-21
44741,Product_4741_4,sports,981.1709421563304,376.0312122086909,archived,2024-12-17
44742,Product_4742_4,sports,292.78103731735393,226.4895647041434,active,2024-08-19
44743,Product_4743_4,sports,646.0300305486991,270.764883920572,archived,2024-03-12
44744,Product_4744_4,books,899.4434047549248,189.9799364311319,pending,2024-04-11
44745,Product_4745_4,home,613.1196056458737,399.4853844133724,active,2024-07-17
44746,Product_4746_4,home,317.1743665007997,493.2318161770191,inactive,2024-07-18
44747,Product_4747_4,sports,185.97824089394584,115.50127979916691,inactive,2024-07-15
44748,Product_4748_4,home,361.4146618502641,78.78779095956524,active,2024-07-06
44749,Product_4749_4,electronics,56.89897822633624,379.41286571406584,archived,2024-04-12
44750,Product_4750_4,sports,485.5747149686341,375.9218745482303,active,2024-06-19
44751,Product_4751_4,clothing,107.63351850828856,136.0503577517344,inactive,2024-11-10
44752,Product_4752_4,books,957.4571334218649,366.8285930729437,active,2024-10-21
44753,Product_4753_4,clothing,330.9375932943067,451.1729847663932,archived,2024-10-15
44754,Product_4754_4,electronics,366.76892546352957,123.30034219714004,active,2024-03-23
44755,Product_4755_4,sports,858.2312886188081,314.10478130061944,archived,2024-12-26
44756,Product_4756_4,books,456.813234444173,186.9660319096152,active,2024-01-05
44757,Product_4757_4,home,380.7153531583436,307.70691531409335,inactive,2024-10-23
44758,Product_4758_4,sports,2.897260742424925,71.94394406222933,archived,2024-06-03
44759,Product_4759_4,electronics,831.4730415428727,458.67847305448487,archived,2024-03-05
44760,Product_4760_4,sports,674.6931334177914,448.64424458499315,inactive,2024-04-12
44761,Product_4761_4,books,483.0125376919982,192.72540245779152,pending,2024-11-07
44762,Product_4762_4,electronics,990.5444648489414,495.7320433127314,active,2024-11-22
44763,Product_4763_4,electronics,329.28325710889345,115.33944366480492,archived,2024-06-02
44764,Product_4764_4,clothing,991.8695089063328,433.4814505625606,active,2024-08-22
44765,Product_4765_4,sports,701.6618677875296,482.6769056940281,inactive,2024-08-12
44766,Product_4766_4,clothing,922.6842023982055,46.551216401361906,pending,2024-10-18
44767,Product_4767_4,home,30.87677502636402,127.00641279681719,inactive,2024-12-17
44768,Product_4768_4,sports,622.8172925331028,311.08180137254334,pending,2024-11-02
44769,Product_4769_4,electronics,410.16724276698733,113.66750901677764,archived,2024-04-20
44770,Product_4770_4,electronics,135.26754473474637,281.23829178356976,inactive,2024-08-26
44771,Product_4771_4,home,196.590632667054,186.33525399407787,archived,2024-06-09
44772,Product_4772_4,sports,625.8869410738458,215.78569992437207,archived,2024-04-14
44773,Product_4773_4,electronics,300.4243272157896,144.59011813613085,inactive,2024-05-03
44774,Product_4774_4,clothing,459.8855080891698,54.614684331747924,pending,2024-02-27
44775,Product_4775_4,clothing,829.4623955485628,17.56333764570521,archived,2024-01-01
44776,Product_4776_4,electronics,558.7069049955675,474.33163880936667,archived,2024-02-02
44777,Product_4777_4,electronics,52.86332791469715,188.00322799167256,archived,2024-10-20
44778,Product_4778_4,clothing,207.59735956274702,276.3894377183558,archived,2024-08-15
44779,Product_4779_4,home,235.14907035261913,75.61357547113546,inactive,2024-04-04
44780,Product_4780_4,sports,237.7843234675214,195.66618938920607,active,2024-03-25
44781,Product_4781_4,sports,415.23348950078116,253.63069019087442,archived,2024-12-18
44782,Product_4782_4,home,609.1540569375156,276.55945176035056,archived,2024-09-13
44783,Product_4783_4,books,642.0538724959255,335.89288985558267,active,2024-02-14
44784,Product_4784_4,books,351.75527894141516,469.2299745037073,inactive,2024-06-27
44785,Product_4785_4,sports,119.89413205963935,114.22948686963605,active,2024-05-25
44786,Product_4786_4,clothing,128.77718644627845,324.1211958683322,active,2024-05-18
44787,Product_4787_4,clothing,952.6164371018248,153.0897660748397,inactive,2024-08-22
44788,Product_4788_4,books,26.894956643821967,257.43133852799735,pending,2024-11-03
44789,Product_4789_4,sports,153.97643275724676,342.9297248900811,inactive,2024-09-12
44790,Product_4790_4,electronics,26.99826730222432,489.4689862061624,inactive,2024-06-27
44791,Product_4791_4,sports,663.5150194959339,104.3420556997487,archived,2024-01-20
44792,Product_4792_4,books,172.58506977846034,347.7678536739868,pending,2024-12-04
44793,Product_4793_4,clothing,586.1232599695386,266.1556339280345,inactive,2024-06-22
44794,Product_4794_4,electronics,832.0692908506664,498.08745543312233,inactive,2024-04-01
44795,Product_4795_4,sports,953.0536035672603,365.6867207425165,active,2024-09-06
44796,Product_4796_4,books,355.506018450961,497.2970229353476,active,2024-10-21
44797,Product_4797_4,electronics,867.5561660570269,26.235141464527203,pending,2024-03-25
44798,Product_4798_4,sports,433.65733755794577,18.270827860087607,active,2024-04-02
44799,Product_4799_4,electronics,225.37878918587109,411.4078042664942,inactive,2024-07-25
44800,Product_4800_4,electronics,282.92032892304496,363.1083186509527,inactive,2024-01-10
44801,Product_4801_4,electronics,771.3222194559213,266.21655646513585,archived,2024-02-05
44802,Product_4802_4,electronics,244.62314518010004,466.11836843625036,active,2024-02-01
44803,Product_4803_4,electronics,38.50979570292011,416.5425199086381,active,2024-09-02
44804,Product_4804_4,home,545.6226508447908,137.43159315567493,active,2024-10-27
44805,Product_4805_4,home,492.2521007595812,443.3084023130912,active,2024-09-24
44806,Product_4806_4,home,262.44489047140087,391.9628640019688,archived,2024-05-07
44807,Product_4807_4,electronics,436.86388661998615,432.2425177126958,pending,2024-06-13
44808,Product_4808_4,electronics,781.148748823651,80.49410571778353,pending,2024-04-19
44809,Product_4809_4,clothing,262.46217803628093,214.7781299371786,inactive,2024-12-25
44810,Product_4810_4,books,72.87601001859315,442.65044065663676,inactive,2024-04-08
44811,Product_4811_4,home,103.16973311839534,107.15943641540416,pending,2024-03-25
44812,Product_4812_4,clothing,282.05939880263315,14.065128991033609,inactive,2024-07-06
44813,Product_4813_4,home,72.8945889652508,168.2421587059694,active,2024-06-11
44814,Product_4814_4,clothing,673.4182179067976,306.7720781133917,pending,2024-05-04
44815,Product_4815_4,clothing,169.16334911871058,90.5486421416434,active,2024-03-22
44816,Product_4816_4,clothing,962.2799383302953,474.24225332600946,archived,2024-02-20
44817,Product_4817_4,books,492.3183833626767,476.53807991441727,pending,2024-01-21
44818,Product_4818_4,home,936.4386551999502,161.4241607555097,archived,2024-07-11
44819,Product_4819_4,clothing,416.1749195098323,21.879522557829926,inactive,2024-10-09
44820,Product_4820_4,sports,429.46142858586006,200.16616478970312,pending,2024-07-28
44821,Product_4821_4,sports,112.1955247456003,426.66353641311673,pending,2024-10-02
44822,Product_4822_4,clothing,988.6476407394933,63.22057194338125,inactive,2024-03-22
44823,Product_4823_4,clothing,82.83736631293026,489.98342948279526,inactive,2024-10-17
44824,Product_4824_4,home,468.28528774052586,458.88759901373896,active,2024-01-18
44825,Product_4825_4,sports,923.8499738826308,288.5595987328657,active,2024-04-28
44826,Product_4826_4,electronics,884.5847964404545,203.42831692535975,inactive,2024-12-08
44827,Product_4827_4,electronics,345.1895055733442,259.1424530938126,inactive,2024-11-09
44828,Product_4828_4,home,266.99481048584255,157.656506635796,active,2024-08-10
44829,Product_4829_4,clothing,794.4111741278358,138.01148201496642,inactive,2024-08-11
44830,Product_4830_4,clothing,558.230041842985,18.61110413204209,active,2024-02-14
44831,Product_4831_4,clothing,146.30112843147924,165.80429119803992,inactive,2024-06-26
44832,Product_4832_4,home,119.52055868373154,409.9741609578193,archived,2024-07-14
44833,Product_4833_4,books,841.346001032419,494.9841396596631,pending,2024-09-03
44834,Product_4834_4,home,836.6067614532983,404.27417529603633,pending,2024-11-08
44835,Product_4835_4,books,895.7589472003652,404.67084214493406,pending,2024-02-20
44836,Product_4836_4,electronics,754.7904414190241,313.98048923144813,archived,2024-09-26
44837,Product_4837_4,clothing,5.135306358263154,318.1595141124675,archived,2024-10-08
44838,Product_4838_4,sports,225.70470043218972,23.65466369689537,inactive,2024-01-12
44839,Product_4839_4,books,118.49419287776192,322.1121466149829,active,2024-09-20
44840,Product_4840_4,clothing,874.4577473182486,328.86377004727666,pending,2024-01-22
44841,Product_4841_4,home,441.25040957364274,300.939526369513,pending,2024-05-03
44842,Product_4842_4,home,389.52347407816484,93.08585335192615,inactive,2024-04-22
44843,Product_4843_4,electronics,195.01320984728727,320.43498632737186,active,2024-04-08
44844,Product_4844_4,books,530.4145935788949,355.1080106209682,pending,2024-01-24
44845,Product_4845_4,home,347.7344892162054,322.3236446965789,inactive,2024-06-27
44846,Product_4846_4,electronics,153.55987289684737,127.9728527547079,pending,2024-03-19
44847,Product_4847_4,sports,286.8833562966753,67.8089180919525,active,2024-10-16
44848,Product_4848_4,electronics,847.2439716484424,330.15377279790823,inactive,2024-05-25
44849,Product_4849_4,books,610.5540597335151,14.186067274418551,archived,2024-12-23
44850,Product_4850_4,clothing,300.8118161904131,344.2055269962634,archived,2024-08-27
44851,Product_4851_4,home,265.26322408593944,223.4974651085014,archived,2024-09-06
44852,Product_4852_4,clothing,574.3093941847344,208.04903251054418,inactive,2024-05-09
44853,Product_4853_4,clothing,549.2667814166751,314.57233451853637,active,2024-07-27
44854,Product_4854_4,books,695.1876810573677,442.9419626508468,active,2024-11-26
44855,Product_4855_4,books,597.8125747799535,434.7675338123539,inactive,2024-07-27
44856,Product_4856_4,clothing,883.292598309908,336.9679568224877,pending,2024-01-09
44857,Product_4857_4,electronics,493.81902469733643,445.37563895079063,inactive,2024-03-06
44858,Product_4858_4,sports,644.5584923034277,317.0382178340976,pending,2024-07-11
44859,Product_4859_4,sports,596.4999014162524,190.58326738924993,inactive,2024-09-25
44860,Product_4860_4,electronics,418.90420960650493,394.5124427760731,pending,2024-02-23
44861,Product_4861_4,books,529.9841377302218,235.1359713025912,inactive,2024-07-16
44862,Product_4862_4,home,596.0269192375542,318.3723517106443,pending,2024-12-11
44863,Product_4863_4,books,202.3148961132661,149.217458090851,pending,2024-07-24
44864,Product_4864_4,clothing,333.9242514441475,119.14195945399494,inactive,2024-01-11
44865,Product_4865_4,electronics,859.6303482720795,85.85657117763613,inactive,2024-07-13
44866,Product_4866_4,home,561.2000771576916,234.62951929768704,active,2024-05-27
44867,Product_4867_4,clothing,740.9460811149756,123.95918706039008,pending,2024-12-22
44868,Product_4868_4,clothing,626.1209753534263,487.09977220929375,inactive,2024-11-09
44869,Product_4869_4,books,964.0422071080823,210.56096622915365,archived,2024-12-10
44870,Product_4870_4,sports,831.9629059183169,75.17907361609394,archived,2024-06-19
44871,Product_4871_4,electronics,188.17335793185367,207.36602152250407,inactive,2024-05-16
44872,Product_4872_4,books,751.226223192757,10.355152153473817,archived,2024-12-03
44873,Product_4873_4,home,707.5738792361763,174.2702797293742,active,2024-06-08
44874,Product_4874_4,books,782.1804614293544,200.69824928978608,pending,2024-07-04
44875,Product_4875_4,sports,678.1318746969065,107.28349036779638,archived,2024-04-22
44876,Product_4876_4,sports,913.8015814191641,450.70901549623414,active,2024-12-25
44877,Product_4877_4,home,713.6645574754473,399.7979325648067,inactive,2024-07-15
44878,Product_4878_4,sports,53.368747639858874,12.071618159414315,active,2024-10-22
44879,Product_4879_4,books,991.1535348497222,75.16572533482797,active,2024-08-17
44880,Product_4880_4,electronics,60.43859218791245,68.05425148620685,active,2024-05-23
44881,Product_4881_4,books,911.9484803968119,465.439869122439,archived,2024-07-09
44882,Product_4882_4,electronics,553.562963639827,221.90401639951287,active,2024-02-20
44883,Product_4883_4,books,460.8651169155545,392.62145052640057,pending,2024-10-03
44884,Product_4884_4,sports,983.1388443128345,166.94171682872383,pending,2024-05-24
44885,Product_4885_4,clothing,50.683072146239624,138.481472030519,inactive,2024-12-13
44886,Product_4886_4,home,158.99134679297674,250.50101428657123,pending,2024-09-14
44887,Product_4887_4,home,948.2645230993048,143.01713912428386,archived,2024-05-02
44888,Product_4888_4,electronics,999.5292049875668,12.918130060883518,archived,2024-08-20
44889,Product_4889_4,sports,133.92651752495934,333.0509549147509,inactive,2024-06-26
44890,Product_4890_4,electronics,999.0417306338699,166.36335512281315,active,2024-02-05
44891,Product_4891_4,clothing,538.6919750444721,265.3189101588953,inactive,2024-03-05
44892,Product_4892_4,clothing,910.739969772496,58.844848931753866,archived,2024-10-22
44893,Product_4893_4,books,655.8060263966274,415.86383801205517,inactive,2024-11-14
44894,Product_4894_4,home,840.6131834841573,44.795710427610985,archived,2024-11-14
44895,Product_4895_4,clothing,721.444192362608,318.0859771492581,pending,2024-10-23
44896,Product_4896_4,home,809.9728706453137,261.35001660413803,inactive,2024-01-15
44897,Product_4897_4,electronics,877.2032905374623,120.56750664294981,active,2024-01-03
44898,Product_4898_4,clothing,210.10720471085855,99.84963972228053,pending,2024-09-16
44899,Product_4899_4,clothing,685.0448873197065,31.768154256201974,inactive,2024-08-06
44900,Product_4900_4,sports,63.45455116416127,423.5034159372974,inactive,2024-05-02
44901,Product_4901_4,books,950.1819435372272,114.95571448960241,inactive,2024-03-10
44902,Product_4902_4,clothing,296.9873547786431,498.9204706966947,pending,2024-08-20
44903,Product_4903_4,clothing,800.3858720721341,451.90957452665975,active,2024-09-07
44904,Product_4904_4,sports,441.9743349123688,304.659877464811,archived,2024-11-19
44905,Product_4905_4,books,976.9793508584443,36.51125451198044,archived,2024-02-15
44906,Product_4906_4,clothing,823.0349239548989,480.931826703282,archived,2024-08-12
44907,Product_4907_4,clothing,371.17608160612434,399.8961022937176,inactive,2024-03-14
44908,Product_4908_4,electronics,16.514413255454986,331.3418592633909,active,2024-05-20
44909,Product_4909_4,clothing,203.8656611841415,103.34366951509814,active,2024-10-04
44910,Product_4910_4,home,404.7191871181344,414.25511060129423,archived,2024-11-16
44911,Product_4911_4,clothing,704.692949708339,150.7748449965902,archived,2024-10-03
44912,Product_4912_4,sports,799.5445209094664,61.24381931678039,archived,2024-05-02
44913,Product_4913_4,home,219.28994933717766,345.01934240096307,archived,2024-04-10
44914,Product_4914_4,sports,918.8820273893299,304.71750579917256,pending,2024-02-01
44915,Product_4915_4,clothing,361.5445735455395,278.53100854595243,inactive,2024-01-04
44916,Product_4916_4,home,562.3041249398434,12.757378564445302,pending,2024-03-25
44917,Product_4917_4,clothing,110.44177192307014,67.79100378398817,active,2024-11-08
44918,Product_4918_4,electronics,692.1140105244372,116.7407691970642,inactive,2024-03-17
44919,Product_4919_4,sports,68.43829035421808,164.37209819398964,inactive,2024-12-05
44920,Product_4920_4,clothing,729.625410299262,98.36142871433947,pending,2024-10-01
44921,Product_4921_4,electronics,916.8598932852799,448.5941751234825,pending,2024-05-05
44922,Product_4922_4,clothing,725.5987255382682,97.00670680562021,archived,2024-01-06
44923,Product_4923_4,sports,937.1737830763578,107.92182636505625,pending,2024-10-10
44924,Product_4924_4,home,446.73600460035567,158.39143908793267,pending,2024-10-22
44925,Product_4925_4,books,671.616953474589,186.07189778561894,archived,2024-11-02
44926,Product_4926_4,sports,527.0477603634181,40.96139081569828,inactive,2024-06-25
44927,Product_4927_4,sports,35.73121604451481,436.32601708990023,inactive,2024-04-18
44928,Product_4928_4,home,153.94274394368074,104.77268494815621,inactive,2024-06-27
44929,Product_4929_4,books,976.0122654941215,414.51740945639926,pending,2024-01-19
44930,Product_4930_4,sports,251.12352275622925,240.21638743998705,pending,2024-03-09
44931,Product_4931_4,sports,484.4052628514735,242.72806420960978,inactive,2024-11-14
44932,Product_4932_4,clothing,382.04136563907014,42.19055489293152,archived,2024-03-05
44933,Product_4933_4,electronics,455.8238902370015,102.39128223626228,pending,2024-10-05
44934,Product_4934_4,home,413.5068762560505,438.1641863233636,inactive,2024-03-24
44935,Product_4935_4,electronics,807.5206260055993,183.982154541773,archived,2024-11-02
44936,Product_4936_4,electronics,146.29674690099802,308.48818288863436,active,2024-10-04
44937,Product_4937_4,home,879.9860576214522,257.3944560898402,active,2024-05-05
44938,Product_4938_4,home,68.82911535777231,335.5443733339023,pending,2024-05-25
44939,Product_4939_4,electronics,357.7549324558728,275.0501336012503,active,2024-04-17
44940,Product_4940_4,books,496.6546227314719,316.96037127188964,pending,2024-11-23
44941,Product_4941_4,books,447.1602830537745,251.69833154311974,archived,2024-10-18
44942,Product_4942_4,home,713.0153775383377,498.9386529932947,active,2024-09-12
44943,Product_4943_4,clothing,38.352498633740616,242.19483688539358,archived,2024-05-08
44944,Product_4944_4,sports,74.15133535547639,414.57175709836724,pending,2024-06-24
44945,Product_4945_4,clothing,997.9194604010395,335.4914299066648,pending,2024-12-26
44946,Product_4946_4,electronics,456.8782945142143,143.5714538015031,pending,2024-02-18
44947,Product_4947_4,sports,567.0382479131453,280.951399262789,archived,2024-01-10
44948,Product_4948_4,books,714.1949369596935,232.31085833133497,archived,2024-05-19
44949,Product_4949_4,electronics,978.134705837045,198.84779066524146,active,2024-03-22
44950,Product_4950_4,clothing,597.165090879923,306.8140379783287,inactive,2024-09-12
44951,Product_4951_4,electronics,825.3769610270589,87.99925316454843,inactive,2024-12-23
44952,Product_4952_4,books,21.355183296551356,107.76310792926803,inactive,2024-05-09
44953,Product_4953_4,sports,94.92234716795319,356.70257699296116,active,2024-11-21
44954,Product_4954_4,clothing,474.24114650245883,311.0822543184175,pending,2024-06-25
44955,Product_4955_4,sports,171.98135102243725,246.87187665423957,archived,2024-06-15
44956,Product_4956_4,books,704.1640844891674,428.8897590633167,pending,2024-02-01
44957,Product_4957_4,sports,669.8371219315777,329.2029210913854,pending,2024-01-17
44958,Product_4958_4,sports,911.0081973417076,415.953383875543,pending,2024-06-13
44959,Product_4959_4,clothing,937.9793716904259,215.8278359908875,pending,2024-03-28
44960,Product_4960_4,sports,863.6008472360413,353.6005633809653,inactive,2024-04-01
44961,Product_4961_4,home,246.22857268557846,365.18956167013647,archived,2024-02-02
44962,Product_4962_4,electronics,782.4816522701711,497.6034524597274,pending,2024-06-22
44963,Product_4963_4,sports,53.73222248685754,134.5612571375441,archived,2024-01-25
44964,Product_4964_4,home,118.76441569470397,290.49409398462603,archived,2024-11-27
44965,Product_4965_4,electronics,613.1833193401062,77.62012153057086,pending,2024-09-28
44966,Product_4966_4,sports,947.208692160945,167.13156584477665,inactive,2024-11-12
44967,Product_4967_4,electronics,906.7093926632282,387.5845587081383,active,2024-10-07
44968,Product_4968_4,clothing,467.54416306100904,169.00001536737287,archived,2024-08-16
44969,Product_4969_4,home,219.81633372156602,121.854134889406,archived,2024-06-01
44970,Product_4970_4,electronics,270.57247856304355,138.76359770250195,active,2024-02-27
44971,Product_4971_4,books,308.98906438393476,199.36318412634364,active,2024-12-18
44972,Product_4972_4,books,201.83803202250073,297.01442035293195,active,2024-09-19
44973,Product_4973_4,books,960.7466908692525,498.4080992395479,active,2024-06-28
44974,Product_4974_4,sports,553.7772144868311,82.7321870280357,pending,2024-08-17
44975,Product_4975_4,electronics,370.9135417024415,357.6298979770504,pending,2024-05-22
44976,Product_4976_4,sports,97.2130018339601,484.69330783648047,active,2024-02-22
44977,Product_4977_4,sports,286.67593794969105,338.2541400550587,archived,2024-05-21
44978,Product_4978_4,sports,692.9733974558515,343.8621329499103,inactive,2024-09-25
44979,Product_4979_4,clothing,413.2682587471687,202.45143954643186,pending,2024-05-05
44980,Product_4980_4,electronics,703.4064740779227,129.49211024771049,active,2024-01-05
44981,Product_4981_4,electronics,930.8136898056184,125.98580393714859,pending,2024-11-27
44982,Product_4982_4,home,245.88703625209848,270.79903872202846,archived,2024-05-19
44983,Product_4983_4,clothing,258.05893362486347,138.51681057063973,active,2024-10-18
44984,Product_4984_4,books,50.21320828574763,219.81293545640068,archived,2024-12-28
44985,Product_4985_4,electronics,613.4211984691011,91.50241499361891,inactive,2024-03-07
44986,Product_4986_4,books,318.7049519835715,475.1023374816794,archived,2024-12-15
44987,Product_4987_4,sports,750.74618518296,311.5238329695635,archived,2024-05-03
44988,Product_4988_4,home,401.4721284237555,253.12650148252538,archived,2024-05-22
44989,Product_4989_4,clothing,985.3199825486115,442.40039728250537,inactive,2024-04-10
44990,Product_4990_4,electronics,937.8493761255028,423.85862196866225,archived,2024-01-09
44991,Product_4991_4,books,656.8308598020054,287.50876220236563,inactive,2024-04-20
44992,Product_4992_4,books,884.1653804763304,51.44893101572445,pending,2024-01-01
44993,Product_4993_4,books,419.6148672563336,290.48071711158263,inactive,2024-06-06
44994,Product_4994_4,books,288.19861916388436,499.00786213470155,active,2024-01-06
44995,Product_4995_4,clothing,4.24148956499632,54.623496307557296,archived,2024-12-06
44996,Product_4996_4,electronics,618.2940371547925,351.804312232078,inactive,2024-08-13
44997,Product_4997_4,electronics,481.3668400195499,383.4925798928007,inactive,2024-02-05
44998,Product_4998_4,books,930.4709827295987,377.8850464647015,pending,2024-06-04
44999,Product_4999_4,sports,603.425054712551,184.11457651116248,pending,2024-01-08
45000,Product_5000_4,books,861.3389984734667,56.59490658511538,inactive,2024-12-19
45001,Product_5001_4,books,308.7446406451379,351.0819244318823,archived,2024-08-22
45002,Product_5002_4,electronics,596.5500606437139,485.43118976597805,active,2024-09-01
45003,Product_5003_4,sports,719.7878081840145,458.2744653912129,pending,2024-01-12
45004,Product_5004_4,home,101.0598953790481,183.2606951465119,archived,2024-10-23
45005,Product_5005_4,electronics,556.3637017193408,343.90240308514205,active,2024-03-12
45006,Product_5006_4,home,453.50874547323866,222.22896912298035,pending,2024-03-18
45007,Product_5007_4,books,112.94513121861115,135.03690514990853,active,2024-10-09
45008,Product_5008_4,electronics,628.4476178184041,454.17902258088054,archived,2024-11-04
45009,Product_5009_4,sports,539.1587014619943,171.60498663884428,active,2024-07-07
45010,Product_5010_4,books,52.462458177904544,106.58123407645238,pending,2024-12-20
45011,Product_5011_4,electronics,423.6185611936687,234.06285607839567,inactive,2024-08-19
45012,Product_5012_4,home,318.6192497201414,356.75173471487614,inactive,2024-03-14
45013,Product_5013_4,home,809.8623695946433,393.38868454146626,active,2024-08-28
45014,Product_5014_4,clothing,615.6165915944516,214.13958985242462,archived,2024-04-05
45015,Product_5015_4,clothing,223.78464720395522,269.22429192758483,active,2024-04-22
45016,Product_5016_4,electronics,422.23890483641594,408.7116503798282,archived,2024-06-18
45017,Product_5017_4,sports,903.1587010599413,274.42266092647156,inactive,2024-05-13
45018,Product_5018_4,clothing,162.8561475298738,222.11509230465646,pending,2024-02-17
45019,Product_5019_4,sports,773.30183472108,39.26474819734429,pending,2024-04-22
45020,Product_5020_4,electronics,106.83402972744678,233.29188059832865,pending,2024-03-01
45021,Product_5021_4,electronics,62.00354764452472,28.913667777742766,pending,2024-08-15
45022,Product_5022_4,clothing,350.23131764961573,144.41711337181923,active,2024-08-16
45023,Product_5023_4,electronics,151.76053434898967,446.23041800985146,archived,2024-12-15
45024,Product_5024_4,electronics,931.5292600622581,83.20812824065437,active,2024-02-26
45025,Product_5025_4,home,77.465145858387,337.39667813175896,pending,2024-12-19
45026,Product_5026_4,sports,283.92872989393913,319.681775353345,inactive,2024-06-06
45027,Product_5027_4,books,158.5048942065967,241.47981868078608,inactive,2024-12-09
45028,Product_5028_4,books,39.51646434944053,282.6906098662371,pending,2024-02-09
45029,Product_5029_4,electronics,571.62006648865,488.1983171263588,archived,2024-10-06
45030,Product_5030_4,sports,858.2423949216784,195.60100448262313,archived,2024-03-22
45031,Product_5031_4,clothing,761.7197614879466,437.9029223768597,inactive,2024-04-09
45032,Product_5032_4,electronics,615.4946156476854,463.8606091290033,pending,2024-07-06
45033,Product_5033_4,clothing,482.44512392643367,97.01889312854473,archived,2024-07-17
45034,Product_5034_4,clothing,277.35328895236256,198.98967610201785,inactive,2024-12-09
45035,Product_5035_4,electronics,863.227259687644,430.99853297341195,archived,2024-03-04
45036,Product_5036_4,home,687.5377959619663,323.6132180619772,inactive,2024-10-12
45037,Product_5037_4,books,368.7840647605403,228.58565596541962,inactive,2024-12-25
45038,Product_5038_4,home,543.5810685814214,135.9676046245214,inactive,2024-02-20
45039,Product_5039_4,electronics,73.70391315280885,489.40786224378735,archived,2024-04-09
45040,Product_5040_4,books,463.7533279775482,400.8555326820398,pending,2024-03-16
45041,Product_5041_4,home,909.4320484036602,204.0740616763602,active,2024-06-25
45042,Product_5042_4,sports,947.00104578328,433.60041112648713,archived,2024-02-22
45043,Product_5043_4,sports,315.3088368606517,400.1539997698412,inactive,2024-05-22
45044,Product_5044_4,home,1.7465676118441658,446.6692290562992,pending,2024-12-03
45045,Product_5045_4,clothing,529.0844415345462,215.9337498214213,archived,2024-02-15
45046,Product_5046_4,electronics,79.72545818058748,273.96366467642974,archived,2024-02-08
45047,Product_5047_4,books,816.612774853551,55.07820049319084,active,2024-02-11
45048,Product_5048_4,electronics,184.74284170779293,377.4696056806564,archived,2024-07-12
45049,Product_5049_4,books,169.62084058683845,409.7469846637499,archived,2024-04-15
45050,Product_5050_4,clothing,396.26537152987214,236.30213701913985,active,2024-02-24
45051,Product_5051_4,books,911.4128916221466,28.688366142781366,inactive,2024-05-18
45052,Product_5052_4,sports,602.4769299437487,287.48910820925084,inactive,2024-06-15
45053,Product_5053_4,home,296.04820530944056,296.338433127863,active,2024-08-28
45054,Product_5054_4,sports,196.02739097991906,165.62034643749146,inactive,2024-12-06
45055,Product_5055_4,clothing,832.5948868198931,303.0445752465465,archived,2024-05-16
45056,Product_5056_4,clothing,74.79208882085511,285.81305230718357,archived,2024-09-28
45057,Product_5057_4,sports,814.2338032768683,265.75413399767126,inactive,2024-05-24
45058,Product_5058_4,clothing,244.67502394224448,402.565256378593,inactive,2024-12-19
45059,Product_5059_4,home,449.98148015723405,249.89657906089815,pending,2024-08-22
45060,Product_5060_4,electronics,715.9265299337915,100.2213912366107,pending,2024-10-26
45061,Product_5061_4,books,368.4679363092946,380.59553204470103,inactive,2024-04-11
45062,Product_5062_4,home,840.5491093152376,99.87453417257102,inactive,2024-12-28
45063,Product_5063_4,sports,245.92546901516118,338.15492242803407,pending,2024-06-25
45064,Product_5064_4,sports,671.7874419599635,489.20177349120655,inactive,2024-12-22
45065,Product_5065_4,electronics,314.3926596578525,324.4896000731321,archived,2024-08-20
45066,Product_5066_4,sports,415.27065613472683,138.78298100522937,inactive,2024-01-12
45067,Product_5067_4,home,704.4713421152442,319.58558725724873,active,2024-06-07
45068,Product_5068_4,clothing,190.27738938881504,130.29255428115786,active,2024-08-07
45069,Product_5069_4,home,875.4778033269712,293.1679776145185,inactive,2024-01-25
45070,Product_5070_4,electronics,310.9798880423295,120.7196383431037,archived,2024-02-25
45071,Product_5071_4,electronics,529.878540332552,471.5495607291183,active,2024-03-20
45072,Product_5072_4,home,969.8618992031778,362.2289563102964,inactive,2024-08-12
45073,Product_5073_4,home,304.2167296451729,339.01833668679404,pending,2024-10-18
45074,Product_5074_4,books,229.58780269024422,132.33223949971696,active,2024-09-23
45075,Product_5075_4,home,76.94672906274641,245.23056126983053,active,2024-03-01
45076,Product_5076_4,electronics,241.73054762183816,489.01978070457216,archived,2024-09-09
45077,Product_5077_4,electronics,162.92084824962717,150.363474854772,pending,2024-09-19
45078,Product_5078_4,sports,666.8109604919094,319.97511859384866,inactive,2024-01-14
45079,Product_5079_4,electronics,700.0962578023342,358.7210927122818,inactive,2024-04-05
45080,Product_5080_4,clothing,844.6079327064859,434.9378245295343,inactive,2024-11-08
45081,Product_5081_4,home,171.75520998255124,329.64988914445405,pending,2024-07-03
45082,Product_5082_4,sports,908.2988311007235,426.51828134624554,active,2024-04-14
45083,Product_5083_4,clothing,561.2784331799907,154.93164048443035,active,2024-11-12
45084,Product_5084_4,clothing,288.31485767231175,362.0734157473975,pending,2024-03-21
45085,Product_5085_4,clothing,632.4236433686824,131.04210959669535,active,2024-02-11
45086,Product_5086_4,clothing,23.612633453675453,472.2404402838203,active,2024-03-11
45087,Product_5087_4,books,522.1599664168109,271.2604783713842,inactive,2024-06-20
45088,Product_5088_4,clothing,714.058072631605,449.6050474838024,archived,2024-09-23
45089,Product_5089_4,clothing,788.1490952522577,359.89518627527576,archived,2024-03-09
45090,Product_5090_4,clothing,277.629948768496,342.0924046884574,active,2024-01-16
45091,Product_5091_4,sports,494.2204188584885,180.20312069528438,archived,2024-04-19
45092,Product_5092_4,clothing,150.66034940800435,347.73393467730483,active,2024-03-04
45093,Product_5093_4,sports,944.7609324176677,321.59300618977653,inactive,2024-10-23
45094,Product_5094_4,electronics,160.51079710263545,492.66695498009057,inactive,2024-10-23
45095,Product_5095_4,electronics,764.8942177715236,456.352327365325,archived,2024-10-12
45096,Product_5096_4,home,865.8255466161787,171.92035742491714,pending,2024-05-24
45097,Product_5097_4,electronics,915.9444036331909,208.73950415679346,inactive,2024-02-16
45098,Product_5098_4,home,655.7268556568824,192.3797617178805,inactive,2024-07-21
45099,Product_5099_4,books,751.7725902176232,347.99473637996243,inactive,2024-10-05
45100,Product_5100_4,books,510.26211479253845,180.82501474641032,archived,2024-12-26
45101,Product_5101_4,electronics,20.429598810405693,430.85223258036496,archived,2024-06-24
45102,Product_5102_4,electronics,804.0043435924853,363.44539747365803,archived,2024-11-10
45103,Product_5103_4,clothing,174.22845513852894,326.94203614886237,active,2024-10-07
45104,Product_5104_4,electronics,370.46662637142714,180.07716454335267,inactive,2024-01-27
45105,Product_5105_4,sports,877.6873734268374,132.7009697236345,pending,2024-03-01
45106,Product_5106_4,home,40.910229026950795,329.05905204314166,active,2024-02-12
45107,Product_5107_4,sports,180.64924824373608,381.4201969878556,active,2024-06-03
45108,Product_5108_4,electronics,360.57573733287813,32.199486676407034,inactive,2024-03-11
45109,Product_5109_4,sports,237.06516380454573,25.838291984348224,inactive,2024-04-24
45110,Product_5110_4,books,714.4936174278097,446.77909112904206,inactive,2024-05-06
45111,Product_5111_4,books,191.541852433629,233.99081971901225,archived,2024-08-03
45112,Product_5112_4,books,696.4685291845163,186.85880219726656,inactive,2024-03-05
45113,Product_5113_4,books,557.3130714036207,153.06287195319698,active,2024-01-17
45114,Product_5114_4,books,431.4685581293165,315.28621747405657,active,2024-12-14
45115,Product_5115_4,electronics,797.2927793578693,225.3302988329999,archived,2024-02-03
45116,Product_5116_4,electronics,525.0262436499382,276.84840767447037,archived,2024-12-07
45117,Product_5117_4,electronics,428.9206071896997,55.86407253177298,pending,2024-07-23
45118,Product_5118_4,home,844.0649983083994,196.5094693932223,pending,2024-11-22
45119,Product_5119_4,clothing,974.5242604381762,345.9603709551762,archived,2024-11-17
45120,Product_5120_4,home,262.98471774063756,55.25290817533188,pending,2024-05-15
45121,Product_5121_4,books,670.9312515376564,449.2961468231534,inactive,2024-02-13
45122,Product_5122_4,home,880.5564687730231,365.9120695167268,active,2024-02-04
45123,Product_5123_4,home,849.4067357331721,29.8638905380706,inactive,2024-03-02
45124,Product_5124_4,clothing,471.6229444334623,338.7802871759446,active,2024-01-22
45125,Product_5125_4,clothing,518.4844984295984,302.0768680109134,active,2024-12-05
45126,Product_5126_4,sports,604.8520979577268,191.0735446935936,active,2024-08-01
45127,Product_5127_4,clothing,685.8650933629722,429.5956932676783,active,2024-09-07
45128,Product_5128_4,home,272.5277843716648,170.81902085489116,inactive,2024-09-07
45129,Product_5129_4,clothing,386.33643204852257,394.2085307403375,archived,2024-07-26
45130,Product_5130_4,books,326.326079878163,172.9178465699804,archived,2024-07-11
45131,Product_5131_4,electronics,502.9556834963225,406.9952741538587,pending,2024-02-10
45132,Product_5132_4,home,392.640833038941,237.0482168583432,active,2024-10-09
45133,Product_5133_4,sports,635.6987729499444,85.31807305418431,archived,2024-09-17
45134,Product_5134_4,sports,422.3591691747454,303.4703932539769,archived,2024-02-03
45135,Product_5135_4,electronics,515.9957970482251,12.340738415149037,active,2024-08-09
45136,Product_5136_4,home,561.0048805994269,208.36277364511773,inactive,2024-03-04
45137,Product_5137_4,home,774.4146851445918,431.40023258505903,inactive,2024-03-13
45138,Product_5138_4,home,97.17152162733665,317.31981414086164,active,2024-06-03
45139,Product_5139_4,home,121.78406683535238,46.14147482528248,archived,2024-12-11
45140,Product_5140_4,clothing,709.1877495657191,122.22459311838323,inactive,2024-10-13
45141,Product_5141_4,sports,493.26119811436007,343.0829122427871,inactive,2024-10-03
45142,Product_5142_4,sports,193.0611034166931,226.93414445266566,archived,2024-11-26
45143,Product_5143_4,clothing,623.9459888537244,414.2961367513553,inactive,2024-08-18
45144,Product_5144_4,home,485.96142201292895,44.094664042113536,inactive,2024-07-26
45145,Product_5145_4,electronics,935.5216867468612,257.5526393667086,inactive,2024-08-16
45146,Product_5146_4,electronics,9.610336258315982,109.71014472438593,active,2024-04-28
45147,Product_5147_4,books,215.12221428345487,332.3557250582855,archived,2024-09-05
45148,Product_5148_4,sports,489.90941841689613,61.17124988190928,active,2024-08-21
45149,Product_5149_4,home,479.7393010700061,14.342487213189987,inactive,2024-03-24
45150,Product_5150_4,books,351.01362560204467,251.08721836806188,pending,2024-11-06
45151,Product_5151_4,sports,337.6871197108158,309.0401626034109,archived,2024-04-08
45152,Product_5152_4,electronics,701.8303134234743,495.5964123308394,archived,2024-02-03
45153,Product_5153_4,sports,978.7809273062635,311.41199773941145,active,2024-10-26
45154,Product_5154_4,sports,17.710138714311444,392.5822586219191,inactive,2024-02-06
45155,Product_5155_4,home,562.3636188606588,124.14269041139053,archived,2024-09-16
45156,Product_5156_4,home,344.70894145306585,160.60038136109702,pending,2024-01-13
45157,Product_5157_4,home,972.2462680252107,213.05544852364594,archived,2024-09-07
45158,Product_5158_4,books,979.416001150014,180.49522694134015,pending,2024-04-04
45159,Product_5159_4,home,966.4629198152045,333.01482535861754,active,2024-03-25
45160,Product_5160_4,books,40.35553110546658,455.84541018743374,active,2024-02-28
45161,Product_5161_4,home,881.5530031169294,114.95711899348129,inactive,2024-02-04
45162,Product_5162_4,home,327.99648235562194,228.47393560069284,pending,2024-04-27
45163,Product_5163_4,sports,914.5073257797626,135.59053758778123,inactive,2024-07-04
45164,Product_5164_4,clothing,16.788343719788614,470.33721723185784,active,2024-03-14
45165,Product_5165_4,electronics,635.3010532752791,192.73880548439772,archived,2024-11-13
45166,Product_5166_4,clothing,710.6263763014065,298.44383467465815,pending,2024-05-20
45167,Product_5167_4,home,908.8057614709271,233.3932683699101,active,2024-01-23
45168,Product_5168_4,sports,279.8522178879866,42.39278239903637,inactive,2024-12-20
45169,Product_5169_4,home,585.6402495264855,184.65751946193754,active,2024-06-22
45170,Product_5170_4,books,645.1492969738605,157.59112428709435,active,2024-04-10
45171,Product_5171_4,sports,281.17532249740015,456.3279268218271,inactive,2024-07-13
45172,Product_5172_4,books,663.6289300124306,462.99430856419525,active,2024-12-28
45173,Product_5173_4,clothing,999.8428193931135,113.8742548700651,inactive,2024-05-18
45174,Product_5174_4,clothing,660.4336381912027,425.0469670892286,pending,2024-11-23
45175,Product_5175_4,clothing,469.8049481548586,434.4127269713671,archived,2024-11-09
45176,Product_5176_4,electronics,15.982050040306294,259.28823791070585,archived,2024-11-01
45177,Product_5177_4,clothing,442.2185755195759,83.1943981621819,archived,2024-05-07
45178,Product_5178_4,sports,851.9243401841948,429.43432260830144,active,2024-09-18
45179,Product_5179_4,books,123.95790025324072,359.3461610453254,active,2024-08-23
45180,Product_5180_4,books,833.0124179168873,226.98192713317073,archived,2024-06-13
45181,Product_5181_4,sports,753.454651603443,285.54653373398287,pending,2024-05-19
45182,Product_5182_4,clothing,27.134247292772315,329.38272052735744,pending,2024-12-14
45183,Product_5183_4,books,808.2676784028164,183.73978138436658,archived,2024-09-14
45184,Product_5184_4,clothing,647.3863612769842,160.92180628314634,pending,2024-09-06
45185,Product_5185_4,clothing,470.6377023648106,66.2499743084409,inactive,2024-11-18
45186,Product_5186_4,clothing,513.0323516983175,72.52541737685513,active,2024-04-09
45187,Product_5187_4,sports,938.4408575584386,198.09609754218926,pending,2024-07-05
45188,Product_5188_4,books,532.61765139519,29.344662037410625,archived,2024-10-09
45189,Product_5189_4,sports,911.111591965803,326.7104445012149,inactive,2024-12-02
45190,Product_5190_4,clothing,803.6302390004864,130.28164844070423,active,2024-11-01
45191,Product_5191_4,books,860.0846884542724,414.0785992688184,active,2024-01-05
45192,Product_5192_4,home,257.9681783245211,448.96110274285724,archived,2024-02-01
45193,Product_5193_4,books,645.3717373116158,194.95659298431718,archived,2024-06-15
45194,Product_5194_4,clothing,389.0899880251469,33.58828417914536,active,2024-10-27
45195,Product_5195_4,clothing,218.42952613914852,481.8380118085897,inactive,2024-11-07
45196,Product_5196_4,home,660.1540396327271,457.77454501386427,active,2024-08-27
45197,Product_5197_4,home,599.4808561375984,361.97212430421007,active,2024-10-21
45198,Product_5198_4,sports,207.11956170506247,75.02508824251018,archived,2024-11-18
45199,Product_5199_4,electronics,289.3724143358225,170.5726667459838,inactive,2024-08-15
45200,Product_5200_4,clothing,563.6092878588664,51.35558005850419,active,2024-09-22
45201,Product_5201_4,home,788.3038302646379,17.248770204792915,archived,2024-05-07
45202,Product_5202_4,electronics,132.06439006854478,396.15022929861397,inactive,2024-09-06
45203,Product_5203_4,home,67.6014058143306,50.66888879272598,archived,2024-05-17
45204,Product_5204_4,clothing,908.0542188649497,187.62486152052062,pending,2024-12-20
45205,Product_5205_4,clothing,198.89310731770493,96.54661772610719,active,2024-05-27
45206,Product_5206_4,books,235.80909448490004,497.7719020329271,archived,2024-11-05
45207,Product_5207_4,clothing,705.8973120729128,41.792599098169475,archived,2024-09-20
45208,Product_5208_4,books,47.29883993509402,43.41350189542308,archived,2024-12-24
45209,Product_5209_4,clothing,888.8246016716662,196.3396726970711,pending,2024-01-23
45210,Product_5210_4,electronics,258.8074951139836,111.21921374560264,inactive,2024-07-28
45211,Product_5211_4,clothing,543.310714247901,110.46258186691499,archived,2024-02-24
45212,Product_5212_4,clothing,168.41772819872514,300.4267868933469,archived,2024-09-18
45213,Product_5213_4,sports,568.7442503490388,307.42102081026513,active,2024-08-21
45214,Product_5214_4,electronics,738.6339030077849,36.58992277759625,pending,2024-06-20
45215,Product_5215_4,electronics,471.44563716106734,79.94398025552911,archived,2024-11-15
45216,Product_5216_4,sports,542.9691000923051,54.73293669717264,active,2024-12-23
45217,Product_5217_4,books,97.999640278101,96.23865249305484,archived,2024-05-01
45218,Product_5218_4,electronics,258.9928974816904,234.07281593281678,archived,2024-12-27
45219,Product_5219_4,books,206.31994342058871,415.49607672776966,archived,2024-06-02
45220,Product_5220_4,clothing,191.63744778847945,56.602513087399444,pending,2024-02-06
45221,Product_5221_4,clothing,655.6330431176875,12.552989435722122,active,2024-07-06
45222,Product_5222_4,electronics,288.4861799981508,329.25999157819035,pending,2024-10-02
45223,Product_5223_4,home,262.79350518973826,368.9957156318296,active,2024-05-09
45224,Product_5224_4,clothing,455.9775643869656,218.52776761978546,active,2024-09-06
45225,Product_5225_4,home,404.68193517390273,375.87025173469044,pending,2024-12-28
45226,Product_5226_4,books,190.99484062304487,438.8489957782384,inactive,2024-12-23
45227,Product_5227_4,sports,664.7596026135052,485.8142589050021,inactive,2024-12-24
45228,Product_5228_4,home,166.1642325777681,446.3439134356541,active,2024-07-26
45229,Product_5229_4,clothing,620.9300917288618,164.77815030617634,archived,2024-04-21
45230,Product_5230_4,books,422.90452798902515,81.49344142293148,pending,2024-12-25
45231,Product_5231_4,clothing,719.8137159343365,125.66258854620706,pending,2024-03-19
45232,Product_5232_4,sports,742.3623812618897,61.06604207557742,active,2024-09-10
45233,Product_5233_4,books,410.26322754586414,184.14590908950103,pending,2024-03-25
45234,Product_5234_4,books,692.7236846854468,399.0908923271016,inactive,2024-12-14
45235,Product_5235_4,books,327.9820503167382,48.39136449663551,archived,2024-12-16
45236,Product_5236_4,books,141.46695591759553,333.3402791549431,pending,2024-02-11
45237,Product_5237_4,sports,887.2699988279575,294.0967124951153,pending,2024-04-09
45238,Product_5238_4,electronics,950.6866081271774,389.0716142365251,inactive,2024-03-27
45239,Product_5239_4,home,913.3310452273342,209.2243618382639,inactive,2024-07-13
45240,Product_5240_4,books,402.56726844282457,492.24220978721706,active,2024-12-04
45241,Product_5241_4,home,852.8289812555732,287.06704027282825,archived,2024-11-28
45242,Product_5242_4,electronics,633.7361726095301,187.70171880207675,inactive,2024-10-01
45243,Product_5243_4,electronics,128.34612731445094,193.52758422923117,inactive,2024-01-25
45244,Product_5244_4,books,994.7015370817751,179.75826509190767,pending,2024-02-10
45245,Product_5245_4,books,587.2317374398234,20.588105783003982,pending,2024-09-08
45246,Product_5246_4,clothing,119.345562232111,413.1860778043126,active,2024-03-27
45247,Product_5247_4,books,186.62193496869602,262.40446189427496,active,2024-02-27
45248,Product_5248_4,books,423.64556171647547,180.58045746379878,inactive,2024-12-21
45249,Product_5249_4,electronics,486.7650727866012,391.90680343535746,archived,2024-07-28
45250,Product_5250_4,sports,156.37260395412596,42.837633000835694,active,2024-02-26
45251,Product_5251_4,clothing,813.989438069327,417.7664263838347,active,2024-01-14
45252,Product_5252_4,home,670.5474679340912,320.95859638869985,inactive,2024-04-02
45253,Product_5253_4,home,423.18151341868196,482.99317672432704,inactive,2024-05-10
45254,Product_5254_4,home,610.8398310870641,460.1001828922931,active,2024-04-07
45255,Product_5255_4,home,958.9981161037476,308.0267243303711,archived,2024-11-10
45256,Product_5256_4,clothing,314.70525568735354,155.93671813269748,active,2024-06-16
45257,Product_5257_4,home,534.6844770487081,403.2796676549659,archived,2024-05-27
45258,Product_5258_4,books,995.3283063257127,348.6740056561185,archived,2024-09-03
45259,Product_5259_4,books,515.8978145695909,323.6573716508452,active,2024-04-05
45260,Product_5260_4,sports,604.3877403003585,88.08765097815743,archived,2024-03-05
45261,Product_5261_4,books,369.85571812081247,313.0520602479262,pending,2024-09-03
45262,Product_5262_4,electronics,200.6957340688173,457.63914365395755,archived,2024-11-20
45263,Product_5263_4,home,953.6801603453018,417.2138862546459,inactive,2024-08-18
45264,Product_5264_4,home,992.2822534831301,141.49601099154202,active,2024-04-12
45265,Product_5265_4,sports,203.89666983971674,423.9507379458323,inactive,2024-12-10
45266,Product_5266_4,sports,91.51001180238443,147.64507669985838,active,2024-09-20
45267,Product_5267_4,home,779.657228022273,369.42310436737057,active,2024-09-15
45268,Product_5268_4,books,533.9293680040367,195.7086351661714,archived,2024-04-19
45269,Product_5269_4,books,985.713724745841,296.9135827984427,inactive,2024-07-16
45270,Product_5270_4,sports,858.033468258499,261.4227953110424,pending,2024-02-08
45271,Product_5271_4,home,24.94060072829478,14.059912246978282,pending,2024-06-02
45272,Product_5272_4,electronics,84.0235497821213,131.60614831906045,inactive,2024-10-13
45273,Product_5273_4,books,120.66182289138838,446.58429889430323,archived,2024-12-28
45274,Product_5274_4,clothing,527.7035639304322,84.12987114407922,inactive,2024-01-20
45275,Product_5275_4,home,995.8584490128909,431.5820731592561,pending,2024-02-05
45276,Product_5276_4,sports,595.831540209333,215.38314694011086,inactive,2024-11-05
45277,Product_5277_4,sports,932.5632090381365,61.06979283843349,inactive,2024-03-16
45278,Product_5278_4,books,462.8240935591308,227.5780684211509,archived,2024-03-14
45279,Product_5279_4,electronics,544.3810695792472,21.24145220506174,active,2024-07-27
45280,Product_5280_4,sports,496.28235427804873,242.36651293087965,archived,2024-04-07
45281,Product_5281_4,electronics,971.3296143334954,38.57257559744646,active,2024-06-04
45282,Product_5282_4,home,745.9000546994911,202.5059475921248,inactive,2024-09-20
45283,Product_5283_4,electronics,452.2732364265888,197.20719570604354,active,2024-11-27
45284,Product_5284_4,home,268.8633643011001,457.4657986260085,archived,2024-03-28
45285,Product_5285_4,clothing,53.80385611714375,307.952831351967,inactive,2024-07-28
45286,Product_5286_4,electronics,537.7375737664056,441.71896402187303,inactive,2024-05-12
45287,Product_5287_4,books,191.64766402408367,160.13846561563975,active,2024-02-22
45288,Product_5288_4,electronics,185.4906881326627,469.6996243478274,inactive,2024-04-28
45289,Product_5289_4,electronics,284.24158814240775,223.9823772470055,active,2024-10-04
45290,Product_5290_4,electronics,329.6915128406755,433.69414596040485,pending,2024-07-23
45291,Product_5291_4,sports,439.5555039158558,352.3168694478908,inactive,2024-09-04
45292,Product_5292_4,sports,293.57944277431375,387.59987737937405,active,2024-07-24
45293,Product_5293_4,electronics,237.60182279022897,486.6075284022867,pending,2024-02-16
45294,Product_5294_4,clothing,334.4392731805293,37.75292353489001,active,2024-10-10
45295,Product_5295_4,home,990.5594965670388,294.93576746232924,active,2024-04-06
45296,Product_5296_4,sports,714.3397741302136,346.6001850494118,pending,2024-07-11
45297,Product_5297_4,books,680.9314591190638,202.61118698567623,inactive,2024-11-05
45298,Product_5298_4,electronics,27.059653398809814,415.6817709103291,archived,2024-06-09
45299,Product_5299_4,books,300.1436713604516,497.003491998305,inactive,2024-09-08
45300,Product_5300_4,clothing,27.57039943898704,188.9468795001393,inactive,2024-06-28
45301,Product_5301_4,books,53.17330015990887,327.63046719189725,pending,2024-01-03
45302,Product_5302_4,books,188.5408165047547,459.14512694765773,archived,2024-09-04
45303,Product_5303_4,books,807.8878530326621,496.87080163204604,archived,2024-10-15
45304,Product_5304_4,clothing,768.7275047561559,33.904925362174154,archived,2024-07-20
45305,Product_5305_4,books,116.93927083699833,229.5935143361546,archived,2024-03-10
45306,Product_5306_4,home,656.4261039089546,477.04705217613963,archived,2024-08-03
45307,Product_5307_4,sports,955.7701721505547,92.03084521834899,archived,2024-07-16
45308,Product_5308_4,home,166.91742028561376,106.31220652730492,active,2024-01-24
45309,Product_5309_4,sports,501.0111952211445,411.17522030947663,inactive,2024-04-09
45310,Product_5310_4,books,994.2692118544484,397.1744387670306,active,2024-06-09
45311,Product_5311_4,books,200.67092406775066,376.92931109912786,archived,2024-01-20
45312,Product_5312_4,sports,506.5213605572777,218.5215190871014,archived,2024-02-18
45313,Product_5313_4,books,335.3936485407634,355.06598873129775,pending,2024-08-19
45314,Product_5314_4,sports,969.5171114034318,141.2080617833092,pending,2024-08-09
45315,Product_5315_4,books,96.33999434525003,199.75838863604415,inactive,2024-11-19
45316,Product_5316_4,home,609.4627057820591,455.5160095241,pending,2024-11-01
45317,Product_5317_4,clothing,89.2035368298146,184.91729688594086,pending,2024-12-22
45318,Product_5318_4,sports,845.7394589168277,275.10013607766865,active,2024-07-27
45319,Product_5319_4,home,443.34279319271633,197.32592450855591,pending,2024-05-21
45320,Product_5320_4,electronics,887.8380709454066,37.320896909047484,pending,2024-07-06
45321,Product_5321_4,sports,203.62281762420952,46.9790497864926,active,2024-08-28
45322,Product_5322_4,home,60.54118794989232,432.4225815390568,pending,2024-01-02
45323,Product_5323_4,books,212.09519149901504,161.28475528487826,active,2024-07-12
45324,Product_5324_4,clothing,235.78696474968464,77.2596896550003,archived,2024-12-10
45325,Product_5325_4,clothing,405.58906855267827,59.2851345228075,active,2024-11-10
45326,Product_5326_4,electronics,478.05216293702995,378.5415306029524,archived,2024-02-06
45327,Product_5327_4,books,506.791674872467,230.4209271766304,inactive,2024-07-19
45328,Product_5328_4,sports,433.84863168967786,192.1188366361507,archived,2024-11-26
45329,Product_5329_4,home,484.73826655834534,19.70749070951419,inactive,2024-11-23
45330,Product_5330_4,sports,446.9822656042933,24.31888808191892,active,2024-03-23
45331,Product_5331_4,electronics,603.1861383099607,169.4201699964116,archived,2024-08-17
45332,Product_5332_4,home,842.6404483211898,75.90645712613198,pending,2024-06-14
45333,Product_5333_4,home,755.7547129017556,110.59577543487946,pending,2024-07-24
45334,Product_5334_4,books,370.23753928988424,423.96722202825356,active,2024-07-20
45335,Product_5335_4,home,364.8868003584757,364.7980991913576,active,2024-03-07
45336,Product_5336_4,books,682.2275643003309,191.63259994172842,pending,2024-04-26
45337,Product_5337_4,clothing,951.5482229731294,471.97141219749847,pending,2024-11-09
45338,Product_5338_4,books,290.1120163142614,309.05566628891125,archived,2024-07-24
45339,Product_5339_4,clothing,84.22050826214145,412.4773736351255,active,2024-05-11
45340,Product_5340_4,books,541.5358689759373,466.5120734360384,inactive,2024-11-21
45341,Product_5341_4,electronics,744.4388650468861,431.7532186715698,active,2024-01-07
45342,Product_5342_4,home,512.742504929066,300.0055104783393,active,2024-06-18
45343,Product_5343_4,books,516.9063530039268,148.56852848351895,inactive,2024-08-05
45344,Product_5344_4,books,770.7596628662144,156.2993710606392,archived,2024-12-01
45345,Product_5345_4,electronics,392.42171651565394,75.99688505363815,active,2024-04-24
45346,Product_5346_4,sports,615.5158498449547,301.8185673858904,inactive,2024-06-04
45347,Product_5347_4,electronics,33.41510047026958,180.08979025692435,archived,2024-01-28
45348,Product_5348_4,electronics,789.2962089927981,98.73011595467568,archived,2024-09-02
45349,Product_5349_4,electronics,893.8413924566249,299.05923921939217,archived,2024-03-06
45350,Product_5350_4,clothing,757.559396449367,290.0485774155355,archived,2024-10-08
45351,Product_5351_4,electronics,173.89426518819323,277.77136547976147,pending,2024-09-11
45352,Product_5352_4,clothing,67.44335162645763,249.01290276832418,archived,2024-10-24
45353,Product_5353_4,books,154.63085927160674,230.4452113985099,pending,2024-04-13
45354,Product_5354_4,clothing,569.5778401419428,92.288433224338,inactive,2024-09-08
45355,Product_5355_4,clothing,992.757331167248,115.79385788259266,active,2024-11-05
45356,Product_5356_4,electronics,388.04991436494726,125.04049507845421,inactive,2024-01-18
45357,Product_5357_4,electronics,603.6094067348102,160.36631768515252,pending,2024-12-04
45358,Product_5358_4,clothing,944.261956657891,104.74446486558631,active,2024-07-02
45359,Product_5359_4,books,320.4701419949131,37.72516862471402,inactive,2024-07-02
45360,Product_5360_4,home,474.01152968226995,18.441437708582903,archived,2024-08-08
45361,Product_5361_4,electronics,603.1579513976584,342.9233338392094,inactive,2024-01-17
45362,Product_5362_4,books,954.5398622101212,201.62402800918227,inactive,2024-06-22
45363,Product_5363_4,electronics,38.753585742902985,116.1498106734514,pending,2024-08-06
45364,Product_5364_4,electronics,182.57478803579457,239.3655592016803,inactive,2024-11-09
45365,Product_5365_4,books,163.90843198054995,366.7598037532812,inactive,2024-09-06
45366,Product_5366_4,electronics,609.358536396468,398.65168061463135,archived,2024-02-05
45367,Product_5367_4,home,216.0176599303236,427.238114381632,pending,2024-02-21
45368,Product_5368_4,home,200.548580188158,38.26544558166786,inactive,2024-04-22
45369,Product_5369_4,books,506.4655902416078,175.32501848268677,pending,2024-05-26
45370,Product_5370_4,sports,296.15734367684394,449.8289396089823,active,2024-10-24
45371,Product_5371_4,books,495.2720805482214,421.1128669274665,active,2024-04-06
45372,Product_5372_4,clothing,860.3356212580326,105.74744774517606,inactive,2024-12-20
45373,Product_5373_4,electronics,864.6198583845759,144.00468493786394,inactive,2024-03-05
45374,Product_5374_4,books,727.1677657024422,442.5673248145259,active,2024-07-09
45375,Product_5375_4,books,965.10128693066,267.06492779928453,active,2024-10-26
45376,Product_5376_4,home,184.2698909810253,179.66961604511505,inactive,2024-09-09
45377,Product_5377_4,sports,690.6609824512481,62.116686164560505,active,2024-12-04
45378,Product_5378_4,clothing,430.95910751483177,50.579659675192794,inactive,2024-10-23
45379,Product_5379_4,books,530.761069340904,309.62120546188225,inactive,2024-07-18
45380,Product_5380_4,books,665.7196186055469,278.34468013978085,pending,2024-08-03
45381,Product_5381_4,books,372.73369340525807,161.76941052182346,pending,2024-01-20
45382,Product_5382_4,books,526.6591327319459,84.29910783858983,inactive,2024-09-24
45383,Product_5383_4,home,967.3200659093176,90.20035390797806,active,2024-11-10
45384,Product_5384_4,sports,746.5362559312958,248.3262336564352,active,2024-08-02
45385,Product_5385_4,books,78.35935597197994,346.1074286456034,archived,2024-03-20
45386,Product_5386_4,electronics,572.4215423279317,409.53988618902514,pending,2024-03-13
45387,Product_5387_4,home,315.54676178945454,257.66551244920197,active,2024-12-10
45388,Product_5388_4,electronics,712.7158877278337,111.72136045200409,pending,2024-02-14
45389,Product_5389_4,sports,555.3993071291975,255.69790537923166,inactive,2024-07-17
45390,Product_5390_4,sports,364.7000824957481,127.30082034769013,inactive,2024-02-22
45391,Product_5391_4,sports,787.3742280693306,300.06679068700595,archived,2024-02-08
45392,Product_5392_4,home,698.3615318179917,331.2504062596641,inactive,2024-08-24
45393,Product_5393_4,electronics,565.9532412045589,304.24829054939346,archived,2024-03-28
45394,Product_5394_4,books,146.1474835902761,354.72769296065803,archived,2024-11-13
45395,Product_5395_4,electronics,417.8581126139505,262.3969725745799,inactive,2024-01-04
45396,Product_5396_4,sports,513.4117478886335,21.77548451809281,pending,2024-05-22
45397,Product_5397_4,books,6.477275012807251,120.61848804346205,pending,2024-12-08
45398,Product_5398_4,books,769.5540995081723,368.5296516310688,archived,2024-02-23
45399,Product_5399_4,electronics,546.1120754262535,113.48473663326672,inactive,2024-09-14
45400,Product_5400_4,sports,923.1298307546771,243.44118825129448,inactive,2024-06-25
45401,Product_5401_4,electronics,289.13716747840493,151.50408921086742,inactive,2024-02-16
45402,Product_5402_4,books,789.4597622158116,151.64155071616486,pending,2024-05-27
45403,Product_5403_4,books,378.6109254157672,337.69091594282276,archived,2024-11-23
45404,Product_5404_4,books,877.898301609695,222.75794235184753,pending,2024-06-12
45405,Product_5405_4,home,772.4578813244162,261.36324075737423,archived,2024-01-28
45406,Product_5406_4,home,208.06514762209937,133.61474998621586,archived,2024-11-28
45407,Product_5407_4,sports,34.73615362773233,116.25745975422184,active,2024-09-26
45408,Product_5408_4,books,389.50366852264756,293.6559955270959,pending,2024-10-17
45409,Product_5409_4,home,507.64401088562715,222.1663971819815,active,2024-07-01
45410,Product_5410_4,home,804.504903788302,84.03672029644842,archived,2024-09-05
45411,Product_5411_4,books,949.2022966399286,182.66102895242517,inactive,2024-11-01
45412,Product_5412_4,home,251.54434873151376,226.68209472979547,inactive,2024-06-06
45413,Product_5413_4,books,261.3278635171637,403.3704849408374,pending,2024-03-24
45414,Product_5414_4,home,585.5163099598278,415.32139269693306,pending,2024-05-27
45415,Product_5415_4,books,442.1949742923187,331.62551264273657,inactive,2024-04-13
45416,Product_5416_4,electronics,467.21609328184564,165.06158704815624,pending,2024-04-06
45417,Product_5417_4,home,659.0821525712198,298.53055356135167,pending,2024-05-13
45418,Product_5418_4,books,704.4933771685811,244.52928156735803,inactive,2024-03-23
45419,Product_5419_4,books,365.5735296385257,135.20087062666713,active,2024-01-28
45420,Product_5420_4,books,446.69488692203123,21.111689433823557,archived,2024-06-08
45421,Product_5421_4,electronics,864.2580749682619,148.5962128597015,archived,2024-06-22
45422,Product_5422_4,books,237.48029990982099,468.1006737128515,archived,2024-06-01
45423,Product_5423_4,sports,503.15843681240347,57.65378183001842,archived,2024-08-13
45424,Product_5424_4,electronics,217.30033964651233,348.6266566336042,inactive,2024-11-19
45425,Product_5425_4,home,533.1200580491936,155.7135705798822,inactive,2024-09-10
45426,Product_5426_4,sports,801.460349009519,97.21264257016736,active,2024-11-12
45427,Product_5427_4,sports,780.8428775217442,181.7877268721179,archived,2024-02-19
45428,Product_5428_4,home,965.1473063407662,14.97473853472643,active,2024-12-06
45429,Product_5429_4,books,393.061481944676,458.58957890249803,archived,2024-11-26
45430,Product_5430_4,home,248.17989228556277,102.70468462974834,pending,2024-03-03
45431,Product_5431_4,electronics,703.0129252680564,372.6896076421184,inactive,2024-01-11
45432,Product_5432_4,sports,73.32149567674966,380.4584881845936,pending,2024-04-21
45433,Product_5433_4,electronics,384.9376793052417,443.7933945661681,active,2024-11-16
45434,Product_5434_4,books,218.2899191331789,34.029766752591456,archived,2024-09-10
45435,Product_5435_4,electronics,441.77271502776114,450.83815551526226,inactive,2024-12-23
45436,Product_5436_4,books,337.7138058967316,102.42267846567817,active,2024-05-08
45437,Product_5437_4,clothing,429.19128366883314,228.9745424479334,pending,2024-03-27
45438,Product_5438_4,sports,492.45545303815175,189.51440083843787,active,2024-08-28
45439,Product_5439_4,electronics,350.43485416619154,14.798773549169672,pending,2024-11-18
45440,Product_5440_4,sports,163.4869416602075,468.4928422933873,pending,2024-12-10
45441,Product_5441_4,clothing,958.3293496253643,384.76328109731963,archived,2024-04-28
45442,Product_5442_4,books,772.4816274598143,230.55266119691407,active,2024-01-09
45443,Product_5443_4,sports,379.9837754810278,269.00862774998944,archived,2024-08-14
45444,Product_5444_4,clothing,50.31579881163281,243.93272943344138,archived,2024-05-22
45445,Product_5445_4,electronics,850.6250761123215,212.47612377454354,inactive,2024-07-17
45446,Product_5446_4,sports,569.4544966889043,88.87527070863696,inactive,2024-02-04
45447,Product_5447_4,books,498.1175903922388,244.73218795876457,archived,2024-01-09
45448,Product_5448_4,home,605.064295461385,448.6404576721892,archived,2024-12-24
45449,Product_5449_4,electronics,337.24034827685676,328.90046592438165,pending,2024-12-20
45450,Product_5450_4,electronics,79.98833860849085,290.7740481350775,pending,2024-01-20
45451,Product_5451_4,electronics,111.15211394185542,78.02098396311315,inactive,2024-09-14
45452,Product_5452_4,sports,318.40884863110824,34.96335861965275,pending,2024-10-21
45453,Product_5453_4,home,938.0453785618946,238.76781697669165,pending,2024-12-21
45454,Product_5454_4,home,997.9737714389718,195.61420859511352,active,2024-08-25
45455,Product_5455_4,sports,953.0674751290646,235.4353212045872,inactive,2024-05-09
45456,Product_5456_4,home,644.8111801334597,254.86055262861473,active,2024-01-26
45457,Product_5457_4,books,719.69318717421,430.8274131574519,archived,2024-09-16
45458,Product_5458_4,clothing,151.39296721904202,286.19810894845114,active,2024-10-09
45459,Product_5459_4,home,234.78559092119465,485.09407320812664,inactive,2024-02-17
45460,Product_5460_4,books,965.9645525187697,489.3132909193172,inactive,2024-05-20
45461,Product_5461_4,electronics,53.42970626733698,444.8988354706253,pending,2024-12-01
45462,Product_5462_4,books,825.2660642839869,366.6721852449369,archived,2024-01-25
45463,Product_5463_4,clothing,17.756618438839833,438.7991364275954,archived,2024-01-08
45464,Product_5464_4,clothing,519.6103004934683,291.4545660191782,archived,2024-08-18
45465,Product_5465_4,clothing,967.2755202364549,273.31665857834486,active,2024-04-11
45466,Product_5466_4,books,220.0578184333705,420.51048583399825,inactive,2024-12-06
45467,Product_5467_4,sports,381.16776012576264,421.6901859381827,pending,2024-05-03
45468,Product_5468_4,clothing,424.39648974123054,343.52277153631695,inactive,2024-06-24
45469,Product_5469_4,sports,614.5511845086526,453.01343684221666,active,2024-06-20
45470,Product_5470_4,home,268.7128969017932,297.462721074432,pending,2024-11-13
45471,Product_5471_4,books,354.4484383321669,433.3853229899379,inactive,2024-05-28
45472,Product_5472_4,electronics,151.46060431504986,95.93756813344862,archived,2024-08-04
45473,Product_5473_4,home,660.1172594980357,133.29551511747104,inactive,2024-02-03
45474,Product_5474_4,books,440.76581578101116,452.2412966740416,active,2024-08-25
45475,Product_5475_4,electronics,513.3279987927991,210.97924390313673,pending,2024-11-04
45476,Product_5476_4,sports,518.7764824783526,77.45995968522374,active,2024-04-12
45477,Product_5477_4,books,488.57403222067194,359.3609989876697,pending,2024-08-22
45478,Product_5478_4,clothing,660.6592428640829,100.99124627375363,active,2024-06-16
45479,Product_5479_4,sports,899.1371379103259,342.2244782250125,pending,2024-07-09
45480,Product_5480_4,electronics,197.46729641571548,173.7742517967976,archived,2024-06-17
45481,Product_5481_4,home,365.6767247502423,47.410608042239424,inactive,2024-04-27
45482,Product_5482_4,clothing,180.46687319741872,267.6109631916096,inactive,2024-02-05
45483,Product_5483_4,clothing,273.6310045377924,83.64669009077032,pending,2024-10-21
45484,Product_5484_4,clothing,589.5985820144055,482.07857322315135,archived,2024-07-15
45485,Product_5485_4,books,71.00661914042648,251.85708480347927,pending,2024-09-15
45486,Product_5486_4,books,956.6676010563841,160.45901244626438,inactive,2024-02-18
45487,Product_5487_4,home,823.7266500227915,336.52557571550625,archived,2024-04-26
45488,Product_5488_4,books,753.0075694253823,204.86970460771872,active,2024-08-15
45489,Product_5489_4,home,696.1645124823903,452.3733042986541,inactive,2024-01-15
45490,Product_5490_4,clothing,924.2394262097085,225.1042220557364,inactive,2024-10-09
45491,Product_5491_4,books,146.2122029457145,220.35731483705464,inactive,2024-06-26
45492,Product_5492_4,books,196.51104468086493,83.03294515756077,pending,2024-12-20
45493,Product_5493_4,electronics,699.0697409558676,406.07647265309663,active,2024-04-14
45494,Product_5494_4,electronics,227.31993073500655,14.158471619299469,pending,2024-03-04
45495,Product_5495_4,electronics,202.76916426643967,280.8851525118279,inactive,2024-02-10
45496,Product_5496_4,clothing,972.9854436933733,11.23195833468464,archived,2024-07-20
45497,Product_5497_4,electronics,470.8472522071162,437.4874114470389,pending,2024-08-25
45498,Product_5498_4,home,612.52844118002,327.71609121031867,active,2024-10-02
45499,Product_5499_4,sports,900.5468829241905,280.45522517494567,archived,2024-12-10
45500,Product_5500_4,home,135.25997377050894,492.88638582706034,inactive,2024-06-15
45501,Product_5501_4,books,842.7828379498691,433.5690407572696,archived,2024-05-12
45502,Product_5502_4,books,957.8360466891813,177.77439536084694,active,2024-04-03
45503,Product_5503_4,home,542.88628553936,408.4540812906818,active,2024-05-25
45504,Product_5504_4,clothing,901.9620381126575,493.47058554276487,inactive,2024-01-24
45505,Product_5505_4,electronics,877.062078340307,264.40389151132104,archived,2024-07-24
45506,Product_5506_4,home,131.44992721304104,427.4009538752791,inactive,2024-09-08
45507,Product_5507_4,books,821.3672732678388,43.887558977332894,active,2024-06-22
45508,Product_5508_4,sports,149.23717784672397,207.19536212909517,inactive,2024-06-27
45509,Product_5509_4,sports,642.7038958987459,170.29412946622017,inactive,2024-06-10
45510,Product_5510_4,electronics,614.1225030681653,301.1653951247453,active,2024-05-01
45511,Product_5511_4,sports,936.9081655999249,191.79818103988242,inactive,2024-01-16
45512,Product_5512_4,books,741.2744675367173,145.95622836786308,pending,2024-11-24
45513,Product_5513_4,home,255.78679482543347,283.5752633372891,inactive,2024-10-05
45514,Product_5514_4,electronics,854.6381154042914,302.8633817838732,pending,2024-07-25
45515,Product_5515_4,home,927.562842645685,51.529849002748776,inactive,2024-11-17
45516,Product_5516_4,home,319.07243820875647,471.8007603052333,inactive,2024-12-12
45517,Product_5517_4,clothing,124.40452666813336,49.05990260562667,archived,2024-12-12
45518,Product_5518_4,home,90.26990682428521,432.5071628456835,active,2024-08-23
45519,Product_5519_4,books,818.2006551287349,278.74383029543424,archived,2024-02-14
45520,Product_5520_4,clothing,949.7888062943342,487.72344284347776,inactive,2024-02-22
45521,Product_5521_4,home,784.3528434732561,423.55819030005546,pending,2024-03-28
45522,Product_5522_4,home,417.6944468078862,246.68122926152282,archived,2024-11-08
45523,Product_5523_4,books,660.2112997015397,31.596334993864357,inactive,2024-11-06
45524,Product_5524_4,books,479.06756933019176,372.44796968919854,archived,2024-08-09
45525,Product_5525_4,clothing,612.9259045210637,196.76694682110193,archived,2024-01-13
45526,Product_5526_4,home,266.8136702286064,138.40458919060436,inactive,2024-12-13
45527,Product_5527_4,home,365.0089731324144,89.67680071996183,active,2024-02-21
45528,Product_5528_4,sports,951.1306395709679,80.42499933459166,archived,2024-01-08
45529,Product_5529_4,books,70.20142834101307,26.147359525552528,pending,2024-01-16
45530,Product_5530_4,clothing,957.3709430068282,181.29014556239505,pending,2024-12-05
45531,Product_5531_4,books,743.7499721946015,316.17308298518503,archived,2024-04-12
45532,Product_5532_4,sports,523.4209622593047,34.286798770651444,pending,2024-03-11
45533,Product_5533_4,books,135.92606010241582,351.2971893686258,active,2024-07-28
45534,Product_5534_4,clothing,799.6763718391798,306.5869068999886,active,2024-11-22
45535,Product_5535_4,clothing,724.905333099002,168.2490234258472,pending,2024-03-07
45536,Product_5536_4,home,192.11560979224421,172.79915676148795,inactive,2024-10-06
45537,Product_5537_4,clothing,377.6090701080254,299.5284973745145,archived,2024-01-07
45538,Product_5538_4,books,778.2678795936023,311.9514941737666,inactive,2024-03-18
45539,Product_5539_4,clothing,885.1177358511818,333.0885753521001,inactive,2024-08-01
45540,Product_5540_4,home,846.7104044765588,58.49933555656508,active,2024-01-22
45541,Product_5541_4,books,763.795769181189,74.20490647040059,pending,2024-03-15
45542,Product_5542_4,electronics,305.86479667998015,477.44179456505094,active,2024-02-28
45543,Product_5543_4,books,977.6907579893885,308.72135669253385,inactive,2024-12-21
45544,Product_5544_4,home,51.231339490721375,397.706291405219,inactive,2024-11-09
45545,Product_5545_4,sports,282.84249882812804,481.17597477567745,pending,2024-04-12
45546,Product_5546_4,home,185.91405388188372,166.23645033140508,archived,2024-11-12
45547,Product_5547_4,electronics,844.2351978283068,315.7414365643153,active,2024-06-19
45548,Product_5548_4,electronics,881.2577257766256,384.9457370023691,archived,2024-06-12
45549,Product_5549_4,electronics,528.9925969801608,371.11286602866653,pending,2024-02-14
45550,Product_5550_4,sports,656.9643296830552,244.16810309031285,pending,2024-12-13
45551,Product_5551_4,home,715.3623416038905,344.42371339953513,pending,2024-10-08
45552,Product_5552_4,home,636.7317874880903,278.38645538605783,active,2024-03-20
45553,Product_5553_4,electronics,253.22706539704765,376.7922476522899,pending,2024-08-13
45554,Product_5554_4,books,959.2138236042176,181.5266340338391,active,2024-04-16
45555,Product_5555_4,electronics,524.7469965533817,140.89358598068438,active,2024-03-19
45556,Product_5556_4,books,90.24714238251381,248.55326198763933,archived,2024-08-12
45557,Product_5557_4,home,360.9175069497371,121.39521482789108,active,2024-11-08
45558,Product_5558_4,books,435.27977862660936,380.0437418773433,active,2024-09-03
45559,Product_5559_4,clothing,229.59452848010952,334.0034707198009,pending,2024-10-23
45560,Product_5560_4,books,377.8410873276034,209.0790323369585,pending,2024-10-27
45561,Product_5561_4,sports,989.5402833907923,249.0450873897669,inactive,2024-10-15
45562,Product_5562_4,clothing,118.27853869328473,469.1812899802416,pending,2024-02-19
45563,Product_5563_4,books,370.561004782911,220.74940801073487,active,2024-07-20
45564,Product_5564_4,electronics,114.26011478918484,409.0434861586256,archived,2024-06-25
45565,Product_5565_4,sports,229.8787212058162,382.0828241797565,active,2024-03-28
45566,Product_5566_4,sports,9.665924915347961,123.19088310455581,active,2024-08-28
45567,Product_5567_4,electronics,937.7159982094006,471.2669068988953,archived,2024-10-06
45568,Product_5568_4,sports,757.6853494706586,77.4371534831877,inactive,2024-01-06
45569,Product_5569_4,books,891.3451867782622,301.3595608556963,inactive,2024-12-23
45570,Product_5570_4,home,976.4643326650449,108.57330461792891,active,2024-05-05
45571,Product_5571_4,books,674.646948287037,475.8332689717856,pending,2024-08-14
45572,Product_5572_4,electronics,803.1652211079104,333.4674673509276,archived,2024-09-21
45573,Product_5573_4,electronics,676.7723107388466,266.5767219037517,archived,2024-12-20
45574,Product_5574_4,books,577.3927810155,128.92523540163927,active,2024-08-18
45575,Product_5575_4,home,22.723599213442366,82.87106271561782,inactive,2024-04-28
45576,Product_5576_4,clothing,719.1777370464429,352.7793774771828,archived,2024-08-02
45577,Product_5577_4,books,347.529894041244,154.06980787394158,active,2024-01-19
45578,Product_5578_4,sports,487.37276727038096,422.7721991070653,archived,2024-08-07
45579,Product_5579_4,sports,572.6353017510958,87.17317979375913,pending,2024-10-27
45580,Product_5580_4,books,378.989993554985,277.28623655639825,active,2024-10-16
45581,Product_5581_4,sports,664.4348136134832,133.471820752062,pending,2024-09-19
45582,Product_5582_4,clothing,865.5771015525708,88.24645786261155,pending,2024-08-22
45583,Product_5583_4,home,949.4985830175298,260.1620515831661,pending,2024-01-02
45584,Product_5584_4,clothing,187.4841263138872,188.65531769278456,active,2024-07-11
45585,Product_5585_4,sports,324.07827470738084,281.9599737935239,archived,2024-01-14
45586,Product_5586_4,home,573.1597185864755,312.17197819707246,inactive,2024-02-18
45587,Product_5587_4,electronics,64.3472623256886,306.109419112215,archived,2024-10-10
45588,Product_5588_4,clothing,280.3509086478508,451.04829934998355,archived,2024-07-19
45589,Product_5589_4,home,118.62589673113757,199.51816551039414,inactive,2024-02-23
45590,Product_5590_4,home,42.91100543824107,109.53585033232734,pending,2024-10-03
45591,Product_5591_4,books,645.1069429743069,319.44376877273754,archived,2024-09-23
45592,Product_5592_4,clothing,786.2514395568303,13.324125496261448,active,2024-06-26
45593,Product_5593_4,electronics,297.75998849583334,75.60303623035647,pending,2024-02-14
45594,Product_5594_4,home,690.9841527356832,448.57401217526444,archived,2024-05-02
45595,Product_5595_4,clothing,324.1315865133633,208.27980416222175,pending,2024-12-28
45596,Product_5596_4,electronics,288.93781242981026,348.3069142551606,inactive,2024-04-04
45597,Product_5597_4,books,556.662869078172,386.77100882102013,inactive,2024-01-18
45598,Product_5598_4,home,987.5011499043798,149.59955903566188,active,2024-01-01
45599,Product_5599_4,sports,681.1841916483353,72.62260736194428,pending,2024-06-03
45600,Product_5600_4,sports,484.060313993143,361.23546911962853,inactive,2024-01-07
45601,Product_5601_4,clothing,8.771787994943356,420.74069069786236,archived,2024-06-03
45602,Product_5602_4,home,100.01889362679727,459.7045237823149,pending,2024-06-08
45603,Product_5603_4,sports,993.3956657669153,160.43422670715773,inactive,2024-02-28
45604,Product_5604_4,books,104.89962230160745,302.611283814299,active,2024-05-04
45605,Product_5605_4,clothing,737.5092368193899,322.3167920098102,active,2024-06-09
45606,Product_5606_4,books,834.7060980377597,299.03334728120007,archived,2024-07-18
45607,Product_5607_4,electronics,287.76398066591474,409.90200599944035,pending,2024-12-26
45608,Product_5608_4,home,474.4534931312873,272.35722684857683,inactive,2024-09-15
45609,Product_5609_4,home,855.4118264717094,445.9653580515505,archived,2024-10-21
45610,Product_5610_4,clothing,656.0466644645794,485.66451740372236,pending,2024-08-03
45611,Product_5611_4,electronics,422.05568751364933,193.74436240402352,active,2024-02-25
45612,Product_5612_4,electronics,172.9855064319988,385.0123546894767,active,2024-01-18
45613,Product_5613_4,books,893.209290142318,175.67868939460266,archived,2024-05-12
45614,Product_5614_4,clothing,556.4891269887622,397.6751926784769,inactive,2024-06-08
45615,Product_5615_4,books,247.937242692494,133.3859526049796,archived,2024-05-09
45616,Product_5616_4,sports,96.91237953025173,132.58821699184583,active,2024-09-08
45617,Product_5617_4,sports,452.1352290798985,287.21878562807365,pending,2024-11-02
45618,Product_5618_4,books,372.65251466319955,73.69760403453262,active,2024-11-21
45619,Product_5619_4,clothing,554.7673623454662,203.3292997424548,inactive,2024-05-23
45620,Product_5620_4,clothing,924.9720394126036,392.11590892087924,archived,2024-04-11
45621,Product_5621_4,electronics,406.8746797918526,303.9748018567716,pending,2024-04-13
45622,Product_5622_4,electronics,522.2498938900316,225.74700342110683,active,2024-09-13
45623,Product_5623_4,sports,63.37359759475341,282.46613138943076,archived,2024-06-24
45624,Product_5624_4,clothing,419.67013465099524,357.09996503350334,active,2024-06-12
45625,Product_5625_4,books,80.35166337945955,117.1359214162234,pending,2024-06-28
45626,Product_5626_4,home,9.426798711665464,56.31758657232336,archived,2024-12-08
45627,Product_5627_4,books,276.5147756412925,332.3176761677977,inactive,2024-05-22
45628,Product_5628_4,books,214.16284105562835,307.88704103052174,inactive,2024-04-03
45629,Product_5629_4,clothing,647.1729139555907,314.62549479459705,archived,2024-10-27
45630,Product_5630_4,clothing,355.77336207662955,356.09282026214186,inactive,2024-12-13
45631,Product_5631_4,home,916.4799712081377,47.838079235377215,active,2024-06-17
45632,Product_5632_4,electronics,925.2706116208195,467.99060777570594,pending,2024-09-07
45633,Product_5633_4,electronics,600.7233935197407,233.87126965214898,inactive,2024-07-15
45634,Product_5634_4,books,590.0204731390143,164.76425048046204,archived,2024-12-17
45635,Product_5635_4,sports,403.5031591406295,381.31205727082033,pending,2024-12-22
45636,Product_5636_4,sports,524.0845151853549,467.61894314620855,pending,2024-05-06
45637,Product_5637_4,books,936.4438752707472,217.77593572577916,inactive,2024-07-26
45638,Product_5638_4,electronics,734.5613392289227,24.36257035109258,active,2024-01-07
45639,Product_5639_4,home,918.4694500666128,203.3750829366643,inactive,2024-02-18
45640,Product_5640_4,books,117.73354742087486,160.79624803326004,archived,2024-10-13
45641,Product_5641_4,electronics,96.9234353204511,146.86326400055867,inactive,2024-12-12
45642,Product_5642_4,home,460.9812337262523,135.72819858668953,archived,2024-02-15
45643,Product_5643_4,home,314.12081540214984,231.24865035989882,inactive,2024-04-19
45644,Product_5644_4,home,320.0372249451838,166.39604974712051,inactive,2024-06-16
45645,Product_5645_4,sports,140.50253311061172,485.8130964212217,active,2024-11-25
45646,Product_5646_4,sports,856.6866169641308,214.6035431054208,inactive,2024-08-08
45647,Product_5647_4,home,847.2700863258535,120.64402069925464,inactive,2024-04-12
45648,Product_5648_4,sports,949.4170788161952,448.40530723074494,active,2024-10-13
45649,Product_5649_4,electronics,517.9509402827268,280.45513221739685,inactive,2024-09-07
45650,Product_5650_4,electronics,742.8351672845865,464.5720583058584,active,2024-12-18
45651,Product_5651_4,electronics,627.7475569423539,365.23193836394364,active,2024-10-10
45652,Product_5652_4,clothing,375.4649951198523,364.0536392582805,active,2024-05-22
45653,Product_5653_4,electronics,639.5054660167992,86.7418442520366,inactive,2024-04-06
45654,Product_5654_4,home,686.4558447388371,484.60142016088577,pending,2024-07-13
45655,Product_5655_4,home,379.5108025783378,54.4782781642035,active,2024-05-25
45656,Product_5656_4,clothing,833.9737549465909,47.63063099303082,pending,2024-03-26
45657,Product_5657_4,home,220.87635278840085,433.0943798419829,pending,2024-09-25
45658,Product_5658_4,books,404.82609608644043,288.0412725876626,inactive,2024-07-07
45659,Product_5659_4,sports,965.6243195566042,167.54845770231952,active,2024-04-19
45660,Product_5660_4,sports,42.08549178994905,69.64592592883527,pending,2024-05-15
45661,Product_5661_4,home,561.2147724277374,265.4904503850139,archived,2024-06-01
45662,Product_5662_4,electronics,606.9510486949326,442.08735318847744,archived,2024-05-04
45663,Product_5663_4,home,651.8228851779294,376.555791009795,inactive,2024-01-15
45664,Product_5664_4,books,836.2785451418035,126.34014463390506,inactive,2024-07-21
45665,Product_5665_4,electronics,482.5059215012953,406.66016904255696,active,2024-05-21
45666,Product_5666_4,electronics,636.7778709090103,31.61839096843072,inactive,2024-02-09
45667,Product_5667_4,books,862.3735396813046,81.42038173516121,archived,2024-08-02
45668,Product_5668_4,electronics,575.559811950363,70.00656178649098,archived,2024-02-19
45669,Product_5669_4,electronics,98.79430116628973,171.82397920603978,pending,2024-09-21
45670,Product_5670_4,electronics,834.0704012936385,113.53345129344545,active,2024-04-16
45671,Product_5671_4,home,635.7250717687799,296.02512925094254,inactive,2024-01-16
45672,Product_5672_4,sports,970.7540937949861,262.5049742340184,inactive,2024-06-15
45673,Product_5673_4,clothing,528.7851266750514,223.79215598758594,archived,2024-08-13
45674,Product_5674_4,clothing,24.22813652847431,82.46250931206268,active,2024-11-08
45675,Product_5675_4,electronics,20.204015019162476,88.22753193571963,active,2024-11-25
45676,Product_5676_4,home,128.9715533801239,152.18343981220931,archived,2024-10-19
45677,Product_5677_4,electronics,605.9987143283248,330.9218132536298,archived,2024-02-03
45678,Product_5678_4,books,637.8486551406228,68.79122387144682,archived,2024-04-15
45679,Product_5679_4,sports,62.537345390283484,134.00722755238274,inactive,2024-12-20
45680,Product_5680_4,books,258.6924011621953,367.1275120662394,pending,2024-11-25
45681,Product_5681_4,home,943.8748318167454,89.51467265383565,archived,2024-12-21
45682,Product_5682_4,books,739.6917015899571,51.00698852906659,active,2024-02-16
45683,Product_5683_4,clothing,539.2041193983988,289.64043369419295,active,2024-04-18
45684,Product_5684_4,books,876.4966783375602,141.9790619918089,inactive,2024-08-09
45685,Product_5685_4,clothing,773.0395281779184,337.60847823460483,archived,2024-06-13
45686,Product_5686_4,sports,466.14340568780784,327.9084948518466,archived,2024-11-22
45687,Product_5687_4,sports,102.50848705176853,343.0922291109855,active,2024-12-06
45688,Product_5688_4,sports,190.9031449910716,46.020996520038054,inactive,2024-12-11
45689,Product_5689_4,books,780.903281675446,114.07685852479705,archived,2024-03-17
45690,Product_5690_4,home,42.2704737517233,371.4309432252271,active,2024-11-28
45691,Product_5691_4,sports,677.3449785504858,400.6276663174083,inactive,2024-07-12
45692,Product_5692_4,clothing,22.24505975289929,28.225094102947256,pending,2024-03-09
45693,Product_5693_4,home,893.187152071094,120.5317085537835,archived,2024-10-22
45694,Product_5694_4,sports,298.54268585504116,95.77584406538443,active,2024-01-12
45695,Product_5695_4,books,670.0598261432405,302.7807209815067,active,2024-06-18
45696,Product_5696_4,home,678.2921185276551,424.5850188022478,pending,2024-04-11
45697,Product_5697_4,electronics,382.12559618369966,441.3987611835974,active,2024-02-19
45698,Product_5698_4,clothing,502.1351292784168,288.5268417925037,inactive,2024-10-11
45699,Product_5699_4,clothing,168.20868076062726,61.84984311358997,inactive,2024-09-13
45700,Product_5700_4,home,597.389708622798,310.8101765327465,inactive,2024-08-06
45701,Product_5701_4,sports,449.4845313940018,422.2265126426706,inactive,2024-09-06
45702,Product_5702_4,home,883.5482751137713,166.98718428452705,archived,2024-08-13
45703,Product_5703_4,sports,853.0519117073287,282.46474155069393,active,2024-08-11
45704,Product_5704_4,sports,487.5911996003961,336.25476259005933,inactive,2024-02-24
45705,Product_5705_4,books,818.2707486607961,454.9550474601521,pending,2024-09-08
45706,Product_5706_4,sports,711.4668027771498,365.25796495904444,archived,2024-02-13
45707,Product_5707_4,clothing,880.7572657408319,317.048637826486,inactive,2024-03-04
45708,Product_5708_4,electronics,944.8379259728973,259.10805279976023,active,2024-01-25
45709,Product_5709_4,electronics,823.8602078699772,496.96895163941144,inactive,2024-01-15
45710,Product_5710_4,sports,531.4918176572752,127.89444142503211,pending,2024-08-12
45711,Product_5711_4,home,650.8369143822915,361.3504447262671,inactive,2024-01-25
45712,Product_5712_4,home,117.84949766251904,397.7461717396924,active,2024-05-01
45713,Product_5713_4,home,62.330278256606576,350.81044450820997,active,2024-06-12
45714,Product_5714_4,sports,645.1047583608133,486.70340429552107,archived,2024-07-25
45715,Product_5715_4,sports,402.43934672762947,427.2449813053644,inactive,2024-05-10
45716,Product_5716_4,electronics,468.21979853481946,163.73171974184208,pending,2024-04-20
45717,Product_5717_4,books,863.495422175378,351.19686050340056,pending,2024-05-09
45718,Product_5718_4,clothing,472.2853845927177,365.2025694931819,archived,2024-02-15
45719,Product_5719_4,home,115.88268597711202,101.20213530001598,active,2024-03-11
45720,Product_5720_4,books,865.8282132060029,408.1959568171878,inactive,2024-09-27
45721,Product_5721_4,clothing,367.0340039156647,120.58983434459894,inactive,2024-01-24
45722,Product_5722_4,clothing,188.62853671015654,440.85567214733237,active,2024-01-28
45723,Product_5723_4,home,97.59821731810044,195.37177751190177,inactive,2024-02-24
45724,Product_5724_4,books,134.25762833108374,215.82589645510114,archived,2024-02-23
45725,Product_5725_4,clothing,106.84870147855378,246.32801762068212,pending,2024-08-10
45726,Product_5726_4,home,146.16291973930421,347.7657914740392,pending,2024-10-20
45727,Product_5727_4,home,347.0730797201159,81.73013930207372,pending,2024-02-21
45728,Product_5728_4,clothing,797.9478782493402,435.6521076575258,active,2024-11-21
45729,Product_5729_4,electronics,161.8018476999135,460.34482338129186,active,2024-10-01
45730,Product_5730_4,sports,873.9860529088967,469.03747364313347,pending,2024-10-24
45731,Product_5731_4,electronics,753.0616567227855,382.6951417170024,inactive,2024-01-11
45732,Product_5732_4,home,437.3452950142684,296.57110137914674,inactive,2024-02-15
45733,Product_5733_4,electronics,673.1598912113576,334.3304119337699,active,2024-06-07
45734,Product_5734_4,clothing,964.690089656166,131.40338369594267,pending,2024-05-14
45735,Product_5735_4,sports,424.0008936563207,493.41916012668713,active,2024-09-26
45736,Product_5736_4,sports,205.86157559039043,73.56897242898675,pending,2024-04-17
45737,Product_5737_4,sports,691.3426679271623,379.9952015672006,active,2024-12-05
45738,Product_5738_4,books,672.9727966223712,148.8546992702579,pending,2024-03-05
45739,Product_5739_4,clothing,296.8439707422946,11.902918832264431,archived,2024-07-04
45740,Product_5740_4,books,269.4261518936394,490.7219199690895,pending,2024-08-04
45741,Product_5741_4,home,144.4715148120145,222.3766628481312,inactive,2024-01-20
45742,Product_5742_4,clothing,588.4442193002147,18.32456957350358,pending,2024-12-09
45743,Product_5743_4,clothing,795.6466494466858,266.43294028351175,archived,2024-05-21
45744,Product_5744_4,books,604.3462923703556,13.860547042534773,pending,2024-08-19
45745,Product_5745_4,sports,594.6699779426414,256.313182070662,pending,2024-02-08
45746,Product_5746_4,home,806.826461125332,108.34324953072688,pending,2024-11-21
45747,Product_5747_4,home,943.9207307598346,495.6520024534507,archived,2024-12-21
45748,Product_5748_4,sports,278.78860627037824,137.63023662926264,pending,2024-05-27
45749,Product_5749_4,sports,776.3356850298277,128.2417264301779,inactive,2024-07-21
45750,Product_5750_4,books,944.1556215278049,40.26407475557633,pending,2024-10-07
45751,Product_5751_4,clothing,618.38106321875,309.8482444858266,pending,2024-07-02
45752,Product_5752_4,clothing,411.664684843216,491.10285805603917,pending,2024-05-23
45753,Product_5753_4,home,200.4726329254318,280.9811642948881,active,2024-02-11
45754,Product_5754_4,clothing,135.8895190454144,305.05486909639103,archived,2024-01-25
45755,Product_5755_4,home,207.15767595444797,218.4225244997639,pending,2024-10-01
45756,Product_5756_4,electronics,393.5824920248456,452.2260047750644,archived,2024-07-10
45757,Product_5757_4,books,921.8037801098257,417.5214448526172,active,2024-12-06
45758,Product_5758_4,sports,184.92333707032867,167.30872084619386,archived,2024-11-14
45759,Product_5759_4,home,23.362384221543564,334.803493983178,inactive,2024-10-14
45760,Product_5760_4,electronics,508.22697446073846,11.408334327426378,pending,2024-06-07
45761,Product_5761_4,clothing,16.026255072712278,336.76275881408225,archived,2024-02-12
45762,Product_5762_4,electronics,457.51654392544174,255.95561050710938,archived,2024-07-10
45763,Product_5763_4,clothing,584.9000943331574,403.11337941764754,inactive,2024-05-14
45764,Product_5764_4,home,39.61660162658014,287.52663164518464,inactive,2024-02-28
45765,Product_5765_4,books,155.79754791190723,322.4446526658117,pending,2024-11-17
45766,Product_5766_4,electronics,287.91251701270545,478.4493002667233,pending,2024-03-09
45767,Product_5767_4,sports,765.355832867569,151.45303046697794,inactive,2024-10-06
45768,Product_5768_4,clothing,351.3286760155464,43.70465409592726,archived,2024-08-19
45769,Product_5769_4,sports,103.17743535464518,303.8316312273723,active,2024-12-02
45770,Product_5770_4,home,267.7751486854554,66.20119164194583,pending,2024-09-05
45771,Product_5771_4,electronics,137.65998512420268,426.47398215848443,pending,2024-11-14
45772,Product_5772_4,electronics,712.0887222218087,383.3573864686113,pending,2024-01-10
45773,Product_5773_4,books,430.5057016733076,53.70444147301225,pending,2024-05-08
45774,Product_5774_4,sports,45.759562673200584,127.21683185554149,active,2024-03-10
45775,Product_5775_4,sports,563.4620862297651,51.65461523861441,pending,2024-12-18
45776,Product_5776_4,sports,172.96491999731109,198.26697763145225,archived,2024-04-07
45777,Product_5777_4,home,533.2798987291695,199.2484570310123,active,2024-01-13
45778,Product_5778_4,sports,879.6216817000261,55.989367916011155,archived,2024-03-07
45779,Product_5779_4,electronics,540.2707462916352,353.48275387992896,pending,2024-05-27
45780,Product_5780_4,books,499.1678339947158,406.06727857887773,inactive,2024-03-23
45781,Product_5781_4,clothing,447.770927025445,470.7877019754661,active,2024-02-24
45782,Product_5782_4,sports,602.8279733258203,215.26438052346597,pending,2024-01-13
45783,Product_5783_4,books,604.4739827169095,41.89892203635687,inactive,2024-03-24
45784,Product_5784_4,clothing,471.0942975492045,305.43197037630165,archived,2024-07-13
45785,Product_5785_4,home,208.0560790773626,170.30063322982392,archived,2024-04-25
45786,Product_5786_4,clothing,825.5820893957158,184.53771378525295,active,2024-04-19
45787,Product_5787_4,electronics,120.05917695345443,307.26395338771573,inactive,2024-06-10
45788,Product_5788_4,books,75.62523182286114,136.23385642223138,active,2024-05-22
45789,Product_5789_4,home,188.79911460584617,471.56063902995754,archived,2024-09-21
45790,Product_5790_4,sports,162.04217954501053,115.24790326949578,pending,2024-01-24
45791,Product_5791_4,electronics,478.3140042868373,278.8994968274202,pending,2024-09-01
45792,Product_5792_4,clothing,493.85160102470513,270.0066122932361,inactive,2024-04-17
45793,Product_5793_4,sports,824.9394514259715,199.0914281021387,inactive,2024-06-18
45794,Product_5794_4,electronics,509.01092549221335,491.2578898132868,inactive,2024-07-09
45795,Product_5795_4,clothing,635.3111381424258,257.3591149084365,inactive,2024-07-12
45796,Product_5796_4,sports,337.89447552938657,312.0495764252368,active,2024-07-14
45797,Product_5797_4,books,561.4740452879428,120.16663397990219,active,2024-03-17
45798,Product_5798_4,electronics,890.078067173295,201.09531255584366,archived,2024-02-12
45799,Product_5799_4,sports,84.78442373308393,236.5181134501256,active,2024-07-05
45800,Product_5800_4,home,131.53872002864145,199.36193431551303,inactive,2024-04-11
45801,Product_5801_4,home,756.2861663436703,492.49648026528183,active,2024-03-25
45802,Product_5802_4,clothing,683.3541350275996,439.0242192307697,archived,2024-11-03
45803,Product_5803_4,electronics,284.8703370747923,114.43392778400123,active,2024-07-09
45804,Product_5804_4,sports,175.1620248728994,116.53599721094898,inactive,2024-03-12
45805,Product_5805_4,home,517.2133744408603,357.8447408779097,pending,2024-09-07
45806,Product_5806_4,home,306.7615875492957,414.81372882749787,archived,2024-07-25
45807,Product_5807_4,sports,168.19347631638468,254.9730153364847,archived,2024-07-13
45808,Product_5808_4,clothing,317.67467020894946,146.97817238693176,pending,2024-02-05
45809,Product_5809_4,books,401.3745172458003,493.94537413382085,active,2024-11-27
45810,Product_5810_4,sports,434.19489508975084,367.569679780591,archived,2024-03-18
45811,Product_5811_4,electronics,808.4670593655748,129.99520320635014,inactive,2024-08-19
45812,Product_5812_4,books,374.8083354405923,60.67911216143439,pending,2024-06-05
45813,Product_5813_4,sports,619.3603084868106,137.6802396932984,pending,2024-07-03
45814,Product_5814_4,books,657.1009432960715,462.85373047064223,active,2024-11-22
45815,Product_5815_4,books,710.5900813102654,359.5195657483149,active,2024-06-15
45816,Product_5816_4,electronics,772.023336403475,76.64933202378504,pending,2024-04-11
45817,Product_5817_4,home,533.2949654150374,204.63041779964277,inactive,2024-09-19
45818,Product_5818_4,home,328.69097738117193,34.36595064177724,inactive,2024-04-16
45819,Product_5819_4,home,549.0321872898741,75.53569020389158,archived,2024-05-22
45820,Product_5820_4,home,423.9081698979312,391.8400443621061,active,2024-07-12
45821,Product_5821_4,home,528.3347041546995,250.24212532169426,inactive,2024-12-14
45822,Product_5822_4,clothing,324.3581025273305,154.5232039166292,archived,2024-04-06
45823,Product_5823_4,home,546.1421396988965,58.242419408404984,archived,2024-09-17
45824,Product_5824_4,sports,534.2949540106642,363.4461505492622,active,2024-11-05
45825,Product_5825_4,sports,929.4249019246561,274.58896870870416,archived,2024-01-09
45826,Product_5826_4,sports,741.3322566289338,361.4100683445522,archived,2024-10-24
45827,Product_5827_4,clothing,318.6632416386679,136.2706760473771,archived,2024-03-08
45828,Product_5828_4,sports,741.441200046906,339.9212905823758,archived,2024-09-23
45829,Product_5829_4,clothing,546.1969910788429,388.4629409552379,archived,2024-08-04
45830,Product_5830_4,home,641.486853953913,127.88615055224298,pending,2024-12-04
45831,Product_5831_4,electronics,510.24264019847834,82.92904271465403,inactive,2024-04-03
45832,Product_5832_4,electronics,62.15641779959708,351.65947916995725,inactive,2024-01-02
45833,Product_5833_4,electronics,780.2649916316645,303.74509260905677,archived,2024-08-16
45834,Product_5834_4,books,342.34902512000036,83.01294195094653,active,2024-06-21
45835,Product_5835_4,books,171.1454018412986,262.24066548281576,active,2024-05-09
45836,Product_5836_4,electronics,862.2377245390347,278.6289607341513,archived,2024-05-15
45837,Product_5837_4,electronics,328.1340820713729,390.17918301591186,pending,2024-02-15
45838,Product_5838_4,electronics,508.42131408386086,348.904363552932,inactive,2024-05-23
45839,Product_5839_4,electronics,944.6027000413501,99.82320704536339,inactive,2024-12-26
45840,Product_5840_4,electronics,86.28966365578357,58.37322296674473,inactive,2024-04-03
45841,Product_5841_4,sports,160.73971776438484,482.34985737211207,archived,2024-06-14
45842,Product_5842_4,sports,22.77390504786298,101.19863433878432,archived,2024-03-24
45843,Product_5843_4,books,290.49653407257586,174.2449812870438,inactive,2024-07-22
45844,Product_5844_4,electronics,194.22449515461074,181.13004502546366,pending,2024-07-13
45845,Product_5845_4,home,121.69734670962353,427.7977562770938,active,2024-05-22
45846,Product_5846_4,clothing,469.8421623197458,248.66391047073174,archived,2024-01-18
45847,Product_5847_4,electronics,4.7300987446688865,293.38484031784407,pending,2024-02-11
45848,Product_5848_4,electronics,218.68678037224134,451.83655368737817,inactive,2024-05-05
45849,Product_5849_4,electronics,171.89048741386338,328.264704180797,active,2024-10-15
45850,Product_5850_4,books,401.0366612661678,169.04988867907898,pending,2024-08-25
45851,Product_5851_4,sports,651.9013405858008,54.019030358104146,active,2024-06-15
45852,Product_5852_4,home,760.0622056424916,227.16479646228498,inactive,2024-10-17
45853,Product_5853_4,electronics,435.75012643249966,112.5279368391893,pending,2024-02-24
45854,Product_5854_4,home,362.35606509340346,213.098602900943,archived,2024-09-25
45855,Product_5855_4,electronics,341.62056834535076,299.8330212086561,archived,2024-02-20
45856,Product_5856_4,home,370.9804808210802,60.3821809295245,inactive,2024-04-14
45857,Product_5857_4,books,635.5003809459275,265.2797544912464,inactive,2024-08-12
45858,Product_5858_4,books,930.1839029143356,345.89124164197875,pending,2024-10-27
45859,Product_5859_4,clothing,513.1303744854511,340.3730710975424,active,2024-05-13
45860,Product_5860_4,sports,476.72837786844656,474.8370997381394,archived,2024-08-18
45861,Product_5861_4,sports,685.3621808521317,488.01994722163585,active,2024-12-14
45862,Product_5862_4,books,374.1985449267225,186.75937363024997,active,2024-10-08
45863,Product_5863_4,home,925.5576732886635,260.47200976723036,archived,2024-05-23
45864,Product_5864_4,books,214.7540778317591,323.45714328835925,archived,2024-08-28
45865,Product_5865_4,home,57.909200595593084,388.23972799005224,archived,2024-10-10
45866,Product_5866_4,clothing,175.13997896485387,70.58539718184261,active,2024-03-10
45867,Product_5867_4,books,988.5154014397073,424.28629459052354,inactive,2024-04-05
45868,Product_5868_4,clothing,646.8882829152183,464.5391539158267,archived,2024-02-27
45869,Product_5869_4,clothing,274.77819435982514,262.1634558541547,inactive,2024-10-09
45870,Product_5870_4,home,277.48242202045014,346.3947041618873,inactive,2024-03-09
45871,Product_5871_4,home,647.5824481138824,79.26082817986385,active,2024-02-02
45872,Product_5872_4,sports,504.0933607469738,42.7252808612356,active,2024-12-12
45873,Product_5873_4,clothing,946.2544477483824,488.11204033538644,archived,2024-04-14
45874,Product_5874_4,home,27.27450039913185,241.34393162120213,active,2024-12-26
45875,Product_5875_4,clothing,985.8321213505681,344.3320278478355,active,2024-11-01
45876,Product_5876_4,clothing,617.2059757452794,257.3828768086099,pending,2024-10-06
45877,Product_5877_4,electronics,261.1676986888228,440.50016603984983,inactive,2024-10-22
45878,Product_5878_4,electronics,59.44722302389283,425.01859603536246,active,2024-07-10
45879,Product_5879_4,home,419.9106565593122,177.43360452948335,pending,2024-10-16
45880,Product_5880_4,clothing,338.6330088720829,185.5771306976238,inactive,2024-09-27
45881,Product_5881_4,home,171.636781733056,210.1368985660022,archived,2024-05-20
45882,Product_5882_4,sports,254.5001888426789,442.5400699583777,inactive,2024-05-10
45883,Product_5883_4,clothing,727.874767534796,357.19116180177303,archived,2024-01-01
45884,Product_5884_4,clothing,599.4726805942032,263.9819089268707,active,2024-06-02
45885,Product_5885_4,sports,270.3221816628666,386.72920149425767,archived,2024-11-26
45886,Product_5886_4,books,682.4504051330229,382.8169763473997,pending,2024-01-25
45887,Product_5887_4,books,810.5378861120014,287.5474632577286,archived,2024-08-12
45888,Product_5888_4,sports,116.25358746178689,429.3171350387164,archived,2024-10-17
45889,Product_5889_4,books,527.1244221330788,234.46350868158171,inactive,2024-10-13
45890,Product_5890_4,clothing,152.67496495107704,127.84313523100268,active,2024-02-26
45891,Product_5891_4,clothing,302.3045140324186,116.33774612984308,pending,2024-11-19
45892,Product_5892_4,sports,374.8425529510073,107.89285557488046,archived,2024-05-21
45893,Product_5893_4,sports,963.3352188745845,66.36896934795598,inactive,2024-06-28
45894,Product_5894_4,clothing,297.1626450259302,88.81446914655785,pending,2024-08-14
45895,Product_5895_4,clothing,379.4301900907034,32.84630546888111,pending,2024-04-03
45896,Product_5896_4,sports,671.4034509016549,222.48770053517305,inactive,2024-11-08
45897,Product_5897_4,clothing,727.3129647735554,451.6871022503818,active,2024-12-02
45898,Product_5898_4,home,752.2893408549706,45.738429521221455,inactive,2024-05-15
45899,Product_5899_4,sports,667.8260486323708,194.94157672807944,pending,2024-06-20
45900,Product_5900_4,clothing,832.9738344550886,33.50380943116658,pending,2024-07-17
45901,Product_5901_4,books,509.25339853033006,482.655579952054,archived,2024-09-17
45902,Product_5902_4,books,151.8958714746142,133.54096846120572,archived,2024-08-16
45903,Product_5903_4,books,66.8556836875763,213.84651797589729,archived,2024-03-22
45904,Product_5904_4,books,946.4481485537751,304.8974726147915,archived,2024-08-24
45905,Product_5905_4,clothing,247.6579662060025,265.62124715283676,inactive,2024-06-25
45906,Product_5906_4,sports,85.81266869340061,328.6211194366446,pending,2024-11-18
45907,Product_5907_4,home,269.817870376255,139.30025709391197,pending,2024-11-22
45908,Product_5908_4,electronics,920.3169448186043,392.3224940185079,inactive,2024-02-22
45909,Product_5909_4,books,485.98517931873624,210.1649083073283,pending,2024-11-22
45910,Product_5910_4,home,383.19917424804714,361.57731585285194,archived,2024-08-10
45911,Product_5911_4,books,811.7674510396026,163.0855561370323,inactive,2024-07-08
45912,Product_5912_4,sports,424.0040972891562,254.92968823600376,archived,2024-02-19
45913,Product_5913_4,electronics,880.3081162807081,70.58088578272489,pending,2024-05-27
45914,Product_5914_4,sports,117.2549722605838,214.0561773682491,inactive,2024-11-14
45915,Product_5915_4,home,832.2179650662017,221.40556163273317,inactive,2024-12-22
45916,Product_5916_4,books,940.1952379885512,37.271654515973495,active,2024-07-10
45917,Product_5917_4,electronics,477.5667972946497,227.2280015602722,pending,2024-12-26
45918,Product_5918_4,sports,238.808326230568,373.4526614191893,pending,2024-10-13
45919,Product_5919_4,sports,201.59405343922387,281.22245989640356,inactive,2024-06-18
45920,Product_5920_4,home,548.1681443338675,228.875127615235,active,2024-02-23
45921,Product_5921_4,home,554.4878255739493,230.80815278439343,active,2024-02-06
45922,Product_5922_4,sports,658.7301024135649,92.64828009822152,inactive,2024-01-22
45923,Product_5923_4,clothing,729.1513535314086,399.4958917975305,inactive,2024-07-17
45924,Product_5924_4,books,811.2364744057982,264.1239717462438,archived,2024-04-03
45925,Product_5925_4,books,413.3323816028226,401.20970331802414,active,2024-05-14
45926,Product_5926_4,clothing,629.5204041696292,189.63096175853647,archived,2024-01-09
45927,Product_5927_4,sports,650.6923861246094,190.92706954497555,active,2024-04-07
45928,Product_5928_4,clothing,175.66016721277637,262.6474423697681,active,2024-03-15
45929,Product_5929_4,clothing,782.7136017020982,415.6285944923314,pending,2024-10-03
45930,Product_5930_4,electronics,447.56494473342605,357.13646466044713,pending,2024-06-10
45931,Product_5931_4,electronics,458.0427871821881,330.5738147681562,active,2024-11-21
45932,Product_5932_4,sports,990.8607359795028,190.68970848484355,inactive,2024-12-21
45933,Product_5933_4,books,483.1119001289072,388.34038829516874,pending,2024-09-07
45934,Product_5934_4,sports,753.6900275641283,499.3049068703216,pending,2024-02-01
45935,Product_5935_4,books,200.93830405423833,376.106941356276,archived,2024-06-23
45936,Product_5936_4,sports,467.0581369058479,347.8230238993279,archived,2024-02-17
45937,Product_5937_4,sports,215.86876454980873,121.94212032820232,inactive,2024-02-21
45938,Product_5938_4,clothing,409.1881160659783,248.63117312675985,active,2024-07-24
45939,Product_5939_4,clothing,386.11692507837415,325.4624323880121,archived,2024-08-24
45940,Product_5940_4,electronics,357.0045004075115,151.23149048684917,pending,2024-02-11
45941,Product_5941_4,clothing,208.27754307764147,388.49223573484613,pending,2024-06-01
45942,Product_5942_4,home,249.25302346274177,269.19188747641556,inactive,2024-11-24
45943,Product_5943_4,books,297.4459566559632,355.6517394580702,archived,2024-09-06
45944,Product_5944_4,sports,91.30340755843046,251.85138114256992,archived,2024-08-13
45945,Product_5945_4,home,498.8528751132994,211.09913422777413,archived,2024-08-10
45946,Product_5946_4,home,772.2802853526742,111.06396834859494,archived,2024-08-15
45947,Product_5947_4,electronics,537.0699918614793,373.6689346926814,inactive,2024-10-28
45948,Product_5948_4,sports,964.0456350175479,315.46753602351345,archived,2024-02-09
45949,Product_5949_4,books,451.3467445778596,286.8383047075523,active,2024-06-27
45950,Product_5950_4,clothing,254.10627148234303,223.65999124487965,active,2024-08-11
45951,Product_5951_4,books,950.8940458204336,453.76992599698275,active,2024-02-21
45952,Product_5952_4,clothing,371.92947209434334,88.08550816711889,pending,2024-03-20
45953,Product_5953_4,books,143.21694552365034,440.0614405764883,inactive,2024-02-11
45954,Product_5954_4,electronics,841.9420765815617,298.8781945722702,pending,2024-08-07
45955,Product_5955_4,electronics,743.0686473713882,295.87268946791755,archived,2024-09-19
45956,Product_5956_4,sports,610.8892600057441,360.9744552137814,archived,2024-08-09
45957,Product_5957_4,sports,423.05998389843853,25.197019596999482,active,2024-08-12
45958,Product_5958_4,books,631.03712437286,99.58363982569345,active,2024-11-11
45959,Product_5959_4,electronics,250.87992776857567,200.47999308924815,archived,2024-12-20
45960,Product_5960_4,clothing,373.5944107469552,321.0378371897466,pending,2024-01-25
45961,Product_5961_4,sports,50.28379784732242,339.39686651399126,inactive,2024-08-05
45962,Product_5962_4,sports,962.9666306980528,263.70129521375367,archived,2024-02-09
45963,Product_5963_4,sports,832.6455264843164,440.59559190037487,pending,2024-03-17
45964,Product_5964_4,books,640.81877864164,46.14760302268592,pending,2024-03-25
45965,Product_5965_4,electronics,1.0719551093602915,453.3412771098478,inactive,2024-09-26
45966,Product_5966_4,electronics,151.45217276302515,243.54460954719335,pending,2024-03-03
45967,Product_5967_4,home,367.3218627110381,403.7424188134933,archived,2024-06-25
45968,Product_5968_4,books,664.3232025700129,72.36762260982526,inactive,2024-08-21
45969,Product_5969_4,clothing,630.1137264857027,351.48195573627,pending,2024-04-12
45970,Product_5970_4,sports,636.0609755210523,352.2242708549696,active,2024-03-21
45971,Product_5971_4,electronics,606.3365833903758,418.8387299487007,active,2024-07-14
45972,Product_5972_4,electronics,508.930117280949,307.3496204873068,inactive,2024-12-18
45973,Product_5973_4,sports,708.9189357865473,68.87697556517261,pending,2024-01-28
45974,Product_5974_4,electronics,567.0682048682568,200.4877497842088,active,2024-05-26
45975,Product_5975_4,sports,633.4875618368231,206.58655692968486,inactive,2024-11-18
45976,Product_5976_4,sports,745.561167821072,233.25678134989462,pending,2024-02-26
45977,Product_5977_4,sports,229.76599729036377,404.80898626565244,inactive,2024-08-22
45978,Product_5978_4,clothing,389.4576766081438,189.32616213423213,pending,2024-01-22
45979,Product_5979_4,sports,633.4568816068996,165.3801248021422,inactive,2024-10-21
45980,Product_5980_4,electronics,933.6514803022092,422.0911114215995,active,2024-01-12
45981,Product_5981_4,home,778.0236359854663,194.71602420609048,inactive,2024-12-07
45982,Product_5982_4,clothing,250.62726355071746,355.4597851482319,pending,2024-11-01
45983,Product_5983_4,clothing,119.34492544762011,142.1201961459193,active,2024-04-17
45984,Product_5984_4,books,228.4083198365098,480.45440462278276,pending,2024-08-08
45985,Product_5985_4,clothing,320.5889727064549,327.07750208597207,pending,2024-01-27
45986,Product_5986_4,books,546.2709058629911,103.37862852710292,active,2024-10-23
45987,Product_5987_4,electronics,811.2332767846292,153.6845195491051,inactive,2024-05-15
45988,Product_5988_4,home,357.9203417920039,442.6578770347031,pending,2024-02-20
45989,Product_5989_4,home,476.2772423032399,111.70692482053383,active,2024-05-08
45990,Product_5990_4,sports,825.1786792795837,326.1385505421135,inactive,2024-04-19
45991,Product_5991_4,clothing,493.02435584129046,258.8492510328565,pending,2024-05-23
45992,Product_5992_4,clothing,854.9491798269934,469.50847991582293,archived,2024-03-27
45993,Product_5993_4,home,792.5640049679724,13.28521408462284,pending,2024-09-23
45994,Product_5994_4,electronics,259.2289592528942,240.04940297603375,archived,2024-11-07
45995,Product_5995_4,electronics,607.9582949363555,402.14775376829346,active,2024-04-16
45996,Product_5996_4,electronics,435.35048170771023,28.6165906349607,pending,2024-08-02
45997,Product_5997_4,home,137.89095883198254,262.6583665771448,pending,2024-04-01
45998,Product_5998_4,home,481.3714235125838,419.49495720104113,inactive,2024-02-28
45999,Product_5999_4,home,223.77865169994695,311.47414851897173,inactive,2024-12-22
46000,Product_6000_4,books,566.5991595228099,314.85536202323476,active,2024-11-20
46001,Product_6001_4,books,35.048656441357075,170.06378232302154,pending,2024-01-15
46002,Product_6002_4,sports,763.0875448425508,125.57671676919574,pending,2024-09-16
46003,Product_6003_4,home,292.23740266217834,371.41668990585293,active,2024-08-15
46004,Product_6004_4,home,519.3526388808154,374.0743242691808,archived,2024-06-15
46005,Product_6005_4,clothing,238.07268001008913,484.12702976641003,pending,2024-03-05
46006,Product_6006_4,sports,566.6591662530972,359.4856769275916,archived,2024-01-05
46007,Product_6007_4,books,760.1971166851575,458.8633827893079,active,2024-05-06
46008,Product_6008_4,sports,986.7697473737679,112.52393492243534,active,2024-08-24
46009,Product_6009_4,books,631.0367785696022,292.9758126868156,pending,2024-04-05
46010,Product_6010_4,clothing,490.4038750646816,441.72859459662817,pending,2024-09-21
46011,Product_6011_4,electronics,615.9451955999482,384.2305903952493,inactive,2024-09-12
46012,Product_6012_4,books,285.5981107324939,189.36278223923898,pending,2024-11-05
46013,Product_6013_4,home,135.492419595294,103.11537800859894,pending,2024-07-12
46014,Product_6014_4,electronics,260.2198058012091,325.608175088269,archived,2024-07-22
46015,Product_6015_4,clothing,627.848121954733,399.04485138372655,pending,2024-11-19
46016,Product_6016_4,books,73.45343404922993,94.99831467646084,archived,2024-07-13
46017,Product_6017_4,books,439.87882342647987,315.04067189732933,inactive,2024-05-02
46018,Product_6018_4,clothing,718.5869552384382,277.09767163755964,inactive,2024-10-03
46019,Product_6019_4,home,416.9873933290867,235.49426096808304,archived,2024-01-11
46020,Product_6020_4,electronics,8.486002545825354,189.96457441334675,pending,2024-02-07
46021,Product_6021_4,home,622.4275466854216,61.79420570383411,active,2024-07-24
46022,Product_6022_4,sports,430.9205816354943,166.21431619468757,active,2024-11-20
46023,Product_6023_4,home,738.554144398733,397.2571177367922,archived,2024-05-17
46024,Product_6024_4,electronics,786.7169446026794,64.00973565136795,active,2024-11-04
46025,Product_6025_4,sports,780.6637279084919,387.1095374126082,pending,2024-05-17
46026,Product_6026_4,home,836.2252442599107,247.45542443773684,inactive,2024-05-02
46027,Product_6027_4,clothing,676.2185016196862,398.08608772331297,active,2024-11-19
46028,Product_6028_4,books,462.32147232297626,376.65430047039416,active,2024-01-03
46029,Product_6029_4,home,283.0988013686859,228.29269508923494,pending,2024-09-21
46030,Product_6030_4,electronics,823.4129262562218,183.54648140354948,pending,2024-07-12
46031,Product_6031_4,sports,962.6484307035873,283.6254781378845,pending,2024-06-19
46032,Product_6032_4,clothing,857.1939562963231,400.02576970272224,archived,2024-06-24
46033,Product_6033_4,sports,224.4454854405897,488.50619366695753,active,2024-09-01
46034,Product_6034_4,electronics,132.69487166942415,425.4149214349125,inactive,2024-04-20
46035,Product_6035_4,electronics,459.80119141038205,59.75384851612265,inactive,2024-07-04
46036,Product_6036_4,sports,853.554606550703,333.4704649812107,pending,2024-10-14
46037,Product_6037_4,sports,490.3578499411175,55.76496943733928,pending,2024-02-13
46038,Product_6038_4,electronics,197.33828579314007,384.2005966843906,pending,2024-10-09
46039,Product_6039_4,home,206.91394271802926,161.16662308302068,archived,2024-07-03
46040,Product_6040_4,sports,141.80872371625662,189.86491490694326,active,2024-04-26
46041,Product_6041_4,sports,750.1514882370715,338.3744980575462,pending,2024-08-11
46042,Product_6042_4,sports,472.3417847959663,157.71500721648553,inactive,2024-01-09
46043,Product_6043_4,books,17.546363526187264,290.5779813015839,archived,2024-06-13
46044,Product_6044_4,home,421.78593730432596,467.6962282269949,active,2024-04-15
46045,Product_6045_4,sports,765.6000731117282,175.607489766727,pending,2024-04-10
46046,Product_6046_4,sports,529.5283438854143,492.07831303222144,inactive,2024-01-08
46047,Product_6047_4,electronics,364.3548234391426,12.769163436960525,inactive,2024-02-03
46048,Product_6048_4,sports,410.50945285032503,200.68987934237805,inactive,2024-03-09
46049,Product_6049_4,electronics,38.65915855127609,113.87443952285382,archived,2024-06-08
46050,Product_6050_4,books,649.4700534752487,302.0824171246178,inactive,2024-05-03
46051,Product_6051_4,sports,624.2252509826054,337.55373545729753,archived,2024-04-25
46052,Product_6052_4,clothing,129.05873814618835,233.59486799738903,archived,2024-03-15
46053,Product_6053_4,home,767.6491582282152,132.28112212497751,active,2024-02-18
46054,Product_6054_4,electronics,852.4579500898857,192.85874195357655,inactive,2024-09-20
46055,Product_6055_4,clothing,427.71003275787035,111.96818066131111,pending,2024-08-01
46056,Product_6056_4,home,416.3256619231703,298.8036248715412,inactive,2024-05-23
46057,Product_6057_4,books,505.06720443167376,301.46719843775253,archived,2024-06-25
46058,Product_6058_4,home,102.19774519744266,195.54369633195842,active,2024-11-06
46059,Product_6059_4,books,349.28075921476284,263.0101227761943,active,2024-07-07
46060,Product_6060_4,sports,339.42395430600095,424.67608081535167,active,2024-09-02
46061,Product_6061_4,books,628.8048285674072,260.7693224942697,active,2024-09-27
46062,Product_6062_4,clothing,733.4773771516218,225.464892324583,active,2024-07-11
46063,Product_6063_4,books,430.94865309594167,128.1192110415506,pending,2024-11-21
46064,Product_6064_4,home,790.7335344846533,123.47812423129544,archived,2024-02-15
46065,Product_6065_4,books,50.41793153020242,388.1750659029614,archived,2024-05-16
46066,Product_6066_4,books,66.16491990791907,394.7850249030206,pending,2024-04-05
46067,Product_6067_4,books,546.4862796561029,308.2582288230075,pending,2024-03-26
46068,Product_6068_4,home,865.1834540911193,243.76322439969437,pending,2024-03-04
46069,Product_6069_4,clothing,501.54283440638665,259.72061992426245,archived,2024-03-10
46070,Product_6070_4,home,944.09123747811,390.0532919809668,inactive,2024-03-01
46071,Product_6071_4,books,225.8773716471908,294.4784996637152,archived,2024-01-16
46072,Product_6072_4,home,841.3412057448033,201.4593947739325,archived,2024-09-15
46073,Product_6073_4,books,264.40086760801677,122.54067521421322,active,2024-06-26
46074,Product_6074_4,clothing,903.6669674754395,177.87734194410004,inactive,2024-12-02
46075,Product_6075_4,clothing,321.1187598293185,125.83036261599062,active,2024-10-06
46076,Product_6076_4,home,196.48132555334513,329.6357945511135,pending,2024-08-22
46077,Product_6077_4,books,24.283861292384618,234.44146994864658,pending,2024-04-12
46078,Product_6078_4,sports,312.0733069019368,450.2265398113492,inactive,2024-12-28
46079,Product_6079_4,sports,423.5432301048815,448.0494195103981,archived,2024-06-09
46080,Product_6080_4,clothing,528.9095050906129,457.38012543422025,archived,2024-02-19
46081,Product_6081_4,electronics,320.1860737336254,400.70034330282914,archived,2024-03-18
46082,Product_6082_4,clothing,138.75813479666652,403.80337554694574,active,2024-07-06
46083,Product_6083_4,clothing,839.3168741677943,140.48131201877783,active,2024-01-23
46084,Product_6084_4,home,588.5622893181112,138.49039018041736,active,2024-11-06
46085,Product_6085_4,home,75.22835638320018,205.1380433691391,pending,2024-06-12
46086,Product_6086_4,sports,176.389447281463,441.9251707705515,pending,2024-07-01
46087,Product_6087_4,clothing,953.7648229115878,140.22625635122947,archived,2024-09-25
46088,Product_6088_4,books,59.07697844079418,397.80620915013185,archived,2024-01-07
46089,Product_6089_4,electronics,150.68124405971187,456.0416519176921,active,2024-08-01
46090,Product_6090_4,books,676.8655950240627,290.60049291617264,inactive,2024-07-09
46091,Product_6091_4,sports,489.67888623412097,262.7274070622333,active,2024-10-10
46092,Product_6092_4,clothing,802.1402177642283,130.90641568764784,active,2024-04-05
46093,Product_6093_4,sports,834.9424653918819,132.3011386896519,archived,2024-12-22
46094,Product_6094_4,clothing,226.24853837167532,300.6200367306349,inactive,2024-08-20
46095,Product_6095_4,clothing,354.25376831696144,150.47207328936747,inactive,2024-03-21
46096,Product_6096_4,books,121.30741785515511,203.1772796620214,archived,2024-05-11
46097,Product_6097_4,electronics,782.9033482392368,396.23701213680954,archived,2024-05-04
46098,Product_6098_4,books,164.56817939665197,201.7932810312527,active,2024-06-08
46099,Product_6099_4,home,949.3948857306872,374.86610845235947,active,2024-06-28
46100,Product_6100_4,books,267.3804024646673,406.9173406046396,archived,2024-10-21
46101,Product_6101_4,electronics,892.6390221838676,441.82137244784644,archived,2024-10-24
46102,Product_6102_4,sports,153.81456914063136,386.4471608580201,pending,2024-10-18
46103,Product_6103_4,sports,483.85300874230927,403.8226155250341,pending,2024-02-20
46104,Product_6104_4,books,352.60774708984536,95.77407613609685,archived,2024-07-11
46105,Product_6105_4,electronics,291.20489126352834,293.2965004295762,inactive,2024-12-15
46106,Product_6106_4,home,380.4203437519007,249.2083880471322,pending,2024-08-25
46107,Product_6107_4,sports,155.1897771370976,244.9073878852039,inactive,2024-06-27
46108,Product_6108_4,sports,441.4197024241489,184.41104075458583,inactive,2024-06-16
46109,Product_6109_4,books,500.62679916202495,14.579514244149156,active,2024-11-23
46110,Product_6110_4,home,94.70114256935454,134.79615713434964,archived,2024-04-23
46111,Product_6111_4,books,248.1969204785023,444.47421754386505,archived,2024-06-15
46112,Product_6112_4,books,605.5992431036003,468.6673779413438,inactive,2024-08-27
46113,Product_6113_4,clothing,179.1079200126231,123.82939794266785,inactive,2024-01-16
46114,Product_6114_4,sports,376.58395780727705,492.9687423170952,archived,2024-04-11
46115,Product_6115_4,electronics,798.4875833941342,187.1040275577827,pending,2024-07-20
46116,Product_6116_4,sports,53.09304133627707,240.54770368459748,active,2024-09-14
46117,Product_6117_4,books,390.27115843626115,85.89934607681275,inactive,2024-11-21
46118,Product_6118_4,clothing,380.1112721721193,354.6503334467845,pending,2024-01-15
46119,Product_6119_4,books,693.7436621427646,462.03189828270007,active,2024-02-09
46120,Product_6120_4,clothing,424.71067778825807,136.26174475520034,archived,2024-11-03
46121,Product_6121_4,electronics,367.99261555455263,22.811222044787847,active,2024-11-03
46122,Product_6122_4,home,193.4684775964753,216.33760578886375,archived,2024-10-04
46123,Product_6123_4,home,375.0647897238285,265.16259839172125,active,2024-12-07
46124,Product_6124_4,home,301.5399164413079,199.85605548600248,inactive,2024-11-04
46125,Product_6125_4,sports,26.872469341730103,120.18568373258039,active,2024-10-24
46126,Product_6126_4,books,156.99953394449105,107.57198068802744,pending,2024-11-11
46127,Product_6127_4,sports,566.6951065710881,265.3814799308511,pending,2024-09-18
46128,Product_6128_4,clothing,932.5375831206816,243.87250817583563,active,2024-01-27
46129,Product_6129_4,books,774.6475262750013,309.67702466026407,pending,2024-03-09
46130,Product_6130_4,electronics,434.28790071269594,27.86360443698285,pending,2024-12-14
46131,Product_6131_4,electronics,431.83812963837784,104.53940387157726,inactive,2024-01-02
46132,Product_6132_4,sports,466.65212592114216,179.4076804721419,pending,2024-03-17
46133,Product_6133_4,home,878.9308055745113,241.55539469380415,inactive,2024-03-04
46134,Product_6134_4,books,79.92573215863757,113.46137571104659,active,2024-09-10
46135,Product_6135_4,electronics,826.9085211729711,484.1865118178944,active,2024-09-24
46136,Product_6136_4,home,648.9530592197841,354.68416501532437,archived,2024-08-18
46137,Product_6137_4,books,292.8959148298186,177.53302943771277,pending,2024-11-14
46138,Product_6138_4,home,443.6610988052773,81.74413462404802,archived,2024-01-23
46139,Product_6139_4,home,628.9269834207442,398.70118779330153,active,2024-09-26
46140,Product_6140_4,clothing,138.9109614331822,386.90907554366095,inactive,2024-12-17
46141,Product_6141_4,home,987.5909246805953,220.80921261011426,pending,2024-10-26
46142,Product_6142_4,books,911.1034900810297,188.85840812361334,active,2024-09-07
46143,Product_6143_4,sports,480.3038384714346,92.24632292241861,active,2024-02-04
46144,Product_6144_4,clothing,71.41426641553058,81.95663330167247,inactive,2024-02-22
46145,Product_6145_4,sports,902.7931428882805,291.71579744931205,active,2024-10-28
46146,Product_6146_4,home,212.67240325501263,271.2408417404214,pending,2024-01-14
46147,Product_6147_4,home,787.8904988296401,374.5636407951606,inactive,2024-10-21
46148,Product_6148_4,sports,6.9595335536415845,201.28815744220978,archived,2024-02-04
46149,Product_6149_4,electronics,921.6060126167608,233.1490237949108,archived,2024-01-27
46150,Product_6150_4,books,594.2587991518203,257.56772993111554,pending,2024-05-25
46151,Product_6151_4,home,370.13423912558125,243.783423627096,pending,2024-05-07
46152,Product_6152_4,home,257.46181552377647,440.51784276469994,pending,2024-08-08
46153,Product_6153_4,clothing,267.097334487465,297.0980985350931,archived,2024-04-26
46154,Product_6154_4,electronics,324.1892131359929,96.28292451842007,inactive,2024-08-14
46155,Product_6155_4,books,922.3793742656361,265.3035349959025,pending,2024-12-07
46156,Product_6156_4,books,287.6417813817692,113.91671214867759,active,2024-01-13
46157,Product_6157_4,sports,979.8931917974509,315.2703492390878,archived,2024-12-21
46158,Product_6158_4,home,735.2814289383211,306.96505695560705,archived,2024-12-22
46159,Product_6159_4,books,394.8885641194357,193.43872152379845,archived,2024-04-07
46160,Product_6160_4,clothing,895.5914358152277,171.34734457569226,inactive,2024-07-24
46161,Product_6161_4,books,795.148449004793,108.16575419678674,active,2024-05-25
46162,Product_6162_4,clothing,769.1034728350762,427.1041228671985,pending,2024-05-21
46163,Product_6163_4,sports,997.6787481590443,274.9829189931459,archived,2024-07-19
46164,Product_6164_4,electronics,733.5606367878871,468.6156372254147,pending,2024-04-20
46165,Product_6165_4,home,292.3281169148173,244.3146651336746,active,2024-10-08
46166,Product_6166_4,sports,542.3394489177251,173.0592872037409,archived,2024-12-28
46167,Product_6167_4,sports,311.4991848347383,194.2599240586593,pending,2024-03-12
46168,Product_6168_4,electronics,579.4189011790489,162.21321567201446,pending,2024-10-22
46169,Product_6169_4,books,191.2757715020166,118.01226223408234,archived,2024-07-26
46170,Product_6170_4,home,142.36603079815305,430.5328701352853,inactive,2024-09-13
46171,Product_6171_4,home,309.8409134391797,313.2911035107823,inactive,2024-09-10
46172,Product_6172_4,home,425.22622874586915,269.68322062675514,active,2024-12-03
46173,Product_6173_4,books,177.3830913275,293.82223655572733,active,2024-11-17
46174,Product_6174_4,electronics,812.1101479472003,224.56944198098589,archived,2024-12-07
46175,Product_6175_4,clothing,69.24151592912311,123.10741887184933,pending,2024-02-16
46176,Product_6176_4,books,109.46141432162186,228.64935555628313,inactive,2024-10-10
46177,Product_6177_4,electronics,857.0038609247576,261.14257069740296,pending,2024-01-14
46178,Product_6178_4,clothing,915.5473199362027,223.67669411229343,inactive,2024-08-22
46179,Product_6179_4,sports,120.40728691157497,224.94894642810746,archived,2024-06-06
46180,Product_6180_4,clothing,483.84025918108307,394.146809041904,archived,2024-04-03
46181,Product_6181_4,home,747.8758268298758,120.82028238895768,inactive,2024-08-12
46182,Product_6182_4,home,577.5283321577377,314.200936885381,inactive,2024-06-21
46183,Product_6183_4,sports,279.2544770180265,377.7219738436925,archived,2024-08-18
46184,Product_6184_4,clothing,282.4594952375506,425.3995771027321,pending,2024-03-21
46185,Product_6185_4,electronics,33.37230976809895,13.240335068098872,archived,2024-02-27
46186,Product_6186_4,books,823.691805674221,134.06768993358676,active,2024-01-14
46187,Product_6187_4,books,724.0868149765794,344.9530778646684,inactive,2024-10-19
46188,Product_6188_4,books,246.29739386822766,161.43505094701294,active,2024-03-07
46189,Product_6189_4,sports,513.7409458236518,492.4507529586481,active,2024-01-06
46190,Product_6190_4,sports,658.1312350424677,27.497872069512006,archived,2024-03-13
46191,Product_6191_4,books,556.6085584988933,385.51315670511235,pending,2024-03-19
46192,Product_6192_4,clothing,389.82214020225746,465.68137781442545,inactive,2024-09-27
46193,Product_6193_4,home,404.3714931958927,332.0117375788821,active,2024-01-18
46194,Product_6194_4,sports,335.97902366488967,28.342114476677036,pending,2024-07-09
46195,Product_6195_4,clothing,14.627135532958699,425.0982053423868,pending,2024-04-15
46196,Product_6196_4,home,168.89347611107195,230.0232844740068,inactive,2024-02-23
46197,Product_6197_4,clothing,556.0305944226476,203.28039937139695,inactive,2024-12-05
46198,Product_6198_4,home,590.0840007907118,344.75998485665207,pending,2024-07-07
46199,Product_6199_4,books,19.949306842636254,288.25515826649695,pending,2024-05-12
46200,Product_6200_4,clothing,641.8257379840854,136.66162540243215,pending,2024-10-02
46201,Product_6201_4,books,986.1280712061175,479.25611197645475,inactive,2024-05-08
46202,Product_6202_4,sports,465.00362810956824,51.55535421993007,active,2024-09-09
46203,Product_6203_4,clothing,429.2848987061162,343.322141330584,active,2024-10-05
46204,Product_6204_4,books,864.2107390083578,78.09793603821909,pending,2024-03-28
46205,Product_6205_4,clothing,356.68151611530044,387.4765755589849,archived,2024-12-20
46206,Product_6206_4,clothing,376.7274287487677,439.3383751709163,active,2024-12-15
46207,Product_6207_4,books,674.8129503853692,488.63375627774775,inactive,2024-07-06
46208,Product_6208_4,sports,862.6533704928847,284.81341470054605,inactive,2024-08-07
46209,Product_6209_4,clothing,393.11969913547654,351.29540808939356,inactive,2024-11-02
46210,Product_6210_4,books,292.8628945789772,62.97432459667477,pending,2024-01-16
46211,Product_6211_4,clothing,202.10808329277776,185.00181918802872,inactive,2024-11-14
46212,Product_6212_4,sports,967.7247703054177,323.62968377934294,pending,2024-07-21
46213,Product_6213_4,books,59.31783737030223,481.3218203075726,inactive,2024-05-16
46214,Product_6214_4,clothing,876.6463758248223,304.5801911670883,inactive,2024-05-17
46215,Product_6215_4,clothing,74.86032908643348,57.603283955580956,inactive,2024-10-19
46216,Product_6216_4,home,732.1141088309466,144.26659814037373,inactive,2024-10-18
46217,Product_6217_4,home,242.97182374972974,38.46914844483621,inactive,2024-10-27
46218,Product_6218_4,electronics,780.6206689400269,147.91266935702814,pending,2024-03-15
46219,Product_6219_4,sports,636.4345232417157,180.2280681787001,inactive,2024-08-21
46220,Product_6220_4,electronics,679.3435836709998,414.18437128758904,archived,2024-05-14
46221,Product_6221_4,sports,881.3808141282249,136.1647205437453,inactive,2024-10-22
46222,Product_6222_4,clothing,853.5785278988453,412.74788223294865,active,2024-02-21
46223,Product_6223_4,home,964.6170437158652,444.32307045741277,pending,2024-07-07
46224,Product_6224_4,sports,806.5882162517577,495.9101301586311,pending,2024-02-06
46225,Product_6225_4,books,641.1381437413118,273.1315989418286,active,2024-02-24
46226,Product_6226_4,electronics,706.9820310017224,359.3663573240974,archived,2024-08-13
46227,Product_6227_4,clothing,135.40394977670275,51.874910454334604,archived,2024-03-17
46228,Product_6228_4,books,483.90180670473825,286.5690471528445,archived,2024-06-19
46229,Product_6229_4,electronics,476.4949983869743,250.35093994455755,pending,2024-01-18
46230,Product_6230_4,clothing,159.44351904202665,361.6829212780009,archived,2024-01-05
46231,Product_6231_4,home,860.4774586748381,409.971662487981,archived,2024-03-04
46232,Product_6232_4,books,808.0460438181756,383.1574262113736,inactive,2024-09-17
46233,Product_6233_4,books,714.9526439308784,146.44274830413855,archived,2024-04-20
46234,Product_6234_4,home,328.2548875543381,100.18419752281669,pending,2024-05-28
46235,Product_6235_4,home,179.28162809913985,233.31510211139613,archived,2024-11-01
46236,Product_6236_4,home,129.03640564023647,480.0708079142088,inactive,2024-11-24
46237,Product_6237_4,home,656.4193537508128,376.138078171773,active,2024-08-06
46238,Product_6238_4,electronics,416.39473893061546,326.6896967337165,archived,2024-10-15
46239,Product_6239_4,electronics,829.4956469343676,18.2546392314741,inactive,2024-03-21
46240,Product_6240_4,electronics,449.00298238134843,232.04061851896668,active,2024-08-26
46241,Product_6241_4,books,969.6962973326464,323.1847206766724,pending,2024-10-21
46242,Product_6242_4,clothing,650.521042963696,70.64897767877584,inactive,2024-03-11
46243,Product_6243_4,sports,655.2466053289793,189.66700994833704,archived,2024-03-26
46244,Product_6244_4,electronics,516.4910383128766,418.0669347615454,pending,2024-07-26
46245,Product_6245_4,electronics,192.50169693188946,57.69858474407108,archived,2024-12-15
46246,Product_6246_4,clothing,390.4811075289909,30.2911708695157,active,2024-03-03
46247,Product_6247_4,electronics,356.4814977379588,53.67014414489436,pending,2024-06-27
46248,Product_6248_4,books,338.3261925123404,161.4191040604475,active,2024-12-27
46249,Product_6249_4,home,928.5380950959828,452.7561502630405,inactive,2024-01-15
46250,Product_6250_4,books,823.388120113985,138.87817177495404,active,2024-06-21
46251,Product_6251_4,sports,843.8191889184826,276.25015348255215,archived,2024-08-23
46252,Product_6252_4,electronics,368.50983926246624,106.1340999370847,archived,2024-08-26
46253,Product_6253_4,books,305.88289853649803,361.6023194101584,inactive,2024-05-14
46254,Product_6254_4,electronics,440.3852322346748,107.64950386086052,inactive,2024-12-16
46255,Product_6255_4,clothing,106.64798346756423,82.53740803190979,inactive,2024-07-20
46256,Product_6256_4,clothing,443.44196432454015,369.27469812393485,archived,2024-08-15
46257,Product_6257_4,books,132.76793974367087,123.19238526622712,pending,2024-02-06
46258,Product_6258_4,home,227.7675355650389,313.3287408825502,archived,2024-12-07
46259,Product_6259_4,books,924.7011195343517,315.6975586897307,inactive,2024-10-18
46260,Product_6260_4,electronics,307.50923810072544,125.95411594449953,inactive,2024-02-08
46261,Product_6261_4,books,894.424920648833,343.8279482381869,pending,2024-09-17
46262,Product_6262_4,electronics,516.2198149809815,399.70458689449464,inactive,2024-04-19
46263,Product_6263_4,clothing,45.44657548574721,367.69669669904613,archived,2024-11-03
46264,Product_6264_4,electronics,675.5795461978772,260.64635540076677,inactive,2024-01-19
46265,Product_6265_4,clothing,277.05234784529233,200.2864522483497,archived,2024-04-18
46266,Product_6266_4,electronics,74.11603072657853,424.973900421038,pending,2024-01-12
46267,Product_6267_4,clothing,221.55410061742614,301.00292699261445,active,2024-03-11
46268,Product_6268_4,clothing,806.0769769242497,107.4336475185753,archived,2024-09-18
46269,Product_6269_4,clothing,171.87013831510635,254.30372711139415,inactive,2024-09-12
46270,Product_6270_4,sports,475.01093013527355,195.27902177314886,archived,2024-08-03
46271,Product_6271_4,books,775.7254804951637,72.88184432396883,archived,2024-11-05
46272,Product_6272_4,electronics,28.580516258839133,402.2418406391014,pending,2024-11-13
46273,Product_6273_4,books,301.64685352256856,19.92215491154408,archived,2024-02-24
46274,Product_6274_4,electronics,289.88088131728927,327.03005575871157,archived,2024-04-23
46275,Product_6275_4,books,766.8782968982267,168.6251172969349,archived,2024-08-07
46276,Product_6276_4,home,855.8518265383605,395.0902008113091,inactive,2024-05-27
46277,Product_6277_4,clothing,906.531922152642,379.46536606648664,active,2024-06-27
46278,Product_6278_4,clothing,3.358436468089076,309.9300390938743,active,2024-05-14
46279,Product_6279_4,sports,963.8838024934453,24.5732331109397,inactive,2024-03-03
46280,Product_6280_4,clothing,133.07601402639827,451.5656637031565,inactive,2024-04-11
46281,Product_6281_4,electronics,463.9508612185227,288.77258614467803,archived,2024-07-24
46282,Product_6282_4,clothing,953.2291873254399,289.3193363679228,archived,2024-03-26
46283,Product_6283_4,home,199.92947150906383,11.633191784107076,inactive,2024-05-03
46284,Product_6284_4,home,429.87793326879716,472.08933015953426,archived,2024-09-18
46285,Product_6285_4,sports,342.76494695918467,129.88526993841884,inactive,2024-03-23
46286,Product_6286_4,sports,606.4671583403722,354.9083276977603,active,2024-10-05
46287,Product_6287_4,sports,432.67400262317244,442.340247037771,pending,2024-08-24
46288,Product_6288_4,clothing,646.9843753838942,319.8690032217075,active,2024-03-15
46289,Product_6289_4,sports,870.8371667992967,21.089876896435847,inactive,2024-09-14
46290,Product_6290_4,books,907.8831125262623,228.938248594711,archived,2024-05-08
46291,Product_6291_4,clothing,256.46007507295667,406.12754687557685,pending,2024-07-05
46292,Product_6292_4,sports,263.6301771536693,151.7652592701541,pending,2024-08-22
46293,Product_6293_4,electronics,169.54756973250377,82.70702263902811,archived,2024-02-08
46294,Product_6294_4,home,171.59920593670626,268.16019832632384,active,2024-04-21
46295,Product_6295_4,sports,803.6683720145542,286.2843482774795,active,2024-06-19
46296,Product_6296_4,clothing,257.8554016989711,211.74612629599574,active,2024-07-12
46297,Product_6297_4,clothing,149.8768406862489,455.39516585304557,pending,2024-10-05
46298,Product_6298_4,clothing,774.4947866137603,108.02422469120563,archived,2024-09-08
46299,Product_6299_4,electronics,606.0954470358073,139.15917712807573,pending,2024-03-11
46300,Product_6300_4,sports,951.3097366007121,354.1329403051524,archived,2024-12-25
46301,Product_6301_4,sports,890.3950745895336,275.1832488983382,inactive,2024-09-07
46302,Product_6302_4,electronics,442.60431237416896,347.91229920543196,pending,2024-03-28
46303,Product_6303_4,books,51.70528264075791,154.2278915702611,active,2024-02-28
46304,Product_6304_4,home,452.75307578094476,78.88335774878833,inactive,2024-09-02
46305,Product_6305_4,books,562.514771054997,58.711155488952315,archived,2024-04-26
46306,Product_6306_4,books,358.7831255594778,253.64840841917533,pending,2024-03-03
46307,Product_6307_4,clothing,323.4097568286312,137.93832260593,archived,2024-03-24
46308,Product_6308_4,electronics,129.80467752528634,62.14625312081058,inactive,2024-06-25
46309,Product_6309_4,books,541.7906621141547,428.48178239707045,inactive,2024-11-23
46310,Product_6310_4,home,551.864531985419,40.99713050209128,inactive,2024-02-01
46311,Product_6311_4,home,626.8856485338141,109.52451609468771,inactive,2024-08-13
46312,Product_6312_4,electronics,184.16876116445385,220.13421660115003,active,2024-11-28
46313,Product_6313_4,books,4.512477811324217,472.9056414955931,inactive,2024-06-16
46314,Product_6314_4,books,130.26579613687588,189.14583236467163,archived,2024-04-19
46315,Product_6315_4,sports,120.72087049628026,117.95262889440278,archived,2024-02-02
46316,Product_6316_4,clothing,348.9932602170113,406.77967370823905,pending,2024-05-26
46317,Product_6317_4,electronics,667.9562155590539,286.19887732791256,archived,2024-04-19
46318,Product_6318_4,electronics,852.822817201795,236.08169546526705,pending,2024-12-15
46319,Product_6319_4,home,671.8251531105847,151.89725366160113,active,2024-12-26
46320,Product_6320_4,electronics,163.83003291362655,261.95721090414645,archived,2024-02-15
46321,Product_6321_4,home,918.3160122367808,81.02441841660784,active,2024-10-06
46322,Product_6322_4,sports,571.7726860511382,487.10520834033764,active,2024-07-07
46323,Product_6323_4,books,838.1135465073987,410.46324396747616,inactive,2024-09-28
46324,Product_6324_4,sports,299.27163620066835,173.06841491673345,active,2024-12-24
46325,Product_6325_4,sports,61.06282913321508,91.93710480818633,inactive,2024-09-23
46326,Product_6326_4,books,185.6257528606905,360.727414503488,inactive,2024-01-09
46327,Product_6327_4,sports,932.8848461503833,212.65590812927059,archived,2024-10-25
46328,Product_6328_4,electronics,915.3975049076894,236.26210155329198,pending,2024-03-23
46329,Product_6329_4,home,814.3816915102336,38.71323401800166,pending,2024-04-28
46330,Product_6330_4,clothing,402.9830284186071,203.26631343244267,pending,2024-02-17
46331,Product_6331_4,home,729.1062407702748,367.90083017704444,active,2024-06-09
46332,Product_6332_4,books,256.2247233151636,144.23689764954395,archived,2024-01-19
46333,Product_6333_4,books,494.9425395366244,25.753241044437267,pending,2024-02-01
46334,Product_6334_4,clothing,226.89428351210128,396.24771002284837,archived,2024-05-02
46335,Product_6335_4,clothing,429.2071770432379,284.9528758915946,pending,2024-07-05
46336,Product_6336_4,clothing,11.549252425919338,215.5048126975583,inactive,2024-05-06
46337,Product_6337_4,home,228.7237566179904,414.63808872566597,pending,2024-02-24
46338,Product_6338_4,electronics,532.5561634929522,154.110151185747,pending,2024-08-24
46339,Product_6339_4,home,920.1897793551572,148.41556146711656,pending,2024-08-03
46340,Product_6340_4,home,538.8400758720763,50.87618059513844,pending,2024-08-27
46341,Product_6341_4,home,306.6154906554453,468.25934316586097,inactive,2024-04-19
46342,Product_6342_4,electronics,33.95239939800223,115.00251620819719,inactive,2024-11-14
46343,Product_6343_4,books,638.896764675584,150.23172030870407,inactive,2024-08-22
46344,Product_6344_4,home,8.788445573849184,204.56416141005698,inactive,2024-05-10
46345,Product_6345_4,books,504.20394057023793,387.56312121419046,inactive,2024-07-14
46346,Product_6346_4,sports,276.80322703407944,413.38607200062734,active,2024-03-19
46347,Product_6347_4,books,460.0965298257668,340.93764897633076,pending,2024-09-11
46348,Product_6348_4,electronics,154.43065210380658,435.95635690539905,inactive,2024-03-24
46349,Product_6349_4,home,531.775423511931,93.30087930067924,inactive,2024-02-06
46350,Product_6350_4,books,211.94768047679668,17.079921168546353,pending,2024-04-09
46351,Product_6351_4,home,655.9834501866227,127.62927430778754,pending,2024-10-01
46352,Product_6352_4,sports,935.4063394659325,360.3582556823241,inactive,2024-05-14
46353,Product_6353_4,clothing,580.3061046907517,467.64779150564993,pending,2024-01-28
46354,Product_6354_4,home,201.8943443033674,384.89603341077844,inactive,2024-09-04
46355,Product_6355_4,home,721.4384412721838,167.58491621745108,active,2024-12-06
46356,Product_6356_4,electronics,731.8790243359894,96.02416103145082,archived,2024-01-25
46357,Product_6357_4,sports,656.9563957367646,364.7986511204412,pending,2024-03-07
46358,Product_6358_4,home,202.08095667032123,188.4412088639543,inactive,2024-08-11
46359,Product_6359_4,books,838.1573691942,460.15132471673047,pending,2024-11-18
46360,Product_6360_4,electronics,302.8331135254548,485.5839930384272,pending,2024-08-08
46361,Product_6361_4,electronics,683.35748422155,226.98644261464398,archived,2024-05-09
46362,Product_6362_4,sports,808.6599765775117,77.42992311428694,pending,2024-09-07
46363,Product_6363_4,home,550.3197966337017,145.59706210174969,active,2024-02-10
46364,Product_6364_4,books,315.3075480870457,296.5028020100843,active,2024-03-08
46365,Product_6365_4,home,904.1888771682724,92.81389151402654,archived,2024-02-01
46366,Product_6366_4,home,260.0707312095298,11.395446789209798,archived,2024-03-01
46367,Product_6367_4,home,768.6949043961114,137.48017938904422,archived,2024-01-21
46368,Product_6368_4,sports,373.5593541558979,186.6907553449399,active,2024-07-11
46369,Product_6369_4,books,589.8949258851638,242.38887965867497,archived,2024-02-22
46370,Product_6370_4,books,665.8672734489618,177.8939482742802,archived,2024-08-25
46371,Product_6371_4,electronics,14.751733915672668,127.06823898436723,inactive,2024-03-10
46372,Product_6372_4,sports,174.5501237587302,105.17665042167478,pending,2024-10-13
46373,Product_6373_4,sports,539.9855524688135,297.4546383512045,pending,2024-05-05
46374,Product_6374_4,electronics,549.9189522931312,154.7175419290586,archived,2024-12-15
46375,Product_6375_4,home,375.17676344194206,89.38601458897001,active,2024-02-11
46376,Product_6376_4,books,693.6795504461032,147.6912591401845,inactive,2024-11-27
46377,Product_6377_4,sports,923.0082413807683,124.80726202099969,archived,2024-10-11
46378,Product_6378_4,sports,460.70487842656,269.2294207423812,pending,2024-05-06
46379,Product_6379_4,electronics,617.1567249071161,190.18675431142722,pending,2024-04-03
46380,Product_6380_4,home,573.5390518767902,265.2835716223899,archived,2024-03-05
46381,Product_6381_4,books,666.7935353894836,411.5726098501706,pending,2024-11-23
46382,Product_6382_4,electronics,743.3514671574147,413.00817525580715,archived,2024-08-15
46383,Product_6383_4,sports,952.2839074987374,287.53187060208734,archived,2024-10-07
46384,Product_6384_4,books,408.43347547268786,334.9221247578871,inactive,2024-12-14
46385,Product_6385_4,books,669.2054914852591,450.2866061459173,inactive,2024-04-14
46386,Product_6386_4,clothing,333.42551948380185,90.91439250057442,pending,2024-06-18
46387,Product_6387_4,sports,852.2764453280895,300.05820657511583,inactive,2024-03-12
46388,Product_6388_4,sports,955.9455037530313,376.23482055295096,pending,2024-01-26
46389,Product_6389_4,sports,479.000648089809,293.8605214384524,archived,2024-03-01
46390,Product_6390_4,clothing,468.2714768439355,492.19763165483556,archived,2024-11-16
46391,Product_6391_4,electronics,347.36118662333035,396.9882130547995,archived,2024-05-19
46392,Product_6392_4,books,697.4746418725047,149.56581239994685,pending,2024-05-24
46393,Product_6393_4,books,698.6004511099848,40.84039776900178,inactive,2024-03-06
46394,Product_6394_4,sports,707.884321895932,472.7656272876019,inactive,2024-09-17
46395,Product_6395_4,clothing,469.0896291552693,124.94247221124509,inactive,2024-12-10
46396,Product_6396_4,home,96.96404157593021,196.53939672006933,archived,2024-11-13
46397,Product_6397_4,books,425.0378168332391,425.5458590979766,inactive,2024-01-01
46398,Product_6398_4,clothing,486.2572194567613,258.3107661419703,pending,2024-02-14
46399,Product_6399_4,electronics,662.0555906429184,395.05087960463806,inactive,2024-09-24
46400,Product_6400_4,books,83.89984958636667,321.75890012706924,archived,2024-09-06
46401,Product_6401_4,electronics,939.3553550850013,41.86456168600519,archived,2024-04-17
46402,Product_6402_4,sports,250.26307435814962,236.4640088722522,archived,2024-09-09
46403,Product_6403_4,sports,518.2430139551418,353.74929539779686,pending,2024-08-08
46404,Product_6404_4,electronics,735.865952015992,33.062410271935974,inactive,2024-01-28
46405,Product_6405_4,clothing,178.4313606733825,275.8789539938834,inactive,2024-07-06
46406,Product_6406_4,clothing,840.1330670379353,78.29286544793445,pending,2024-07-24
46407,Product_6407_4,home,464.2093730178288,416.749965585647,inactive,2024-10-11
46408,Product_6408_4,home,233.9272788382196,236.24760928204654,pending,2024-01-15
46409,Product_6409_4,sports,564.6184876496535,229.18359296700842,archived,2024-12-18
46410,Product_6410_4,electronics,723.750030354328,251.78718547046546,inactive,2024-08-04
46411,Product_6411_4,electronics,371.3151574182957,173.51634086393375,pending,2024-04-09
46412,Product_6412_4,sports,715.2428225861461,323.4016850797434,active,2024-07-03
46413,Product_6413_4,electronics,79.86307879796686,195.03922555220066,pending,2024-03-02
46414,Product_6414_4,electronics,194.85606669963212,487.93538022374577,inactive,2024-04-28
46415,Product_6415_4,sports,792.6568414107599,134.11889794172083,active,2024-10-10
46416,Product_6416_4,clothing,690.2331071286887,118.35165092806602,inactive,2024-06-03
46417,Product_6417_4,electronics,8.881003601076484,162.94749471657906,active,2024-07-09
46418,Product_6418_4,books,133.3390838528273,163.51858510155506,pending,2024-06-19
46419,Product_6419_4,books,288.8429850417441,269.793679070894,inactive,2024-11-10
46420,Product_6420_4,electronics,78.18981105539653,384.1735725072139,archived,2024-02-16
46421,Product_6421_4,sports,936.387802535686,76.88402384270874,inactive,2024-06-12
46422,Product_6422_4,books,279.25475982726994,494.82104284376373,inactive,2024-10-07
46423,Product_6423_4,sports,683.6363723814991,118.5790387702944,archived,2024-11-07
46424,Product_6424_4,home,74.37540804827658,138.08143068593088,inactive,2024-02-01
46425,Product_6425_4,books,953.3641606302307,127.915903664506,archived,2024-04-06
46426,Product_6426_4,sports,149.70785839405406,99.39406394513982,pending,2024-01-28
46427,Product_6427_4,clothing,933.1106323671155,372.70282026460035,active,2024-08-14
46428,Product_6428_4,books,246.7322223999654,396.33622353200417,active,2024-12-18
46429,Product_6429_4,books,179.96436069718843,130.6252369619219,archived,2024-09-14
46430,Product_6430_4,electronics,155.72965287424543,423.1994362508704,active,2024-08-10
46431,Product_6431_4,clothing,147.76190000739538,233.06916581710905,inactive,2024-10-08
46432,Product_6432_4,home,513.6031525813083,412.69715304327775,pending,2024-03-19
46433,Product_6433_4,clothing,343.09672103581937,447.8337289315323,archived,2024-03-27
46434,Product_6434_4,home,891.3418780967542,186.49227034265178,active,2024-09-19
46435,Product_6435_4,home,659.0510376819094,144.017712266807,archived,2024-09-25
46436,Product_6436_4,electronics,348.2795175074724,65.93076200543092,archived,2024-08-08
46437,Product_6437_4,sports,194.1270163442713,416.92800980675037,archived,2024-04-25
46438,Product_6438_4,electronics,274.08506743398175,52.685127954278,archived,2024-04-10
46439,Product_6439_4,electronics,776.4804586657812,97.2614145779329,inactive,2024-02-10
46440,Product_6440_4,sports,855.0051773743521,349.7477765214247,inactive,2024-07-15
46441,Product_6441_4,sports,604.5005867734626,396.72156750335097,active,2024-11-01
46442,Product_6442_4,electronics,27.958366051080112,468.73895267030537,inactive,2024-09-28
46443,Product_6443_4,electronics,45.21873595745831,52.70579198278061,inactive,2024-08-05
46444,Product_6444_4,clothing,4.913227717165405,219.83437290085473,active,2024-07-27
46445,Product_6445_4,home,724.322205821988,89.89409698808622,inactive,2024-05-21
46446,Product_6446_4,home,871.3272017198458,343.87594883375897,archived,2024-03-03
46447,Product_6447_4,sports,234.72481327893638,338.57083772526875,pending,2024-05-20
46448,Product_6448_4,clothing,267.673851225268,111.98407570785076,active,2024-02-19
46449,Product_6449_4,books,330.8369893270798,17.53038589494027,archived,2024-07-26
46450,Product_6450_4,home,818.4062285578628,348.3404668128074,inactive,2024-01-09
46451,Product_6451_4,home,340.5938538918328,391.71808916478204,pending,2024-12-15
46452,Product_6452_4,clothing,310.81287271973673,335.14983062061935,active,2024-09-14
46453,Product_6453_4,electronics,516.0909733479293,266.9933718243202,inactive,2024-10-27
46454,Product_6454_4,electronics,909.5507109720326,151.4579364424813,archived,2024-08-11
46455,Product_6455_4,clothing,124.04684853905638,54.30536086232252,pending,2024-03-26
46456,Product_6456_4,sports,812.1991973626851,178.75375552069673,archived,2024-01-25
46457,Product_6457_4,clothing,269.7072315217967,105.98399221422176,active,2024-06-09
46458,Product_6458_4,clothing,760.6759094642845,103.72869323328027,pending,2024-04-12
46459,Product_6459_4,electronics,166.081617112254,153.4572967244645,archived,2024-05-21
46460,Product_6460_4,electronics,942.7515934705511,494.0814278900312,archived,2024-02-22
46461,Product_6461_4,clothing,573.8012826822203,231.41972650351465,pending,2024-02-06
46462,Product_6462_4,clothing,199.17734663135732,300.7036703571642,active,2024-03-06
46463,Product_6463_4,sports,887.5605127052152,189.24463110242263,active,2024-05-28
46464,Product_6464_4,sports,323.58179869813875,135.21524297390084,pending,2024-07-16
46465,Product_6465_4,home,543.3215033138571,459.6533736703004,active,2024-06-20
46466,Product_6466_4,clothing,562.4251490464618,285.6255170267522,pending,2024-03-14
46467,Product_6467_4,sports,475.61048850556205,89.30848564457963,archived,2024-05-16
46468,Product_6468_4,books,933.4427525392496,271.6833004943735,pending,2024-03-15
46469,Product_6469_4,electronics,457.02211469081726,197.9180244170248,pending,2024-11-25
46470,Product_6470_4,electronics,175.02955648667262,206.0161497383158,pending,2024-03-10
46471,Product_6471_4,books,673.2772161930349,342.9761964052145,pending,2024-09-08
46472,Product_6472_4,sports,264.1538236239455,490.8395271476245,archived,2024-08-26
46473,Product_6473_4,clothing,459.05353481097524,99.63926651929972,archived,2024-03-05
46474,Product_6474_4,home,81.95714568382998,473.86762225153626,inactive,2024-11-23
46475,Product_6475_4,books,512.1739026426744,142.1311627909498,active,2024-11-12
46476,Product_6476_4,clothing,383.17075537723326,180.03012356363232,archived,2024-01-06
46477,Product_6477_4,home,628.0729540278376,346.7185117128551,archived,2024-11-27
46478,Product_6478_4,home,67.22380968759904,434.2365771892017,pending,2024-10-02
46479,Product_6479_4,books,155.2827948794865,409.6187728720319,archived,2024-10-25
46480,Product_6480_4,books,698.3186928972465,275.4071990052877,pending,2024-11-12
46481,Product_6481_4,books,904.4222182088732,466.6517692135523,active,2024-07-12
46482,Product_6482_4,clothing,328.79304357017867,385.43936480672863,archived,2024-02-02
46483,Product_6483_4,home,507.3929226546738,68.90188944759647,active,2024-07-07
46484,Product_6484_4,home,851.4411110220767,385.35008490236197,active,2024-12-05
46485,Product_6485_4,books,29.153157776750533,300.41354687317175,archived,2024-07-08
46486,Product_6486_4,home,643.9597707829864,157.36655330305928,active,2024-04-15
46487,Product_6487_4,books,598.9734546050069,90.5969858419293,pending,2024-10-10
46488,Product_6488_4,electronics,74.24470185687305,294.1949066374532,inactive,2024-06-28
46489,Product_6489_4,sports,658.5683103939913,23.34510727536873,pending,2024-09-23
46490,Product_6490_4,electronics,258.4585096054958,367.9258727666761,active,2024-12-20
46491,Product_6491_4,electronics,978.5576151299424,214.54974098390065,pending,2024-11-02
46492,Product_6492_4,home,552.1419404851453,188.49983156137517,active,2024-02-18
46493,Product_6493_4,sports,434.503063868263,35.265567110686725,inactive,2024-01-19
46494,Product_6494_4,electronics,150.963988239069,295.8000710745714,active,2024-04-11
46495,Product_6495_4,sports,366.55964453700267,166.42965218957605,active,2024-12-11
46496,Product_6496_4,clothing,298.8372886937917,445.37233084487576,archived,2024-08-12
46497,Product_6497_4,clothing,733.1728539860761,381.526092189801,inactive,2024-01-02
46498,Product_6498_4,home,636.9551593244136,162.74705404319386,inactive,2024-02-22
46499,Product_6499_4,clothing,876.1267384766452,137.99500344508215,inactive,2024-08-05
46500,Product_6500_4,electronics,935.8107836520214,484.83504221945844,inactive,2024-12-25
46501,Product_6501_4,home,712.0569533187708,108.91863219401955,active,2024-08-02
46502,Product_6502_4,sports,933.8629541268132,300.0522449318764,archived,2024-06-13
46503,Product_6503_4,home,959.0600183099677,129.765264913914,archived,2024-03-06
46504,Product_6504_4,sports,620.8797868736996,62.170689300246266,active,2024-10-25
46505,Product_6505_4,sports,505.69711596098193,435.46944867235237,inactive,2024-03-01
46506,Product_6506_4,sports,401.4623765206736,246.39831323576712,inactive,2024-11-11
46507,Product_6507_4,home,431.7675122509921,327.49195502183335,inactive,2024-05-24
46508,Product_6508_4,sports,103.972408848399,291.1744934787363,archived,2024-02-05
46509,Product_6509_4,sports,832.7987431410003,257.05967365202997,pending,2024-05-11
46510,Product_6510_4,clothing,832.7494499000707,38.35795201730019,pending,2024-01-03
46511,Product_6511_4,books,130.03087984630244,293.0516713123776,pending,2024-10-04
46512,Product_6512_4,electronics,791.4079141362462,109.05049632813747,archived,2024-03-04
46513,Product_6513_4,sports,405.1916152819641,277.8535151835648,inactive,2024-09-27
46514,Product_6514_4,books,780.6141083739293,454.1985112445408,archived,2024-04-02
46515,Product_6515_4,electronics,486.4831021617461,445.1222231645135,inactive,2024-11-13
46516,Product_6516_4,electronics,309.3763438819477,156.59645935047504,inactive,2024-03-09
46517,Product_6517_4,home,59.91395727086436,473.9077561663761,pending,2024-06-16
46518,Product_6518_4,home,480.19469706368614,230.87256834704294,active,2024-02-04
46519,Product_6519_4,sports,492.6964330453975,314.88925216422473,pending,2024-10-21
46520,Product_6520_4,sports,537.6109462568054,46.971737724589666,archived,2024-02-08
46521,Product_6521_4,clothing,914.2399382766306,251.96849765600797,pending,2024-05-09
46522,Product_6522_4,sports,880.6464305212128,358.0959065449791,inactive,2024-08-03
46523,Product_6523_4,home,890.6258878001888,382.88645453324057,inactive,2024-10-10
46524,Product_6524_4,sports,741.0559369681864,298.06091096895415,archived,2024-08-06
46525,Product_6525_4,clothing,329.93181047364425,270.7078179436972,active,2024-01-19
46526,Product_6526_4,electronics,644.1222670265366,19.1875652834907,pending,2024-08-06
46527,Product_6527_4,electronics,112.14392242931424,75.12279000326751,inactive,2024-10-18
46528,Product_6528_4,electronics,521.005822078965,266.42631637817306,pending,2024-12-18
46529,Product_6529_4,home,425.26837605075747,251.440084185722,inactive,2024-05-05
46530,Product_6530_4,books,806.3747354652879,35.03511839065709,pending,2024-06-09
46531,Product_6531_4,electronics,49.358873372185556,197.95035587684134,pending,2024-09-28
46532,Product_6532_4,books,525.0618431465977,93.90040035385645,pending,2024-08-04
46533,Product_6533_4,clothing,265.15441070345304,375.39778949632074,inactive,2024-12-25
46534,Product_6534_4,home,60.68649245444098,25.929974993985606,archived,2024-04-05
46535,Product_6535_4,home,761.502944655355,254.2301901747823,archived,2024-10-03
46536,Product_6536_4,books,774.7141718314666,339.87102410692773,active,2024-02-08
46537,Product_6537_4,home,753.3691106404993,361.39101428337835,active,2024-04-01
46538,Product_6538_4,books,201.45302695470482,266.8709517427001,inactive,2024-06-26
46539,Product_6539_4,books,651.1480628611229,407.83991838724546,archived,2024-05-21
46540,Product_6540_4,home,279.0178162155052,160.86934943754505,active,2024-01-17
46541,Product_6541_4,home,59.18695767396559,39.79003764478752,active,2024-01-16
46542,Product_6542_4,sports,762.4341423721005,103.58192981281856,active,2024-12-04
46543,Product_6543_4,clothing,447.87721782990667,407.04677145193324,archived,2024-01-20
46544,Product_6544_4,electronics,281.68827778712335,148.96665563080447,pending,2024-12-19
46545,Product_6545_4,sports,411.82987067258216,62.95237425573082,archived,2024-07-28
46546,Product_6546_4,sports,315.2285062704167,364.9975907843279,inactive,2024-07-18
46547,Product_6547_4,home,863.485534172036,262.16518674228826,pending,2024-04-13
46548,Product_6548_4,sports,927.0392755686904,233.11517320265082,archived,2024-06-19
46549,Product_6549_4,sports,151.90822100813676,284.71461965843037,archived,2024-08-26
46550,Product_6550_4,sports,635.7914356080443,408.21642644366233,archived,2024-08-03
46551,Product_6551_4,clothing,707.7391255799182,43.13238723399572,pending,2024-06-18
46552,Product_6552_4,electronics,882.1930358063087,409.56701719551756,pending,2024-11-15
46553,Product_6553_4,home,915.7196557453757,494.2542123877741,pending,2024-06-02
46554,Product_6554_4,home,258.0512237932344,433.29949798352476,pending,2024-09-27
46555,Product_6555_4,clothing,238.62186388249964,87.6778556161161,active,2024-01-26
46556,Product_6556_4,clothing,248.18458162282226,306.7091351093513,inactive,2024-09-15
46557,Product_6557_4,books,974.6536942445107,410.51570975941604,inactive,2024-08-03
46558,Product_6558_4,clothing,85.01665686155772,463.68181804156836,archived,2024-08-15
46559,Product_6559_4,home,453.2493542074822,124.5738485739587,inactive,2024-06-05
46560,Product_6560_4,home,928.6569087876682,60.500541989416575,pending,2024-09-22
46561,Product_6561_4,books,208.62525798158936,397.8771074908423,inactive,2024-10-13
46562,Product_6562_4,electronics,874.6398653458799,404.56945730452003,archived,2024-10-04
46563,Product_6563_4,sports,728.4890760201226,349.02830826420063,inactive,2024-05-01
46564,Product_6564_4,sports,657.5581365761088,76.5130346858953,archived,2024-09-05
46565,Product_6565_4,books,585.3122391530504,328.0382801302812,pending,2024-03-24
46566,Product_6566_4,home,447.0299949849111,109.47080214884947,archived,2024-01-10
46567,Product_6567_4,books,551.9710508169552,184.2492387044109,active,2024-05-03
46568,Product_6568_4,books,876.7287736390318,376.81040656263457,pending,2024-06-23
46569,Product_6569_4,sports,189.7357113815947,392.83970885890346,active,2024-09-10
46570,Product_6570_4,electronics,393.28916313294366,190.35458539253094,active,2024-08-03
46571,Product_6571_4,clothing,279.2595474185212,465.9062485934704,archived,2024-12-08
46572,Product_6572_4,sports,787.8570901339206,422.4689400463874,inactive,2024-01-08
46573,Product_6573_4,electronics,773.886850071637,259.7014586491246,archived,2024-09-26
46574,Product_6574_4,books,226.66817924715258,210.1124701096848,pending,2024-08-28
46575,Product_6575_4,sports,779.8541339498656,244.876193493987,pending,2024-09-01
46576,Product_6576_4,sports,637.3052861742573,92.75794410577205,pending,2024-05-17
46577,Product_6577_4,clothing,918.4689478915925,322.3516443286595,inactive,2024-04-05
46578,Product_6578_4,home,425.5918832064846,114.99052785167478,pending,2024-06-09
46579,Product_6579_4,clothing,162.65739789599954,75.9959906753842,archived,2024-03-01
46580,Product_6580_4,books,246.7508863545175,34.30651064584218,pending,2024-07-25
46581,Product_6581_4,electronics,859.6233962393344,107.10642812315574,pending,2024-06-13
46582,Product_6582_4,clothing,185.213656428431,340.14346307161526,archived,2024-11-16
46583,Product_6583_4,clothing,136.23191139761477,94.22380846359779,inactive,2024-04-22
46584,Product_6584_4,home,921.5001062962583,471.02512018913524,archived,2024-03-05
46585,Product_6585_4,sports,706.3047074944701,169.66301442065114,active,2024-02-07
46586,Product_6586_4,sports,328.15972823598,177.93812140177988,active,2024-04-02
46587,Product_6587_4,clothing,388.0491352506176,414.1621451559938,pending,2024-02-20
46588,Product_6588_4,clothing,145.92062403938039,476.291887418736,pending,2024-06-05
46589,Product_6589_4,clothing,949.8837371487571,139.30667065231862,pending,2024-10-05
46590,Product_6590_4,clothing,855.4863442031736,431.12971675103523,pending,2024-08-06
46591,Product_6591_4,books,784.0688729364257,389.45425839296945,active,2024-12-06
46592,Product_6592_4,electronics,531.8278968638531,207.71068952969745,pending,2024-04-15
46593,Product_6593_4,home,752.1033017135555,335.66516188219913,inactive,2024-01-24
46594,Product_6594_4,clothing,227.9508654864401,206.36717749765637,inactive,2024-11-20
46595,Product_6595_4,sports,33.027516082699904,350.306475716793,archived,2024-07-05
46596,Product_6596_4,sports,854.3945597016483,60.649536929153584,inactive,2024-11-14
46597,Product_6597_4,electronics,832.0157324235953,72.98163852481167,active,2024-10-15
46598,Product_6598_4,electronics,579.7793234985426,277.28812736164156,active,2024-10-07
46599,Product_6599_4,home,63.22934469683043,83.53556373705811,inactive,2024-10-13
46600,Product_6600_4,books,65.71718355371154,70.14908462486747,pending,2024-01-01
46601,Product_6601_4,sports,354.0999623517244,69.10665261782444,pending,2024-11-26
46602,Product_6602_4,clothing,833.6027912723184,52.774310050776954,inactive,2024-03-21
46603,Product_6603_4,electronics,838.5461940740565,30.09118954387062,active,2024-09-26
46604,Product_6604_4,clothing,176.38953208538229,489.15235958507594,inactive,2024-09-22
46605,Product_6605_4,clothing,233.71128605278548,107.9344616088442,archived,2024-07-17
46606,Product_6606_4,electronics,539.7536220505482,45.45671989494535,active,2024-01-23
46607,Product_6607_4,books,141.8413373524417,196.90404231390897,inactive,2024-12-13
46608,Product_6608_4,sports,188.4219732522243,213.0217899100829,inactive,2024-03-26
46609,Product_6609_4,clothing,584.5704671030238,70.60301962310109,inactive,2024-06-21
46610,Product_6610_4,sports,583.2360038568256,34.62110756512928,pending,2024-10-06
46611,Product_6611_4,electronics,998.9788221755788,178.87467326640743,active,2024-07-14
46612,Product_6612_4,clothing,844.0552921987612,232.83433928179707,inactive,2024-09-08
46613,Product_6613_4,home,206.73193650196126,130.54770552577105,inactive,2024-09-02
46614,Product_6614_4,books,700.6306058068513,496.76533506784887,active,2024-11-24
46615,Product_6615_4,electronics,859.4494189424773,38.31472368735716,inactive,2024-02-26
46616,Product_6616_4,books,466.6144607686669,328.55658183728417,pending,2024-01-10
46617,Product_6617_4,sports,192.1157017266375,58.943557636499754,pending,2024-02-21
46618,Product_6618_4,electronics,572.176202298428,219.0813459175607,inactive,2024-07-11
46619,Product_6619_4,home,723.4180392947061,15.316959429696539,inactive,2024-11-06
46620,Product_6620_4,books,945.8302011408666,323.14869230837655,archived,2024-12-23
46621,Product_6621_4,sports,648.8659854035518,50.54323109857295,active,2024-08-15
46622,Product_6622_4,home,969.5394915778139,464.57252748667486,active,2024-09-17
46623,Product_6623_4,books,244.90014183086248,18.471561378337647,pending,2024-09-02
46624,Product_6624_4,books,764.3486047348324,428.80206042180936,pending,2024-02-10
46625,Product_6625_4,clothing,315.8237406833029,112.51311246364727,pending,2024-12-06
46626,Product_6626_4,electronics,865.4188168118377,353.98530931138157,archived,2024-05-19
46627,Product_6627_4,clothing,223.25136115736183,285.0763944516455,inactive,2024-03-28
46628,Product_6628_4,books,547.0215267504808,86.05464456776684,inactive,2024-06-23
46629,Product_6629_4,electronics,404.34045912435613,409.6871409278875,active,2024-04-01
46630,Product_6630_4,sports,188.23739559298951,319.6534344032688,archived,2024-02-01
46631,Product_6631_4,sports,611.4292000462831,125.92267252529169,pending,2024-07-22
46632,Product_6632_4,home,734.1445151022209,290.29695727050273,inactive,2024-03-21
46633,Product_6633_4,clothing,223.94426206744296,469.02874970453365,inactive,2024-08-08
46634,Product_6634_4,clothing,70.54417664142737,166.28837140383558,pending,2024-04-07
46635,Product_6635_4,sports,849.8050739213176,385.81448734029465,pending,2024-02-22
46636,Product_6636_4,clothing,200.20904999589627,302.378095518332,inactive,2024-08-26
46637,Product_6637_4,sports,643.4766317658483,181.57728438175405,pending,2024-10-16
46638,Product_6638_4,books,468.7638005716776,150.2890773924061,active,2024-03-16
46639,Product_6639_4,electronics,909.2692902093685,492.36385450067206,active,2024-11-12
46640,Product_6640_4,electronics,142.92653299818573,40.366580878492115,active,2024-07-11
46641,Product_6641_4,clothing,235.08165978605115,24.007406595097542,pending,2024-11-16
46642,Product_6642_4,electronics,400.83728480198954,481.6269367926366,active,2024-03-02
46643,Product_6643_4,home,667.2718885713427,135.69718555669596,archived,2024-08-27
46644,Product_6644_4,books,550.694271727193,417.57858416334574,inactive,2024-08-26
46645,Product_6645_4,home,672.0857611429868,263.69724001936515,inactive,2024-03-16
46646,Product_6646_4,books,315.7002255664354,168.56850173801476,inactive,2024-06-18
46647,Product_6647_4,home,589.2639243416642,180.51607306110344,active,2024-03-01
46648,Product_6648_4,home,474.1237710264303,121.09120698102141,inactive,2024-07-26
46649,Product_6649_4,books,431.0239508849732,54.4463665797472,archived,2024-07-14
46650,Product_6650_4,clothing,873.1293062313323,270.01898189686415,active,2024-08-21
46651,Product_6651_4,sports,5.132695597823059,296.79348795467143,active,2024-10-07
46652,Product_6652_4,clothing,640.5767229597794,365.20036285089395,inactive,2024-03-11
46653,Product_6653_4,home,194.8679477699245,315.657565346481,active,2024-06-06
46654,Product_6654_4,books,527.5366601798218,371.1614129564384,inactive,2024-01-17
46655,Product_6655_4,books,99.15726325958977,45.17165509975104,inactive,2024-12-22
46656,Product_6656_4,electronics,189.3894779531077,495.21909554468925,inactive,2024-05-08
46657,Product_6657_4,clothing,146.14604248700766,451.9184353252705,archived,2024-04-04
46658,Product_6658_4,clothing,134.50280057888443,305.21215543046947,archived,2024-03-17
46659,Product_6659_4,clothing,668.70652578021,215.24524996036675,active,2024-07-17
46660,Product_6660_4,home,701.7338774726607,407.22529369763595,archived,2024-09-20
46661,Product_6661_4,electronics,891.3101672053859,331.56767702809185,archived,2024-12-20
46662,Product_6662_4,clothing,239.71890611309323,360.9647283574086,archived,2024-07-11
46663,Product_6663_4,books,410.51406377681326,306.6445269675063,pending,2024-12-08
46664,Product_6664_4,sports,459.4761723195046,105.95599261316312,archived,2024-08-24
46665,Product_6665_4,home,940.5105520025647,154.29615724021943,pending,2024-09-28
46666,Product_6666_4,sports,472.89440606093603,246.69528828251947,pending,2024-06-20
46667,Product_6667_4,books,447.66332865914666,296.0450824336492,active,2024-07-20
46668,Product_6668_4,sports,943.043517073924,253.27956367483424,inactive,2024-06-10
46669,Product_6669_4,electronics,50.49498275885054,382.63833876417635,archived,2024-03-04
46670,Product_6670_4,sports,929.6563745376326,95.04188988879297,active,2024-08-20
46671,Product_6671_4,electronics,110.24572381951026,35.06504605286718,pending,2024-01-05
46672,Product_6672_4,books,541.0618251895019,183.55953283422403,inactive,2024-03-25
46673,Product_6673_4,electronics,672.35857166664,296.4783607985314,pending,2024-08-03
46674,Product_6674_4,home,979.876322171342,12.988486102826393,active,2024-10-03
46675,Product_6675_4,clothing,861.1461484822129,28.222241131569476,active,2024-09-11
46676,Product_6676_4,electronics,863.2262417868818,69.13663920365343,pending,2024-11-25
46677,Product_6677_4,clothing,276.300504763435,380.6608983244754,archived,2024-04-10
46678,Product_6678_4,electronics,261.6597716136226,287.1568464951827,active,2024-01-02
46679,Product_6679_4,clothing,905.4268586925548,163.15036304722338,pending,2024-11-17
46680,Product_6680_4,clothing,784.5906050069432,76.30854506556555,archived,2024-11-20
46681,Product_6681_4,home,678.951751083439,490.4814485458067,active,2024-08-02
46682,Product_6682_4,electronics,907.6119191921305,343.9641879394282,archived,2024-09-26
46683,Product_6683_4,clothing,634.6297128888489,399.85375122038914,inactive,2024-01-24
46684,Product_6684_4,books,894.3903803863359,400.59872803311805,active,2024-10-06
46685,Product_6685_4,clothing,579.2921720636074,42.468313476781546,archived,2024-06-09
46686,Product_6686_4,home,587.4798316073011,309.9676099538136,inactive,2024-09-18
46687,Product_6687_4,clothing,166.3942290805212,212.33910402166418,active,2024-05-23
46688,Product_6688_4,clothing,188.318477569299,246.74484180933462,inactive,2024-07-04
46689,Product_6689_4,clothing,963.8989262580707,116.16951223756767,archived,2024-06-22
46690,Product_6690_4,clothing,573.1237110076885,135.4877900998024,inactive,2024-10-23
46691,Product_6691_4,electronics,381.8722329536233,237.1688991881274,pending,2024-11-10
46692,Product_6692_4,clothing,481.2508574315316,446.52116950768277,active,2024-06-01
46693,Product_6693_4,home,674.7071262847555,160.01949682849923,active,2024-09-25
46694,Product_6694_4,home,952.7034555374819,211.5365600907898,active,2024-11-08
46695,Product_6695_4,sports,946.9838895004158,265.5691771786637,active,2024-06-05
46696,Product_6696_4,home,932.7848368571151,277.709185870606,active,2024-03-26
46697,Product_6697_4,home,938.7674812890814,17.974518664152853,active,2024-01-23
46698,Product_6698_4,sports,565.1076044100602,22.118950829223287,archived,2024-07-02
46699,Product_6699_4,books,626.3598304403592,193.28464647980667,active,2024-12-24
46700,Product_6700_4,electronics,353.2591510720648,292.97187197480935,active,2024-12-15
46701,Product_6701_4,home,485.40920912050046,47.11967349610703,inactive,2024-05-09
46702,Product_6702_4,electronics,245.1086332654706,446.92886950371235,inactive,2024-11-27
46703,Product_6703_4,sports,17.814997557016305,290.9344160315942,inactive,2024-08-07
46704,Product_6704_4,home,27.871283218807402,186.94972344272006,inactive,2024-07-12
46705,Product_6705_4,clothing,758.4932810120206,342.1186715142298,active,2024-03-18
46706,Product_6706_4,sports,72.34425894722487,38.621420005832434,pending,2024-01-27
46707,Product_6707_4,books,653.2974352001733,337.2586367088058,archived,2024-10-12
46708,Product_6708_4,home,599.355474317559,80.53709452325344,pending,2024-05-19
46709,Product_6709_4,home,118.13917729904838,438.47584005041546,active,2024-02-16
46710,Product_6710_4,clothing,318.6814387489072,184.7717301850773,active,2024-01-27
46711,Product_6711_4,clothing,557.1423686881407,412.4293322552095,inactive,2024-12-10
46712,Product_6712_4,electronics,785.3613870642301,367.8285901244998,active,2024-05-07
46713,Product_6713_4,books,582.2727428845697,161.40479751887173,archived,2024-08-13
46714,Product_6714_4,clothing,983.0116470850634,44.9838155840132,active,2024-08-04
46715,Product_6715_4,electronics,763.371841729278,388.3250213273331,active,2024-02-21
46716,Product_6716_4,sports,566.2074945783224,68.16498665956868,active,2024-02-28
46717,Product_6717_4,books,355.82857569061235,363.43617795365213,pending,2024-04-25
46718,Product_6718_4,home,618.4565058109628,20.188815225042887,pending,2024-10-21
46719,Product_6719_4,electronics,544.7437445902633,93.58853696043124,active,2024-12-13
46720,Product_6720_4,books,292.3617360990781,201.40420857533564,pending,2024-05-24
46721,Product_6721_4,clothing,162.04723238765382,70.55480666124492,active,2024-02-26
46722,Product_6722_4,sports,564.2667552452499,184.94934753258437,active,2024-08-19
46723,Product_6723_4,books,825.2927015148318,392.2458891068504,active,2024-08-15
46724,Product_6724_4,sports,491.2452871459104,352.5300477372198,archived,2024-07-16
46725,Product_6725_4,sports,403.4736755861127,206.58690525469805,pending,2024-04-17
46726,Product_6726_4,electronics,168.94814386658717,105.07598384517104,active,2024-11-20
46727,Product_6727_4,clothing,442.3635596322991,462.5219451778414,active,2024-09-11
46728,Product_6728_4,home,410.31742851244735,75.89898747387277,pending,2024-03-11
46729,Product_6729_4,home,202.56061717716645,285.00401714804013,archived,2024-04-13
46730,Product_6730_4,sports,95.92477224780971,45.12740506936698,archived,2024-05-10
46731,Product_6731_4,sports,479.58015296823817,47.85318189893564,pending,2024-12-09
46732,Product_6732_4,clothing,871.5698302223558,88.79190153952521,archived,2024-05-16
46733,Product_6733_4,electronics,599.5223395473176,90.70803091680513,archived,2024-10-23
46734,Product_6734_4,books,313.20653684458796,202.11763005823775,inactive,2024-11-17
46735,Product_6735_4,sports,976.517628300944,490.06156111980516,pending,2024-04-24
46736,Product_6736_4,books,647.8786887013439,400.11878871071156,archived,2024-09-13
46737,Product_6737_4,home,222.74269042626,23.224442133102535,inactive,2024-10-07
46738,Product_6738_4,sports,635.0864077664568,381.9113700621291,active,2024-06-02
46739,Product_6739_4,clothing,237.74391991572966,86.27022602542388,archived,2024-03-10
46740,Product_6740_4,sports,805.5609670773969,468.1551707771627,pending,2024-01-25
46741,Product_6741_4,books,699.2255914733079,253.1018320084895,pending,2024-11-03
46742,Product_6742_4,clothing,426.020460827437,61.274091077245,inactive,2024-07-20
46743,Product_6743_4,home,537.7707439531913,219.9292233005541,active,2024-09-22
46744,Product_6744_4,home,692.734765111098,352.401726517131,inactive,2024-05-04
46745,Product_6745_4,sports,507.73989222568775,98.31229212524794,pending,2024-07-07
46746,Product_6746_4,home,651.8714393730729,184.8748594780387,inactive,2024-01-06
46747,Product_6747_4,home,268.53091140116373,498.9005606439961,active,2024-09-25
46748,Product_6748_4,home,288.598241522468,225.46451141044534,pending,2024-04-09
46749,Product_6749_4,home,887.682470250437,379.076544279772,active,2024-09-18
46750,Product_6750_4,clothing,629.1401187398211,114.10881930768969,pending,2024-06-03
46751,Product_6751_4,electronics,353.3071270871086,182.87842859104288,active,2024-08-09
46752,Product_6752_4,sports,344.5850677399913,221.3996452087877,archived,2024-08-16
46753,Product_6753_4,electronics,104.68334037773343,151.3304927175007,archived,2024-11-08
46754,Product_6754_4,sports,495.02216769528576,407.3351924643683,active,2024-07-21
46755,Product_6755_4,electronics,54.89936936496365,278.69738217713194,active,2024-08-24
46756,Product_6756_4,home,156.23479543025084,222.68105832649937,pending,2024-04-21
46757,Product_6757_4,home,14.35999215618106,88.67586925668432,inactive,2024-11-27
46758,Product_6758_4,electronics,895.3995283575648,139.7350321462209,active,2024-01-20
46759,Product_6759_4,home,957.5031881933926,321.2502924173772,inactive,2024-11-24
46760,Product_6760_4,sports,384.3298038217279,314.1736192347167,pending,2024-03-09
46761,Product_6761_4,clothing,192.74760772522237,46.13932584728373,archived,2024-07-04
46762,Product_6762_4,clothing,287.00858378481735,12.050526846596469,active,2024-08-01
46763,Product_6763_4,home,563.7118959574925,261.29911229516654,inactive,2024-06-10
46764,Product_6764_4,home,801.3676674956747,313.8504985332796,inactive,2024-06-09
46765,Product_6765_4,home,941.8664661399218,334.9612943089412,active,2024-06-10
46766,Product_6766_4,books,897.9868005979298,31.1173370203154,active,2024-11-09
46767,Product_6767_4,home,325.84680935863554,119.46699863269018,active,2024-07-01
46768,Product_6768_4,clothing,61.73319829538989,154.06619553802423,active,2024-11-17
46769,Product_6769_4,clothing,916.5527543734828,108.33277429815313,archived,2024-03-18
46770,Product_6770_4,electronics,569.2918485118548,422.47336782789813,archived,2024-08-06
46771,Product_6771_4,books,815.9629689702285,251.31300765012395,pending,2024-03-07
46772,Product_6772_4,clothing,159.68331705428992,412.65217102504084,active,2024-04-09
46773,Product_6773_4,home,829.5456289736285,182.43391912836208,inactive,2024-03-25
46774,Product_6774_4,clothing,780.2977968777699,210.515989856463,inactive,2024-06-18
46775,Product_6775_4,books,349.4970967707276,226.84386395680195,active,2024-04-10
46776,Product_6776_4,books,626.6145725258319,308.8956386118177,active,2024-06-21
46777,Product_6777_4,home,809.8549623014648,240.29013639017666,archived,2024-05-13
46778,Product_6778_4,home,200.26173351008373,70.80806967212368,inactive,2024-01-01
46779,Product_6779_4,sports,291.9944702089412,393.9416909784329,pending,2024-09-18
46780,Product_6780_4,books,111.93954637615334,282.1750224563116,active,2024-08-14
46781,Product_6781_4,sports,950.51252176079,249.3493987402138,active,2024-11-24
46782,Product_6782_4,home,356.4488468832882,115.6688466637524,active,2024-02-04
46783,Product_6783_4,clothing,616.8572931524494,61.04083102057297,active,2024-04-05
46784,Product_6784_4,clothing,491.51581548499166,282.22764337146225,archived,2024-11-24
46785,Product_6785_4,clothing,550.5955931314573,107.20747353203498,active,2024-08-09
46786,Product_6786_4,clothing,318.41154439127456,461.9675723646844,archived,2024-08-17
46787,Product_6787_4,electronics,672.5896983683336,439.9569061675945,pending,2024-02-24
46788,Product_6788_4,books,823.6611426739596,130.6546105098692,archived,2024-01-01
46789,Product_6789_4,home,981.2509931294084,142.3512902068071,inactive,2024-07-08
46790,Product_6790_4,clothing,535.5640921623776,233.68852155402416,archived,2024-06-27
46791,Product_6791_4,clothing,429.63140743536854,434.59288980982143,inactive,2024-05-15
46792,Product_6792_4,clothing,506.5444077826091,484.2629007614053,pending,2024-09-21
46793,Product_6793_4,books,717.925199856229,305.84948631181766,archived,2024-09-24
46794,Product_6794_4,clothing,327.4622758460075,345.8845099506038,inactive,2024-04-17
46795,Product_6795_4,clothing,55.37432613029877,238.75705327076645,active,2024-06-04
46796,Product_6796_4,clothing,829.6219670225756,76.42063986582184,active,2024-09-22
46797,Product_6797_4,sports,983.0280964942722,177.01942832581184,pending,2024-10-06
46798,Product_6798_4,electronics,841.6601960649713,446.8912048373098,inactive,2024-02-06
46799,Product_6799_4,books,88.69029721574539,119.1500647480635,archived,2024-04-08
46800,Product_6800_4,home,546.9805295237769,164.0424698599869,archived,2024-08-11
46801,Product_6801_4,clothing,862.2503304384257,154.93210446927822,inactive,2024-06-18
46802,Product_6802_4,sports,444.8602525279384,121.3676835039141,archived,2024-10-23
46803,Product_6803_4,books,249.44683069988702,127.76871128274031,active,2024-06-07
46804,Product_6804_4,books,562.4221801613193,50.87519476197729,archived,2024-07-05
46805,Product_6805_4,sports,299.6487682754085,170.88794980539024,pending,2024-12-04
46806,Product_6806_4,books,665.3542154683463,182.33949800853708,active,2024-11-25
46807,Product_6807_4,home,885.6016571349616,386.43365774646884,pending,2024-07-25
46808,Product_6808_4,clothing,262.74526054375224,82.63444202472398,inactive,2024-07-01
46809,Product_6809_4,home,556.5773097793419,48.98072636501537,active,2024-04-28
46810,Product_6810_4,electronics,513.4193946336775,489.036901165297,inactive,2024-09-08
46811,Product_6811_4,books,748.7472897857049,264.11517830787466,archived,2024-06-04
46812,Product_6812_4,sports,629.1230363169174,425.5485167275432,active,2024-06-22
46813,Product_6813_4,home,270.1903238946689,115.05862254420713,active,2024-11-13
46814,Product_6814_4,clothing,841.2380215981696,405.8541168725948,pending,2024-05-17
46815,Product_6815_4,electronics,77.36877460645887,476.6507545091025,inactive,2024-02-01
46816,Product_6816_4,sports,690.579934379334,214.39678853178458,active,2024-08-14
46817,Product_6817_4,home,67.92864379947405,208.60306020672945,active,2024-09-19
46818,Product_6818_4,sports,304.59121958990556,101.95664388514643,active,2024-01-01
46819,Product_6819_4,sports,785.5721193410277,61.02195219228823,pending,2024-09-23
46820,Product_6820_4,clothing,292.22122611243054,158.39249318341763,inactive,2024-12-25
46821,Product_6821_4,home,409.1726555823962,454.3698281243288,pending,2024-03-21
46822,Product_6822_4,clothing,604.8125515304012,15.837060638696336,archived,2024-04-22
46823,Product_6823_4,home,539.2529786373234,28.771434934157302,pending,2024-07-26
46824,Product_6824_4,sports,37.006549296513576,440.03482519682154,active,2024-11-15
46825,Product_6825_4,home,946.9667702057849,232.47396244042054,archived,2024-03-22
46826,Product_6826_4,books,173.61703832663216,59.7429768009797,archived,2024-05-18
46827,Product_6827_4,books,279.9227288359874,242.95359711854417,archived,2024-11-26
46828,Product_6828_4,books,351.32149304995625,73.37924894844966,inactive,2024-03-13
46829,Product_6829_4,sports,570.0397708493924,363.75057509508304,active,2024-07-21
46830,Product_6830_4,books,388.2516515012465,64.6695162397614,inactive,2024-03-14
46831,Product_6831_4,clothing,162.3274497740423,493.759758914273,active,2024-10-12
46832,Product_6832_4,sports,579.2709630003557,206.23784017669186,active,2024-09-04
46833,Product_6833_4,clothing,143.33606615394044,393.0133150854011,inactive,2024-08-06
46834,Product_6834_4,clothing,781.3434822879773,403.61260154166223,archived,2024-06-21
46835,Product_6835_4,books,629.7414082222198,270.0372782096993,inactive,2024-09-08
46836,Product_6836_4,home,437.2326881597362,237.94547790239724,active,2024-08-24
46837,Product_6837_4,sports,273.1347419147286,146.75862956136186,pending,2024-09-24
46838,Product_6838_4,books,817.2720515848955,194.8629002467542,pending,2024-04-02
46839,Product_6839_4,electronics,818.8341602158101,179.94391064013897,inactive,2024-12-15
46840,Product_6840_4,books,227.14470585321388,142.25188643901166,pending,2024-12-06
46841,Product_6841_4,books,791.074682626158,178.49999366390884,active,2024-09-12
46842,Product_6842_4,sports,67.81408755504327,347.1989261584808,pending,2024-04-16
46843,Product_6843_4,books,951.8057060295222,400.0563403433912,archived,2024-01-28
46844,Product_6844_4,books,468.19533635709263,464.52475105810396,active,2024-05-13
46845,Product_6845_4,electronics,367.47223028959763,15.39447952342185,pending,2024-06-13
46846,Product_6846_4,home,614.2826054770851,279.721735012319,pending,2024-03-10
46847,Product_6847_4,home,161.11169316418332,339.373854448781,inactive,2024-03-04
46848,Product_6848_4,home,149.706488749926,28.65527957243242,active,2024-02-28
46849,Product_6849_4,clothing,559.7756812137593,419.58123834347526,pending,2024-05-21
46850,Product_6850_4,electronics,160.1945226510041,299.4005388782423,archived,2024-01-13
46851,Product_6851_4,sports,298.8770622481922,401.0938581642959,inactive,2024-06-15
46852,Product_6852_4,home,238.89616682513352,174.79308330615203,active,2024-12-22
46853,Product_6853_4,home,335.26530704630966,314.23516082215457,archived,2024-11-09
46854,Product_6854_4,home,177.33733699672786,237.4950429011921,inactive,2024-02-03
46855,Product_6855_4,electronics,940.3897542312344,297.73161962202755,inactive,2024-11-01
46856,Product_6856_4,home,728.8994258206844,91.64220046710756,active,2024-10-18
46857,Product_6857_4,home,64.37396084446374,371.79651145251154,pending,2024-08-05
46858,Product_6858_4,books,354.7186623751388,12.25486997977006,inactive,2024-09-25
46859,Product_6859_4,sports,234.78222567695872,89.06340463442022,archived,2024-11-17
46860,Product_6860_4,clothing,379.5998743156841,330.5394889971331,pending,2024-05-01
46861,Product_6861_4,sports,432.44549427314945,44.86649750946296,inactive,2024-09-17
46862,Product_6862_4,home,198.70932128298097,148.40401259006177,pending,2024-04-27
46863,Product_6863_4,electronics,530.3444119742559,148.2841944871789,inactive,2024-12-15
46864,Product_6864_4,sports,642.5488415530574,372.8836817013897,pending,2024-01-24
46865,Product_6865_4,books,279.56762153483777,301.609704946558,archived,2024-06-18
46866,Product_6866_4,books,56.678067837952035,52.58406155172347,inactive,2024-06-20
46867,Product_6867_4,home,82.53513288740875,285.4491410807134,inactive,2024-12-20
46868,Product_6868_4,sports,945.1770899807791,316.7938892477911,active,2024-08-12
46869,Product_6869_4,sports,858.9629068437503,486.01283980479707,inactive,2024-06-06
46870,Product_6870_4,electronics,833.951483089314,76.81981002123214,inactive,2024-01-01
46871,Product_6871_4,electronics,529.7714823860687,280.6583547116754,archived,2024-09-13
46872,Product_6872_4,sports,286.1108526191628,342.957073451255,pending,2024-04-25
46873,Product_6873_4,books,425.136115116331,50.64611453287022,inactive,2024-02-28
46874,Product_6874_4,books,251.06214051452145,270.6522175370534,active,2024-10-17
46875,Product_6875_4,home,652.737410359504,448.3582775324278,active,2024-03-08
46876,Product_6876_4,home,827.8917825968762,260.3824570771533,inactive,2024-01-23
46877,Product_6877_4,electronics,435.8565162348049,405.79165436771916,active,2024-12-26
46878,Product_6878_4,clothing,384.23245137230833,343.2114056683336,inactive,2024-04-12
46879,Product_6879_4,electronics,463.33764284155774,285.54686945190923,inactive,2024-05-24
46880,Product_6880_4,home,383.2965468164062,366.569799131223,inactive,2024-09-25
46881,Product_6881_4,home,320.30580494853785,430.7674879874132,inactive,2024-06-09
46882,Product_6882_4,sports,450.6532977511177,273.84596714534916,active,2024-05-19
46883,Product_6883_4,home,790.4972932286512,181.07712912902267,inactive,2024-06-18
46884,Product_6884_4,electronics,220.88567328153798,293.581942520754,pending,2024-10-01
46885,Product_6885_4,sports,700.1326726322804,227.9909903610591,active,2024-08-21
46886,Product_6886_4,electronics,170.49916115025823,36.172994079446305,inactive,2024-06-21
46887,Product_6887_4,clothing,327.9622247954077,68.4632830126377,active,2024-02-14
46888,Product_6888_4,clothing,546.5290016701626,99.42844743401146,active,2024-08-05
46889,Product_6889_4,clothing,774.8635887833748,41.09981773266202,pending,2024-09-09
46890,Product_6890_4,home,883.8123683894507,445.44573835421215,pending,2024-09-10
46891,Product_6891_4,sports,300.3761260868638,343.39437260938354,active,2024-05-19
46892,Product_6892_4,books,635.2124836811117,137.73330419480277,active,2024-05-26
46893,Product_6893_4,clothing,118.75704145796865,24.889814012971257,archived,2024-04-19
46894,Product_6894_4,books,230.50914358654774,17.941567891460082,pending,2024-01-28
46895,Product_6895_4,electronics,50.03104404889843,426.755644344138,active,2024-04-07
46896,Product_6896_4,home,669.1761296428591,348.8520399884608,inactive,2024-01-17
46897,Product_6897_4,sports,620.190707202571,137.92980830061273,archived,2024-10-10
46898,Product_6898_4,home,935.8345685293876,226.93428970094345,active,2024-07-15
46899,Product_6899_4,clothing,490.1291808228126,43.592506409700306,pending,2024-12-03
46900,Product_6900_4,sports,531.8565764381891,376.0984416097974,pending,2024-11-25
46901,Product_6901_4,clothing,869.3906284584076,490.11390375975316,active,2024-05-07
46902,Product_6902_4,electronics,573.2415285341597,331.21463546545755,inactive,2024-07-08
46903,Product_6903_4,home,55.196380590074405,483.3777789263118,archived,2024-12-07
46904,Product_6904_4,home,991.6714135571862,210.7322718651431,inactive,2024-11-21
46905,Product_6905_4,electronics,636.3736917913291,230.1067464277609,pending,2024-04-16
46906,Product_6906_4,sports,267.3687661320815,438.53189373861926,active,2024-08-14
46907,Product_6907_4,clothing,669.7752533651626,116.02500171181707,archived,2024-06-09
46908,Product_6908_4,sports,444.90840585284207,434.9034562947976,active,2024-11-07
46909,Product_6909_4,home,603.792695691076,339.8660506574904,archived,2024-02-16
46910,Product_6910_4,electronics,539.1248695140346,90.13763476733641,inactive,2024-12-25
46911,Product_6911_4,home,672.5694163014945,438.13495083440074,archived,2024-06-15
46912,Product_6912_4,books,154.6938923806544,113.72380687430223,active,2024-02-06
46913,Product_6913_4,books,502.0950403780968,139.72230527841623,archived,2024-04-09
46914,Product_6914_4,home,369.0913396918651,332.1998212406349,pending,2024-05-23
46915,Product_6915_4,sports,210.6180303576881,446.9201028664705,inactive,2024-08-20
46916,Product_6916_4,sports,743.6258058967649,145.31153330470923,archived,2024-08-03
46917,Product_6917_4,clothing,285.2029140120436,493.2591969655442,archived,2024-05-03
46918,Product_6918_4,sports,585.2809309335896,117.5453971024049,archived,2024-02-23
46919,Product_6919_4,electronics,319.7593070416823,166.87982085172692,archived,2024-10-19
46920,Product_6920_4,sports,857.7590676106377,433.0242498600217,inactive,2024-07-02
46921,Product_6921_4,clothing,591.2325784445366,372.7433654566128,inactive,2024-12-27
46922,Product_6922_4,home,69.2851462020145,354.1720465513426,archived,2024-02-08
46923,Product_6923_4,clothing,464.5715430792804,110.95171634949544,archived,2024-05-12
46924,Product_6924_4,electronics,607.6471034006087,207.9657741396682,inactive,2024-05-11
46925,Product_6925_4,home,85.40787984922612,480.4762608014663,archived,2024-03-18
46926,Product_6926_4,sports,696.8602300897016,56.53625617531551,archived,2024-12-08
46927,Product_6927_4,sports,354.2513769477541,470.78085275112846,inactive,2024-05-10
46928,Product_6928_4,books,730.8343543772347,349.3317645750284,active,2024-11-03
46929,Product_6929_4,sports,252.78703393166055,268.6282107570707,pending,2024-01-10
46930,Product_6930_4,books,683.9588934871135,116.54814238357642,inactive,2024-09-08
46931,Product_6931_4,home,747.7526126161731,148.6048173749977,inactive,2024-07-19
46932,Product_6932_4,clothing,95.40882005112191,118.75404898393646,archived,2024-11-27
46933,Product_6933_4,home,611.7702742961171,285.49792197667165,archived,2024-08-27
46934,Product_6934_4,clothing,979.770329624801,135.74807239966108,archived,2024-11-13
46935,Product_6935_4,home,107.4647631258602,215.38578473320976,pending,2024-06-28
46936,Product_6936_4,electronics,38.78495666243053,253.17453760856463,pending,2024-07-04
46937,Product_6937_4,home,640.2506601046954,198.67090832911833,inactive,2024-10-26
46938,Product_6938_4,clothing,317.11130692144474,219.19905190834044,active,2024-06-26
46939,Product_6939_4,home,296.7007686811329,393.81032937171284,archived,2024-07-26
46940,Product_6940_4,clothing,669.5700606097215,176.112320307069,pending,2024-11-16
46941,Product_6941_4,home,959.5636466301536,430.2734804387093,archived,2024-02-15
46942,Product_6942_4,home,3.2463647925608594,445.577016646132,pending,2024-12-28
46943,Product_6943_4,electronics,477.5279089071734,414.8571058531441,pending,2024-11-15
46944,Product_6944_4,books,730.5475876446941,220.26078979541572,active,2024-10-18
46945,Product_6945_4,clothing,566.5542212623918,51.7444211489,active,2024-09-09
46946,Product_6946_4,electronics,976.3154246635058,454.53805319936083,archived,2024-10-23
46947,Product_6947_4,home,296.9197652884368,287.42099682448116,pending,2024-05-11
46948,Product_6948_4,books,384.46266597254055,136.403752940959,archived,2024-01-26
46949,Product_6949_4,electronics,105.95940503243489,365.6800769461841,active,2024-12-14
46950,Product_6950_4,books,818.2938267525258,300.83644987694373,pending,2024-10-02
46951,Product_6951_4,electronics,967.5125754385979,34.570218092141886,archived,2024-01-02
46952,Product_6952_4,electronics,503.0592364790443,363.5031158669979,inactive,2024-03-05
46953,Product_6953_4,electronics,679.6526825736532,115.19521630983,pending,2024-10-13
46954,Product_6954_4,books,671.5111349728128,220.82118658991547,pending,2024-08-26
46955,Product_6955_4,electronics,98.30015790015719,136.84392382328545,pending,2024-11-23
46956,Product_6956_4,clothing,448.74835747091856,350.39223965569454,pending,2024-12-08
46957,Product_6957_4,books,570.6482412230408,45.57159279607072,active,2024-03-21
46958,Product_6958_4,books,748.1117164832466,467.3714533843235,active,2024-02-21
46959,Product_6959_4,electronics,654.5800232831629,216.9159789985489,pending,2024-03-15
46960,Product_6960_4,clothing,402.77013883429885,438.7463266557122,pending,2024-07-03
46961,Product_6961_4,electronics,573.9397170399511,71.74393578063372,active,2024-11-12
46962,Product_6962_4,home,452.4866334096904,427.6649771470176,archived,2024-06-27
46963,Product_6963_4,electronics,583.7321200380538,224.9239458913814,inactive,2024-04-10
46964,Product_6964_4,electronics,201.41127114850732,111.93632782502483,active,2024-08-10
46965,Product_6965_4,books,600.8731654564519,407.4919614145914,pending,2024-03-13
46966,Product_6966_4,clothing,176.388550550083,300.1773531708441,pending,2024-06-04
46967,Product_6967_4,sports,331.55726216764396,83.88580899353441,inactive,2024-08-16
46968,Product_6968_4,electronics,713.9415068544453,150.59858055104553,pending,2024-11-22
46969,Product_6969_4,sports,41.37367374884963,328.5291920361058,active,2024-09-03
46970,Product_6970_4,home,204.29581007429954,392.25281022734157,inactive,2024-08-26
46971,Product_6971_4,electronics,164.0334448365245,424.4420714159237,active,2024-04-14
46972,Product_6972_4,electronics,522.3429225382442,147.30664947270628,active,2024-09-02
46973,Product_6973_4,sports,294.2883570299385,403.37123865974013,active,2024-10-03
46974,Product_6974_4,books,406.76978780179866,494.52321062870794,archived,2024-08-25
46975,Product_6975_4,home,752.1727197626549,275.2659618747563,archived,2024-08-06
46976,Product_6976_4,books,932.3352444375427,495.14094468173045,inactive,2024-11-25
46977,Product_6977_4,electronics,803.3505486644823,493.49120352210684,inactive,2024-09-10
46978,Product_6978_4,sports,408.17876072229865,334.1880300579283,inactive,2024-09-10
46979,Product_6979_4,sports,184.26576373314597,395.8800141482658,archived,2024-11-11
46980,Product_6980_4,sports,794.2715632989203,40.47127684496759,archived,2024-08-03
46981,Product_6981_4,electronics,114.1702314826326,386.94834769117085,archived,2024-05-14
46982,Product_6982_4,clothing,434.3025425351239,180.52252323298458,pending,2024-05-22
46983,Product_6983_4,home,557.7563995485839,318.3400245053501,inactive,2024-06-23
46984,Product_6984_4,home,616.5194294544975,90.10380267451539,archived,2024-08-26
46985,Product_6985_4,books,767.1505755736013,216.49945968622572,active,2024-10-23
46986,Product_6986_4,books,90.74819173450697,217.8679003359862,archived,2024-07-02
46987,Product_6987_4,home,443.67096166903667,266.2686083120987,archived,2024-03-15
46988,Product_6988_4,electronics,729.0793971475432,22.1398661448165,pending,2024-04-20
46989,Product_6989_4,electronics,330.3377223328328,379.54503518139705,pending,2024-09-07
46990,Product_6990_4,sports,871.9462184715652,261.3638649630218,pending,2024-08-12
46991,Product_6991_4,sports,575.8002922965495,286.0356409611035,pending,2024-10-25
46992,Product_6992_4,home,48.75986641782575,381.90537745203454,archived,2024-02-24
46993,Product_6993_4,sports,518.7695424133699,129.23663395923882,active,2024-12-03
46994,Product_6994_4,sports,765.8278324470893,316.65984394924817,pending,2024-12-23
46995,Product_6995_4,electronics,610.8344631477343,223.44022860220213,archived,2024-04-11
46996,Product_6996_4,home,783.2609486968054,37.02088323301203,inactive,2024-02-08
46997,Product_6997_4,sports,48.331026243843255,179.34175122639715,active,2024-11-27
46998,Product_6998_4,home,131.44233357901817,438.8418605622123,inactive,2024-06-06
46999,Product_6999_4,sports,482.81308019847205,394.21071025425226,inactive,2024-12-14
47000,Product_7000_4,sports,908.9383112661593,118.5568691865858,archived,2024-03-18
47001,Product_7001_4,clothing,195.8922956207756,97.78793416759933,archived,2024-09-13
47002,Product_7002_4,books,233.52782367631508,285.1427380638121,archived,2024-11-15
47003,Product_7003_4,electronics,125.56399366307532,478.30244434757446,inactive,2024-10-08
47004,Product_7004_4,electronics,587.4607768234896,109.669316796713,pending,2024-07-21
47005,Product_7005_4,sports,448.1221136996887,239.15193000520122,active,2024-04-26
47006,Product_7006_4,books,373.1220715265998,129.84822432315758,inactive,2024-06-19
47007,Product_7007_4,clothing,701.8131080482652,451.9430058247334,inactive,2024-12-06
47008,Product_7008_4,sports,244.95113618746956,347.46864373615875,inactive,2024-07-28
47009,Product_7009_4,sports,63.47556326593623,255.4430475579931,inactive,2024-04-17
47010,Product_7010_4,clothing,651.1623675284856,365.7353531257512,archived,2024-04-04
47011,Product_7011_4,home,967.5393670697349,202.94818124794807,archived,2024-08-06
47012,Product_7012_4,clothing,73.61755256802431,251.72299066666696,active,2024-12-09
47013,Product_7013_4,electronics,933.8832980125329,228.47294570953437,active,2024-10-14
47014,Product_7014_4,electronics,261.8951744013395,394.68146587483,archived,2024-11-03
47015,Product_7015_4,home,334.797100505432,473.13082200765507,inactive,2024-10-01
47016,Product_7016_4,home,591.9129730880014,331.6172018929562,active,2024-06-15
47017,Product_7017_4,books,212.99705628538229,469.23794180840804,active,2024-07-06
47018,Product_7018_4,sports,338.8423155281392,83.76962048324161,archived,2024-03-27
47019,Product_7019_4,books,615.0629499706808,383.41766971742516,pending,2024-09-16
47020,Product_7020_4,sports,685.3990658131654,446.5438373266042,active,2024-03-03
47021,Product_7021_4,sports,79.39926873935399,451.7496399728905,archived,2024-07-05
47022,Product_7022_4,electronics,590.49079043354,247.6363077747123,inactive,2024-07-07
47023,Product_7023_4,sports,202.4997462930773,496.3561403739354,active,2024-03-02
47024,Product_7024_4,sports,631.3482505925942,475.68272623326123,active,2024-11-08
47025,Product_7025_4,clothing,602.7373251478845,483.54501830126793,archived,2024-04-21
47026,Product_7026_4,sports,258.10656994479217,41.28105982953891,pending,2024-01-15
47027,Product_7027_4,books,469.1666642526775,176.5774022537775,active,2024-04-09
47028,Product_7028_4,sports,23.642095349163824,35.05047115522499,inactive,2024-01-20
47029,Product_7029_4,books,188.8869103412342,466.7221440758083,active,2024-01-25
47030,Product_7030_4,electronics,246.66070495348774,405.04003544065927,inactive,2024-08-15
47031,Product_7031_4,sports,587.352461689982,29.671864101802168,pending,2024-04-20
47032,Product_7032_4,clothing,667.6987048872735,483.57668556493456,pending,2024-11-27
47033,Product_7033_4,books,185.7434498383191,149.30820796192654,active,2024-03-21
47034,Product_7034_4,electronics,569.7811699651146,357.6651805382896,active,2024-05-10
47035,Product_7035_4,home,384.9587011733813,399.8239252908669,active,2024-11-11
47036,Product_7036_4,books,367.51085725269036,460.552096023425,pending,2024-11-09
47037,Product_7037_4,sports,453.7259065418828,36.8008632014932,active,2024-07-15
47038,Product_7038_4,home,827.4451259466395,17.614419491857042,inactive,2024-10-15
47039,Product_7039_4,electronics,943.1922672814565,460.6915325075319,inactive,2024-09-18
47040,Product_7040_4,electronics,525.9977319105514,196.6173360751186,pending,2024-08-25
47041,Product_7041_4,books,744.4755560375688,293.0804319410232,inactive,2024-12-21
47042,Product_7042_4,home,217.72049265952413,293.84939504998965,inactive,2024-03-08
47043,Product_7043_4,books,927.6286636905718,114.00794965335949,active,2024-01-06
47044,Product_7044_4,home,290.59015726199283,90.36973723080905,active,2024-01-23
47045,Product_7045_4,clothing,523.6490812484654,373.4368394333312,pending,2024-03-25
47046,Product_7046_4,books,707.4276512677194,79.38276997841469,pending,2024-11-05
47047,Product_7047_4,electronics,458.4130157192241,427.5365708646648,archived,2024-03-07
47048,Product_7048_4,sports,653.7447359463855,480.1924883400216,active,2024-07-09
47049,Product_7049_4,electronics,936.5442662390959,124.30488577610971,inactive,2024-07-12
47050,Product_7050_4,clothing,836.7686959193736,12.24629426928137,active,2024-04-25
47051,Product_7051_4,home,2.230002466810747,85.59489333571858,active,2024-05-19
47052,Product_7052_4,books,628.5338236883282,278.8670472710658,archived,2024-03-06
47053,Product_7053_4,electronics,920.9201935621245,250.18314362456255,inactive,2024-08-28
47054,Product_7054_4,home,149.29267983596327,476.8201768328437,inactive,2024-11-24
47055,Product_7055_4,books,557.3667466933601,499.0239437856359,archived,2024-11-21
47056,Product_7056_4,home,946.4081871444982,59.344121804049145,pending,2024-12-20
47057,Product_7057_4,clothing,776.4725463568714,114.84007395270909,archived,2024-06-17
47058,Product_7058_4,sports,637.3987943866568,447.3419163141051,pending,2024-07-18
47059,Product_7059_4,books,583.7830371957265,206.17595220545553,active,2024-07-04
47060,Product_7060_4,sports,505.01408776744057,304.1879846729999,pending,2024-02-15
47061,Product_7061_4,home,829.6676511239534,498.1064968127808,pending,2024-04-06
47062,Product_7062_4,home,61.946770094378174,139.3513943697687,pending,2024-09-12
47063,Product_7063_4,electronics,554.1827655082042,349.9357107281055,inactive,2024-10-22
47064,Product_7064_4,books,396.64399197742154,478.5296964632111,pending,2024-12-27
47065,Product_7065_4,sports,862.9272529929879,115.08273812449453,inactive,2024-03-05
47066,Product_7066_4,home,9.20824090933215,475.3442989285665,inactive,2024-09-26
47067,Product_7067_4,books,106.88464445787173,361.2492573863755,active,2024-09-07
47068,Product_7068_4,books,13.71050976547974,481.8795340936217,pending,2024-05-12
47069,Product_7069_4,books,96.94881282948768,55.158595842305814,archived,2024-05-03
47070,Product_7070_4,electronics,286.01513438903515,277.8410059088303,pending,2024-10-12
47071,Product_7071_4,sports,954.9775156045464,162.46226946323696,inactive,2024-08-21
47072,Product_7072_4,clothing,309.3000256064779,284.49734237218416,archived,2024-05-25
47073,Product_7073_4,books,856.0231737844354,339.72281589068336,archived,2024-05-11
47074,Product_7074_4,electronics,414.5180317173959,284.1208970755411,archived,2024-12-19
47075,Product_7075_4,home,134.72478022570627,440.46866826534614,archived,2024-12-09
47076,Product_7076_4,electronics,719.8407186869828,213.02322722682862,inactive,2024-12-25
47077,Product_7077_4,clothing,235.04638469589432,277.0423345309163,inactive,2024-12-07
47078,Product_7078_4,clothing,495.2344458132706,148.72796384444987,pending,2024-01-12
47079,Product_7079_4,home,818.5611132031953,387.4340902275507,pending,2024-08-08
47080,Product_7080_4,clothing,343.0713063062432,266.1167722189261,inactive,2024-06-09
47081,Product_7081_4,sports,689.6628640987637,224.50437369097827,archived,2024-01-27
47082,Product_7082_4,home,782.9538901259812,298.03388761191286,inactive,2024-07-24
47083,Product_7083_4,books,341.30268152453414,235.38982918020383,archived,2024-11-11
47084,Product_7084_4,sports,480.4550814381491,432.28203404178925,pending,2024-08-25
47085,Product_7085_4,electronics,42.22640224403165,59.28888249396571,active,2024-07-20
47086,Product_7086_4,clothing,392.9965010773692,176.15064525869934,inactive,2024-04-01
47087,Product_7087_4,sports,425.4255304388066,296.8953349070023,pending,2024-08-19
47088,Product_7088_4,sports,860.771656062713,69.55839194235959,archived,2024-06-09
47089,Product_7089_4,electronics,513.087818914113,62.79045941043993,active,2024-01-17
47090,Product_7090_4,sports,124.12082628798593,486.874342395391,archived,2024-01-21
47091,Product_7091_4,books,177.60698379659965,440.8845561499376,archived,2024-01-19
47092,Product_7092_4,home,156.20581260898015,331.07200614961977,archived,2024-12-10
47093,Product_7093_4,clothing,480.7800650471632,481.70633151815315,inactive,2024-10-09
47094,Product_7094_4,books,901.2375464156029,310.6487638975827,active,2024-04-13
47095,Product_7095_4,electronics,754.7035648485867,393.8410889196015,inactive,2024-09-28
47096,Product_7096_4,books,488.42565733530193,24.55094804816178,archived,2024-02-03
47097,Product_7097_4,books,260.52303556017876,250.319971977422,archived,2024-04-15
47098,Product_7098_4,books,675.044254706005,424.77647383943133,inactive,2024-10-21
47099,Product_7099_4,home,904.399981835246,196.92487272684082,pending,2024-09-11
47100,Product_7100_4,sports,398.9568054288269,320.2994822090869,inactive,2024-10-17
47101,Product_7101_4,books,868.2221981682684,267.433262733139,active,2024-12-01
47102,Product_7102_4,electronics,610.2659215460176,23.792095920601618,archived,2024-05-06
47103,Product_7103_4,clothing,929.2313191039156,114.71848105969501,inactive,2024-12-26
47104,Product_7104_4,clothing,277.9837543100926,316.2805922463514,inactive,2024-01-16
47105,Product_7105_4,books,533.60015127124,482.70162323381373,pending,2024-06-11
47106,Product_7106_4,sports,194.39485583414628,24.97318218761711,active,2024-07-23
47107,Product_7107_4,sports,30.60719399168417,413.70680028034184,archived,2024-11-09
47108,Product_7108_4,sports,644.5337042172724,329.3413100805235,inactive,2024-07-28
47109,Product_7109_4,home,317.9775889935926,166.0253610865115,archived,2024-04-26
47110,Product_7110_4,books,748.8933680048309,199.7503911595555,active,2024-12-02
47111,Product_7111_4,electronics,360.4726399391258,358.14476409160716,inactive,2024-10-20
47112,Product_7112_4,sports,363.4946634886858,90.5129068064977,pending,2024-05-21
47113,Product_7113_4,home,259.79216224371226,464.61278698205734,active,2024-03-23
47114,Product_7114_4,clothing,489.67553243278735,57.58245966907924,active,2024-07-23
47115,Product_7115_4,electronics,22.15092122761723,428.6696418216313,active,2024-03-03
47116,Product_7116_4,home,848.9503669025551,239.7547731850631,active,2024-02-24
47117,Product_7117_4,clothing,489.86246077222506,320.8059633583714,inactive,2024-12-10
47118,Product_7118_4,electronics,386.722171400291,422.84407377614747,archived,2024-01-04
47119,Product_7119_4,clothing,891.9730165253735,322.3813198319407,inactive,2024-02-02
47120,Product_7120_4,electronics,921.0797198485737,98.05937959178165,archived,2024-05-21
47121,Product_7121_4,sports,409.83278198068257,23.50225944558243,active,2024-12-16
47122,Product_7122_4,electronics,115.90406055713427,371.8865349893829,archived,2024-11-16
47123,Product_7123_4,sports,227.3070207378639,386.84979327916204,inactive,2024-08-02
47124,Product_7124_4,home,915.0709280030384,150.91400169499548,pending,2024-07-21
47125,Product_7125_4,home,937.3181699788377,486.7789925491161,inactive,2024-02-21
47126,Product_7126_4,clothing,472.85216649230756,344.29192135966593,pending,2024-11-15
47127,Product_7127_4,sports,245.45302345154676,335.562772385319,active,2024-11-11
47128,Product_7128_4,sports,477.26125349877236,192.9807122015187,active,2024-06-23
47129,Product_7129_4,sports,371.3808808402248,392.48725323593004,archived,2024-11-25
47130,Product_7130_4,home,839.2465915397726,37.941138804357834,inactive,2024-02-22
47131,Product_7131_4,home,750.0152908487265,74.54676926818102,archived,2024-01-20
47132,Product_7132_4,home,915.8084997369917,440.09228373132066,inactive,2024-12-23
47133,Product_7133_4,sports,829.4864532353542,497.7957798880918,archived,2024-04-12
47134,Product_7134_4,electronics,469.9045340059407,134.82917460513139,archived,2024-04-17
47135,Product_7135_4,clothing,120.0626289958243,91.9559031604983,active,2024-12-12
47136,Product_7136_4,home,645.0213099986311,230.16573722302573,archived,2024-11-16
47137,Product_7137_4,electronics,405.6241870722205,324.81681139105945,pending,2024-03-10
47138,Product_7138_4,home,554.644342881031,247.00730207296493,inactive,2024-10-06
47139,Product_7139_4,electronics,66.20930311630214,417.9042244085439,archived,2024-10-03
47140,Product_7140_4,sports,531.6276488154731,179.92208846199162,active,2024-06-14
47141,Product_7141_4,home,814.2044163031863,461.24863669300174,active,2024-02-01
47142,Product_7142_4,clothing,453.31671164394214,81.65881178822885,archived,2024-11-11
47143,Product_7143_4,electronics,860.8766251754292,455.91900120284976,archived,2024-01-17
47144,Product_7144_4,books,402.4163635211265,473.25350246566313,archived,2024-05-13
47145,Product_7145_4,books,134.68742827135193,130.7775550487394,active,2024-08-24
47146,Product_7146_4,electronics,180.95341182986627,475.46274694966246,archived,2024-11-11
47147,Product_7147_4,electronics,214.9481052457844,410.90238325903215,archived,2024-08-28
47148,Product_7148_4,sports,440.5115253168732,186.75930009259258,pending,2024-02-05
47149,Product_7149_4,electronics,787.3435382172242,331.73380072201144,inactive,2024-01-17
47150,Product_7150_4,home,166.18252326561068,305.51725937932594,inactive,2024-04-20
47151,Product_7151_4,clothing,547.4130622446327,421.18425539128543,archived,2024-12-02
47152,Product_7152_4,books,254.0347228258527,320.1455561095603,pending,2024-02-01
47153,Product_7153_4,home,50.69623795424734,125.72347950233518,inactive,2024-09-01
47154,Product_7154_4,electronics,920.5927366522652,280.0071104701842,inactive,2024-07-08
47155,Product_7155_4,clothing,812.0284154630727,496.3847165917747,active,2024-05-03
47156,Product_7156_4,books,485.0229147017157,177.8374759667453,inactive,2024-12-24
47157,Product_7157_4,electronics,342.9687689213243,237.95057674999902,active,2024-09-23
47158,Product_7158_4,electronics,829.5217504316824,455.11738450303193,inactive,2024-10-13
47159,Product_7159_4,home,133.06582072796073,410.22639689263553,inactive,2024-02-26
47160,Product_7160_4,books,450.0432077377569,349.5309939579581,inactive,2024-12-01
47161,Product_7161_4,clothing,749.7486822798247,205.83127020748572,archived,2024-07-17
47162,Product_7162_4,electronics,759.1260131605609,157.30965915156656,inactive,2024-05-03
47163,Product_7163_4,electronics,791.3676059086755,284.5579825701847,pending,2024-06-04
47164,Product_7164_4,electronics,663.9761517746824,14.419214251118023,inactive,2024-06-20
47165,Product_7165_4,clothing,839.725499769125,399.26201823288994,inactive,2024-11-03
47166,Product_7166_4,clothing,934.8209631061906,132.72235407973454,archived,2024-03-13
47167,Product_7167_4,clothing,697.9250590790772,373.650584701077,pending,2024-07-14
47168,Product_7168_4,sports,145.2445539823765,194.54516257922975,pending,2024-08-24
47169,Product_7169_4,home,171.01778066275503,211.5251308444927,active,2024-04-13
47170,Product_7170_4,sports,619.3524487019129,189.09023354077289,active,2024-10-02
47171,Product_7171_4,clothing,740.9480775930645,302.09245416443497,inactive,2024-05-19
47172,Product_7172_4,clothing,425.02019454662695,136.17371886803656,inactive,2024-11-24
47173,Product_7173_4,sports,199.8507172118258,85.83668443963096,active,2024-03-17
47174,Product_7174_4,electronics,283.2453532498625,448.3177029968739,archived,2024-06-13
47175,Product_7175_4,clothing,725.8200280951979,176.01078044536305,inactive,2024-07-16
47176,Product_7176_4,clothing,362.08716431702527,451.7063400997438,active,2024-08-26
47177,Product_7177_4,clothing,953.3469838125923,466.5545544201813,inactive,2024-03-25
47178,Product_7178_4,home,786.4322063669509,370.1279730287061,active,2024-10-16
47179,Product_7179_4,clothing,797.9749634612855,296.1130063477206,pending,2024-03-13
47180,Product_7180_4,home,987.0882005740989,379.5110834665259,archived,2024-09-26
47181,Product_7181_4,sports,103.19473939825843,195.81990704916117,inactive,2024-09-13
47182,Product_7182_4,electronics,725.3797479591553,433.3108865341985,archived,2024-06-04
47183,Product_7183_4,sports,599.2375894413857,159.0932261321899,active,2024-02-06
47184,Product_7184_4,sports,422.0331232197852,413.09175789601176,inactive,2024-08-12
47185,Product_7185_4,electronics,858.4697493139292,296.57041061298736,pending,2024-05-21
47186,Product_7186_4,home,950.7220656397336,151.3942938170296,active,2024-04-13
47187,Product_7187_4,books,660.4483738798588,136.78648247481158,archived,2024-04-14
47188,Product_7188_4,electronics,125.25786886126461,129.44842220205118,inactive,2024-07-24
47189,Product_7189_4,electronics,387.2053696018373,201.8270328796375,archived,2024-04-21
47190,Product_7190_4,clothing,493.35946727981724,283.0003355590703,inactive,2024-08-02
47191,Product_7191_4,books,327.15143792677645,131.42642382174125,archived,2024-03-12
47192,Product_7192_4,clothing,615.2358955715288,98.48671501164554,pending,2024-06-24
47193,Product_7193_4,home,215.1807389799051,253.0304037902844,active,2024-11-24
47194,Product_7194_4,books,43.34126264676884,131.91845648018108,inactive,2024-08-28
47195,Product_7195_4,home,404.12526438018807,177.09241898336998,active,2024-07-02
47196,Product_7196_4,sports,97.87685492711138,476.66958112955496,pending,2024-02-28
47197,Product_7197_4,books,63.61069613640726,371.55889994533777,inactive,2024-09-08
47198,Product_7198_4,books,954.5987676572266,434.38865429893167,inactive,2024-08-17
47199,Product_7199_4,books,614.8434819118698,25.485774734581426,active,2024-05-18
47200,Product_7200_4,electronics,178.9909220689039,337.6016612638196,active,2024-07-02
47201,Product_7201_4,electronics,15.868000877042908,280.4313932341994,pending,2024-01-26
47202,Product_7202_4,electronics,776.4410329815934,88.77325529142401,inactive,2024-07-26
47203,Product_7203_4,books,348.7004304263393,362.4123281607974,active,2024-01-01
47204,Product_7204_4,home,648.5106300198735,476.7172682601896,active,2024-11-01
47205,Product_7205_4,books,371.1520972808472,171.08162158783028,active,2024-02-12
47206,Product_7206_4,electronics,90.76631597845066,371.9763492686034,active,2024-08-09
47207,Product_7207_4,electronics,334.6651125985577,56.37786797925425,pending,2024-12-21
47208,Product_7208_4,books,300.3864307981324,321.55169658991326,active,2024-02-25
47209,Product_7209_4,electronics,11.18239695608322,483.72364720094265,archived,2024-04-02
47210,Product_7210_4,sports,483.59441470279563,488.78841343281425,active,2024-01-16
47211,Product_7211_4,clothing,402.483513820636,396.10720476283353,active,2024-06-28
47212,Product_7212_4,books,177.54017507648652,28.813379540211507,archived,2024-04-01
47213,Product_7213_4,home,475.18834773534576,162.00289714322676,archived,2024-12-11
47214,Product_7214_4,electronics,173.71324529669002,122.53492123475814,active,2024-05-09
47215,Product_7215_4,clothing,570.5755480780213,241.4492549489433,active,2024-09-12
47216,Product_7216_4,electronics,101.70528165001194,493.4561412301692,pending,2024-09-15
47217,Product_7217_4,books,973.2981010223764,482.141372817342,archived,2024-03-27
47218,Product_7218_4,sports,110.28021412626063,242.52667421875978,active,2024-05-16
47219,Product_7219_4,electronics,554.1893373415915,389.2390937848807,pending,2024-08-14
47220,Product_7220_4,sports,877.9194121576704,462.8586546960962,active,2024-07-26
47221,Product_7221_4,home,572.7571540278503,273.9042415839853,active,2024-12-08
47222,Product_7222_4,books,278.8587204830172,112.75231422829216,inactive,2024-04-11
47223,Product_7223_4,books,182.4969188774596,460.5082597867969,archived,2024-12-13
47224,Product_7224_4,home,834.6014011820445,443.7002876864626,active,2024-06-28
47225,Product_7225_4,home,707.3559380057059,366.8101791544533,pending,2024-02-15
47226,Product_7226_4,clothing,209.66611018968416,194.81045396630927,pending,2024-03-23
47227,Product_7227_4,books,614.0854682949181,167.23657227008889,pending,2024-01-28
47228,Product_7228_4,home,884.9291407631572,456.2289523101945,inactive,2024-07-02
47229,Product_7229_4,clothing,400.5066717806195,389.94357060628266,inactive,2024-01-12
47230,Product_7230_4,clothing,588.8823240816289,454.8596955053934,archived,2024-11-18
47231,Product_7231_4,clothing,88.79113152444472,136.58111365849206,active,2024-05-23
47232,Product_7232_4,electronics,64.01309645193943,342.80975852716153,active,2024-12-24
47233,Product_7233_4,books,615.8184689423206,283.11731374528927,active,2024-12-15
47234,Product_7234_4,books,74.00470150559026,238.06943069341852,archived,2024-03-14
47235,Product_7235_4,electronics,598.9353158882147,309.8169820794321,pending,2024-07-17
47236,Product_7236_4,electronics,4.549603340745506,243.8444522367326,inactive,2024-10-10
47237,Product_7237_4,sports,943.3074350518427,468.62568419667963,pending,2024-10-26
47238,Product_7238_4,electronics,546.5799371239962,350.7610897305527,active,2024-11-21
47239,Product_7239_4,sports,556.4307343209441,243.9390936452955,active,2024-12-03
47240,Product_7240_4,books,748.2991193420685,10.408761383440437,pending,2024-05-28
47241,Product_7241_4,books,477.956842035803,230.96160671440865,inactive,2024-09-25
47242,Product_7242_4,electronics,444.85783710908936,53.70189063729568,pending,2024-07-28
47243,Product_7243_4,clothing,927.8574244880383,78.223681934333,active,2024-12-06
47244,Product_7244_4,books,960.7733217073045,179.70576942470345,archived,2024-07-18
47245,Product_7245_4,home,946.8591270523219,115.61968672854192,inactive,2024-07-22
47246,Product_7246_4,clothing,590.8705613273619,179.34027228404088,pending,2024-03-24
47247,Product_7247_4,home,780.6970836994469,71.16845784351028,archived,2024-01-22
47248,Product_7248_4,clothing,404.7140642182182,180.84601906444703,active,2024-07-13
47249,Product_7249_4,sports,425.740471823665,161.89017108691408,inactive,2024-02-04
47250,Product_7250_4,home,42.3704858860106,32.410645440124156,pending,2024-07-07
47251,Product_7251_4,clothing,930.1110299135595,70.8453686160347,active,2024-06-23
47252,Product_7252_4,books,617.4489528666965,409.6896797574569,active,2024-05-05
47253,Product_7253_4,books,30.79109843059729,404.0921501775268,pending,2024-01-27
47254,Product_7254_4,home,312.13005470981966,198.290637153971,inactive,2024-09-01
47255,Product_7255_4,books,570.475529753568,53.43662708934652,pending,2024-05-19
47256,Product_7256_4,clothing,471.24863078919975,293.43055985508363,active,2024-05-11
47257,Product_7257_4,home,168.64843204755988,306.5923140969793,archived,2024-12-17
47258,Product_7258_4,sports,443.1730094861731,305.8370044689996,archived,2024-03-09
47259,Product_7259_4,home,606.3767874846459,132.41799343763626,archived,2024-12-06
47260,Product_7260_4,electronics,95.67342961470614,235.57382138844687,inactive,2024-05-08
47261,Product_7261_4,home,431.95736865164776,13.240194532293433,active,2024-02-27
47262,Product_7262_4,electronics,575.2162571633215,83.17475141184306,active,2024-03-01
47263,Product_7263_4,books,149.86790046214784,343.96618551814174,archived,2024-02-22
47264,Product_7264_4,home,344.5117855987864,369.78227891643854,active,2024-01-03
47265,Product_7265_4,electronics,203.33596615023865,491.5883840696484,archived,2024-06-24
47266,Product_7266_4,clothing,330.32922172598364,124.28582640967142,inactive,2024-08-06
47267,Product_7267_4,sports,262.99940950598864,51.28865737116185,pending,2024-03-23
47268,Product_7268_4,clothing,51.88388578423494,70.13168307902211,inactive,2024-01-06
47269,Product_7269_4,clothing,383.47532929897193,371.804757573646,pending,2024-09-28
47270,Product_7270_4,home,361.9708635747762,58.557480208038,archived,2024-09-02
47271,Product_7271_4,electronics,898.1554994068182,92.12518587753395,inactive,2024-10-20
47272,Product_7272_4,sports,837.5501692728847,77.73337631555792,pending,2024-08-18
47273,Product_7273_4,home,891.3902076463428,86.9911026708845,active,2024-06-06
47274,Product_7274_4,clothing,788.0970497045213,261.9866884371056,archived,2024-11-19
47275,Product_7275_4,sports,329.1464450301411,70.1608596492328,archived,2024-10-13
47276,Product_7276_4,electronics,250.14757323467794,74.25218400849185,active,2024-01-20
47277,Product_7277_4,electronics,553.7088497057854,76.964970673528,archived,2024-12-04
47278,Product_7278_4,sports,404.18829364836455,43.03242887983004,active,2024-11-13
47279,Product_7279_4,sports,559.1415866464175,475.0834956787624,archived,2024-11-15
47280,Product_7280_4,home,930.8759650981336,42.42624888930208,active,2024-11-22
47281,Product_7281_4,books,147.24379269120294,408.7811285405635,pending,2024-10-23
47282,Product_7282_4,clothing,758.2629487184287,284.842837392669,archived,2024-03-20
47283,Product_7283_4,home,497.1695727039371,188.81313148548665,archived,2024-03-23
47284,Product_7284_4,books,645.6088617707481,394.5444460526694,inactive,2024-09-19
47285,Product_7285_4,electronics,113.00767027042485,214.79791529655415,pending,2024-10-15
47286,Product_7286_4,clothing,498.6574717363696,318.49773938254634,inactive,2024-04-21
47287,Product_7287_4,sports,409.23058774493387,236.67120598073612,pending,2024-02-08
47288,Product_7288_4,sports,785.4144005638788,99.55102871020459,pending,2024-08-07
47289,Product_7289_4,sports,337.3536331264873,473.1994138657639,inactive,2024-03-25
47290,Product_7290_4,sports,467.1108805799044,169.42265320849992,archived,2024-02-18
47291,Product_7291_4,books,715.5937876670852,356.45656542305284,active,2024-04-01
47292,Product_7292_4,electronics,292.1058431038284,304.9267180158109,archived,2024-01-03
47293,Product_7293_4,electronics,732.9042404573679,270.65718933786593,inactive,2024-07-24
47294,Product_7294_4,home,413.2340886671291,287.744970601611,pending,2024-08-18
47295,Product_7295_4,sports,489.4430054150486,456.63282389002455,pending,2024-05-12
47296,Product_7296_4,electronics,763.9394251621661,260.42723150865356,inactive,2024-11-19
47297,Product_7297_4,sports,661.0403502857955,38.88238862761648,active,2024-06-24
47298,Product_7298_4,books,690.5963963808541,213.70321555601612,pending,2024-02-08
47299,Product_7299_4,electronics,150.09106596657307,240.13911394710058,pending,2024-06-23
47300,Product_7300_4,electronics,895.7085794861357,265.3255788550987,archived,2024-12-09
47301,Product_7301_4,electronics,273.97957479969904,199.7348703755936,archived,2024-02-08
47302,Product_7302_4,electronics,511.60828451366325,424.29673582792316,archived,2024-06-23
47303,Product_7303_4,electronics,64.84307075286502,142.29684265593224,pending,2024-10-01
47304,Product_7304_4,clothing,918.398553684249,402.1982457516297,inactive,2024-04-14
47305,Product_7305_4,electronics,84.80474803514753,36.358326566188865,active,2024-01-06
47306,Product_7306_4,clothing,219.4189263409048,10.161798998347857,archived,2024-02-15
47307,Product_7307_4,books,288.9753942378015,427.1863535033477,active,2024-05-16
47308,Product_7308_4,sports,577.1278432408026,25.968434761461204,active,2024-07-10
47309,Product_7309_4,sports,690.7699736545094,426.77967340545314,pending,2024-03-08
47310,Product_7310_4,home,672.5493211066272,208.24530925607075,inactive,2024-06-23
47311,Product_7311_4,home,32.0181022526753,294.50008005988144,archived,2024-06-10
47312,Product_7312_4,books,376.5263180274804,44.13544165496784,archived,2024-08-13
47313,Product_7313_4,books,893.3775695496793,275.05481142775614,active,2024-11-01
47314,Product_7314_4,electronics,504.16681539285713,95.66197621785618,inactive,2024-07-06
47315,Product_7315_4,electronics,465.05828133226504,166.23123542995464,archived,2024-06-25
47316,Product_7316_4,clothing,283.8192620128955,460.38568246190886,inactive,2024-09-21
47317,Product_7317_4,home,133.29273191111042,58.56022478795062,inactive,2024-01-11
47318,Product_7318_4,clothing,952.3020911158724,272.48794899414065,archived,2024-05-13
47319,Product_7319_4,home,842.9862258341118,323.2312364100829,inactive,2024-04-25
47320,Product_7320_4,home,558.1410568795853,347.9418431044518,active,2024-03-19
47321,Product_7321_4,books,141.3112339786571,277.23421195375266,active,2024-09-08
47322,Product_7322_4,clothing,748.5906414170893,263.1264244356963,active,2024-07-14
47323,Product_7323_4,books,220.5888126355717,418.82502220940523,inactive,2024-05-07
47324,Product_7324_4,clothing,776.511465682717,272.6706882668419,archived,2024-12-18
47325,Product_7325_4,clothing,11.792190052180025,349.6664093049825,inactive,2024-04-01
47326,Product_7326_4,sports,721.0036945833475,482.9865569039794,inactive,2024-06-12
47327,Product_7327_4,clothing,95.14979397218457,335.756517427128,active,2024-06-04
47328,Product_7328_4,clothing,339.129463905387,473.32164200663027,pending,2024-08-06
47329,Product_7329_4,books,808.3820166153754,94.36236846790851,inactive,2024-05-15
47330,Product_7330_4,electronics,641.9460442525964,227.12834031300457,active,2024-06-20
47331,Product_7331_4,electronics,55.45988876360492,98.63065026272014,pending,2024-03-24
47332,Product_7332_4,clothing,727.5766372278058,67.68418278595541,inactive,2024-09-27
47333,Product_7333_4,home,747.1939995527941,478.9697236334759,inactive,2024-01-23
47334,Product_7334_4,home,648.0308918698307,214.7556366236649,inactive,2024-09-09
47335,Product_7335_4,clothing,548.0060230353669,108.59526620881329,pending,2024-09-10
47336,Product_7336_4,electronics,960.8215797132935,75.07202872588427,active,2024-12-07
47337,Product_7337_4,home,603.1380890233418,91.03196792097046,archived,2024-03-25
47338,Product_7338_4,books,563.5456574122527,118.52479667506006,inactive,2024-03-02
47339,Product_7339_4,clothing,770.3835506925732,94.34502120308856,inactive,2024-03-13
47340,Product_7340_4,clothing,545.5989863181167,227.94069100007286,active,2024-07-12
47341,Product_7341_4,clothing,665.2730745320212,321.24878341469184,inactive,2024-02-05
47342,Product_7342_4,electronics,455.6006647964,467.1270391201438,active,2024-10-07
47343,Product_7343_4,home,563.7403492821416,439.1704075610703,archived,2024-07-15
47344,Product_7344_4,books,452.72277957505133,47.77096689115872,active,2024-12-01
47345,Product_7345_4,sports,605.505672728823,15.578497467063357,archived,2024-02-16
47346,Product_7346_4,sports,706.2254529380635,433.30362992434203,active,2024-10-22
47347,Product_7347_4,books,956.332495742899,356.2926410790205,archived,2024-11-19
47348,Product_7348_4,books,971.1266625259739,34.164315639813736,archived,2024-09-23
47349,Product_7349_4,sports,509.76878740671674,162.15075809995687,archived,2024-06-27
47350,Product_7350_4,clothing,251.20125276394782,200.9575352271639,active,2024-03-19
47351,Product_7351_4,sports,285.648710869567,161.29419123369047,pending,2024-04-24
47352,Product_7352_4,clothing,103.1999528257016,436.0053345952882,pending,2024-11-04
47353,Product_7353_4,clothing,238.7323679627081,462.9951953030313,pending,2024-07-25
47354,Product_7354_4,books,884.3422656208701,418.5008356569443,archived,2024-06-13
47355,Product_7355_4,electronics,397.63577592015866,11.815151834461329,active,2024-03-21
47356,Product_7356_4,sports,38.09154743238309,176.3497616165237,pending,2024-04-25
47357,Product_7357_4,books,953.6447869527141,462.06685505641093,archived,2024-04-23
47358,Product_7358_4,books,220.26163153423985,472.9905357183187,archived,2024-06-11
47359,Product_7359_4,electronics,677.876076020363,418.2396527615856,archived,2024-12-06
47360,Product_7360_4,sports,479.9821783087087,36.002500090774,inactive,2024-02-11
47361,Product_7361_4,books,26.60943169849957,213.3888734012812,archived,2024-10-23
47362,Product_7362_4,clothing,186.66256405430465,329.2045904911888,pending,2024-05-26
47363,Product_7363_4,sports,694.8224622844119,362.7034688700961,inactive,2024-11-03
47364,Product_7364_4,books,143.07678697932192,446.4819612638515,archived,2024-08-03
47365,Product_7365_4,sports,681.9050603587295,282.63062654526124,inactive,2024-07-20
47366,Product_7366_4,home,688.2737290791216,55.11651610215386,active,2024-08-28
47367,Product_7367_4,clothing,963.1235516909366,430.64338417854736,archived,2024-04-15
47368,Product_7368_4,home,192.28989880339174,373.28437895265165,pending,2024-06-05
47369,Product_7369_4,home,432.28381648488227,271.47112818647526,inactive,2024-08-08
47370,Product_7370_4,home,310.09540901915483,174.09055907802778,pending,2024-03-18
47371,Product_7371_4,clothing,265.6627586309162,342.4643206699737,active,2024-04-24
47372,Product_7372_4,clothing,717.837335803226,74.00199671288769,active,2024-06-03
47373,Product_7373_4,home,668.9244575167854,67.93234835120452,inactive,2024-02-11
47374,Product_7374_4,clothing,36.37534565457957,253.2594022661943,active,2024-01-21
47375,Product_7375_4,books,849.2326430672238,41.84253731585467,pending,2024-10-16
47376,Product_7376_4,clothing,515.4316994226085,334.7895061385777,pending,2024-05-08
47377,Product_7377_4,sports,350.66716357591963,241.60441206351803,inactive,2024-09-21
47378,Product_7378_4,home,213.78750576991564,473.84320992886916,active,2024-06-01
47379,Product_7379_4,books,170.0361008106317,498.88487933363865,active,2024-04-01
47380,Product_7380_4,sports,394.3854563654825,336.1997836870108,archived,2024-09-11
47381,Product_7381_4,sports,221.93709126532235,65.90724108976873,pending,2024-09-26
47382,Product_7382_4,sports,314.03042221825694,112.06203185595231,active,2024-07-16
47383,Product_7383_4,home,504.1591127370709,220.50344749268268,pending,2024-01-19
47384,Product_7384_4,books,879.3306072451073,386.32695786530854,pending,2024-06-25
47385,Product_7385_4,clothing,669.6121839984579,63.475541382160905,inactive,2024-03-08
47386,Product_7386_4,electronics,873.9738859210589,216.73533478199104,inactive,2024-08-25
47387,Product_7387_4,home,400.0875322437551,203.03630298291733,active,2024-10-22
47388,Product_7388_4,clothing,826.5241695598162,358.3495798295104,archived,2024-10-28
47389,Product_7389_4,books,189.1249230829015,64.67802500088823,pending,2024-05-04
47390,Product_7390_4,sports,577.148649609845,10.47673505236978,archived,2024-02-15
47391,Product_7391_4,clothing,282.6908666981095,396.81208580027595,archived,2024-05-10
47392,Product_7392_4,clothing,77.86179876485566,340.38140806741916,pending,2024-08-18
47393,Product_7393_4,books,108.26886035868544,69.11430526910085,pending,2024-08-07
47394,Product_7394_4,electronics,795.5748813260312,218.62255945354093,inactive,2024-06-06
47395,Product_7395_4,home,211.98141413056692,311.4614769841556,active,2024-10-07
47396,Product_7396_4,clothing,531.5521317858089,232.13464352088002,pending,2024-06-25
47397,Product_7397_4,home,684.214912304894,35.756221669801505,inactive,2024-03-13
47398,Product_7398_4,clothing,929.1664331649805,58.39878760594909,active,2024-07-02
47399,Product_7399_4,books,402.8608454416469,277.66768588523445,pending,2024-09-22
47400,Product_7400_4,sports,273.5172635067472,12.561328803587875,pending,2024-12-23
47401,Product_7401_4,sports,838.6636715754856,60.38166891794033,inactive,2024-03-05
47402,Product_7402_4,sports,388.3076975859698,27.32846612468237,inactive,2024-12-15
47403,Product_7403_4,home,34.263494890773906,89.3278255279532,inactive,2024-02-02
47404,Product_7404_4,home,495.58905068119196,458.8831334709565,pending,2024-12-18
47405,Product_7405_4,books,637.5331938478556,100.9773449974227,inactive,2024-01-22
47406,Product_7406_4,electronics,711.1754834998898,314.67835354894027,pending,2024-02-07
47407,Product_7407_4,clothing,146.9822830222967,216.28969767520974,active,2024-06-20
47408,Product_7408_4,electronics,192.07390238745165,221.23135694309522,pending,2024-12-25
47409,Product_7409_4,books,911.8551245150355,343.68780673712604,inactive,2024-10-08
47410,Product_7410_4,clothing,665.4971518150826,87.76395186634858,active,2024-02-27
47411,Product_7411_4,clothing,505.4149379324524,157.96106910147773,archived,2024-01-06
47412,Product_7412_4,home,122.02726907495153,182.17614660606145,archived,2024-10-03
47413,Product_7413_4,books,821.3088516167205,273.88385092326416,inactive,2024-01-01
47414,Product_7414_4,sports,327.66257077082383,53.79668321508405,inactive,2024-06-27
47415,Product_7415_4,sports,559.5220884856702,180.71893122583663,archived,2024-12-17
47416,Product_7416_4,home,26.6628124205044,485.58434085023504,pending,2024-08-22
47417,Product_7417_4,sports,114.59949056596929,81.63091465608429,inactive,2024-05-01
47418,Product_7418_4,electronics,638.7142615876479,50.966767329335646,pending,2024-02-08
47419,Product_7419_4,clothing,930.9481980376426,414.14714520557067,pending,2024-08-25
47420,Product_7420_4,clothing,746.7869089793209,386.05697401777246,active,2024-11-15
47421,Product_7421_4,home,422.8924318024324,148.53702101077454,archived,2024-09-15
47422,Product_7422_4,sports,12.816755176008261,424.8301127154883,archived,2024-04-08
47423,Product_7423_4,home,543.9280649744463,429.9201427098358,archived,2024-08-26
47424,Product_7424_4,home,223.2137334203315,226.02420084545284,pending,2024-04-15
47425,Product_7425_4,electronics,803.5778145352432,125.60679885540299,pending,2024-12-08
47426,Product_7426_4,electronics,345.25970594998904,420.72718428650023,active,2024-12-08
47427,Product_7427_4,books,175.46643017660392,45.30584292284109,inactive,2024-02-05
47428,Product_7428_4,electronics,248.965117034478,93.50127466415096,archived,2024-11-26
47429,Product_7429_4,books,831.6156286237207,84.70108584676372,pending,2024-08-28
47430,Product_7430_4,clothing,233.78831672773103,274.8288672997334,inactive,2024-11-21
47431,Product_7431_4,clothing,134.6045067400132,276.48624235972204,pending,2024-12-17
47432,Product_7432_4,books,304.8792237738139,345.2740223328329,inactive,2024-01-12
47433,Product_7433_4,home,173.28805302484716,48.70113837488019,pending,2024-02-16
47434,Product_7434_4,electronics,543.6058166358711,27.819362624426617,inactive,2024-06-09
47435,Product_7435_4,clothing,761.4583187741242,109.6929127332542,active,2024-06-14
47436,Product_7436_4,home,785.70380973375,141.08887423793902,pending,2024-03-15
47437,Product_7437_4,electronics,78.6443297927706,455.54350486329776,inactive,2024-07-15
47438,Product_7438_4,sports,490.1136043653363,104.9174719108143,archived,2024-11-19
47439,Product_7439_4,clothing,562.6107006449243,271.83713034553045,active,2024-09-10
47440,Product_7440_4,sports,311.3783054900992,437.83839595801965,active,2024-07-27
47441,Product_7441_4,home,411.620672629268,357.12578691490785,pending,2024-08-16
47442,Product_7442_4,clothing,398.9917589556932,259.95869643992717,pending,2024-11-05
47443,Product_7443_4,sports,876.0027900415489,334.1875708640488,archived,2024-12-27
47444,Product_7444_4,clothing,533.1766170033769,377.9592018740201,inactive,2024-12-21
47445,Product_7445_4,books,881.0138997421138,139.7872081959132,active,2024-02-18
47446,Product_7446_4,books,832.8070343166858,17.09075617039699,inactive,2024-08-06
47447,Product_7447_4,sports,676.3139374599871,495.0734183993507,pending,2024-10-01
47448,Product_7448_4,home,591.2415422092758,306.78429310070237,active,2024-04-07
47449,Product_7449_4,electronics,187.6205011444212,277.30142732653616,inactive,2024-03-26
47450,Product_7450_4,clothing,320.65054475320204,179.60851817623515,inactive,2024-06-10
47451,Product_7451_4,sports,338.3438361363124,109.72228244261994,archived,2024-10-19
47452,Product_7452_4,sports,106.9719884354724,30.81575853717657,active,2024-04-12
47453,Product_7453_4,clothing,729.2823210916553,79.5998946218893,archived,2024-06-05
47454,Product_7454_4,clothing,209.25535442695758,96.51026656190814,archived,2024-12-08
47455,Product_7455_4,books,216.66389927931127,59.73584151810317,active,2024-05-03
47456,Product_7456_4,books,356.1846748193572,460.71761129738417,archived,2024-03-02
47457,Product_7457_4,sports,262.5424930080855,134.2097402321554,active,2024-12-28
47458,Product_7458_4,books,125.58975771076989,362.22687336481283,inactive,2024-02-26
47459,Product_7459_4,books,725.7952849479803,171.14257384776502,inactive,2024-08-05
47460,Product_7460_4,home,336.9472427080611,318.91689653799585,active,2024-06-01
47461,Product_7461_4,home,486.28069489554525,391.7560297958215,archived,2024-05-13
47462,Product_7462_4,sports,62.87373828721299,489.99950033517945,active,2024-02-04
47463,Product_7463_4,electronics,207.47466644158447,249.7307042090124,archived,2024-01-11
47464,Product_7464_4,electronics,770.5006254142625,229.4286319838051,archived,2024-11-28
47465,Product_7465_4,clothing,381.55207903180195,205.5644628332802,inactive,2024-04-08
47466,Product_7466_4,home,943.1151601530548,383.4982403658904,pending,2024-07-15
47467,Product_7467_4,clothing,902.4891835617699,291.6192708169034,archived,2024-07-17
47468,Product_7468_4,sports,263.1935609216777,455.0042234841942,pending,2024-06-24
47469,Product_7469_4,clothing,752.7486194098814,314.595693352688,inactive,2024-07-01
47470,Product_7470_4,sports,177.0155997378644,216.74827584087137,archived,2024-02-20
47471,Product_7471_4,books,368.18282196829375,17.924165309346506,active,2024-03-20
47472,Product_7472_4,home,504.68590467391147,186.19481076029174,archived,2024-05-16
47473,Product_7473_4,books,514.7464149418038,353.62084712998,archived,2024-09-11
47474,Product_7474_4,clothing,950.3530690264439,256.3417326685244,active,2024-02-19
47475,Product_7475_4,sports,280.46583192744436,236.3072692572216,pending,2024-11-08
47476,Product_7476_4,electronics,203.5623734072327,405.4151026295564,active,2024-09-17
47477,Product_7477_4,home,494.2278226202628,246.81074349713933,active,2024-06-06
47478,Product_7478_4,sports,900.1849114619691,89.02632074030876,active,2024-07-23
47479,Product_7479_4,electronics,71.67407855802158,187.811582382783,inactive,2024-12-05
47480,Product_7480_4,home,449.0266262771598,240.73171480138095,pending,2024-11-20
47481,Product_7481_4,home,703.9581971135574,450.95797918955316,inactive,2024-02-26
47482,Product_7482_4,electronics,612.0406151263978,138.6438398289803,pending,2024-08-06
47483,Product_7483_4,home,44.219778460737125,264.8710619826911,archived,2024-09-23
47484,Product_7484_4,books,199.96393632505016,103.37324975336318,active,2024-09-03
47485,Product_7485_4,home,141.86753947334162,321.6294048074973,active,2024-04-11
47486,Product_7486_4,electronics,676.0151412534768,214.06884205207888,pending,2024-08-16
47487,Product_7487_4,electronics,318.51079405707077,139.95434638074076,active,2024-01-10
47488,Product_7488_4,clothing,842.0400126251031,323.50289327909536,archived,2024-05-05
47489,Product_7489_4,clothing,419.6787654061518,165.36706389117026,archived,2024-11-25
47490,Product_7490_4,home,367.29007485676607,482.1618926972827,inactive,2024-10-25
47491,Product_7491_4,clothing,218.3806277288885,340.221726706545,inactive,2024-04-13
47492,Product_7492_4,home,476.8800593658495,351.09657320060813,active,2024-02-07
47493,Product_7493_4,electronics,964.3778351338291,242.56826902517014,archived,2024-04-23
47494,Product_7494_4,home,692.6094372092167,100.19597231689535,inactive,2024-04-28
47495,Product_7495_4,clothing,350.8600300232882,427.173285839443,archived,2024-06-15
47496,Product_7496_4,books,739.7880226457314,382.8916770571556,archived,2024-09-26
47497,Product_7497_4,sports,294.15430656023364,67.59443555147513,inactive,2024-01-05
47498,Product_7498_4,home,858.1797483424936,93.8863682151633,inactive,2024-12-25
47499,Product_7499_4,home,817.5125380088875,356.2369506126791,active,2024-08-04
47500,Product_7500_4,home,62.772031915170004,491.87978994611376,active,2024-04-18
47501,Product_7501_4,books,355.87097855926186,470.464588768423,archived,2024-10-28
47502,Product_7502_4,books,342.92446168074105,472.68896966700083,archived,2024-08-21
47503,Product_7503_4,sports,542.7820924428253,138.0246966989386,inactive,2024-02-28
47504,Product_7504_4,books,253.01109209286514,438.5372357246573,archived,2024-12-16
47505,Product_7505_4,sports,821.8683094693004,453.3222598941089,archived,2024-11-03
47506,Product_7506_4,sports,294.2091434072589,458.7813021732986,pending,2024-12-01
47507,Product_7507_4,sports,813.9694574022615,271.1959606211257,inactive,2024-01-04
47508,Product_7508_4,clothing,578.8494697037189,484.842737429844,pending,2024-08-15
47509,Product_7509_4,home,708.8362928503833,30.014697670281457,active,2024-11-27
47510,Product_7510_4,electronics,458.8968816084791,263.9431204755149,inactive,2024-09-12
47511,Product_7511_4,clothing,727.761618441622,273.1535019569949,pending,2024-05-27
47512,Product_7512_4,electronics,921.6135718374259,378.004428308432,pending,2024-10-08
47513,Product_7513_4,electronics,99.24783114333123,156.57022572095912,inactive,2024-07-27
47514,Product_7514_4,electronics,355.1834851488248,141.2388589562198,active,2024-05-08
47515,Product_7515_4,home,745.8768111994601,243.1227638806676,active,2024-11-03
47516,Product_7516_4,electronics,844.3468274386468,146.04444887945385,active,2024-07-25
47517,Product_7517_4,sports,447.20626684671356,38.33538318571859,pending,2024-02-04
47518,Product_7518_4,books,784.0715000172157,297.99320504652854,archived,2024-03-02
47519,Product_7519_4,books,933.394105113478,392.9235755547741,active,2024-06-12
47520,Product_7520_4,books,117.73366526099376,342.1135459614222,pending,2024-06-03
47521,Product_7521_4,home,610.0287786525834,184.67066484795598,active,2024-09-11
47522,Product_7522_4,clothing,891.5528076548363,15.126664107523862,archived,2024-04-11
47523,Product_7523_4,books,391.08116971469457,67.67410142807796,pending,2024-06-09
47524,Product_7524_4,home,944.0781060305261,432.2098352224145,inactive,2024-11-15
47525,Product_7525_4,books,468.0143364933901,358.19862135018656,inactive,2024-07-12
47526,Product_7526_4,clothing,574.1008173980717,45.48117915679807,inactive,2024-04-01
47527,Product_7527_4,clothing,412.30073691487013,99.37222334353211,pending,2024-06-19
47528,Product_7528_4,sports,633.0314961527811,398.6915940777524,archived,2024-12-14
47529,Product_7529_4,books,886.0874699091579,107.7669072360714,active,2024-11-13
47530,Product_7530_4,clothing,971.5397699048337,68.74658641642583,active,2024-09-25
47531,Product_7531_4,clothing,979.7898594215991,212.83104111935103,pending,2024-02-11
47532,Product_7532_4,clothing,950.4497352276206,381.88683897019433,archived,2024-04-22
47533,Product_7533_4,home,314.25434772008504,294.1909358090032,pending,2024-04-26
47534,Product_7534_4,electronics,533.9851975485617,160.51615647266843,active,2024-02-11
47535,Product_7535_4,electronics,974.6717394363234,57.732264031928395,pending,2024-06-04
47536,Product_7536_4,home,952.3127069768975,28.03265620743823,archived,2024-05-17
47537,Product_7537_4,sports,728.9223232871586,476.13895131461544,active,2024-07-27
47538,Product_7538_4,sports,609.2142395920841,471.2792371048835,archived,2024-02-22
47539,Product_7539_4,electronics,262.024693617679,381.56473424591024,pending,2024-06-06
47540,Product_7540_4,sports,358.9150486254899,381.92786710570556,active,2024-07-02
47541,Product_7541_4,home,914.4778932274938,357.9416743911906,inactive,2024-09-05
47542,Product_7542_4,books,793.6842453731913,439.88864700306857,inactive,2024-10-18
47543,Product_7543_4,home,489.8580025105279,335.3220269783324,active,2024-06-15
47544,Product_7544_4,sports,745.1751127041666,14.366638276358117,active,2024-06-18
47545,Product_7545_4,books,422.8115962336367,457.2450726804112,archived,2024-06-22
47546,Product_7546_4,books,663.4441386776892,25.39987717670829,archived,2024-07-18
47547,Product_7547_4,sports,362.1160686179525,187.3067759488762,inactive,2024-12-02
47548,Product_7548_4,books,169.53192719814598,444.7251641868093,inactive,2024-03-19
47549,Product_7549_4,clothing,155.23522189458544,226.94413930073543,inactive,2024-11-08
47550,Product_7550_4,books,90.34460674060878,388.0393835097108,pending,2024-06-03
47551,Product_7551_4,books,350.87177978696263,289.81972742376354,inactive,2024-07-15
47552,Product_7552_4,books,582.5738991767536,386.01266472643937,active,2024-07-12
47553,Product_7553_4,home,588.7651977271672,98.79226762506812,active,2024-06-05
47554,Product_7554_4,home,970.5307950555442,255.0625550586568,active,2024-08-04
47555,Product_7555_4,books,834.539996182169,305.9431806163779,inactive,2024-07-12
47556,Product_7556_4,electronics,611.1870650960603,250.3723514156183,archived,2024-05-21
47557,Product_7557_4,books,102.2825221571112,271.6042514228056,active,2024-04-28
47558,Product_7558_4,clothing,430.1077999941317,163.57035926535687,pending,2024-01-02
47559,Product_7559_4,clothing,827.7427199201273,39.24135121372741,inactive,2024-01-11
47560,Product_7560_4,home,352.83488190746084,212.54313621310584,archived,2024-01-05
47561,Product_7561_4,electronics,918.3418098182577,293.31832184327436,archived,2024-12-16
47562,Product_7562_4,home,143.90532404107918,247.91059877710555,archived,2024-01-10
47563,Product_7563_4,clothing,4.411783179713031,236.8452648175012,pending,2024-12-19
47564,Product_7564_4,electronics,809.870754283145,173.8596910547599,inactive,2024-12-08
47565,Product_7565_4,clothing,31.552063538983205,295.65482394398117,inactive,2024-09-20
47566,Product_7566_4,electronics,914.5912234076064,309.1854388462446,inactive,2024-07-23
47567,Product_7567_4,books,179.4940125151375,166.76723708656337,pending,2024-08-08
47568,Product_7568_4,clothing,511.2126810185958,475.8443177390631,active,2024-10-09
47569,Product_7569_4,sports,409.5575607365168,338.64970685376534,archived,2024-01-15
47570,Product_7570_4,electronics,731.7981231984949,83.7133027853102,active,2024-08-22
47571,Product_7571_4,electronics,139.57296984964412,295.34128715888914,inactive,2024-08-26
47572,Product_7572_4,home,25.021066965726106,71.27882598561297,active,2024-03-04
47573,Product_7573_4,books,603.572727224764,387.88023993510234,archived,2024-09-23
47574,Product_7574_4,sports,488.8619847515573,266.95270647801755,pending,2024-01-16
47575,Product_7575_4,electronics,178.3431936732491,27.157151434335812,inactive,2024-06-14
47576,Product_7576_4,sports,861.0158690040438,232.50474091430942,inactive,2024-12-24
47577,Product_7577_4,home,290.1036468371366,197.88798421578906,pending,2024-06-24
47578,Product_7578_4,home,368.7828374173946,351.41713493993797,inactive,2024-03-18
47579,Product_7579_4,books,442.22363493387763,330.7791475280061,active,2024-06-26
47580,Product_7580_4,home,320.8964626668698,196.9082107088712,active,2024-09-13
47581,Product_7581_4,clothing,885.6084786497876,486.6256175875679,archived,2024-06-23
47582,Product_7582_4,clothing,85.8402876472712,330.1210604546918,inactive,2024-03-04
47583,Product_7583_4,sports,204.0558964274465,211.87756147950478,active,2024-08-20
47584,Product_7584_4,sports,331.58169956969607,59.44335924890966,archived,2024-12-03
47585,Product_7585_4,clothing,935.5988441653268,144.91246501879218,inactive,2024-08-22
47586,Product_7586_4,books,962.4244092229159,116.42965241112172,inactive,2024-06-28
47587,Product_7587_4,books,471.7944351788578,465.61806599301724,pending,2024-07-10
47588,Product_7588_4,clothing,258.8850454032797,208.15538721165365,pending,2024-12-12
47589,Product_7589_4,home,871.7076242598564,152.08910177784017,active,2024-12-10
47590,Product_7590_4,sports,465.8544993705563,214.6364041935506,archived,2024-09-08
47591,Product_7591_4,home,891.5736014777347,286.6938240778779,pending,2024-11-23
47592,Product_7592_4,sports,164.9528555525776,296.43729574284106,archived,2024-05-07
47593,Product_7593_4,books,417.1780703360065,370.82071168850894,archived,2024-11-09
47594,Product_7594_4,home,600.9459413309726,247.66036950564236,active,2024-12-25
47595,Product_7595_4,books,121.65810884503048,34.586600321853666,inactive,2024-09-03
47596,Product_7596_4,sports,320.4769331842408,348.60616112532443,active,2024-07-24
47597,Product_7597_4,home,842.0764973174714,401.1515477850131,active,2024-10-08
47598,Product_7598_4,electronics,664.541740345868,222.72078875581397,active,2024-12-22
47599,Product_7599_4,books,379.9893778432221,471.41020612533987,archived,2024-11-20
47600,Product_7600_4,home,900.9609624043156,317.9991890743516,pending,2024-06-06
47601,Product_7601_4,home,262.27359748909487,353.23623468049743,active,2024-11-10
47602,Product_7602_4,books,460.83838192295957,257.2990037175257,active,2024-05-21
47603,Product_7603_4,home,761.3084987448697,27.208467287487238,inactive,2024-09-02
47604,Product_7604_4,electronics,826.7330853624399,276.82169100230163,pending,2024-09-06
47605,Product_7605_4,electronics,942.2341811318025,429.50539661821847,archived,2024-06-06
47606,Product_7606_4,books,664.908084808414,473.4248189003349,active,2024-11-10
47607,Product_7607_4,electronics,70.47353249979794,292.23395290927726,pending,2024-07-08
47608,Product_7608_4,home,800.6031167570634,339.4274309356039,pending,2024-08-03
47609,Product_7609_4,electronics,448.8738577314633,496.4239778290583,archived,2024-01-20
47610,Product_7610_4,home,478.4350302750825,53.99520536828591,archived,2024-05-12
47611,Product_7611_4,sports,895.0084900178176,206.4160954038231,pending,2024-07-07
47612,Product_7612_4,electronics,394.0232660965004,100.33335613696097,inactive,2024-06-09
47613,Product_7613_4,books,413.95567029738527,133.96088905113814,archived,2024-12-07
47614,Product_7614_4,books,469.79854488823815,44.93183827728436,pending,2024-07-09
47615,Product_7615_4,sports,484.06628616075506,34.602738086490604,pending,2024-11-21
47616,Product_7616_4,clothing,382.6624156868842,358.5317060897289,archived,2024-01-12
47617,Product_7617_4,electronics,517.4864502129286,268.5072017542739,inactive,2024-09-14
47618,Product_7618_4,clothing,637.0567528672487,340.3427251890493,inactive,2024-07-01
47619,Product_7619_4,clothing,451.9067744647465,170.9082414590343,archived,2024-08-10
47620,Product_7620_4,sports,308.1499507358211,256.84249402504565,inactive,2024-01-11
47621,Product_7621_4,clothing,770.3864273975848,309.59049072541166,inactive,2024-09-05
47622,Product_7622_4,electronics,628.9332050167624,364.7804196708802,pending,2024-03-17
47623,Product_7623_4,clothing,722.854942812419,421.44579005666236,active,2024-03-20
47624,Product_7624_4,electronics,514.8899142807057,419.29219273423325,archived,2024-05-20
47625,Product_7625_4,books,688.532565878749,209.62634423232504,archived,2024-12-19
47626,Product_7626_4,clothing,385.1632899766308,272.22766583288427,inactive,2024-02-16
47627,Product_7627_4,clothing,281.3485281824687,318.26861454667545,active,2024-03-24
47628,Product_7628_4,sports,595.8208671726287,294.6296656938576,pending,2024-02-06
47629,Product_7629_4,clothing,842.0232306746216,354.2433912604768,archived,2024-08-17
47630,Product_7630_4,sports,715.1576515115408,377.79605471772976,pending,2024-09-09
47631,Product_7631_4,books,876.0707309217795,222.30701973512814,active,2024-11-08
47632,Product_7632_4,sports,714.2403137109534,280.4290058014313,inactive,2024-10-01
47633,Product_7633_4,sports,508.5762531476215,438.74855093649865,inactive,2024-01-22
47634,Product_7634_4,electronics,904.793172718502,114.13152783278433,pending,2024-02-07
47635,Product_7635_4,sports,614.9999509174567,453.25498157718124,pending,2024-10-03
47636,Product_7636_4,electronics,339.6875043830429,376.1407666908118,active,2024-07-18
47637,Product_7637_4,home,510.0278847363012,40.30760542184298,archived,2024-06-05
47638,Product_7638_4,books,382.70852484338883,203.98270211730033,pending,2024-12-19
47639,Product_7639_4,clothing,223.39417334965052,302.74328839927705,active,2024-01-08
47640,Product_7640_4,clothing,582.3569537462081,57.639671058212315,inactive,2024-01-18
47641,Product_7641_4,books,534.0313939182795,238.70672106363097,inactive,2024-07-10
47642,Product_7642_4,books,896.1055437330018,261.25054188092747,inactive,2024-06-09
47643,Product_7643_4,home,493.78104053288405,470.7945127807956,pending,2024-07-08
47644,Product_7644_4,books,262.9279175205422,344.5284657219655,inactive,2024-02-26
47645,Product_7645_4,electronics,116.1815880419971,16.62193676774745,active,2024-04-22
47646,Product_7646_4,clothing,763.0118017653646,390.9904519524796,inactive,2024-08-25
47647,Product_7647_4,sports,663.7819175231591,235.5226721500558,inactive,2024-02-17
47648,Product_7648_4,electronics,877.1561615971806,491.87286946024216,archived,2024-03-03
47649,Product_7649_4,books,728.755663679012,327.8083638607232,pending,2024-12-08
47650,Product_7650_4,books,684.2021299497899,161.77242983092611,pending,2024-11-03
47651,Product_7651_4,sports,598.8102366713247,486.4350531195791,archived,2024-05-27
47652,Product_7652_4,home,625.5138124974048,335.83221840767527,inactive,2024-05-10
47653,Product_7653_4,electronics,134.2966650731371,252.7633903507194,active,2024-02-09
47654,Product_7654_4,clothing,332.7803839906421,486.6284673464486,archived,2024-02-20
47655,Product_7655_4,books,871.3248666987685,430.74063668262255,archived,2024-01-23
47656,Product_7656_4,sports,48.016259732181844,486.3660097303289,active,2024-09-24
47657,Product_7657_4,home,151.2208217258551,83.55777067917859,archived,2024-03-08
47658,Product_7658_4,sports,209.45975329081787,328.4271298317326,pending,2024-01-26
47659,Product_7659_4,electronics,49.06167379650347,55.238442136664034,inactive,2024-10-26
47660,Product_7660_4,sports,658.5189493863729,97.60707191537257,archived,2024-11-26
47661,Product_7661_4,electronics,457.1913082712038,407.61940245892333,inactive,2024-12-22
47662,Product_7662_4,clothing,465.48385203459856,439.1859186163645,active,2024-09-16
47663,Product_7663_4,electronics,245.80950350547818,173.86962368254467,active,2024-08-26
47664,Product_7664_4,clothing,250.23714783724554,335.59795295824927,active,2024-03-15
47665,Product_7665_4,clothing,588.0849179799037,96.50299049168598,archived,2024-05-25
47666,Product_7666_4,books,340.86689515190636,340.9000401106221,inactive,2024-06-06
47667,Product_7667_4,electronics,850.962133863421,494.6967050955728,archived,2024-06-24
47668,Product_7668_4,sports,922.3053392352967,382.6769391494422,archived,2024-09-11
47669,Product_7669_4,books,613.3829316827128,404.8630297691679,pending,2024-02-08
47670,Product_7670_4,sports,967.7863181979629,86.64795068758458,inactive,2024-11-27
47671,Product_7671_4,electronics,726.985612674889,455.7872064869063,inactive,2024-07-12
47672,Product_7672_4,sports,849.8645674180958,423.9707763969235,pending,2024-07-24
47673,Product_7673_4,books,692.5472650474709,149.2159362363059,active,2024-10-28
47674,Product_7674_4,sports,53.69492237550027,409.8996286049788,archived,2024-02-25
47675,Product_7675_4,books,287.4854297877805,433.87518181316153,pending,2024-12-17
47676,Product_7676_4,home,466.6191216890044,270.9393147391872,active,2024-09-01
47677,Product_7677_4,clothing,703.3004171033174,188.68495732859841,inactive,2024-08-09
47678,Product_7678_4,clothing,755.4236355239599,129.19567020100868,archived,2024-01-13
47679,Product_7679_4,books,503.6338204005362,487.262255458416,active,2024-01-06
47680,Product_7680_4,sports,362.7998218884315,239.33717119938356,pending,2024-11-10
47681,Product_7681_4,sports,364.2193899552255,134.50165204594396,pending,2024-04-14
47682,Product_7682_4,home,911.3403461172842,237.94845629864585,inactive,2024-03-22
47683,Product_7683_4,clothing,478.0073231786827,353.8337888674394,archived,2024-01-21
47684,Product_7684_4,home,775.8955856615622,39.57566835670775,archived,2024-02-08
47685,Product_7685_4,home,894.6924097963741,337.39048712501454,active,2024-11-23
47686,Product_7686_4,books,250.2045689852003,27.525805217276293,active,2024-12-03
47687,Product_7687_4,home,209.32448144941387,499.609769337886,inactive,2024-09-26
47688,Product_7688_4,sports,27.61336501402358,347.1136861056667,pending,2024-09-19
47689,Product_7689_4,home,8.952055065236756,337.2884282646573,pending,2024-02-09
47690,Product_7690_4,clothing,252.31458844063079,254.88276634594305,pending,2024-09-04
47691,Product_7691_4,books,708.3123742073234,45.47557640223575,active,2024-05-05
47692,Product_7692_4,sports,406.93132558192167,275.53025940444735,active,2024-12-03
47693,Product_7693_4,electronics,271.18125481871,218.16249879945528,pending,2024-10-08
47694,Product_7694_4,sports,313.16881983443636,107.5588726404067,archived,2024-03-22
47695,Product_7695_4,clothing,713.7792693809396,65.8434778783955,archived,2024-10-19
47696,Product_7696_4,books,115.23946157600926,271.10885335002854,active,2024-01-14
47697,Product_7697_4,home,311.4519505687354,88.29305289119229,pending,2024-05-25
47698,Product_7698_4,home,294.52594185820686,158.57742516745841,pending,2024-09-12
47699,Product_7699_4,sports,534.7368176886802,400.6828620875103,active,2024-03-14
47700,Product_7700_4,clothing,793.2865384506176,326.7918651594765,inactive,2024-08-18
47701,Product_7701_4,home,437.13670083920204,441.18218086947536,active,2024-01-26
47702,Product_7702_4,home,224.14751295605234,420.2043692811302,active,2024-08-16
47703,Product_7703_4,sports,362.3619683381795,485.020045414257,archived,2024-11-17
47704,Product_7704_4,clothing,552.2362221972706,444.0198238597356,active,2024-03-18
47705,Product_7705_4,electronics,668.9224800798899,184.61966689422388,pending,2024-04-26
47706,Product_7706_4,electronics,448.6751050013843,367.1408801470071,archived,2024-02-07
47707,Product_7707_4,books,569.8782833859473,414.630417313943,archived,2024-12-22
47708,Product_7708_4,sports,851.9120440585183,348.1344437395746,active,2024-10-06
47709,Product_7709_4,clothing,708.3878057274857,495.92846328758344,pending,2024-11-28
47710,Product_7710_4,books,859.5834871611801,466.0713521115222,archived,2024-11-16
47711,Product_7711_4,sports,63.051341943063896,372.97807599389,active,2024-11-07
47712,Product_7712_4,electronics,723.2546763644824,94.44001273695858,inactive,2024-04-11
47713,Product_7713_4,electronics,969.1105454216024,472.5428123335501,inactive,2024-10-19
47714,Product_7714_4,books,984.8405984729883,318.0770088053715,archived,2024-08-12
47715,Product_7715_4,electronics,290.7786754682596,433.6563837971084,pending,2024-03-05
47716,Product_7716_4,books,134.75244854841142,315.62366779449155,active,2024-07-01
47717,Product_7717_4,sports,11.524994936842063,314.4779342985967,inactive,2024-05-26
47718,Product_7718_4,sports,423.2485194763582,157.9006233472975,archived,2024-06-01
47719,Product_7719_4,sports,853.6919359081301,405.5913691178474,active,2024-09-18
47720,Product_7720_4,home,624.0363270426308,151.92272781872603,archived,2024-06-04
47721,Product_7721_4,books,730.6553270776034,432.02416530967275,inactive,2024-02-15
47722,Product_7722_4,sports,863.9628165011818,28.565008664921024,archived,2024-05-19
47723,Product_7723_4,home,804.6225034301667,254.58358194758426,inactive,2024-01-20
47724,Product_7724_4,home,524.6582477081362,223.63696524088888,active,2024-03-22
47725,Product_7725_4,clothing,29.44100045299152,170.26787039425753,active,2024-03-13
47726,Product_7726_4,electronics,374.3839754552391,140.87897627475581,active,2024-03-14
47727,Product_7727_4,home,176.8256298899525,117.71708142718036,inactive,2024-08-01
47728,Product_7728_4,electronics,236.94077598495133,495.21878268928725,inactive,2024-11-10
47729,Product_7729_4,sports,715.1740234005489,215.21127096707525,archived,2024-11-10
47730,Product_7730_4,sports,723.3304143253077,275.25680564195886,inactive,2024-11-05
47731,Product_7731_4,electronics,531.0629412790289,280.3941325153475,inactive,2024-09-28
47732,Product_7732_4,clothing,485.42234131018546,381.24838773070917,pending,2024-11-14
47733,Product_7733_4,books,620.902964508692,279.9806019092038,inactive,2024-08-24
47734,Product_7734_4,clothing,330.56721971770116,254.17537197206724,inactive,2024-10-14
47735,Product_7735_4,books,672.1184626038786,276.41818223945234,archived,2024-03-15
47736,Product_7736_4,books,675.7005458229248,302.9390695515896,inactive,2024-12-10
47737,Product_7737_4,home,841.9419656654694,188.0639945593251,active,2024-01-15
47738,Product_7738_4,home,878.5572384979224,29.507273545069445,archived,2024-04-16
47739,Product_7739_4,clothing,153.85667385049828,467.36963666277575,archived,2024-04-14
47740,Product_7740_4,home,457.8478152261877,100.09296420994946,pending,2024-07-08
47741,Product_7741_4,electronics,907.8334413083677,31.145512659804208,pending,2024-04-19
47742,Product_7742_4,home,875.9277355560474,147.5581336660022,pending,2024-08-25
47743,Product_7743_4,books,897.7239536895122,247.11296633447665,inactive,2024-08-17
47744,Product_7744_4,clothing,679.4196767592483,385.21147304741817,inactive,2024-10-14
47745,Product_7745_4,home,592.3352606306465,64.16101809230085,active,2024-02-19
47746,Product_7746_4,books,229.50612355221728,212.7341593063136,archived,2024-02-24
47747,Product_7747_4,home,981.9580888706747,13.101928639092213,archived,2024-12-16
47748,Product_7748_4,electronics,968.86621476786,131.77532829589086,archived,2024-10-28
47749,Product_7749_4,electronics,25.59357827953093,117.21863226954088,archived,2024-09-28
47750,Product_7750_4,sports,806.3294914151294,184.80151192553797,active,2024-02-20
47751,Product_7751_4,sports,334.16334254908827,476.2272174442827,pending,2024-02-16
47752,Product_7752_4,electronics,264.82266044399876,222.83906771419964,archived,2024-01-27
47753,Product_7753_4,clothing,792.9212862233296,456.2257832132948,pending,2024-09-22
47754,Product_7754_4,sports,789.7360722335058,79.02133079145732,archived,2024-03-01
47755,Product_7755_4,home,229.85075437982096,157.33012009838055,archived,2024-04-27
47756,Product_7756_4,home,215.52300114607266,174.04856345527708,inactive,2024-01-21
47757,Product_7757_4,home,912.1889667051026,359.43026946123825,inactive,2024-07-12
47758,Product_7758_4,sports,350.92971965677344,197.97587517840762,pending,2024-06-07
47759,Product_7759_4,books,529.2955992361583,212.6678768436076,archived,2024-09-23
47760,Product_7760_4,books,429.07136236995495,88.22814204407685,inactive,2024-06-04
47761,Product_7761_4,electronics,494.3873721533883,310.64053693125095,archived,2024-01-28
47762,Product_7762_4,books,362.7532623641274,164.03504693903193,archived,2024-10-06
47763,Product_7763_4,books,858.2467493425399,59.48281686297748,archived,2024-01-16
47764,Product_7764_4,clothing,519.6942666376352,404.3230672796192,archived,2024-12-09
47765,Product_7765_4,clothing,349.6135424794496,372.4834381800265,archived,2024-03-17
47766,Product_7766_4,books,123.38937726933061,403.78887945301625,inactive,2024-12-18
47767,Product_7767_4,sports,385.9068189745734,107.74032252380559,inactive,2024-02-15
47768,Product_7768_4,electronics,18.625569253182057,408.9573165134536,active,2024-02-04
47769,Product_7769_4,sports,466.0465576002586,298.1797436896122,archived,2024-04-21
47770,Product_7770_4,electronics,751.3666752501503,42.64143391720347,inactive,2024-07-13
47771,Product_7771_4,clothing,917.6072627264859,44.7663972335776,pending,2024-10-16
47772,Product_7772_4,home,374.44226674845726,300.5471127678859,inactive,2024-04-05
47773,Product_7773_4,books,241.13488576299727,493.3930521167771,inactive,2024-12-08
47774,Product_7774_4,electronics,31.957418464161403,459.4415591085821,archived,2024-01-22
47775,Product_7775_4,books,729.4913819937028,116.36176082144858,active,2024-01-25
47776,Product_7776_4,books,809.4795507898062,194.32976152231345,archived,2024-04-14
47777,Product_7777_4,home,544.7968194999925,177.10742261968068,active,2024-08-21
47778,Product_7778_4,electronics,508.0742201512473,435.4495958792302,active,2024-05-18
47779,Product_7779_4,sports,243.49305042506273,467.3083436249893,pending,2024-06-06
47780,Product_7780_4,electronics,831.2296425505939,216.34876238210464,pending,2024-03-24
47781,Product_7781_4,sports,775.0089453333529,157.36509331193,active,2024-08-25
47782,Product_7782_4,sports,338.97885582292906,38.45724834988527,inactive,2024-04-17
47783,Product_7783_4,electronics,919.2657344701216,382.9981844374394,active,2024-09-13
47784,Product_7784_4,clothing,846.4428231109529,292.6114763662621,inactive,2024-02-01
47785,Product_7785_4,electronics,317.5051875265255,178.20392761676683,archived,2024-12-20
47786,Product_7786_4,home,734.7689294321443,298.27534174551977,archived,2024-12-19
47787,Product_7787_4,electronics,200.6144101558958,207.09616500691362,inactive,2024-12-16
47788,Product_7788_4,home,830.670226825898,125.86189678101738,archived,2024-11-26
47789,Product_7789_4,electronics,788.0966567703011,82.28737744380383,pending,2024-01-10
47790,Product_7790_4,books,933.666857305789,464.5833082070669,inactive,2024-06-14
47791,Product_7791_4,clothing,497.27270248067214,40.85409368117634,active,2024-06-19
47792,Product_7792_4,home,445.31238276069513,142.623658742774,archived,2024-03-28
47793,Product_7793_4,books,809.8402016789803,82.78184981747489,active,2024-03-22
47794,Product_7794_4,books,400.162654224413,474.7402805259045,active,2024-05-12
47795,Product_7795_4,electronics,128.36567548333602,107.90436663215641,pending,2024-01-09
47796,Product_7796_4,electronics,524.9499278132055,307.55328265200427,archived,2024-09-05
47797,Product_7797_4,electronics,555.3592541552339,36.67448177317705,active,2024-07-17
47798,Product_7798_4,electronics,601.1858135208631,381.7402096515681,active,2024-06-02
47799,Product_7799_4,clothing,441.3080128164247,390.96166169249017,active,2024-02-06
47800,Product_7800_4,electronics,268.617649148331,194.24843510862442,active,2024-11-06
47801,Product_7801_4,home,820.1851076977946,185.21483828654837,inactive,2024-01-15
47802,Product_7802_4,electronics,18.308418332940462,303.47516056863554,pending,2024-04-02
47803,Product_7803_4,clothing,657.0617974061909,63.85013026400983,active,2024-02-06
47804,Product_7804_4,home,60.98581940168626,292.1160368113141,inactive,2024-08-16
47805,Product_7805_4,sports,168.0465322174537,268.3292992319025,inactive,2024-01-24
47806,Product_7806_4,sports,94.13200327268335,82.75965581593029,pending,2024-01-25
47807,Product_7807_4,home,306.05492088830465,179.81496913596624,inactive,2024-05-28
47808,Product_7808_4,sports,607.7966598181155,122.12057836349554,pending,2024-02-05
47809,Product_7809_4,clothing,32.2157188688095,179.2376769149158,pending,2024-09-14
47810,Product_7810_4,sports,85.98453337683766,15.215296990302413,active,2024-11-20
47811,Product_7811_4,books,162.482725089457,488.35210141616653,pending,2024-04-13
47812,Product_7812_4,books,142.35633324639082,354.6246663612437,pending,2024-06-09
47813,Product_7813_4,books,80.53455261630432,219.579830939346,archived,2024-11-21
47814,Product_7814_4,home,317.81917333400946,102.02062102269552,archived,2024-10-06
47815,Product_7815_4,sports,17.843848904070114,10.46995160396244,inactive,2024-08-12
47816,Product_7816_4,electronics,308.38115162214285,370.0591368234503,pending,2024-11-03
47817,Product_7817_4,books,140.27868227097204,98.05120594358529,archived,2024-10-27
47818,Product_7818_4,electronics,546.2711085600046,352.0755102378385,pending,2024-03-14
47819,Product_7819_4,sports,850.848687879853,172.76853471184685,pending,2024-05-09
47820,Product_7820_4,electronics,844.9239485360262,37.06839175292838,archived,2024-06-08
47821,Product_7821_4,books,557.39166284897,456.0415293760041,archived,2024-01-04
47822,Product_7822_4,sports,736.1311735804511,107.9276535348578,active,2024-02-16
47823,Product_7823_4,home,677.5403221185986,355.9781335507575,pending,2024-11-27
47824,Product_7824_4,books,398.8147381504525,313.9288135478498,archived,2024-12-26
47825,Product_7825_4,sports,820.4620172043569,221.84572601096437,pending,2024-03-13
47826,Product_7826_4,home,677.3708503298716,442.72442259987787,archived,2024-05-18
47827,Product_7827_4,home,601.8905382128836,331.02447418396923,active,2024-08-08
47828,Product_7828_4,home,281.9475786438778,285.5760299305303,active,2024-12-15
47829,Product_7829_4,sports,292.3145958927133,388.25598458961696,active,2024-02-21
47830,Product_7830_4,books,409.85802950789895,77.85523164758828,inactive,2024-04-24
47831,Product_7831_4,home,194.7606532034364,180.5227124940624,archived,2024-03-26
47832,Product_7832_4,electronics,831.2395145997917,44.66427916535637,inactive,2024-06-05
47833,Product_7833_4,home,632.351494991045,487.76168034404134,pending,2024-06-28
47834,Product_7834_4,clothing,601.0376201504075,321.2513811712259,pending,2024-07-21
47835,Product_7835_4,home,494.04552841101815,399.6585033208039,pending,2024-11-04
47836,Product_7836_4,home,650.2408556159544,440.2228853370973,inactive,2024-05-08
47837,Product_7837_4,clothing,846.6615821082326,490.4250210637279,active,2024-07-10
47838,Product_7838_4,clothing,51.807715488590276,61.81522489402335,archived,2024-02-12
47839,Product_7839_4,sports,749.5681868165184,190.78738267310547,inactive,2024-06-19
47840,Product_7840_4,sports,763.477783961144,13.41555960241922,inactive,2024-06-18
47841,Product_7841_4,books,902.0232601243474,265.5220350236674,inactive,2024-08-12
47842,Product_7842_4,electronics,19.02895913393563,372.8821364797556,pending,2024-03-14
47843,Product_7843_4,sports,682.6815488289296,434.45363470010966,inactive,2024-01-07
47844,Product_7844_4,sports,291.0172579126728,167.4133039288698,archived,2024-04-09
47845,Product_7845_4,electronics,498.99721475304085,494.32379001711587,inactive,2024-12-03
47846,Product_7846_4,sports,789.882261886408,255.81162906000816,archived,2024-09-06
47847,Product_7847_4,home,439.22139609748336,221.1257640837083,inactive,2024-10-25
47848,Product_7848_4,books,705.8391218371767,463.98970503560463,pending,2024-04-05
47849,Product_7849_4,electronics,609.6485669958889,35.956433494442095,pending,2024-01-04
47850,Product_7850_4,sports,624.4469481686162,201.96523139802918,active,2024-01-09
47851,Product_7851_4,home,622.9832187847564,323.96573732341045,pending,2024-05-27
47852,Product_7852_4,home,916.9458803347353,280.4379056333372,inactive,2024-01-26
47853,Product_7853_4,home,197.53065809824187,442.635090630116,archived,2024-02-12
47854,Product_7854_4,sports,21.616665206470348,105.00760630904358,archived,2024-08-23
47855,Product_7855_4,home,245.4269816477585,424.31983498792846,pending,2024-02-12
47856,Product_7856_4,sports,681.8530442202822,333.86357360475114,inactive,2024-08-18
47857,Product_7857_4,clothing,336.0791397841506,269.42238094139844,active,2024-08-13
47858,Product_7858_4,sports,666.21798117305,114.09117391351619,pending,2024-12-03
47859,Product_7859_4,books,819.0309237145781,457.10432572043356,active,2024-05-16
47860,Product_7860_4,electronics,862.6993449168634,33.10302105470774,archived,2024-01-08
47861,Product_7861_4,sports,383.0140857026057,142.04316983392965,inactive,2024-05-26
47862,Product_7862_4,clothing,451.730726100267,421.3254122478556,archived,2024-05-21
47863,Product_7863_4,home,540.4150861348688,486.2747237621739,active,2024-10-13
47864,Product_7864_4,electronics,500.5910995404281,418.0514623148253,active,2024-11-11
47865,Product_7865_4,sports,105.12253477882511,94.19337625587767,active,2024-01-11
47866,Product_7866_4,clothing,629.6578657266022,78.048847218624,inactive,2024-09-24
47867,Product_7867_4,clothing,400.42571273171103,85.25252775642639,archived,2024-09-26
47868,Product_7868_4,sports,317.1001117378381,218.99016468615193,archived,2024-08-19
47869,Product_7869_4,books,774.9117302999384,307.96093960827,pending,2024-02-04
47870,Product_7870_4,electronics,282.90465095323304,333.89552998988313,active,2024-03-12
47871,Product_7871_4,home,630.8000263380585,404.32135101634634,inactive,2024-04-24
47872,Product_7872_4,electronics,413.7315756123458,248.2396909408335,inactive,2024-06-15
47873,Product_7873_4,sports,821.7272978650072,362.0780368012477,active,2024-02-15
47874,Product_7874_4,clothing,535.259217118956,102.52037010992737,pending,2024-01-16
47875,Product_7875_4,sports,288.5626087092123,36.00584414919082,inactive,2024-11-08
47876,Product_7876_4,books,387.0448975452405,303.44607010273756,inactive,2024-12-28
47877,Product_7877_4,books,269.5961932318192,306.5895476716888,archived,2024-03-23
47878,Product_7878_4,electronics,108.50670546460712,188.12987894800295,archived,2024-11-24
47879,Product_7879_4,sports,747.3138005718844,143.46307905764803,pending,2024-05-06
47880,Product_7880_4,books,316.51144431106314,450.723402188062,active,2024-06-24
47881,Product_7881_4,home,234.24636024473833,415.01965250031367,archived,2024-02-24
47882,Product_7882_4,sports,797.9009709931964,444.5422848449518,active,2024-11-19
47883,Product_7883_4,electronics,707.7023173834676,282.3129851106853,archived,2024-02-04
47884,Product_7884_4,books,580.2498328601155,406.79428238944604,inactive,2024-03-16
47885,Product_7885_4,books,3.979825814189271,293.39568149962327,inactive,2024-04-08
47886,Product_7886_4,books,597.8453131722191,399.01298187444235,active,2024-08-25
47887,Product_7887_4,sports,799.7862745267657,104.68787776952446,archived,2024-04-27
47888,Product_7888_4,sports,724.0688102895385,62.152188107148596,inactive,2024-12-24
47889,Product_7889_4,books,491.0978171456167,178.8659976055045,archived,2024-09-01
47890,Product_7890_4,electronics,566.7218089972554,80.21784607737199,archived,2024-05-17
47891,Product_7891_4,clothing,358.9378183080224,229.20885825257997,active,2024-12-25
47892,Product_7892_4,electronics,952.3954867231549,15.078280168514546,archived,2024-08-21
47893,Product_7893_4,sports,52.73252676176759,373.1937846581079,archived,2024-05-06
47894,Product_7894_4,home,194.7264310656489,278.1558060981316,inactive,2024-11-22
47895,Product_7895_4,books,792.605676430134,325.1772995591146,archived,2024-04-06
47896,Product_7896_4,books,5.8709525929531985,119.97157128129065,pending,2024-11-17
47897,Product_7897_4,clothing,835.0109660278732,360.11603451121226,pending,2024-07-01
47898,Product_7898_4,sports,539.1453398304355,109.72886116274172,pending,2024-08-03
47899,Product_7899_4,electronics,561.0203973522785,11.735688582020979,inactive,2024-11-21
47900,Product_7900_4,electronics,727.7791106392532,297.236409672902,active,2024-04-03
47901,Product_7901_4,home,925.7865801787365,23.305055302379657,pending,2024-11-10
47902,Product_7902_4,home,640.1260371126525,384.61057369252984,inactive,2024-09-21
47903,Product_7903_4,sports,905.0561320791454,110.80424833917077,inactive,2024-07-17
47904,Product_7904_4,home,997.8121163952392,264.2250479094073,inactive,2024-11-04
47905,Product_7905_4,clothing,828.8645039579275,24.81652235964567,active,2024-05-25
47906,Product_7906_4,clothing,475.37858655953266,297.3522121806828,active,2024-06-19
47907,Product_7907_4,clothing,250.73215205376493,286.4695054273801,inactive,2024-05-15
47908,Product_7908_4,electronics,433.6218781304759,189.76845551095553,active,2024-09-13
47909,Product_7909_4,sports,528.9254643671826,467.4226029539471,inactive,2024-12-27
47910,Product_7910_4,electronics,746.8529223625897,487.64451535590604,inactive,2024-05-05
47911,Product_7911_4,clothing,243.00781654401857,54.184886719147535,pending,2024-06-12
47912,Product_7912_4,electronics,865.7243560139108,136.741238301201,inactive,2024-11-10
47913,Product_7913_4,clothing,108.032580309631,408.7921881620213,active,2024-11-06
47914,Product_7914_4,clothing,81.06020036286988,458.0264889840799,pending,2024-01-09
47915,Product_7915_4,clothing,581.0795855632201,321.38317679610907,pending,2024-04-01
47916,Product_7916_4,home,908.2438548723559,283.1636366208945,inactive,2024-12-26
47917,Product_7917_4,sports,919.5238683455032,56.830990025135904,archived,2024-10-15
47918,Product_7918_4,home,64.12736303646471,363.559404381004,pending,2024-02-25
47919,Product_7919_4,sports,633.6696558978933,446.2122800656075,active,2024-10-22
47920,Product_7920_4,books,626.1211412329366,471.8585899855134,pending,2024-05-05
47921,Product_7921_4,electronics,545.8391891560419,286.117072260053,pending,2024-06-05
47922,Product_7922_4,electronics,770.9616102918333,261.65709267697287,active,2024-10-15
47923,Product_7923_4,clothing,267.478148136422,367.25732332963236,inactive,2024-07-17
47924,Product_7924_4,sports,819.1715480457184,487.70267199202965,inactive,2024-03-06
47925,Product_7925_4,clothing,532.2039652670979,188.8593092853994,pending,2024-09-21
47926,Product_7926_4,sports,880.4544340366435,235.33020074391948,inactive,2024-01-26
47927,Product_7927_4,electronics,501.87977627144693,50.01131878877949,inactive,2024-06-28
47928,Product_7928_4,clothing,46.17751771279246,221.6665399536489,inactive,2024-02-28
47929,Product_7929_4,home,103.57636469938052,368.52848863862573,archived,2024-06-15
47930,Product_7930_4,clothing,98.18182438680704,476.29538035191854,archived,2024-11-04
47931,Product_7931_4,sports,50.206104269747286,350.79425466751206,inactive,2024-02-10
47932,Product_7932_4,books,126.73704077614562,426.5917015049264,pending,2024-02-27
47933,Product_7933_4,books,714.4722390228375,412.19564874109045,active,2024-05-28
47934,Product_7934_4,sports,980.7401007688362,89.80086974147459,pending,2024-02-19
47935,Product_7935_4,books,102.34951024070409,70.82046031182017,archived,2024-02-03
47936,Product_7936_4,clothing,934.7872308951761,335.0438213484514,pending,2024-02-08
47937,Product_7937_4,clothing,547.8377395843238,83.49248529884068,archived,2024-03-03
47938,Product_7938_4,books,56.45674180645445,374.0825401612482,archived,2024-10-20
47939,Product_7939_4,sports,784.7435882114411,316.72525473394853,archived,2024-03-23
47940,Product_7940_4,sports,479.04041835971475,250.27782510998676,inactive,2024-08-04
47941,Product_7941_4,books,986.8353973018168,462.35411945225616,inactive,2024-05-11
47942,Product_7942_4,sports,609.5279049721225,235.05037773924158,pending,2024-10-15
47943,Product_7943_4,books,341.1544935422539,119.39627829479137,pending,2024-03-02
47944,Product_7944_4,home,221.95423094630522,355.8880417339394,archived,2024-10-10
47945,Product_7945_4,books,370.23502117093585,360.559081432555,pending,2024-02-11
47946,Product_7946_4,electronics,169.8644431990526,495.4706349421774,inactive,2024-08-18
47947,Product_7947_4,sports,125.65794087175657,380.5680903346357,inactive,2024-01-07
47948,Product_7948_4,electronics,17.070170572551316,352.11788923344415,pending,2024-06-16
47949,Product_7949_4,electronics,154.38741534075706,418.39967924340846,pending,2024-05-02
47950,Product_7950_4,home,757.146438344648,340.99188659038504,active,2024-11-07
47951,Product_7951_4,books,629.1630352959784,389.1461798877261,pending,2024-02-18
47952,Product_7952_4,sports,5.360506109357439,401.5695625222015,pending,2024-11-23
47953,Product_7953_4,clothing,368.50189814550464,192.61994269174394,pending,2024-05-10
47954,Product_7954_4,books,152.150009187688,498.9613370939237,inactive,2024-06-05
47955,Product_7955_4,home,686.4891831006605,395.44470426999766,inactive,2024-02-19
47956,Product_7956_4,clothing,738.3687185599108,184.6530925642116,inactive,2024-10-28
47957,Product_7957_4,electronics,548.3961930096497,351.4435312166175,archived,2024-07-19
47958,Product_7958_4,sports,772.2071075233827,248.4187667094175,inactive,2024-09-08
47959,Product_7959_4,books,117.02388641320785,477.0013080539211,pending,2024-09-23
47960,Product_7960_4,sports,510.16560796977456,307.0501917751824,pending,2024-06-07
47961,Product_7961_4,clothing,868.6207132286396,73.39636452883187,archived,2024-03-19
47962,Product_7962_4,sports,307.45021955802224,309.48267588747746,archived,2024-09-23
47963,Product_7963_4,electronics,930.6366559365139,67.50743357954534,inactive,2024-06-09
47964,Product_7964_4,sports,730.824091485737,490.6467948205646,inactive,2024-02-21
47965,Product_7965_4,books,436.34957424420844,29.073455183016165,active,2024-07-13
47966,Product_7966_4,home,923.1583790386168,445.1433270055619,inactive,2024-10-06
47967,Product_7967_4,books,555.9945803449934,190.80452232774113,pending,2024-02-11
47968,Product_7968_4,clothing,288.9446822180585,96.86887571562148,active,2024-02-03
47969,Product_7969_4,electronics,507.0834430903539,448.2871308902073,inactive,2024-07-06
47970,Product_7970_4,home,794.653385630464,138.5403462318761,inactive,2024-05-03
47971,Product_7971_4,home,704.6880861819816,450.0066958761946,pending,2024-03-13
47972,Product_7972_4,sports,73.63512939489945,38.881794769216185,active,2024-05-17
47973,Product_7973_4,sports,757.0223027675032,105.16216321965314,archived,2024-06-06
47974,Product_7974_4,sports,256.3822368026417,153.5680890364279,inactive,2024-10-18
47975,Product_7975_4,clothing,570.1763596663607,368.51134246499856,active,2024-01-24
47976,Product_7976_4,books,13.939734182939517,85.5322758443141,pending,2024-02-25
47977,Product_7977_4,clothing,946.5204804445207,189.1192396180604,inactive,2024-03-14
47978,Product_7978_4,sports,630.0121529806921,368.62287302645154,inactive,2024-12-21
47979,Product_7979_4,home,315.90607764874125,229.88880075433642,archived,2024-03-12
47980,Product_7980_4,sports,725.6063048885899,383.7854173812999,pending,2024-05-14
47981,Product_7981_4,sports,750.9988921767047,489.122906678663,pending,2024-05-16
47982,Product_7982_4,sports,722.1981621020258,376.2132853706847,active,2024-07-01
47983,Product_7983_4,clothing,59.59137667440398,207.82636995831388,pending,2024-09-16
47984,Product_7984_4,books,267.8426346287627,274.09447059355125,pending,2024-12-13
47985,Product_7985_4,electronics,70.89305446376032,406.26018699379136,inactive,2024-02-13
47986,Product_7986_4,electronics,214.22213485948575,181.08440837059362,archived,2024-09-09
47987,Product_7987_4,home,91.84528616156909,382.1590122002877,archived,2024-05-24
47988,Product_7988_4,clothing,469.33350926237307,486.03887769009253,archived,2024-11-06
47989,Product_7989_4,electronics,370.6699616700308,477.3129340602751,pending,2024-11-12
47990,Product_7990_4,books,845.3110716243423,152.73907370715347,inactive,2024-11-04
47991,Product_7991_4,books,534.5648064246672,204.88476161969862,pending,2024-07-05
47992,Product_7992_4,home,597.3220876243886,189.22060741452003,inactive,2024-09-04
47993,Product_7993_4,electronics,117.94450589039604,475.5859171598321,active,2024-06-01
47994,Product_7994_4,home,940.3013635859737,381.20088702932975,pending,2024-04-26
47995,Product_7995_4,books,56.026791099184344,190.9328735231102,active,2024-01-06
47996,Product_7996_4,sports,368.60712591587003,498.67997764841743,inactive,2024-11-24
47997,Product_7997_4,electronics,769.2566537622436,84.36705135502275,archived,2024-07-06
47998,Product_7998_4,sports,285.3560426722385,366.65017725283286,archived,2024-04-03
47999,Product_7999_4,home,644.695970023436,175.61201253135076,pending,2024-12-07
48000,Product_8000_4,books,11.559842089146715,114.42525564480893,archived,2024-06-19
48001,Product_8001_4,home,4.950426858029122,463.1775320842535,active,2024-03-21
48002,Product_8002_4,sports,62.360666282866845,288.86912968888674,active,2024-07-22
48003,Product_8003_4,home,519.763897889752,331.6333890413836,pending,2024-07-16
48004,Product_8004_4,books,935.9691895012967,181.63283725966107,archived,2024-01-23
48005,Product_8005_4,clothing,660.8698007728906,489.20594955311765,pending,2024-04-07
48006,Product_8006_4,books,165.09894787640238,297.630673572318,active,2024-02-18
48007,Product_8007_4,home,857.3221069630525,465.41945708463953,active,2024-05-22
48008,Product_8008_4,home,242.8845544707576,406.6507040803537,active,2024-02-11
48009,Product_8009_4,sports,321.0877893860579,448.40798030810623,pending,2024-08-02
48010,Product_8010_4,electronics,573.0556541070408,150.610796159056,pending,2024-03-19
48011,Product_8011_4,clothing,521.6220965755424,27.207515213317407,active,2024-12-23
48012,Product_8012_4,electronics,975.5317341233587,461.6489166948617,archived,2024-09-28
48013,Product_8013_4,sports,9.858455693590258,372.71577905848744,archived,2024-11-07
48014,Product_8014_4,clothing,260.3228118466609,248.89484509880882,pending,2024-11-01
48015,Product_8015_4,electronics,823.2429933601999,160.93518443386378,active,2024-09-26
48016,Product_8016_4,home,750.0899888193801,252.40052427293662,archived,2024-11-09
48017,Product_8017_4,sports,344.7441476257233,417.45955336338545,archived,2024-11-07
48018,Product_8018_4,clothing,989.8226896868238,151.69933830817772,archived,2024-11-26
48019,Product_8019_4,home,636.6461250058453,201.560843977988,pending,2024-08-23
48020,Product_8020_4,clothing,915.6337387139746,412.2511367136827,active,2024-03-12
48021,Product_8021_4,home,716.0781463037931,212.59658464001592,inactive,2024-04-16
48022,Product_8022_4,books,747.0201948915455,166.16526712219058,pending,2024-12-12
48023,Product_8023_4,sports,17.784950073051544,166.14086799330767,active,2024-09-05
48024,Product_8024_4,books,96.73207646827767,39.11538007820151,pending,2024-06-12
48025,Product_8025_4,books,742.8554848994256,92.08077605448436,pending,2024-05-08
48026,Product_8026_4,clothing,646.8275129224146,415.4091036044634,pending,2024-06-27
48027,Product_8027_4,books,659.7954158887155,38.16820658815345,archived,2024-10-23
48028,Product_8028_4,electronics,361.08004760838065,474.8891910667075,inactive,2024-06-06
48029,Product_8029_4,books,936.367135195622,107.0505072948433,archived,2024-05-25
48030,Product_8030_4,electronics,884.6967780640498,312.4931000353151,active,2024-04-01
48031,Product_8031_4,books,952.9084020440337,32.47730206174994,archived,2024-06-27
48032,Product_8032_4,sports,742.7012273523039,21.863474508169624,pending,2024-04-18
48033,Product_8033_4,sports,267.61105945338556,156.95499114692547,active,2024-10-04
48034,Product_8034_4,clothing,838.8760006464355,64.85807127180757,pending,2024-05-24
48035,Product_8035_4,books,387.03775871001835,233.16190624625634,active,2024-10-05
48036,Product_8036_4,clothing,523.8395417989562,31.90419225655198,active,2024-02-27
48037,Product_8037_4,sports,693.7327797640962,28.0079610954743,archived,2024-07-25
48038,Product_8038_4,sports,766.4011019694095,492.6808205922338,inactive,2024-03-26
48039,Product_8039_4,electronics,642.9394804692903,26.980476367278563,active,2024-01-14
48040,Product_8040_4,books,675.5772454141055,411.78297702573394,archived,2024-04-03
48041,Product_8041_4,books,716.07954232523,11.07772697028787,inactive,2024-04-15
48042,Product_8042_4,sports,967.8918597468339,153.01564632738183,archived,2024-07-01
48043,Product_8043_4,electronics,37.02803000472267,346.0740181591568,pending,2024-08-26
48044,Product_8044_4,home,695.6844255205197,486.2057123151979,active,2024-01-15
48045,Product_8045_4,sports,961.6494590381792,201.5766998536309,archived,2024-10-06
48046,Product_8046_4,home,972.6702424589575,141.21926233665585,pending,2024-02-21
48047,Product_8047_4,clothing,506.5769568321331,249.40393540094826,pending,2024-11-22
48048,Product_8048_4,electronics,203.56872563657242,129.42862809128025,active,2024-08-28
48049,Product_8049_4,electronics,478.35350338194195,180.03128328888795,active,2024-12-25
48050,Product_8050_4,books,446.57267001114514,426.4951345009172,archived,2024-10-03
48051,Product_8051_4,sports,881.0885467322577,406.1109322512101,pending,2024-10-27
48052,Product_8052_4,sports,995.7695475586345,314.99426759228186,inactive,2024-12-03
48053,Product_8053_4,clothing,379.5437789264644,164.2270097761572,active,2024-09-12
48054,Product_8054_4,home,103.11705016484433,66.51899724287071,archived,2024-10-20
48055,Product_8055_4,electronics,724.928507608141,195.52873841722965,archived,2024-07-13
48056,Product_8056_4,clothing,700.0851578742548,73.80071692252058,inactive,2024-06-17
48057,Product_8057_4,books,955.6319999497082,83.14575997595762,pending,2024-03-22
48058,Product_8058_4,books,292.08708985188355,114.90863159638974,pending,2024-03-22
48059,Product_8059_4,clothing,437.37926063198324,469.666917633623,archived,2024-07-27
48060,Product_8060_4,electronics,515.2334067416988,272.1595859427625,pending,2024-03-07
48061,Product_8061_4,clothing,794.404853974667,121.86757371781096,inactive,2024-01-22
48062,Product_8062_4,electronics,73.82954326533572,289.45171367138545,inactive,2024-09-24
48063,Product_8063_4,books,993.2706532864471,325.3877017354147,active,2024-06-17
48064,Product_8064_4,home,474.61469994773796,470.78050405052574,pending,2024-08-19
48065,Product_8065_4,clothing,719.7984972513545,462.2178913751227,active,2024-01-16
48066,Product_8066_4,home,255.6122585083025,14.833093850185742,active,2024-03-28
48067,Product_8067_4,books,840.8198913493896,430.2131340003613,active,2024-03-21
48068,Product_8068_4,clothing,571.988366593455,448.9766212454676,inactive,2024-05-20
48069,Product_8069_4,home,723.3482252843305,295.23836625922945,inactive,2024-03-07
48070,Product_8070_4,home,426.9444267308907,10.360544480424279,inactive,2024-04-01
48071,Product_8071_4,clothing,286.16350176072615,432.604499500416,pending,2024-12-02
48072,Product_8072_4,electronics,318.15925154229217,113.59469065297615,pending,2024-09-04
48073,Product_8073_4,electronics,348.6755060023036,345.29794268688516,inactive,2024-08-23
48074,Product_8074_4,clothing,574.283987330425,315.36761013865805,inactive,2024-12-19
48075,Product_8075_4,home,532.2495136196123,252.04777904566876,active,2024-10-03
48076,Product_8076_4,home,32.51538050788263,269.5761951122144,pending,2024-12-03
48077,Product_8077_4,clothing,877.7026641465794,480.7666679517372,active,2024-01-25
48078,Product_8078_4,home,312.5142996532546,173.62291394448627,inactive,2024-07-03
48079,Product_8079_4,sports,881.3398325005948,311.6513685621503,pending,2024-06-02
48080,Product_8080_4,books,329.9728716188191,213.15635599324008,pending,2024-04-08
48081,Product_8081_4,electronics,913.2026983334302,301.82408358931855,archived,2024-10-24
48082,Product_8082_4,sports,478.79676682255695,315.60614059725424,active,2024-12-25
48083,Product_8083_4,sports,337.5032452611393,493.43423413487,archived,2024-05-25
48084,Product_8084_4,electronics,991.9820003879721,116.40262398029796,active,2024-04-16
48085,Product_8085_4,books,466.06067228687255,361.6896091154783,pending,2024-02-10
48086,Product_8086_4,home,418.70808830885744,432.1076948764591,active,2024-01-08
48087,Product_8087_4,books,521.3943401178125,117.20386868322272,pending,2024-04-03
48088,Product_8088_4,books,787.9601374038637,184.38466028064425,archived,2024-03-02
48089,Product_8089_4,electronics,490.70941763084306,301.8218575650648,inactive,2024-01-05
48090,Product_8090_4,clothing,309.94109669408107,338.83427387936354,archived,2024-09-23
48091,Product_8091_4,clothing,742.6424340155754,12.036356107601241,pending,2024-02-16
48092,Product_8092_4,home,881.7210240393736,215.53181569755228,pending,2024-03-28
48093,Product_8093_4,sports,438.7279471068005,446.8205914827574,inactive,2024-05-23
48094,Product_8094_4,sports,166.01494109145457,256.231994918054,archived,2024-10-18
48095,Product_8095_4,clothing,430.8782557221817,62.80561563735415,pending,2024-05-16
48096,Product_8096_4,home,820.9966289547074,349.4469979974961,inactive,2024-06-01
48097,Product_8097_4,electronics,354.34601351821414,496.4757766214725,active,2024-05-12
48098,Product_8098_4,sports,8.505618274896527,87.65366855396128,active,2024-07-03
48099,Product_8099_4,sports,895.0173831237543,24.156934007157005,active,2024-06-11
48100,Product_8100_4,books,768.0056415095895,268.49751129248386,active,2024-06-21
48101,Product_8101_4,home,458.2028429770722,235.27236180755474,active,2024-06-19
48102,Product_8102_4,sports,319.70551046219157,10.567692969560955,active,2024-10-22
48103,Product_8103_4,electronics,130.72487805264115,33.18493948288157,pending,2024-08-17
48104,Product_8104_4,electronics,565.428302594792,280.703545251892,inactive,2024-04-07
48105,Product_8105_4,electronics,475.80509130852613,358.41655130041886,inactive,2024-11-19
48106,Product_8106_4,clothing,167.97902575066084,263.83930551324465,active,2024-01-19
48107,Product_8107_4,home,252.05004688711387,98.8526863582832,archived,2024-08-26
48108,Product_8108_4,electronics,338.30065856725884,252.5936452607895,inactive,2024-12-13
48109,Product_8109_4,books,360.5970904409411,229.67609671642288,pending,2024-07-20
48110,Product_8110_4,home,882.7580001862137,58.605345183384976,archived,2024-08-24
48111,Product_8111_4,electronics,119.43283410187075,409.6890364640615,active,2024-05-25
48112,Product_8112_4,home,489.2407719360942,154.94791804497726,active,2024-06-28
48113,Product_8113_4,electronics,665.0305694300603,415.4631836841691,pending,2024-09-24
48114,Product_8114_4,electronics,676.967073462651,12.958126262642775,archived,2024-05-14
48115,Product_8115_4,books,427.66085095522186,17.555151227245005,pending,2024-06-04
48116,Product_8116_4,books,587.7873930179163,67.24831673015356,archived,2024-08-18
48117,Product_8117_4,electronics,749.0443464022247,252.75166015224093,inactive,2024-01-25
48118,Product_8118_4,sports,898.9860111169286,40.46778121005324,archived,2024-03-23
48119,Product_8119_4,sports,891.4095726339488,492.1451384614483,inactive,2024-06-01
48120,Product_8120_4,clothing,563.7262637145395,13.40297140544708,inactive,2024-11-07
48121,Product_8121_4,books,706.048399982324,323.7804212605801,active,2024-05-25
48122,Product_8122_4,clothing,654.6409996408628,450.17251793843815,inactive,2024-05-26
48123,Product_8123_4,sports,611.348628315734,46.453355533589956,inactive,2024-01-23
48124,Product_8124_4,sports,99.92702768558517,106.75327212101374,pending,2024-07-23
48125,Product_8125_4,sports,511.8702479243521,289.84393222695223,active,2024-04-17
48126,Product_8126_4,home,83.83860561565386,416.1390371446828,archived,2024-05-13
48127,Product_8127_4,electronics,423.15587014401325,83.39363491174262,archived,2024-11-17
48128,Product_8128_4,clothing,602.3808365361584,273.7821558370856,active,2024-01-11
48129,Product_8129_4,books,448.583046786412,49.18758938816225,pending,2024-03-18
48130,Product_8130_4,clothing,490.3062701340824,49.92979993164851,archived,2024-01-06
48131,Product_8131_4,electronics,601.1539962285439,280.1243063861008,inactive,2024-05-17
48132,Product_8132_4,electronics,72.03635160832351,211.35061989391775,inactive,2024-01-02
48133,Product_8133_4,clothing,344.87891741025635,340.25656764796804,inactive,2024-09-19
48134,Product_8134_4,electronics,408.67333993305255,243.717855559054,inactive,2024-04-19
48135,Product_8135_4,books,680.5993451812387,365.58581141355904,inactive,2024-08-10
48136,Product_8136_4,electronics,273.943923812782,191.58537975487005,active,2024-01-11
48137,Product_8137_4,clothing,853.3226104240016,81.70969130034845,inactive,2024-12-11
48138,Product_8138_4,clothing,766.8802942957948,29.45498232171872,active,2024-06-13
48139,Product_8139_4,home,20.723083136469057,54.09731569028885,active,2024-04-21
48140,Product_8140_4,electronics,330.6539480791761,118.89453345741931,active,2024-05-24
48141,Product_8141_4,home,805.755738749913,40.71157224815117,active,2024-08-13
48142,Product_8142_4,books,647.4396400451715,78.95269801316839,archived,2024-08-05
48143,Product_8143_4,home,376.836129967709,20.148710195844146,archived,2024-10-25
48144,Product_8144_4,clothing,939.8788417024152,243.2348742162493,archived,2024-11-22
48145,Product_8145_4,home,282.52833683282,122.00204125538325,pending,2024-02-03
48146,Product_8146_4,clothing,850.2851145897004,499.64915856889246,inactive,2024-08-04
48147,Product_8147_4,sports,784.9155012077786,28.65721589334421,pending,2024-11-09
48148,Product_8148_4,books,649.7834424666224,151.8819702013303,pending,2024-02-26
48149,Product_8149_4,home,484.7901459277152,248.54365090696714,inactive,2024-03-03
48150,Product_8150_4,books,103.25153897662587,210.91139387201844,archived,2024-10-12
48151,Product_8151_4,sports,175.99696475662012,55.617970747961564,pending,2024-09-26
48152,Product_8152_4,sports,285.6194279927654,425.24433665740696,pending,2024-08-24
48153,Product_8153_4,electronics,309.8273685609225,173.78845485784817,pending,2024-05-20
48154,Product_8154_4,sports,668.0365535339187,35.80467665973967,inactive,2024-08-05
48155,Product_8155_4,clothing,646.3725125873186,209.9688235879984,archived,2024-01-23
48156,Product_8156_4,clothing,310.921625692581,57.23506243285798,inactive,2024-06-01
48157,Product_8157_4,electronics,504.10848658832595,163.72292270965374,pending,2024-06-12
48158,Product_8158_4,books,905.9973578430072,388.7096732841383,inactive,2024-04-01
48159,Product_8159_4,electronics,680.3878962026074,88.3479774165674,inactive,2024-06-06
48160,Product_8160_4,home,104.71646829545953,119.15874563647951,inactive,2024-11-22
48161,Product_8161_4,electronics,663.8690366084952,272.57168698113134,inactive,2024-12-21
48162,Product_8162_4,home,389.0293432177624,410.83000471556227,archived,2024-01-24
48163,Product_8163_4,electronics,287.07598606427325,71.47953061759682,inactive,2024-09-20
48164,Product_8164_4,home,818.2676649889504,385.53135375852503,archived,2024-09-26
48165,Product_8165_4,home,52.42158109555512,265.49954338510065,pending,2024-05-12
48166,Product_8166_4,electronics,957.5285417587642,148.86472639327013,pending,2024-05-21
48167,Product_8167_4,electronics,260.36791285738377,210.90718289395465,inactive,2024-12-01
48168,Product_8168_4,home,222.0581206824915,472.13000562530675,archived,2024-03-15
48169,Product_8169_4,home,55.226856235600046,122.67925150040851,pending,2024-07-19
48170,Product_8170_4,home,408.6347448232972,297.52274364679647,pending,2024-10-18
48171,Product_8171_4,books,329.7279941278428,326.7279083984654,archived,2024-11-03
48172,Product_8172_4,sports,545.4006842300378,469.8133147564762,archived,2024-11-06
48173,Product_8173_4,clothing,883.709952598172,326.9266960551702,pending,2024-08-18
48174,Product_8174_4,sports,536.9022121966093,358.1274263589204,archived,2024-07-12
48175,Product_8175_4,books,415.4221206666038,191.08735959823483,pending,2024-06-07
48176,Product_8176_4,home,115.88142691722358,415.8944338903238,inactive,2024-07-03
48177,Product_8177_4,electronics,903.8731125806007,18.43351116263865,inactive,2024-12-07
48178,Product_8178_4,sports,468.8759736367959,181.33947900862395,pending,2024-10-08
48179,Product_8179_4,books,603.4570161978817,48.33260603829183,archived,2024-01-06
48180,Product_8180_4,home,227.65556680825503,352.20351592871054,pending,2024-05-18
48181,Product_8181_4,electronics,919.1152859368691,161.70073995378706,archived,2024-09-27
48182,Product_8182_4,books,38.660186092986756,59.7415271627794,active,2024-05-08
48183,Product_8183_4,electronics,161.73740437571007,15.685744746417146,archived,2024-10-03
48184,Product_8184_4,clothing,991.8820518791576,357.89399603669034,active,2024-12-10
48185,Product_8185_4,electronics,754.6545245940765,274.53397082515255,active,2024-01-27
48186,Product_8186_4,books,727.2600398001259,57.75291350370203,archived,2024-08-19
48187,Product_8187_4,sports,162.39994202710562,238.90865926526385,pending,2024-10-19
48188,Product_8188_4,sports,542.4725288371877,411.5741572229262,pending,2024-11-15
48189,Product_8189_4,books,330.9965709777793,272.21624499432824,active,2024-05-26
48190,Product_8190_4,books,242.89289758906054,215.94976188667272,archived,2024-10-15
48191,Product_8191_4,books,355.3978825127865,108.92942937160952,pending,2024-12-25
48192,Product_8192_4,books,376.75785614464166,124.81581379949863,archived,2024-08-09
48193,Product_8193_4,electronics,68.30871860028454,202.14555181327256,active,2024-12-21
48194,Product_8194_4,sports,371.65550977835295,461.2660667910326,archived,2024-04-04
48195,Product_8195_4,books,653.736898747199,489.04379011139554,archived,2024-11-25
48196,Product_8196_4,books,779.4317455356394,425.29030612134375,inactive,2024-06-12
48197,Product_8197_4,clothing,72.41892345904408,455.9425548823751,archived,2024-11-24
48198,Product_8198_4,home,187.70493009759772,327.2292643766006,pending,2024-10-17
48199,Product_8199_4,clothing,968.8058019460536,132.2633173937922,pending,2024-09-13
48200,Product_8200_4,clothing,658.2779704614883,300.48582983835837,archived,2024-02-18
48201,Product_8201_4,home,186.64080870154183,257.77766038623247,pending,2024-05-16
48202,Product_8202_4,books,651.7876770612072,367.5596248859505,active,2024-07-16
48203,Product_8203_4,sports,228.68711124878882,411.2185439503162,archived,2024-08-08
48204,Product_8204_4,electronics,972.7209169699216,212.3948485586359,active,2024-06-02
48205,Product_8205_4,home,979.986810360393,162.75079935114618,pending,2024-08-08
48206,Product_8206_4,home,908.2727111173687,184.38180811656625,inactive,2024-06-08
48207,Product_8207_4,sports,852.3041648777411,62.41157055393429,active,2024-01-11
48208,Product_8208_4,electronics,185.1014049017083,327.07087604658204,active,2024-05-03
48209,Product_8209_4,books,78.48649935744267,185.45830638098823,archived,2024-03-28
48210,Product_8210_4,sports,59.92531053289455,483.50548362620486,inactive,2024-06-07
48211,Product_8211_4,clothing,475.49256530466556,278.83026842073394,archived,2024-04-28
48212,Product_8212_4,sports,876.5932964985159,453.57545424360217,active,2024-03-16
48213,Product_8213_4,sports,656.6686322539242,275.5183365996362,pending,2024-04-15
48214,Product_8214_4,sports,347.8094958343084,372.89105900062725,archived,2024-09-11
48215,Product_8215_4,electronics,815.1501283538333,238.69040780495595,pending,2024-11-12
48216,Product_8216_4,electronics,857.5325028430041,279.81318973398123,active,2024-06-10
48217,Product_8217_4,books,814.4942579630908,137.9212620191093,inactive,2024-05-23
48218,Product_8218_4,home,211.24447750438307,329.40873666719216,inactive,2024-02-09
48219,Product_8219_4,books,539.8016899535039,442.1115782547579,active,2024-07-10
48220,Product_8220_4,electronics,974.5149751525859,221.54372115018447,pending,2024-11-19
48221,Product_8221_4,electronics,110.7573491460585,331.3497372576273,inactive,2024-02-16
48222,Product_8222_4,books,272.6374630931253,86.96882322750176,pending,2024-03-20
48223,Product_8223_4,home,441.01824692892626,397.561811398109,inactive,2024-09-12
48224,Product_8224_4,clothing,560.6727291739953,141.141439960808,archived,2024-05-11
48225,Product_8225_4,home,676.437971945252,184.91429234685606,archived,2024-09-12
48226,Product_8226_4,sports,249.91964125985817,206.0073068604188,archived,2024-09-12
48227,Product_8227_4,books,408.82814426374966,280.34463015747036,active,2024-12-15
48228,Product_8228_4,books,789.2156314291618,28.60967107104807,inactive,2024-07-01
48229,Product_8229_4,sports,198.59736552575976,372.8456974157317,inactive,2024-09-08
48230,Product_8230_4,home,248.87470084757547,306.76027581673486,inactive,2024-07-15
48231,Product_8231_4,books,896.7297265203042,279.1256737632214,inactive,2024-03-14
48232,Product_8232_4,books,264.15654860857285,365.18535885608674,pending,2024-10-27
48233,Product_8233_4,sports,115.98214908963755,220.9605048828389,archived,2024-03-10
48234,Product_8234_4,books,160.71051911946185,182.36035670775937,pending,2024-12-03
48235,Product_8235_4,clothing,556.6586839236397,300.6328050557322,inactive,2024-10-23
48236,Product_8236_4,home,653.2873779533818,11.388529292610283,pending,2024-10-14
48237,Product_8237_4,electronics,27.585300966280045,101.49860902868322,inactive,2024-03-27
48238,Product_8238_4,home,917.7127786654672,243.7353232248772,pending,2024-08-14
48239,Product_8239_4,sports,457.55069401230725,476.0882913129951,active,2024-06-02
48240,Product_8240_4,books,150.79041776621824,308.17221284246,pending,2024-09-28
48241,Product_8241_4,books,838.0634662420844,66.99775548219915,archived,2024-07-01
48242,Product_8242_4,books,365.0264956521461,171.91624122727927,active,2024-02-28
48243,Product_8243_4,sports,464.10170664776456,93.0164525027968,archived,2024-02-17
48244,Product_8244_4,books,840.7554814435073,485.2991485323356,inactive,2024-05-05
48245,Product_8245_4,sports,893.6930980560905,495.90588951722725,pending,2024-10-06
48246,Product_8246_4,electronics,249.06322548392603,427.12125721139597,pending,2024-11-07
48247,Product_8247_4,home,52.349751641724325,481.9925747060463,pending,2024-06-19
48248,Product_8248_4,sports,653.5601093699743,396.2435709169445,inactive,2024-06-12
48249,Product_8249_4,clothing,49.32823351458036,74.3030647646254,archived,2024-02-16
48250,Product_8250_4,home,277.4376770941901,448.3260930909034,inactive,2024-07-06
48251,Product_8251_4,sports,889.0739241552794,189.56564145602917,pending,2024-04-27
48252,Product_8252_4,books,667.6959154292293,423.57693374621243,active,2024-06-22
48253,Product_8253_4,home,509.1730071003246,21.05731111027032,active,2024-08-15
48254,Product_8254_4,sports,988.5215820601604,126.77662010187531,active,2024-10-11
48255,Product_8255_4,books,699.2903216397187,397.63673845722553,pending,2024-01-08
48256,Product_8256_4,home,818.0108710458394,384.8411827087699,pending,2024-04-12
48257,Product_8257_4,sports,603.4639801533593,76.76096380450306,archived,2024-07-27
48258,Product_8258_4,sports,538.360590249624,168.53124758843063,pending,2024-12-08
48259,Product_8259_4,clothing,976.20366171431,481.14328367500474,pending,2024-02-21
48260,Product_8260_4,sports,803.5718312524364,247.52824712448833,inactive,2024-09-03
48261,Product_8261_4,books,122.63475260453556,476.00806261852694,archived,2024-07-14
48262,Product_8262_4,clothing,558.9562193204937,227.41882759323627,pending,2024-12-04
48263,Product_8263_4,sports,34.513139798956345,390.3995262033564,archived,2024-07-21
48264,Product_8264_4,sports,95.50654691302213,493.6766251883102,active,2024-05-22
48265,Product_8265_4,books,604.8107123211058,224.11467316517465,pending,2024-03-07
48266,Product_8266_4,sports,814.3247281235675,48.97220025379917,pending,2024-05-25
48267,Product_8267_4,home,996.3477266413392,348.7062167287588,active,2024-11-02
48268,Product_8268_4,books,956.9834952553066,253.83363182509035,inactive,2024-09-17
48269,Product_8269_4,books,806.1730378017206,20.769666138676165,inactive,2024-12-24
48270,Product_8270_4,books,364.527785849313,475.4374890159153,archived,2024-07-18
48271,Product_8271_4,sports,228.1855219668876,207.47367104733343,archived,2024-08-13
48272,Product_8272_4,home,509.3171310470547,174.95808661400986,pending,2024-12-01
48273,Product_8273_4,electronics,632.2249230849031,288.634982459146,pending,2024-01-19
48274,Product_8274_4,electronics,420.56773697751424,224.03943744845313,active,2024-02-16
48275,Product_8275_4,books,369.38988784044363,305.95652023079,archived,2024-07-08
48276,Product_8276_4,books,789.6464091856274,450.9494191921231,active,2024-07-08
48277,Product_8277_4,clothing,520.275702213073,394.4750695235723,pending,2024-04-25
48278,Product_8278_4,sports,482.7237947392621,287.1831584292021,active,2024-12-04
48279,Product_8279_4,home,74.91595716474073,458.0717754644091,inactive,2024-05-22
48280,Product_8280_4,electronics,994.8648335154451,192.16242371878565,active,2024-10-15
48281,Product_8281_4,home,253.34398839375143,17.41116387857919,inactive,2024-11-01
48282,Product_8282_4,sports,433.51635666436744,358.77037021903857,pending,2024-08-08
48283,Product_8283_4,clothing,964.06509375851,298.46953750403077,archived,2024-09-13
48284,Product_8284_4,books,151.81854742426788,174.63171669288252,archived,2024-03-03
48285,Product_8285_4,clothing,540.4309268221256,481.0281554170176,archived,2024-10-03
48286,Product_8286_4,electronics,970.3401051673931,427.8738301274656,pending,2024-02-02
48287,Product_8287_4,clothing,767.4344099143833,228.6126305769573,archived,2024-03-06
48288,Product_8288_4,books,223.28541975767683,367.25929447823967,inactive,2024-12-06
48289,Product_8289_4,electronics,324.84885486553975,282.2859026880795,active,2024-03-10
48290,Product_8290_4,books,167.91545650387323,109.45715067800101,inactive,2024-11-11
48291,Product_8291_4,books,437.4123970854386,105.48345402909833,inactive,2024-03-28
48292,Product_8292_4,sports,296.7453420419704,388.66789954469016,active,2024-10-06
48293,Product_8293_4,clothing,811.7720535674324,110.09482655768119,active,2024-01-23
48294,Product_8294_4,sports,485.36290722858155,326.7041568477962,pending,2024-01-14
48295,Product_8295_4,clothing,68.90657488170953,123.27987947044299,archived,2024-09-15
48296,Product_8296_4,sports,250.71332258272835,366.79360714961314,inactive,2024-05-09
48297,Product_8297_4,books,712.478810497949,375.06575725050027,inactive,2024-11-06
48298,Product_8298_4,home,149.25900358335593,409.1477319986685,pending,2024-01-16
48299,Product_8299_4,home,650.2242704706588,298.11410537539626,pending,2024-08-10
48300,Product_8300_4,home,282.2389716433968,335.32268673428797,archived,2024-07-27
48301,Product_8301_4,electronics,774.2202283762298,32.220617415318166,archived,2024-07-09
48302,Product_8302_4,electronics,537.8744927701958,128.79509420873757,archived,2024-11-26
48303,Product_8303_4,home,405.9201960273766,385.362476595232,active,2024-02-07
48304,Product_8304_4,sports,381.83765703026916,325.1429706943897,inactive,2024-12-13
48305,Product_8305_4,electronics,843.7014119226823,56.049151155119155,inactive,2024-07-20
48306,Product_8306_4,sports,960.7916288095274,189.80419166570687,pending,2024-04-28
48307,Product_8307_4,clothing,234.33088510573492,50.54727036088019,pending,2024-11-12
48308,Product_8308_4,sports,974.9891416685788,325.7791429792717,inactive,2024-12-03
48309,Product_8309_4,electronics,409.58489658563747,39.033007176266864,inactive,2024-08-05
48310,Product_8310_4,sports,413.2514922711644,202.99755436883575,pending,2024-07-12
48311,Product_8311_4,books,965.0993392521066,307.2306505488593,active,2024-12-23
48312,Product_8312_4,home,455.0972321616308,328.33563486650684,active,2024-03-02
48313,Product_8313_4,sports,810.2780252412825,23.296363908238256,inactive,2024-04-26
48314,Product_8314_4,home,156.35158613937298,448.95468308905174,active,2024-12-13
48315,Product_8315_4,sports,271.1760586672644,251.35757218367547,archived,2024-05-08
48316,Product_8316_4,clothing,711.09216293136,206.43916388564438,active,2024-11-15
48317,Product_8317_4,books,408.1359511681924,179.0562017997068,active,2024-08-21
48318,Product_8318_4,home,436.03332812897975,269.3367654624395,inactive,2024-11-22
48319,Product_8319_4,electronics,245.55732254718683,143.02945939567365,inactive,2024-06-07
48320,Product_8320_4,sports,890.3215192569114,158.18932553349745,inactive,2024-01-04
48321,Product_8321_4,clothing,969.6298022427267,134.01405135548677,archived,2024-08-13
48322,Product_8322_4,books,97.04673203182772,137.042107688613,pending,2024-07-15
48323,Product_8323_4,sports,634.4581555042556,358.99549515134237,inactive,2024-08-13
48324,Product_8324_4,books,567.7576173719012,160.28318285786347,pending,2024-01-18
48325,Product_8325_4,electronics,555.4173182355049,338.80181821530925,pending,2024-07-08
48326,Product_8326_4,electronics,796.3940994994507,432.9741010296405,archived,2024-04-25
48327,Product_8327_4,home,81.52904474417369,384.01815740685953,archived,2024-12-08
48328,Product_8328_4,home,635.8951293567791,367.24951053893153,active,2024-10-06
48329,Product_8329_4,sports,427.49278525648947,99.18298183765444,active,2024-10-14
48330,Product_8330_4,books,487.6118496935064,449.0072171612104,archived,2024-11-28
48331,Product_8331_4,sports,967.6057992293199,104.74222584466781,pending,2024-07-03
48332,Product_8332_4,sports,717.4742328805645,347.3195496945812,inactive,2024-06-16
48333,Product_8333_4,books,6.275294891732422,308.8295119298215,inactive,2024-11-24
48334,Product_8334_4,clothing,183.63647447325098,136.39991081697468,archived,2024-01-26
48335,Product_8335_4,books,789.2983904172726,357.59349141852846,inactive,2024-10-19
48336,Product_8336_4,clothing,370.9903667610623,286.8911028349451,pending,2024-05-22
48337,Product_8337_4,electronics,762.4097130765219,58.767477594290085,pending,2024-03-22
48338,Product_8338_4,electronics,854.0142793225011,457.0918365933601,pending,2024-02-12
48339,Product_8339_4,books,735.4459082402747,470.7505925222442,archived,2024-05-13
48340,Product_8340_4,books,333.4310753139773,477.095688329005,archived,2024-11-01
48341,Product_8341_4,sports,73.66810915031873,446.64853933821234,active,2024-10-25
48342,Product_8342_4,books,542.7094902212647,330.73339865185056,archived,2024-08-17
48343,Product_8343_4,electronics,959.3481644266599,302.47143387598084,inactive,2024-09-04
48344,Product_8344_4,clothing,466.3402463205499,30.385360176496032,pending,2024-11-28
48345,Product_8345_4,sports,426.1448225585419,348.8908978095489,active,2024-10-04
48346,Product_8346_4,sports,648.1177705398949,497.71250192638746,archived,2024-12-19
48347,Product_8347_4,books,866.4115640962843,20.02107441277157,inactive,2024-01-03
48348,Product_8348_4,electronics,622.2885023652372,213.9722031928183,archived,2024-07-08
48349,Product_8349_4,clothing,151.53312509833762,414.6376549219352,inactive,2024-02-15
48350,Product_8350_4,sports,593.711286150761,80.79702887696796,inactive,2024-09-28
48351,Product_8351_4,home,267.50527250009026,20.354032341996593,active,2024-11-07
48352,Product_8352_4,clothing,582.5071718790722,145.65153868020553,active,2024-06-27
48353,Product_8353_4,books,710.4796476756172,158.29575035573464,inactive,2024-01-08
48354,Product_8354_4,books,783.998944593393,489.2025814906553,archived,2024-03-09
48355,Product_8355_4,electronics,260.1874178435773,89.28331508499672,pending,2024-06-03
48356,Product_8356_4,electronics,406.4891792665766,381.8116595671539,pending,2024-10-21
48357,Product_8357_4,clothing,768.2225287064332,453.64497160366193,archived,2024-10-02
48358,Product_8358_4,books,107.40921850103844,330.52363439044547,inactive,2024-05-08
48359,Product_8359_4,electronics,809.3223189475764,281.9494619836802,archived,2024-12-06
48360,Product_8360_4,clothing,212.37701951950993,419.6636262916431,active,2024-07-10
48361,Product_8361_4,home,742.728050580178,194.1112119613157,inactive,2024-06-25
48362,Product_8362_4,electronics,448.05861298563474,425.17560179323635,inactive,2024-09-15
48363,Product_8363_4,sports,54.66996688022095,69.21996720874952,inactive,2024-05-19
48364,Product_8364_4,electronics,738.8969683119637,204.75326442452723,active,2024-01-12
48365,Product_8365_4,electronics,669.928221997844,71.2580083146081,active,2024-12-15
48366,Product_8366_4,books,978.259253892011,78.36225910223405,inactive,2024-05-07
48367,Product_8367_4,electronics,133.58380449298213,433.0864401885265,pending,2024-01-21
48368,Product_8368_4,home,831.0823945131334,405.90674979725577,pending,2024-10-03
48369,Product_8369_4,books,666.4176822798946,345.18054585780504,inactive,2024-10-04
48370,Product_8370_4,electronics,401.54709429857473,303.1371039990856,archived,2024-01-21
48371,Product_8371_4,home,217.01674893864305,345.5119630300886,inactive,2024-08-02
48372,Product_8372_4,sports,498.2540029747763,199.62255215528458,active,2024-10-02
48373,Product_8373_4,books,622.3895705171346,279.34197006842174,archived,2024-08-25
48374,Product_8374_4,books,742.6627848210421,346.2653426991528,active,2024-11-06
48375,Product_8375_4,books,543.6349654590363,338.73906509447875,inactive,2024-02-23
48376,Product_8376_4,books,347.2696749282978,368.9978035293712,inactive,2024-09-08
48377,Product_8377_4,sports,951.9969834157812,243.23780204530732,archived,2024-06-22
48378,Product_8378_4,sports,933.5196661122261,180.27226663133538,active,2024-09-28
48379,Product_8379_4,books,790.6205291481015,125.25746789696986,inactive,2024-06-08
48380,Product_8380_4,electronics,139.59207356269005,323.28704598315784,active,2024-02-20
48381,Product_8381_4,clothing,805.1855070311581,356.54528441253956,pending,2024-02-08
48382,Product_8382_4,home,180.46497455279697,167.08912166661273,archived,2024-01-18
48383,Product_8383_4,books,349.89324835829103,445.4288723328001,active,2024-08-18
48384,Product_8384_4,home,369.9777598322696,151.40522112068888,active,2024-01-28
48385,Product_8385_4,books,191.9440225205207,317.2651886705387,active,2024-04-03
48386,Product_8386_4,electronics,614.2043330846298,54.72558998689894,inactive,2024-02-01
48387,Product_8387_4,home,399.5669221141793,441.56530181130864,pending,2024-09-09
48388,Product_8388_4,home,990.2006764281822,347.11196835122513,inactive,2024-11-27
48389,Product_8389_4,clothing,346.84926202428073,73.70430018866927,archived,2024-09-05
48390,Product_8390_4,books,927.3617964933296,121.43033369163956,archived,2024-01-17
48391,Product_8391_4,sports,505.63096643534885,412.1641585659582,active,2024-05-27
48392,Product_8392_4,books,358.72761034697663,174.16998825693605,inactive,2024-01-08
48393,Product_8393_4,home,531.6406763817654,416.6131359827646,active,2024-02-28
48394,Product_8394_4,electronics,165.8306486343669,441.3369675850795,active,2024-09-04
48395,Product_8395_4,home,60.22381392912915,313.96874423431115,pending,2024-12-21
48396,Product_8396_4,clothing,556.8664516410878,70.81735771616022,inactive,2024-03-05
48397,Product_8397_4,books,617.0579515707692,341.56375470234417,archived,2024-08-01
48398,Product_8398_4,home,648.073050623287,78.31682017641049,active,2024-07-23
48399,Product_8399_4,home,615.3346020218765,474.9913455693888,inactive,2024-08-28
48400,Product_8400_4,electronics,221.05986424429304,234.7943351981823,inactive,2024-09-17
48401,Product_8401_4,books,609.892945273877,37.56010223202499,active,2024-06-12
48402,Product_8402_4,clothing,34.95387522103582,306.36990265166565,active,2024-12-21
48403,Product_8403_4,sports,604.269771021444,156.09949777473807,active,2024-08-15
48404,Product_8404_4,home,233.82877669670597,36.945706933909975,inactive,2024-07-07
48405,Product_8405_4,clothing,457.2614358411327,120.73712738746215,pending,2024-05-12
48406,Product_8406_4,sports,837.8625196197822,379.4875884711649,inactive,2024-02-14
48407,Product_8407_4,sports,306.7654104912777,465.7631993093909,archived,2024-06-05
48408,Product_8408_4,electronics,861.2883606338198,215.4402112486154,active,2024-02-14
48409,Product_8409_4,electronics,963.9015523758716,419.57251257745065,pending,2024-06-28
48410,Product_8410_4,books,660.9468036521887,92.5436390963858,inactive,2024-07-01
48411,Product_8411_4,electronics,6.576743143856917,437.20608201104824,active,2024-05-23
48412,Product_8412_4,books,628.3158038359497,390.06054682742507,active,2024-05-01
48413,Product_8413_4,electronics,934.4327734415209,452.87318228824086,pending,2024-10-06
48414,Product_8414_4,home,748.8062829270067,219.14020811603152,pending,2024-05-24
48415,Product_8415_4,books,289.74938541582935,247.5376487335785,active,2024-07-20
48416,Product_8416_4,sports,919.418634921094,241.40148859504092,archived,2024-10-06
48417,Product_8417_4,electronics,476.57869965067994,366.54973430225687,inactive,2024-04-11
48418,Product_8418_4,books,790.5196703689917,437.4229019087536,archived,2024-12-24
48419,Product_8419_4,home,154.65635485197475,350.9627960922945,active,2024-03-03
48420,Product_8420_4,sports,547.3556567804812,200.33091742074924,active,2024-07-25
48421,Product_8421_4,clothing,180.41401792770256,407.7375689385456,active,2024-03-11
48422,Product_8422_4,clothing,592.8588447100987,361.2098357651296,inactive,2024-10-12
48423,Product_8423_4,clothing,334.5984578171581,52.93359417817132,pending,2024-02-09
48424,Product_8424_4,home,873.2512325738253,234.85904575470914,inactive,2024-05-10
48425,Product_8425_4,electronics,847.6433354336618,282.112744083296,inactive,2024-06-01
48426,Product_8426_4,clothing,98.10617070922417,230.04376809927308,inactive,2024-11-01
48427,Product_8427_4,books,867.2475983918364,307.16501786099366,active,2024-07-26
48428,Product_8428_4,electronics,895.16556822062,405.00493916781744,active,2024-07-28
48429,Product_8429_4,books,865.3791325291567,450.3115816913041,inactive,2024-12-07
48430,Product_8430_4,home,613.35908247629,37.47002222975499,pending,2024-01-22
48431,Product_8431_4,sports,584.0888865611514,333.2977366047453,pending,2024-03-12
48432,Product_8432_4,electronics,22.26321001137023,230.37741214172698,archived,2024-06-26
48433,Product_8433_4,clothing,715.5366001295794,273.94197178266194,active,2024-09-21
48434,Product_8434_4,electronics,590.7407360173596,299.9406469525983,pending,2024-10-26
48435,Product_8435_4,books,122.41850055514612,127.16749887239611,pending,2024-05-15
48436,Product_8436_4,sports,522.6201504168567,176.4069758848775,active,2024-11-14
48437,Product_8437_4,electronics,278.0281778616924,160.91975208049493,active,2024-05-25
48438,Product_8438_4,electronics,165.3075540029403,439.29349516008955,pending,2024-05-21
48439,Product_8439_4,books,65.97325771052546,126.68145259924525,pending,2024-04-28
48440,Product_8440_4,electronics,745.3671090463098,220.66870564006902,pending,2024-06-27
48441,Product_8441_4,clothing,292.6313568217518,108.00738284901435,inactive,2024-07-08
48442,Product_8442_4,home,585.4810251163494,50.15677145567236,archived,2024-07-01
48443,Product_8443_4,electronics,314.34302231865814,14.887710279175522,active,2024-02-22
48444,Product_8444_4,books,517.9268603263747,361.34081659519853,pending,2024-03-14
48445,Product_8445_4,electronics,262.23564375301197,426.68605945496597,active,2024-12-24
48446,Product_8446_4,books,87.26602416741504,69.52067497538695,active,2024-02-04
48447,Product_8447_4,books,745.9248784924213,406.66026408223036,active,2024-06-06
48448,Product_8448_4,sports,483.09549926864645,416.8379500313032,archived,2024-11-07
48449,Product_8449_4,electronics,370.1738615440294,365.8348082493511,archived,2024-01-19
48450,Product_8450_4,home,475.82197168519946,439.5223776594839,inactive,2024-09-23
48451,Product_8451_4,clothing,171.45024344761754,211.93099388783466,active,2024-06-05
48452,Product_8452_4,electronics,451.797674331835,430.83038996963256,archived,2024-11-14
48453,Product_8453_4,books,479.58670730952684,82.40635623950594,active,2024-07-15
48454,Product_8454_4,electronics,184.78739380183808,141.5672528306736,pending,2024-03-20
48455,Product_8455_4,clothing,206.5468787868347,153.66924688281054,pending,2024-12-01
48456,Product_8456_4,home,55.53780821859168,327.44708318578853,inactive,2024-03-21
48457,Product_8457_4,electronics,540.3220615163003,450.6245348321185,archived,2024-04-23
48458,Product_8458_4,electronics,27.350707157613954,48.72362818064786,active,2024-02-25
48459,Product_8459_4,home,71.16503153557242,382.9342213279708,archived,2024-04-17
48460,Product_8460_4,sports,399.057896531808,337.27755033181336,active,2024-02-07
48461,Product_8461_4,clothing,700.3136841206344,11.362099680131713,inactive,2024-10-27
48462,Product_8462_4,home,968.3162228701553,319.5878820284008,archived,2024-07-06
48463,Product_8463_4,clothing,476.68758444478715,281.4056599924282,pending,2024-07-27
48464,Product_8464_4,electronics,562.9962991708841,353.736126438375,inactive,2024-05-08
48465,Product_8465_4,clothing,632.6751589112023,108.04410127591485,inactive,2024-06-08
48466,Product_8466_4,home,353.6878815218825,301.28462777067887,active,2024-12-27
48467,Product_8467_4,home,209.0685512783827,81.229977123848,archived,2024-08-27
48468,Product_8468_4,sports,238.3912353107187,177.87224853223,pending,2024-09-26
48469,Product_8469_4,clothing,307.66786042271,153.600908270649,inactive,2024-11-27
48470,Product_8470_4,books,89.21411328803512,216.80311098405883,archived,2024-01-19
48471,Product_8471_4,sports,610.6950797853576,39.375919522314724,active,2024-05-26
48472,Product_8472_4,home,763.2124982625994,278.76280018356937,archived,2024-07-10
48473,Product_8473_4,electronics,614.4595785132913,122.36512466116396,inactive,2024-07-22
48474,Product_8474_4,home,959.0356219144659,459.72956895906606,pending,2024-08-23
48475,Product_8475_4,electronics,366.4349357742603,85.98942874724847,active,2024-08-25
48476,Product_8476_4,home,351.56077168443363,180.1999872411337,active,2024-04-16
48477,Product_8477_4,home,768.3745044230292,250.90708248472208,active,2024-08-21
48478,Product_8478_4,books,297.41952042127554,146.26474299024736,inactive,2024-09-20
48479,Product_8479_4,sports,901.018913271737,319.1326766071525,archived,2024-09-15
48480,Product_8480_4,books,186.85571720323412,218.76833776458528,active,2024-01-16
48481,Product_8481_4,clothing,407.6228610919935,184.43205759617462,archived,2024-05-02
48482,Product_8482_4,electronics,648.5449304120247,478.49380862371015,inactive,2024-07-14
48483,Product_8483_4,sports,759.9803539206179,10.511737800715844,inactive,2024-01-28
48484,Product_8484_4,books,463.60096702652606,472.87095023592343,inactive,2024-08-08
48485,Product_8485_4,books,716.7698432298334,453.6153529718853,archived,2024-12-08
48486,Product_8486_4,electronics,195.56984658543706,134.50598170793307,pending,2024-11-02
48487,Product_8487_4,sports,363.7219938794604,319.6363591624545,archived,2024-09-18
48488,Product_8488_4,home,294.7463571752914,351.6564267203388,archived,2024-12-12
48489,Product_8489_4,books,314.41362304179427,357.3393186330269,pending,2024-06-10
48490,Product_8490_4,books,454.48788258144845,412.1311151185038,pending,2024-05-01
48491,Product_8491_4,home,690.9733503577124,80.56505254825124,active,2024-11-01
48492,Product_8492_4,books,976.3012583272191,141.44917591191194,inactive,2024-05-15
48493,Product_8493_4,electronics,212.98690580478615,74.26814030788685,pending,2024-01-08
48494,Product_8494_4,sports,585.7719001364643,409.17968645317376,active,2024-09-12
48495,Product_8495_4,books,190.48111401493114,162.32970322256685,inactive,2024-06-18
48496,Product_8496_4,clothing,825.3363740963531,247.72345295903614,active,2024-12-25
48497,Product_8497_4,sports,10.482736838917983,344.620106999994,inactive,2024-04-12
48498,Product_8498_4,home,780.8126937669896,360.2920740800381,active,2024-10-28
48499,Product_8499_4,electronics,375.4212001918926,251.90032847812085,pending,2024-10-28
48500,Product_8500_4,books,457.9368561543935,322.6710255658824,active,2024-01-24
48501,Product_8501_4,electronics,345.7105199438418,201.07806593039442,pending,2024-11-17
48502,Product_8502_4,electronics,743.0784688567009,490.8191414777494,inactive,2024-09-08
48503,Product_8503_4,electronics,500.32350066056597,282.0674739776505,archived,2024-02-14
48504,Product_8504_4,electronics,890.0605275452739,280.15477733715636,archived,2024-03-22
48505,Product_8505_4,sports,523.5707429033625,408.195659080534,active,2024-01-18
48506,Product_8506_4,electronics,504.4732093990206,249.00623748304827,pending,2024-02-11
48507,Product_8507_4,sports,650.7068162487383,26.95404611973291,inactive,2024-08-09
48508,Product_8508_4,home,192.33720853439908,379.6888511077023,inactive,2024-09-25
48509,Product_8509_4,books,825.2392683815215,344.9886015146268,pending,2024-06-20
48510,Product_8510_4,books,297.38340662318853,380.22518375596536,inactive,2024-12-08
48511,Product_8511_4,home,290.6932280933282,253.20492589304428,active,2024-10-11
48512,Product_8512_4,sports,767.15505351842,246.55306164148092,active,2024-07-28
48513,Product_8513_4,home,371.27273962735325,259.67553383214647,archived,2024-06-09
48514,Product_8514_4,clothing,394.4385844659201,398.1928926534044,inactive,2024-08-09
48515,Product_8515_4,clothing,570.0024544762142,356.77687416010616,inactive,2024-02-17
48516,Product_8516_4,books,80.6874806649452,76.91792201404479,active,2024-02-09
48517,Product_8517_4,books,111.37309975352572,36.362302649058584,archived,2024-09-27
48518,Product_8518_4,books,996.6526839468416,372.29569764991703,inactive,2024-07-23
48519,Product_8519_4,sports,188.5375869044764,162.62338033114088,archived,2024-09-18
48520,Product_8520_4,electronics,551.9671943814071,487.64356866927454,pending,2024-01-17
48521,Product_8521_4,home,965.0375253860904,69.50064293327443,archived,2024-12-04
48522,Product_8522_4,books,499.9459331863283,378.1567047367166,pending,2024-02-08
48523,Product_8523_4,electronics,384.27741171359094,457.8888113481962,archived,2024-06-05
48524,Product_8524_4,books,128.9517182405285,418.67732847933434,active,2024-07-17
48525,Product_8525_4,sports,673.8468260357271,294.99199873985987,inactive,2024-06-09
48526,Product_8526_4,home,444.7619062480358,308.43278268788333,inactive,2024-03-04
48527,Product_8527_4,clothing,705.4264736827782,333.79731933591194,pending,2024-10-15
48528,Product_8528_4,books,117.92578787556204,336.3553035836117,pending,2024-09-27
48529,Product_8529_4,electronics,689.3502818898254,448.53655068722,archived,2024-02-15
48530,Product_8530_4,sports,447.77097024987677,168.0600649923453,active,2024-07-23
48531,Product_8531_4,sports,53.34075508132421,397.60986190706177,inactive,2024-02-24
48532,Product_8532_4,clothing,839.4363352442475,350.74976379548843,active,2024-09-27
48533,Product_8533_4,books,430.60008694693784,47.02841135906804,archived,2024-04-07
48534,Product_8534_4,books,65.78895892225137,482.71642916288505,inactive,2024-05-12
48535,Product_8535_4,clothing,932.3296169770066,92.54623374556671,active,2024-12-14
48536,Product_8536_4,sports,406.3305704357429,94.51251846729603,archived,2024-01-22
48537,Product_8537_4,sports,715.5094660510101,283.20073291364395,archived,2024-02-24
48538,Product_8538_4,home,508.21927593063555,306.57355823044026,active,2024-07-14
48539,Product_8539_4,electronics,940.7112132484349,212.3873825722496,inactive,2024-12-14
48540,Product_8540_4,home,800.4690880504728,186.4554972056467,inactive,2024-11-13
48541,Product_8541_4,sports,234.58364773158425,348.12761645355334,archived,2024-09-04
48542,Product_8542_4,sports,703.6269714006302,144.46097563063068,inactive,2024-04-14
48543,Product_8543_4,home,415.72040161517134,243.67533184243882,active,2024-10-21
48544,Product_8544_4,clothing,552.84287696936,43.03381317041963,active,2024-03-27
48545,Product_8545_4,clothing,882.6646815970092,53.543332104748536,archived,2024-08-25
48546,Product_8546_4,clothing,955.0881222146123,27.92373313484306,inactive,2024-08-08
48547,Product_8547_4,electronics,712.3139905132836,331.413833280998,archived,2024-03-18
48548,Product_8548_4,clothing,408.62752176925966,95.32743142393103,pending,2024-06-20
48549,Product_8549_4,books,819.6435774209405,470.0596747802909,archived,2024-11-06
48550,Product_8550_4,home,595.8021784882487,61.073983092013314,inactive,2024-04-05
48551,Product_8551_4,electronics,809.8354267672154,210.079167745472,pending,2024-05-24
48552,Product_8552_4,home,391.59161586291236,26.773117100155844,archived,2024-11-04
48553,Product_8553_4,electronics,515.0926424243604,42.12284454615579,active,2024-10-28
48554,Product_8554_4,home,92.70901864800639,83.03732591833574,active,2024-01-24
48555,Product_8555_4,clothing,408.883753197714,465.5607301384557,archived,2024-02-15
48556,Product_8556_4,sports,344.34354917162784,310.3925062208693,pending,2024-03-25
48557,Product_8557_4,sports,230.5116686145661,400.5730270365584,inactive,2024-10-28
48558,Product_8558_4,home,734.726110586418,228.48582285996565,archived,2024-09-13
48559,Product_8559_4,books,875.353374425008,353.78285858154715,pending,2024-05-19
48560,Product_8560_4,home,978.4265008618769,476.53207039880533,active,2024-08-13
48561,Product_8561_4,clothing,611.9211261904699,308.683138908238,active,2024-11-06
48562,Product_8562_4,books,853.7354865080376,444.69350123660223,active,2024-06-09
48563,Product_8563_4,sports,480.48176552378766,477.72847728156097,inactive,2024-06-09
48564,Product_8564_4,sports,741.6381594868294,162.32018908784258,archived,2024-06-24
48565,Product_8565_4,electronics,949.2156666211857,140.43125577460734,archived,2024-03-12
48566,Product_8566_4,clothing,247.57747528814193,61.38618098656283,pending,2024-03-17
48567,Product_8567_4,home,291.43082278492574,391.0590632746739,active,2024-11-17
48568,Product_8568_4,sports,406.46105856764814,31.301789456301126,active,2024-01-08
48569,Product_8569_4,home,306.3005701753952,195.73377689146665,pending,2024-01-22
48570,Product_8570_4,home,28.22119593120447,43.992757875150396,pending,2024-03-22
48571,Product_8571_4,clothing,733.6620958730449,96.26132512945959,active,2024-10-02
48572,Product_8572_4,books,790.0824350961283,115.86756857845211,inactive,2024-06-11
48573,Product_8573_4,clothing,855.16464882494,263.34932051751946,pending,2024-06-11
48574,Product_8574_4,books,590.9484655271365,394.7307219863778,pending,2024-11-23
48575,Product_8575_4,electronics,677.0031691388201,352.90884143090705,inactive,2024-08-07
48576,Product_8576_4,home,865.8147122336098,18.41402016438576,archived,2024-07-25
48577,Product_8577_4,clothing,25.717274528188003,444.174021327918,pending,2024-07-24
48578,Product_8578_4,clothing,395.3460786074998,428.05065439143186,archived,2024-03-20
48579,Product_8579_4,home,72.91399424356487,453.42733359584224,inactive,2024-09-06
48580,Product_8580_4,home,453.7314021778387,499.4652892849233,archived,2024-10-05
48581,Product_8581_4,clothing,807.0882139918344,373.43027052221953,archived,2024-04-13
48582,Product_8582_4,clothing,977.3396415382356,364.4027828839462,archived,2024-08-01
48583,Product_8583_4,electronics,42.51478908802852,119.64639321289913,inactive,2024-06-22
48584,Product_8584_4,clothing,40.10177268748199,360.6531011216141,inactive,2024-09-19
48585,Product_8585_4,clothing,674.9269171973514,432.5138508592411,pending,2024-07-16
48586,Product_8586_4,sports,522.70129728824,78.49673127306703,active,2024-04-16
48587,Product_8587_4,electronics,290.64426494357207,189.64576404198758,archived,2024-10-22
48588,Product_8588_4,books,122.07431353415988,278.26567552274054,inactive,2024-10-24
48589,Product_8589_4,electronics,518.2702961816019,269.06636410149946,archived,2024-01-10
48590,Product_8590_4,clothing,378.59803211470233,482.73840832687125,pending,2024-03-19
48591,Product_8591_4,home,806.014237336166,46.07149732112408,archived,2024-11-14
48592,Product_8592_4,home,153.93533907986068,227.8822697723503,inactive,2024-05-23
48593,Product_8593_4,electronics,737.1670752680012,295.9840232438907,active,2024-03-10
48594,Product_8594_4,home,609.6100367089432,309.5838321747396,pending,2024-03-22
48595,Product_8595_4,home,310.2581768459145,236.33342109303018,inactive,2024-02-04
48596,Product_8596_4,clothing,903.8311936262687,221.51618564735782,inactive,2024-10-15
48597,Product_8597_4,home,728.4015105462246,51.02821771579153,archived,2024-02-25
48598,Product_8598_4,electronics,37.12182842700375,123.73517616144305,pending,2024-01-24
48599,Product_8599_4,books,568.0676110265989,374.68644581476406,inactive,2024-11-22
48600,Product_8600_4,sports,183.80196754600726,176.09616576639758,active,2024-08-18
48601,Product_8601_4,home,371.32597539424654,16.70104722646732,active,2024-04-23
48602,Product_8602_4,books,327.0402374708743,318.6907792808705,archived,2024-06-09
48603,Product_8603_4,home,831.0297767006842,257.85293010309306,active,2024-08-19
48604,Product_8604_4,home,102.31341671354504,142.33550796207103,archived,2024-12-25
48605,Product_8605_4,electronics,186.87079284007788,15.002759274399704,inactive,2024-04-10
48606,Product_8606_4,home,641.973758452062,345.2290364186449,archived,2024-06-04
48607,Product_8607_4,books,696.6788414996752,199.99754664071415,inactive,2024-11-22
48608,Product_8608_4,home,407.91503023907393,242.66033739780985,active,2024-04-01
48609,Product_8609_4,home,155.058949573295,235.17802193830312,active,2024-05-06
48610,Product_8610_4,books,476.90016059951984,499.72727241040604,active,2024-03-16
48611,Product_8611_4,sports,754.2324094597418,24.580782920341846,archived,2024-05-19
48612,Product_8612_4,books,314.3312611470251,372.01788796629256,pending,2024-04-14
48613,Product_8613_4,electronics,64.12420855203752,136.32278834554802,archived,2024-07-08
48614,Product_8614_4,books,71.50908597184593,111.13596947253427,active,2024-01-27
48615,Product_8615_4,sports,708.4577264408134,116.05039032147384,archived,2024-08-19
48616,Product_8616_4,books,233.54133314966347,190.10610048408796,pending,2024-01-14
48617,Product_8617_4,books,32.422111468064166,327.9688986333893,inactive,2024-09-26
48618,Product_8618_4,clothing,384.3051351337269,326.8432916868975,archived,2024-10-05
48619,Product_8619_4,books,798.5516552652605,458.29095121269177,pending,2024-06-02
48620,Product_8620_4,books,239.2950946640436,490.51931438967875,archived,2024-01-01
48621,Product_8621_4,books,239.0457004199497,470.8535904282619,inactive,2024-03-18
48622,Product_8622_4,sports,743.135831623989,380.89989853046285,archived,2024-12-18
48623,Product_8623_4,electronics,788.2521919296476,331.79822133636395,pending,2024-08-11
48624,Product_8624_4,electronics,618.4695057891072,284.8082337057381,active,2024-06-18
48625,Product_8625_4,books,700.3186410218373,302.0687864124723,active,2024-10-28
48626,Product_8626_4,electronics,340.39311969442906,308.72950867643556,active,2024-11-25
48627,Product_8627_4,sports,270.84415544728193,381.7950895383573,inactive,2024-06-11
48628,Product_8628_4,books,829.8793834528589,174.7330224570224,active,2024-08-25
48629,Product_8629_4,books,778.1110415518621,167.9306941143404,pending,2024-05-15
48630,Product_8630_4,books,592.8567242995441,179.20843519172965,active,2024-12-21
48631,Product_8631_4,home,981.2981747214327,37.74158260098616,pending,2024-03-22
48632,Product_8632_4,clothing,495.4991187417622,445.58905988244067,archived,2024-11-20
48633,Product_8633_4,sports,941.3169721594031,47.8063458621593,active,2024-01-15
48634,Product_8634_4,home,373.45375370892515,137.82165330110632,pending,2024-02-14
48635,Product_8635_4,books,906.434395601556,207.79368517251274,pending,2024-07-18
48636,Product_8636_4,books,997.7427978805728,97.6927210366099,archived,2024-12-09
48637,Product_8637_4,clothing,439.56114053385136,214.92903450286786,inactive,2024-12-23
48638,Product_8638_4,books,192.82079713351845,212.15877821984682,archived,2024-09-08
48639,Product_8639_4,clothing,113.15002330331859,36.917703180285415,pending,2024-02-26
48640,Product_8640_4,clothing,680.6722408529147,143.16267465604435,active,2024-07-23
48641,Product_8641_4,electronics,858.4556057456382,97.92866657832624,active,2024-07-21
48642,Product_8642_4,sports,480.4204462038735,285.930662661625,inactive,2024-05-19
48643,Product_8643_4,sports,543.9878068754881,69.78114765278644,inactive,2024-10-04
48644,Product_8644_4,electronics,465.89223224041496,471.57151275892346,active,2024-03-19
48645,Product_8645_4,books,190.80917355835393,395.0035954274856,active,2024-05-15
48646,Product_8646_4,clothing,988.9489159902832,159.04517235355874,inactive,2024-04-14
48647,Product_8647_4,books,394.1472539798256,464.280461013297,pending,2024-02-11
48648,Product_8648_4,books,949.5310953081024,322.08057698401007,pending,2024-11-09
48649,Product_8649_4,sports,178.58255925516264,299.3007795659764,pending,2024-07-09
48650,Product_8650_4,clothing,588.3681958640897,444.34929959581945,inactive,2024-04-18
48651,Product_8651_4,clothing,437.04963674851973,340.07686477208057,archived,2024-08-02
48652,Product_8652_4,books,219.29162101271112,198.09830983479142,pending,2024-09-20
48653,Product_8653_4,home,676.2515615617289,120.28634217548301,pending,2024-10-10
48654,Product_8654_4,electronics,258.9466593268233,483.6886100138753,archived,2024-08-28
48655,Product_8655_4,electronics,593.4027154303034,155.28991294254988,pending,2024-02-28
48656,Product_8656_4,home,808.6617463757606,432.8323593235256,pending,2024-02-18
48657,Product_8657_4,books,267.76198783496045,473.9025881719111,inactive,2024-12-20
48658,Product_8658_4,clothing,566.8602080359574,61.45499730714638,pending,2024-08-28
48659,Product_8659_4,clothing,354.534142868428,425.0420831908075,active,2024-06-23
48660,Product_8660_4,sports,463.25906073343793,432.5279814911324,inactive,2024-01-13
48661,Product_8661_4,electronics,909.8438655270315,54.18410910420099,archived,2024-04-27
48662,Product_8662_4,electronics,261.95136771178596,340.2889432032581,archived,2024-05-12
48663,Product_8663_4,electronics,228.89879046390746,432.8604296763361,pending,2024-07-09
48664,Product_8664_4,sports,135.39077532147957,94.17452442970205,archived,2024-03-28
48665,Product_8665_4,books,712.2580960608392,176.46957777114667,pending,2024-12-21
48666,Product_8666_4,home,306.9423967301979,272.2557807660247,pending,2024-01-20
48667,Product_8667_4,sports,520.863724562018,200.76157096444462,pending,2024-05-11
48668,Product_8668_4,electronics,458.3471810627528,390.6242147285219,inactive,2024-08-16
48669,Product_8669_4,clothing,666.7011479276465,87.21765061861103,archived,2024-04-26
48670,Product_8670_4,clothing,757.2509286963935,61.33196841235905,pending,2024-05-28
48671,Product_8671_4,clothing,386.35845794186827,143.9136520257308,inactive,2024-08-08
48672,Product_8672_4,electronics,674.8105719136216,379.483847375275,active,2024-01-03
48673,Product_8673_4,electronics,754.920159354799,359.66422779743675,archived,2024-04-05
48674,Product_8674_4,home,583.3318641731362,378.99799420992593,active,2024-10-13
48675,Product_8675_4,sports,975.147072522581,477.930517120412,pending,2024-08-20
48676,Product_8676_4,sports,299.61986120991367,152.15720086610554,archived,2024-05-08
48677,Product_8677_4,home,627.4041822399231,122.73115149682802,active,2024-08-20
48678,Product_8678_4,home,471.10540181195415,475.8557769413635,active,2024-04-06
48679,Product_8679_4,electronics,595.1699413086507,104.82762855230781,inactive,2024-01-20
48680,Product_8680_4,sports,444.23938687681243,294.4607155440638,inactive,2024-03-20
48681,Product_8681_4,home,490.16537813356456,134.55899808964006,pending,2024-02-05
48682,Product_8682_4,home,326.93057525981635,253.40351117210514,inactive,2024-03-15
48683,Product_8683_4,home,75.88369147855728,338.44844175324647,pending,2024-10-20
48684,Product_8684_4,electronics,264.41844450052014,310.6178044218349,inactive,2024-09-12
48685,Product_8685_4,electronics,151.1096062909889,94.7562254104578,archived,2024-02-27
48686,Product_8686_4,clothing,528.9788713876949,188.3396092518008,archived,2024-10-16
48687,Product_8687_4,electronics,672.0615485896454,47.441494701313395,active,2024-05-28
48688,Product_8688_4,clothing,33.58681579887926,187.98110165058895,active,2024-05-01
48689,Product_8689_4,books,886.875826562166,460.0338946655363,archived,2024-06-13
48690,Product_8690_4,clothing,205.7394898824987,147.60845566856455,inactive,2024-06-05
48691,Product_8691_4,clothing,37.73355733071281,470.0424239574554,archived,2024-01-02
48692,Product_8692_4,electronics,786.8362544009959,116.27661503247785,pending,2024-08-22
48693,Product_8693_4,clothing,677.6051919289396,317.6842169512877,active,2024-01-19
48694,Product_8694_4,clothing,592.0110640549943,113.64187192932826,pending,2024-11-19
48695,Product_8695_4,electronics,339.404313327277,319.623387739837,inactive,2024-09-19
48696,Product_8696_4,electronics,548.882345082788,157.50179348323675,inactive,2024-04-23
48697,Product_8697_4,books,647.0376738427386,159.23337726393262,pending,2024-01-10
48698,Product_8698_4,clothing,475.7515671693196,18.55443557986827,active,2024-11-15
48699,Product_8699_4,electronics,232.9363081216216,166.49311886118275,active,2024-09-21
48700,Product_8700_4,clothing,719.3296710200864,357.66791363328576,active,2024-11-01
48701,Product_8701_4,electronics,979.5418579595337,55.591549747447395,inactive,2024-01-09
48702,Product_8702_4,books,736.5597682932878,106.21880451060154,inactive,2024-02-22
48703,Product_8703_4,home,539.0815859394562,449.9358535846973,pending,2024-06-23
48704,Product_8704_4,clothing,183.22797151036107,417.9316285535588,pending,2024-05-13
48705,Product_8705_4,home,736.6936811275931,336.054055031975,archived,2024-03-13
48706,Product_8706_4,books,411.8591534767687,387.0601023237807,inactive,2024-03-01
48707,Product_8707_4,home,481.4833046937408,205.17845948746506,archived,2024-03-04
48708,Product_8708_4,home,823.4148594224193,482.8068347895888,pending,2024-09-10
48709,Product_8709_4,books,694.6989664861644,473.41718827909426,active,2024-12-05
48710,Product_8710_4,electronics,432.67923754570677,358.54866144890826,active,2024-07-25
48711,Product_8711_4,books,996.7890409648089,446.4992445903416,pending,2024-03-04
48712,Product_8712_4,sports,24.59560223950133,224.59658304931008,archived,2024-08-28
48713,Product_8713_4,home,467.9937987541843,493.6440592201024,archived,2024-11-25
48714,Product_8714_4,sports,902.9475099937487,296.30235389784883,active,2024-05-21
48715,Product_8715_4,electronics,424.2719364800708,146.9511211637298,active,2024-07-13
48716,Product_8716_4,electronics,418.80264644485317,18.076583865365734,active,2024-06-05
48717,Product_8717_4,sports,478.494849035364,125.54839887228641,archived,2024-05-07
48718,Product_8718_4,books,783.0585590070633,150.98050457739845,active,2024-08-17
48719,Product_8719_4,electronics,944.8670746768869,233.90048463996894,inactive,2024-09-13
48720,Product_8720_4,books,395.45839093347314,489.33938289103753,pending,2024-10-24
48721,Product_8721_4,sports,171.46371411273887,199.97610022296024,pending,2024-01-13
48722,Product_8722_4,books,635.6450795741731,333.93230819316926,archived,2024-02-20
48723,Product_8723_4,sports,73.26798857502091,421.5972224728265,active,2024-09-04
48724,Product_8724_4,sports,53.02503535540119,132.083790144802,inactive,2024-07-03
48725,Product_8725_4,sports,463.7671596062837,240.16248637184088,pending,2024-12-21
48726,Product_8726_4,clothing,741.0251711510953,121.1400253848211,pending,2024-02-28
48727,Product_8727_4,home,188.8339375498262,50.802659721656795,inactive,2024-02-17
48728,Product_8728_4,sports,815.322521470324,166.33717937834797,inactive,2024-06-17
48729,Product_8729_4,electronics,162.1277114617577,56.96323736150215,inactive,2024-12-26
48730,Product_8730_4,books,610.0094289922421,375.8938353066725,active,2024-12-09
48731,Product_8731_4,books,765.0955636736431,240.1717156456256,archived,2024-06-10
48732,Product_8732_4,sports,631.0177561383172,179.17764771102205,archived,2024-03-12
48733,Product_8733_4,sports,204.19004258841326,351.0248086012139,pending,2024-11-19
48734,Product_8734_4,clothing,529.5261300181294,451.87021716748376,active,2024-05-06
48735,Product_8735_4,sports,812.0241860909538,246.9065029096502,archived,2024-10-05
48736,Product_8736_4,electronics,384.8156135628291,182.24023131983085,pending,2024-12-24
48737,Product_8737_4,home,516.2976967562402,212.93862109906587,active,2024-04-28
48738,Product_8738_4,books,142.31762205117545,462.88675896021385,active,2024-12-10
48739,Product_8739_4,books,290.64246139594536,98.73366808179225,pending,2024-05-25
48740,Product_8740_4,books,345.94771689220266,108.18466382712026,archived,2024-05-27
48741,Product_8741_4,clothing,891.4928897257612,219.22278031107447,archived,2024-04-06
48742,Product_8742_4,clothing,863.2845179205812,121.71444485665658,active,2024-03-16
48743,Product_8743_4,sports,874.6133648877066,250.0122541793241,inactive,2024-10-20
48744,Product_8744_4,clothing,162.9442480612519,419.212454240267,active,2024-03-14
48745,Product_8745_4,home,774.4869862017445,233.8687774069625,active,2024-04-25
48746,Product_8746_4,books,439.40188920895133,237.44196972265246,archived,2024-05-11
48747,Product_8747_4,clothing,8.728796885134296,466.8212437639844,active,2024-02-11
48748,Product_8748_4,books,565.8717695981413,72.82352045780341,pending,2024-03-10
48749,Product_8749_4,books,176.33018673068477,48.54497585100445,pending,2024-03-20
48750,Product_8750_4,sports,758.4226582489522,27.535245676958343,archived,2024-02-03
48751,Product_8751_4,home,546.5921777962792,40.82998296086757,inactive,2024-10-24
48752,Product_8752_4,clothing,267.75604119405705,174.02995437507994,pending,2024-04-27
48753,Product_8753_4,clothing,550.2769527835295,305.7731456988344,active,2024-11-15
48754,Product_8754_4,clothing,572.1702930612677,19.39942726197019,archived,2024-02-22
48755,Product_8755_4,clothing,271.9336549588845,493.73248535552545,active,2024-01-11
48756,Product_8756_4,home,686.1861073757885,229.02400704656762,inactive,2024-04-15
48757,Product_8757_4,clothing,552.4396749667955,240.9798572009766,archived,2024-05-02
48758,Product_8758_4,books,404.7749100340283,489.29378057081794,inactive,2024-01-15
48759,Product_8759_4,clothing,773.3851512118467,136.7340093539646,active,2024-07-17
48760,Product_8760_4,sports,956.6675329338041,55.2967197868713,active,2024-04-10
48761,Product_8761_4,sports,576.2685506793824,56.17745317001233,active,2024-01-28
48762,Product_8762_4,sports,345.3659592516181,401.4978324334357,archived,2024-12-26
48763,Product_8763_4,clothing,782.0304489573974,393.374581526962,active,2024-04-23
48764,Product_8764_4,books,574.6562630615757,25.870509329329664,pending,2024-05-12
48765,Product_8765_4,home,586.793049513375,429.66965634262067,archived,2024-05-11
48766,Product_8766_4,clothing,970.8821442477673,271.12623372685033,active,2024-06-13
48767,Product_8767_4,clothing,48.62939477929796,392.91937883487043,active,2024-11-23
48768,Product_8768_4,electronics,904.9683925231831,490.3955480747992,archived,2024-08-03
48769,Product_8769_4,sports,232.0820758022677,466.25495894136924,active,2024-06-19
48770,Product_8770_4,books,199.37318104946164,489.4297100824275,inactive,2024-05-05
48771,Product_8771_4,clothing,981.1343551040541,335.31913150753627,active,2024-03-07
48772,Product_8772_4,home,608.6431637374276,148.4712468108756,active,2024-01-09
48773,Product_8773_4,sports,968.4744329340524,155.13357349258044,inactive,2024-04-22
48774,Product_8774_4,clothing,44.80943233620562,493.0195827357989,pending,2024-05-10
48775,Product_8775_4,home,905.7751370158438,228.9431904862907,inactive,2024-01-27
48776,Product_8776_4,home,198.6063467684322,154.47612908917492,archived,2024-01-28
48777,Product_8777_4,clothing,809.5178861247142,340.12809507175723,active,2024-06-28
48778,Product_8778_4,clothing,175.61318091640118,161.16539687337882,archived,2024-12-07
48779,Product_8779_4,electronics,165.8283366586242,227.63258137039986,inactive,2024-06-25
48780,Product_8780_4,sports,195.26401492956742,150.0285631077347,archived,2024-01-13
48781,Product_8781_4,electronics,652.9278355742929,211.14645629687809,archived,2024-05-21
48782,Product_8782_4,books,345.27706990744673,399.17881163068137,active,2024-10-07
48783,Product_8783_4,clothing,35.59848074197063,354.79974482887786,archived,2024-01-24
48784,Product_8784_4,books,632.5100452990664,157.16104323841125,archived,2024-04-05
48785,Product_8785_4,sports,106.98871722065176,470.0584754339647,active,2024-05-02
48786,Product_8786_4,home,396.0031662490524,442.829994647431,pending,2024-01-16
48787,Product_8787_4,sports,55.7935129480554,489.0940957621367,active,2024-11-17
48788,Product_8788_4,electronics,254.11695055717627,104.65771078693543,archived,2024-04-22
48789,Product_8789_4,electronics,28.126322777428904,390.7743665957224,pending,2024-01-22
48790,Product_8790_4,home,632.0839463639938,102.98287802262998,archived,2024-12-05
48791,Product_8791_4,clothing,337.3458222197969,225.61387185463636,archived,2024-09-14
48792,Product_8792_4,sports,891.6517878771778,366.0988964865508,active,2024-11-21
48793,Product_8793_4,books,533.0551724180817,278.434294871304,inactive,2024-04-08
48794,Product_8794_4,electronics,55.17260487765446,429.9709753118499,archived,2024-09-21
48795,Product_8795_4,books,465.3379530285961,56.00606533292903,archived,2024-02-03
48796,Product_8796_4,sports,666.5545463060428,100.98619516751182,inactive,2024-02-10
48797,Product_8797_4,clothing,382.21490886433764,314.11826429145873,active,2024-12-02
48798,Product_8798_4,electronics,447.21014542594554,484.90234945335294,archived,2024-09-25
48799,Product_8799_4,clothing,425.75250429869317,480.8334012468305,archived,2024-03-04
48800,Product_8800_4,electronics,17.21099934641371,22.739298430217097,inactive,2024-04-09
48801,Product_8801_4,electronics,711.5524067514517,160.60100849451484,active,2024-08-17
48802,Product_8802_4,sports,696.0643920833955,10.712747555029159,inactive,2024-05-12
48803,Product_8803_4,electronics,742.0723405993739,344.7700290411562,pending,2024-12-06
48804,Product_8804_4,home,372.39174757415265,432.92607387724837,archived,2024-07-28
48805,Product_8805_4,electronics,528.9635972833648,192.43727273038064,inactive,2024-06-10
48806,Product_8806_4,home,95.91686807505093,427.44305949299616,archived,2024-02-07
48807,Product_8807_4,clothing,901.2421951562471,354.48505713417,pending,2024-02-27
48808,Product_8808_4,home,572.5698114503161,267.9196570611222,pending,2024-09-10
48809,Product_8809_4,home,620.5714515386451,341.68671379882653,archived,2024-04-12
48810,Product_8810_4,books,618.6453772766745,249.26968369259725,inactive,2024-04-23
48811,Product_8811_4,books,701.7081767268797,45.60261818858841,active,2024-12-15
48812,Product_8812_4,books,366.34771371923006,248.84337495025204,pending,2024-03-02
48813,Product_8813_4,books,296.57728637796265,32.6597977365336,inactive,2024-05-19
48814,Product_8814_4,books,800.0125945315891,259.22078721504306,archived,2024-10-09
48815,Product_8815_4,sports,296.01128620155976,291.10149167212876,pending,2024-08-22
48816,Product_8816_4,clothing,652.5405819870459,362.58431147427694,active,2024-10-23
48817,Product_8817_4,sports,43.15813054329679,253.28360729941298,archived,2024-07-17
48818,Product_8818_4,clothing,186.62604198299903,126.89679991194492,inactive,2024-06-11
48819,Product_8819_4,books,635.7935283749049,164.0823685785415,pending,2024-12-04
48820,Product_8820_4,electronics,421.9732970194653,20.353231172074942,pending,2024-07-25
48821,Product_8821_4,clothing,225.097966742918,367.3218424175572,archived,2024-03-10
48822,Product_8822_4,sports,517.1322676351406,353.8688134374383,inactive,2024-06-10
48823,Product_8823_4,books,227.26597545289764,265.13469424547316,pending,2024-08-14
48824,Product_8824_4,home,75.85074734533882,319.28407514156004,archived,2024-09-06
48825,Product_8825_4,home,956.9571605168591,331.8319561211293,archived,2024-12-01
48826,Product_8826_4,home,885.2006133195733,497.6339431400693,archived,2024-09-15
48827,Product_8827_4,books,531.088586305057,133.387371816928,pending,2024-07-05
48828,Product_8828_4,electronics,477.19773663077746,20.2054293007628,archived,2024-11-24
48829,Product_8829_4,home,307.01595462815936,55.06369439239245,archived,2024-04-03
48830,Product_8830_4,electronics,393.25934550537505,358.0801727027326,inactive,2024-09-11
48831,Product_8831_4,clothing,512.3251201210189,185.1398843885413,inactive,2024-07-19
48832,Product_8832_4,sports,73.03162145093918,416.5754966987683,pending,2024-06-16
48833,Product_8833_4,clothing,542.1626491208772,353.70407214453735,pending,2024-06-19
48834,Product_8834_4,electronics,675.5069933033093,245.90020099913755,pending,2024-11-25
48835,Product_8835_4,clothing,788.385246244445,223.5679815912786,pending,2024-05-03
48836,Product_8836_4,sports,613.7340490746543,426.26147785183815,pending,2024-07-09
48837,Product_8837_4,books,499.1072508839175,357.6779680052273,archived,2024-02-02
48838,Product_8838_4,sports,241.60180027840718,464.2160467521684,active,2024-11-02
48839,Product_8839_4,home,295.8925483323632,174.52503404391,pending,2024-08-28
48840,Product_8840_4,books,284.9012201372623,465.6538787783439,active,2024-07-09
48841,Product_8841_4,electronics,504.11008740942054,18.076059491999967,inactive,2024-08-13
48842,Product_8842_4,clothing,553.9764437009408,241.33744875141218,archived,2024-01-13
48843,Product_8843_4,clothing,406.47041743684986,313.5795797757669,inactive,2024-11-04
48844,Product_8844_4,clothing,116.46890609026988,394.14635411730666,pending,2024-03-03
48845,Product_8845_4,books,235.1409690218826,331.00750864409974,archived,2024-11-24
48846,Product_8846_4,home,920.0410669731518,400.09056704262997,active,2024-05-25
48847,Product_8847_4,clothing,623.715000161998,179.0355004465343,active,2024-09-02
48848,Product_8848_4,home,688.7309316432442,390.1455059593209,active,2024-04-17
48849,Product_8849_4,electronics,234.912734338304,27.288419255499765,active,2024-08-17
48850,Product_8850_4,clothing,827.3676801032766,471.1281296961544,archived,2024-12-06
48851,Product_8851_4,sports,599.4786065373196,440.9197545306341,active,2024-04-05
48852,Product_8852_4,electronics,783.7009154133946,350.769468063115,active,2024-10-07
48853,Product_8853_4,home,714.610771863235,28.362601329894154,pending,2024-02-26
48854,Product_8854_4,home,751.8879731096775,496.6443917599537,active,2024-12-05
48855,Product_8855_4,home,811.9250532970167,49.186483410862,active,2024-11-24
48856,Product_8856_4,electronics,595.120791738161,437.0355699889815,archived,2024-03-04
48857,Product_8857_4,home,693.5049995559551,323.668737388482,inactive,2024-07-28
48858,Product_8858_4,books,782.7366342349443,303.1821555818287,pending,2024-08-05
48859,Product_8859_4,clothing,192.10602421100666,180.57466051749375,pending,2024-08-24
48860,Product_8860_4,home,638.8955495483218,20.893835345510713,inactive,2024-09-08
48861,Product_8861_4,clothing,184.06102176514221,292.70275388597247,archived,2024-06-01
48862,Product_8862_4,books,168.99809068175787,142.43244721619624,active,2024-03-13
48863,Product_8863_4,books,461.6960471598407,248.4129084221402,pending,2024-05-09
48864,Product_8864_4,home,334.0386383879102,217.4460571877009,active,2024-01-15
48865,Product_8865_4,home,930.1613011797485,344.3444340231353,active,2024-10-03
48866,Product_8866_4,home,248.39245689989949,230.37202643147833,active,2024-04-16
48867,Product_8867_4,electronics,274.49626030531454,310.50796750138977,inactive,2024-04-19
48868,Product_8868_4,sports,307.16969872454854,52.9503179661395,pending,2024-10-07
48869,Product_8869_4,electronics,721.6627324744206,305.237693578768,active,2024-10-06
48870,Product_8870_4,electronics,86.78235157763676,367.0598405186253,pending,2024-12-26
48871,Product_8871_4,home,938.960120982785,55.58695291910609,active,2024-11-13
48872,Product_8872_4,books,225.07536693717154,314.8723073120242,active,2024-08-01
48873,Product_8873_4,sports,513.5534252035967,230.155386147391,pending,2024-01-01
48874,Product_8874_4,home,211.97186139801647,83.24764492951871,pending,2024-01-28
48875,Product_8875_4,electronics,145.55844720119237,91.08487706260203,archived,2024-03-08
48876,Product_8876_4,electronics,801.4004583399144,326.86030806468847,inactive,2024-03-07
48877,Product_8877_4,home,684.620241563907,116.5228843890904,pending,2024-02-17
48878,Product_8878_4,home,600.5882416285409,195.82950562606254,active,2024-09-02
48879,Product_8879_4,clothing,255.04704754372463,147.19063078715743,inactive,2024-08-24
48880,Product_8880_4,home,687.8195443171003,14.013367755352721,archived,2024-04-27
48881,Product_8881_4,clothing,942.2737851746766,106.7389312217344,archived,2024-02-27
48882,Product_8882_4,sports,562.0957541357122,321.2931736688962,inactive,2024-10-01
48883,Product_8883_4,home,137.2125175619906,256.07338438334324,pending,2024-01-17
48884,Product_8884_4,electronics,635.7881761526847,417.32755429537764,inactive,2024-02-19
48885,Product_8885_4,clothing,1.783859234933795,57.44402383334195,inactive,2024-11-13
48886,Product_8886_4,clothing,142.3545471614383,76.26200110212986,archived,2024-11-13
48887,Product_8887_4,home,821.9771069836272,34.04506312727038,active,2024-01-06
48888,Product_8888_4,books,61.29597910448554,319.9564852851484,pending,2024-02-24
48889,Product_8889_4,home,679.7518655547178,277.50522935158784,inactive,2024-03-10
48890,Product_8890_4,electronics,268.62194404046653,171.8403804928119,pending,2024-06-25
48891,Product_8891_4,sports,408.7027148973241,435.11445790144467,archived,2024-05-22
48892,Product_8892_4,clothing,938.7826913175365,457.2207663502172,archived,2024-04-26
48893,Product_8893_4,home,588.2408662744705,312.3858541212243,pending,2024-02-26
48894,Product_8894_4,home,556.0068403417337,261.73643610265873,archived,2024-09-02
48895,Product_8895_4,electronics,1.164372939228823,394.35707722263675,inactive,2024-08-09
48896,Product_8896_4,books,555.767014470027,257.8599599345947,inactive,2024-11-07
48897,Product_8897_4,electronics,284.838174328873,252.47541749921643,active,2024-05-14
48898,Product_8898_4,clothing,244.03951521661153,383.8888467732464,active,2024-06-08
48899,Product_8899_4,electronics,677.923777632656,182.31249721969334,archived,2024-06-17
48900,Product_8900_4,books,593.3402954135064,111.96366040702877,inactive,2024-02-28
48901,Product_8901_4,books,642.9000073304999,43.988613133881394,inactive,2024-05-18
48902,Product_8902_4,clothing,301.4192878553106,98.68974488929322,pending,2024-10-12
48903,Product_8903_4,clothing,95.83970651998189,420.38751629358615,pending,2024-03-12
48904,Product_8904_4,sports,359.8434459210486,50.71927801642252,inactive,2024-10-17
48905,Product_8905_4,sports,451.94669859872613,478.4040214817869,archived,2024-05-25
48906,Product_8906_4,electronics,847.6643839557175,63.83724888714478,inactive,2024-02-25
48907,Product_8907_4,clothing,879.2339454037998,24.520841680950127,active,2024-06-28
48908,Product_8908_4,electronics,190.50429282125452,362.8988068170688,pending,2024-10-28
48909,Product_8909_4,clothing,486.3827203545026,342.7718032441982,archived,2024-08-05
48910,Product_8910_4,sports,826.3650385790777,494.48635432299614,active,2024-12-05
48911,Product_8911_4,home,648.5222260846311,91.91751989185279,pending,2024-01-08
48912,Product_8912_4,sports,164.20367676459887,85.13844858703315,pending,2024-08-15
48913,Product_8913_4,electronics,382.8305866985312,197.3875916837319,active,2024-01-02
48914,Product_8914_4,home,672.110425168545,437.9156501116652,active,2024-06-09
48915,Product_8915_4,home,981.7702419459697,405.43292781164047,archived,2024-01-15
48916,Product_8916_4,sports,771.0665351980053,286.7316955198792,pending,2024-04-18
48917,Product_8917_4,electronics,814.6926082845223,467.6397156406404,archived,2024-05-27
48918,Product_8918_4,books,181.09227672475177,157.0171328611972,pending,2024-03-21
48919,Product_8919_4,home,943.6142606791475,331.15725720353635,active,2024-07-17
48920,Product_8920_4,books,588.0150784597222,155.09335001198704,pending,2024-03-11
48921,Product_8921_4,books,823.0826734015707,380.2440743848728,archived,2024-07-04
48922,Product_8922_4,home,203.70403371715898,461.40360829533654,archived,2024-01-26
48923,Product_8923_4,home,640.7434459629895,455.4596717693951,archived,2024-07-07
48924,Product_8924_4,home,593.6017139854939,33.80586092861668,active,2024-08-10
48925,Product_8925_4,home,7.911144104170499,280.65416360592394,inactive,2024-12-07
48926,Product_8926_4,sports,384.4822613218388,448.877204834171,archived,2024-01-19
48927,Product_8927_4,clothing,458.12942034599143,274.76951228014536,inactive,2024-04-22
48928,Product_8928_4,clothing,911.2669171098905,27.16432226923442,pending,2024-04-27
48929,Product_8929_4,home,371.51032230821176,354.4331214107422,pending,2024-03-14
48930,Product_8930_4,electronics,951.3263714400393,74.82738365236862,inactive,2024-05-04
48931,Product_8931_4,home,613.137950119399,327.77184747998245,active,2024-06-21
48932,Product_8932_4,clothing,759.1946420592982,395.01240722962865,archived,2024-06-26
48933,Product_8933_4,home,503.8087041202198,27.455263845767732,pending,2024-11-01
48934,Product_8934_4,clothing,445.2119401724274,78.94368083031738,pending,2024-01-27
48935,Product_8935_4,books,899.9261432600058,299.03692198582894,inactive,2024-02-23
48936,Product_8936_4,electronics,823.2583635031782,50.15195938731234,pending,2024-09-11
48937,Product_8937_4,clothing,574.6184817974906,35.4646835012564,pending,2024-06-25
48938,Product_8938_4,home,150.11747625911406,283.0641957932795,archived,2024-08-28
48939,Product_8939_4,home,438.9505276837219,396.3823420336455,archived,2024-11-28
48940,Product_8940_4,sports,873.0628192931342,378.02786772758617,pending,2024-01-25
48941,Product_8941_4,home,840.3837920308291,208.86429045094792,active,2024-10-24
48942,Product_8942_4,sports,840.1954005205331,378.31714133348123,pending,2024-06-21
48943,Product_8943_4,electronics,314.20796718095386,352.8889776376213,pending,2024-12-05
48944,Product_8944_4,books,622.9331000628245,268.3209879927434,active,2024-06-27
48945,Product_8945_4,sports,613.1365646976993,192.48175428043243,pending,2024-12-09
48946,Product_8946_4,books,805.8497416589937,424.4677075391262,archived,2024-05-08
48947,Product_8947_4,electronics,940.5991713849329,108.80940854729258,active,2024-07-23
48948,Product_8948_4,clothing,984.0835141349835,291.7956816538373,pending,2024-11-17
48949,Product_8949_4,clothing,736.0340117052625,449.08951110037606,archived,2024-07-20
48950,Product_8950_4,home,816.7228557480229,353.9566979724289,inactive,2024-07-25
48951,Product_8951_4,books,936.7313336063851,363.0055832305002,active,2024-05-28
48952,Product_8952_4,books,272.8999199473693,153.57709313987067,inactive,2024-10-06
48953,Product_8953_4,electronics,353.1148990076853,11.194137436797899,archived,2024-01-09
48954,Product_8954_4,clothing,130.58850925038269,257.39190129388794,pending,2024-05-05
48955,Product_8955_4,clothing,120.62373451600176,371.71629326950233,archived,2024-07-11
48956,Product_8956_4,sports,708.2932782753554,194.42863753437882,active,2024-01-08
48957,Product_8957_4,clothing,499.564767556875,104.19307152986028,active,2024-09-20
48958,Product_8958_4,electronics,797.9088119558209,274.5566158330977,archived,2024-02-14
48959,Product_8959_4,electronics,78.90595447837052,322.7783092260966,inactive,2024-07-15
48960,Product_8960_4,home,657.2638079080397,199.03704690674383,archived,2024-04-09
48961,Product_8961_4,electronics,542.7364526033822,352.74713572005203,archived,2024-10-02
48962,Product_8962_4,clothing,559.3838004462567,484.6710935883081,pending,2024-06-18
48963,Product_8963_4,clothing,707.7746525571749,403.2091454891255,inactive,2024-07-28
48964,Product_8964_4,clothing,249.85090001632312,271.1587475367644,active,2024-05-19
48965,Product_8965_4,home,9.925242293221721,42.13938817661399,pending,2024-12-23
48966,Product_8966_4,electronics,283.5665626417334,140.8695600362421,inactive,2024-08-15
48967,Product_8967_4,electronics,117.39196704236912,143.90585889975588,inactive,2024-04-19
48968,Product_8968_4,sports,535.9612421059552,57.56259327670859,active,2024-09-10
48969,Product_8969_4,books,990.1558462773124,76.84194311137018,archived,2024-08-26
48970,Product_8970_4,sports,609.6358523282647,354.97946393239573,active,2024-11-04
48971,Product_8971_4,clothing,693.2745253736076,276.2494053492612,inactive,2024-05-21
48972,Product_8972_4,books,546.4637421979136,372.2894125048685,pending,2024-09-23
48973,Product_8973_4,clothing,778.0929726856253,54.26880925208532,pending,2024-04-15
48974,Product_8974_4,books,657.4166098495821,198.31586758970118,inactive,2024-09-24
48975,Product_8975_4,electronics,657.5672820708314,85.96657366478199,archived,2024-04-19
48976,Product_8976_4,sports,99.88314600224506,142.72583031736616,pending,2024-02-10
48977,Product_8977_4,clothing,543.3974753998765,320.2034324830106,active,2024-12-01
48978,Product_8978_4,home,588.0851981597907,99.23530329236345,active,2024-02-13
48979,Product_8979_4,clothing,227.84976255534792,442.6849925398062,archived,2024-03-09
48980,Product_8980_4,books,323.61466375188644,205.6432693709116,active,2024-05-23
48981,Product_8981_4,books,633.25567533558,143.09199443248494,pending,2024-02-25
48982,Product_8982_4,home,641.3895467594382,182.6687219152007,active,2024-11-24
48983,Product_8983_4,clothing,998.0323134423792,354.704702712998,archived,2024-01-09
48984,Product_8984_4,clothing,937.5232614423222,497.90632912725323,active,2024-03-27
48985,Product_8985_4,home,499.2481425524608,407.8782567331386,archived,2024-01-22
48986,Product_8986_4,sports,484.3166182934958,432.4259224931852,active,2024-05-15
48987,Product_8987_4,sports,124.24022203134851,420.67898463612613,archived,2024-03-08
48988,Product_8988_4,home,450.3806622116406,287.61871863236985,archived,2024-08-07
48989,Product_8989_4,electronics,617.6829516295362,190.37635111123174,inactive,2024-03-18
48990,Product_8990_4,clothing,543.7092006471477,179.28798371175503,archived,2024-12-26
48991,Product_8991_4,clothing,891.4780131330867,383.27962362743443,inactive,2024-04-23
48992,Product_8992_4,sports,520.6430009054017,435.26330880173447,archived,2024-11-06
48993,Product_8993_4,home,398.88680759554484,322.3495232922634,pending,2024-04-13
48994,Product_8994_4,books,444.8061439849375,437.2802505458012,active,2024-12-18
48995,Product_8995_4,sports,525.3893279910961,375.17202720969095,archived,2024-07-02
48996,Product_8996_4,books,403.5942767887466,35.068906054460136,active,2024-07-15
48997,Product_8997_4,sports,864.1586584984607,233.56145661313963,archived,2024-05-27
48998,Product_8998_4,sports,500.0530876672239,280.3392742931573,archived,2024-10-19
48999,Product_8999_4,books,532.5660556265929,361.47705394983774,inactive,2024-10-23
49000,Product_9000_4,books,204.0844860261974,310.5135160384904,active,2024-02-02
49001,Product_9001_4,books,981.2670221532636,312.3579045493924,inactive,2024-03-13
49002,Product_9002_4,electronics,268.48601969522275,131.22936892499592,inactive,2024-06-23
49003,Product_9003_4,books,186.05387825487162,183.1109613917156,archived,2024-07-09
49004,Product_9004_4,electronics,254.7153676949906,407.2578291038325,archived,2024-07-20
49005,Product_9005_4,clothing,835.3177607427845,58.4896232647246,active,2024-06-17
49006,Product_9006_4,clothing,280.00794047477325,442.95703960453653,pending,2024-11-23
49007,Product_9007_4,electronics,609.3243617861624,312.0196164802275,pending,2024-12-12
49008,Product_9008_4,books,808.7059613582145,111.82789818728284,active,2024-03-28
49009,Product_9009_4,books,877.1027199492389,173.1964532240817,inactive,2024-10-17
49010,Product_9010_4,clothing,792.0749733655911,172.79264497607923,active,2024-04-01
49011,Product_9011_4,sports,362.7646935526275,251.5792348077864,inactive,2024-03-06
49012,Product_9012_4,sports,529.0320516924627,352.32725917754266,active,2024-10-13
49013,Product_9013_4,sports,747.1946453787036,97.1159709272174,pending,2024-08-06
49014,Product_9014_4,sports,929.6485666200396,444.15375878603777,pending,2024-12-26
49015,Product_9015_4,clothing,502.27550194249574,145.30952677000286,archived,2024-03-22
49016,Product_9016_4,home,900.6524118372166,91.42755968451422,pending,2024-09-27
49017,Product_9017_4,sports,111.4633138529269,204.01699313239192,active,2024-11-28
49018,Product_9018_4,home,16.8772196398914,433.5244158271503,pending,2024-04-08
49019,Product_9019_4,home,614.5303187866723,164.4644861718055,active,2024-12-02
49020,Product_9020_4,home,702.0545232756717,230.0743121694162,inactive,2024-11-19
49021,Product_9021_4,clothing,520.0409546039224,304.52047792957984,archived,2024-04-02
49022,Product_9022_4,electronics,50.334045573053004,492.88405599349227,active,2024-08-07
49023,Product_9023_4,home,655.0488892930456,312.78303460671566,pending,2024-04-21
49024,Product_9024_4,electronics,681.5555904310937,373.94476724448396,archived,2024-08-20
49025,Product_9025_4,clothing,154.5283314019054,276.20550883517217,archived,2024-04-15
49026,Product_9026_4,electronics,37.99755926328966,300.5857758165564,active,2024-01-08
49027,Product_9027_4,books,985.20836567901,81.64646303488303,active,2024-12-11
49028,Product_9028_4,home,931.8112661506257,424.5751218117944,active,2024-11-28
49029,Product_9029_4,home,925.484807862986,349.9622628701402,pending,2024-07-21
49030,Product_9030_4,sports,558.8920951135345,207.9201019998958,inactive,2024-02-01
49031,Product_9031_4,electronics,544.9287235742136,373.86590122138233,pending,2024-09-19
49032,Product_9032_4,clothing,276.4110724992256,375.1693223920916,active,2024-12-18
49033,Product_9033_4,home,343.8928926414463,41.09198355679747,archived,2024-09-15
49034,Product_9034_4,home,328.0099416374829,118.22888759522607,archived,2024-09-02
49035,Product_9035_4,clothing,284.0488373877061,365.6602401008749,pending,2024-04-01
49036,Product_9036_4,books,557.9955921965269,473.00977466740324,inactive,2024-04-26
49037,Product_9037_4,sports,288.9408846728524,408.1031377331255,inactive,2024-08-25
49038,Product_9038_4,sports,874.5511952265645,384.9938379229577,pending,2024-08-12
49039,Product_9039_4,electronics,768.0048724551634,458.90744476600713,archived,2024-12-19
49040,Product_9040_4,home,663.7986248107345,162.14006432361458,pending,2024-06-24
49041,Product_9041_4,clothing,664.1257018827843,453.4092814324771,active,2024-12-17
49042,Product_9042_4,clothing,525.2831620456146,97.10605809935034,inactive,2024-08-06
49043,Product_9043_4,clothing,883.6256236361953,74.22465291662905,pending,2024-07-28
49044,Product_9044_4,sports,700.4401677008502,433.2947720590975,active,2024-04-28
49045,Product_9045_4,home,355.0606432089167,334.4015898170622,active,2024-07-11
49046,Product_9046_4,books,882.414376384109,32.85842053677844,inactive,2024-06-18
49047,Product_9047_4,electronics,861.3611918783206,168.73302146222935,pending,2024-09-03
49048,Product_9048_4,electronics,694.7037268600485,252.0916303619862,active,2024-10-25
49049,Product_9049_4,electronics,863.6925263491381,96.78860324239947,pending,2024-06-13
49050,Product_9050_4,sports,253.82647366050227,208.14196032252053,active,2024-10-02
49051,Product_9051_4,clothing,449.8850423433806,119.49594738061579,pending,2024-02-01
49052,Product_9052_4,clothing,19.54857263239068,398.6111889782335,pending,2024-02-16
49053,Product_9053_4,books,310.60844891254663,223.1654351658262,pending,2024-12-25
49054,Product_9054_4,books,165.4380430257881,41.27793487582916,active,2024-10-08
49055,Product_9055_4,home,386.4011214572403,72.27884004226192,pending,2024-10-10
49056,Product_9056_4,electronics,329.2134983430412,198.79022577468044,inactive,2024-01-01
49057,Product_9057_4,home,645.2525245278277,386.8422364894308,active,2024-07-17
49058,Product_9058_4,books,380.81590771082745,253.18453427544964,inactive,2024-03-11
49059,Product_9059_4,sports,622.4893780389316,335.37333922174827,pending,2024-08-13
49060,Product_9060_4,electronics,521.3938760691478,433.36892568735163,pending,2024-08-08
49061,Product_9061_4,books,30.50192963226278,472.78964195569955,active,2024-12-26
49062,Product_9062_4,home,23.325075792558657,292.6833588509568,pending,2024-11-22
49063,Product_9063_4,home,237.0197654938436,107.23109413102124,pending,2024-06-08
49064,Product_9064_4,home,601.3098298937459,330.4441937238231,archived,2024-10-03
49065,Product_9065_4,sports,631.5174390050926,498.85495685567287,active,2024-07-27
49066,Product_9066_4,books,494.6300242472876,239.8562785321812,pending,2024-04-12
49067,Product_9067_4,books,232.73167911448988,414.0155036611127,inactive,2024-06-07
49068,Product_9068_4,books,396.3087596220482,374.26454288996416,inactive,2024-06-09
49069,Product_9069_4,sports,101.13203571610914,112.67238865940507,archived,2024-02-27
49070,Product_9070_4,electronics,350.192225225632,14.94698001886247,pending,2024-05-09
49071,Product_9071_4,clothing,94.01011257201287,153.9968671720398,archived,2024-04-08
49072,Product_9072_4,electronics,681.2963629883117,459.0480304861674,archived,2024-07-01
49073,Product_9073_4,home,962.813229353923,239.80621070522574,inactive,2024-06-02
49074,Product_9074_4,electronics,852.6250273716955,89.03951189364695,pending,2024-09-20
49075,Product_9075_4,home,322.2833416475394,138.67802825713738,inactive,2024-03-19
49076,Product_9076_4,clothing,741.5113805440577,194.43971306385765,inactive,2024-01-11
49077,Product_9077_4,sports,423.70020221884465,427.7999702635067,inactive,2024-10-04
49078,Product_9078_4,clothing,938.1538729166305,295.7253693677248,pending,2024-02-18
49079,Product_9079_4,clothing,622.2632590445792,76.94082013325888,pending,2024-08-21
49080,Product_9080_4,home,46.22210984841847,327.0206931828442,inactive,2024-07-14
49081,Product_9081_4,electronics,14.637790441463757,18.249896211210082,archived,2024-10-01
49082,Product_9082_4,books,675.0516740582722,383.18510964170804,active,2024-07-03
49083,Product_9083_4,home,336.38132995369455,86.49735219812726,pending,2024-10-25
49084,Product_9084_4,home,584.6534933839763,213.95253501450316,archived,2024-07-01
49085,Product_9085_4,home,652.9324587809898,188.710065319651,archived,2024-07-21
49086,Product_9086_4,sports,708.0781848959001,331.2788149675873,inactive,2024-04-24
49087,Product_9087_4,electronics,735.7208179061971,363.8395744199387,active,2024-01-22
49088,Product_9088_4,home,267.3872842841895,311.5456447166195,pending,2024-01-24
49089,Product_9089_4,clothing,642.877003603806,114.85534029498992,active,2024-08-24
49090,Product_9090_4,books,707.4542854138183,302.0606686139259,inactive,2024-10-23
49091,Product_9091_4,books,759.1328613582048,425.00404309394264,pending,2024-05-17
49092,Product_9092_4,clothing,855.6585359615034,243.04932670656055,archived,2024-01-26
49093,Product_9093_4,books,709.4374604945733,387.7438624877099,pending,2024-06-03
49094,Product_9094_4,clothing,358.9955799960122,421.04700890077913,pending,2024-05-15
49095,Product_9095_4,sports,649.1665470266969,488.3546976563439,pending,2024-04-16
49096,Product_9096_4,books,841.3861823076329,270.82921281336144,pending,2024-11-07
49097,Product_9097_4,home,399.5842595421267,346.1451252603596,pending,2024-04-16
49098,Product_9098_4,home,194.71976005294036,83.7605871315889,archived,2024-09-16
49099,Product_9099_4,electronics,170.22477460389155,112.25666323578722,pending,2024-02-02
49100,Product_9100_4,clothing,250.0190100454369,350.8021097245881,inactive,2024-03-22
49101,Product_9101_4,home,389.97400178543563,72.81087739274781,inactive,2024-09-11
49102,Product_9102_4,home,971.4083954366754,76.84933607365001,archived,2024-09-04
49103,Product_9103_4,sports,368.5499632717191,78.8140662058374,pending,2024-02-22
49104,Product_9104_4,electronics,149.98520889349007,468.2888185948589,pending,2024-08-18
49105,Product_9105_4,electronics,245.27934016688084,139.51103087559477,archived,2024-04-13
49106,Product_9106_4,home,578.8872545968358,460.2478362624969,archived,2024-07-24
49107,Product_9107_4,sports,645.4628373304055,467.99170360344385,active,2024-07-21
49108,Product_9108_4,home,764.5371100857017,332.7228252188186,pending,2024-10-01
49109,Product_9109_4,sports,691.5857375824922,269.05961205702187,pending,2024-05-15
49110,Product_9110_4,electronics,432.2959543736822,452.88277929633995,active,2024-04-08
49111,Product_9111_4,books,550.9972316350802,492.7754591124837,archived,2024-06-01
49112,Product_9112_4,clothing,15.785283046575117,226.49175288204833,archived,2024-12-20
49113,Product_9113_4,sports,859.8326764542571,190.7634210944305,pending,2024-07-23
49114,Product_9114_4,electronics,41.0087970609682,292.21527941723036,inactive,2024-10-05
49115,Product_9115_4,electronics,473.41816686856197,414.5617573338798,archived,2024-07-19
49116,Product_9116_4,home,89.61306986559302,168.16492587628252,pending,2024-09-09
49117,Product_9117_4,books,458.2504340774303,135.50882219660792,archived,2024-12-13
49118,Product_9118_4,sports,437.76574623521765,18.336061068594447,pending,2024-11-16
49119,Product_9119_4,home,863.132394588336,402.2063614503007,active,2024-08-04
49120,Product_9120_4,electronics,486.29802453470006,232.52279304848037,active,2024-10-16
49121,Product_9121_4,electronics,520.2475091098398,373.8603380834621,active,2024-07-15
49122,Product_9122_4,sports,400.82484700365967,104.64829595101543,archived,2024-05-10
49123,Product_9123_4,electronics,286.70853640742723,39.41787745429496,archived,2024-05-03
49124,Product_9124_4,sports,351.36169577042625,460.28685760508046,archived,2024-10-19
49125,Product_9125_4,electronics,269.604956247769,267.08693700914125,archived,2024-06-02
49126,Product_9126_4,books,235.1318267424801,344.0386844830161,archived,2024-12-18
49127,Product_9127_4,home,210.08297903847046,303.90405540178403,inactive,2024-07-22
49128,Product_9128_4,home,359.8413483357883,151.8948492594749,inactive,2024-03-21
49129,Product_9129_4,books,377.0067853244447,205.498279783912,active,2024-10-02
49130,Product_9130_4,home,756.7404893622154,121.97680053102034,active,2024-08-02
49131,Product_9131_4,electronics,927.0950124897157,484.16753823047213,inactive,2024-04-03
49132,Product_9132_4,clothing,853.257665731897,499.673893554323,inactive,2024-07-19
49133,Product_9133_4,electronics,907.3078568205235,34.53406492574099,pending,2024-01-14
49134,Product_9134_4,books,3.1843058101674524,360.99297690283066,inactive,2024-01-11
49135,Product_9135_4,sports,183.5296444559418,481.25936877098786,pending,2024-05-07
49136,Product_9136_4,books,983.895756853584,169.65838473246217,archived,2024-04-10
49137,Product_9137_4,sports,313.712728739723,124.14408920591865,inactive,2024-04-27
49138,Product_9138_4,sports,419.36765606896773,31.143589733962575,archived,2024-03-20
49139,Product_9139_4,sports,555.6079104162036,22.58836008254422,archived,2024-01-27
49140,Product_9140_4,books,348.59250718548935,344.92548801829423,inactive,2024-12-27
49141,Product_9141_4,electronics,324.3100586250733,62.12337175189671,active,2024-05-24
49142,Product_9142_4,home,268.15332979138714,259.28447290617385,pending,2024-04-19
49143,Product_9143_4,sports,927.2536064024325,264.9707148408155,active,2024-12-24
49144,Product_9144_4,clothing,769.448475035314,310.63609346701946,inactive,2024-03-17
49145,Product_9145_4,sports,612.9975548450185,446.7804160851842,inactive,2024-02-23
49146,Product_9146_4,clothing,655.0706868728773,103.18030016733017,active,2024-01-16
49147,Product_9147_4,books,104.46990844704523,335.6840264954055,active,2024-07-18
49148,Product_9148_4,clothing,297.52356125639733,24.558061489970587,inactive,2024-07-09
49149,Product_9149_4,electronics,315.3494078328025,248.51114027949984,archived,2024-11-05
49150,Product_9150_4,clothing,446.513095969504,352.96216363473997,pending,2024-02-14
49151,Product_9151_4,books,883.0558207608556,33.43627150787766,inactive,2024-06-01
49152,Product_9152_4,books,915.0670399000215,28.905424375256892,pending,2024-05-03
49153,Product_9153_4,electronics,73.84324632217272,170.26962927630322,active,2024-01-12
49154,Product_9154_4,clothing,173.94586930538577,49.19550901482274,archived,2024-09-04
49155,Product_9155_4,electronics,990.0556476396447,121.0762968336929,archived,2024-06-04
49156,Product_9156_4,books,229.04188915003303,182.94643942048694,inactive,2024-07-27
49157,Product_9157_4,sports,249.20269718783382,410.7654434055416,pending,2024-04-12
49158,Product_9158_4,clothing,785.3862567878407,414.74688128917984,pending,2024-08-06
49159,Product_9159_4,home,218.490902027651,116.70950921044627,archived,2024-04-27
49160,Product_9160_4,books,201.44634401384587,19.09147988153549,inactive,2024-09-19
49161,Product_9161_4,clothing,107.11143937449522,235.77261223775588,inactive,2024-02-09
49162,Product_9162_4,clothing,280.34144182113755,153.7521345734347,inactive,2024-10-20
49163,Product_9163_4,electronics,692.8142676371901,453.74543651254237,active,2024-12-12
49164,Product_9164_4,electronics,743.1511454327159,262.3264465462403,inactive,2024-06-14
49165,Product_9165_4,home,437.93698742532564,65.94657551282583,inactive,2024-02-18
49166,Product_9166_4,sports,658.0802841960563,24.248320996731735,pending,2024-02-28
49167,Product_9167_4,electronics,757.0665788344154,142.4339980041103,pending,2024-05-01
49168,Product_9168_4,clothing,495.4113709780353,113.8564404793743,pending,2024-07-12
49169,Product_9169_4,books,496.1296511897059,31.65505617450511,active,2024-02-21
49170,Product_9170_4,sports,516.3293173954411,36.29615410693671,inactive,2024-01-27
49171,Product_9171_4,electronics,957.9449104509316,239.57977078039787,inactive,2024-10-09
49172,Product_9172_4,sports,392.9022902929893,236.5611658066776,archived,2024-02-08
49173,Product_9173_4,books,38.90043069790138,173.43385134373878,pending,2024-04-03
49174,Product_9174_4,clothing,790.7353467819345,260.6557959701038,archived,2024-07-27
49175,Product_9175_4,books,403.69962761373097,226.3647990069315,archived,2024-06-10
49176,Product_9176_4,sports,476.36000832224784,124.60513970860458,active,2024-11-27
49177,Product_9177_4,sports,449.4118651174433,308.13784319654764,active,2024-09-18
49178,Product_9178_4,clothing,10.043975658579162,439.6306742643107,archived,2024-08-22
49179,Product_9179_4,clothing,317.469513481868,355.35617647357816,archived,2024-10-07
49180,Product_9180_4,electronics,895.1265162394299,288.29105180683973,archived,2024-08-21
49181,Product_9181_4,sports,442.4945993069632,371.80653501593457,inactive,2024-01-19
49182,Product_9182_4,books,992.3365735082061,165.98545447024418,pending,2024-11-27
49183,Product_9183_4,clothing,559.1605048131233,181.9444338965854,archived,2024-03-27
49184,Product_9184_4,books,517.0748772991299,319.8210889878637,inactive,2024-07-15
49185,Product_9185_4,electronics,763.0292883903286,76.51615718215585,archived,2024-06-04
49186,Product_9186_4,electronics,572.7014847734532,486.3555953247304,pending,2024-04-17
49187,Product_9187_4,sports,691.3755056189681,175.80685058670537,pending,2024-01-12
49188,Product_9188_4,sports,651.0947733964173,70.41602122557697,active,2024-02-28
49189,Product_9189_4,clothing,433.85141023922205,95.06446000416993,pending,2024-10-25
49190,Product_9190_4,sports,231.02304613757366,376.7277699891953,inactive,2024-10-28
49191,Product_9191_4,electronics,344.5873523515586,167.13363935055148,pending,2024-12-27
49192,Product_9192_4,clothing,751.5861845752581,251.96918935494378,pending,2024-05-19
49193,Product_9193_4,clothing,303.5675442945692,310.2114013810473,inactive,2024-08-24
49194,Product_9194_4,home,717.3303333649999,470.21837409827236,active,2024-09-17
49195,Product_9195_4,books,203.8482298259409,263.88895127190415,inactive,2024-09-20
49196,Product_9196_4,sports,918.1686453979446,71.16227450109518,active,2024-01-23
49197,Product_9197_4,sports,75.64489661852566,363.00030644529465,active,2024-11-18
49198,Product_9198_4,clothing,198.32004061096404,495.05561677439226,active,2024-06-05
49199,Product_9199_4,clothing,658.0131532577748,420.14341271075153,inactive,2024-07-25
49200,Product_9200_4,sports,294.80053705014063,244.4802309597053,pending,2024-04-28
49201,Product_9201_4,books,813.4949121291997,290.4275669273303,pending,2024-06-06
49202,Product_9202_4,books,231.7466118135295,439.00647805476314,inactive,2024-07-28
49203,Product_9203_4,sports,459.5412222372958,56.25604576991398,archived,2024-10-08
49204,Product_9204_4,electronics,578.0246125333498,394.4208217291532,active,2024-06-17
49205,Product_9205_4,books,685.9933904614477,154.05666061665323,inactive,2024-06-02
49206,Product_9206_4,home,433.4128307823908,487.65226424085944,active,2024-09-28
49207,Product_9207_4,home,681.514375779313,201.5543936194366,archived,2024-10-28
49208,Product_9208_4,home,217.13216875111894,155.0037467382698,active,2024-06-18
49209,Product_9209_4,sports,915.7967833714613,441.8065238738099,archived,2024-12-26
49210,Product_9210_4,electronics,739.8576545240559,15.083072695342736,inactive,2024-01-01
49211,Product_9211_4,clothing,121.16510375399311,104.3435517135857,archived,2024-05-26
49212,Product_9212_4,sports,168.90470232943667,32.76945604305667,pending,2024-12-28
49213,Product_9213_4,sports,556.4591962471916,174.45914021012294,archived,2024-05-02
49214,Product_9214_4,clothing,782.1772945625146,89.05386921441979,inactive,2024-11-23
49215,Product_9215_4,clothing,343.11835357385246,73.94565071933698,pending,2024-03-18
49216,Product_9216_4,books,290.3452157401423,40.283926697383706,active,2024-05-17
49217,Product_9217_4,books,398.0894943619598,231.67134808489706,inactive,2024-04-18
49218,Product_9218_4,home,583.5886496243941,323.2848844240461,pending,2024-05-18
49219,Product_9219_4,sports,718.4887814203153,191.34100697650712,pending,2024-01-05
49220,Product_9220_4,books,333.5554701384518,303.90842324302366,pending,2024-04-17
49221,Product_9221_4,sports,350.8458578023367,460.07978603124764,archived,2024-02-10
49222,Product_9222_4,clothing,781.6216382406774,187.67231766346984,inactive,2024-04-04
49223,Product_9223_4,books,592.662037762922,381.23213612403913,pending,2024-07-27
49224,Product_9224_4,books,866.0884096151487,373.765148606693,active,2024-09-25
49225,Product_9225_4,clothing,112.0952924814743,216.12657610412435,inactive,2024-03-28
49226,Product_9226_4,electronics,871.1238987279081,404.01872564959046,pending,2024-11-15
49227,Product_9227_4,home,825.9585975022527,399.2397054657214,inactive,2024-12-13
49228,Product_9228_4,clothing,131.12712951018236,425.981937641808,active,2024-09-06
49229,Product_9229_4,books,370.3451139304975,252.49632185573182,archived,2024-01-10
49230,Product_9230_4,clothing,582.2168190779024,198.57198161152328,pending,2024-05-21
49231,Product_9231_4,books,168.9186592533174,248.3305772038565,pending,2024-02-16
49232,Product_9232_4,books,616.8646488900457,178.46006243071002,pending,2024-12-26
49233,Product_9233_4,electronics,635.2093879499114,98.82699804899971,inactive,2024-11-14
49234,Product_9234_4,home,356.8713016790771,418.5831998480639,pending,2024-03-09
49235,Product_9235_4,electronics,828.2236202534525,158.33202571098744,archived,2024-02-20
49236,Product_9236_4,home,139.51305795113598,14.98849423006984,active,2024-01-18
49237,Product_9237_4,clothing,554.2089523911669,70.53641248187029,pending,2024-03-16
49238,Product_9238_4,clothing,578.2585584311787,353.88504914354985,inactive,2024-03-18
49239,Product_9239_4,sports,411.7098345112828,230.20186447070088,inactive,2024-03-27
49240,Product_9240_4,clothing,409.64529153399,198.99402371137478,active,2024-09-02
49241,Product_9241_4,books,387.669911015154,407.27052507219753,active,2024-09-20
49242,Product_9242_4,electronics,17.243290499049195,340.2966308125007,pending,2024-06-07
49243,Product_9243_4,sports,843.3703530199834,185.14104172119542,archived,2024-09-20
49244,Product_9244_4,clothing,372.00379122627874,470.6323590606627,pending,2024-08-06
49245,Product_9245_4,books,357.0734270749883,309.197484118431,archived,2024-02-22
49246,Product_9246_4,clothing,149.77347467055571,399.08618950657956,archived,2024-08-13
49247,Product_9247_4,books,252.6035945007099,121.54591499382211,inactive,2024-01-11
49248,Product_9248_4,electronics,761.8778526600875,382.3964447617043,archived,2024-03-22
49249,Product_9249_4,home,85.87597828434482,227.7513199504816,pending,2024-11-18
49250,Product_9250_4,home,907.5458249484562,166.25945600798326,active,2024-11-28
49251,Product_9251_4,electronics,677.7809105090619,316.5529254294814,archived,2024-01-08
49252,Product_9252_4,home,586.7805681686626,283.97936889746524,archived,2024-06-28
49253,Product_9253_4,sports,273.2366380692744,216.65907359635005,archived,2024-04-19
49254,Product_9254_4,electronics,278.4921929901501,305.71437484592866,pending,2024-11-16
49255,Product_9255_4,clothing,593.182861733324,209.28426669262373,inactive,2024-02-11
49256,Product_9256_4,home,572.2343601997574,292.16215328647536,inactive,2024-08-25
49257,Product_9257_4,home,200.5331754931521,459.2078578047951,pending,2024-08-25
49258,Product_9258_4,sports,14.84880506161518,253.05911170677163,inactive,2024-10-19
49259,Product_9259_4,clothing,979.913877950629,102.27840932758146,active,2024-05-03
49260,Product_9260_4,electronics,960.6428846356448,224.6027861246902,active,2024-07-19
49261,Product_9261_4,home,767.9728795700511,166.69321211488196,archived,2024-10-15
49262,Product_9262_4,books,209.43533782358506,349.4807744511471,inactive,2024-04-21
49263,Product_9263_4,books,166.3424703445367,329.6935692690332,inactive,2024-07-10
49264,Product_9264_4,clothing,633.6900091882902,303.78496628167863,archived,2024-10-10
49265,Product_9265_4,electronics,381.18005575138756,171.56791564683047,inactive,2024-06-19
49266,Product_9266_4,clothing,76.72512270547973,295.51472252925765,archived,2024-07-09
49267,Product_9267_4,sports,810.4461644788415,421.8102342638405,archived,2024-08-09
49268,Product_9268_4,home,994.7345291646396,431.80365704376294,active,2024-07-27
49269,Product_9269_4,clothing,773.2879761449406,253.69501654450443,pending,2024-07-02
49270,Product_9270_4,clothing,524.3777149681887,467.71787551509414,inactive,2024-03-08
49271,Product_9271_4,books,194.5993126470404,176.01639064458413,inactive,2024-04-03
49272,Product_9272_4,home,822.9925798255701,492.9902299243386,archived,2024-04-26
49273,Product_9273_4,sports,669.1283080028343,245.04556138884186,pending,2024-03-23
49274,Product_9274_4,home,228.6813361747894,394.9986861606298,inactive,2024-08-04
49275,Product_9275_4,books,349.01873869817246,232.77804333298394,active,2024-03-27
49276,Product_9276_4,books,361.1845882873631,177.66571154286765,inactive,2024-04-11
49277,Product_9277_4,home,511.31389817394984,159.72352406403144,pending,2024-10-18
49278,Product_9278_4,electronics,157.2049100491536,185.9738641011958,pending,2024-06-08
49279,Product_9279_4,clothing,260.51663296570274,317.4087047786597,archived,2024-10-27
49280,Product_9280_4,electronics,31.28246987215959,387.0047024601376,pending,2024-04-23
49281,Product_9281_4,sports,508.9483058998249,397.779088672872,inactive,2024-01-02
49282,Product_9282_4,electronics,101.52176530307982,117.4644475073796,active,2024-02-26
49283,Product_9283_4,electronics,837.241114727851,160.84837907623674,inactive,2024-09-08
49284,Product_9284_4,sports,37.85772605103264,194.52272948777215,pending,2024-02-06
49285,Product_9285_4,books,842.3368506536007,466.28676250617565,inactive,2024-10-15
49286,Product_9286_4,books,857.3131476039623,478.0489687169088,inactive,2024-06-08
49287,Product_9287_4,clothing,469.1307206928992,19.599779754866486,archived,2024-12-20
49288,Product_9288_4,sports,161.11021265407228,227.83131003350255,pending,2024-03-27
49289,Product_9289_4,sports,98.00783571195939,187.6969103056719,pending,2024-09-04
49290,Product_9290_4,electronics,162.38843093497556,496.0015827597669,archived,2024-01-17
49291,Product_9291_4,books,936.0936083404181,282.13549769824846,inactive,2024-02-01
49292,Product_9292_4,electronics,693.8113796797421,179.33692511879025,archived,2024-05-09
49293,Product_9293_4,books,68.61835322384424,332.42914355225963,inactive,2024-11-06
49294,Product_9294_4,home,802.8031077696842,387.81848961710125,active,2024-04-16
49295,Product_9295_4,clothing,765.6333700410127,168.23768635848066,inactive,2024-08-10
49296,Product_9296_4,clothing,455.94095233412094,123.22651063969079,archived,2024-08-25
49297,Product_9297_4,electronics,369.150951751276,356.7222470822892,inactive,2024-11-03
49298,Product_9298_4,home,882.740743542179,283.435800424379,archived,2024-01-26
49299,Product_9299_4,electronics,488.3198759678864,224.17414781701675,active,2024-07-05
49300,Product_9300_4,books,153.85428725771587,332.9931079771324,inactive,2024-02-05
49301,Product_9301_4,sports,642.4479044970303,61.75962812789228,inactive,2024-08-11
49302,Product_9302_4,home,653.2546603381568,320.0651250716668,pending,2024-11-14
49303,Product_9303_4,home,705.809052752588,378.95205206057994,active,2024-04-16
49304,Product_9304_4,books,762.0367216338733,347.0494011730887,pending,2024-03-02
49305,Product_9305_4,clothing,296.55149018266445,374.03363750130234,archived,2024-10-11
49306,Product_9306_4,home,559.337887952253,369.52872279724875,active,2024-11-25
49307,Product_9307_4,electronics,841.0046973770143,313.8184474545886,pending,2024-11-19
49308,Product_9308_4,clothing,908.4811063035779,185.66281755932565,archived,2024-11-22
49309,Product_9309_4,electronics,223.00119442441638,411.09228682600127,pending,2024-05-26
49310,Product_9310_4,sports,737.648803669727,330.87039331858335,inactive,2024-06-24
49311,Product_9311_4,clothing,206.8160968509568,354.83920958509617,inactive,2024-05-19
49312,Product_9312_4,home,103.84420394176072,61.8629205846876,pending,2024-09-17
49313,Product_9313_4,clothing,82.60284963721239,168.89026919840455,inactive,2024-02-17
49314,Product_9314_4,books,550.4492695497801,326.85731722501436,archived,2024-07-15
49315,Product_9315_4,sports,990.2674010109737,244.38781427843148,inactive,2024-03-04
49316,Product_9316_4,electronics,78.59887375386437,49.45490811271521,inactive,2024-09-20
49317,Product_9317_4,electronics,21.001802506824802,223.45918383648282,archived,2024-05-01
49318,Product_9318_4,electronics,862.1510161358497,30.880033591812772,inactive,2024-06-05
49319,Product_9319_4,home,203.11008049132977,176.20645868953986,active,2024-09-17
49320,Product_9320_4,home,188.97960068560806,135.6188465997998,archived,2024-03-06
49321,Product_9321_4,clothing,150.21378493527135,112.36631774246649,pending,2024-07-18
49322,Product_9322_4,home,823.5511507442192,68.33646049083396,inactive,2024-10-19
49323,Product_9323_4,home,811.8631972198153,440.6461659450901,active,2024-06-26
49324,Product_9324_4,electronics,67.9340672037378,398.9735393647592,active,2024-03-27
49325,Product_9325_4,books,741.9914526239863,424.1732786871252,pending,2024-12-13
49326,Product_9326_4,sports,778.1907297265432,472.884201870345,archived,2024-05-03
49327,Product_9327_4,books,575.5237709829846,400.06860100782086,archived,2024-02-02
49328,Product_9328_4,books,714.1293944832763,254.97888810166725,active,2024-10-15
49329,Product_9329_4,books,412.078203828641,123.85859790326867,archived,2024-02-05
49330,Product_9330_4,electronics,109.14372772644649,462.02411438475815,pending,2024-10-01
49331,Product_9331_4,sports,394.10392607679876,438.8090039343108,active,2024-01-21
49332,Product_9332_4,electronics,757.6018765807562,228.83568974843405,archived,2024-09-05
49333,Product_9333_4,books,722.3609525681725,218.52945982106826,pending,2024-02-27
49334,Product_9334_4,clothing,596.8292383757592,310.6069725189406,pending,2024-10-11
49335,Product_9335_4,home,628.1286694014652,87.37128787701127,inactive,2024-08-28
49336,Product_9336_4,home,391.7999988763444,426.0499637937436,archived,2024-09-25
49337,Product_9337_4,sports,514.5571091553888,181.25512033499575,inactive,2024-12-26
49338,Product_9338_4,home,783.0203285324304,348.23196654663514,active,2024-08-10
49339,Product_9339_4,sports,286.4594169677429,387.80307051792136,inactive,2024-09-04
49340,Product_9340_4,electronics,232.02983574721776,325.24647447221906,active,2024-08-20
49341,Product_9341_4,clothing,160.84429873227944,322.6046171232223,archived,2024-06-14
49342,Product_9342_4,clothing,938.9435193206841,400.76020244868783,pending,2024-05-02
49343,Product_9343_4,sports,377.1718310460789,158.78791102890233,archived,2024-07-03
49344,Product_9344_4,books,379.9081527268279,418.70268080146985,active,2024-10-06
49345,Product_9345_4,home,663.7300646596241,201.76340256444772,active,2024-11-01
49346,Product_9346_4,books,492.22486995544347,369.67979774013287,active,2024-08-14
49347,Product_9347_4,sports,540.3729999650573,335.86126522832626,inactive,2024-08-14
49348,Product_9348_4,electronics,69.71980591961587,227.57979629154914,active,2024-08-03
49349,Product_9349_4,home,514.5175386559234,55.17822558985431,inactive,2024-02-16
49350,Product_9350_4,electronics,209.41245813266124,440.57339106190767,pending,2024-01-18
49351,Product_9351_4,books,132.07984894814214,242.41396504283355,pending,2024-11-22
49352,Product_9352_4,clothing,517.3387112792351,383.1015058453942,archived,2024-02-19
49353,Product_9353_4,clothing,861.3923987773954,200.58624897915368,archived,2024-11-28
49354,Product_9354_4,clothing,399.1548169419139,484.3657816175539,archived,2024-05-09
49355,Product_9355_4,clothing,759.5841983732219,192.06823509503778,active,2024-02-21
49356,Product_9356_4,books,946.73739861526,170.71239305232677,archived,2024-06-22
49357,Product_9357_4,clothing,654.9723544698583,177.508955668129,archived,2024-06-01
49358,Product_9358_4,electronics,16.97705961798078,140.16081161548794,active,2024-03-16
49359,Product_9359_4,home,158.51699320798696,328.4751095399474,pending,2024-04-04
49360,Product_9360_4,home,767.6551709688374,261.07060306415656,archived,2024-06-23
49361,Product_9361_4,electronics,75.52466766165662,161.70481019488798,inactive,2024-02-10
49362,Product_9362_4,sports,144.07026495184982,377.97410456605644,archived,2024-08-18
49363,Product_9363_4,books,441.3375028407854,10.560590207314291,pending,2024-09-13
49364,Product_9364_4,sports,93.65084519625981,184.920303225616,pending,2024-03-24
49365,Product_9365_4,sports,261.23003769583045,206.41508438734422,pending,2024-07-25
49366,Product_9366_4,clothing,88.37555447494746,286.2750033389416,archived,2024-10-02
49367,Product_9367_4,sports,105.87462751497732,143.06550492495174,archived,2024-11-06
49368,Product_9368_4,home,714.8419255424403,164.71124919326633,active,2024-06-18
49369,Product_9369_4,sports,100.00954780566927,256.754727196655,inactive,2024-05-13
49370,Product_9370_4,home,223.28376881076977,21.514996694622816,archived,2024-01-05
49371,Product_9371_4,books,187.48550966796745,157.31105415927783,inactive,2024-11-13
49372,Product_9372_4,clothing,297.77655026065753,205.7607266232331,active,2024-06-06
49373,Product_9373_4,home,426.28793722964383,140.40183396945784,archived,2024-02-27
49374,Product_9374_4,books,702.7668745117995,455.56720633456763,pending,2024-08-25
49375,Product_9375_4,clothing,301.8549939872002,122.14909411172415,inactive,2024-10-06
49376,Product_9376_4,clothing,399.1447663550429,375.08502230526307,pending,2024-11-28
49377,Product_9377_4,sports,67.83361163216495,319.2601918434473,inactive,2024-06-20
49378,Product_9378_4,clothing,661.2073706471396,196.9138737276375,archived,2024-07-25
49379,Product_9379_4,books,337.1729250529613,116.21377779391963,active,2024-01-03
49380,Product_9380_4,home,978.5734182542211,208.2984108438312,pending,2024-12-08
49381,Product_9381_4,home,573.7156302863417,423.308034611,archived,2024-09-07
49382,Product_9382_4,sports,342.5852054076975,409.08377089540585,archived,2024-07-16
49383,Product_9383_4,clothing,82.0030905146081,387.76585766007867,inactive,2024-10-05
49384,Product_9384_4,books,947.2395550138551,163.3304052050939,active,2024-06-24
49385,Product_9385_4,clothing,229.16721320469878,411.9161983531165,active,2024-03-17
49386,Product_9386_4,books,692.167992517398,351.3589953755721,archived,2024-12-07
49387,Product_9387_4,electronics,430.3078831130717,10.909818528739542,pending,2024-11-12
49388,Product_9388_4,home,62.81035615620613,233.1090774704597,active,2024-01-03
49389,Product_9389_4,sports,920.7924668245755,31.133719802930468,active,2024-10-05
49390,Product_9390_4,electronics,128.60651128392766,496.0860590856761,archived,2024-08-10
49391,Product_9391_4,electronics,319.8856107929563,164.16598182922615,archived,2024-07-05
49392,Product_9392_4,sports,30.89252863336191,490.4255454201797,archived,2024-02-28
49393,Product_9393_4,electronics,83.3376899172403,239.76670365716427,pending,2024-08-13
49394,Product_9394_4,electronics,357.47097179053554,334.6643996799342,pending,2024-05-28
49395,Product_9395_4,sports,846.2074511228072,129.43060574061167,active,2024-04-24
49396,Product_9396_4,sports,254.738949722737,47.67342308636995,active,2024-12-06
49397,Product_9397_4,clothing,253.41966366323277,392.9829090411195,inactive,2024-03-15
49398,Product_9398_4,clothing,931.8789928878703,493.8208533987542,archived,2024-01-04
49399,Product_9399_4,clothing,739.2427019374906,313.87645498127637,active,2024-07-18
49400,Product_9400_4,sports,418.36353705049146,468.95095966882974,active,2024-07-26
49401,Product_9401_4,books,773.1269191312658,250.53690236643968,pending,2024-01-16
49402,Product_9402_4,books,485.03166405962867,167.95404921747334,inactive,2024-10-21
49403,Product_9403_4,sports,786.9997316216544,222.9035410248491,active,2024-02-06
49404,Product_9404_4,sports,816.634618850617,397.9262652001222,active,2024-09-15
49405,Product_9405_4,sports,76.5413891116407,145.63877101949637,archived,2024-11-21
49406,Product_9406_4,books,10.98859986910144,98.48439656436702,pending,2024-10-02
49407,Product_9407_4,sports,985.0427598327652,132.7767301654138,inactive,2024-04-10
49408,Product_9408_4,home,432.8837177162322,372.6190988158552,inactive,2024-11-20
49409,Product_9409_4,clothing,54.88296564082355,282.06738427592194,pending,2024-11-08
49410,Product_9410_4,electronics,433.076419279751,407.52801275680685,active,2024-08-08
49411,Product_9411_4,books,287.9485448085258,127.10243751317549,archived,2024-06-23
49412,Product_9412_4,sports,590.381930152393,347.3533510801176,active,2024-06-05
49413,Product_9413_4,books,363.8845518936646,287.36235503274787,archived,2024-06-05
49414,Product_9414_4,clothing,285.9894280287111,128.86558689075696,inactive,2024-05-05
49415,Product_9415_4,sports,843.8697365392918,470.3683770423408,archived,2024-09-10
49416,Product_9416_4,electronics,973.5940413017825,341.68464854189455,archived,2024-10-16
49417,Product_9417_4,home,406.5008393077304,58.21066662567182,inactive,2024-06-28
49418,Product_9418_4,home,254.81040853987403,89.71367981086732,archived,2024-01-12
49419,Product_9419_4,sports,458.6435766786865,70.45693207625297,inactive,2024-03-12
49420,Product_9420_4,clothing,326.4312543721206,201.27917378511765,active,2024-10-03
49421,Product_9421_4,home,989.3039992092813,290.45074712021835,archived,2024-03-25
49422,Product_9422_4,electronics,278.1804578913439,452.5916570729007,pending,2024-08-20
49423,Product_9423_4,sports,609.6942900678009,312.86075680520344,archived,2024-10-05
49424,Product_9424_4,books,545.9490000924878,237.82900310287596,archived,2024-06-11
49425,Product_9425_4,electronics,104.76536079019021,219.60213739930927,archived,2024-04-02
49426,Product_9426_4,sports,940.7647267861288,487.6512860370643,pending,2024-08-06
49427,Product_9427_4,electronics,119.93037100303467,425.4031164801932,pending,2024-06-14
49428,Product_9428_4,clothing,40.633785615111215,219.51146471015292,archived,2024-01-17
49429,Product_9429_4,sports,692.3912281554788,280.0838551486872,active,2024-05-03
49430,Product_9430_4,home,826.0772203401935,196.0342225336978,inactive,2024-02-14
49431,Product_9431_4,home,92.14447138656348,65.26599228245603,inactive,2024-10-17
49432,Product_9432_4,clothing,690.0807169159162,299.22215134101015,inactive,2024-05-16
49433,Product_9433_4,home,848.3401098177824,495.9702263728939,pending,2024-07-18
49434,Product_9434_4,books,885.4554513372417,427.0461020556184,active,2024-06-04
49435,Product_9435_4,books,598.4427886995697,354.38261605930944,archived,2024-09-28
49436,Product_9436_4,clothing,432.0477570328812,493.64548855273677,inactive,2024-02-04
49437,Product_9437_4,electronics,200.65681846349685,350.8504090904407,inactive,2024-02-10
49438,Product_9438_4,electronics,518.4828738023119,334.95052824539994,pending,2024-04-07
49439,Product_9439_4,clothing,407.2454631051033,191.59011912752723,inactive,2024-12-27
49440,Product_9440_4,sports,475.0343553009359,189.43778304704668,archived,2024-10-17
49441,Product_9441_4,electronics,23.995870310815807,312.3935134139085,active,2024-11-26
49442,Product_9442_4,clothing,948.1471893778911,164.31700760318952,pending,2024-01-25
49443,Product_9443_4,home,117.95513610132797,189.56593537213362,archived,2024-04-12
49444,Product_9444_4,electronics,845.9697567626732,13.88652113421375,archived,2024-09-26
49445,Product_9445_4,sports,150.84558643243807,386.13483661551555,pending,2024-10-23
49446,Product_9446_4,home,213.14019321706488,316.69408462865846,pending,2024-07-03
49447,Product_9447_4,clothing,942.0367293986493,403.82956647552606,pending,2024-10-22
49448,Product_9448_4,clothing,42.856405766115394,370.2129506386259,active,2024-07-01
49449,Product_9449_4,home,136.2693198638033,340.6816678038617,inactive,2024-04-01
49450,Product_9450_4,home,390.7231159569922,311.9012516304133,archived,2024-11-07
49451,Product_9451_4,books,699.22630377451,356.382890771456,inactive,2024-06-28
49452,Product_9452_4,clothing,348.85905205951053,243.64192935602776,archived,2024-09-20
49453,Product_9453_4,electronics,770.4672898357005,315.7942593651084,archived,2024-04-22
49454,Product_9454_4,electronics,151.379081366284,282.947880603812,active,2024-10-23
49455,Product_9455_4,electronics,518.1604248077114,343.86327724960324,active,2024-01-15
49456,Product_9456_4,clothing,622.7777964771533,275.7699553399542,pending,2024-08-12
49457,Product_9457_4,books,182.85997871178833,458.76619117742,pending,2024-09-18
49458,Product_9458_4,sports,37.01444293217747,32.28489086706219,pending,2024-08-03
49459,Product_9459_4,books,780.1212016982706,190.45369176436873,archived,2024-06-09
49460,Product_9460_4,sports,335.8337578716763,221.19191447045668,active,2024-01-04
49461,Product_9461_4,electronics,704.1065584599104,422.7584134570797,pending,2024-07-09
49462,Product_9462_4,clothing,864.6163947529429,249.03145873880237,inactive,2024-11-06
49463,Product_9463_4,electronics,88.95306103260585,274.46963816138725,archived,2024-01-21
49464,Product_9464_4,sports,343.82358577132527,278.256950142444,inactive,2024-06-23
49465,Product_9465_4,books,34.672515898940716,480.2155660800043,active,2024-01-11
49466,Product_9466_4,clothing,831.6720987399189,296.9165176861163,inactive,2024-06-03
49467,Product_9467_4,electronics,399.9250427170037,445.2576445939681,active,2024-03-18
49468,Product_9468_4,electronics,295.81066021830355,493.6933831879692,archived,2024-07-15
49469,Product_9469_4,sports,112.93666937046999,215.6248304544433,inactive,2024-07-07
49470,Product_9470_4,electronics,357.44393798278577,111.76493914520489,inactive,2024-04-22
49471,Product_9471_4,clothing,71.05346082801995,327.69827129630653,pending,2024-08-17
49472,Product_9472_4,home,257.46927498311413,176.48421659435306,inactive,2024-12-11
49473,Product_9473_4,electronics,603.9418481473446,337.03192897772897,pending,2024-08-02
49474,Product_9474_4,home,251.30989883998922,446.22027905135826,pending,2024-01-13
49475,Product_9475_4,electronics,883.1978760025382,398.8526500738033,active,2024-05-22
49476,Product_9476_4,clothing,975.649011084523,291.27984728852147,archived,2024-04-20
49477,Product_9477_4,clothing,28.914750402981365,439.06482858071075,active,2024-05-04
49478,Product_9478_4,clothing,69.11704004321976,214.71830106701253,inactive,2024-04-15
49479,Product_9479_4,sports,422.68299500586846,214.01427796989933,inactive,2024-12-20
49480,Product_9480_4,books,54.20111514839804,357.87079503977577,archived,2024-06-25
49481,Product_9481_4,books,690.7085138743246,382.73288311557064,active,2024-06-08
49482,Product_9482_4,home,493.9727658388993,56.54564494372682,pending,2024-06-11
49483,Product_9483_4,sports,326.1987475621111,284.7040375461425,pending,2024-09-16
49484,Product_9484_4,sports,143.53671085262005,466.7110553219866,archived,2024-09-11
49485,Product_9485_4,books,462.91648641236117,65.95521789778846,archived,2024-05-09
49486,Product_9486_4,sports,118.09669380186294,277.3082089410865,active,2024-09-14
49487,Product_9487_4,sports,244.812998186911,458.1323640060793,pending,2024-02-06
49488,Product_9488_4,electronics,222.46164833267662,323.8409130067952,active,2024-08-20
49489,Product_9489_4,books,145.93504537798043,458.56178776156594,archived,2024-03-22
49490,Product_9490_4,clothing,270.9319415867017,32.20040170735582,pending,2024-06-23
49491,Product_9491_4,books,604.2439477075192,76.07999719429924,archived,2024-10-16
49492,Product_9492_4,electronics,328.1567464906736,323.18613092421816,pending,2024-11-11
49493,Product_9493_4,electronics,666.2223052307776,416.4762231401242,archived,2024-08-09
49494,Product_9494_4,home,372.3211966481431,344.3896246955834,pending,2024-01-27
49495,Product_9495_4,clothing,705.8368300449338,410.5255538874764,archived,2024-10-06
49496,Product_9496_4,electronics,30.903736279126573,337.9083440309452,active,2024-08-08
49497,Product_9497_4,home,644.9391042498804,370.93946485316326,inactive,2024-04-18
49498,Product_9498_4,electronics,270.2154872506639,312.71136495781747,inactive,2024-03-06
49499,Product_9499_4,sports,858.5879455543285,229.01325709734203,active,2024-06-11
49500,Product_9500_4,sports,413.3734031342346,37.05824047865013,archived,2024-01-11
49501,Product_9501_4,electronics,670.0681142158893,477.6007222616365,active,2024-09-04
49502,Product_9502_4,home,684.4945633055734,265.61900160796233,archived,2024-09-18
49503,Product_9503_4,electronics,848.7258217028722,66.67309892596342,pending,2024-07-06
49504,Product_9504_4,home,875.1423188983391,451.4208311633263,inactive,2024-12-01
49505,Product_9505_4,sports,747.8020468152196,429.19169056370646,inactive,2024-09-08
49506,Product_9506_4,books,811.3626452275184,53.270489892995904,archived,2024-12-05
49507,Product_9507_4,clothing,448.1570608146621,222.5019796043644,active,2024-11-02
49508,Product_9508_4,home,874.2512263432915,448.7780900389315,pending,2024-05-05
49509,Product_9509_4,books,423.6970510216915,489.1539769730669,inactive,2024-09-11
49510,Product_9510_4,books,654.365069828529,64.27117664052666,inactive,2024-07-01
49511,Product_9511_4,electronics,409.31051706979343,342.46522223506827,pending,2024-12-09
49512,Product_9512_4,books,612.8227503996701,383.6368506923951,active,2024-12-09
49513,Product_9513_4,clothing,913.1523289172454,362.48806084510954,inactive,2024-03-07
49514,Product_9514_4,books,993.9432581756339,383.8069320876592,pending,2024-12-17
49515,Product_9515_4,clothing,24.01657337299225,199.9786927744387,archived,2024-06-13
49516,Product_9516_4,clothing,795.5203506752586,209.16930058698262,archived,2024-02-14
49517,Product_9517_4,clothing,230.91350438664378,365.1477051344023,pending,2024-02-25
49518,Product_9518_4,clothing,159.31907874304477,104.96116412161658,archived,2024-08-06
49519,Product_9519_4,clothing,488.19398399254936,442.1952146007492,inactive,2024-08-04
49520,Product_9520_4,home,90.40699191248531,494.5536609757533,active,2024-06-26
49521,Product_9521_4,books,670.8073802688995,45.84140771474337,archived,2024-06-06
49522,Product_9522_4,home,860.4649126106475,409.1979574831417,active,2024-06-15
49523,Product_9523_4,electronics,185.59504770872928,255.58555006729296,pending,2024-08-12
49524,Product_9524_4,sports,381.88312710433684,308.07382483666566,inactive,2024-06-05
49525,Product_9525_4,clothing,748.6663733142542,331.64990320009423,inactive,2024-02-06
49526,Product_9526_4,electronics,151.14769629913042,486.6612417484707,archived,2024-11-13
49527,Product_9527_4,home,123.63944228787582,28.622757845395206,active,2024-12-24
49528,Product_9528_4,clothing,102.67549446296992,121.10214539954549,pending,2024-07-07
49529,Product_9529_4,clothing,944.3866378506385,239.02531051267903,active,2024-07-13
49530,Product_9530_4,electronics,242.07697659262104,143.24044934684042,inactive,2024-03-19
49531,Product_9531_4,sports,979.0394791249776,83.33738333477307,inactive,2024-02-28
49532,Product_9532_4,home,788.7801990106668,382.0993127149302,active,2024-08-26
49533,Product_9533_4,home,472.06823576385733,397.0477486516544,inactive,2024-11-17
49534,Product_9534_4,books,35.56988827184647,309.6050320419411,archived,2024-07-04
49535,Product_9535_4,books,400.0642849737594,444.5459891795816,archived,2024-12-28
49536,Product_9536_4,home,559.450465655208,398.86943735166943,active,2024-02-27
49537,Product_9537_4,home,386.4759174484038,176.7635418721311,inactive,2024-06-22
49538,Product_9538_4,sports,811.8789946272794,374.8680589068953,archived,2024-09-18
49539,Product_9539_4,clothing,680.6982462975851,444.8934040227659,inactive,2024-01-12
49540,Product_9540_4,electronics,805.7220173574892,15.094451098037613,archived,2024-11-21
49541,Product_9541_4,sports,66.23236742224226,393.523864121745,inactive,2024-06-12
49542,Product_9542_4,home,578.1581834079687,383.685052971785,archived,2024-10-15
49543,Product_9543_4,books,287.1750279466206,59.79984822556392,pending,2024-07-24
49544,Product_9544_4,sports,85.30915142025921,98.07442048801177,inactive,2024-12-11
49545,Product_9545_4,books,736.4205480988177,150.68590249925356,pending,2024-11-06
49546,Product_9546_4,clothing,60.53945222090129,485.0773146781463,inactive,2024-08-02
49547,Product_9547_4,sports,805.068317973362,169.75866498361614,archived,2024-06-07
49548,Product_9548_4,clothing,997.6646422650891,375.12696658499044,archived,2024-04-08
49549,Product_9549_4,electronics,14.422209930473544,138.1265525295854,active,2024-05-08
49550,Product_9550_4,home,448.8905431273234,103.39425373410414,archived,2024-05-17
49551,Product_9551_4,sports,370.1910097338039,380.96116544335035,pending,2024-11-20
49552,Product_9552_4,sports,396.3454487042486,219.6749263346814,pending,2024-09-24
49553,Product_9553_4,sports,341.80369826265553,469.45926444313227,archived,2024-12-26
49554,Product_9554_4,home,771.4597118897732,47.808099183245446,inactive,2024-03-18
49555,Product_9555_4,clothing,301.7166506361798,492.42036511032927,pending,2024-11-27
49556,Product_9556_4,clothing,277.92234348180756,54.45921190439169,archived,2024-03-26
49557,Product_9557_4,home,159.66212006053456,378.0152231367329,active,2024-02-08
49558,Product_9558_4,sports,746.4674191668361,303.21290790364367,active,2024-09-03
49559,Product_9559_4,home,769.3472500891934,406.73877918286036,active,2024-12-25
49560,Product_9560_4,clothing,325.04004526239373,363.680554925112,pending,2024-11-14
49561,Product_9561_4,electronics,751.3368733402298,142.10596913775757,pending,2024-11-03
49562,Product_9562_4,clothing,16.928340009543703,204.95021809922898,archived,2024-01-23
49563,Product_9563_4,electronics,115.19928560695075,155.1891405528464,inactive,2024-03-25
49564,Product_9564_4,electronics,891.2003483580144,135.795762869915,archived,2024-05-10
49565,Product_9565_4,home,638.411998489179,418.1484309510526,active,2024-02-14
49566,Product_9566_4,books,698.5327938619951,94.70641716016793,archived,2024-02-25
49567,Product_9567_4,electronics,487.01654361705175,43.81650625426448,inactive,2024-05-20
49568,Product_9568_4,books,382.30495292044935,75.92492030729525,active,2024-10-23
49569,Product_9569_4,clothing,598.3129519355471,447.0406698989408,active,2024-06-28
49570,Product_9570_4,home,553.8267949004634,49.23923092627778,inactive,2024-07-25
49571,Product_9571_4,electronics,953.5783409504398,340.8834167246402,inactive,2024-10-07
49572,Product_9572_4,home,922.2517931788695,81.13371817414888,inactive,2024-02-12
49573,Product_9573_4,books,533.6095499176712,133.6822590519754,pending,2024-10-27
49574,Product_9574_4,clothing,99.09598801340489,438.09956265757273,archived,2024-05-02
49575,Product_9575_4,books,294.65274835394985,71.55881105276995,archived,2024-06-10
49576,Product_9576_4,clothing,315.8461212279263,275.1302654175865,pending,2024-03-11
49577,Product_9577_4,books,229.04977916565377,452.3456304681694,active,2024-03-28
49578,Product_9578_4,books,642.8119104952799,312.7040170761705,inactive,2024-08-03
49579,Product_9579_4,home,143.77383400516644,112.12893337759331,pending,2024-07-15
49580,Product_9580_4,sports,796.5350083051593,40.91715853722437,archived,2024-03-26
49581,Product_9581_4,sports,6.0452568698540015,473.6710921712721,archived,2024-12-12
49582,Product_9582_4,books,708.7434701859413,208.30408356001553,inactive,2024-03-28
49583,Product_9583_4,electronics,843.0109557842549,442.39504051404214,pending,2024-07-27
49584,Product_9584_4,sports,656.4491140656323,422.84971526209324,inactive,2024-10-06
49585,Product_9585_4,home,105.93386017002682,167.97145149500307,inactive,2024-06-09
49586,Product_9586_4,clothing,669.2639064937871,140.26410661019779,pending,2024-06-22
49587,Product_9587_4,books,807.8543526760552,189.3926830714679,active,2024-05-01
49588,Product_9588_4,books,140.31472246843856,21.305901477985834,active,2024-05-16
49589,Product_9589_4,electronics,165.88346052707257,298.6390974888508,archived,2024-02-04
49590,Product_9590_4,home,13.175947565364297,361.88270461900214,archived,2024-01-04
49591,Product_9591_4,sports,500.36369485401747,187.57674800727165,inactive,2024-06-14
49592,Product_9592_4,home,750.3092218070153,55.70005457737893,pending,2024-05-19
49593,Product_9593_4,sports,403.7580983276306,248.5518528951523,archived,2024-07-03
49594,Product_9594_4,books,903.7913780678007,313.29656336039125,active,2024-10-05
49595,Product_9595_4,electronics,278.88042937072976,338.64244396848545,archived,2024-09-19
49596,Product_9596_4,electronics,913.3247274247898,278.6511778256702,active,2024-12-19
49597,Product_9597_4,home,879.0410322497813,289.06869286722184,active,2024-09-21
49598,Product_9598_4,electronics,471.4824981150988,471.24388745049754,archived,2024-02-24
49599,Product_9599_4,books,906.096326500476,312.94382608410814,active,2024-03-05
49600,Product_9600_4,electronics,922.0059486370365,103.27394793170454,pending,2024-01-23
49601,Product_9601_4,clothing,848.5324569365773,151.689327542593,archived,2024-09-28
49602,Product_9602_4,clothing,790.8391207295557,416.4501011297916,archived,2024-08-15
49603,Product_9603_4,sports,709.8625302665687,43.28605803438708,active,2024-11-07
49604,Product_9604_4,clothing,577.2430844107381,470.43519912738043,pending,2024-06-13
49605,Product_9605_4,books,470.3114306028812,76.07013608723156,inactive,2024-10-04
49606,Product_9606_4,books,878.4797419116217,207.0113477886307,pending,2024-10-11
49607,Product_9607_4,home,743.5234656833084,490.3875268435617,pending,2024-05-24
49608,Product_9608_4,electronics,168.40510330980229,12.238589840538605,pending,2024-04-07
49609,Product_9609_4,clothing,855.2492887849992,218.2468212386871,inactive,2024-04-22
49610,Product_9610_4,books,151.07136611504032,162.34489589546234,pending,2024-01-16
49611,Product_9611_4,clothing,15.26956596171367,188.829521949597,active,2024-03-22
49612,Product_9612_4,books,195.31929546137957,15.372016944258746,archived,2024-12-05
49613,Product_9613_4,clothing,515.856035326015,217.15032201019724,active,2024-10-06
49614,Product_9614_4,sports,785.3594539539652,359.58483494164227,archived,2024-07-28
49615,Product_9615_4,sports,832.7473114048923,334.3686895404397,archived,2024-05-16
49616,Product_9616_4,sports,925.0549021909169,276.5701385471083,inactive,2024-08-17
49617,Product_9617_4,sports,721.1099603131155,190.5345460779411,inactive,2024-10-15
49618,Product_9618_4,clothing,510.8281364813078,369.1872628512588,active,2024-06-27
49619,Product_9619_4,books,82.6910141378178,280.23560238996623,archived,2024-12-03
49620,Product_9620_4,electronics,818.9781064895324,88.88552784601204,pending,2024-02-02
49621,Product_9621_4,sports,68.8764911455091,148.46084145359052,inactive,2024-09-05
49622,Product_9622_4,clothing,575.5048381138057,470.608461333571,inactive,2024-12-17
49623,Product_9623_4,books,296.2192916621584,275.4913343563611,inactive,2024-07-20
49624,Product_9624_4,home,189.47971478248385,114.95218861417736,active,2024-05-09
49625,Product_9625_4,books,701.6080226465068,364.9402124306781,archived,2024-01-09
49626,Product_9626_4,books,273.5759396557453,117.0133537162162,inactive,2024-11-03
49627,Product_9627_4,books,391.87902519484186,118.35626297418602,pending,2024-05-17
49628,Product_9628_4,electronics,258.42018172776,465.31814605151294,archived,2024-04-01
49629,Product_9629_4,clothing,231.98719291977542,262.82802306720885,archived,2024-12-12
49630,Product_9630_4,sports,638.8892862873658,290.83610525951264,active,2024-04-19
49631,Product_9631_4,clothing,984.438734624836,134.04583787126947,pending,2024-04-04
49632,Product_9632_4,home,363.10226706876006,318.37481734140493,archived,2024-07-25
49633,Product_9633_4,electronics,654.7774161651221,177.1696831736457,active,2024-06-22
49634,Product_9634_4,clothing,54.84480900458203,385.2373673014865,archived,2024-12-13
49635,Product_9635_4,clothing,175.67679966675493,401.1639374974408,inactive,2024-10-18
49636,Product_9636_4,clothing,706.4098232143798,464.85368230361746,archived,2024-07-06
49637,Product_9637_4,clothing,901.0958553279553,465.7862175618918,inactive,2024-08-28
49638,Product_9638_4,electronics,626.3869586977171,290.7205835932586,pending,2024-02-20
49639,Product_9639_4,electronics,359.7604223947173,475.1975962127607,pending,2024-01-01
49640,Product_9640_4,home,736.0817548526951,454.6523712535887,pending,2024-05-01
49641,Product_9641_4,books,143.56612359837897,213.87502158805256,pending,2024-11-18
49642,Product_9642_4,sports,377.0064017981184,347.3043310677187,pending,2024-09-27
49643,Product_9643_4,sports,625.0277758048128,78.87292317008904,inactive,2024-10-11
49644,Product_9644_4,electronics,951.7082284006292,375.98604895301236,active,2024-09-08
49645,Product_9645_4,books,89.43554366621244,26.747398266690148,active,2024-11-21
49646,Product_9646_4,electronics,571.631986990429,185.31700096290226,active,2024-03-23
49647,Product_9647_4,sports,582.6561429421156,182.27996268900537,inactive,2024-07-14
49648,Product_9648_4,sports,330.68444960546606,48.93694195513361,inactive,2024-12-24
49649,Product_9649_4,clothing,778.0558838226187,244.63998694955495,inactive,2024-08-17
49650,Product_9650_4,clothing,148.52919898091082,77.49658074160004,inactive,2024-09-20
49651,Product_9651_4,electronics,371.2964485427561,318.3777716568939,archived,2024-01-08
49652,Product_9652_4,home,330.64811018546743,421.91156702636636,archived,2024-01-16
49653,Product_9653_4,electronics,633.4809367107293,191.62307122730857,inactive,2024-12-12
49654,Product_9654_4,electronics,304.1830609554273,134.96059921823036,pending,2024-06-16
49655,Product_9655_4,electronics,821.3548308707063,42.93116719304511,active,2024-08-07
49656,Product_9656_4,electronics,320.59805022764425,433.3356872560549,inactive,2024-10-18
49657,Product_9657_4,home,957.8932207324226,288.8911339531417,active,2024-08-11
49658,Product_9658_4,books,705.4497314428916,26.31095014015219,active,2024-12-09
49659,Product_9659_4,sports,503.2017933535992,462.6940260212078,archived,2024-09-03
49660,Product_9660_4,books,608.3968314662934,73.92733424278106,active,2024-01-05
49661,Product_9661_4,electronics,124.88359155184757,241.14750952426672,active,2024-06-05
49662,Product_9662_4,clothing,751.7511217651095,123.89005822503428,active,2024-09-05
49663,Product_9663_4,clothing,867.6703996706917,437.8001424774176,pending,2024-08-02
49664,Product_9664_4,home,431.4922385634372,140.86345521016412,archived,2024-09-11
49665,Product_9665_4,books,185.1819983882545,208.37138822947014,archived,2024-05-22
49666,Product_9666_4,electronics,320.09260001577286,286.67365245075376,archived,2024-11-19
49667,Product_9667_4,home,679.3925648001411,179.6633531119462,active,2024-03-05
49668,Product_9668_4,clothing,340.9241620368605,452.12746246561454,archived,2024-11-03
49669,Product_9669_4,clothing,196.59991340247004,378.8010581807832,pending,2024-10-02
49670,Product_9670_4,clothing,886.1966581202372,99.1580550485167,archived,2024-07-06
49671,Product_9671_4,clothing,883.0549548786066,215.66136574510546,inactive,2024-07-20
49672,Product_9672_4,books,157.97624500342894,302.2631006054697,active,2024-07-22
49673,Product_9673_4,electronics,927.0692228723765,219.65326423140903,pending,2024-09-27
49674,Product_9674_4,home,947.96410583615,259.0050464039019,archived,2024-08-16
49675,Product_9675_4,sports,679.9091759767467,135.4440220355923,archived,2024-10-23
49676,Product_9676_4,electronics,751.4913322680457,331.4361022373987,active,2024-11-03
49677,Product_9677_4,electronics,22.041063248594263,307.25125635044066,active,2024-07-22
49678,Product_9678_4,electronics,45.048373189171336,321.39245798166826,archived,2024-04-17
49679,Product_9679_4,electronics,523.2063820353708,201.87512413214674,inactive,2024-05-15
49680,Product_9680_4,sports,9.793848690809927,311.7705058842639,active,2024-10-09
49681,Product_9681_4,electronics,52.413101472535615,83.66463534911783,archived,2024-10-17
49682,Product_9682_4,books,991.168139582235,273.1129050128004,active,2024-12-20
49683,Product_9683_4,home,567.7950871161571,208.9824763051257,pending,2024-02-16
49684,Product_9684_4,sports,787.997750710542,460.9275684534032,active,2024-01-11
49685,Product_9685_4,electronics,276.94835267755815,353.79093400018485,active,2024-02-07
49686,Product_9686_4,clothing,179.19558892870353,121.93213317904998,pending,2024-02-26
49687,Product_9687_4,books,870.3458239696598,330.99419981059486,active,2024-09-11
49688,Product_9688_4,home,261.9191861274792,124.42189019370463,archived,2024-08-20
49689,Product_9689_4,clothing,146.88130949335823,156.46641694225937,archived,2024-12-09
49690,Product_9690_4,clothing,575.9490072621763,426.0146736596175,inactive,2024-08-22
49691,Product_9691_4,books,698.0717920523188,413.74037446851014,archived,2024-12-08
49692,Product_9692_4,electronics,821.0125562635873,351.34115671472205,inactive,2024-02-15
49693,Product_9693_4,sports,764.0678874353426,289.071000333625,archived,2024-07-23
49694,Product_9694_4,home,541.6391032494961,224.6190420187175,pending,2024-02-03
49695,Product_9695_4,sports,158.12056018727208,327.13776374078094,pending,2024-09-05
49696,Product_9696_4,clothing,704.3647515166282,19.012462349662936,pending,2024-05-17
49697,Product_9697_4,sports,750.3217804879264,232.12218795185893,active,2024-10-10
49698,Product_9698_4,electronics,294.58592525206564,257.55667889881477,pending,2024-09-08
49699,Product_9699_4,books,401.1923726753885,12.046501738637499,inactive,2024-04-14
49700,Product_9700_4,books,26.26658194819335,132.381634597934,active,2024-05-01
49701,Product_9701_4,electronics,95.31749240379554,112.04101185710817,inactive,2024-10-07
49702,Product_9702_4,clothing,293.3952125225998,83.92263831291193,archived,2024-12-03
49703,Product_9703_4,sports,399.0412985505999,227.49441057734563,active,2024-11-11
49704,Product_9704_4,books,481.10271474478424,379.89222338524075,active,2024-02-16
49705,Product_9705_4,electronics,949.8393893192995,177.0473984052076,archived,2024-03-21
49706,Product_9706_4,sports,572.6075556893521,37.75996428287914,active,2024-06-14
49707,Product_9707_4,books,482.2245790441918,397.1058501655146,inactive,2024-09-04
49708,Product_9708_4,clothing,519.4554580934539,258.3537852266546,active,2024-12-16
49709,Product_9709_4,books,167.21202185332407,469.3576031189432,active,2024-07-03
49710,Product_9710_4,home,301.2004034264415,276.43886193009683,inactive,2024-01-08
49711,Product_9711_4,sports,72.97887207449078,285.76473361832217,pending,2024-06-26
49712,Product_9712_4,home,674.5963592706526,36.41676715208443,inactive,2024-05-10
49713,Product_9713_4,home,885.1163349183819,410.1699436945746,archived,2024-10-26
49714,Product_9714_4,electronics,752.6840690960694,384.8510530634311,pending,2024-03-10
49715,Product_9715_4,clothing,910.9399187374872,122.06205091880784,archived,2024-12-26
49716,Product_9716_4,sports,140.65112281068812,414.737312411045,archived,2024-07-14
49717,Product_9717_4,electronics,870.1379569488621,157.19619353074017,archived,2024-09-04
49718,Product_9718_4,sports,868.1437124913716,251.71694542318275,archived,2024-02-01
49719,Product_9719_4,books,436.0591752063091,157.26396898824197,archived,2024-05-07
49720,Product_9720_4,home,318.22994604413753,304.719909987659,active,2024-12-11
49721,Product_9721_4,clothing,597.2831645480088,228.901262268262,inactive,2024-12-19
49722,Product_9722_4,clothing,150.40719969716827,430.9411495051015,pending,2024-01-03
49723,Product_9723_4,home,468.2874360539414,353.8247256258387,active,2024-10-27
49724,Product_9724_4,sports,579.4628182483932,414.50289734982334,active,2024-06-15
49725,Product_9725_4,home,937.6006416619325,419.67630199714944,archived,2024-11-27
49726,Product_9726_4,electronics,615.6053920903282,432.4776180002981,active,2024-09-01
49727,Product_9727_4,electronics,912.4649607160667,95.48431379306857,active,2024-09-15
49728,Product_9728_4,home,906.1472987959972,425.2122251842649,archived,2024-06-17
49729,Product_9729_4,electronics,705.8981893455522,79.79539996869478,inactive,2024-06-18
49730,Product_9730_4,books,5.875791848405573,75.38588788965032,archived,2024-06-20
49731,Product_9731_4,clothing,750.2158665376552,325.7901854797686,archived,2024-09-03
49732,Product_9732_4,clothing,988.8999365054926,418.7808954254145,inactive,2024-04-24
49733,Product_9733_4,clothing,328.1317757409907,244.82723173294266,archived,2024-01-08
49734,Product_9734_4,electronics,772.001603406904,235.78047751580135,active,2024-12-23
49735,Product_9735_4,home,529.7236442832061,293.58285694446823,pending,2024-03-04
49736,Product_9736_4,electronics,119.67575392167888,248.21448752625577,pending,2024-03-08
49737,Product_9737_4,sports,176.52879112119663,66.23226279055845,archived,2024-05-19
49738,Product_9738_4,clothing,162.81231525979788,107.55827671430025,inactive,2024-07-13
49739,Product_9739_4,home,763.5257019007369,324.9133420075121,active,2024-08-02
49740,Product_9740_4,electronics,959.0627161779882,241.41277675931696,active,2024-07-11
49741,Product_9741_4,clothing,125.61350293805414,129.10806959096482,active,2024-09-09
49742,Product_9742_4,electronics,693.1857176602831,96.93236498259083,archived,2024-05-08
49743,Product_9743_4,home,200.92015197024358,321.0876026139483,pending,2024-06-23
49744,Product_9744_4,clothing,869.5416314445711,350.04597043316085,active,2024-08-26
49745,Product_9745_4,clothing,501.2754884034676,438.2866326536831,archived,2024-12-03
49746,Product_9746_4,books,139.7187207916747,362.3468505584689,inactive,2024-01-17
49747,Product_9747_4,books,487.17656688133553,276.3145267962977,inactive,2024-05-06
49748,Product_9748_4,sports,299.1696644081419,271.8688551465642,pending,2024-01-25
49749,Product_9749_4,clothing,861.1315955060979,123.75048805876406,active,2024-01-24
49750,Product_9750_4,home,686.6081238406936,479.7069107640953,archived,2024-08-28
49751,Product_9751_4,home,476.4631652796731,252.93017085050414,pending,2024-07-18
49752,Product_9752_4,clothing,517.1087220165338,31.709322632861944,active,2024-01-07
49753,Product_9753_4,home,951.3837871682601,212.7424851834537,inactive,2024-10-21
49754,Product_9754_4,books,617.9478096418098,63.620461439288306,active,2024-07-11
49755,Product_9755_4,electronics,171.8154312427586,300.6798560761899,archived,2024-05-28
49756,Product_9756_4,sports,414.6502226005287,366.33099632908625,archived,2024-06-26
49757,Product_9757_4,home,600.3183511343958,469.62441064373036,inactive,2024-07-22
49758,Product_9758_4,electronics,293.2063699341168,468.1122126871026,pending,2024-04-09
49759,Product_9759_4,sports,911.8681748550921,467.39128662535575,inactive,2024-01-18
49760,Product_9760_4,books,502.13424995418046,218.78432344772006,active,2024-09-28
49761,Product_9761_4,clothing,654.717466352354,14.308983092073813,inactive,2024-07-14
49762,Product_9762_4,home,837.0295120865544,187.8452757122871,pending,2024-11-28
49763,Product_9763_4,sports,757.856308037283,384.27879331414067,pending,2024-07-25
49764,Product_9764_4,electronics,32.47814971436621,409.67289654159595,archived,2024-09-05
49765,Product_9765_4,electronics,629.2172280854967,311.978710397315,inactive,2024-08-27
49766,Product_9766_4,home,683.4717101691482,19.47034489806424,pending,2024-12-05
49767,Product_9767_4,books,833.8877207242343,386.86268581028855,pending,2024-12-28
49768,Product_9768_4,electronics,48.52197099937788,161.14836434525208,active,2024-09-02
49769,Product_9769_4,electronics,793.8566187054192,273.6845034101364,pending,2024-08-02
49770,Product_9770_4,books,639.6493335506201,495.39903214223165,archived,2024-11-14
49771,Product_9771_4,home,569.7664435549326,40.40868269860623,inactive,2024-02-03
49772,Product_9772_4,home,742.5732100214801,433.1794653172153,archived,2024-07-07
49773,Product_9773_4,books,174.4449587043213,325.2976849891223,active,2024-10-07
49774,Product_9774_4,sports,246.85867937207982,270.7108335801162,pending,2024-12-04
49775,Product_9775_4,clothing,95.17003685497703,219.09751737154548,pending,2024-04-01
49776,Product_9776_4,sports,697.2098123419852,378.06957806654816,active,2024-01-05
49777,Product_9777_4,sports,167.58601927806652,95.5316125233025,archived,2024-01-13
49778,Product_9778_4,home,147.06447702952687,388.5652297060908,archived,2024-10-14
49779,Product_9779_4,clothing,548.1983785074934,102.82536976454655,pending,2024-11-27
49780,Product_9780_4,home,129.5582369909485,291.7575756818701,inactive,2024-02-07
49781,Product_9781_4,home,42.245458055378954,496.4024995430311,active,2024-02-19
49782,Product_9782_4,sports,825.9163196963369,35.431583646173536,inactive,2024-08-10
49783,Product_9783_4,clothing,984.1543464057675,389.63268343801354,active,2024-12-20
49784,Product_9784_4,books,649.3867703803365,298.72164228856747,active,2024-06-02
49785,Product_9785_4,home,481.08064586240266,153.43166763803816,active,2024-03-20
49786,Product_9786_4,sports,87.58831011650216,469.6612054336469,pending,2024-11-14
49787,Product_9787_4,books,135.1913532087383,327.13584037324296,archived,2024-10-13
49788,Product_9788_4,books,408.14330965998886,257.5946592170924,archived,2024-02-09
49789,Product_9789_4,sports,844.3269574926112,464.2618692096511,archived,2024-11-12
49790,Product_9790_4,electronics,655.1014295649329,356.9339155214562,archived,2024-04-14
49791,Product_9791_4,books,157.3869752669494,188.63486296637328,pending,2024-07-02
49792,Product_9792_4,books,903.4740203559057,45.89396558060052,pending,2024-04-24
49793,Product_9793_4,electronics,411.41935290767805,405.11073812985865,active,2024-06-10
49794,Product_9794_4,electronics,466.605399311637,434.15372416742485,active,2024-08-23
49795,Product_9795_4,electronics,222.26195291489222,335.14848112137474,archived,2024-09-08
49796,Product_9796_4,sports,217.6723305849301,324.3793611736429,active,2024-03-23
49797,Product_9797_4,home,693.5841361727378,45.235808757452276,archived,2024-09-26
49798,Product_9798_4,electronics,258.1205545998061,210.53298606114237,inactive,2024-06-24
49799,Product_9799_4,sports,93.9542030928004,438.18250805382763,active,2024-11-02
49800,Product_9800_4,books,75.66484697777476,430.05026639576636,inactive,2024-02-09
49801,Product_9801_4,electronics,93.7277988924104,287.109484305501,active,2024-07-23
49802,Product_9802_4,clothing,707.9577624403921,364.46872443720173,inactive,2024-08-21
49803,Product_9803_4,electronics,766.9306452691284,243.38161121328093,inactive,2024-06-15
49804,Product_9804_4,books,571.0271875830255,132.84221082514563,active,2024-06-14
49805,Product_9805_4,clothing,457.65267174786493,387.563059038975,active,2024-02-24
49806,Product_9806_4,clothing,109.61207644978307,349.0449028613355,archived,2024-12-11
49807,Product_9807_4,books,108.5608975988586,490.38106557033836,archived,2024-01-28
49808,Product_9808_4,books,715.6755067126435,106.82775560805281,pending,2024-01-28
49809,Product_9809_4,electronics,692.036764249019,55.17215984788693,archived,2024-02-28
49810,Product_9810_4,sports,267.34948838682294,192.87692424572697,archived,2024-10-10
49811,Product_9811_4,sports,420.5144860270041,337.32362670192697,inactive,2024-12-01
49812,Product_9812_4,electronics,652.4457012501225,173.08450193642435,inactive,2024-12-24
49813,Product_9813_4,home,289.8973113520692,362.4447331032152,inactive,2024-03-23
49814,Product_9814_4,sports,56.192097973925776,382.1809278873303,archived,2024-02-10
49815,Product_9815_4,sports,394.2588044177921,424.36038491463904,inactive,2024-03-28
49816,Product_9816_4,electronics,969.591809775822,12.941239224990818,inactive,2024-03-28
49817,Product_9817_4,books,981.5923820197609,361.92903815996885,inactive,2024-01-09
49818,Product_9818_4,home,378.9095997918513,475.19386052494605,active,2024-10-06
49819,Product_9819_4,home,826.712323868688,232.65504483269382,active,2024-04-14
49820,Product_9820_4,books,364.9526773467651,143.66518052482633,active,2024-04-14
49821,Product_9821_4,home,645.9227670670006,227.58750881269302,archived,2024-12-28
49822,Product_9822_4,home,525.0960651918972,99.27896775668366,pending,2024-06-15
49823,Product_9823_4,books,458.29087946999084,174.54659285190664,pending,2024-10-09
49824,Product_9824_4,electronics,237.17789666807437,192.19316299188114,inactive,2024-02-17
49825,Product_9825_4,electronics,644.2533869599691,420.36814996582603,inactive,2024-12-24
49826,Product_9826_4,electronics,221.06254213598336,332.9989119147576,pending,2024-07-06
49827,Product_9827_4,electronics,821.1233707009876,321.9049026716857,active,2024-03-14
49828,Product_9828_4,home,816.4283693924759,227.50614320771513,inactive,2024-06-20
49829,Product_9829_4,home,143.70135468766253,118.54909022987718,active,2024-03-22
49830,Product_9830_4,clothing,159.12734497744384,395.5870685443044,inactive,2024-09-10
49831,Product_9831_4,home,162.09239642863866,496.6000522196681,active,2024-11-09
49832,Product_9832_4,clothing,521.1037890326185,187.2936055270725,active,2024-05-02
49833,Product_9833_4,home,898.7809149768924,84.31712925666062,active,2024-11-20
49834,Product_9834_4,home,699.0062833180782,373.73313238170016,active,2024-09-05
49835,Product_9835_4,books,756.466206828063,389.16558569368107,active,2024-11-20
49836,Product_9836_4,electronics,614.7222309078719,204.97125406882023,archived,2024-04-10
49837,Product_9837_4,electronics,150.50714929264203,128.31280306662205,archived,2024-10-15
49838,Product_9838_4,electronics,769.5540809526914,389.470161150019,active,2024-04-15
49839,Product_9839_4,home,696.8328088663159,26.101756837949676,archived,2024-03-25
49840,Product_9840_4,books,454.7584309663736,33.4869152818422,inactive,2024-11-11
49841,Product_9841_4,electronics,106.79340246373616,26.21077969765565,pending,2024-07-13
49842,Product_9842_4,sports,515.7198774775692,302.96451781710465,archived,2024-06-07
49843,Product_9843_4,clothing,983.9636865950469,404.5008583530265,pending,2024-11-14
49844,Product_9844_4,sports,456.86998573949205,477.1012307654761,active,2024-01-12
49845,Product_9845_4,books,433.2744831234551,176.78540527821607,pending,2024-01-25
49846,Product_9846_4,home,368.8326501367008,302.25054171692193,pending,2024-01-25
49847,Product_9847_4,books,330.12813000172736,371.97411637917486,archived,2024-06-11
49848,Product_9848_4,books,25.085310000239723,497.8981515808531,inactive,2024-01-20
49849,Product_9849_4,sports,827.419371191421,485.4327338190597,pending,2024-11-22
49850,Product_9850_4,electronics,318.75977554119567,100.12405643051306,archived,2024-06-14
49851,Product_9851_4,books,413.2432619252962,146.15555323732613,inactive,2024-05-26
49852,Product_9852_4,home,833.8209713071518,51.977513936533235,inactive,2024-05-11
49853,Product_9853_4,books,743.1258326816679,489.53428643937343,archived,2024-03-20
49854,Product_9854_4,clothing,699.8980680630942,433.63359922371603,archived,2024-04-09
49855,Product_9855_4,clothing,339.827528914637,106.4503803140227,inactive,2024-02-09
49856,Product_9856_4,sports,732.0684175576789,422.0385700349701,pending,2024-11-18
49857,Product_9857_4,clothing,565.826579914043,369.37868624791645,archived,2024-07-16
49858,Product_9858_4,sports,466.40929990998575,212.3835688125404,archived,2024-11-07
49859,Product_9859_4,clothing,941.5939181516648,444.00475524140137,pending,2024-03-24
49860,Product_9860_4,clothing,797.3151295263609,340.6321575490978,active,2024-03-16
49861,Product_9861_4,electronics,344.6766812059526,204.22827248234913,inactive,2024-08-15
49862,Product_9862_4,sports,405.1512557805662,24.053763327304274,active,2024-11-10
49863,Product_9863_4,clothing,866.8891728908733,87.81313216938692,archived,2024-09-18
49864,Product_9864_4,books,447.77152833513,136.8748527285531,active,2024-05-27
49865,Product_9865_4,home,182.82739983082553,386.6216102990166,inactive,2024-08-28
49866,Product_9866_4,home,591.0919007059259,295.3565413597945,inactive,2024-12-13
49867,Product_9867_4,electronics,768.1068434456569,71.23444945830539,active,2024-07-05
49868,Product_9868_4,electronics,21.212286303647986,321.459051221305,pending,2024-08-23
49869,Product_9869_4,sports,799.053609528265,353.6879193314356,pending,2024-07-23
49870,Product_9870_4,books,474.37318718313327,347.2998623016401,inactive,2024-06-22
49871,Product_9871_4,books,689.1197246638388,435.34390454788377,active,2024-05-28
49872,Product_9872_4,sports,877.8125956572408,364.44479888431215,inactive,2024-03-01
49873,Product_9873_4,clothing,883.9359745402462,460.07438179647886,inactive,2024-12-13
49874,Product_9874_4,books,172.5312087740787,225.37679168906644,inactive,2024-06-25
49875,Product_9875_4,clothing,297.05426056936244,139.4804784483228,active,2024-08-04
49876,Product_9876_4,books,374.0320696598714,23.187423452483912,inactive,2024-10-16
49877,Product_9877_4,home,610.6994824079636,353.01851757399197,pending,2024-08-22
49878,Product_9878_4,sports,169.7249562479238,225.93080864458213,active,2024-05-06
49879,Product_9879_4,electronics,289.6808309682203,202.21473194707028,archived,2024-05-09
49880,Product_9880_4,sports,982.306398421148,331.2417828594608,active,2024-12-27
49881,Product_9881_4,clothing,886.7346364363032,108.27078920571783,active,2024-11-21
49882,Product_9882_4,clothing,392.87235144150145,354.4275565462385,archived,2024-07-08
49883,Product_9883_4,sports,869.0168682020272,116.79652100197563,active,2024-10-24
49884,Product_9884_4,books,817.5860418170103,148.39348509696998,inactive,2024-11-28
49885,Product_9885_4,home,35.430496190506766,77.88987990448108,pending,2024-11-12
49886,Product_9886_4,sports,562.2156492770678,205.95549487879902,pending,2024-07-22
49887,Product_9887_4,books,475.28714816330194,102.35821500726722,pending,2024-09-14
49888,Product_9888_4,books,444.9012530916423,274.3627624392445,active,2024-06-25
49889,Product_9889_4,home,375.10950819486493,95.91457028161958,inactive,2024-12-04
49890,Product_9890_4,books,254.41520547768496,295.12383708361835,active,2024-04-13
49891,Product_9891_4,home,495.2429260528014,182.8349390400564,archived,2024-04-20
49892,Product_9892_4,electronics,247.20513160725358,295.5670360615731,archived,2024-05-17
49893,Product_9893_4,electronics,548.4017915374827,40.06329161639712,archived,2024-06-02
49894,Product_9894_4,sports,841.7828482395821,425.6416453806118,archived,2024-06-19
49895,Product_9895_4,electronics,183.95063682628208,382.031503713455,archived,2024-08-01
49896,Product_9896_4,clothing,98.8174002095188,291.6213148999013,inactive,2024-07-14
49897,Product_9897_4,sports,90.38634857638394,295.2449180253115,inactive,2024-04-01
49898,Product_9898_4,clothing,935.1184403370981,194.13327633134736,archived,2024-10-28
49899,Product_9899_4,sports,297.0905922835697,246.286809481381,active,2024-02-19
49900,Product_9900_4,books,935.382273229748,133.2778682181304,active,2024-01-21
49901,Product_9901_4,clothing,736.9205476142366,72.93068522702126,inactive,2024-03-19
49902,Product_9902_4,clothing,198.8861997319709,431.2117838679935,inactive,2024-03-14
49903,Product_9903_4,home,350.59812943680856,267.6148187896525,active,2024-08-22
49904,Product_9904_4,clothing,52.40134698848772,162.50048884897765,archived,2024-07-05
49905,Product_9905_4,books,532.9144594570663,91.41895013207056,active,2024-02-17
49906,Product_9906_4,sports,353.59360086930076,144.0287378443394,pending,2024-06-13
49907,Product_9907_4,books,513.7841736424346,64.95086449630492,inactive,2024-06-06
49908,Product_9908_4,home,955.2674260483893,107.83702366993342,pending,2024-04-12
49909,Product_9909_4,clothing,416.57812196461344,460.74357727268585,archived,2024-08-08
49910,Product_9910_4,electronics,230.36864279012153,46.887418403631315,inactive,2024-03-02
49911,Product_9911_4,books,389.55203673385233,205.47120108561091,archived,2024-02-13
49912,Product_9912_4,electronics,536.4334487240839,268.56319257928857,inactive,2024-10-19
49913,Product_9913_4,books,211.55123934490985,308.184196566822,archived,2024-07-15
49914,Product_9914_4,home,110.53557536040792,438.5743769740772,active,2024-09-26
49915,Product_9915_4,books,303.66566756574275,165.0900226848387,archived,2024-10-28
49916,Product_9916_4,books,352.48698289586173,369.99476357826484,archived,2024-05-08
49917,Product_9917_4,electronics,847.5760768248957,488.9729788223773,active,2024-07-27
49918,Product_9918_4,electronics,117.7004903586139,104.3962869110902,pending,2024-07-27
49919,Product_9919_4,electronics,907.2571509988919,189.94398188455452,active,2024-06-24
49920,Product_9920_4,clothing,249.99930091602275,444.3013896095485,active,2024-03-21
49921,Product_9921_4,electronics,736.1440089280737,345.94248196976866,pending,2024-10-25
49922,Product_9922_4,home,394.23440633760725,129.70934067779825,pending,2024-10-20
49923,Product_9923_4,clothing,391.1389588214085,378.25435838753975,inactive,2024-01-08
49924,Product_9924_4,electronics,191.8550658492468,279.3591968200591,pending,2024-05-21
49925,Product_9925_4,sports,348.80169675746384,83.59050711093003,active,2024-07-02
49926,Product_9926_4,electronics,104.96397029780151,85.64387069242154,active,2024-07-21
49927,Product_9927_4,home,231.91242625621618,183.489875256256,archived,2024-10-05
49928,Product_9928_4,home,615.7924568149331,165.58107531894586,pending,2024-01-24
49929,Product_9929_4,clothing,177.19743322568527,462.6096547036572,active,2024-07-14
49930,Product_9930_4,books,214.00451174402687,270.98832808481916,pending,2024-03-07
49931,Product_9931_4,sports,162.18674336987976,360.24848640376047,pending,2024-12-16
49932,Product_9932_4,clothing,663.0540527284792,169.63965157566147,active,2024-09-16
49933,Product_9933_4,home,62.89287291497937,226.17216661157536,pending,2024-03-14
49934,Product_9934_4,electronics,962.7548757726307,343.41390967884075,archived,2024-07-12
49935,Product_9935_4,books,894.8841185222244,186.54333457655446,archived,2024-05-04
49936,Product_9936_4,clothing,747.5144501711858,359.4679243457742,inactive,2024-11-08
49937,Product_9937_4,clothing,176.64082070589947,120.74413190632276,archived,2024-03-28
49938,Product_9938_4,electronics,609.6030998535635,44.70151550255878,archived,2024-04-15
49939,Product_9939_4,sports,666.390940084075,93.57233126684322,inactive,2024-05-21
49940,Product_9940_4,electronics,778.8891406172862,284.2240981907976,archived,2024-09-02
49941,Product_9941_4,home,581.1978608204678,129.22773412496122,active,2024-06-02
49942,Product_9942_4,books,363.7917941689638,256.8600646642519,active,2024-05-17
49943,Product_9943_4,clothing,255.43147853890267,199.72129444544757,inactive,2024-06-09
49944,Product_9944_4,sports,622.9801301709407,25.658172272587386,archived,2024-02-15
49945,Product_9945_4,clothing,696.1250638740487,465.1145800826833,pending,2024-04-05
49946,Product_9946_4,home,625.3432426368885,447.52434369647534,active,2024-06-22
49947,Product_9947_4,home,689.2647845750623,101.25605152817765,inactive,2024-02-05
49948,Product_9948_4,sports,659.1074951342654,304.7242110314068,archived,2024-04-27
49949,Product_9949_4,electronics,300.07092332420746,26.432948873096496,inactive,2024-04-05
49950,Product_9950_4,clothing,509.8362645549251,272.235726830511,inactive,2024-01-18
49951,Product_9951_4,home,330.0845812406981,262.6666917423638,pending,2024-01-06
49952,Product_9952_4,sports,939.1700460454676,317.58664236207255,pending,2024-11-03
49953,Product_9953_4,books,472.9198991901074,464.67901443968384,active,2024-07-10
49954,Product_9954_4,clothing,285.79298296896326,226.03190516294003,active,2024-01-06
49955,Product_9955_4,books,420.9732295356928,314.3787267976215,archived,2024-01-11
49956,Product_9956_4,home,961.9285455445478,459.31216405443126,active,2024-02-25
49957,Product_9957_4,sports,838.6780538935955,229.0841223961144,inactive,2024-03-05
49958,Product_9958_4,clothing,492.46913428916514,333.1950003506092,inactive,2024-01-04
49959,Product_9959_4,electronics,2.371874882607398,283.60457701443505,pending,2024-06-28
49960,Product_9960_4,clothing,903.9027261856951,236.82719316142908,inactive,2024-02-09
49961,Product_9961_4,home,758.3744082819585,16.939760023029482,active,2024-03-06
49962,Product_9962_4,electronics,488.0736749499949,10.049641679066362,active,2024-07-06
49963,Product_9963_4,home,878.5339694984779,447.03009359884544,active,2024-10-05
49964,Product_9964_4,clothing,371.3449965589618,55.51842910686536,archived,2024-02-24
49965,Product_9965_4,clothing,885.2059472310686,295.08842511710645,inactive,2024-11-10
49966,Product_9966_4,electronics,788.0129435238204,227.28806330354868,active,2024-09-06
49967,Product_9967_4,books,961.9503184014624,304.93362606778004,pending,2024-08-15
49968,Product_9968_4,clothing,689.2796221104455,384.0340819785772,inactive,2024-01-04
49969,Product_9969_4,home,44.946585598841324,216.7178934487171,archived,2024-03-12
49970,Product_9970_4,books,232.45590949183335,488.7784059759928,inactive,2024-11-25
49971,Product_9971_4,home,81.34412094303444,164.6668259217779,archived,2024-10-13
49972,Product_9972_4,home,321.2371098391862,335.7192029249106,archived,2024-05-08
49973,Product_9973_4,home,909.5813622304938,98.57202681408818,pending,2024-02-09
49974,Product_9974_4,home,80.11481517918523,448.9166354500212,pending,2024-08-24
49975,Product_9975_4,sports,591.4297059427512,323.73542540088675,pending,2024-02-06
49976,Product_9976_4,home,896.675009944188,126.13105868441815,pending,2024-06-27
49977,Product_9977_4,home,452.11714981435125,453.45320000542927,pending,2024-05-13
49978,Product_9978_4,sports,155.75160593091437,201.68137616699505,pending,2024-01-04
49979,Product_9979_4,electronics,47.10555121037002,194.4075233095387,inactive,2024-02-02
49980,Product_9980_4,clothing,681.0623073517078,462.4749816222837,pending,2024-12-25
49981,Product_9981_4,clothing,567.8147087547864,247.00889663918025,pending,2024-04-21
49982,Product_9982_4,electronics,149.1925285530633,451.3957586969108,pending,2024-06-19
49983,Product_9983_4,clothing,263.3139776457456,147.67762691598833,active,2024-09-24
49984,Product_9984_4,books,116.8143700469577,483.5308646216562,active,2024-01-15
49985,Product_9985_4,books,448.5826589238048,276.48342169769523,archived,2024-04-05
49986,Product_9986_4,clothing,852.0545018498258,460.78938478023775,active,2024-08-21
49987,Product_9987_4,clothing,633.6725102936933,302.09223070321485,archived,2024-11-28
49988,Product_9988_4,books,39.89955880651766,455.2508373099336,pending,2024-05-11
49989,Product_9989_4,clothing,244.8162748108265,250.48839031958252,archived,2024-04-06
49990,Product_9990_4,clothing,436.44266914242223,136.90033188069538,pending,2024-07-17
49991,Product_9991_4,home,27.332536757851738,189.60958366079822,archived,2024-12-26
49992,Product_9992_4,electronics,355.85095364483266,34.2850453035724,active,2024-06-03
49993,Product_9993_4,sports,224.14900622583284,343.04515763437536,active,2024-05-14
49994,Product_9994_4,home,834.0808506284624,255.27918095286233,inactive,2024-02-06
49995,Product_9995_4,home,350.6508171214704,397.9403881438868,inactive,2024-12-15
49996,Product_9996_4,home,103.28726382308149,332.4026788610953,archived,2024-08-20
49997,Product_9997_4,sports,457.1951176474743,273.14136517774807,pending,2024-09-04
49998,Product_9998_4,home,263.98857608790354,435.1447462578612,pending,2024-01-16
49999,Product_9999_4,home,549.6485532490366,396.68930218174387,archived,2024-07-16
