id,name,email,department,value
0,Name_0,user_0@example.com,dept_0,20
1,Name_1,user_1@example.com,dept_1,60
2,Name_2,user_2@example.com,dept_2,89
3,Name_3,user_3@example.com,dept_3,45
4,Name_4,user_4@example.com,dept_4,51
5,Name_5,user_5@example.com,dept_5,45
6,Name_6,user_6@example.com,dept_6,21
7,Name_7,user_7@example.com,dept_7,89
8,Name_8,user_8@example.com,dept_8,49
9,Name_9,user_9@example.com,dept_9,95
10,Name_10,user_10@example.com,dept_0,39
11,Name_11,user_11@example.com,dept_1,39
12,Name_12,user_12@example.com,dept_2,91
13,Name_13,user_13@example.com,dept_3,79
14,Name_14,user_14@example.com,dept_4,31
15,Name_15,user_15@example.com,dept_5,82
16,Name_16,user_16@example.com,dept_6,29
17,Name_17,user_17@example.com,dept_7,24
18,Name_18,user_18@example.com,dept_8,46
19,Name_19,user_19@example.com,dept_9,79
20,Name_20,user_20@example.com,dept_0,35
21,Name_21,user_21@example.com,dept_1,88
22,Name_22,user_22@example.com,dept_2,86
23,Name_23,user_23@example.com,dept_3,54
24,Name_24,user_24@example.com,dept_4,4
25,Name_25,user_25@example.com,dept_5,20
26,Name_26,user_26@example.com,dept_6,68
27,Name_27,user_27@example.com,dept_7,12
28,Name_28,user_28@example.com,dept_8,70
29,Name_29,user_29@example.com,dept_9,84
30,Name_30,user_30@example.com,dept_0,94
31,Name_31,user_31@example.com,dept_1,26
32,Name_32,user_32@example.com,dept_2,81
33,Name_33,user_33@example.com,dept_3,51
34,Name_34,user_34@example.com,dept_4,51
35,Name_35,user_35@example.com,dept_5,13
36,Name_36,user_36@example.com,dept_6,4
37,Name_37,user_37@example.com,dept_7,77
38,Name_38,user_38@example.com,dept_8,56
39,Name_39,user_39@example.com,dept_9,40
40,Name_40,user_40@example.com,dept_0,44
41,Name_41,user_41@example.com,dept_1,38
42,Name_42,user_42@example.com,dept_2,62
43,Name_43,user_43@example.com,dept_3,89
44,Name_44,user_44@example.com,dept_4,99
45,Name_45,user_45@example.com,dept_5,42
46,Name_46,user_46@example.com,dept_6,83
47,Name_47,user_47@example.com,dept_7,14
48,Name_48,user_48@example.com,dept_8,67
49,Name_49,user_49@example.com,dept_9,49
50,Name_50,user_0@example.com,dept_0,11
51,Name_51,user_1@example.com,dept_1,23
52,Name_52,user_2@example.com,dept_2,80
53,Name_53,user_3@example.com,dept_3,19
54,Name_54,user_4@example.com,dept_4,48
55,Name_55,user_5@example.com,dept_5,19
56,Name_56,user_6@example.com,dept_6,37
57,Name_57,user_7@example.com,dept_7,80
58,Name_58,user_8@example.com,dept_8,97
59,Name_59,user_9@example.com,dept_9,41
60,Name_60,user_10@example.com,dept_0,77
61,Name_61,user_11@example.com,dept_1,25
62,Name_62,user_12@example.com,dept_2,39
63,Name_63,user_13@example.com,dept_3,46
64,Name_64,user_14@example.com,dept_4,22
65,Name_65,user_15@example.com,dept_5,27
66,Name_66,user_16@example.com,dept_6,40
67,Name_67,user_17@example.com,dept_7,26
68,Name_68,user_18@example.com,dept_8,89
69,Name_69,user_19@example.com,dept_9,13
70,Name_70,user_20@example.com,dept_0,75
71,Name_71,user_21@example.com,dept_1,27
72,Name_72,user_22@example.com,dept_2,11
73,Name_73,user_23@example.com,dept_3,32
74,Name_74,user_24@example.com,dept_4,84
75,Name_75,user_25@example.com,dept_5,15
76,Name_76,user_26@example.com,dept_6,51
77,Name_77,user_27@example.com,dept_7,96
78,Name_78,user_28@example.com,dept_8,17
79,Name_79,user_29@example.com,dept_9,40
80,Name_80,user_30@example.com,dept_0,44
81,Name_81,user_31@example.com,dept_1,47
82,Name_82,user_32@example.com,dept_2,90
83,Name_83,user_33@example.com,dept_3,25
84,Name_84,user_34@example.com,dept_4,1
85,Name_85,user_35@example.com,dept_5,39
86,Name_86,user_36@example.com,dept_6,73
87,Name_87,user_37@example.com,dept_7,52
88,Name_88,user_38@example.com,dept_8,2
89,Name_89,user_39@example.com,dept_9,99
90,Name_90,user_40@example.com,dept_0,7
91,Name_91,user_41@example.com,dept_1,6
92,Name_92,user_42@example.com,dept_2,39
93,Name_93,user_43@example.com,dept_3,55
94,Name_94,user_44@example.com,dept_4,20
95,Name_95,user_45@example.com,dept_5,23
96,Name_96,user_46@example.com,dept_6,26
97,Name_97,user_47@example.com,dept_7,45
98,Name_98,user_48@example.com,dept_8,76
99,Name_99,user_49@example.com,dept_9,10
100,Name_0,user_0@example.com,dept_0,6
101,Name_1,user_1@example.com,dept_1,61
102,Name_2,user_2@example.com,dept_2,1
103,Name_3,user_3@example.com,dept_3,35
104,Name_4,user_4@example.com,dept_4,84
105,Name_5,user_5@example.com,dept_5,39
106,Name_6,user_6@example.com,dept_6,34
107,Name_7,user_7@example.com,dept_7,22
108,Name_8,user_8@example.com,dept_8,68
109,Name_9,user_9@example.com,dept_9,58
110,Name_10,user_10@example.com,dept_0,22
111,Name_11,user_11@example.com,dept_1,33
112,Name_12,user_12@example.com,dept_2,15
113,Name_13,user_13@example.com,dept_3,7
114,Name_14,user_14@example.com,dept_4,93
115,Name_15,user_15@example.com,dept_5,93
116,Name_16,user_16@example.com,dept_6,34
117,Name_17,user_17@example.com,dept_7,64
118,Name_18,user_18@example.com,dept_8,26
119,Name_19,user_19@example.com,dept_9,38
120,Name_20,user_20@example.com,dept_0,63
121,Name_21,user_21@example.com,dept_1,65
122,Name_22,user_22@example.com,dept_2,50
123,Name_23,user_23@example.com,dept_3,51
124,Name_24,user_24@example.com,dept_4,9
125,Name_25,user_25@example.com,dept_5,46
126,Name_26,user_26@example.com,dept_6,92
127,Name_27,user_27@example.com,dept_7,54
128,Name_28,user_28@example.com,dept_8,100
129,Name_29,user_29@example.com,dept_9,78
130,Name_30,user_30@example.com,dept_0,7
131,Name_31,user_31@example.com,dept_1,91
132,Name_32,user_32@example.com,dept_2,74
133,Name_33,user_33@example.com,dept_3,96
134,Name_34,user_34@example.com,dept_4,2
135,Name_35,user_35@example.com,dept_5,31
136,Name_36,user_36@example.com,dept_6,91
137,Name_37,user_37@example.com,dept_7,26
138,Name_38,user_38@example.com,dept_8,72
139,Name_39,user_39@example.com,dept_9,23
140,Name_40,user_40@example.com,dept_0,13
141,Name_41,user_41@example.com,dept_1,82
142,Name_42,user_42@example.com,dept_2,79
143,Name_43,user_43@example.com,dept_3,20
144,Name_44,user_44@example.com,dept_4,36
145,Name_45,user_45@example.com,dept_5,15
146,Name_46,user_46@example.com,dept_6,18
147,Name_47,user_47@example.com,dept_7,14
148,Name_48,user_48@example.com,dept_8,68
149,Name_49,user_49@example.com,dept_9,85
150,Name_50,user_0@example.com,dept_0,42
151,Name_51,user_1@example.com,dept_1,42
152,Name_52,user_2@example.com,dept_2,63
153,Name_53,user_3@example.com,dept_3,59
154,Name_54,user_4@example.com,dept_4,59
155,Name_55,user_5@example.com,dept_5,94
156,Name_56,user_6@example.com,dept_6,54
157,Name_57,user_7@example.com,dept_7,38
158,Name_58,user_8@example.com,dept_8,29
159,Name_59,user_9@example.com,dept_9,95
160,Name_60,user_10@example.com,dept_0,55
161,Name_61,user_11@example.com,dept_1,17
162,Name_62,user_12@example.com,dept_2,57
163,Name_63,user_13@example.com,dept_3,94
164,Name_64,user_14@example.com,dept_4,9
165,Name_65,user_15@example.com,dept_5,3
166,Name_66,user_16@example.com,dept_6,91
167,Name_67,user_17@example.com,dept_7,71
168,Name_68,user_18@example.com,dept_8,65
169,Name_69,user_19@example.com,dept_9,95
170,Name_70,user_20@example.com,dept_0,3
171,Name_71,user_21@example.com,dept_1,52
172,Name_72,user_22@example.com,dept_2,86
173,Name_73,user_23@example.com,dept_3,86
174,Name_74,user_24@example.com,dept_4,66
175,Name_75,user_25@example.com,dept_5,74
176,Name_76,user_26@example.com,dept_6,25
177,Name_77,user_27@example.com,dept_7,62
178,Name_78,user_28@example.com,dept_8,70
179,Name_79,user_29@example.com,dept_9,86
180,Name_80,user_30@example.com,dept_0,3
181,Name_81,user_31@example.com,dept_1,27
182,Name_82,user_32@example.com,dept_2,87
183,Name_83,user_33@example.com,dept_3,11
184,Name_84,user_34@example.com,dept_4,97
185,Name_85,user_35@example.com,dept_5,41
186,Name_86,user_36@example.com,dept_6,6
187,Name_87,user_37@example.com,dept_7,72
188,Name_88,user_38@example.com,dept_8,42
189,Name_89,user_39@example.com,dept_9,35
190,Name_90,user_40@example.com,dept_0,67
191,Name_91,user_41@example.com,dept_1,67
192,Name_92,user_42@example.com,dept_2,67
193,Name_93,user_43@example.com,dept_3,92
194,Name_94,user_44@example.com,dept_4,86
195,Name_95,user_45@example.com,dept_5,29
196,Name_96,user_46@example.com,dept_6,83
197,Name_97,user_47@example.com,dept_7,62
198,Name_98,user_48@example.com,dept_8,29
199,Name_99,user_49@example.com,dept_9,100
200,Name_0,user_0@example.com,dept_0,55
201,Name_1,user_1@example.com,dept_1,94
202,Name_2,user_2@example.com,dept_2,96
203,Name_3,user_3@example.com,dept_3,48
204,Name_4,user_4@example.com,dept_4,69
205,Name_5,user_5@example.com,dept_5,55
206,Name_6,user_6@example.com,dept_6,100
207,Name_7,user_7@example.com,dept_7,60
208,Name_8,user_8@example.com,dept_8,23
209,Name_9,user_9@example.com,dept_9,34
210,Name_10,user_10@example.com,dept_0,15
211,Name_11,user_11@example.com,dept_1,70
212,Name_12,user_12@example.com,dept_2,19
213,Name_13,user_13@example.com,dept_3,9
214,Name_14,user_14@example.com,dept_4,41
215,Name_15,user_15@example.com,dept_5,91
216,Name_16,user_16@example.com,dept_6,24
217,Name_17,user_17@example.com,dept_7,16
218,Name_18,user_18@example.com,dept_8,93
219,Name_19,user_19@example.com,dept_9,74
220,Name_20,user_20@example.com,dept_0,98
221,Name_21,user_21@example.com,dept_1,79
222,Name_22,user_22@example.com,dept_2,86
223,Name_23,user_23@example.com,dept_3,53
224,Name_24,user_24@example.com,dept_4,17
225,Name_25,user_25@example.com,dept_5,22
226,Name_26,user_26@example.com,dept_6,69
227,Name_27,user_27@example.com,dept_7,73
228,Name_28,user_28@example.com,dept_8,24
229,Name_29,user_29@example.com,dept_9,64
230,Name_30,user_30@example.com,dept_0,60
231,Name_31,user_31@example.com,dept_1,92
232,Name_32,user_32@example.com,dept_2,70
233,Name_33,user_33@example.com,dept_3,4
234,Name_34,user_34@example.com,dept_4,70
235,Name_35,user_35@example.com,dept_5,21
236,Name_36,user_36@example.com,dept_6,93
237,Name_37,user_37@example.com,dept_7,13
238,Name_38,user_38@example.com,dept_8,72
239,Name_39,user_39@example.com,dept_9,93
240,Name_40,user_40@example.com,dept_0,91
241,Name_41,user_41@example.com,dept_1,83
242,Name_42,user_42@example.com,dept_2,77
243,Name_43,user_43@example.com,dept_3,58
244,Name_44,user_44@example.com,dept_4,33
245,Name_45,user_45@example.com,dept_5,50
246,Name_46,user_46@example.com,dept_6,60
247,Name_47,user_47@example.com,dept_7,40
248,Name_48,user_48@example.com,dept_8,65
249,Name_49,user_49@example.com,dept_9,50
250,Name_50,user_0@example.com,dept_0,93
251,Name_51,user_1@example.com,dept_1,61
252,Name_52,user_2@example.com,dept_2,62
253,Name_53,user_3@example.com,dept_3,16
254,Name_54,user_4@example.com,dept_4,64
255,Name_55,user_5@example.com,dept_5,70
256,Name_56,user_6@example.com,dept_6,29
257,Name_57,user_7@example.com,dept_7,86
258,Name_58,user_8@example.com,dept_8,30
259,Name_59,user_9@example.com,dept_9,45
260,Name_60,user_10@example.com,dept_0,90
261,Name_61,user_11@example.com,dept_1,61
262,Name_62,user_12@example.com,dept_2,40
263,Name_63,user_13@example.com,dept_3,60
264,Name_64,user_14@example.com,dept_4,33
265,Name_65,user_15@example.com,dept_5,92
266,Name_66,user_16@example.com,dept_6,18
267,Name_67,user_17@example.com,dept_7,29
268,Name_68,user_18@example.com,dept_8,28
269,Name_69,user_19@example.com,dept_9,80
270,Name_70,user_20@example.com,dept_0,35
271,Name_71,user_21@example.com,dept_1,95
272,Name_72,user_22@example.com,dept_2,67
273,Name_73,user_23@example.com,dept_3,28
274,Name_74,user_24@example.com,dept_4,8
275,Name_75,user_25@example.com,dept_5,14
276,Name_76,user_26@example.com,dept_6,42
277,Name_77,user_27@example.com,dept_7,61
278,Name_78,user_28@example.com,dept_8,90
279,Name_79,user_29@example.com,dept_9,19
280,Name_80,user_30@example.com,dept_0,95
281,Name_81,user_31@example.com,dept_1,25
282,Name_82,user_32@example.com,dept_2,85
283,Name_83,user_33@example.com,dept_3,26
284,Name_84,user_34@example.com,dept_4,64
285,Name_85,user_35@example.com,dept_5,79
286,Name_86,user_36@example.com,dept_6,29
287,Name_87,user_37@example.com,dept_7,79
288,Name_88,user_38@example.com,dept_8,48
289,Name_89,user_39@example.com,dept_9,13
290,Name_90,user_40@example.com,dept_0,37
291,Name_91,user_41@example.com,dept_1,71
292,Name_92,user_42@example.com,dept_2,73
293,Name_93,user_43@example.com,dept_3,80
294,Name_94,user_44@example.com,dept_4,78
295,Name_95,user_45@example.com,dept_5,21
296,Name_96,user_46@example.com,dept_6,45
297,Name_97,user_47@example.com,dept_7,99
298,Name_98,user_48@example.com,dept_8,47
299,Name_99,user_49@example.com,dept_9,6
300,Name_0,user_0@example.com,dept_0,38
301,Name_1,user_1@example.com,dept_1,82
302,Name_2,user_2@example.com,dept_2,13
303,Name_3,user_3@example.com,dept_3,63
304,Name_4,user_4@example.com,dept_4,91
305,Name_5,user_5@example.com,dept_5,86
306,Name_6,user_6@example.com,dept_6,40
307,Name_7,user_7@example.com,dept_7,43
308,Name_8,user_8@example.com,dept_8,81
309,Name_9,user_9@example.com,dept_9,74
310,Name_10,user_10@example.com,dept_0,100
311,Name_11,user_11@example.com,dept_1,8
312,Name_12,user_12@example.com,dept_2,98
313,Name_13,user_13@example.com,dept_3,72
314,Name_14,user_14@example.com,dept_4,94
315,Name_15,user_15@example.com,dept_5,36
316,Name_16,user_16@example.com,dept_6,73
317,Name_17,user_17@example.com,dept_7,45
318,Name_18,user_18@example.com,dept_8,80
319,Name_19,user_19@example.com,dept_9,92
320,Name_20,user_20@example.com,dept_0,10
321,Name_21,user_21@example.com,dept_1,4
322,Name_22,user_22@example.com,dept_2,100
323,Name_23,user_23@example.com,dept_3,37
324,Name_24,user_24@example.com,dept_4,92
325,Name_25,user_25@example.com,dept_5,11
326,Name_26,user_26@example.com,dept_6,71
327,Name_27,user_27@example.com,dept_7,72
328,Name_28,user_28@example.com,dept_8,38
329,Name_29,user_29@example.com,dept_9,54
330,Name_30,user_30@example.com,dept_0,52
331,Name_31,user_31@example.com,dept_1,64
332,Name_32,user_32@example.com,dept_2,10
333,Name_33,user_33@example.com,dept_3,98
334,Name_34,user_34@example.com,dept_4,78
335,Name_35,user_35@example.com,dept_5,80
336,Name_36,user_36@example.com,dept_6,24
337,Name_37,user_37@example.com,dept_7,19
338,Name_38,user_38@example.com,dept_8,79
339,Name_39,user_39@example.com,dept_9,72
340,Name_40,user_40@example.com,dept_0,82
341,Name_41,user_41@example.com,dept_1,9
342,Name_42,user_42@example.com,dept_2,13
343,Name_43,user_43@example.com,dept_3,84
344,Name_44,user_44@example.com,dept_4,74
345,Name_45,user_45@example.com,dept_5,65
346,Name_46,user_46@example.com,dept_6,95
347,Name_47,user_47@example.com,dept_7,50
348,Name_48,user_48@example.com,dept_8,30
349,Name_49,user_49@example.com,dept_9,94
350,Name_50,user_0@example.com,dept_0,25
351,Name_51,user_1@example.com,dept_1,86
352,Name_52,user_2@example.com,dept_2,91
353,Name_53,user_3@example.com,dept_3,53
354,Name_54,user_4@example.com,dept_4,94
355,Name_55,user_5@example.com,dept_5,92
356,Name_56,user_6@example.com,dept_6,86
357,Name_57,user_7@example.com,dept_7,1
358,Name_58,user_8@example.com,dept_8,74
359,Name_59,user_9@example.com,dept_9,79
360,Name_60,user_10@example.com,dept_0,20
361,Name_61,user_11@example.com,dept_1,18
362,Name_62,user_12@example.com,dept_2,52
363,Name_63,user_13@example.com,dept_3,40
364,Name_64,user_14@example.com,dept_4,2
365,Name_65,user_15@example.com,dept_5,94
366,Name_66,user_16@example.com,dept_6,11
367,Name_67,user_17@example.com,dept_7,18
368,Name_68,user_18@example.com,dept_8,85
369,Name_69,user_19@example.com,dept_9,22
370,Name_70,user_20@example.com,dept_0,99
371,Name_71,user_21@example.com,dept_1,71
372,Name_72,user_22@example.com,dept_2,39
373,Name_73,user_23@example.com,dept_3,10
374,Name_74,user_24@example.com,dept_4,84
375,Name_75,user_25@example.com,dept_5,24
376,Name_76,user_26@example.com,dept_6,97
377,Name_77,user_27@example.com,dept_7,13
378,Name_78,user_28@example.com,dept_8,68
379,Name_79,user_29@example.com,dept_9,19
380,Name_80,user_30@example.com,dept_0,11
381,Name_81,user_31@example.com,dept_1,52
382,Name_82,user_32@example.com,dept_2,2
383,Name_83,user_33@example.com,dept_3,22
384,Name_84,user_34@example.com,dept_4,72
385,Name_85,user_35@example.com,dept_5,7
386,Name_86,user_36@example.com,dept_6,61
387,Name_87,user_37@example.com,dept_7,23
388,Name_88,user_38@example.com,dept_8,87
389,Name_89,user_39@example.com,dept_9,24
390,Name_90,user_40@example.com,dept_0,92
391,Name_91,user_41@example.com,dept_1,14
392,Name_92,user_42@example.com,dept_2,9
393,Name_93,user_43@example.com,dept_3,99
394,Name_94,user_44@example.com,dept_4,78
395,Name_95,user_45@example.com,dept_5,70
396,Name_96,user_46@example.com,dept_6,30
397,Name_97,user_47@example.com,dept_7,47
398,Name_98,user_48@example.com,dept_8,50
399,Name_99,user_49@example.com,dept_9,69
400,Name_0,user_0@example.com,dept_0,65
401,Name_1,user_1@example.com,dept_1,8
402,Name_2,user_2@example.com,dept_2,14
403,Name_3,user_3@example.com,dept_3,85
404,Name_4,user_4@example.com,dept_4,93
405,Name_5,user_5@example.com,dept_5,72
406,Name_6,user_6@example.com,dept_6,20
407,Name_7,user_7@example.com,dept_7,11
408,Name_8,user_8@example.com,dept_8,39
409,Name_9,user_9@example.com,dept_9,60
410,Name_10,user_10@example.com,dept_0,63
411,Name_11,user_11@example.com,dept_1,20
412,Name_12,user_12@example.com,dept_2,29
413,Name_13,user_13@example.com,dept_3,54
414,Name_14,user_14@example.com,dept_4,77
415,Name_15,user_15@example.com,dept_5,21
416,Name_16,user_16@example.com,dept_6,79
417,Name_17,user_17@example.com,dept_7,88
418,Name_18,user_18@example.com,dept_8,5
419,Name_19,user_19@example.com,dept_9,60
420,Name_20,user_20@example.com,dept_0,90
421,Name_21,user_21@example.com,dept_1,70
422,Name_22,user_22@example.com,dept_2,10
423,Name_23,user_23@example.com,dept_3,76
424,Name_24,user_24@example.com,dept_4,28
425,Name_25,user_25@example.com,dept_5,24
426,Name_26,user_26@example.com,dept_6,16
427,Name_27,user_27@example.com,dept_7,43
428,Name_28,user_28@example.com,dept_8,51
429,Name_29,user_29@example.com,dept_9,89
430,Name_30,user_30@example.com,dept_0,90
431,Name_31,user_31@example.com,dept_1,3
432,Name_32,user_32@example.com,dept_2,5
433,Name_33,user_33@example.com,dept_3,5
434,Name_34,user_34@example.com,dept_4,31
435,Name_35,user_35@example.com,dept_5,62
436,Name_36,user_36@example.com,dept_6,22
437,Name_37,user_37@example.com,dept_7,22
438,Name_38,user_38@example.com,dept_8,26
439,Name_39,user_39@example.com,dept_9,16
440,Name_40,user_40@example.com,dept_0,60
441,Name_41,user_41@example.com,dept_1,20
442,Name_42,user_42@example.com,dept_2,68
443,Name_43,user_43@example.com,dept_3,14
444,Name_44,user_44@example.com,dept_4,62
445,Name_45,user_45@example.com,dept_5,44
446,Name_46,user_46@example.com,dept_6,82
447,Name_47,user_47@example.com,dept_7,7
448,Name_48,user_48@example.com,dept_8,32
449,Name_49,user_49@example.com,dept_9,79
450,Name_50,user_0@example.com,dept_0,97
451,Name_51,user_1@example.com,dept_1,23
452,Name_52,user_2@example.com,dept_2,79
453,Name_53,user_3@example.com,dept_3,83
454,Name_54,user_4@example.com,dept_4,57
455,Name_55,user_5@example.com,dept_5,67
456,Name_56,user_6@example.com,dept_6,43
457,Name_57,user_7@example.com,dept_7,36
458,Name_58,user_8@example.com,dept_8,24
459,Name_59,user_9@example.com,dept_9,44
460,Name_60,user_10@example.com,dept_0,81
461,Name_61,user_11@example.com,dept_1,7
462,Name_62,user_12@example.com,dept_2,26
463,Name_63,user_13@example.com,dept_3,42
464,Name_64,user_14@example.com,dept_4,22
465,Name_65,user_15@example.com,dept_5,22
466,Name_66,user_16@example.com,dept_6,5
467,Name_67,user_17@example.com,dept_7,44
468,Name_68,user_18@example.com,dept_8,95
469,Name_69,user_19@example.com,dept_9,2
470,Name_70,user_20@example.com,dept_0,54
471,Name_71,user_21@example.com,dept_1,18
472,Name_72,user_22@example.com,dept_2,57
473,Name_73,user_23@example.com,dept_3,95
474,Name_74,user_24@example.com,dept_4,45
475,Name_75,user_25@example.com,dept_5,48
476,Name_76,user_26@example.com,dept_6,8
477,Name_77,user_27@example.com,dept_7,97
478,Name_78,user_28@example.com,dept_8,23
479,Name_79,user_29@example.com,dept_9,18
480,Name_80,user_30@example.com,dept_0,56
481,Name_81,user_31@example.com,dept_1,85
482,Name_82,user_32@example.com,dept_2,50
483,Name_83,user_33@example.com,dept_3,61
484,Name_84,user_34@example.com,dept_4,7
485,Name_85,user_35@example.com,dept_5,85
486,Name_86,user_36@example.com,dept_6,18
487,Name_87,user_37@example.com,dept_7,49
488,Name_88,user_38@example.com,dept_8,29
489,Name_89,user_39@example.com,dept_9,64
490,Name_90,user_40@example.com,dept_0,71
491,Name_91,user_41@example.com,dept_1,24
492,Name_92,user_42@example.com,dept_2,44
493,Name_93,user_43@example.com,dept_3,87
494,Name_94,user_44@example.com,dept_4,38
495,Name_95,user_45@example.com,dept_5,94
496,Name_96,user_46@example.com,dept_6,24
497,Name_97,user_47@example.com,dept_7,68
498,Name_98,user_48@example.com,dept_8,27
499,Name_99,user_49@example.com,dept_9,59
500,Name_0,user_0@example.com,dept_0,100
501,Name_1,user_1@example.com,dept_1,50
502,Name_2,user_2@example.com,dept_2,21
503,Name_3,user_3@example.com,dept_3,47
504,Name_4,user_4@example.com,dept_4,87
505,Name_5,user_5@example.com,dept_5,28
506,Name_6,user_6@example.com,dept_6,85
507,Name_7,user_7@example.com,dept_7,76
508,Name_8,user_8@example.com,dept_8,32
509,Name_9,user_9@example.com,dept_9,47
510,Name_10,user_10@example.com,dept_0,9
511,Name_11,user_11@example.com,dept_1,43
512,Name_12,user_12@example.com,dept_2,13
513,Name_13,user_13@example.com,dept_3,23
514,Name_14,user_14@example.com,dept_4,80
515,Name_15,user_15@example.com,dept_5,30
516,Name_16,user_16@example.com,dept_6,47
517,Name_17,user_17@example.com,dept_7,7
518,Name_18,user_18@example.com,dept_8,99
519,Name_19,user_19@example.com,dept_9,23
520,Name_20,user_20@example.com,dept_0,63
521,Name_21,user_21@example.com,dept_1,8
522,Name_22,user_22@example.com,dept_2,10
523,Name_23,user_23@example.com,dept_3,51
524,Name_24,user_24@example.com,dept_4,93
525,Name_25,user_25@example.com,dept_5,35
526,Name_26,user_26@example.com,dept_6,97
527,Name_27,user_27@example.com,dept_7,47
528,Name_28,user_28@example.com,dept_8,9
529,Name_29,user_29@example.com,dept_9,56
530,Name_30,user_30@example.com,dept_0,29
531,Name_31,user_31@example.com,dept_1,69
532,Name_32,user_32@example.com,dept_2,81
533,Name_33,user_33@example.com,dept_3,75
534,Name_34,user_34@example.com,dept_4,71
535,Name_35,user_35@example.com,dept_5,9
536,Name_36,user_36@example.com,dept_6,91
537,Name_37,user_37@example.com,dept_7,36
538,Name_38,user_38@example.com,dept_8,76
539,Name_39,user_39@example.com,dept_9,15
540,Name_40,user_40@example.com,dept_0,37
541,Name_41,user_41@example.com,dept_1,73
542,Name_42,user_42@example.com,dept_2,2
543,Name_43,user_43@example.com,dept_3,56
544,Name_44,user_44@example.com,dept_4,45
545,Name_45,user_45@example.com,dept_5,91
546,Name_46,user_46@example.com,dept_6,41
547,Name_47,user_47@example.com,dept_7,80
548,Name_48,user_48@example.com,dept_8,86
549,Name_49,user_49@example.com,dept_9,18
550,Name_50,user_0@example.com,dept_0,36
551,Name_51,user_1@example.com,dept_1,72
552,Name_52,user_2@example.com,dept_2,88
553,Name_53,user_3@example.com,dept_3,11
554,Name_54,user_4@example.com,dept_4,94
555,Name_55,user_5@example.com,dept_5,48
556,Name_56,user_6@example.com,dept_6,68
557,Name_57,user_7@example.com,dept_7,2
558,Name_58,user_8@example.com,dept_8,18
559,Name_59,user_9@example.com,dept_9,66
560,Name_60,user_10@example.com,dept_0,22
561,Name_61,user_11@example.com,dept_1,96
562,Name_62,user_12@example.com,dept_2,35
563,Name_63,user_13@example.com,dept_3,60
564,Name_64,user_14@example.com,dept_4,93
565,Name_65,user_15@example.com,dept_5,98
566,Name_66,user_16@example.com,dept_6,31
567,Name_67,user_17@example.com,dept_7,46
568,Name_68,user_18@example.com,dept_8,6
569,Name_69,user_19@example.com,dept_9,1
570,Name_70,user_20@example.com,dept_0,96
571,Name_71,user_21@example.com,dept_1,54
572,Name_72,user_22@example.com,dept_2,1
573,Name_73,user_23@example.com,dept_3,70
574,Name_74,user_24@example.com,dept_4,30
575,Name_75,user_25@example.com,dept_5,27
576,Name_76,user_26@example.com,dept_6,17
577,Name_77,user_27@example.com,dept_7,87
578,Name_78,user_28@example.com,dept_8,34
579,Name_79,user_29@example.com,dept_9,98
580,Name_80,user_30@example.com,dept_0,85
581,Name_81,user_31@example.com,dept_1,1
582,Name_82,user_32@example.com,dept_2,40
583,Name_83,user_33@example.com,dept_3,6
584,Name_84,user_34@example.com,dept_4,1
585,Name_85,user_35@example.com,dept_5,63
586,Name_86,user_36@example.com,dept_6,90
587,Name_87,user_37@example.com,dept_7,53
588,Name_88,user_38@example.com,dept_8,5
589,Name_89,user_39@example.com,dept_9,47
590,Name_90,user_40@example.com,dept_0,17
591,Name_91,user_41@example.com,dept_1,47
592,Name_92,user_42@example.com,dept_2,15
593,Name_93,user_43@example.com,dept_3,79
594,Name_94,user_44@example.com,dept_4,3
595,Name_95,user_45@example.com,dept_5,48
596,Name_96,user_46@example.com,dept_6,69
597,Name_97,user_47@example.com,dept_7,9
598,Name_98,user_48@example.com,dept_8,31
599,Name_99,user_49@example.com,dept_9,11
600,Name_0,user_0@example.com,dept_0,90
601,Name_1,user_1@example.com,dept_1,92
602,Name_2,user_2@example.com,dept_2,25
603,Name_3,user_3@example.com,dept_3,9
604,Name_4,user_4@example.com,dept_4,83
605,Name_5,user_5@example.com,dept_5,26
606,Name_6,user_6@example.com,dept_6,21
607,Name_7,user_7@example.com,dept_7,82
608,Name_8,user_8@example.com,dept_8,31
609,Name_9,user_9@example.com,dept_9,78
610,Name_10,user_10@example.com,dept_0,43
611,Name_11,user_11@example.com,dept_1,50
612,Name_12,user_12@example.com,dept_2,85
613,Name_13,user_13@example.com,dept_3,36
614,Name_14,user_14@example.com,dept_4,65
615,Name_15,user_15@example.com,dept_5,77
616,Name_16,user_16@example.com,dept_6,70
617,Name_17,user_17@example.com,dept_7,11
618,Name_18,user_18@example.com,dept_8,66
619,Name_19,user_19@example.com,dept_9,91
620,Name_20,user_20@example.com,dept_0,79
621,Name_21,user_21@example.com,dept_1,74
622,Name_22,user_22@example.com,dept_2,23
623,Name_23,user_23@example.com,dept_3,57
624,Name_24,user_24@example.com,dept_4,27
625,Name_25,user_25@example.com,dept_5,85
626,Name_26,user_26@example.com,dept_6,61
627,Name_27,user_27@example.com,dept_7,15
628,Name_28,user_28@example.com,dept_8,39
629,Name_29,user_29@example.com,dept_9,65
630,Name_30,user_30@example.com,dept_0,96
631,Name_31,user_31@example.com,dept_1,59
632,Name_32,user_32@example.com,dept_2,29
633,Name_33,user_33@example.com,dept_3,68
634,Name_34,user_34@example.com,dept_4,43
635,Name_35,user_35@example.com,dept_5,34
636,Name_36,user_36@example.com,dept_6,52
637,Name_37,user_37@example.com,dept_7,78
638,Name_38,user_38@example.com,dept_8,91
639,Name_39,user_39@example.com,dept_9,10
640,Name_40,user_40@example.com,dept_0,39
641,Name_41,user_41@example.com,dept_1,99
642,Name_42,user_42@example.com,dept_2,12
643,Name_43,user_43@example.com,dept_3,15
644,Name_44,user_44@example.com,dept_4,100
645,Name_45,user_45@example.com,dept_5,8
646,Name_46,user_46@example.com,dept_6,88
647,Name_47,user_47@example.com,dept_7,12
648,Name_48,user_48@example.com,dept_8,39
649,Name_49,user_49@example.com,dept_9,50
650,Name_50,user_0@example.com,dept_0,35
651,Name_51,user_1@example.com,dept_1,35
652,Name_52,user_2@example.com,dept_2,98
653,Name_53,user_3@example.com,dept_3,35
654,Name_54,user_4@example.com,dept_4,16
655,Name_55,user_5@example.com,dept_5,100
656,Name_56,user_6@example.com,dept_6,77
657,Name_57,user_7@example.com,dept_7,56
658,Name_58,user_8@example.com,dept_8,20
659,Name_59,user_9@example.com,dept_9,61
660,Name_60,user_10@example.com,dept_0,79
661,Name_61,user_11@example.com,dept_1,88
662,Name_62,user_12@example.com,dept_2,45
663,Name_63,user_13@example.com,dept_3,69
664,Name_64,user_14@example.com,dept_4,4
665,Name_65,user_15@example.com,dept_5,95
666,Name_66,user_16@example.com,dept_6,100
667,Name_67,user_17@example.com,dept_7,14
668,Name_68,user_18@example.com,dept_8,37
669,Name_69,user_19@example.com,dept_9,18
670,Name_70,user_20@example.com,dept_0,71
671,Name_71,user_21@example.com,dept_1,2
672,Name_72,user_22@example.com,dept_2,37
673,Name_73,user_23@example.com,dept_3,17
674,Name_74,user_24@example.com,dept_4,58
675,Name_75,user_25@example.com,dept_5,6
676,Name_76,user_26@example.com,dept_6,85
677,Name_77,user_27@example.com,dept_7,66
678,Name_78,user_28@example.com,dept_8,54
679,Name_79,user_29@example.com,dept_9,13
680,Name_80,user_30@example.com,dept_0,11
681,Name_81,user_31@example.com,dept_1,76
682,Name_82,user_32@example.com,dept_2,17
683,Name_83,user_33@example.com,dept_3,65
684,Name_84,user_34@example.com,dept_4,47
685,Name_85,user_35@example.com,dept_5,51
686,Name_86,user_36@example.com,dept_6,74
687,Name_87,user_37@example.com,dept_7,6
688,Name_88,user_38@example.com,dept_8,65
689,Name_89,user_39@example.com,dept_9,95
690,Name_90,user_40@example.com,dept_0,76
691,Name_91,user_41@example.com,dept_1,97
692,Name_92,user_42@example.com,dept_2,71
693,Name_93,user_43@example.com,dept_3,77
694,Name_94,user_44@example.com,dept_4,25
695,Name_95,user_45@example.com,dept_5,94
696,Name_96,user_46@example.com,dept_6,11
697,Name_97,user_47@example.com,dept_7,44
698,Name_98,user_48@example.com,dept_8,62
699,Name_99,user_49@example.com,dept_9,4
700,Name_0,user_0@example.com,dept_0,51
701,Name_1,user_1@example.com,dept_1,44
702,Name_2,user_2@example.com,dept_2,13
703,Name_3,user_3@example.com,dept_3,62
704,Name_4,user_4@example.com,dept_4,29
705,Name_5,user_5@example.com,dept_5,14
706,Name_6,user_6@example.com,dept_6,72
707,Name_7,user_7@example.com,dept_7,66
708,Name_8,user_8@example.com,dept_8,7
709,Name_9,user_9@example.com,dept_9,45
710,Name_10,user_10@example.com,dept_0,45
711,Name_11,user_11@example.com,dept_1,28
712,Name_12,user_12@example.com,dept_2,52
713,Name_13,user_13@example.com,dept_3,94
714,Name_14,user_14@example.com,dept_4,22
715,Name_15,user_15@example.com,dept_5,96
716,Name_16,user_16@example.com,dept_6,47
717,Name_17,user_17@example.com,dept_7,47
718,Name_18,user_18@example.com,dept_8,13
719,Name_19,user_19@example.com,dept_9,53
720,Name_20,user_20@example.com,dept_0,97
721,Name_21,user_21@example.com,dept_1,74
722,Name_22,user_22@example.com,dept_2,29
723,Name_23,user_23@example.com,dept_3,49
724,Name_24,user_24@example.com,dept_4,50
725,Name_25,user_25@example.com,dept_5,44
726,Name_26,user_26@example.com,dept_6,57
727,Name_27,user_27@example.com,dept_7,56
728,Name_28,user_28@example.com,dept_8,56
729,Name_29,user_29@example.com,dept_9,6
730,Name_30,user_30@example.com,dept_0,19
731,Name_31,user_31@example.com,dept_1,65
732,Name_32,user_32@example.com,dept_2,43
733,Name_33,user_33@example.com,dept_3,11
734,Name_34,user_34@example.com,dept_4,33
735,Name_35,user_35@example.com,dept_5,18
736,Name_36,user_36@example.com,dept_6,36
737,Name_37,user_37@example.com,dept_7,1
738,Name_38,user_38@example.com,dept_8,37
739,Name_39,user_39@example.com,dept_9,77
740,Name_40,user_40@example.com,dept_0,22
741,Name_41,user_41@example.com,dept_1,49
742,Name_42,user_42@example.com,dept_2,79
743,Name_43,user_43@example.com,dept_3,65
744,Name_44,user_44@example.com,dept_4,57
745,Name_45,user_45@example.com,dept_5,46
746,Name_46,user_46@example.com,dept_6,70
747,Name_47,user_47@example.com,dept_7,56
748,Name_48,user_48@example.com,dept_8,5
749,Name_49,user_49@example.com,dept_9,67
750,Name_50,user_0@example.com,dept_0,79
751,Name_51,user_1@example.com,dept_1,48
752,Name_52,user_2@example.com,dept_2,99
753,Name_53,user_3@example.com,dept_3,38
754,Name_54,user_4@example.com,dept_4,73
755,Name_55,user_5@example.com,dept_5,22
756,Name_56,user_6@example.com,dept_6,18
757,Name_57,user_7@example.com,dept_7,16
758,Name_58,user_8@example.com,dept_8,50
759,Name_59,user_9@example.com,dept_9,20
760,Name_60,user_10@example.com,dept_0,90
761,Name_61,user_11@example.com,dept_1,54
762,Name_62,user_12@example.com,dept_2,45
763,Name_63,user_13@example.com,dept_3,89
764,Name_64,user_14@example.com,dept_4,89
765,Name_65,user_15@example.com,dept_5,96
766,Name_66,user_16@example.com,dept_6,40
767,Name_67,user_17@example.com,dept_7,47
768,Name_68,user_18@example.com,dept_8,12
769,Name_69,user_19@example.com,dept_9,57
770,Name_70,user_20@example.com,dept_0,89
771,Name_71,user_21@example.com,dept_1,65
772,Name_72,user_22@example.com,dept_2,99
773,Name_73,user_23@example.com,dept_3,52
774,Name_74,user_24@example.com,dept_4,58
775,Name_75,user_25@example.com,dept_5,48
776,Name_76,user_26@example.com,dept_6,87
777,Name_77,user_27@example.com,dept_7,39
778,Name_78,user_28@example.com,dept_8,70
779,Name_79,user_29@example.com,dept_9,17
780,Name_80,user_30@example.com,dept_0,42
781,Name_81,user_31@example.com,dept_1,48
782,Name_82,user_32@example.com,dept_2,15
783,Name_83,user_33@example.com,dept_3,26
784,Name_84,user_34@example.com,dept_4,86
785,Name_85,user_35@example.com,dept_5,30
786,Name_86,user_36@example.com,dept_6,7
787,Name_87,user_37@example.com,dept_7,27
788,Name_88,user_38@example.com,dept_8,56
789,Name_89,user_39@example.com,dept_9,95
790,Name_90,user_40@example.com,dept_0,44
791,Name_91,user_41@example.com,dept_1,33
792,Name_92,user_42@example.com,dept_2,45
793,Name_93,user_43@example.com,dept_3,18
794,Name_94,user_44@example.com,dept_4,33
795,Name_95,user_45@example.com,dept_5,80
796,Name_96,user_46@example.com,dept_6,39
797,Name_97,user_47@example.com,dept_7,17
798,Name_98,user_48@example.com,dept_8,34
799,Name_99,user_49@example.com,dept_9,1
800,Name_0,user_0@example.com,dept_0,32
801,Name_1,user_1@example.com,dept_1,53
802,Name_2,user_2@example.com,dept_2,90
803,Name_3,user_3@example.com,dept_3,85
804,Name_4,user_4@example.com,dept_4,8
805,Name_5,user_5@example.com,dept_5,5
806,Name_6,user_6@example.com,dept_6,51
807,Name_7,user_7@example.com,dept_7,82
808,Name_8,user_8@example.com,dept_8,7
809,Name_9,user_9@example.com,dept_9,27
810,Name_10,user_10@example.com,dept_0,87
811,Name_11,user_11@example.com,dept_1,74
812,Name_12,user_12@example.com,dept_2,71
813,Name_13,user_13@example.com,dept_3,82
814,Name_14,user_14@example.com,dept_4,65
815,Name_15,user_15@example.com,dept_5,92
816,Name_16,user_16@example.com,dept_6,8
817,Name_17,user_17@example.com,dept_7,82
818,Name_18,user_18@example.com,dept_8,10
819,Name_19,user_19@example.com,dept_9,67
820,Name_20,user_20@example.com,dept_0,40
821,Name_21,user_21@example.com,dept_1,9
822,Name_22,user_22@example.com,dept_2,34
823,Name_23,user_23@example.com,dept_3,74
824,Name_24,user_24@example.com,dept_4,92
825,Name_25,user_25@example.com,dept_5,5
826,Name_26,user_26@example.com,dept_6,72
827,Name_27,user_27@example.com,dept_7,52
828,Name_28,user_28@example.com,dept_8,78
829,Name_29,user_29@example.com,dept_9,50
830,Name_30,user_30@example.com,dept_0,65
831,Name_31,user_31@example.com,dept_1,17
832,Name_32,user_32@example.com,dept_2,90
833,Name_33,user_33@example.com,dept_3,27
834,Name_34,user_34@example.com,dept_4,63
835,Name_35,user_35@example.com,dept_5,46
836,Name_36,user_36@example.com,dept_6,1
837,Name_37,user_37@example.com,dept_7,34
838,Name_38,user_38@example.com,dept_8,97
839,Name_39,user_39@example.com,dept_9,37
840,Name_40,user_40@example.com,dept_0,91
841,Name_41,user_41@example.com,dept_1,82
842,Name_42,user_42@example.com,dept_2,60
843,Name_43,user_43@example.com,dept_3,40
844,Name_44,user_44@example.com,dept_4,18
845,Name_45,user_45@example.com,dept_5,64
846,Name_46,user_46@example.com,dept_6,3
847,Name_47,user_47@example.com,dept_7,35
848,Name_48,user_48@example.com,dept_8,93
849,Name_49,user_49@example.com,dept_9,46
850,Name_50,user_0@example.com,dept_0,87
851,Name_51,user_1@example.com,dept_1,91
852,Name_52,user_2@example.com,dept_2,68
853,Name_53,user_3@example.com,dept_3,18
854,Name_54,user_4@example.com,dept_4,80
855,Name_55,user_5@example.com,dept_5,98
856,Name_56,user_6@example.com,dept_6,53
857,Name_57,user_7@example.com,dept_7,55
858,Name_58,user_8@example.com,dept_8,84
859,Name_59,user_9@example.com,dept_9,99
860,Name_60,user_10@example.com,dept_0,18
861,Name_61,user_11@example.com,dept_1,14
862,Name_62,user_12@example.com,dept_2,19
863,Name_63,user_13@example.com,dept_3,61
864,Name_64,user_14@example.com,dept_4,59
865,Name_65,user_15@example.com,dept_5,98
866,Name_66,user_16@example.com,dept_6,42
867,Name_67,user_17@example.com,dept_7,43
868,Name_68,user_18@example.com,dept_8,58
869,Name_69,user_19@example.com,dept_9,97
870,Name_70,user_20@example.com,dept_0,30
871,Name_71,user_21@example.com,dept_1,23
872,Name_72,user_22@example.com,dept_2,81
873,Name_73,user_23@example.com,dept_3,73
874,Name_74,user_24@example.com,dept_4,78
875,Name_75,user_25@example.com,dept_5,84
876,Name_76,user_26@example.com,dept_6,84
877,Name_77,user_27@example.com,dept_7,71
878,Name_78,user_28@example.com,dept_8,46
879,Name_79,user_29@example.com,dept_9,98
880,Name_80,user_30@example.com,dept_0,54
881,Name_81,user_31@example.com,dept_1,20
882,Name_82,user_32@example.com,dept_2,88
883,Name_83,user_33@example.com,dept_3,76
884,Name_84,user_34@example.com,dept_4,86
885,Name_85,user_35@example.com,dept_5,8
886,Name_86,user_36@example.com,dept_6,59
887,Name_87,user_37@example.com,dept_7,74
888,Name_88,user_38@example.com,dept_8,16
889,Name_89,user_39@example.com,dept_9,34
890,Name_90,user_40@example.com,dept_0,96
891,Name_91,user_41@example.com,dept_1,89
892,Name_92,user_42@example.com,dept_2,2
893,Name_93,user_43@example.com,dept_3,81
894,Name_94,user_44@example.com,dept_4,1
895,Name_95,user_45@example.com,dept_5,24
896,Name_96,user_46@example.com,dept_6,66
897,Name_97,user_47@example.com,dept_7,47
898,Name_98,user_48@example.com,dept_8,22
899,Name_99,user_49@example.com,dept_9,19
900,Name_0,user_0@example.com,dept_0,11
901,Name_1,user_1@example.com,dept_1,22
902,Name_2,user_2@example.com,dept_2,23
903,Name_3,user_3@example.com,dept_3,98
904,Name_4,user_4@example.com,dept_4,11
905,Name_5,user_5@example.com,dept_5,46
906,Name_6,user_6@example.com,dept_6,91
907,Name_7,user_7@example.com,dept_7,85
908,Name_8,user_8@example.com,dept_8,37
909,Name_9,user_9@example.com,dept_9,66
910,Name_10,user_10@example.com,dept_0,13
911,Name_11,user_11@example.com,dept_1,19
912,Name_12,user_12@example.com,dept_2,26
913,Name_13,user_13@example.com,dept_3,61
914,Name_14,user_14@example.com,dept_4,84
915,Name_15,user_15@example.com,dept_5,70
916,Name_16,user_16@example.com,dept_6,68
917,Name_17,user_17@example.com,dept_7,62
918,Name_18,user_18@example.com,dept_8,32
919,Name_19,user_19@example.com,dept_9,60
920,Name_20,user_20@example.com,dept_0,28
921,Name_21,user_21@example.com,dept_1,95
922,Name_22,user_22@example.com,dept_2,25
923,Name_23,user_23@example.com,dept_3,75
924,Name_24,user_24@example.com,dept_4,3
925,Name_25,user_25@example.com,dept_5,66
926,Name_26,user_26@example.com,dept_6,94
927,Name_27,user_27@example.com,dept_7,89
928,Name_28,user_28@example.com,dept_8,51
929,Name_29,user_29@example.com,dept_9,81
930,Name_30,user_30@example.com,dept_0,96
931,Name_31,user_31@example.com,dept_1,60
932,Name_32,user_32@example.com,dept_2,20
933,Name_33,user_33@example.com,dept_3,13
934,Name_34,user_34@example.com,dept_4,78
935,Name_35,user_35@example.com,dept_5,77
936,Name_36,user_36@example.com,dept_6,47
937,Name_37,user_37@example.com,dept_7,75
938,Name_38,user_38@example.com,dept_8,100
939,Name_39,user_39@example.com,dept_9,38
940,Name_40,user_40@example.com,dept_0,88
941,Name_41,user_41@example.com,dept_1,74
942,Name_42,user_42@example.com,dept_2,29
943,Name_43,user_43@example.com,dept_3,24
944,Name_44,user_44@example.com,dept_4,41
945,Name_45,user_45@example.com,dept_5,51
946,Name_46,user_46@example.com,dept_6,22
947,Name_47,user_47@example.com,dept_7,46
948,Name_48,user_48@example.com,dept_8,26
949,Name_49,user_49@example.com,dept_9,34
950,Name_50,user_0@example.com,dept_0,57
951,Name_51,user_1@example.com,dept_1,44
952,Name_52,user_2@example.com,dept_2,20
953,Name_53,user_3@example.com,dept_3,54
954,Name_54,user_4@example.com,dept_4,88
955,Name_55,user_5@example.com,dept_5,8
956,Name_56,user_6@example.com,dept_6,19
957,Name_57,user_7@example.com,dept_7,57
958,Name_58,user_8@example.com,dept_8,17
959,Name_59,user_9@example.com,dept_9,54
960,Name_60,user_10@example.com,dept_0,26
961,Name_61,user_11@example.com,dept_1,85
962,Name_62,user_12@example.com,dept_2,87
963,Name_63,user_13@example.com,dept_3,93
964,Name_64,user_14@example.com,dept_4,21
965,Name_65,user_15@example.com,dept_5,37
966,Name_66,user_16@example.com,dept_6,35
967,Name_67,user_17@example.com,dept_7,72
968,Name_68,user_18@example.com,dept_8,8
969,Name_69,user_19@example.com,dept_9,14
970,Name_70,user_20@example.com,dept_0,63
971,Name_71,user_21@example.com,dept_1,3
972,Name_72,user_22@example.com,dept_2,57
973,Name_73,user_23@example.com,dept_3,53
974,Name_74,user_24@example.com,dept_4,89
975,Name_75,user_25@example.com,dept_5,31
976,Name_76,user_26@example.com,dept_6,68
977,Name_77,user_27@example.com,dept_7,4
978,Name_78,user_28@example.com,dept_8,57
979,Name_79,user_29@example.com,dept_9,40
980,Name_80,user_30@example.com,dept_0,31
981,Name_81,user_31@example.com,dept_1,53
982,Name_82,user_32@example.com,dept_2,51
983,Name_83,user_33@example.com,dept_3,14
984,Name_84,user_34@example.com,dept_4,19
985,Name_85,user_35@example.com,dept_5,83
986,Name_86,user_36@example.com,dept_6,27
987,Name_87,user_37@example.com,dept_7,58
988,Name_88,user_38@example.com,dept_8,12
989,Name_89,user_39@example.com,dept_9,63
990,Name_90,user_40@example.com,dept_0,31
991,Name_91,user_41@example.com,dept_1,25
992,Name_92,user_42@example.com,dept_2,18
993,Name_93,user_43@example.com,dept_3,51
994,Name_94,user_44@example.com,dept_4,81
995,Name_95,user_45@example.com,dept_5,1
996,Name_96,user_46@example.com,dept_6,17
997,Name_97,user_47@example.com,dept_7,76
998,Name_98,user_48@example.com,dept_8,10
999,Name_99,user_49@example.com,dept_9,40
0,Name_0,user_0@example.com,dept_0,20
1,Name_1,user_1@example.com,dept_1,60
2,Name_2,user_2@example.com,dept_2,89
3,Name_3,user_3@example.com,dept_3,45
4,Name_4,user_4@example.com,dept_4,51
5,Name_5,user_5@example.com,dept_5,45
6,Name_6,user_6@example.com,dept_6,21
7,Name_7,user_7@example.com,dept_7,89
8,Name_8,user_8@example.com,dept_8,49
9,Name_9,user_9@example.com,dept_9,95
10,Name_10,user_10@example.com,dept_0,39
11,Name_11,user_11@example.com,dept_1,39
12,Name_12,user_12@example.com,dept_2,91
13,Name_13,user_13@example.com,dept_3,79
14,Name_14,user_14@example.com,dept_4,31
15,Name_15,user_15@example.com,dept_5,82
16,Name_16,user_16@example.com,dept_6,29
17,Name_17,user_17@example.com,dept_7,24
18,Name_18,user_18@example.com,dept_8,46
19,Name_19,user_19@example.com,dept_9,79
20,Name_20,user_20@example.com,dept_0,35
21,Name_21,user_21@example.com,dept_1,88
22,Name_22,user_22@example.com,dept_2,86
23,Name_23,user_23@example.com,dept_3,54
24,Name_24,user_24@example.com,dept_4,4
25,Name_25,user_25@example.com,dept_5,20
26,Name_26,user_26@example.com,dept_6,68
27,Name_27,user_27@example.com,dept_7,12
28,Name_28,user_28@example.com,dept_8,70
29,Name_29,user_29@example.com,dept_9,84
30,Name_30,user_30@example.com,dept_0,94
31,Name_31,user_31@example.com,dept_1,26
32,Name_32,user_32@example.com,dept_2,81
33,Name_33,user_33@example.com,dept_3,51
34,Name_34,user_34@example.com,dept_4,51
35,Name_35,user_35@example.com,dept_5,13
36,Name_36,user_36@example.com,dept_6,4
37,Name_37,user_37@example.com,dept_7,77
38,Name_38,user_38@example.com,dept_8,56
39,Name_39,user_39@example.com,dept_9,40
40,Name_40,user_40@example.com,dept_0,44
41,Name_41,user_41@example.com,dept_1,38
42,Name_42,user_42@example.com,dept_2,62
43,Name_43,user_43@example.com,dept_3,89
44,Name_44,user_44@example.com,dept_4,99
45,Name_45,user_45@example.com,dept_5,42
46,Name_46,user_46@example.com,dept_6,83
47,Name_47,user_47@example.com,dept_7,14
48,Name_48,user_48@example.com,dept_8,67
49,Name_49,user_49@example.com,dept_9,49
50,Name_50,user_0@example.com,dept_0,11
51,Name_51,user_1@example.com,dept_1,23
52,Name_52,user_2@example.com,dept_2,80
53,Name_53,user_3@example.com,dept_3,19
54,Name_54,user_4@example.com,dept_4,48
55,Name_55,user_5@example.com,dept_5,19
56,Name_56,user_6@example.com,dept_6,37
57,Name_57,user_7@example.com,dept_7,80
58,Name_58,user_8@example.com,dept_8,97
59,Name_59,user_9@example.com,dept_9,41
60,Name_60,user_10@example.com,dept_0,77
61,Name_61,user_11@example.com,dept_1,25
62,Name_62,user_12@example.com,dept_2,39
63,Name_63,user_13@example.com,dept_3,46
64,Name_64,user_14@example.com,dept_4,22
65,Name_65,user_15@example.com,dept_5,27
66,Name_66,user_16@example.com,dept_6,40
67,Name_67,user_17@example.com,dept_7,26
68,Name_68,user_18@example.com,dept_8,89
69,Name_69,user_19@example.com,dept_9,13
70,Name_70,user_20@example.com,dept_0,75
71,Name_71,user_21@example.com,dept_1,27
72,Name_72,user_22@example.com,dept_2,11
73,Name_73,user_23@example.com,dept_3,32
74,Name_74,user_24@example.com,dept_4,84
75,Name_75,user_25@example.com,dept_5,15
76,Name_76,user_26@example.com,dept_6,51
77,Name_77,user_27@example.com,dept_7,96
78,Name_78,user_28@example.com,dept_8,17
79,Name_79,user_29@example.com,dept_9,40
80,Name_80,user_30@example.com,dept_0,44
81,Name_81,user_31@example.com,dept_1,47
82,Name_82,user_32@example.com,dept_2,90
83,Name_83,user_33@example.com,dept_3,25
84,Name_84,user_34@example.com,dept_4,1
85,Name_85,user_35@example.com,dept_5,39
86,Name_86,user_36@example.com,dept_6,73
87,Name_87,user_37@example.com,dept_7,52
88,Name_88,user_38@example.com,dept_8,2
89,Name_89,user_39@example.com,dept_9,99
90,Name_90,user_40@example.com,dept_0,7
91,Name_91,user_41@example.com,dept_1,6
92,Name_92,user_42@example.com,dept_2,39
93,Name_93,user_43@example.com,dept_3,55
94,Name_94,user_44@example.com,dept_4,20
95,Name_95,user_45@example.com,dept_5,23
96,Name_96,user_46@example.com,dept_6,26
97,Name_97,user_47@example.com,dept_7,45
98,Name_98,user_48@example.com,dept_8,76
99,Name_99,user_49@example.com,dept_9,10
100,Name_0,user_0@example.com,dept_0,6
101,Name_1,user_1@example.com,dept_1,61
102,Name_2,user_2@example.com,dept_2,1
103,Name_3,user_3@example.com,dept_3,35
104,Name_4,user_4@example.com,dept_4,84
105,Name_5,user_5@example.com,dept_5,39
106,Name_6,user_6@example.com,dept_6,34
107,Name_7,user_7@example.com,dept_7,22
108,Name_8,user_8@example.com,dept_8,68
109,Name_9,user_9@example.com,dept_9,58
110,Name_10,user_10@example.com,dept_0,22
111,Name_11,user_11@example.com,dept_1,33
112,Name_12,user_12@example.com,dept_2,15
113,Name_13,user_13@example.com,dept_3,7
114,Name_14,user_14@example.com,dept_4,93
115,Name_15,user_15@example.com,dept_5,93
116,Name_16,user_16@example.com,dept_6,34
117,Name_17,user_17@example.com,dept_7,64
118,Name_18,user_18@example.com,dept_8,26
119,Name_19,user_19@example.com,dept_9,38
120,Name_20,user_20@example.com,dept_0,63
121,Name_21,user_21@example.com,dept_1,65
122,Name_22,user_22@example.com,dept_2,50
123,Name_23,user_23@example.com,dept_3,51
124,Name_24,user_24@example.com,dept_4,9
125,Name_25,user_25@example.com,dept_5,46
126,Name_26,user_26@example.com,dept_6,92
127,Name_27,user_27@example.com,dept_7,54
128,Name_28,user_28@example.com,dept_8,100
129,Name_29,user_29@example.com,dept_9,78
130,Name_30,user_30@example.com,dept_0,7
131,Name_31,user_31@example.com,dept_1,91
132,Name_32,user_32@example.com,dept_2,74
133,Name_33,user_33@example.com,dept_3,96
134,Name_34,user_34@example.com,dept_4,2
135,Name_35,user_35@example.com,dept_5,31
136,Name_36,user_36@example.com,dept_6,91
137,Name_37,user_37@example.com,dept_7,26
138,Name_38,user_38@example.com,dept_8,72
139,Name_39,user_39@example.com,dept_9,23
140,Name_40,user_40@example.com,dept_0,13
141,Name_41,user_41@example.com,dept_1,82
142,Name_42,user_42@example.com,dept_2,79
143,Name_43,user_43@example.com,dept_3,20
144,Name_44,user_44@example.com,dept_4,36
145,Name_45,user_45@example.com,dept_5,15
146,Name_46,user_46@example.com,dept_6,18
147,Name_47,user_47@example.com,dept_7,14
148,Name_48,user_48@example.com,dept_8,68
149,Name_49,user_49@example.com,dept_9,85
150,Name_50,user_0@example.com,dept_0,42
151,Name_51,user_1@example.com,dept_1,42
152,Name_52,user_2@example.com,dept_2,63
153,Name_53,user_3@example.com,dept_3,59
154,Name_54,user_4@example.com,dept_4,59
155,Name_55,user_5@example.com,dept_5,94
156,Name_56,user_6@example.com,dept_6,54
157,Name_57,user_7@example.com,dept_7,38
158,Name_58,user_8@example.com,dept_8,29
159,Name_59,user_9@example.com,dept_9,95
160,Name_60,user_10@example.com,dept_0,55
161,Name_61,user_11@example.com,dept_1,17
162,Name_62,user_12@example.com,dept_2,57
163,Name_63,user_13@example.com,dept_3,94
164,Name_64,user_14@example.com,dept_4,9
165,Name_65,user_15@example.com,dept_5,3
166,Name_66,user_16@example.com,dept_6,91
167,Name_67,user_17@example.com,dept_7,71
168,Name_68,user_18@example.com,dept_8,65
169,Name_69,user_19@example.com,dept_9,95
170,Name_70,user_20@example.com,dept_0,3
171,Name_71,user_21@example.com,dept_1,52
172,Name_72,user_22@example.com,dept_2,86
173,Name_73,user_23@example.com,dept_3,86
174,Name_74,user_24@example.com,dept_4,66
175,Name_75,user_25@example.com,dept_5,74
176,Name_76,user_26@example.com,dept_6,25
177,Name_77,user_27@example.com,dept_7,62
178,Name_78,user_28@example.com,dept_8,70
179,Name_79,user_29@example.com,dept_9,86
180,Name_80,user_30@example.com,dept_0,3
181,Name_81,user_31@example.com,dept_1,27
182,Name_82,user_32@example.com,dept_2,87
183,Name_83,user_33@example.com,dept_3,11
184,Name_84,user_34@example.com,dept_4,97
185,Name_85,user_35@example.com,dept_5,41
186,Name_86,user_36@example.com,dept_6,6
187,Name_87,user_37@example.com,dept_7,72
188,Name_88,user_38@example.com,dept_8,42
189,Name_89,user_39@example.com,dept_9,35
190,Name_90,user_40@example.com,dept_0,67
191,Name_91,user_41@example.com,dept_1,67
192,Name_92,user_42@example.com,dept_2,67
193,Name_93,user_43@example.com,dept_3,92
194,Name_94,user_44@example.com,dept_4,86
195,Name_95,user_45@example.com,dept_5,29
196,Name_96,user_46@example.com,dept_6,83
197,Name_97,user_47@example.com,dept_7,62
198,Name_98,user_48@example.com,dept_8,29
199,Name_99,user_49@example.com,dept_9,100
200,Name_0,user_0@example.com,dept_0,55
201,Name_1,user_1@example.com,dept_1,94
202,Name_2,user_2@example.com,dept_2,96
203,Name_3,user_3@example.com,dept_3,48
204,Name_4,user_4@example.com,dept_4,69
205,Name_5,user_5@example.com,dept_5,55
206,Name_6,user_6@example.com,dept_6,100
207,Name_7,user_7@example.com,dept_7,60
208,Name_8,user_8@example.com,dept_8,23
209,Name_9,user_9@example.com,dept_9,34
210,Name_10,user_10@example.com,dept_0,15
211,Name_11,user_11@example.com,dept_1,70
212,Name_12,user_12@example.com,dept_2,19
213,Name_13,user_13@example.com,dept_3,9
214,Name_14,user_14@example.com,dept_4,41
215,Name_15,user_15@example.com,dept_5,91
216,Name_16,user_16@example.com,dept_6,24
217,Name_17,user_17@example.com,dept_7,16
218,Name_18,user_18@example.com,dept_8,93
219,Name_19,user_19@example.com,dept_9,74
220,Name_20,user_20@example.com,dept_0,98
221,Name_21,user_21@example.com,dept_1,79
222,Name_22,user_22@example.com,dept_2,86
223,Name_23,user_23@example.com,dept_3,53
224,Name_24,user_24@example.com,dept_4,17
225,Name_25,user_25@example.com,dept_5,22
226,Name_26,user_26@example.com,dept_6,69
227,Name_27,user_27@example.com,dept_7,73
228,Name_28,user_28@example.com,dept_8,24
229,Name_29,user_29@example.com,dept_9,64
230,Name_30,user_30@example.com,dept_0,60
231,Name_31,user_31@example.com,dept_1,92
232,Name_32,user_32@example.com,dept_2,70
233,Name_33,user_33@example.com,dept_3,4
234,Name_34,user_34@example.com,dept_4,70
235,Name_35,user_35@example.com,dept_5,21
236,Name_36,user_36@example.com,dept_6,93
237,Name_37,user_37@example.com,dept_7,13
238,Name_38,user_38@example.com,dept_8,72
239,Name_39,user_39@example.com,dept_9,93
240,Name_40,user_40@example.com,dept_0,91
241,Name_41,user_41@example.com,dept_1,83
242,Name_42,user_42@example.com,dept_2,77
243,Name_43,user_43@example.com,dept_3,58
244,Name_44,user_44@example.com,dept_4,33
245,Name_45,user_45@example.com,dept_5,50
246,Name_46,user_46@example.com,dept_6,60
247,Name_47,user_47@example.com,dept_7,40
248,Name_48,user_48@example.com,dept_8,65
249,Name_49,user_49@example.com,dept_9,50
250,Name_50,user_0@example.com,dept_0,93
251,Name_51,user_1@example.com,dept_1,61
252,Name_52,user_2@example.com,dept_2,62
253,Name_53,user_3@example.com,dept_3,16
254,Name_54,user_4@example.com,dept_4,64
255,Name_55,user_5@example.com,dept_5,70
256,Name_56,user_6@example.com,dept_6,29
257,Name_57,user_7@example.com,dept_7,86
258,Name_58,user_8@example.com,dept_8,30
259,Name_59,user_9@example.com,dept_9,45
260,Name_60,user_10@example.com,dept_0,90
261,Name_61,user_11@example.com,dept_1,61
262,Name_62,user_12@example.com,dept_2,40
263,Name_63,user_13@example.com,dept_3,60
264,Name_64,user_14@example.com,dept_4,33
265,Name_65,user_15@example.com,dept_5,92
266,Name_66,user_16@example.com,dept_6,18
267,Name_67,user_17@example.com,dept_7,29
268,Name_68,user_18@example.com,dept_8,28
269,Name_69,user_19@example.com,dept_9,80
270,Name_70,user_20@example.com,dept_0,35
271,Name_71,user_21@example.com,dept_1,95
272,Name_72,user_22@example.com,dept_2,67
273,Name_73,user_23@example.com,dept_3,28
274,Name_74,user_24@example.com,dept_4,8
275,Name_75,user_25@example.com,dept_5,14
276,Name_76,user_26@example.com,dept_6,42
277,Name_77,user_27@example.com,dept_7,61
278,Name_78,user_28@example.com,dept_8,90
279,Name_79,user_29@example.com,dept_9,19
280,Name_80,user_30@example.com,dept_0,95
281,Name_81,user_31@example.com,dept_1,25
282,Name_82,user_32@example.com,dept_2,85
283,Name_83,user_33@example.com,dept_3,26
284,Name_84,user_34@example.com,dept_4,64
285,Name_85,user_35@example.com,dept_5,79
286,Name_86,user_36@example.com,dept_6,29
287,Name_87,user_37@example.com,dept_7,79
288,Name_88,user_38@example.com,dept_8,48
289,Name_89,user_39@example.com,dept_9,13
290,Name_90,user_40@example.com,dept_0,37
291,Name_91,user_41@example.com,dept_1,71
292,Name_92,user_42@example.com,dept_2,73
293,Name_93,user_43@example.com,dept_3,80
294,Name_94,user_44@example.com,dept_4,78
295,Name_95,user_45@example.com,dept_5,21
296,Name_96,user_46@example.com,dept_6,45
297,Name_97,user_47@example.com,dept_7,99
298,Name_98,user_48@example.com,dept_8,47
299,Name_99,user_49@example.com,dept_9,6
300,Name_0,user_0@example.com,dept_0,38
301,Name_1,user_1@example.com,dept_1,82
302,Name_2,user_2@example.com,dept_2,13
303,Name_3,user_3@example.com,dept_3,63
304,Name_4,user_4@example.com,dept_4,91
305,Name_5,user_5@example.com,dept_5,86
306,Name_6,user_6@example.com,dept_6,40
307,Name_7,user_7@example.com,dept_7,43
308,Name_8,user_8@example.com,dept_8,81
309,Name_9,user_9@example.com,dept_9,74
310,Name_10,user_10@example.com,dept_0,100
311,Name_11,user_11@example.com,dept_1,8
312,Name_12,user_12@example.com,dept_2,98
313,Name_13,user_13@example.com,dept_3,72
314,Name_14,user_14@example.com,dept_4,94
315,Name_15,user_15@example.com,dept_5,36
316,Name_16,user_16@example.com,dept_6,73
317,Name_17,user_17@example.com,dept_7,45
318,Name_18,user_18@example.com,dept_8,80
319,Name_19,user_19@example.com,dept_9,92
320,Name_20,user_20@example.com,dept_0,10
321,Name_21,user_21@example.com,dept_1,4
322,Name_22,user_22@example.com,dept_2,100
323,Name_23,user_23@example.com,dept_3,37
324,Name_24,user_24@example.com,dept_4,92
325,Name_25,user_25@example.com,dept_5,11
326,Name_26,user_26@example.com,dept_6,71
327,Name_27,user_27@example.com,dept_7,72
328,Name_28,user_28@example.com,dept_8,38
329,Name_29,user_29@example.com,dept_9,54
330,Name_30,user_30@example.com,dept_0,52
331,Name_31,user_31@example.com,dept_1,64
332,Name_32,user_32@example.com,dept_2,10
333,Name_33,user_33@example.com,dept_3,98
334,Name_34,user_34@example.com,dept_4,78
335,Name_35,user_35@example.com,dept_5,80
336,Name_36,user_36@example.com,dept_6,24
337,Name_37,user_37@example.com,dept_7,19
338,Name_38,user_38@example.com,dept_8,79
339,Name_39,user_39@example.com,dept_9,72
340,Name_40,user_40@example.com,dept_0,82
341,Name_41,user_41@example.com,dept_1,9
342,Name_42,user_42@example.com,dept_2,13
343,Name_43,user_43@example.com,dept_3,84
344,Name_44,user_44@example.com,dept_4,74
345,Name_45,user_45@example.com,dept_5,65
346,Name_46,user_46@example.com,dept_6,95
347,Name_47,user_47@example.com,dept_7,50
348,Name_48,user_48@example.com,dept_8,30
349,Name_49,user_49@example.com,dept_9,94
350,Name_50,user_0@example.com,dept_0,25
351,Name_51,user_1@example.com,dept_1,86
352,Name_52,user_2@example.com,dept_2,91
353,Name_53,user_3@example.com,dept_3,53
354,Name_54,user_4@example.com,dept_4,94
355,Name_55,user_5@example.com,dept_5,92
356,Name_56,user_6@example.com,dept_6,86
357,Name_57,user_7@example.com,dept_7,1
358,Name_58,user_8@example.com,dept_8,74
359,Name_59,user_9@example.com,dept_9,79
360,Name_60,user_10@example.com,dept_0,20
361,Name_61,user_11@example.com,dept_1,18
362,Name_62,user_12@example.com,dept_2,52
363,Name_63,user_13@example.com,dept_3,40
364,Name_64,user_14@example.com,dept_4,2
365,Name_65,user_15@example.com,dept_5,94
366,Name_66,user_16@example.com,dept_6,11
367,Name_67,user_17@example.com,dept_7,18
368,Name_68,user_18@example.com,dept_8,85
369,Name_69,user_19@example.com,dept_9,22
370,Name_70,user_20@example.com,dept_0,99
371,Name_71,user_21@example.com,dept_1,71
372,Name_72,user_22@example.com,dept_2,39
373,Name_73,user_23@example.com,dept_3,10
374,Name_74,user_24@example.com,dept_4,84
375,Name_75,user_25@example.com,dept_5,24
376,Name_76,user_26@example.com,dept_6,97
377,Name_77,user_27@example.com,dept_7,13
378,Name_78,user_28@example.com,dept_8,68
379,Name_79,user_29@example.com,dept_9,19
380,Name_80,user_30@example.com,dept_0,11
381,Name_81,user_31@example.com,dept_1,52
382,Name_82,user_32@example.com,dept_2,2
383,Name_83,user_33@example.com,dept_3,22
384,Name_84,user_34@example.com,dept_4,72
385,Name_85,user_35@example.com,dept_5,7
386,Name_86,user_36@example.com,dept_6,61
387,Name_87,user_37@example.com,dept_7,23
388,Name_88,user_38@example.com,dept_8,87
389,Name_89,user_39@example.com,dept_9,24
390,Name_90,user_40@example.com,dept_0,92
391,Name_91,user_41@example.com,dept_1,14
392,Name_92,user_42@example.com,dept_2,9
393,Name_93,user_43@example.com,dept_3,99
394,Name_94,user_44@example.com,dept_4,78
395,Name_95,user_45@example.com,dept_5,70
396,Name_96,user_46@example.com,dept_6,30
397,Name_97,user_47@example.com,dept_7,47
398,Name_98,user_48@example.com,dept_8,50
399,Name_99,user_49@example.com,dept_9,69
400,Name_0,user_0@example.com,dept_0,65
401,Name_1,user_1@example.com,dept_1,8
402,Name_2,user_2@example.com,dept_2,14
403,Name_3,user_3@example.com,dept_3,85
404,Name_4,user_4@example.com,dept_4,93
405,Name_5,user_5@example.com,dept_5,72
406,Name_6,user_6@example.com,dept_6,20
407,Name_7,user_7@example.com,dept_7,11
408,Name_8,user_8@example.com,dept_8,39
409,Name_9,user_9@example.com,dept_9,60
410,Name_10,user_10@example.com,dept_0,63
411,Name_11,user_11@example.com,dept_1,20
412,Name_12,user_12@example.com,dept_2,29
413,Name_13,user_13@example.com,dept_3,54
414,Name_14,user_14@example.com,dept_4,77
415,Name_15,user_15@example.com,dept_5,21
416,Name_16,user_16@example.com,dept_6,79
417,Name_17,user_17@example.com,dept_7,88
418,Name_18,user_18@example.com,dept_8,5
419,Name_19,user_19@example.com,dept_9,60
420,Name_20,user_20@example.com,dept_0,90
421,Name_21,user_21@example.com,dept_1,70
422,Name_22,user_22@example.com,dept_2,10
423,Name_23,user_23@example.com,dept_3,76
424,Name_24,user_24@example.com,dept_4,28
425,Name_25,user_25@example.com,dept_5,24
426,Name_26,user_26@example.com,dept_6,16
427,Name_27,user_27@example.com,dept_7,43
428,Name_28,user_28@example.com,dept_8,51
429,Name_29,user_29@example.com,dept_9,89
430,Name_30,user_30@example.com,dept_0,90
431,Name_31,user_31@example.com,dept_1,3
432,Name_32,user_32@example.com,dept_2,5
433,Name_33,user_33@example.com,dept_3,5
434,Name_34,user_34@example.com,dept_4,31
435,Name_35,user_35@example.com,dept_5,62
436,Name_36,user_36@example.com,dept_6,22
437,Name_37,user_37@example.com,dept_7,22
438,Name_38,user_38@example.com,dept_8,26
439,Name_39,user_39@example.com,dept_9,16
440,Name_40,user_40@example.com,dept_0,60
441,Name_41,user_41@example.com,dept_1,20
442,Name_42,user_42@example.com,dept_2,68
443,Name_43,user_43@example.com,dept_3,14
444,Name_44,user_44@example.com,dept_4,62
445,Name_45,user_45@example.com,dept_5,44
446,Name_46,user_46@example.com,dept_6,82
447,Name_47,user_47@example.com,dept_7,7
448,Name_48,user_48@example.com,dept_8,32
449,Name_49,user_49@example.com,dept_9,79
450,Name_50,user_0@example.com,dept_0,97
451,Name_51,user_1@example.com,dept_1,23
452,Name_52,user_2@example.com,dept_2,79
453,Name_53,user_3@example.com,dept_3,83
454,Name_54,user_4@example.com,dept_4,57
455,Name_55,user_5@example.com,dept_5,67
456,Name_56,user_6@example.com,dept_6,43
457,Name_57,user_7@example.com,dept_7,36
458,Name_58,user_8@example.com,dept_8,24
459,Name_59,user_9@example.com,dept_9,44
460,Name_60,user_10@example.com,dept_0,81
461,Name_61,user_11@example.com,dept_1,7
462,Name_62,user_12@example.com,dept_2,26
463,Name_63,user_13@example.com,dept_3,42
464,Name_64,user_14@example.com,dept_4,22
465,Name_65,user_15@example.com,dept_5,22
466,Name_66,user_16@example.com,dept_6,5
467,Name_67,user_17@example.com,dept_7,44
468,Name_68,user_18@example.com,dept_8,95
469,Name_69,user_19@example.com,dept_9,2
470,Name_70,user_20@example.com,dept_0,54
471,Name_71,user_21@example.com,dept_1,18
472,Name_72,user_22@example.com,dept_2,57
473,Name_73,user_23@example.com,dept_3,95
474,Name_74,user_24@example.com,dept_4,45
475,Name_75,user_25@example.com,dept_5,48
476,Name_76,user_26@example.com,dept_6,8
477,Name_77,user_27@example.com,dept_7,97
478,Name_78,user_28@example.com,dept_8,23
479,Name_79,user_29@example.com,dept_9,18
480,Name_80,user_30@example.com,dept_0,56
481,Name_81,user_31@example.com,dept_1,85
482,Name_82,user_32@example.com,dept_2,50
483,Name_83,user_33@example.com,dept_3,61
484,Name_84,user_34@example.com,dept_4,7
485,Name_85,user_35@example.com,dept_5,85
486,Name_86,user_36@example.com,dept_6,18
487,Name_87,user_37@example.com,dept_7,49
488,Name_88,user_38@example.com,dept_8,29
489,Name_89,user_39@example.com,dept_9,64
490,Name_90,user_40@example.com,dept_0,71
491,Name_91,user_41@example.com,dept_1,24
492,Name_92,user_42@example.com,dept_2,44
493,Name_93,user_43@example.com,dept_3,87
494,Name_94,user_44@example.com,dept_4,38
495,Name_95,user_45@example.com,dept_5,94
496,Name_96,user_46@example.com,dept_6,24
497,Name_97,user_47@example.com,dept_7,68
498,Name_98,user_48@example.com,dept_8,27
499,Name_99,user_49@example.com,dept_9,59
500,Name_0,user_0@example.com,dept_0,100
501,Name_1,user_1@example.com,dept_1,50
502,Name_2,user_2@example.com,dept_2,21
503,Name_3,user_3@example.com,dept_3,47
504,Name_4,user_4@example.com,dept_4,87
505,Name_5,user_5@example.com,dept_5,28
506,Name_6,user_6@example.com,dept_6,85
507,Name_7,user_7@example.com,dept_7,76
508,Name_8,user_8@example.com,dept_8,32
509,Name_9,user_9@example.com,dept_9,47
510,Name_10,user_10@example.com,dept_0,9
511,Name_11,user_11@example.com,dept_1,43
512,Name_12,user_12@example.com,dept_2,13
513,Name_13,user_13@example.com,dept_3,23
514,Name_14,user_14@example.com,dept_4,80
515,Name_15,user_15@example.com,dept_5,30
516,Name_16,user_16@example.com,dept_6,47
517,Name_17,user_17@example.com,dept_7,7
518,Name_18,user_18@example.com,dept_8,99
519,Name_19,user_19@example.com,dept_9,23
520,Name_20,user_20@example.com,dept_0,63
521,Name_21,user_21@example.com,dept_1,8
522,Name_22,user_22@example.com,dept_2,10
523,Name_23,user_23@example.com,dept_3,51
524,Name_24,user_24@example.com,dept_4,93
525,Name_25,user_25@example.com,dept_5,35
526,Name_26,user_26@example.com,dept_6,97
527,Name_27,user_27@example.com,dept_7,47
528,Name_28,user_28@example.com,dept_8,9
529,Name_29,user_29@example.com,dept_9,56
530,Name_30,user_30@example.com,dept_0,29
531,Name_31,user_31@example.com,dept_1,69
532,Name_32,user_32@example.com,dept_2,81
533,Name_33,user_33@example.com,dept_3,75
534,Name_34,user_34@example.com,dept_4,71
535,Name_35,user_35@example.com,dept_5,9
536,Name_36,user_36@example.com,dept_6,91
537,Name_37,user_37@example.com,dept_7,36
538,Name_38,user_38@example.com,dept_8,76
539,Name_39,user_39@example.com,dept_9,15
540,Name_40,user_40@example.com,dept_0,37
541,Name_41,user_41@example.com,dept_1,73
542,Name_42,user_42@example.com,dept_2,2
543,Name_43,user_43@example.com,dept_3,56
544,Name_44,user_44@example.com,dept_4,45
545,Name_45,user_45@example.com,dept_5,91
546,Name_46,user_46@example.com,dept_6,41
547,Name_47,user_47@example.com,dept_7,80
548,Name_48,user_48@example.com,dept_8,86
549,Name_49,user_49@example.com,dept_9,18
550,Name_50,user_0@example.com,dept_0,36
551,Name_51,user_1@example.com,dept_1,72
552,Name_52,user_2@example.com,dept_2,88
553,Name_53,user_3@example.com,dept_3,11
554,Name_54,user_4@example.com,dept_4,94
555,Name_55,user_5@example.com,dept_5,48
556,Name_56,user_6@example.com,dept_6,68
557,Name_57,user_7@example.com,dept_7,2
558,Name_58,user_8@example.com,dept_8,18
559,Name_59,user_9@example.com,dept_9,66
560,Name_60,user_10@example.com,dept_0,22
561,Name_61,user_11@example.com,dept_1,96
562,Name_62,user_12@example.com,dept_2,35
563,Name_63,user_13@example.com,dept_3,60
564,Name_64,user_14@example.com,dept_4,93
565,Name_65,user_15@example.com,dept_5,98
566,Name_66,user_16@example.com,dept_6,31
567,Name_67,user_17@example.com,dept_7,46
568,Name_68,user_18@example.com,dept_8,6
569,Name_69,user_19@example.com,dept_9,1
570,Name_70,user_20@example.com,dept_0,96
571,Name_71,user_21@example.com,dept_1,54
572,Name_72,user_22@example.com,dept_2,1
573,Name_73,user_23@example.com,dept_3,70
574,Name_74,user_24@example.com,dept_4,30
575,Name_75,user_25@example.com,dept_5,27
576,Name_76,user_26@example.com,dept_6,17
577,Name_77,user_27@example.com,dept_7,87
578,Name_78,user_28@example.com,dept_8,34
579,Name_79,user_29@example.com,dept_9,98
580,Name_80,user_30@example.com,dept_0,85
581,Name_81,user_31@example.com,dept_1,1
582,Name_82,user_32@example.com,dept_2,40
583,Name_83,user_33@example.com,dept_3,6
584,Name_84,user_34@example.com,dept_4,1
585,Name_85,user_35@example.com,dept_5,63
586,Name_86,user_36@example.com,dept_6,90
587,Name_87,user_37@example.com,dept_7,53
588,Name_88,user_38@example.com,dept_8,5
589,Name_89,user_39@example.com,dept_9,47
590,Name_90,user_40@example.com,dept_0,17
591,Name_91,user_41@example.com,dept_1,47
592,Name_92,user_42@example.com,dept_2,15
593,Name_93,user_43@example.com,dept_3,79
594,Name_94,user_44@example.com,dept_4,3
595,Name_95,user_45@example.com,dept_5,48
596,Name_96,user_46@example.com,dept_6,69
597,Name_97,user_47@example.com,dept_7,9
598,Name_98,user_48@example.com,dept_8,31
599,Name_99,user_49@example.com,dept_9,11
600,Name_0,user_0@example.com,dept_0,90
601,Name_1,user_1@example.com,dept_1,92
602,Name_2,user_2@example.com,dept_2,25
603,Name_3,user_3@example.com,dept_3,9
604,Name_4,user_4@example.com,dept_4,83
605,Name_5,user_5@example.com,dept_5,26
606,Name_6,user_6@example.com,dept_6,21
607,Name_7,user_7@example.com,dept_7,82
608,Name_8,user_8@example.com,dept_8,31
609,Name_9,user_9@example.com,dept_9,78
610,Name_10,user_10@example.com,dept_0,43
611,Name_11,user_11@example.com,dept_1,50
612,Name_12,user_12@example.com,dept_2,85
613,Name_13,user_13@example.com,dept_3,36
614,Name_14,user_14@example.com,dept_4,65
615,Name_15,user_15@example.com,dept_5,77
616,Name_16,user_16@example.com,dept_6,70
617,Name_17,user_17@example.com,dept_7,11
618,Name_18,user_18@example.com,dept_8,66
619,Name_19,user_19@example.com,dept_9,91
620,Name_20,user_20@example.com,dept_0,79
621,Name_21,user_21@example.com,dept_1,74
622,Name_22,user_22@example.com,dept_2,23
623,Name_23,user_23@example.com,dept_3,57
624,Name_24,user_24@example.com,dept_4,27
625,Name_25,user_25@example.com,dept_5,85
626,Name_26,user_26@example.com,dept_6,61
627,Name_27,user_27@example.com,dept_7,15
628,Name_28,user_28@example.com,dept_8,39
629,Name_29,user_29@example.com,dept_9,65
630,Name_30,user_30@example.com,dept_0,96
631,Name_31,user_31@example.com,dept_1,59
632,Name_32,user_32@example.com,dept_2,29
633,Name_33,user_33@example.com,dept_3,68
634,Name_34,user_34@example.com,dept_4,43
635,Name_35,user_35@example.com,dept_5,34
636,Name_36,user_36@example.com,dept_6,52
637,Name_37,user_37@example.com,dept_7,78
638,Name_38,user_38@example.com,dept_8,91
639,Name_39,user_39@example.com,dept_9,10
640,Name_40,user_40@example.com,dept_0,39
641,Name_41,user_41@example.com,dept_1,99
642,Name_42,user_42@example.com,dept_2,12
643,Name_43,user_43@example.com,dept_3,15
644,Name_44,user_44@example.com,dept_4,100
645,Name_45,user_45@example.com,dept_5,8
646,Name_46,user_46@example.com,dept_6,88
647,Name_47,user_47@example.com,dept_7,12
648,Name_48,user_48@example.com,dept_8,39
649,Name_49,user_49@example.com,dept_9,50
650,Name_50,user_0@example.com,dept_0,35
651,Name_51,user_1@example.com,dept_1,35
652,Name_52,user_2@example.com,dept_2,98
653,Name_53,user_3@example.com,dept_3,35
654,Name_54,user_4@example.com,dept_4,16
655,Name_55,user_5@example.com,dept_5,100
656,Name_56,user_6@example.com,dept_6,77
657,Name_57,user_7@example.com,dept_7,56
658,Name_58,user_8@example.com,dept_8,20
659,Name_59,user_9@example.com,dept_9,61
660,Name_60,user_10@example.com,dept_0,79
661,Name_61,user_11@example.com,dept_1,88
662,Name_62,user_12@example.com,dept_2,45
663,Name_63,user_13@example.com,dept_3,69
664,Name_64,user_14@example.com,dept_4,4
665,Name_65,user_15@example.com,dept_5,95
666,Name_66,user_16@example.com,dept_6,100
667,Name_67,user_17@example.com,dept_7,14
668,Name_68,user_18@example.com,dept_8,37
669,Name_69,user_19@example.com,dept_9,18
670,Name_70,user_20@example.com,dept_0,71
671,Name_71,user_21@example.com,dept_1,2
672,Name_72,user_22@example.com,dept_2,37
673,Name_73,user_23@example.com,dept_3,17
674,Name_74,user_24@example.com,dept_4,58
675,Name_75,user_25@example.com,dept_5,6
676,Name_76,user_26@example.com,dept_6,85
677,Name_77,user_27@example.com,dept_7,66
678,Name_78,user_28@example.com,dept_8,54
679,Name_79,user_29@example.com,dept_9,13
680,Name_80,user_30@example.com,dept_0,11
681,Name_81,user_31@example.com,dept_1,76
682,Name_82,user_32@example.com,dept_2,17
683,Name_83,user_33@example.com,dept_3,65
684,Name_84,user_34@example.com,dept_4,47
685,Name_85,user_35@example.com,dept_5,51
686,Name_86,user_36@example.com,dept_6,74
687,Name_87,user_37@example.com,dept_7,6
688,Name_88,user_38@example.com,dept_8,65
689,Name_89,user_39@example.com,dept_9,95
690,Name_90,user_40@example.com,dept_0,76
691,Name_91,user_41@example.com,dept_1,97
692,Name_92,user_42@example.com,dept_2,71
693,Name_93,user_43@example.com,dept_3,77
694,Name_94,user_44@example.com,dept_4,25
695,Name_95,user_45@example.com,dept_5,94
696,Name_96,user_46@example.com,dept_6,11
697,Name_97,user_47@example.com,dept_7,44
698,Name_98,user_48@example.com,dept_8,62
699,Name_99,user_49@example.com,dept_9,4
700,Name_0,user_0@example.com,dept_0,51
701,Name_1,user_1@example.com,dept_1,44
702,Name_2,user_2@example.com,dept_2,13
703,Name_3,user_3@example.com,dept_3,62
704,Name_4,user_4@example.com,dept_4,29
705,Name_5,user_5@example.com,dept_5,14
706,Name_6,user_6@example.com,dept_6,72
707,Name_7,user_7@example.com,dept_7,66
708,Name_8,user_8@example.com,dept_8,7
709,Name_9,user_9@example.com,dept_9,45
710,Name_10,user_10@example.com,dept_0,45
711,Name_11,user_11@example.com,dept_1,28
712,Name_12,user_12@example.com,dept_2,52
713,Name_13,user_13@example.com,dept_3,94
714,Name_14,user_14@example.com,dept_4,22
715,Name_15,user_15@example.com,dept_5,96
716,Name_16,user_16@example.com,dept_6,47
717,Name_17,user_17@example.com,dept_7,47
718,Name_18,user_18@example.com,dept_8,13
719,Name_19,user_19@example.com,dept_9,53
720,Name_20,user_20@example.com,dept_0,97
721,Name_21,user_21@example.com,dept_1,74
722,Name_22,user_22@example.com,dept_2,29
723,Name_23,user_23@example.com,dept_3,49
724,Name_24,user_24@example.com,dept_4,50
725,Name_25,user_25@example.com,dept_5,44
726,Name_26,user_26@example.com,dept_6,57
727,Name_27,user_27@example.com,dept_7,56
728,Name_28,user_28@example.com,dept_8,56
729,Name_29,user_29@example.com,dept_9,6
730,Name_30,user_30@example.com,dept_0,19
731,Name_31,user_31@example.com,dept_1,65
732,Name_32,user_32@example.com,dept_2,43
733,Name_33,user_33@example.com,dept_3,11
734,Name_34,user_34@example.com,dept_4,33
735,Name_35,user_35@example.com,dept_5,18
736,Name_36,user_36@example.com,dept_6,36
737,Name_37,user_37@example.com,dept_7,1
738,Name_38,user_38@example.com,dept_8,37
739,Name_39,user_39@example.com,dept_9,77
740,Name_40,user_40@example.com,dept_0,22
741,Name_41,user_41@example.com,dept_1,49
742,Name_42,user_42@example.com,dept_2,79
743,Name_43,user_43@example.com,dept_3,65
744,Name_44,user_44@example.com,dept_4,57
745,Name_45,user_45@example.com,dept_5,46
746,Name_46,user_46@example.com,dept_6,70
747,Name_47,user_47@example.com,dept_7,56
748,Name_48,user_48@example.com,dept_8,5
749,Name_49,user_49@example.com,dept_9,67
750,Name_50,user_0@example.com,dept_0,79
751,Name_51,user_1@example.com,dept_1,48
752,Name_52,user_2@example.com,dept_2,99
753,Name_53,user_3@example.com,dept_3,38
754,Name_54,user_4@example.com,dept_4,73
755,Name_55,user_5@example.com,dept_5,22
756,Name_56,user_6@example.com,dept_6,18
757,Name_57,user_7@example.com,dept_7,16
758,Name_58,user_8@example.com,dept_8,50
759,Name_59,user_9@example.com,dept_9,20
760,Name_60,user_10@example.com,dept_0,90
761,Name_61,user_11@example.com,dept_1,54
762,Name_62,user_12@example.com,dept_2,45
763,Name_63,user_13@example.com,dept_3,89
764,Name_64,user_14@example.com,dept_4,89
765,Name_65,user_15@example.com,dept_5,96
766,Name_66,user_16@example.com,dept_6,40
767,Name_67,user_17@example.com,dept_7,47
768,Name_68,user_18@example.com,dept_8,12
769,Name_69,user_19@example.com,dept_9,57
770,Name_70,user_20@example.com,dept_0,89
771,Name_71,user_21@example.com,dept_1,65
772,Name_72,user_22@example.com,dept_2,99
773,Name_73,user_23@example.com,dept_3,52
774,Name_74,user_24@example.com,dept_4,58
775,Name_75,user_25@example.com,dept_5,48
776,Name_76,user_26@example.com,dept_6,87
777,Name_77,user_27@example.com,dept_7,39
778,Name_78,user_28@example.com,dept_8,70
779,Name_79,user_29@example.com,dept_9,17
780,Name_80,user_30@example.com,dept_0,42
781,Name_81,user_31@example.com,dept_1,48
782,Name_82,user_32@example.com,dept_2,15
783,Name_83,user_33@example.com,dept_3,26
784,Name_84,user_34@example.com,dept_4,86
785,Name_85,user_35@example.com,dept_5,30
786,Name_86,user_36@example.com,dept_6,7
787,Name_87,user_37@example.com,dept_7,27
788,Name_88,user_38@example.com,dept_8,56
789,Name_89,user_39@example.com,dept_9,95
790,Name_90,user_40@example.com,dept_0,44
791,Name_91,user_41@example.com,dept_1,33
792,Name_92,user_42@example.com,dept_2,45
793,Name_93,user_43@example.com,dept_3,18
794,Name_94,user_44@example.com,dept_4,33
795,Name_95,user_45@example.com,dept_5,80
796,Name_96,user_46@example.com,dept_6,39
797,Name_97,user_47@example.com,dept_7,17
798,Name_98,user_48@example.com,dept_8,34
799,Name_99,user_49@example.com,dept_9,1
800,Name_0,user_0@example.com,dept_0,32
801,Name_1,user_1@example.com,dept_1,53
802,Name_2,user_2@example.com,dept_2,90
803,Name_3,user_3@example.com,dept_3,85
804,Name_4,user_4@example.com,dept_4,8
805,Name_5,user_5@example.com,dept_5,5
806,Name_6,user_6@example.com,dept_6,51
807,Name_7,user_7@example.com,dept_7,82
808,Name_8,user_8@example.com,dept_8,7
809,Name_9,user_9@example.com,dept_9,27
810,Name_10,user_10@example.com,dept_0,87
811,Name_11,user_11@example.com,dept_1,74
812,Name_12,user_12@example.com,dept_2,71
813,Name_13,user_13@example.com,dept_3,82
814,Name_14,user_14@example.com,dept_4,65
815,Name_15,user_15@example.com,dept_5,92
816,Name_16,user_16@example.com,dept_6,8
817,Name_17,user_17@example.com,dept_7,82
818,Name_18,user_18@example.com,dept_8,10
819,Name_19,user_19@example.com,dept_9,67
820,Name_20,user_20@example.com,dept_0,40
821,Name_21,user_21@example.com,dept_1,9
822,Name_22,user_22@example.com,dept_2,34
823,Name_23,user_23@example.com,dept_3,74
824,Name_24,user_24@example.com,dept_4,92
825,Name_25,user_25@example.com,dept_5,5
826,Name_26,user_26@example.com,dept_6,72
827,Name_27,user_27@example.com,dept_7,52
828,Name_28,user_28@example.com,dept_8,78
829,Name_29,user_29@example.com,dept_9,50
830,Name_30,user_30@example.com,dept_0,65
831,Name_31,user_31@example.com,dept_1,17
832,Name_32,user_32@example.com,dept_2,90
833,Name_33,user_33@example.com,dept_3,27
834,Name_34,user_34@example.com,dept_4,63
835,Name_35,user_35@example.com,dept_5,46
836,Name_36,user_36@example.com,dept_6,1
837,Name_37,user_37@example.com,dept_7,34
838,Name_38,user_38@example.com,dept_8,97
839,Name_39,user_39@example.com,dept_9,37
840,Name_40,user_40@example.com,dept_0,91
841,Name_41,user_41@example.com,dept_1,82
842,Name_42,user_42@example.com,dept_2,60
843,Name_43,user_43@example.com,dept_3,40
844,Name_44,user_44@example.com,dept_4,18
845,Name_45,user_45@example.com,dept_5,64
846,Name_46,user_46@example.com,dept_6,3
847,Name_47,user_47@example.com,dept_7,35
848,Name_48,user_48@example.com,dept_8,93
849,Name_49,user_49@example.com,dept_9,46
850,Name_50,user_0@example.com,dept_0,87
851,Name_51,user_1@example.com,dept_1,91
852,Name_52,user_2@example.com,dept_2,68
853,Name_53,user_3@example.com,dept_3,18
854,Name_54,user_4@example.com,dept_4,80
855,Name_55,user_5@example.com,dept_5,98
856,Name_56,user_6@example.com,dept_6,53
857,Name_57,user_7@example.com,dept_7,55
858,Name_58,user_8@example.com,dept_8,84
859,Name_59,user_9@example.com,dept_9,99
860,Name_60,user_10@example.com,dept_0,18
861,Name_61,user_11@example.com,dept_1,14
862,Name_62,user_12@example.com,dept_2,19
863,Name_63,user_13@example.com,dept_3,61
864,Name_64,user_14@example.com,dept_4,59
865,Name_65,user_15@example.com,dept_5,98
866,Name_66,user_16@example.com,dept_6,42
867,Name_67,user_17@example.com,dept_7,43
868,Name_68,user_18@example.com,dept_8,58
869,Name_69,user_19@example.com,dept_9,97
870,Name_70,user_20@example.com,dept_0,30
871,Name_71,user_21@example.com,dept_1,23
872,Name_72,user_22@example.com,dept_2,81
873,Name_73,user_23@example.com,dept_3,73
874,Name_74,user_24@example.com,dept_4,78
875,Name_75,user_25@example.com,dept_5,84
876,Name_76,user_26@example.com,dept_6,84
877,Name_77,user_27@example.com,dept_7,71
878,Name_78,user_28@example.com,dept_8,46
879,Name_79,user_29@example.com,dept_9,98
880,Name_80,user_30@example.com,dept_0,54
881,Name_81,user_31@example.com,dept_1,20
882,Name_82,user_32@example.com,dept_2,88
883,Name_83,user_33@example.com,dept_3,76
884,Name_84,user_34@example.com,dept_4,86
885,Name_85,user_35@example.com,dept_5,8
886,Name_86,user_36@example.com,dept_6,59
887,Name_87,user_37@example.com,dept_7,74
888,Name_88,user_38@example.com,dept_8,16
889,Name_89,user_39@example.com,dept_9,34
890,Name_90,user_40@example.com,dept_0,96
891,Name_91,user_41@example.com,dept_1,89
892,Name_92,user_42@example.com,dept_2,2
893,Name_93,user_43@example.com,dept_3,81
894,Name_94,user_44@example.com,dept_4,1
895,Name_95,user_45@example.com,dept_5,24
896,Name_96,user_46@example.com,dept_6,66
897,Name_97,user_47@example.com,dept_7,47
898,Name_98,user_48@example.com,dept_8,22
899,Name_99,user_49@example.com,dept_9,19
900,Name_0,user_0@example.com,dept_0,11
901,Name_1,user_1@example.com,dept_1,22
902,Name_2,user_2@example.com,dept_2,23
903,Name_3,user_3@example.com,dept_3,98
904,Name_4,user_4@example.com,dept_4,11
905,Name_5,user_5@example.com,dept_5,46
906,Name_6,user_6@example.com,dept_6,91
907,Name_7,user_7@example.com,dept_7,85
908,Name_8,user_8@example.com,dept_8,37
909,Name_9,user_9@example.com,dept_9,66
910,Name_10,user_10@example.com,dept_0,13
911,Name_11,user_11@example.com,dept_1,19
912,Name_12,user_12@example.com,dept_2,26
913,Name_13,user_13@example.com,dept_3,61
914,Name_14,user_14@example.com,dept_4,84
915,Name_15,user_15@example.com,dept_5,70
916,Name_16,user_16@example.com,dept_6,68
917,Name_17,user_17@example.com,dept_7,62
918,Name_18,user_18@example.com,dept_8,32
919,Name_19,user_19@example.com,dept_9,60
920,Name_20,user_20@example.com,dept_0,28
921,Name_21,user_21@example.com,dept_1,95
922,Name_22,user_22@example.com,dept_2,25
923,Name_23,user_23@example.com,dept_3,75
924,Name_24,user_24@example.com,dept_4,3
925,Name_25,user_25@example.com,dept_5,66
926,Name_26,user_26@example.com,dept_6,94
927,Name_27,user_27@example.com,dept_7,89
928,Name_28,user_28@example.com,dept_8,51
929,Name_29,user_29@example.com,dept_9,81
930,Name_30,user_30@example.com,dept_0,96
931,Name_31,user_31@example.com,dept_1,60
932,Name_32,user_32@example.com,dept_2,20
933,Name_33,user_33@example.com,dept_3,13
934,Name_34,user_34@example.com,dept_4,78
935,Name_35,user_35@example.com,dept_5,77
936,Name_36,user_36@example.com,dept_6,47
937,Name_37,user_37@example.com,dept_7,75
938,Name_38,user_38@example.com,dept_8,100
939,Name_39,user_39@example.com,dept_9,38
940,Name_40,user_40@example.com,dept_0,88
941,Name_41,user_41@example.com,dept_1,74
942,Name_42,user_42@example.com,dept_2,29
943,Name_43,user_43@example.com,dept_3,24
944,Name_44,user_44@example.com,dept_4,41
945,Name_45,user_45@example.com,dept_5,51
946,Name_46,user_46@example.com,dept_6,22
947,Name_47,user_47@example.com,dept_7,46
948,Name_48,user_48@example.com,dept_8,26
949,Name_49,user_49@example.com,dept_9,34
950,Name_50,user_0@example.com,dept_0,57
951,Name_51,user_1@example.com,dept_1,44
952,Name_52,user_2@example.com,dept_2,20
953,Name_53,user_3@example.com,dept_3,54
954,Name_54,user_4@example.com,dept_4,88
955,Name_55,user_5@example.com,dept_5,8
956,Name_56,user_6@example.com,dept_6,19
957,Name_57,user_7@example.com,dept_7,57
958,Name_58,user_8@example.com,dept_8,17
959,Name_59,user_9@example.com,dept_9,54
960,Name_60,user_10@example.com,dept_0,26
961,Name_61,user_11@example.com,dept_1,85
962,Name_62,user_12@example.com,dept_2,87
963,Name_63,user_13@example.com,dept_3,93
964,Name_64,user_14@example.com,dept_4,21
965,Name_65,user_15@example.com,dept_5,37
966,Name_66,user_16@example.com,dept_6,35
967,Name_67,user_17@example.com,dept_7,72
968,Name_68,user_18@example.com,dept_8,8
969,Name_69,user_19@example.com,dept_9,14
970,Name_70,user_20@example.com,dept_0,63
971,Name_71,user_21@example.com,dept_1,3
972,Name_72,user_22@example.com,dept_2,57
973,Name_73,user_23@example.com,dept_3,53
974,Name_74,user_24@example.com,dept_4,89
975,Name_75,user_25@example.com,dept_5,31
976,Name_76,user_26@example.com,dept_6,68
977,Name_77,user_27@example.com,dept_7,4
978,Name_78,user_28@example.com,dept_8,57
979,Name_79,user_29@example.com,dept_9,40
980,Name_80,user_30@example.com,dept_0,31
981,Name_81,user_31@example.com,dept_1,53
982,Name_82,user_32@example.com,dept_2,51
983,Name_83,user_33@example.com,dept_3,14
984,Name_84,user_34@example.com,dept_4,19
985,Name_85,user_35@example.com,dept_5,83
986,Name_86,user_36@example.com,dept_6,27
987,Name_87,user_37@example.com,dept_7,58
988,Name_88,user_38@example.com,dept_8,12
989,Name_89,user_39@example.com,dept_9,63
990,Name_90,user_40@example.com,dept_0,31
991,Name_91,user_41@example.com,dept_1,25
992,Name_92,user_42@example.com,dept_2,18
993,Name_93,user_43@example.com,dept_3,51
994,Name_94,user_44@example.com,dept_4,81
995,Name_95,user_45@example.com,dept_5,1
996,Name_96,user_46@example.com,dept_6,17
997,Name_97,user_47@example.com,dept_7,76
998,Name_98,user_48@example.com,dept_8,10
999,Name_99,user_49@example.com,dept_9,40
0,Name_0,user_0@example.com,dept_0,20
1,Name_1,user_1@example.com,dept_1,60
2,Name_2,user_2@example.com,dept_2,89
3,Name_3,user_3@example.com,dept_3,45
4,Name_4,user_4@example.com,dept_4,51
5,Name_5,user_5@example.com,dept_5,45
6,Name_6,user_6@example.com,dept_6,21
7,Name_7,user_7@example.com,dept_7,89
8,Name_8,user_8@example.com,dept_8,49
9,Name_9,user_9@example.com,dept_9,95
10,Name_10,user_10@example.com,dept_0,39
11,Name_11,user_11@example.com,dept_1,39
12,Name_12,user_12@example.com,dept_2,91
13,Name_13,user_13@example.com,dept_3,79
14,Name_14,user_14@example.com,dept_4,31
15,Name_15,user_15@example.com,dept_5,82
16,Name_16,user_16@example.com,dept_6,29
17,Name_17,user_17@example.com,dept_7,24
18,Name_18,user_18@example.com,dept_8,46
19,Name_19,user_19@example.com,dept_9,79
20,Name_20,user_20@example.com,dept_0,35
21,Name_21,user_21@example.com,dept_1,88
22,Name_22,user_22@example.com,dept_2,86
23,Name_23,user_23@example.com,dept_3,54
24,Name_24,user_24@example.com,dept_4,4
25,Name_25,user_25@example.com,dept_5,20
26,Name_26,user_26@example.com,dept_6,68
27,Name_27,user_27@example.com,dept_7,12
28,Name_28,user_28@example.com,dept_8,70
29,Name_29,user_29@example.com,dept_9,84
30,Name_30,user_30@example.com,dept_0,94
31,Name_31,user_31@example.com,dept_1,26
32,Name_32,user_32@example.com,dept_2,81
33,Name_33,user_33@example.com,dept_3,51
34,Name_34,user_34@example.com,dept_4,51
35,Name_35,user_35@example.com,dept_5,13
36,Name_36,user_36@example.com,dept_6,4
37,Name_37,user_37@example.com,dept_7,77
38,Name_38,user_38@example.com,dept_8,56
39,Name_39,user_39@example.com,dept_9,40
40,Name_40,user_40@example.com,dept_0,44
41,Name_41,user_41@example.com,dept_1,38
42,Name_42,user_42@example.com,dept_2,62
43,Name_43,user_43@example.com,dept_3,89
44,Name_44,user_44@example.com,dept_4,99
45,Name_45,user_45@example.com,dept_5,42
46,Name_46,user_46@example.com,dept_6,83
47,Name_47,user_47@example.com,dept_7,14
48,Name_48,user_48@example.com,dept_8,67
49,Name_49,user_49@example.com,dept_9,49
50,Name_50,user_0@example.com,dept_0,11
51,Name_51,user_1@example.com,dept_1,23
52,Name_52,user_2@example.com,dept_2,80
53,Name_53,user_3@example.com,dept_3,19
54,Name_54,user_4@example.com,dept_4,48
55,Name_55,user_5@example.com,dept_5,19
56,Name_56,user_6@example.com,dept_6,37
57,Name_57,user_7@example.com,dept_7,80
58,Name_58,user_8@example.com,dept_8,97
59,Name_59,user_9@example.com,dept_9,41
60,Name_60,user_10@example.com,dept_0,77
61,Name_61,user_11@example.com,dept_1,25
62,Name_62,user_12@example.com,dept_2,39
63,Name_63,user_13@example.com,dept_3,46
64,Name_64,user_14@example.com,dept_4,22
65,Name_65,user_15@example.com,dept_5,27
66,Name_66,user_16@example.com,dept_6,40
67,Name_67,user_17@example.com,dept_7,26
68,Name_68,user_18@example.com,dept_8,89
69,Name_69,user_19@example.com,dept_9,13
70,Name_70,user_20@example.com,dept_0,75
71,Name_71,user_21@example.com,dept_1,27
72,Name_72,user_22@example.com,dept_2,11
73,Name_73,user_23@example.com,dept_3,32
74,Name_74,user_24@example.com,dept_4,84
75,Name_75,user_25@example.com,dept_5,15
76,Name_76,user_26@example.com,dept_6,51
77,Name_77,user_27@example.com,dept_7,96
78,Name_78,user_28@example.com,dept_8,17
79,Name_79,user_29@example.com,dept_9,40
80,Name_80,user_30@example.com,dept_0,44
81,Name_81,user_31@example.com,dept_1,47
82,Name_82,user_32@example.com,dept_2,90
83,Name_83,user_33@example.com,dept_3,25
84,Name_84,user_34@example.com,dept_4,1
85,Name_85,user_35@example.com,dept_5,39
86,Name_86,user_36@example.com,dept_6,73
87,Name_87,user_37@example.com,dept_7,52
88,Name_88,user_38@example.com,dept_8,2
89,Name_89,user_39@example.com,dept_9,99
90,Name_90,user_40@example.com,dept_0,7
91,Name_91,user_41@example.com,dept_1,6
92,Name_92,user_42@example.com,dept_2,39
93,Name_93,user_43@example.com,dept_3,55
94,Name_94,user_44@example.com,dept_4,20
95,Name_95,user_45@example.com,dept_5,23
96,Name_96,user_46@example.com,dept_6,26
97,Name_97,user_47@example.com,dept_7,45
98,Name_98,user_48@example.com,dept_8,76
99,Name_99,user_49@example.com,dept_9,10
100,Name_0,user_0@example.com,dept_0,6
101,Name_1,user_1@example.com,dept_1,61
102,Name_2,user_2@example.com,dept_2,1
103,Name_3,user_3@example.com,dept_3,35
104,Name_4,user_4@example.com,dept_4,84
105,Name_5,user_5@example.com,dept_5,39
106,Name_6,user_6@example.com,dept_6,34
107,Name_7,user_7@example.com,dept_7,22
108,Name_8,user_8@example.com,dept_8,68
109,Name_9,user_9@example.com,dept_9,58
110,Name_10,user_10@example.com,dept_0,22
111,Name_11,user_11@example.com,dept_1,33
112,Name_12,user_12@example.com,dept_2,15
113,Name_13,user_13@example.com,dept_3,7
114,Name_14,user_14@example.com,dept_4,93
115,Name_15,user_15@example.com,dept_5,93
116,Name_16,user_16@example.com,dept_6,34
117,Name_17,user_17@example.com,dept_7,64
118,Name_18,user_18@example.com,dept_8,26
119,Name_19,user_19@example.com,dept_9,38
120,Name_20,user_20@example.com,dept_0,63
121,Name_21,user_21@example.com,dept_1,65
122,Name_22,user_22@example.com,dept_2,50
123,Name_23,user_23@example.com,dept_3,51
124,Name_24,user_24@example.com,dept_4,9
125,Name_25,user_25@example.com,dept_5,46
126,Name_26,user_26@example.com,dept_6,92
127,Name_27,user_27@example.com,dept_7,54
128,Name_28,user_28@example.com,dept_8,100
129,Name_29,user_29@example.com,dept_9,78
130,Name_30,user_30@example.com,dept_0,7
131,Name_31,user_31@example.com,dept_1,91
132,Name_32,user_32@example.com,dept_2,74
133,Name_33,user_33@example.com,dept_3,96
134,Name_34,user_34@example.com,dept_4,2
135,Name_35,user_35@example.com,dept_5,31
136,Name_36,user_36@example.com,dept_6,91
137,Name_37,user_37@example.com,dept_7,26
138,Name_38,user_38@example.com,dept_8,72
139,Name_39,user_39@example.com,dept_9,23
140,Name_40,user_40@example.com,dept_0,13
141,Name_41,user_41@example.com,dept_1,82
142,Name_42,user_42@example.com,dept_2,79
143,Name_43,user_43@example.com,dept_3,20
144,Name_44,user_44@example.com,dept_4,36
145,Name_45,user_45@example.com,dept_5,15
146,Name_46,user_46@example.com,dept_6,18
147,Name_47,user_47@example.com,dept_7,14
148,Name_48,user_48@example.com,dept_8,68
149,Name_49,user_49@example.com,dept_9,85
150,Name_50,user_0@example.com,dept_0,42
151,Name_51,user_1@example.com,dept_1,42
152,Name_52,user_2@example.com,dept_2,63
153,Name_53,user_3@example.com,dept_3,59
154,Name_54,user_4@example.com,dept_4,59
155,Name_55,user_5@example.com,dept_5,94
156,Name_56,user_6@example.com,dept_6,54
157,Name_57,user_7@example.com,dept_7,38
158,Name_58,user_8@example.com,dept_8,29
159,Name_59,user_9@example.com,dept_9,95
160,Name_60,user_10@example.com,dept_0,55
161,Name_61,user_11@example.com,dept_1,17
162,Name_62,user_12@example.com,dept_2,57
163,Name_63,user_13@example.com,dept_3,94
164,Name_64,user_14@example.com,dept_4,9
165,Name_65,user_15@example.com,dept_5,3
166,Name_66,user_16@example.com,dept_6,91
167,Name_67,user_17@example.com,dept_7,71
168,Name_68,user_18@example.com,dept_8,65
169,Name_69,user_19@example.com,dept_9,95
170,Name_70,user_20@example.com,dept_0,3
171,Name_71,user_21@example.com,dept_1,52
172,Name_72,user_22@example.com,dept_2,86
173,Name_73,user_23@example.com,dept_3,86
174,Name_74,user_24@example.com,dept_4,66
175,Name_75,user_25@example.com,dept_5,74
176,Name_76,user_26@example.com,dept_6,25
177,Name_77,user_27@example.com,dept_7,62
178,Name_78,user_28@example.com,dept_8,70
179,Name_79,user_29@example.com,dept_9,86
180,Name_80,user_30@example.com,dept_0,3
181,Name_81,user_31@example.com,dept_1,27
182,Name_82,user_32@example.com,dept_2,87
183,Name_83,user_33@example.com,dept_3,11
184,Name_84,user_34@example.com,dept_4,97
185,Name_85,user_35@example.com,dept_5,41
186,Name_86,user_36@example.com,dept_6,6
187,Name_87,user_37@example.com,dept_7,72
188,Name_88,user_38@example.com,dept_8,42
189,Name_89,user_39@example.com,dept_9,35
190,Name_90,user_40@example.com,dept_0,67
191,Name_91,user_41@example.com,dept_1,67
192,Name_92,user_42@example.com,dept_2,67
193,Name_93,user_43@example.com,dept_3,92
194,Name_94,user_44@example.com,dept_4,86
195,Name_95,user_45@example.com,dept_5,29
196,Name_96,user_46@example.com,dept_6,83
197,Name_97,user_47@example.com,dept_7,62
198,Name_98,user_48@example.com,dept_8,29
199,Name_99,user_49@example.com,dept_9,100
200,Name_0,user_0@example.com,dept_0,55
201,Name_1,user_1@example.com,dept_1,94
202,Name_2,user_2@example.com,dept_2,96
203,Name_3,user_3@example.com,dept_3,48
204,Name_4,user_4@example.com,dept_4,69
205,Name_5,user_5@example.com,dept_5,55
206,Name_6,user_6@example.com,dept_6,100
207,Name_7,user_7@example.com,dept_7,60
208,Name_8,user_8@example.com,dept_8,23
209,Name_9,user_9@example.com,dept_9,34
210,Name_10,user_10@example.com,dept_0,15
211,Name_11,user_11@example.com,dept_1,70
212,Name_12,user_12@example.com,dept_2,19
213,Name_13,user_13@example.com,dept_3,9
214,Name_14,user_14@example.com,dept_4,41
215,Name_15,user_15@example.com,dept_5,91
216,Name_16,user_16@example.com,dept_6,24
217,Name_17,user_17@example.com,dept_7,16
218,Name_18,user_18@example.com,dept_8,93
219,Name_19,user_19@example.com,dept_9,74
220,Name_20,user_20@example.com,dept_0,98
221,Name_21,user_21@example.com,dept_1,79
222,Name_22,user_22@example.com,dept_2,86
223,Name_23,user_23@example.com,dept_3,53
224,Name_24,user_24@example.com,dept_4,17
225,Name_25,user_25@example.com,dept_5,22
226,Name_26,user_26@example.com,dept_6,69
227,Name_27,user_27@example.com,dept_7,73
228,Name_28,user_28@example.com,dept_8,24
229,Name_29,user_29@example.com,dept_9,64
230,Name_30,user_30@example.com,dept_0,60
231,Name_31,user_31@example.com,dept_1,92
232,Name_32,user_32@example.com,dept_2,70
233,Name_33,user_33@example.com,dept_3,4
234,Name_34,user_34@example.com,dept_4,70
235,Name_35,user_35@example.com,dept_5,21
236,Name_36,user_36@example.com,dept_6,93
237,Name_37,user_37@example.com,dept_7,13
238,Name_38,user_38@example.com,dept_8,72
239,Name_39,user_39@example.com,dept_9,93
240,Name_40,user_40@example.com,dept_0,91
241,Name_41,user_41@example.com,dept_1,83
242,Name_42,user_42@example.com,dept_2,77
243,Name_43,user_43@example.com,dept_3,58
244,Name_44,user_44@example.com,dept_4,33
245,Name_45,user_45@example.com,dept_5,50
246,Name_46,user_46@example.com,dept_6,60
247,Name_47,user_47@example.com,dept_7,40
248,Name_48,user_48@example.com,dept_8,65
249,Name_49,user_49@example.com,dept_9,50
250,Name_50,user_0@example.com,dept_0,93
251,Name_51,user_1@example.com,dept_1,61
252,Name_52,user_2@example.com,dept_2,62
253,Name_53,user_3@example.com,dept_3,16
254,Name_54,user_4@example.com,dept_4,64
255,Name_55,user_5@example.com,dept_5,70
256,Name_56,user_6@example.com,dept_6,29
257,Name_57,user_7@example.com,dept_7,86
258,Name_58,user_8@example.com,dept_8,30
259,Name_59,user_9@example.com,dept_9,45
260,Name_60,user_10@example.com,dept_0,90
261,Name_61,user_11@example.com,dept_1,61
262,Name_62,user_12@example.com,dept_2,40
263,Name_63,user_13@example.com,dept_3,60
264,Name_64,user_14@example.com,dept_4,33
265,Name_65,user_15@example.com,dept_5,92
266,Name_66,user_16@example.com,dept_6,18
267,Name_67,user_17@example.com,dept_7,29
268,Name_68,user_18@example.com,dept_8,28
269,Name_69,user_19@example.com,dept_9,80
270,Name_70,user_20@example.com,dept_0,35
271,Name_71,user_21@example.com,dept_1,95
272,Name_72,user_22@example.com,dept_2,67
273,Name_73,user_23@example.com,dept_3,28
274,Name_74,user_24@example.com,dept_4,8
275,Name_75,user_25@example.com,dept_5,14
276,Name_76,user_26@example.com,dept_6,42
277,Name_77,user_27@example.com,dept_7,61
278,Name_78,user_28@example.com,dept_8,90
279,Name_79,user_29@example.com,dept_9,19
280,Name_80,user_30@example.com,dept_0,95
281,Name_81,user_31@example.com,dept_1,25
282,Name_82,user_32@example.com,dept_2,85
283,Name_83,user_33@example.com,dept_3,26
284,Name_84,user_34@example.com,dept_4,64
285,Name_85,user_35@example.com,dept_5,79
286,Name_86,user_36@example.com,dept_6,29
287,Name_87,user_37@example.com,dept_7,79
288,Name_88,user_38@example.com,dept_8,48
289,Name_89,user_39@example.com,dept_9,13
290,Name_90,user_40@example.com,dept_0,37
291,Name_91,user_41@example.com,dept_1,71
292,Name_92,user_42@example.com,dept_2,73
293,Name_93,user_43@example.com,dept_3,80
294,Name_94,user_44@example.com,dept_4,78
295,Name_95,user_45@example.com,dept_5,21
296,Name_96,user_46@example.com,dept_6,45
297,Name_97,user_47@example.com,dept_7,99
298,Name_98,user_48@example.com,dept_8,47
299,Name_99,user_49@example.com,dept_9,6
300,Name_0,user_0@example.com,dept_0,38
301,Name_1,user_1@example.com,dept_1,82
302,Name_2,user_2@example.com,dept_2,13
303,Name_3,user_3@example.com,dept_3,63
304,Name_4,user_4@example.com,dept_4,91
305,Name_5,user_5@example.com,dept_5,86
306,Name_6,user_6@example.com,dept_6,40
307,Name_7,user_7@example.com,dept_7,43
308,Name_8,user_8@example.com,dept_8,81
309,Name_9,user_9@example.com,dept_9,74
310,Name_10,user_10@example.com,dept_0,100
311,Name_11,user_11@example.com,dept_1,8
312,Name_12,user_12@example.com,dept_2,98
313,Name_13,user_13@example.com,dept_3,72
314,Name_14,user_14@example.com,dept_4,94
315,Name_15,user_15@example.com,dept_5,36
316,Name_16,user_16@example.com,dept_6,73
317,Name_17,user_17@example.com,dept_7,45
318,Name_18,user_18@example.com,dept_8,80
319,Name_19,user_19@example.com,dept_9,92
320,Name_20,user_20@example.com,dept_0,10
321,Name_21,user_21@example.com,dept_1,4
322,Name_22,user_22@example.com,dept_2,100
323,Name_23,user_23@example.com,dept_3,37
324,Name_24,user_24@example.com,dept_4,92
325,Name_25,user_25@example.com,dept_5,11
326,Name_26,user_26@example.com,dept_6,71
327,Name_27,user_27@example.com,dept_7,72
328,Name_28,user_28@example.com,dept_8,38
329,Name_29,user_29@example.com,dept_9,54
330,Name_30,user_30@example.com,dept_0,52
331,Name_31,user_31@example.com,dept_1,64
332,Name_32,user_32@example.com,dept_2,10
333,Name_33,user_33@example.com,dept_3,98
334,Name_34,user_34@example.com,dept_4,78
335,Name_35,user_35@example.com,dept_5,80
336,Name_36,user_36@example.com,dept_6,24
337,Name_37,user_37@example.com,dept_7,19
338,Name_38,user_38@example.com,dept_8,79
339,Name_39,user_39@example.com,dept_9,72
340,Name_40,user_40@example.com,dept_0,82
341,Name_41,user_41@example.com,dept_1,9
342,Name_42,user_42@example.com,dept_2,13
343,Name_43,user_43@example.com,dept_3,84
344,Name_44,user_44@example.com,dept_4,74
345,Name_45,user_45@example.com,dept_5,65
346,Name_46,user_46@example.com,dept_6,95
347,Name_47,user_47@example.com,dept_7,50
348,Name_48,user_48@example.com,dept_8,30
349,Name_49,user_49@example.com,dept_9,94
350,Name_50,user_0@example.com,dept_0,25
351,Name_51,user_1@example.com,dept_1,86
352,Name_52,user_2@example.com,dept_2,91
353,Name_53,user_3@example.com,dept_3,53
354,Name_54,user_4@example.com,dept_4,94
355,Name_55,user_5@example.com,dept_5,92
356,Name_56,user_6@example.com,dept_6,86
357,Name_57,user_7@example.com,dept_7,1
358,Name_58,user_8@example.com,dept_8,74
359,Name_59,user_9@example.com,dept_9,79
360,Name_60,user_10@example.com,dept_0,20
361,Name_61,user_11@example.com,dept_1,18
362,Name_62,user_12@example.com,dept_2,52
363,Name_63,user_13@example.com,dept_3,40
364,Name_64,user_14@example.com,dept_4,2
365,Name_65,user_15@example.com,dept_5,94
366,Name_66,user_16@example.com,dept_6,11
367,Name_67,user_17@example.com,dept_7,18
368,Name_68,user_18@example.com,dept_8,85
369,Name_69,user_19@example.com,dept_9,22
370,Name_70,user_20@example.com,dept_0,99
371,Name_71,user_21@example.com,dept_1,71
372,Name_72,user_22@example.com,dept_2,39
373,Name_73,user_23@example.com,dept_3,10
374,Name_74,user_24@example.com,dept_4,84
375,Name_75,user_25@example.com,dept_5,24
376,Name_76,user_26@example.com,dept_6,97
377,Name_77,user_27@example.com,dept_7,13
378,Name_78,user_28@example.com,dept_8,68
379,Name_79,user_29@example.com,dept_9,19
380,Name_80,user_30@example.com,dept_0,11
381,Name_81,user_31@example.com,dept_1,52
382,Name_82,user_32@example.com,dept_2,2
383,Name_83,user_33@example.com,dept_3,22
384,Name_84,user_34@example.com,dept_4,72
385,Name_85,user_35@example.com,dept_5,7
386,Name_86,user_36@example.com,dept_6,61
387,Name_87,user_37@example.com,dept_7,23
388,Name_88,user_38@example.com,dept_8,87
389,Name_89,user_39@example.com,dept_9,24
390,Name_90,user_40@example.com,dept_0,92
391,Name_91,user_41@example.com,dept_1,14
392,Name_92,user_42@example.com,dept_2,9
393,Name_93,user_43@example.com,dept_3,99
394,Name_94,user_44@example.com,dept_4,78
395,Name_95,user_45@example.com,dept_5,70
396,Name_96,user_46@example.com,dept_6,30
397,Name_97,user_47@example.com,dept_7,47
398,Name_98,user_48@example.com,dept_8,50
399,Name_99,user_49@example.com,dept_9,69
400,Name_0,user_0@example.com,dept_0,65
401,Name_1,user_1@example.com,dept_1,8
402,Name_2,user_2@example.com,dept_2,14
403,Name_3,user_3@example.com,dept_3,85
404,Name_4,user_4@example.com,dept_4,93
405,Name_5,user_5@example.com,dept_5,72
406,Name_6,user_6@example.com,dept_6,20
407,Name_7,user_7@example.com,dept_7,11
408,Name_8,user_8@example.com,dept_8,39
409,Name_9,user_9@example.com,dept_9,60
410,Name_10,user_10@example.com,dept_0,63
411,Name_11,user_11@example.com,dept_1,20
412,Name_12,user_12@example.com,dept_2,29
413,Name_13,user_13@example.com,dept_3,54
414,Name_14,user_14@example.com,dept_4,77
415,Name_15,user_15@example.com,dept_5,21
416,Name_16,user_16@example.com,dept_6,79
417,Name_17,user_17@example.com,dept_7,88
418,Name_18,user_18@example.com,dept_8,5
419,Name_19,user_19@example.com,dept_9,60
420,Name_20,user_20@example.com,dept_0,90
421,Name_21,user_21@example.com,dept_1,70
422,Name_22,user_22@example.com,dept_2,10
423,Name_23,user_23@example.com,dept_3,76
424,Name_24,user_24@example.com,dept_4,28
425,Name_25,user_25@example.com,dept_5,24
426,Name_26,user_26@example.com,dept_6,16
427,Name_27,user_27@example.com,dept_7,43
428,Name_28,user_28@example.com,dept_8,51
429,Name_29,user_29@example.com,dept_9,89
430,Name_30,user_30@example.com,dept_0,90
431,Name_31,user_31@example.com,dept_1,3
432,Name_32,user_32@example.com,dept_2,5
433,Name_33,user_33@example.com,dept_3,5
434,Name_34,user_34@example.com,dept_4,31
435,Name_35,user_35@example.com,dept_5,62
436,Name_36,user_36@example.com,dept_6,22
437,Name_37,user_37@example.com,dept_7,22
438,Name_38,user_38@example.com,dept_8,26
439,Name_39,user_39@example.com,dept_9,16
440,Name_40,user_40@example.com,dept_0,60
441,Name_41,user_41@example.com,dept_1,20
442,Name_42,user_42@example.com,dept_2,68
443,Name_43,user_43@example.com,dept_3,14
444,Name_44,user_44@example.com,dept_4,62
445,Name_45,user_45@example.com,dept_5,44
446,Name_46,user_46@example.com,dept_6,82
447,Name_47,user_47@example.com,dept_7,7
448,Name_48,user_48@example.com,dept_8,32
449,Name_49,user_49@example.com,dept_9,79
450,Name_50,user_0@example.com,dept_0,97
451,Name_51,user_1@example.com,dept_1,23
452,Name_52,user_2@example.com,dept_2,79
453,Name_53,user_3@example.com,dept_3,83
454,Name_54,user_4@example.com,dept_4,57
455,Name_55,user_5@example.com,dept_5,67
456,Name_56,user_6@example.com,dept_6,43
457,Name_57,user_7@example.com,dept_7,36
458,Name_58,user_8@example.com,dept_8,24
459,Name_59,user_9@example.com,dept_9,44
460,Name_60,user_10@example.com,dept_0,81
461,Name_61,user_11@example.com,dept_1,7
462,Name_62,user_12@example.com,dept_2,26
463,Name_63,user_13@example.com,dept_3,42
464,Name_64,user_14@example.com,dept_4,22
465,Name_65,user_15@example.com,dept_5,22
466,Name_66,user_16@example.com,dept_6,5
467,Name_67,user_17@example.com,dept_7,44
468,Name_68,user_18@example.com,dept_8,95
469,Name_69,user_19@example.com,dept_9,2
470,Name_70,user_20@example.com,dept_0,54
471,Name_71,user_21@example.com,dept_1,18
472,Name_72,user_22@example.com,dept_2,57
473,Name_73,user_23@example.com,dept_3,95
474,Name_74,user_24@example.com,dept_4,45
475,Name_75,user_25@example.com,dept_5,48
476,Name_76,user_26@example.com,dept_6,8
477,Name_77,user_27@example.com,dept_7,97
478,Name_78,user_28@example.com,dept_8,23
479,Name_79,user_29@example.com,dept_9,18
480,Name_80,user_30@example.com,dept_0,56
481,Name_81,user_31@example.com,dept_1,85
482,Name_82,user_32@example.com,dept_2,50
483,Name_83,user_33@example.com,dept_3,61
484,Name_84,user_34@example.com,dept_4,7
485,Name_85,user_35@example.com,dept_5,85
486,Name_86,user_36@example.com,dept_6,18
487,Name_87,user_37@example.com,dept_7,49
488,Name_88,user_38@example.com,dept_8,29
489,Name_89,user_39@example.com,dept_9,64
490,Name_90,user_40@example.com,dept_0,71
491,Name_91,user_41@example.com,dept_1,24
492,Name_92,user_42@example.com,dept_2,44
493,Name_93,user_43@example.com,dept_3,87
494,Name_94,user_44@example.com,dept_4,38
495,Name_95,user_45@example.com,dept_5,94
496,Name_96,user_46@example.com,dept_6,24
497,Name_97,user_47@example.com,dept_7,68
498,Name_98,user_48@example.com,dept_8,27
499,Name_99,user_49@example.com,dept_9,59
500,Name_0,user_0@example.com,dept_0,100
501,Name_1,user_1@example.com,dept_1,50
502,Name_2,user_2@example.com,dept_2,21
503,Name_3,user_3@example.com,dept_3,47
504,Name_4,user_4@example.com,dept_4,87
505,Name_5,user_5@example.com,dept_5,28
506,Name_6,user_6@example.com,dept_6,85
507,Name_7,user_7@example.com,dept_7,76
508,Name_8,user_8@example.com,dept_8,32
509,Name_9,user_9@example.com,dept_9,47
510,Name_10,user_10@example.com,dept_0,9
511,Name_11,user_11@example.com,dept_1,43
512,Name_12,user_12@example.com,dept_2,13
513,Name_13,user_13@example.com,dept_3,23
514,Name_14,user_14@example.com,dept_4,80
515,Name_15,user_15@example.com,dept_5,30
516,Name_16,user_16@example.com,dept_6,47
517,Name_17,user_17@example.com,dept_7,7
518,Name_18,user_18@example.com,dept_8,99
519,Name_19,user_19@example.com,dept_9,23
520,Name_20,user_20@example.com,dept_0,63
521,Name_21,user_21@example.com,dept_1,8
522,Name_22,user_22@example.com,dept_2,10
523,Name_23,user_23@example.com,dept_3,51
524,Name_24,user_24@example.com,dept_4,93
525,Name_25,user_25@example.com,dept_5,35
526,Name_26,user_26@example.com,dept_6,97
527,Name_27,user_27@example.com,dept_7,47
528,Name_28,user_28@example.com,dept_8,9
529,Name_29,user_29@example.com,dept_9,56
530,Name_30,user_30@example.com,dept_0,29
531,Name_31,user_31@example.com,dept_1,69
532,Name_32,user_32@example.com,dept_2,81
533,Name_33,user_33@example.com,dept_3,75
534,Name_34,user_34@example.com,dept_4,71
535,Name_35,user_35@example.com,dept_5,9
536,Name_36,user_36@example.com,dept_6,91
537,Name_37,user_37@example.com,dept_7,36
538,Name_38,user_38@example.com,dept_8,76
539,Name_39,user_39@example.com,dept_9,15
540,Name_40,user_40@example.com,dept_0,37
541,Name_41,user_41@example.com,dept_1,73
542,Name_42,user_42@example.com,dept_2,2
543,Name_43,user_43@example.com,dept_3,56
544,Name_44,user_44@example.com,dept_4,45
545,Name_45,user_45@example.com,dept_5,91
546,Name_46,user_46@example.com,dept_6,41
547,Name_47,user_47@example.com,dept_7,80
548,Name_48,user_48@example.com,dept_8,86
549,Name_49,user_49@example.com,dept_9,18
550,Name_50,user_0@example.com,dept_0,36
551,Name_51,user_1@example.com,dept_1,72
552,Name_52,user_2@example.com,dept_2,88
553,Name_53,user_3@example.com,dept_3,11
554,Name_54,user_4@example.com,dept_4,94
555,Name_55,user_5@example.com,dept_5,48
556,Name_56,user_6@example.com,dept_6,68
557,Name_57,user_7@example.com,dept_7,2
558,Name_58,user_8@example.com,dept_8,18
559,Name_59,user_9@example.com,dept_9,66
560,Name_60,user_10@example.com,dept_0,22
561,Name_61,user_11@example.com,dept_1,96
562,Name_62,user_12@example.com,dept_2,35
563,Name_63,user_13@example.com,dept_3,60
564,Name_64,user_14@example.com,dept_4,93
565,Name_65,user_15@example.com,dept_5,98
566,Name_66,user_16@example.com,dept_6,31
567,Name_67,user_17@example.com,dept_7,46
568,Name_68,user_18@example.com,dept_8,6
569,Name_69,user_19@example.com,dept_9,1
570,Name_70,user_20@example.com,dept_0,96
571,Name_71,user_21@example.com,dept_1,54
572,Name_72,user_22@example.com,dept_2,1
573,Name_73,user_23@example.com,dept_3,70
574,Name_74,user_24@example.com,dept_4,30
575,Name_75,user_25@example.com,dept_5,27
576,Name_76,user_26@example.com,dept_6,17
577,Name_77,user_27@example.com,dept_7,87
578,Name_78,user_28@example.com,dept_8,34
579,Name_79,user_29@example.com,dept_9,98
580,Name_80,user_30@example.com,dept_0,85
581,Name_81,user_31@example.com,dept_1,1
582,Name_82,user_32@example.com,dept_2,40
583,Name_83,user_33@example.com,dept_3,6
584,Name_84,user_34@example.com,dept_4,1
585,Name_85,user_35@example.com,dept_5,63
586,Name_86,user_36@example.com,dept_6,90
587,Name_87,user_37@example.com,dept_7,53
588,Name_88,user_38@example.com,dept_8,5
589,Name_89,user_39@example.com,dept_9,47
590,Name_90,user_40@example.com,dept_0,17
591,Name_91,user_41@example.com,dept_1,47
592,Name_92,user_42@example.com,dept_2,15
593,Name_93,user_43@example.com,dept_3,79
594,Name_94,user_44@example.com,dept_4,3
595,Name_95,user_45@example.com,dept_5,48
596,Name_96,user_46@example.com,dept_6,69
597,Name_97,user_47@example.com,dept_7,9
598,Name_98,user_48@example.com,dept_8,31
599,Name_99,user_49@example.com,dept_9,11
600,Name_0,user_0@example.com,dept_0,90
601,Name_1,user_1@example.com,dept_1,92
602,Name_2,user_2@example.com,dept_2,25
603,Name_3,user_3@example.com,dept_3,9
604,Name_4,user_4@example.com,dept_4,83
605,Name_5,user_5@example.com,dept_5,26
606,Name_6,user_6@example.com,dept_6,21
607,Name_7,user_7@example.com,dept_7,82
608,Name_8,user_8@example.com,dept_8,31
609,Name_9,user_9@example.com,dept_9,78
610,Name_10,user_10@example.com,dept_0,43
611,Name_11,user_11@example.com,dept_1,50
612,Name_12,user_12@example.com,dept_2,85
613,Name_13,user_13@example.com,dept_3,36
614,Name_14,user_14@example.com,dept_4,65
615,Name_15,user_15@example.com,dept_5,77
616,Name_16,user_16@example.com,dept_6,70
617,Name_17,user_17@example.com,dept_7,11
618,Name_18,user_18@example.com,dept_8,66
619,Name_19,user_19@example.com,dept_9,91
620,Name_20,user_20@example.com,dept_0,79
621,Name_21,user_21@example.com,dept_1,74
622,Name_22,user_22@example.com,dept_2,23
623,Name_23,user_23@example.com,dept_3,57
624,Name_24,user_24@example.com,dept_4,27
625,Name_25,user_25@example.com,dept_5,85
626,Name_26,user_26@example.com,dept_6,61
627,Name_27,user_27@example.com,dept_7,15
628,Name_28,user_28@example.com,dept_8,39
629,Name_29,user_29@example.com,dept_9,65
630,Name_30,user_30@example.com,dept_0,96
631,Name_31,user_31@example.com,dept_1,59
632,Name_32,user_32@example.com,dept_2,29
633,Name_33,user_33@example.com,dept_3,68
634,Name_34,user_34@example.com,dept_4,43
635,Name_35,user_35@example.com,dept_5,34
636,Name_36,user_36@example.com,dept_6,52
637,Name_37,user_37@example.com,dept_7,78
638,Name_38,user_38@example.com,dept_8,91
639,Name_39,user_39@example.com,dept_9,10
640,Name_40,user_40@example.com,dept_0,39
641,Name_41,user_41@example.com,dept_1,99
642,Name_42,user_42@example.com,dept_2,12
643,Name_43,user_43@example.com,dept_3,15
644,Name_44,user_44@example.com,dept_4,100
645,Name_45,user_45@example.com,dept_5,8
646,Name_46,user_46@example.com,dept_6,88
647,Name_47,user_47@example.com,dept_7,12
648,Name_48,user_48@example.com,dept_8,39
649,Name_49,user_49@example.com,dept_9,50
650,Name_50,user_0@example.com,dept_0,35
651,Name_51,user_1@example.com,dept_1,35
652,Name_52,user_2@example.com,dept_2,98
653,Name_53,user_3@example.com,dept_3,35
654,Name_54,user_4@example.com,dept_4,16
655,Name_55,user_5@example.com,dept_5,100
656,Name_56,user_6@example.com,dept_6,77
657,Name_57,user_7@example.com,dept_7,56
658,Name_58,user_8@example.com,dept_8,20
659,Name_59,user_9@example.com,dept_9,61
660,Name_60,user_10@example.com,dept_0,79
661,Name_61,user_11@example.com,dept_1,88
662,Name_62,user_12@example.com,dept_2,45
663,Name_63,user_13@example.com,dept_3,69
664,Name_64,user_14@example.com,dept_4,4
665,Name_65,user_15@example.com,dept_5,95
666,Name_66,user_16@example.com,dept_6,100
667,Name_67,user_17@example.com,dept_7,14
668,Name_68,user_18@example.com,dept_8,37
669,Name_69,user_19@example.com,dept_9,18
670,Name_70,user_20@example.com,dept_0,71
671,Name_71,user_21@example.com,dept_1,2
672,Name_72,user_22@example.com,dept_2,37
673,Name_73,user_23@example.com,dept_3,17
674,Name_74,user_24@example.com,dept_4,58
675,Name_75,user_25@example.com,dept_5,6
676,Name_76,user_26@example.com,dept_6,85
677,Name_77,user_27@example.com,dept_7,66
678,Name_78,user_28@example.com,dept_8,54
679,Name_79,user_29@example.com,dept_9,13
680,Name_80,user_30@example.com,dept_0,11
681,Name_81,user_31@example.com,dept_1,76
682,Name_82,user_32@example.com,dept_2,17
683,Name_83,user_33@example.com,dept_3,65
684,Name_84,user_34@example.com,dept_4,47
685,Name_85,user_35@example.com,dept_5,51
686,Name_86,user_36@example.com,dept_6,74
687,Name_87,user_37@example.com,dept_7,6
688,Name_88,user_38@example.com,dept_8,65
689,Name_89,user_39@example.com,dept_9,95
690,Name_90,user_40@example.com,dept_0,76
691,Name_91,user_41@example.com,dept_1,97
692,Name_92,user_42@example.com,dept_2,71
693,Name_93,user_43@example.com,dept_3,77
694,Name_94,user_44@example.com,dept_4,25
695,Name_95,user_45@example.com,dept_5,94
696,Name_96,user_46@example.com,dept_6,11
697,Name_97,user_47@example.com,dept_7,44
698,Name_98,user_48@example.com,dept_8,62
699,Name_99,user_49@example.com,dept_9,4
700,Name_0,user_0@example.com,dept_0,51
701,Name_1,user_1@example.com,dept_1,44
702,Name_2,user_2@example.com,dept_2,13
703,Name_3,user_3@example.com,dept_3,62
704,Name_4,user_4@example.com,dept_4,29
705,Name_5,user_5@example.com,dept_5,14
706,Name_6,user_6@example.com,dept_6,72
707,Name_7,user_7@example.com,dept_7,66
708,Name_8,user_8@example.com,dept_8,7
709,Name_9,user_9@example.com,dept_9,45
710,Name_10,user_10@example.com,dept_0,45
711,Name_11,user_11@example.com,dept_1,28
712,Name_12,user_12@example.com,dept_2,52
713,Name_13,user_13@example.com,dept_3,94
714,Name_14,user_14@example.com,dept_4,22
715,Name_15,user_15@example.com,dept_5,96
716,Name_16,user_16@example.com,dept_6,47
717,Name_17,user_17@example.com,dept_7,47
718,Name_18,user_18@example.com,dept_8,13
719,Name_19,user_19@example.com,dept_9,53
720,Name_20,user_20@example.com,dept_0,97
721,Name_21,user_21@example.com,dept_1,74
722,Name_22,user_22@example.com,dept_2,29
723,Name_23,user_23@example.com,dept_3,49
724,Name_24,user_24@example.com,dept_4,50
725,Name_25,user_25@example.com,dept_5,44
726,Name_26,user_26@example.com,dept_6,57
727,Name_27,user_27@example.com,dept_7,56
728,Name_28,user_28@example.com,dept_8,56
729,Name_29,user_29@example.com,dept_9,6
730,Name_30,user_30@example.com,dept_0,19
731,Name_31,user_31@example.com,dept_1,65
732,Name_32,user_32@example.com,dept_2,43
733,Name_33,user_33@example.com,dept_3,11
734,Name_34,user_34@example.com,dept_4,33
735,Name_35,user_35@example.com,dept_5,18
736,Name_36,user_36@example.com,dept_6,36
737,Name_37,user_37@example.com,dept_7,1
738,Name_38,user_38@example.com,dept_8,37
739,Name_39,user_39@example.com,dept_9,77
740,Name_40,user_40@example.com,dept_0,22
741,Name_41,user_41@example.com,dept_1,49
742,Name_42,user_42@example.com,dept_2,79
743,Name_43,user_43@example.com,dept_3,65
744,Name_44,user_44@example.com,dept_4,57
745,Name_45,user_45@example.com,dept_5,46
746,Name_46,user_46@example.com,dept_6,70
747,Name_47,user_47@example.com,dept_7,56
748,Name_48,user_48@example.com,dept_8,5
749,Name_49,user_49@example.com,dept_9,67
750,Name_50,user_0@example.com,dept_0,79
751,Name_51,user_1@example.com,dept_1,48
752,Name_52,user_2@example.com,dept_2,99
753,Name_53,user_3@example.com,dept_3,38
754,Name_54,user_4@example.com,dept_4,73
755,Name_55,user_5@example.com,dept_5,22
756,Name_56,user_6@example.com,dept_6,18
757,Name_57,user_7@example.com,dept_7,16
758,Name_58,user_8@example.com,dept_8,50
759,Name_59,user_9@example.com,dept_9,20
760,Name_60,user_10@example.com,dept_0,90
761,Name_61,user_11@example.com,dept_1,54
762,Name_62,user_12@example.com,dept_2,45
763,Name_63,user_13@example.com,dept_3,89
764,Name_64,user_14@example.com,dept_4,89
765,Name_65,user_15@example.com,dept_5,96
766,Name_66,user_16@example.com,dept_6,40
767,Name_67,user_17@example.com,dept_7,47
768,Name_68,user_18@example.com,dept_8,12
769,Name_69,user_19@example.com,dept_9,57
770,Name_70,user_20@example.com,dept_0,89
771,Name_71,user_21@example.com,dept_1,65
772,Name_72,user_22@example.com,dept_2,99
773,Name_73,user_23@example.com,dept_3,52
774,Name_74,user_24@example.com,dept_4,58
775,Name_75,user_25@example.com,dept_5,48
776,Name_76,user_26@example.com,dept_6,87
777,Name_77,user_27@example.com,dept_7,39
778,Name_78,user_28@example.com,dept_8,70
779,Name_79,user_29@example.com,dept_9,17
780,Name_80,user_30@example.com,dept_0,42
781,Name_81,user_31@example.com,dept_1,48
782,Name_82,user_32@example.com,dept_2,15
783,Name_83,user_33@example.com,dept_3,26
784,Name_84,user_34@example.com,dept_4,86
785,Name_85,user_35@example.com,dept_5,30
786,Name_86,user_36@example.com,dept_6,7
787,Name_87,user_37@example.com,dept_7,27
788,Name_88,user_38@example.com,dept_8,56
789,Name_89,user_39@example.com,dept_9,95
790,Name_90,user_40@example.com,dept_0,44
791,Name_91,user_41@example.com,dept_1,33
792,Name_92,user_42@example.com,dept_2,45
793,Name_93,user_43@example.com,dept_3,18
794,Name_94,user_44@example.com,dept_4,33
795,Name_95,user_45@example.com,dept_5,80
796,Name_96,user_46@example.com,dept_6,39
797,Name_97,user_47@example.com,dept_7,17
798,Name_98,user_48@example.com,dept_8,34
799,Name_99,user_49@example.com,dept_9,1
800,Name_0,user_0@example.com,dept_0,32
801,Name_1,user_1@example.com,dept_1,53
802,Name_2,user_2@example.com,dept_2,90
803,Name_3,user_3@example.com,dept_3,85
804,Name_4,user_4@example.com,dept_4,8
805,Name_5,user_5@example.com,dept_5,5
806,Name_6,user_6@example.com,dept_6,51
807,Name_7,user_7@example.com,dept_7,82
808,Name_8,user_8@example.com,dept_8,7
809,Name_9,user_9@example.com,dept_9,27
810,Name_10,user_10@example.com,dept_0,87
811,Name_11,user_11@example.com,dept_1,74
812,Name_12,user_12@example.com,dept_2,71
813,Name_13,user_13@example.com,dept_3,82
814,Name_14,user_14@example.com,dept_4,65
815,Name_15,user_15@example.com,dept_5,92
816,Name_16,user_16@example.com,dept_6,8
817,Name_17,user_17@example.com,dept_7,82
818,Name_18,user_18@example.com,dept_8,10
819,Name_19,user_19@example.com,dept_9,67
820,Name_20,user_20@example.com,dept_0,40
821,Name_21,user_21@example.com,dept_1,9
822,Name_22,user_22@example.com,dept_2,34
823,Name_23,user_23@example.com,dept_3,74
824,Name_24,user_24@example.com,dept_4,92
825,Name_25,user_25@example.com,dept_5,5
826,Name_26,user_26@example.com,dept_6,72
827,Name_27,user_27@example.com,dept_7,52
828,Name_28,user_28@example.com,dept_8,78
829,Name_29,user_29@example.com,dept_9,50
830,Name_30,user_30@example.com,dept_0,65
831,Name_31,user_31@example.com,dept_1,17
832,Name_32,user_32@example.com,dept_2,90
833,Name_33,user_33@example.com,dept_3,27
834,Name_34,user_34@example.com,dept_4,63
835,Name_35,user_35@example.com,dept_5,46
836,Name_36,user_36@example.com,dept_6,1
837,Name_37,user_37@example.com,dept_7,34
838,Name_38,user_38@example.com,dept_8,97
839,Name_39,user_39@example.com,dept_9,37
840,Name_40,user_40@example.com,dept_0,91
841,Name_41,user_41@example.com,dept_1,82
842,Name_42,user_42@example.com,dept_2,60
843,Name_43,user_43@example.com,dept_3,40
844,Name_44,user_44@example.com,dept_4,18
845,Name_45,user_45@example.com,dept_5,64
846,Name_46,user_46@example.com,dept_6,3
847,Name_47,user_47@example.com,dept_7,35
848,Name_48,user_48@example.com,dept_8,93
849,Name_49,user_49@example.com,dept_9,46
850,Name_50,user_0@example.com,dept_0,87
851,Name_51,user_1@example.com,dept_1,91
852,Name_52,user_2@example.com,dept_2,68
853,Name_53,user_3@example.com,dept_3,18
854,Name_54,user_4@example.com,dept_4,80
855,Name_55,user_5@example.com,dept_5,98
856,Name_56,user_6@example.com,dept_6,53
857,Name_57,user_7@example.com,dept_7,55
858,Name_58,user_8@example.com,dept_8,84
859,Name_59,user_9@example.com,dept_9,99
860,Name_60,user_10@example.com,dept_0,18
861,Name_61,user_11@example.com,dept_1,14
862,Name_62,user_12@example.com,dept_2,19
863,Name_63,user_13@example.com,dept_3,61
864,Name_64,user_14@example.com,dept_4,59
865,Name_65,user_15@example.com,dept_5,98
866,Name_66,user_16@example.com,dept_6,42
867,Name_67,user_17@example.com,dept_7,43
868,Name_68,user_18@example.com,dept_8,58
869,Name_69,user_19@example.com,dept_9,97
870,Name_70,user_20@example.com,dept_0,30
871,Name_71,user_21@example.com,dept_1,23
872,Name_72,user_22@example.com,dept_2,81
873,Name_73,user_23@example.com,dept_3,73
874,Name_74,user_24@example.com,dept_4,78
875,Name_75,user_25@example.com,dept_5,84
876,Name_76,user_26@example.com,dept_6,84
877,Name_77,user_27@example.com,dept_7,71
878,Name_78,user_28@example.com,dept_8,46
879,Name_79,user_29@example.com,dept_9,98
880,Name_80,user_30@example.com,dept_0,54
881,Name_81,user_31@example.com,dept_1,20
882,Name_82,user_32@example.com,dept_2,88
883,Name_83,user_33@example.com,dept_3,76
884,Name_84,user_34@example.com,dept_4,86
885,Name_85,user_35@example.com,dept_5,8
886,Name_86,user_36@example.com,dept_6,59
887,Name_87,user_37@example.com,dept_7,74
888,Name_88,user_38@example.com,dept_8,16
889,Name_89,user_39@example.com,dept_9,34
890,Name_90,user_40@example.com,dept_0,96
891,Name_91,user_41@example.com,dept_1,89
892,Name_92,user_42@example.com,dept_2,2
893,Name_93,user_43@example.com,dept_3,81
894,Name_94,user_44@example.com,dept_4,1
895,Name_95,user_45@example.com,dept_5,24
896,Name_96,user_46@example.com,dept_6,66
897,Name_97,user_47@example.com,dept_7,47
898,Name_98,user_48@example.com,dept_8,22
899,Name_99,user_49@example.com,dept_9,19
900,Name_0,user_0@example.com,dept_0,11
901,Name_1,user_1@example.com,dept_1,22
902,Name_2,user_2@example.com,dept_2,23
903,Name_3,user_3@example.com,dept_3,98
904,Name_4,user_4@example.com,dept_4,11
905,Name_5,user_5@example.com,dept_5,46
906,Name_6,user_6@example.com,dept_6,91
907,Name_7,user_7@example.com,dept_7,85
908,Name_8,user_8@example.com,dept_8,37
909,Name_9,user_9@example.com,dept_9,66
910,Name_10,user_10@example.com,dept_0,13
911,Name_11,user_11@example.com,dept_1,19
912,Name_12,user_12@example.com,dept_2,26
913,Name_13,user_13@example.com,dept_3,61
914,Name_14,user_14@example.com,dept_4,84
915,Name_15,user_15@example.com,dept_5,70
916,Name_16,user_16@example.com,dept_6,68
917,Name_17,user_17@example.com,dept_7,62
918,Name_18,user_18@example.com,dept_8,32
919,Name_19,user_19@example.com,dept_9,60
920,Name_20,user_20@example.com,dept_0,28
921,Name_21,user_21@example.com,dept_1,95
922,Name_22,user_22@example.com,dept_2,25
923,Name_23,user_23@example.com,dept_3,75
924,Name_24,user_24@example.com,dept_4,3
925,Name_25,user_25@example.com,dept_5,66
926,Name_26,user_26@example.com,dept_6,94
927,Name_27,user_27@example.com,dept_7,89
928,Name_28,user_28@example.com,dept_8,51
929,Name_29,user_29@example.com,dept_9,81
930,Name_30,user_30@example.com,dept_0,96
931,Name_31,user_31@example.com,dept_1,60
932,Name_32,user_32@example.com,dept_2,20
933,Name_33,user_33@example.com,dept_3,13
934,Name_34,user_34@example.com,dept_4,78
935,Name_35,user_35@example.com,dept_5,77
936,Name_36,user_36@example.com,dept_6,47
937,Name_37,user_37@example.com,dept_7,75
938,Name_38,user_38@example.com,dept_8,100
939,Name_39,user_39@example.com,dept_9,38
940,Name_40,user_40@example.com,dept_0,88
941,Name_41,user_41@example.com,dept_1,74
942,Name_42,user_42@example.com,dept_2,29
943,Name_43,user_43@example.com,dept_3,24
944,Name_44,user_44@example.com,dept_4,41
945,Name_45,user_45@example.com,dept_5,51
946,Name_46,user_46@example.com,dept_6,22
947,Name_47,user_47@example.com,dept_7,46
948,Name_48,user_48@example.com,dept_8,26
949,Name_49,user_49@example.com,dept_9,34
950,Name_50,user_0@example.com,dept_0,57
951,Name_51,user_1@example.com,dept_1,44
952,Name_52,user_2@example.com,dept_2,20
953,Name_53,user_3@example.com,dept_3,54
954,Name_54,user_4@example.com,dept_4,88
955,Name_55,user_5@example.com,dept_5,8
956,Name_56,user_6@example.com,dept_6,19
957,Name_57,user_7@example.com,dept_7,57
958,Name_58,user_8@example.com,dept_8,17
959,Name_59,user_9@example.com,dept_9,54
960,Name_60,user_10@example.com,dept_0,26
961,Name_61,user_11@example.com,dept_1,85
962,Name_62,user_12@example.com,dept_2,87
963,Name_63,user_13@example.com,dept_3,93
964,Name_64,user_14@example.com,dept_4,21
965,Name_65,user_15@example.com,dept_5,37
966,Name_66,user_16@example.com,dept_6,35
967,Name_67,user_17@example.com,dept_7,72
968,Name_68,user_18@example.com,dept_8,8
969,Name_69,user_19@example.com,dept_9,14
970,Name_70,user_20@example.com,dept_0,63
971,Name_71,user_21@example.com,dept_1,3
972,Name_72,user_22@example.com,dept_2,57
973,Name_73,user_23@example.com,dept_3,53
974,Name_74,user_24@example.com,dept_4,89
975,Name_75,user_25@example.com,dept_5,31
976,Name_76,user_26@example.com,dept_6,68
977,Name_77,user_27@example.com,dept_7,4
978,Name_78,user_28@example.com,dept_8,57
979,Name_79,user_29@example.com,dept_9,40
980,Name_80,user_30@example.com,dept_0,31
981,Name_81,user_31@example.com,dept_1,53
982,Name_82,user_32@example.com,dept_2,51
983,Name_83,user_33@example.com,dept_3,14
984,Name_84,user_34@example.com,dept_4,19
985,Name_85,user_35@example.com,dept_5,83
986,Name_86,user_36@example.com,dept_6,27
987,Name_87,user_37@example.com,dept_7,58
988,Name_88,user_38@example.com,dept_8,12
989,Name_89,user_39@example.com,dept_9,63
990,Name_90,user_40@example.com,dept_0,31
991,Name_91,user_41@example.com,dept_1,25
992,Name_92,user_42@example.com,dept_2,18
993,Name_93,user_43@example.com,dept_3,51
994,Name_94,user_44@example.com,dept_4,81
995,Name_95,user_45@example.com,dept_5,1
996,Name_96,user_46@example.com,dept_6,17
997,Name_97,user_47@example.com,dept_7,76
998,Name_98,user_48@example.com,dept_8,10
999,Name_99,user_49@example.com,dept_9,40
0,Name_0,user_0@example.com,dept_0,20
1,Name_1,user_1@example.com,dept_1,60
2,Name_2,user_2@example.com,dept_2,89
3,Name_3,user_3@example.com,dept_3,45
4,Name_4,user_4@example.com,dept_4,51
5,Name_5,user_5@example.com,dept_5,45
6,Name_6,user_6@example.com,dept_6,21
7,Name_7,user_7@example.com,dept_7,89
8,Name_8,user_8@example.com,dept_8,49
9,Name_9,user_9@example.com,dept_9,95
10,Name_10,user_10@example.com,dept_0,39
11,Name_11,user_11@example.com,dept_1,39
12,Name_12,user_12@example.com,dept_2,91
13,Name_13,user_13@example.com,dept_3,79
14,Name_14,user_14@example.com,dept_4,31
15,Name_15,user_15@example.com,dept_5,82
16,Name_16,user_16@example.com,dept_6,29
17,Name_17,user_17@example.com,dept_7,24
18,Name_18,user_18@example.com,dept_8,46
19,Name_19,user_19@example.com,dept_9,79
20,Name_20,user_20@example.com,dept_0,35
21,Name_21,user_21@example.com,dept_1,88
22,Name_22,user_22@example.com,dept_2,86
23,Name_23,user_23@example.com,dept_3,54
24,Name_24,user_24@example.com,dept_4,4
25,Name_25,user_25@example.com,dept_5,20
26,Name_26,user_26@example.com,dept_6,68
27,Name_27,user_27@example.com,dept_7,12
28,Name_28,user_28@example.com,dept_8,70
29,Name_29,user_29@example.com,dept_9,84
30,Name_30,user_30@example.com,dept_0,94
31,Name_31,user_31@example.com,dept_1,26
32,Name_32,user_32@example.com,dept_2,81
33,Name_33,user_33@example.com,dept_3,51
34,Name_34,user_34@example.com,dept_4,51
35,Name_35,user_35@example.com,dept_5,13
36,Name_36,user_36@example.com,dept_6,4
37,Name_37,user_37@example.com,dept_7,77
38,Name_38,user_38@example.com,dept_8,56
39,Name_39,user_39@example.com,dept_9,40
40,Name_40,user_40@example.com,dept_0,44
41,Name_41,user_41@example.com,dept_1,38
42,Name_42,user_42@example.com,dept_2,62
43,Name_43,user_43@example.com,dept_3,89
44,Name_44,user_44@example.com,dept_4,99
45,Name_45,user_45@example.com,dept_5,42
46,Name_46,user_46@example.com,dept_6,83
47,Name_47,user_47@example.com,dept_7,14
48,Name_48,user_48@example.com,dept_8,67
49,Name_49,user_49@example.com,dept_9,49
50,Name_50,user_0@example.com,dept_0,11
51,Name_51,user_1@example.com,dept_1,23
52,Name_52,user_2@example.com,dept_2,80
53,Name_53,user_3@example.com,dept_3,19
54,Name_54,user_4@example.com,dept_4,48
55,Name_55,user_5@example.com,dept_5,19
56,Name_56,user_6@example.com,dept_6,37
57,Name_57,user_7@example.com,dept_7,80
58,Name_58,user_8@example.com,dept_8,97
59,Name_59,user_9@example.com,dept_9,41
60,Name_60,user_10@example.com,dept_0,77
61,Name_61,user_11@example.com,dept_1,25
62,Name_62,user_12@example.com,dept_2,39
63,Name_63,user_13@example.com,dept_3,46
64,Name_64,user_14@example.com,dept_4,22
65,Name_65,user_15@example.com,dept_5,27
66,Name_66,user_16@example.com,dept_6,40
67,Name_67,user_17@example.com,dept_7,26
68,Name_68,user_18@example.com,dept_8,89
69,Name_69,user_19@example.com,dept_9,13
70,Name_70,user_20@example.com,dept_0,75
71,Name_71,user_21@example.com,dept_1,27
72,Name_72,user_22@example.com,dept_2,11
73,Name_73,user_23@example.com,dept_3,32
74,Name_74,user_24@example.com,dept_4,84
75,Name_75,user_25@example.com,dept_5,15
76,Name_76,user_26@example.com,dept_6,51
77,Name_77,user_27@example.com,dept_7,96
78,Name_78,user_28@example.com,dept_8,17
79,Name_79,user_29@example.com,dept_9,40
80,Name_80,user_30@example.com,dept_0,44
81,Name_81,user_31@example.com,dept_1,47
82,Name_82,user_32@example.com,dept_2,90
83,Name_83,user_33@example.com,dept_3,25
84,Name_84,user_34@example.com,dept_4,1
85,Name_85,user_35@example.com,dept_5,39
86,Name_86,user_36@example.com,dept_6,73
87,Name_87,user_37@example.com,dept_7,52
88,Name_88,user_38@example.com,dept_8,2
89,Name_89,user_39@example.com,dept_9,99
90,Name_90,user_40@example.com,dept_0,7
91,Name_91,user_41@example.com,dept_1,6
92,Name_92,user_42@example.com,dept_2,39
93,Name_93,user_43@example.com,dept_3,55
94,Name_94,user_44@example.com,dept_4,20
95,Name_95,user_45@example.com,dept_5,23
96,Name_96,user_46@example.com,dept_6,26
97,Name_97,user_47@example.com,dept_7,45
98,Name_98,user_48@example.com,dept_8,76
99,Name_99,user_49@example.com,dept_9,10
100,Name_0,user_0@example.com,dept_0,6
101,Name_1,user_1@example.com,dept_1,61
102,Name_2,user_2@example.com,dept_2,1
103,Name_3,user_3@example.com,dept_3,35
104,Name_4,user_4@example.com,dept_4,84
105,Name_5,user_5@example.com,dept_5,39
106,Name_6,user_6@example.com,dept_6,34
107,Name_7,user_7@example.com,dept_7,22
108,Name_8,user_8@example.com,dept_8,68
109,Name_9,user_9@example.com,dept_9,58
110,Name_10,user_10@example.com,dept_0,22
111,Name_11,user_11@example.com,dept_1,33
112,Name_12,user_12@example.com,dept_2,15
113,Name_13,user_13@example.com,dept_3,7
114,Name_14,user_14@example.com,dept_4,93
115,Name_15,user_15@example.com,dept_5,93
116,Name_16,user_16@example.com,dept_6,34
117,Name_17,user_17@example.com,dept_7,64
118,Name_18,user_18@example.com,dept_8,26
119,Name_19,user_19@example.com,dept_9,38
120,Name_20,user_20@example.com,dept_0,63
121,Name_21,user_21@example.com,dept_1,65
122,Name_22,user_22@example.com,dept_2,50
123,Name_23,user_23@example.com,dept_3,51
124,Name_24,user_24@example.com,dept_4,9
125,Name_25,user_25@example.com,dept_5,46
126,Name_26,user_26@example.com,dept_6,92
127,Name_27,user_27@example.com,dept_7,54
128,Name_28,user_28@example.com,dept_8,100
129,Name_29,user_29@example.com,dept_9,78
130,Name_30,user_30@example.com,dept_0,7
131,Name_31,user_31@example.com,dept_1,91
132,Name_32,user_32@example.com,dept_2,74
133,Name_33,user_33@example.com,dept_3,96
134,Name_34,user_34@example.com,dept_4,2
135,Name_35,user_35@example.com,dept_5,31
136,Name_36,user_36@example.com,dept_6,91
137,Name_37,user_37@example.com,dept_7,26
138,Name_38,user_38@example.com,dept_8,72
139,Name_39,user_39@example.com,dept_9,23
140,Name_40,user_40@example.com,dept_0,13
141,Name_41,user_41@example.com,dept_1,82
142,Name_42,user_42@example.com,dept_2,79
143,Name_43,user_43@example.com,dept_3,20
144,Name_44,user_44@example.com,dept_4,36
145,Name_45,user_45@example.com,dept_5,15
146,Name_46,user_46@example.com,dept_6,18
147,Name_47,user_47@example.com,dept_7,14
148,Name_48,user_48@example.com,dept_8,68
149,Name_49,user_49@example.com,dept_9,85
150,Name_50,user_0@example.com,dept_0,42
151,Name_51,user_1@example.com,dept_1,42
152,Name_52,user_2@example.com,dept_2,63
153,Name_53,user_3@example.com,dept_3,59
154,Name_54,user_4@example.com,dept_4,59
155,Name_55,user_5@example.com,dept_5,94
156,Name_56,user_6@example.com,dept_6,54
157,Name_57,user_7@example.com,dept_7,38
158,Name_58,user_8@example.com,dept_8,29
159,Name_59,user_9@example.com,dept_9,95
160,Name_60,user_10@example.com,dept_0,55
161,Name_61,user_11@example.com,dept_1,17
162,Name_62,user_12@example.com,dept_2,57
163,Name_63,user_13@example.com,dept_3,94
164,Name_64,user_14@example.com,dept_4,9
165,Name_65,user_15@example.com,dept_5,3
166,Name_66,user_16@example.com,dept_6,91
167,Name_67,user_17@example.com,dept_7,71
168,Name_68,user_18@example.com,dept_8,65
169,Name_69,user_19@example.com,dept_9,95
170,Name_70,user_20@example.com,dept_0,3
171,Name_71,user_21@example.com,dept_1,52
172,Name_72,user_22@example.com,dept_2,86
173,Name_73,user_23@example.com,dept_3,86
174,Name_74,user_24@example.com,dept_4,66
175,Name_75,user_25@example.com,dept_5,74
176,Name_76,user_26@example.com,dept_6,25
177,Name_77,user_27@example.com,dept_7,62
178,Name_78,user_28@example.com,dept_8,70
179,Name_79,user_29@example.com,dept_9,86
180,Name_80,user_30@example.com,dept_0,3
181,Name_81,user_31@example.com,dept_1,27
182,Name_82,user_32@example.com,dept_2,87
183,Name_83,user_33@example.com,dept_3,11
184,Name_84,user_34@example.com,dept_4,97
185,Name_85,user_35@example.com,dept_5,41
186,Name_86,user_36@example.com,dept_6,6
187,Name_87,user_37@example.com,dept_7,72
188,Name_88,user_38@example.com,dept_8,42
189,Name_89,user_39@example.com,dept_9,35
190,Name_90,user_40@example.com,dept_0,67
191,Name_91,user_41@example.com,dept_1,67
192,Name_92,user_42@example.com,dept_2,67
193,Name_93,user_43@example.com,dept_3,92
194,Name_94,user_44@example.com,dept_4,86
195,Name_95,user_45@example.com,dept_5,29
196,Name_96,user_46@example.com,dept_6,83
197,Name_97,user_47@example.com,dept_7,62
198,Name_98,user_48@example.com,dept_8,29
199,Name_99,user_49@example.com,dept_9,100
200,Name_0,user_0@example.com,dept_0,55
201,Name_1,user_1@example.com,dept_1,94
202,Name_2,user_2@example.com,dept_2,96
203,Name_3,user_3@example.com,dept_3,48
204,Name_4,user_4@example.com,dept_4,69
205,Name_5,user_5@example.com,dept_5,55
206,Name_6,user_6@example.com,dept_6,100
207,Name_7,user_7@example.com,dept_7,60
208,Name_8,user_8@example.com,dept_8,23
209,Name_9,user_9@example.com,dept_9,34
210,Name_10,user_10@example.com,dept_0,15
211,Name_11,user_11@example.com,dept_1,70
212,Name_12,user_12@example.com,dept_2,19
213,Name_13,user_13@example.com,dept_3,9
214,Name_14,user_14@example.com,dept_4,41
215,Name_15,user_15@example.com,dept_5,91
216,Name_16,user_16@example.com,dept_6,24
217,Name_17,user_17@example.com,dept_7,16
218,Name_18,user_18@example.com,dept_8,93
219,Name_19,user_19@example.com,dept_9,74
220,Name_20,user_20@example.com,dept_0,98
221,Name_21,user_21@example.com,dept_1,79
222,Name_22,user_22@example.com,dept_2,86
223,Name_23,user_23@example.com,dept_3,53
224,Name_24,user_24@example.com,dept_4,17
225,Name_25,user_25@example.com,dept_5,22
226,Name_26,user_26@example.com,dept_6,69
227,Name_27,user_27@example.com,dept_7,73
228,Name_28,user_28@example.com,dept_8,24
229,Name_29,user_29@example.com,dept_9,64
230,Name_30,user_30@example.com,dept_0,60
231,Name_31,user_31@example.com,dept_1,92
232,Name_32,user_32@example.com,dept_2,70
233,Name_33,user_33@example.com,dept_3,4
234,Name_34,user_34@example.com,dept_4,70
235,Name_35,user_35@example.com,dept_5,21
236,Name_36,user_36@example.com,dept_6,93
237,Name_37,user_37@example.com,dept_7,13
238,Name_38,user_38@example.com,dept_8,72
239,Name_39,user_39@example.com,dept_9,93
240,Name_40,user_40@example.com,dept_0,91
241,Name_41,user_41@example.com,dept_1,83
242,Name_42,user_42@example.com,dept_2,77
243,Name_43,user_43@example.com,dept_3,58
244,Name_44,user_44@example.com,dept_4,33
245,Name_45,user_45@example.com,dept_5,50
246,Name_46,user_46@example.com,dept_6,60
247,Name_47,user_47@example.com,dept_7,40
248,Name_48,user_48@example.com,dept_8,65
249,Name_49,user_49@example.com,dept_9,50
250,Name_50,user_0@example.com,dept_0,93
251,Name_51,user_1@example.com,dept_1,61
252,Name_52,user_2@example.com,dept_2,62
253,Name_53,user_3@example.com,dept_3,16
254,Name_54,user_4@example.com,dept_4,64
255,Name_55,user_5@example.com,dept_5,70
256,Name_56,user_6@example.com,dept_6,29
257,Name_57,user_7@example.com,dept_7,86
258,Name_58,user_8@example.com,dept_8,30
259,Name_59,user_9@example.com,dept_9,45
260,Name_60,user_10@example.com,dept_0,90
261,Name_61,user_11@example.com,dept_1,61
262,Name_62,user_12@example.com,dept_2,40
263,Name_63,user_13@example.com,dept_3,60
264,Name_64,user_14@example.com,dept_4,33
265,Name_65,user_15@example.com,dept_5,92
266,Name_66,user_16@example.com,dept_6,18
267,Name_67,user_17@example.com,dept_7,29
268,Name_68,user_18@example.com,dept_8,28
269,Name_69,user_19@example.com,dept_9,80
270,Name_70,user_20@example.com,dept_0,35
271,Name_71,user_21@example.com,dept_1,95
272,Name_72,user_22@example.com,dept_2,67
273,Name_73,user_23@example.com,dept_3,28
274,Name_74,user_24@example.com,dept_4,8
275,Name_75,user_25@example.com,dept_5,14
276,Name_76,user_26@example.com,dept_6,42
277,Name_77,user_27@example.com,dept_7,61
278,Name_78,user_28@example.com,dept_8,90
279,Name_79,user_29@example.com,dept_9,19
280,Name_80,user_30@example.com,dept_0,95
281,Name_81,user_31@example.com,dept_1,25
282,Name_82,user_32@example.com,dept_2,85
283,Name_83,user_33@example.com,dept_3,26
284,Name_84,user_34@example.com,dept_4,64
285,Name_85,user_35@example.com,dept_5,79
286,Name_86,user_36@example.com,dept_6,29
287,Name_87,user_37@example.com,dept_7,79
288,Name_88,user_38@example.com,dept_8,48
289,Name_89,user_39@example.com,dept_9,13
290,Name_90,user_40@example.com,dept_0,37
291,Name_91,user_41@example.com,dept_1,71
292,Name_92,user_42@example.com,dept_2,73
293,Name_93,user_43@example.com,dept_3,80
294,Name_94,user_44@example.com,dept_4,78
295,Name_95,user_45@example.com,dept_5,21
296,Name_96,user_46@example.com,dept_6,45
297,Name_97,user_47@example.com,dept_7,99
298,Name_98,user_48@example.com,dept_8,47
299,Name_99,user_49@example.com,dept_9,6
300,Name_0,user_0@example.com,dept_0,38
301,Name_1,user_1@example.com,dept_1,82
302,Name_2,user_2@example.com,dept_2,13
303,Name_3,user_3@example.com,dept_3,63
304,Name_4,user_4@example.com,dept_4,91
305,Name_5,user_5@example.com,dept_5,86
306,Name_6,user_6@example.com,dept_6,40
307,Name_7,user_7@example.com,dept_7,43
308,Name_8,user_8@example.com,dept_8,81
309,Name_9,user_9@example.com,dept_9,74
310,Name_10,user_10@example.com,dept_0,100
311,Name_11,user_11@example.com,dept_1,8
312,Name_12,user_12@example.com,dept_2,98
313,Name_13,user_13@example.com,dept_3,72
314,Name_14,user_14@example.com,dept_4,94
315,Name_15,user_15@example.com,dept_5,36
316,Name_16,user_16@example.com,dept_6,73
317,Name_17,user_17@example.com,dept_7,45
318,Name_18,user_18@example.com,dept_8,80
319,Name_19,user_19@example.com,dept_9,92
320,Name_20,user_20@example.com,dept_0,10
321,Name_21,user_21@example.com,dept_1,4
322,Name_22,user_22@example.com,dept_2,100
323,Name_23,user_23@example.com,dept_3,37
324,Name_24,user_24@example.com,dept_4,92
325,Name_25,user_25@example.com,dept_5,11
326,Name_26,user_26@example.com,dept_6,71
327,Name_27,user_27@example.com,dept_7,72
328,Name_28,user_28@example.com,dept_8,38
329,Name_29,user_29@example.com,dept_9,54
330,Name_30,user_30@example.com,dept_0,52
331,Name_31,user_31@example.com,dept_1,64
332,Name_32,user_32@example.com,dept_2,10
333,Name_33,user_33@example.com,dept_3,98
334,Name_34,user_34@example.com,dept_4,78
335,Name_35,user_35@example.com,dept_5,80
336,Name_36,user_36@example.com,dept_6,24
337,Name_37,user_37@example.com,dept_7,19
338,Name_38,user_38@example.com,dept_8,79
339,Name_39,user_39@example.com,dept_9,72
340,Name_40,user_40@example.com,dept_0,82
341,Name_41,user_41@example.com,dept_1,9
342,Name_42,user_42@example.com,dept_2,13
343,Name_43,user_43@example.com,dept_3,84
344,Name_44,user_44@example.com,dept_4,74
345,Name_45,user_45@example.com,dept_5,65
346,Name_46,user_46@example.com,dept_6,95
347,Name_47,user_47@example.com,dept_7,50
348,Name_48,user_48@example.com,dept_8,30
349,Name_49,user_49@example.com,dept_9,94
350,Name_50,user_0@example.com,dept_0,25
351,Name_51,user_1@example.com,dept_1,86
352,Name_52,user_2@example.com,dept_2,91
353,Name_53,user_3@example.com,dept_3,53
354,Name_54,user_4@example.com,dept_4,94
355,Name_55,user_5@example.com,dept_5,92
356,Name_56,user_6@example.com,dept_6,86
357,Name_57,user_7@example.com,dept_7,1
358,Name_58,user_8@example.com,dept_8,74
359,Name_59,user_9@example.com,dept_9,79
360,Name_60,user_10@example.com,dept_0,20
361,Name_61,user_11@example.com,dept_1,18
362,Name_62,user_12@example.com,dept_2,52
363,Name_63,user_13@example.com,dept_3,40
364,Name_64,user_14@example.com,dept_4,2
365,Name_65,user_15@example.com,dept_5,94
366,Name_66,user_16@example.com,dept_6,11
367,Name_67,user_17@example.com,dept_7,18
368,Name_68,user_18@example.com,dept_8,85
369,Name_69,user_19@example.com,dept_9,22
370,Name_70,user_20@example.com,dept_0,99
371,Name_71,user_21@example.com,dept_1,71
372,Name_72,user_22@example.com,dept_2,39
373,Name_73,user_23@example.com,dept_3,10
374,Name_74,user_24@example.com,dept_4,84
375,Name_75,user_25@example.com,dept_5,24
376,Name_76,user_26@example.com,dept_6,97
377,Name_77,user_27@example.com,dept_7,13
378,Name_78,user_28@example.com,dept_8,68
379,Name_79,user_29@example.com,dept_9,19
380,Name_80,user_30@example.com,dept_0,11
381,Name_81,user_31@example.com,dept_1,52
382,Name_82,user_32@example.com,dept_2,2
383,Name_83,user_33@example.com,dept_3,22
384,Name_84,user_34@example.com,dept_4,72
385,Name_85,user_35@example.com,dept_5,7
386,Name_86,user_36@example.com,dept_6,61
387,Name_87,user_37@example.com,dept_7,23
388,Name_88,user_38@example.com,dept_8,87
389,Name_89,user_39@example.com,dept_9,24
390,Name_90,user_40@example.com,dept_0,92
391,Name_91,user_41@example.com,dept_1,14
392,Name_92,user_42@example.com,dept_2,9
393,Name_93,user_43@example.com,dept_3,99
394,Name_94,user_44@example.com,dept_4,78
395,Name_95,user_45@example.com,dept_5,70
396,Name_96,user_46@example.com,dept_6,30
397,Name_97,user_47@example.com,dept_7,47
398,Name_98,user_48@example.com,dept_8,50
399,Name_99,user_49@example.com,dept_9,69
400,Name_0,user_0@example.com,dept_0,65
401,Name_1,user_1@example.com,dept_1,8
402,Name_2,user_2@example.com,dept_2,14
403,Name_3,user_3@example.com,dept_3,85
404,Name_4,user_4@example.com,dept_4,93
405,Name_5,user_5@example.com,dept_5,72
406,Name_6,user_6@example.com,dept_6,20
407,Name_7,user_7@example.com,dept_7,11
408,Name_8,user_8@example.com,dept_8,39
409,Name_9,user_9@example.com,dept_9,60
410,Name_10,user_10@example.com,dept_0,63
411,Name_11,user_11@example.com,dept_1,20
412,Name_12,user_12@example.com,dept_2,29
413,Name_13,user_13@example.com,dept_3,54
414,Name_14,user_14@example.com,dept_4,77
415,Name_15,user_15@example.com,dept_5,21
416,Name_16,user_16@example.com,dept_6,79
417,Name_17,user_17@example.com,dept_7,88
418,Name_18,user_18@example.com,dept_8,5
419,Name_19,user_19@example.com,dept_9,60
420,Name_20,user_20@example.com,dept_0,90
421,Name_21,user_21@example.com,dept_1,70
422,Name_22,user_22@example.com,dept_2,10
423,Name_23,user_23@example.com,dept_3,76
424,Name_24,user_24@example.com,dept_4,28
425,Name_25,user_25@example.com,dept_5,24
426,Name_26,user_26@example.com,dept_6,16
427,Name_27,user_27@example.com,dept_7,43
428,Name_28,user_28@example.com,dept_8,51
429,Name_29,user_29@example.com,dept_9,89
430,Name_30,user_30@example.com,dept_0,90
431,Name_31,user_31@example.com,dept_1,3
432,Name_32,user_32@example.com,dept_2,5
433,Name_33,user_33@example.com,dept_3,5
434,Name_34,user_34@example.com,dept_4,31
435,Name_35,user_35@example.com,dept_5,62
436,Name_36,user_36@example.com,dept_6,22
437,Name_37,user_37@example.com,dept_7,22
438,Name_38,user_38@example.com,dept_8,26
439,Name_39,user_39@example.com,dept_9,16
440,Name_40,user_40@example.com,dept_0,60
441,Name_41,user_41@example.com,dept_1,20
442,Name_42,user_42@example.com,dept_2,68
443,Name_43,user_43@example.com,dept_3,14
444,Name_44,user_44@example.com,dept_4,62
445,Name_45,user_45@example.com,dept_5,44
446,Name_46,user_46@example.com,dept_6,82
447,Name_47,user_47@example.com,dept_7,7
448,Name_48,user_48@example.com,dept_8,32
449,Name_49,user_49@example.com,dept_9,79
450,Name_50,user_0@example.com,dept_0,97
451,Name_51,user_1@example.com,dept_1,23
452,Name_52,user_2@example.com,dept_2,79
453,Name_53,user_3@example.com,dept_3,83
454,Name_54,user_4@example.com,dept_4,57
455,Name_55,user_5@example.com,dept_5,67
456,Name_56,user_6@example.com,dept_6,43
457,Name_57,user_7@example.com,dept_7,36
458,Name_58,user_8@example.com,dept_8,24
459,Name_59,user_9@example.com,dept_9,44
460,Name_60,user_10@example.com,dept_0,81
461,Name_61,user_11@example.com,dept_1,7
462,Name_62,user_12@example.com,dept_2,26
463,Name_63,user_13@example.com,dept_3,42
464,Name_64,user_14@example.com,dept_4,22
465,Name_65,user_15@example.com,dept_5,22
466,Name_66,user_16@example.com,dept_6,5
467,Name_67,user_17@example.com,dept_7,44
468,Name_68,user_18@example.com,dept_8,95
469,Name_69,user_19@example.com,dept_9,2
470,Name_70,user_20@example.com,dept_0,54
471,Name_71,user_21@example.com,dept_1,18
472,Name_72,user_22@example.com,dept_2,57
473,Name_73,user_23@example.com,dept_3,95
474,Name_74,user_24@example.com,dept_4,45
475,Name_75,user_25@example.com,dept_5,48
476,Name_76,user_26@example.com,dept_6,8
477,Name_77,user_27@example.com,dept_7,97
478,Name_78,user_28@example.com,dept_8,23
479,Name_79,user_29@example.com,dept_9,18
480,Name_80,user_30@example.com,dept_0,56
481,Name_81,user_31@example.com,dept_1,85
482,Name_82,user_32@example.com,dept_2,50
483,Name_83,user_33@example.com,dept_3,61
484,Name_84,user_34@example.com,dept_4,7
485,Name_85,user_35@example.com,dept_5,85
486,Name_86,user_36@example.com,dept_6,18
487,Name_87,user_37@example.com,dept_7,49
488,Name_88,user_38@example.com,dept_8,29
489,Name_89,user_39@example.com,dept_9,64
490,Name_90,user_40@example.com,dept_0,71
491,Name_91,user_41@example.com,dept_1,24
492,Name_92,user_42@example.com,dept_2,44
493,Name_93,user_43@example.com,dept_3,87
494,Name_94,user_44@example.com,dept_4,38
495,Name_95,user_45@example.com,dept_5,94
496,Name_96,user_46@example.com,dept_6,24
497,Name_97,user_47@example.com,dept_7,68
498,Name_98,user_48@example.com,dept_8,27
499,Name_99,user_49@example.com,dept_9,59
500,Name_0,user_0@example.com,dept_0,100
501,Name_1,user_1@example.com,dept_1,50
502,Name_2,user_2@example.com,dept_2,21
503,Name_3,user_3@example.com,dept_3,47
504,Name_4,user_4@example.com,dept_4,87
505,Name_5,user_5@example.com,dept_5,28
506,Name_6,user_6@example.com,dept_6,85
507,Name_7,user_7@example.com,dept_7,76
508,Name_8,user_8@example.com,dept_8,32
509,Name_9,user_9@example.com,dept_9,47
510,Name_10,user_10@example.com,dept_0,9
511,Name_11,user_11@example.com,dept_1,43
512,Name_12,user_12@example.com,dept_2,13
513,Name_13,user_13@example.com,dept_3,23
514,Name_14,user_14@example.com,dept_4,80
515,Name_15,user_15@example.com,dept_5,30
516,Name_16,user_16@example.com,dept_6,47
517,Name_17,user_17@example.com,dept_7,7
518,Name_18,user_18@example.com,dept_8,99
519,Name_19,user_19@example.com,dept_9,23
520,Name_20,user_20@example.com,dept_0,63
521,Name_21,user_21@example.com,dept_1,8
522,Name_22,user_22@example.com,dept_2,10
523,Name_23,user_23@example.com,dept_3,51
524,Name_24,user_24@example.com,dept_4,93
525,Name_25,user_25@example.com,dept_5,35
526,Name_26,user_26@example.com,dept_6,97
527,Name_27,user_27@example.com,dept_7,47
528,Name_28,user_28@example.com,dept_8,9
529,Name_29,user_29@example.com,dept_9,56
530,Name_30,user_30@example.com,dept_0,29
531,Name_31,user_31@example.com,dept_1,69
532,Name_32,user_32@example.com,dept_2,81
533,Name_33,user_33@example.com,dept_3,75
534,Name_34,user_34@example.com,dept_4,71
535,Name_35,user_35@example.com,dept_5,9
536,Name_36,user_36@example.com,dept_6,91
537,Name_37,user_37@example.com,dept_7,36
538,Name_38,user_38@example.com,dept_8,76
539,Name_39,user_39@example.com,dept_9,15
540,Name_40,user_40@example.com,dept_0,37
541,Name_41,user_41@example.com,dept_1,73
542,Name_42,user_42@example.com,dept_2,2
543,Name_43,user_43@example.com,dept_3,56
544,Name_44,user_44@example.com,dept_4,45
545,Name_45,user_45@example.com,dept_5,91
546,Name_46,user_46@example.com,dept_6,41
547,Name_47,user_47@example.com,dept_7,80
548,Name_48,user_48@example.com,dept_8,86
549,Name_49,user_49@example.com,dept_9,18
550,Name_50,user_0@example.com,dept_0,36
551,Name_51,user_1@example.com,dept_1,72
552,Name_52,user_2@example.com,dept_2,88
553,Name_53,user_3@example.com,dept_3,11
554,Name_54,user_4@example.com,dept_4,94
555,Name_55,user_5@example.com,dept_5,48
556,Name_56,user_6@example.com,dept_6,68
557,Name_57,user_7@example.com,dept_7,2
558,Name_58,user_8@example.com,dept_8,18
559,Name_59,user_9@example.com,dept_9,66
560,Name_60,user_10@example.com,dept_0,22
561,Name_61,user_11@example.com,dept_1,96
562,Name_62,user_12@example.com,dept_2,35
563,Name_63,user_13@example.com,dept_3,60
564,Name_64,user_14@example.com,dept_4,93
565,Name_65,user_15@example.com,dept_5,98
566,Name_66,user_16@example.com,dept_6,31
567,Name_67,user_17@example.com,dept_7,46
568,Name_68,user_18@example.com,dept_8,6
569,Name_69,user_19@example.com,dept_9,1
570,Name_70,user_20@example.com,dept_0,96
571,Name_71,user_21@example.com,dept_1,54
572,Name_72,user_22@example.com,dept_2,1
573,Name_73,user_23@example.com,dept_3,70
574,Name_74,user_24@example.com,dept_4,30
575,Name_75,user_25@example.com,dept_5,27
576,Name_76,user_26@example.com,dept_6,17
577,Name_77,user_27@example.com,dept_7,87
578,Name_78,user_28@example.com,dept_8,34
579,Name_79,user_29@example.com,dept_9,98
580,Name_80,user_30@example.com,dept_0,85
581,Name_81,user_31@example.com,dept_1,1
582,Name_82,user_32@example.com,dept_2,40
583,Name_83,user_33@example.com,dept_3,6
584,Name_84,user_34@example.com,dept_4,1
585,Name_85,user_35@example.com,dept_5,63
586,Name_86,user_36@example.com,dept_6,90
587,Name_87,user_37@example.com,dept_7,53
588,Name_88,user_38@example.com,dept_8,5
589,Name_89,user_39@example.com,dept_9,47
590,Name_90,user_40@example.com,dept_0,17
591,Name_91,user_41@example.com,dept_1,47
592,Name_92,user_42@example.com,dept_2,15
593,Name_93,user_43@example.com,dept_3,79
594,Name_94,user_44@example.com,dept_4,3
595,Name_95,user_45@example.com,dept_5,48
596,Name_96,user_46@example.com,dept_6,69
597,Name_97,user_47@example.com,dept_7,9
598,Name_98,user_48@example.com,dept_8,31
599,Name_99,user_49@example.com,dept_9,11
600,Name_0,user_0@example.com,dept_0,90
601,Name_1,user_1@example.com,dept_1,92
602,Name_2,user_2@example.com,dept_2,25
603,Name_3,user_3@example.com,dept_3,9
604,Name_4,user_4@example.com,dept_4,83
605,Name_5,user_5@example.com,dept_5,26
606,Name_6,user_6@example.com,dept_6,21
607,Name_7,user_7@example.com,dept_7,82
608,Name_8,user_8@example.com,dept_8,31
609,Name_9,user_9@example.com,dept_9,78
610,Name_10,user_10@example.com,dept_0,43
611,Name_11,user_11@example.com,dept_1,50
612,Name_12,user_12@example.com,dept_2,85
613,Name_13,user_13@example.com,dept_3,36
614,Name_14,user_14@example.com,dept_4,65
615,Name_15,user_15@example.com,dept_5,77
616,Name_16,user_16@example.com,dept_6,70
617,Name_17,user_17@example.com,dept_7,11
618,Name_18,user_18@example.com,dept_8,66
619,Name_19,user_19@example.com,dept_9,91
620,Name_20,user_20@example.com,dept_0,79
621,Name_21,user_21@example.com,dept_1,74
622,Name_22,user_22@example.com,dept_2,23
623,Name_23,user_23@example.com,dept_3,57
624,Name_24,user_24@example.com,dept_4,27
625,Name_25,user_25@example.com,dept_5,85
626,Name_26,user_26@example.com,dept_6,61
627,Name_27,user_27@example.com,dept_7,15
628,Name_28,user_28@example.com,dept_8,39
629,Name_29,user_29@example.com,dept_9,65
630,Name_30,user_30@example.com,dept_0,96
631,Name_31,user_31@example.com,dept_1,59
632,Name_32,user_32@example.com,dept_2,29
633,Name_33,user_33@example.com,dept_3,68
634,Name_34,user_34@example.com,dept_4,43
635,Name_35,user_35@example.com,dept_5,34
636,Name_36,user_36@example.com,dept_6,52
637,Name_37,user_37@example.com,dept_7,78
638,Name_38,user_38@example.com,dept_8,91
639,Name_39,user_39@example.com,dept_9,10
640,Name_40,user_40@example.com,dept_0,39
641,Name_41,user_41@example.com,dept_1,99
642,Name_42,user_42@example.com,dept_2,12
643,Name_43,user_43@example.com,dept_3,15
644,Name_44,user_44@example.com,dept_4,100
645,Name_45,user_45@example.com,dept_5,8
646,Name_46,user_46@example.com,dept_6,88
647,Name_47,user_47@example.com,dept_7,12
648,Name_48,user_48@example.com,dept_8,39
649,Name_49,user_49@example.com,dept_9,50
650,Name_50,user_0@example.com,dept_0,35
651,Name_51,user_1@example.com,dept_1,35
652,Name_52,user_2@example.com,dept_2,98
653,Name_53,user_3@example.com,dept_3,35
654,Name_54,user_4@example.com,dept_4,16
655,Name_55,user_5@example.com,dept_5,100
656,Name_56,user_6@example.com,dept_6,77
657,Name_57,user_7@example.com,dept_7,56
658,Name_58,user_8@example.com,dept_8,20
659,Name_59,user_9@example.com,dept_9,61
660,Name_60,user_10@example.com,dept_0,79
661,Name_61,user_11@example.com,dept_1,88
662,Name_62,user_12@example.com,dept_2,45
663,Name_63,user_13@example.com,dept_3,69
664,Name_64,user_14@example.com,dept_4,4
665,Name_65,user_15@example.com,dept_5,95
666,Name_66,user_16@example.com,dept_6,100
667,Name_67,user_17@example.com,dept_7,14
668,Name_68,user_18@example.com,dept_8,37
669,Name_69,user_19@example.com,dept_9,18
670,Name_70,user_20@example.com,dept_0,71
671,Name_71,user_21@example.com,dept_1,2
672,Name_72,user_22@example.com,dept_2,37
673,Name_73,user_23@example.com,dept_3,17
674,Name_74,user_24@example.com,dept_4,58
675,Name_75,user_25@example.com,dept_5,6
676,Name_76,user_26@example.com,dept_6,85
677,Name_77,user_27@example.com,dept_7,66
678,Name_78,user_28@example.com,dept_8,54
679,Name_79,user_29@example.com,dept_9,13
680,Name_80,user_30@example.com,dept_0,11
681,Name_81,user_31@example.com,dept_1,76
682,Name_82,user_32@example.com,dept_2,17
683,Name_83,user_33@example.com,dept_3,65
684,Name_84,user_34@example.com,dept_4,47
685,Name_85,user_35@example.com,dept_5,51
686,Name_86,user_36@example.com,dept_6,74
687,Name_87,user_37@example.com,dept_7,6
688,Name_88,user_38@example.com,dept_8,65
689,Name_89,user_39@example.com,dept_9,95
690,Name_90,user_40@example.com,dept_0,76
691,Name_91,user_41@example.com,dept_1,97
692,Name_92,user_42@example.com,dept_2,71
693,Name_93,user_43@example.com,dept_3,77
694,Name_94,user_44@example.com,dept_4,25
695,Name_95,user_45@example.com,dept_5,94
696,Name_96,user_46@example.com,dept_6,11
697,Name_97,user_47@example.com,dept_7,44
698,Name_98,user_48@example.com,dept_8,62
699,Name_99,user_49@example.com,dept_9,4
700,Name_0,user_0@example.com,dept_0,51
701,Name_1,user_1@example.com,dept_1,44
702,Name_2,user_2@example.com,dept_2,13
703,Name_3,user_3@example.com,dept_3,62
704,Name_4,user_4@example.com,dept_4,29
705,Name_5,user_5@example.com,dept_5,14
706,Name_6,user_6@example.com,dept_6,72
707,Name_7,user_7@example.com,dept_7,66
708,Name_8,user_8@example.com,dept_8,7
709,Name_9,user_9@example.com,dept_9,45
710,Name_10,user_10@example.com,dept_0,45
711,Name_11,user_11@example.com,dept_1,28
712,Name_12,user_12@example.com,dept_2,52
713,Name_13,user_13@example.com,dept_3,94
714,Name_14,user_14@example.com,dept_4,22
715,Name_15,user_15@example.com,dept_5,96
716,Name_16,user_16@example.com,dept_6,47
717,Name_17,user_17@example.com,dept_7,47
718,Name_18,user_18@example.com,dept_8,13
719,Name_19,user_19@example.com,dept_9,53
720,Name_20,user_20@example.com,dept_0,97
721,Name_21,user_21@example.com,dept_1,74
722,Name_22,user_22@example.com,dept_2,29
723,Name_23,user_23@example.com,dept_3,49
724,Name_24,user_24@example.com,dept_4,50
725,Name_25,user_25@example.com,dept_5,44
726,Name_26,user_26@example.com,dept_6,57
727,Name_27,user_27@example.com,dept_7,56
728,Name_28,user_28@example.com,dept_8,56
729,Name_29,user_29@example.com,dept_9,6
730,Name_30,user_30@example.com,dept_0,19
731,Name_31,user_31@example.com,dept_1,65
732,Name_32,user_32@example.com,dept_2,43
733,Name_33,user_33@example.com,dept_3,11
734,Name_34,user_34@example.com,dept_4,33
735,Name_35,user_35@example.com,dept_5,18
736,Name_36,user_36@example.com,dept_6,36
737,Name_37,user_37@example.com,dept_7,1
738,Name_38,user_38@example.com,dept_8,37
739,Name_39,user_39@example.com,dept_9,77
740,Name_40,user_40@example.com,dept_0,22
741,Name_41,user_41@example.com,dept_1,49
742,Name_42,user_42@example.com,dept_2,79
743,Name_43,user_43@example.com,dept_3,65
744,Name_44,user_44@example.com,dept_4,57
745,Name_45,user_45@example.com,dept_5,46
746,Name_46,user_46@example.com,dept_6,70
747,Name_47,user_47@example.com,dept_7,56
748,Name_48,user_48@example.com,dept_8,5
749,Name_49,user_49@example.com,dept_9,67
750,Name_50,user_0@example.com,dept_0,79
751,Name_51,user_1@example.com,dept_1,48
752,Name_52,user_2@example.com,dept_2,99
753,Name_53,user_3@example.com,dept_3,38
754,Name_54,user_4@example.com,dept_4,73
755,Name_55,user_5@example.com,dept_5,22
756,Name_56,user_6@example.com,dept_6,18
757,Name_57,user_7@example.com,dept_7,16
758,Name_58,user_8@example.com,dept_8,50
759,Name_59,user_9@example.com,dept_9,20
760,Name_60,user_10@example.com,dept_0,90
761,Name_61,user_11@example.com,dept_1,54
762,Name_62,user_12@example.com,dept_2,45
763,Name_63,user_13@example.com,dept_3,89
764,Name_64,user_14@example.com,dept_4,89
765,Name_65,user_15@example.com,dept_5,96
766,Name_66,user_16@example.com,dept_6,40
767,Name_67,user_17@example.com,dept_7,47
768,Name_68,user_18@example.com,dept_8,12
769,Name_69,user_19@example.com,dept_9,57
770,Name_70,user_20@example.com,dept_0,89
771,Name_71,user_21@example.com,dept_1,65
772,Name_72,user_22@example.com,dept_2,99
773,Name_73,user_23@example.com,dept_3,52
774,Name_74,user_24@example.com,dept_4,58
775,Name_75,user_25@example.com,dept_5,48
776,Name_76,user_26@example.com,dept_6,87
777,Name_77,user_27@example.com,dept_7,39
778,Name_78,user_28@example.com,dept_8,70
779,Name_79,user_29@example.com,dept_9,17
780,Name_80,user_30@example.com,dept_0,42
781,Name_81,user_31@example.com,dept_1,48
782,Name_82,user_32@example.com,dept_2,15
783,Name_83,user_33@example.com,dept_3,26
784,Name_84,user_34@example.com,dept_4,86
785,Name_85,user_35@example.com,dept_5,30
786,Name_86,user_36@example.com,dept_6,7
787,Name_87,user_37@example.com,dept_7,27
788,Name_88,user_38@example.com,dept_8,56
789,Name_89,user_39@example.com,dept_9,95
790,Name_90,user_40@example.com,dept_0,44
791,Name_91,user_41@example.com,dept_1,33
792,Name_92,user_42@example.com,dept_2,45
793,Name_93,user_43@example.com,dept_3,18
794,Name_94,user_44@example.com,dept_4,33
795,Name_95,user_45@example.com,dept_5,80
796,Name_96,user_46@example.com,dept_6,39
797,Name_97,user_47@example.com,dept_7,17
798,Name_98,user_48@example.com,dept_8,34
799,Name_99,user_49@example.com,dept_9,1
800,Name_0,user_0@example.com,dept_0,32
801,Name_1,user_1@example.com,dept_1,53
802,Name_2,user_2@example.com,dept_2,90
803,Name_3,user_3@example.com,dept_3,85
804,Name_4,user_4@example.com,dept_4,8
805,Name_5,user_5@example.com,dept_5,5
806,Name_6,user_6@example.com,dept_6,51
807,Name_7,user_7@example.com,dept_7,82
808,Name_8,user_8@example.com,dept_8,7
809,Name_9,user_9@example.com,dept_9,27
810,Name_10,user_10@example.com,dept_0,87
811,Name_11,user_11@example.com,dept_1,74
812,Name_12,user_12@example.com,dept_2,71
813,Name_13,user_13@example.com,dept_3,82
814,Name_14,user_14@example.com,dept_4,65
815,Name_15,user_15@example.com,dept_5,92
816,Name_16,user_16@example.com,dept_6,8
817,Name_17,user_17@example.com,dept_7,82
818,Name_18,user_18@example.com,dept_8,10
819,Name_19,user_19@example.com,dept_9,67
820,Name_20,user_20@example.com,dept_0,40
821,Name_21,user_21@example.com,dept_1,9
822,Name_22,user_22@example.com,dept_2,34
823,Name_23,user_23@example.com,dept_3,74
824,Name_24,user_24@example.com,dept_4,92
825,Name_25,user_25@example.com,dept_5,5
826,Name_26,user_26@example.com,dept_6,72
827,Name_27,user_27@example.com,dept_7,52
828,Name_28,user_28@example.com,dept_8,78
829,Name_29,user_29@example.com,dept_9,50
830,Name_30,user_30@example.com,dept_0,65
831,Name_31,user_31@example.com,dept_1,17
832,Name_32,user_32@example.com,dept_2,90
833,Name_33,user_33@example.com,dept_3,27
834,Name_34,user_34@example.com,dept_4,63
835,Name_35,user_35@example.com,dept_5,46
836,Name_36,user_36@example.com,dept_6,1
837,Name_37,user_37@example.com,dept_7,34
838,Name_38,user_38@example.com,dept_8,97
839,Name_39,user_39@example.com,dept_9,37
840,Name_40,user_40@example.com,dept_0,91
841,Name_41,user_41@example.com,dept_1,82
842,Name_42,user_42@example.com,dept_2,60
843,Name_43,user_43@example.com,dept_3,40
844,Name_44,user_44@example.com,dept_4,18
845,Name_45,user_45@example.com,dept_5,64
846,Name_46,user_46@example.com,dept_6,3
847,Name_47,user_47@example.com,dept_7,35
848,Name_48,user_48@example.com,dept_8,93
849,Name_49,user_49@example.com,dept_9,46
850,Name_50,user_0@example.com,dept_0,87
851,Name_51,user_1@example.com,dept_1,91
852,Name_52,user_2@example.com,dept_2,68
853,Name_53,user_3@example.com,dept_3,18
854,Name_54,user_4@example.com,dept_4,80
855,Name_55,user_5@example.com,dept_5,98
856,Name_56,user_6@example.com,dept_6,53
857,Name_57,user_7@example.com,dept_7,55
858,Name_58,user_8@example.com,dept_8,84
859,Name_59,user_9@example.com,dept_9,99
860,Name_60,user_10@example.com,dept_0,18
861,Name_61,user_11@example.com,dept_1,14
862,Name_62,user_12@example.com,dept_2,19
863,Name_63,user_13@example.com,dept_3,61
864,Name_64,user_14@example.com,dept_4,59
865,Name_65,user_15@example.com,dept_5,98
866,Name_66,user_16@example.com,dept_6,42
867,Name_67,user_17@example.com,dept_7,43
868,Name_68,user_18@example.com,dept_8,58
869,Name_69,user_19@example.com,dept_9,97
870,Name_70,user_20@example.com,dept_0,30
871,Name_71,user_21@example.com,dept_1,23
872,Name_72,user_22@example.com,dept_2,81
873,Name_73,user_23@example.com,dept_3,73
874,Name_74,user_24@example.com,dept_4,78
875,Name_75,user_25@example.com,dept_5,84
876,Name_76,user_26@example.com,dept_6,84
877,Name_77,user_27@example.com,dept_7,71
878,Name_78,user_28@example.com,dept_8,46
879,Name_79,user_29@example.com,dept_9,98
880,Name_80,user_30@example.com,dept_0,54
881,Name_81,user_31@example.com,dept_1,20
882,Name_82,user_32@example.com,dept_2,88
883,Name_83,user_33@example.com,dept_3,76
884,Name_84,user_34@example.com,dept_4,86
885,Name_85,user_35@example.com,dept_5,8
886,Name_86,user_36@example.com,dept_6,59
887,Name_87,user_37@example.com,dept_7,74
888,Name_88,user_38@example.com,dept_8,16
889,Name_89,user_39@example.com,dept_9,34
890,Name_90,user_40@example.com,dept_0,96
891,Name_91,user_41@example.com,dept_1,89
892,Name_92,user_42@example.com,dept_2,2
893,Name_93,user_43@example.com,dept_3,81
894,Name_94,user_44@example.com,dept_4,1
895,Name_95,user_45@example.com,dept_5,24
896,Name_96,user_46@example.com,dept_6,66
897,Name_97,user_47@example.com,dept_7,47
898,Name_98,user_48@example.com,dept_8,22
899,Name_99,user_49@example.com,dept_9,19
900,Name_0,user_0@example.com,dept_0,11
901,Name_1,user_1@example.com,dept_1,22
902,Name_2,user_2@example.com,dept_2,23
903,Name_3,user_3@example.com,dept_3,98
904,Name_4,user_4@example.com,dept_4,11
905,Name_5,user_5@example.com,dept_5,46
906,Name_6,user_6@example.com,dept_6,91
907,Name_7,user_7@example.com,dept_7,85
908,Name_8,user_8@example.com,dept_8,37
909,Name_9,user_9@example.com,dept_9,66
910,Name_10,user_10@example.com,dept_0,13
911,Name_11,user_11@example.com,dept_1,19
912,Name_12,user_12@example.com,dept_2,26
913,Name_13,user_13@example.com,dept_3,61
914,Name_14,user_14@example.com,dept_4,84
915,Name_15,user_15@example.com,dept_5,70
916,Name_16,user_16@example.com,dept_6,68
917,Name_17,user_17@example.com,dept_7,62
918,Name_18,user_18@example.com,dept_8,32
919,Name_19,user_19@example.com,dept_9,60
920,Name_20,user_20@example.com,dept_0,28
921,Name_21,user_21@example.com,dept_1,95
922,Name_22,user_22@example.com,dept_2,25
923,Name_23,user_23@example.com,dept_3,75
924,Name_24,user_24@example.com,dept_4,3
925,Name_25,user_25@example.com,dept_5,66
926,Name_26,user_26@example.com,dept_6,94
927,Name_27,user_27@example.com,dept_7,89
928,Name_28,user_28@example.com,dept_8,51
929,Name_29,user_29@example.com,dept_9,81
930,Name_30,user_30@example.com,dept_0,96
931,Name_31,user_31@example.com,dept_1,60
932,Name_32,user_32@example.com,dept_2,20
933,Name_33,user_33@example.com,dept_3,13
934,Name_34,user_34@example.com,dept_4,78
935,Name_35,user_35@example.com,dept_5,77
936,Name_36,user_36@example.com,dept_6,47
937,Name_37,user_37@example.com,dept_7,75
938,Name_38,user_38@example.com,dept_8,100
939,Name_39,user_39@example.com,dept_9,38
940,Name_40,user_40@example.com,dept_0,88
941,Name_41,user_41@example.com,dept_1,74
942,Name_42,user_42@example.com,dept_2,29
943,Name_43,user_43@example.com,dept_3,24
944,Name_44,user_44@example.com,dept_4,41
945,Name_45,user_45@example.com,dept_5,51
946,Name_46,user_46@example.com,dept_6,22
947,Name_47,user_47@example.com,dept_7,46
948,Name_48,user_48@example.com,dept_8,26
949,Name_49,user_49@example.com,dept_9,34
950,Name_50,user_0@example.com,dept_0,57
951,Name_51,user_1@example.com,dept_1,44
952,Name_52,user_2@example.com,dept_2,20
953,Name_53,user_3@example.com,dept_3,54
954,Name_54,user_4@example.com,dept_4,88
955,Name_55,user_5@example.com,dept_5,8
956,Name_56,user_6@example.com,dept_6,19
957,Name_57,user_7@example.com,dept_7,57
958,Name_58,user_8@example.com,dept_8,17
959,Name_59,user_9@example.com,dept_9,54
960,Name_60,user_10@example.com,dept_0,26
961,Name_61,user_11@example.com,dept_1,85
962,Name_62,user_12@example.com,dept_2,87
963,Name_63,user_13@example.com,dept_3,93
964,Name_64,user_14@example.com,dept_4,21
965,Name_65,user_15@example.com,dept_5,37
966,Name_66,user_16@example.com,dept_6,35
967,Name_67,user_17@example.com,dept_7,72
968,Name_68,user_18@example.com,dept_8,8
969,Name_69,user_19@example.com,dept_9,14
970,Name_70,user_20@example.com,dept_0,63
971,Name_71,user_21@example.com,dept_1,3
972,Name_72,user_22@example.com,dept_2,57
973,Name_73,user_23@example.com,dept_3,53
974,Name_74,user_24@example.com,dept_4,89
975,Name_75,user_25@example.com,dept_5,31
976,Name_76,user_26@example.com,dept_6,68
977,Name_77,user_27@example.com,dept_7,4
978,Name_78,user_28@example.com,dept_8,57
979,Name_79,user_29@example.com,dept_9,40
980,Name_80,user_30@example.com,dept_0,31
981,Name_81,user_31@example.com,dept_1,53
982,Name_82,user_32@example.com,dept_2,51
983,Name_83,user_33@example.com,dept_3,14
984,Name_84,user_34@example.com,dept_4,19
985,Name_85,user_35@example.com,dept_5,83
986,Name_86,user_36@example.com,dept_6,27
987,Name_87,user_37@example.com,dept_7,58
988,Name_88,user_38@example.com,dept_8,12
989,Name_89,user_39@example.com,dept_9,63
990,Name_90,user_40@example.com,dept_0,31
991,Name_91,user_41@example.com,dept_1,25
992,Name_92,user_42@example.com,dept_2,18
993,Name_93,user_43@example.com,dept_3,51
994,Name_94,user_44@example.com,dept_4,81
995,Name_95,user_45@example.com,dept_5,1
996,Name_96,user_46@example.com,dept_6,17
997,Name_97,user_47@example.com,dept_7,76
998,Name_98,user_48@example.com,dept_8,10
999,Name_99,user_49@example.com,dept_9,40
0,Name_0,user_0@example.com,dept_0,20
1,Name_1,user_1@example.com,dept_1,60
2,Name_2,user_2@example.com,dept_2,89
3,Name_3,user_3@example.com,dept_3,45
4,Name_4,user_4@example.com,dept_4,51
5,Name_5,user_5@example.com,dept_5,45
6,Name_6,user_6@example.com,dept_6,21
7,Name_7,user_7@example.com,dept_7,89
8,Name_8,user_8@example.com,dept_8,49
9,Name_9,user_9@example.com,dept_9,95
10,Name_10,user_10@example.com,dept_0,39
11,Name_11,user_11@example.com,dept_1,39
12,Name_12,user_12@example.com,dept_2,91
13,Name_13,user_13@example.com,dept_3,79
14,Name_14,user_14@example.com,dept_4,31
15,Name_15,user_15@example.com,dept_5,82
16,Name_16,user_16@example.com,dept_6,29
17,Name_17,user_17@example.com,dept_7,24
18,Name_18,user_18@example.com,dept_8,46
19,Name_19,user_19@example.com,dept_9,79
20,Name_20,user_20@example.com,dept_0,35
21,Name_21,user_21@example.com,dept_1,88
22,Name_22,user_22@example.com,dept_2,86
23,Name_23,user_23@example.com,dept_3,54
24,Name_24,user_24@example.com,dept_4,4
25,Name_25,user_25@example.com,dept_5,20
26,Name_26,user_26@example.com,dept_6,68
27,Name_27,user_27@example.com,dept_7,12
28,Name_28,user_28@example.com,dept_8,70
29,Name_29,user_29@example.com,dept_9,84
30,Name_30,user_30@example.com,dept_0,94
31,Name_31,user_31@example.com,dept_1,26
32,Name_32,user_32@example.com,dept_2,81
33,Name_33,user_33@example.com,dept_3,51
34,Name_34,user_34@example.com,dept_4,51
35,Name_35,user_35@example.com,dept_5,13
36,Name_36,user_36@example.com,dept_6,4
37,Name_37,user_37@example.com,dept_7,77
38,Name_38,user_38@example.com,dept_8,56
39,Name_39,user_39@example.com,dept_9,40
40,Name_40,user_40@example.com,dept_0,44
41,Name_41,user_41@example.com,dept_1,38
42,Name_42,user_42@example.com,dept_2,62
43,Name_43,user_43@example.com,dept_3,89
44,Name_44,user_44@example.com,dept_4,99
45,Name_45,user_45@example.com,dept_5,42
46,Name_46,user_46@example.com,dept_6,83
47,Name_47,user_47@example.com,dept_7,14
48,Name_48,user_48@example.com,dept_8,67
49,Name_49,user_49@example.com,dept_9,49
50,Name_50,user_0@example.com,dept_0,11
51,Name_51,user_1@example.com,dept_1,23
52,Name_52,user_2@example.com,dept_2,80
53,Name_53,user_3@example.com,dept_3,19
54,Name_54,user_4@example.com,dept_4,48
55,Name_55,user_5@example.com,dept_5,19
56,Name_56,user_6@example.com,dept_6,37
57,Name_57,user_7@example.com,dept_7,80
58,Name_58,user_8@example.com,dept_8,97
59,Name_59,user_9@example.com,dept_9,41
60,Name_60,user_10@example.com,dept_0,77
61,Name_61,user_11@example.com,dept_1,25
62,Name_62,user_12@example.com,dept_2,39
63,Name_63,user_13@example.com,dept_3,46
64,Name_64,user_14@example.com,dept_4,22
65,Name_65,user_15@example.com,dept_5,27
66,Name_66,user_16@example.com,dept_6,40
67,Name_67,user_17@example.com,dept_7,26
68,Name_68,user_18@example.com,dept_8,89
69,Name_69,user_19@example.com,dept_9,13
70,Name_70,user_20@example.com,dept_0,75
71,Name_71,user_21@example.com,dept_1,27
72,Name_72,user_22@example.com,dept_2,11
73,Name_73,user_23@example.com,dept_3,32
74,Name_74,user_24@example.com,dept_4,84
75,Name_75,user_25@example.com,dept_5,15
76,Name_76,user_26@example.com,dept_6,51
77,Name_77,user_27@example.com,dept_7,96
78,Name_78,user_28@example.com,dept_8,17
79,Name_79,user_29@example.com,dept_9,40
80,Name_80,user_30@example.com,dept_0,44
81,Name_81,user_31@example.com,dept_1,47
82,Name_82,user_32@example.com,dept_2,90
83,Name_83,user_33@example.com,dept_3,25
84,Name_84,user_34@example.com,dept_4,1
85,Name_85,user_35@example.com,dept_5,39
86,Name_86,user_36@example.com,dept_6,73
87,Name_87,user_37@example.com,dept_7,52
88,Name_88,user_38@example.com,dept_8,2
89,Name_89,user_39@example.com,dept_9,99
90,Name_90,user_40@example.com,dept_0,7
91,Name_91,user_41@example.com,dept_1,6
92,Name_92,user_42@example.com,dept_2,39
93,Name_93,user_43@example.com,dept_3,55
94,Name_94,user_44@example.com,dept_4,20
95,Name_95,user_45@example.com,dept_5,23
96,Name_96,user_46@example.com,dept_6,26
97,Name_97,user_47@example.com,dept_7,45
98,Name_98,user_48@example.com,dept_8,76
99,Name_99,user_49@example.com,dept_9,10
100,Name_0,user_0@example.com,dept_0,6
101,Name_1,user_1@example.com,dept_1,61
102,Name_2,user_2@example.com,dept_2,1
103,Name_3,user_3@example.com,dept_3,35
104,Name_4,user_4@example.com,dept_4,84
105,Name_5,user_5@example.com,dept_5,39
106,Name_6,user_6@example.com,dept_6,34
107,Name_7,user_7@example.com,dept_7,22
108,Name_8,user_8@example.com,dept_8,68
109,Name_9,user_9@example.com,dept_9,58
110,Name_10,user_10@example.com,dept_0,22
111,Name_11,user_11@example.com,dept_1,33
112,Name_12,user_12@example.com,dept_2,15
113,Name_13,user_13@example.com,dept_3,7
114,Name_14,user_14@example.com,dept_4,93
115,Name_15,user_15@example.com,dept_5,93
116,Name_16,user_16@example.com,dept_6,34
117,Name_17,user_17@example.com,dept_7,64
118,Name_18,user_18@example.com,dept_8,26
119,Name_19,user_19@example.com,dept_9,38
120,Name_20,user_20@example.com,dept_0,63
121,Name_21,user_21@example.com,dept_1,65
122,Name_22,user_22@example.com,dept_2,50
123,Name_23,user_23@example.com,dept_3,51
124,Name_24,user_24@example.com,dept_4,9
125,Name_25,user_25@example.com,dept_5,46
126,Name_26,user_26@example.com,dept_6,92
127,Name_27,user_27@example.com,dept_7,54
128,Name_28,user_28@example.com,dept_8,100
129,Name_29,user_29@example.com,dept_9,78
130,Name_30,user_30@example.com,dept_0,7
131,Name_31,user_31@example.com,dept_1,91
132,Name_32,user_32@example.com,dept_2,74
133,Name_33,user_33@example.com,dept_3,96
134,Name_34,user_34@example.com,dept_4,2
135,Name_35,user_35@example.com,dept_5,31
136,Name_36,user_36@example.com,dept_6,91
137,Name_37,user_37@example.com,dept_7,26
138,Name_38,user_38@example.com,dept_8,72
139,Name_39,user_39@example.com,dept_9,23
140,Name_40,user_40@example.com,dept_0,13
141,Name_41,user_41@example.com,dept_1,82
142,Name_42,user_42@example.com,dept_2,79
143,Name_43,user_43@example.com,dept_3,20
144,Name_44,user_44@example.com,dept_4,36
145,Name_45,user_45@example.com,dept_5,15
146,Name_46,user_46@example.com,dept_6,18
147,Name_47,user_47@example.com,dept_7,14
148,Name_48,user_48@example.com,dept_8,68
149,Name_49,user_49@example.com,dept_9,85
150,Name_50,user_0@example.com,dept_0,42
151,Name_51,user_1@example.com,dept_1,42
152,Name_52,user_2@example.com,dept_2,63
153,Name_53,user_3@example.com,dept_3,59
154,Name_54,user_4@example.com,dept_4,59
155,Name_55,user_5@example.com,dept_5,94
156,Name_56,user_6@example.com,dept_6,54
157,Name_57,user_7@example.com,dept_7,38
158,Name_58,user_8@example.com,dept_8,29
159,Name_59,user_9@example.com,dept_9,95
160,Name_60,user_10@example.com,dept_0,55
161,Name_61,user_11@example.com,dept_1,17
162,Name_62,user_12@example.com,dept_2,57
163,Name_63,user_13@example.com,dept_3,94
164,Name_64,user_14@example.com,dept_4,9
165,Name_65,user_15@example.com,dept_5,3
166,Name_66,user_16@example.com,dept_6,91
167,Name_67,user_17@example.com,dept_7,71
168,Name_68,user_18@example.com,dept_8,65
169,Name_69,user_19@example.com,dept_9,95
170,Name_70,user_20@example.com,dept_0,3
171,Name_71,user_21@example.com,dept_1,52
172,Name_72,user_22@example.com,dept_2,86
173,Name_73,user_23@example.com,dept_3,86
174,Name_74,user_24@example.com,dept_4,66
175,Name_75,user_25@example.com,dept_5,74
176,Name_76,user_26@example.com,dept_6,25
177,Name_77,user_27@example.com,dept_7,62
178,Name_78,user_28@example.com,dept_8,70
179,Name_79,user_29@example.com,dept_9,86
180,Name_80,user_30@example.com,dept_0,3
181,Name_81,user_31@example.com,dept_1,27
182,Name_82,user_32@example.com,dept_2,87
183,Name_83,user_33@example.com,dept_3,11
184,Name_84,user_34@example.com,dept_4,97
185,Name_85,user_35@example.com,dept_5,41
186,Name_86,user_36@example.com,dept_6,6
187,Name_87,user_37@example.com,dept_7,72
188,Name_88,user_38@example.com,dept_8,42
189,Name_89,user_39@example.com,dept_9,35
190,Name_90,user_40@example.com,dept_0,67
191,Name_91,user_41@example.com,dept_1,67
192,Name_92,user_42@example.com,dept_2,67
193,Name_93,user_43@example.com,dept_3,92
194,Name_94,user_44@example.com,dept_4,86
195,Name_95,user_45@example.com,dept_5,29
196,Name_96,user_46@example.com,dept_6,83
197,Name_97,user_47@example.com,dept_7,62
198,Name_98,user_48@example.com,dept_8,29
199,Name_99,user_49@example.com,dept_9,100
200,Name_0,user_0@example.com,dept_0,55
201,Name_1,user_1@example.com,dept_1,94
202,Name_2,user_2@example.com,dept_2,96
203,Name_3,user_3@example.com,dept_3,48
204,Name_4,user_4@example.com,dept_4,69
205,Name_5,user_5@example.com,dept_5,55
206,Name_6,user_6@example.com,dept_6,100
207,Name_7,user_7@example.com,dept_7,60
208,Name_8,user_8@example.com,dept_8,23
209,Name_9,user_9@example.com,dept_9,34
210,Name_10,user_10@example.com,dept_0,15
211,Name_11,user_11@example.com,dept_1,70
212,Name_12,user_12@example.com,dept_2,19
213,Name_13,user_13@example.com,dept_3,9
214,Name_14,user_14@example.com,dept_4,41
215,Name_15,user_15@example.com,dept_5,91
216,Name_16,user_16@example.com,dept_6,24
217,Name_17,user_17@example.com,dept_7,16
218,Name_18,user_18@example.com,dept_8,93
219,Name_19,user_19@example.com,dept_9,74
220,Name_20,user_20@example.com,dept_0,98
221,Name_21,user_21@example.com,dept_1,79
222,Name_22,user_22@example.com,dept_2,86
223,Name_23,user_23@example.com,dept_3,53
224,Name_24,user_24@example.com,dept_4,17
225,Name_25,user_25@example.com,dept_5,22
226,Name_26,user_26@example.com,dept_6,69
227,Name_27,user_27@example.com,dept_7,73
228,Name_28,user_28@example.com,dept_8,24
229,Name_29,user_29@example.com,dept_9,64
230,Name_30,user_30@example.com,dept_0,60
231,Name_31,user_31@example.com,dept_1,92
232,Name_32,user_32@example.com,dept_2,70
233,Name_33,user_33@example.com,dept_3,4
234,Name_34,user_34@example.com,dept_4,70
235,Name_35,user_35@example.com,dept_5,21
236,Name_36,user_36@example.com,dept_6,93
237,Name_37,user_37@example.com,dept_7,13
238,Name_38,user_38@example.com,dept_8,72
239,Name_39,user_39@example.com,dept_9,93
240,Name_40,user_40@example.com,dept_0,91
241,Name_41,user_41@example.com,dept_1,83
242,Name_42,user_42@example.com,dept_2,77
243,Name_43,user_43@example.com,dept_3,58
244,Name_44,user_44@example.com,dept_4,33
245,Name_45,user_45@example.com,dept_5,50
246,Name_46,user_46@example.com,dept_6,60
247,Name_47,user_47@example.com,dept_7,40
248,Name_48,user_48@example.com,dept_8,65
249,Name_49,user_49@example.com,dept_9,50
250,Name_50,user_0@example.com,dept_0,93
251,Name_51,user_1@example.com,dept_1,61
252,Name_52,user_2@example.com,dept_2,62
253,Name_53,user_3@example.com,dept_3,16
254,Name_54,user_4@example.com,dept_4,64
255,Name_55,user_5@example.com,dept_5,70
256,Name_56,user_6@example.com,dept_6,29
257,Name_57,user_7@example.com,dept_7,86
258,Name_58,user_8@example.com,dept_8,30
259,Name_59,user_9@example.com,dept_9,45
260,Name_60,user_10@example.com,dept_0,90
261,Name_61,user_11@example.com,dept_1,61
262,Name_62,user_12@example.com,dept_2,40
263,Name_63,user_13@example.com,dept_3,60
264,Name_64,user_14@example.com,dept_4,33
265,Name_65,user_15@example.com,dept_5,92
266,Name_66,user_16@example.com,dept_6,18
267,Name_67,user_17@example.com,dept_7,29
268,Name_68,user_18@example.com,dept_8,28
269,Name_69,user_19@example.com,dept_9,80
270,Name_70,user_20@example.com,dept_0,35
271,Name_71,user_21@example.com,dept_1,95
272,Name_72,user_22@example.com,dept_2,67
273,Name_73,user_23@example.com,dept_3,28
274,Name_74,user_24@example.com,dept_4,8
275,Name_75,user_25@example.com,dept_5,14
276,Name_76,user_26@example.com,dept_6,42
277,Name_77,user_27@example.com,dept_7,61
278,Name_78,user_28@example.com,dept_8,90
279,Name_79,user_29@example.com,dept_9,19
280,Name_80,user_30@example.com,dept_0,95
281,Name_81,user_31@example.com,dept_1,25
282,Name_82,user_32@example.com,dept_2,85
283,Name_83,user_33@example.com,dept_3,26
284,Name_84,user_34@example.com,dept_4,64
285,Name_85,user_35@example.com,dept_5,79
286,Name_86,user_36@example.com,dept_6,29
287,Name_87,user_37@example.com,dept_7,79
288,Name_88,user_38@example.com,dept_8,48
289,Name_89,user_39@example.com,dept_9,13
290,Name_90,user_40@example.com,dept_0,37
291,Name_91,user_41@example.com,dept_1,71
292,Name_92,user_42@example.com,dept_2,73
293,Name_93,user_43@example.com,dept_3,80
294,Name_94,user_44@example.com,dept_4,78
295,Name_95,user_45@example.com,dept_5,21
296,Name_96,user_46@example.com,dept_6,45
297,Name_97,user_47@example.com,dept_7,99
298,Name_98,user_48@example.com,dept_8,47
299,Name_99,user_49@example.com,dept_9,6
300,Name_0,user_0@example.com,dept_0,38
301,Name_1,user_1@example.com,dept_1,82
302,Name_2,user_2@example.com,dept_2,13
303,Name_3,user_3@example.com,dept_3,63
304,Name_4,user_4@example.com,dept_4,91
305,Name_5,user_5@example.com,dept_5,86
306,Name_6,user_6@example.com,dept_6,40
307,Name_7,user_7@example.com,dept_7,43
308,Name_8,user_8@example.com,dept_8,81
309,Name_9,user_9@example.com,dept_9,74
310,Name_10,user_10@example.com,dept_0,100
311,Name_11,user_11@example.com,dept_1,8
312,Name_12,user_12@example.com,dept_2,98
313,Name_13,user_13@example.com,dept_3,72
314,Name_14,user_14@example.com,dept_4,94
315,Name_15,user_15@example.com,dept_5,36
316,Name_16,user_16@example.com,dept_6,73
317,Name_17,user_17@example.com,dept_7,45
318,Name_18,user_18@example.com,dept_8,80
319,Name_19,user_19@example.com,dept_9,92
320,Name_20,user_20@example.com,dept_0,10
321,Name_21,user_21@example.com,dept_1,4
322,Name_22,user_22@example.com,dept_2,100
323,Name_23,user_23@example.com,dept_3,37
324,Name_24,user_24@example.com,dept_4,92
325,Name_25,user_25@example.com,dept_5,11
326,Name_26,user_26@example.com,dept_6,71
327,Name_27,user_27@example.com,dept_7,72
328,Name_28,user_28@example.com,dept_8,38
329,Name_29,user_29@example.com,dept_9,54
330,Name_30,user_30@example.com,dept_0,52
331,Name_31,user_31@example.com,dept_1,64
332,Name_32,user_32@example.com,dept_2,10
333,Name_33,user_33@example.com,dept_3,98
334,Name_34,user_34@example.com,dept_4,78
335,Name_35,user_35@example.com,dept_5,80
336,Name_36,user_36@example.com,dept_6,24
337,Name_37,user_37@example.com,dept_7,19
338,Name_38,user_38@example.com,dept_8,79
339,Name_39,user_39@example.com,dept_9,72
340,Name_40,user_40@example.com,dept_0,82
341,Name_41,user_41@example.com,dept_1,9
342,Name_42,user_42@example.com,dept_2,13
343,Name_43,user_43@example.com,dept_3,84
344,Name_44,user_44@example.com,dept_4,74
345,Name_45,user_45@example.com,dept_5,65
346,Name_46,user_46@example.com,dept_6,95
347,Name_47,user_47@example.com,dept_7,50
348,Name_48,user_48@example.com,dept_8,30
349,Name_49,user_49@example.com,dept_9,94
350,Name_50,user_0@example.com,dept_0,25
351,Name_51,user_1@example.com,dept_1,86
352,Name_52,user_2@example.com,dept_2,91
353,Name_53,user_3@example.com,dept_3,53
354,Name_54,user_4@example.com,dept_4,94
355,Name_55,user_5@example.com,dept_5,92
356,Name_56,user_6@example.com,dept_6,86
357,Name_57,user_7@example.com,dept_7,1
358,Name_58,user_8@example.com,dept_8,74
359,Name_59,user_9@example.com,dept_9,79
360,Name_60,user_10@example.com,dept_0,20
361,Name_61,user_11@example.com,dept_1,18
362,Name_62,user_12@example.com,dept_2,52
363,Name_63,user_13@example.com,dept_3,40
364,Name_64,user_14@example.com,dept_4,2
365,Name_65,user_15@example.com,dept_5,94
366,Name_66,user_16@example.com,dept_6,11
367,Name_67,user_17@example.com,dept_7,18
368,Name_68,user_18@example.com,dept_8,85
369,Name_69,user_19@example.com,dept_9,22
370,Name_70,user_20@example.com,dept_0,99
371,Name_71,user_21@example.com,dept_1,71
372,Name_72,user_22@example.com,dept_2,39
373,Name_73,user_23@example.com,dept_3,10
374,Name_74,user_24@example.com,dept_4,84
375,Name_75,user_25@example.com,dept_5,24
376,Name_76,user_26@example.com,dept_6,97
377,Name_77,user_27@example.com,dept_7,13
378,Name_78,user_28@example.com,dept_8,68
379,Name_79,user_29@example.com,dept_9,19
380,Name_80,user_30@example.com,dept_0,11
381,Name_81,user_31@example.com,dept_1,52
382,Name_82,user_32@example.com,dept_2,2
383,Name_83,user_33@example.com,dept_3,22
384,Name_84,user_34@example.com,dept_4,72
385,Name_85,user_35@example.com,dept_5,7
386,Name_86,user_36@example.com,dept_6,61
387,Name_87,user_37@example.com,dept_7,23
388,Name_88,user_38@example.com,dept_8,87
389,Name_89,user_39@example.com,dept_9,24
390,Name_90,user_40@example.com,dept_0,92
391,Name_91,user_41@example.com,dept_1,14
392,Name_92,user_42@example.com,dept_2,9
393,Name_93,user_43@example.com,dept_3,99
394,Name_94,user_44@example.com,dept_4,78
395,Name_95,user_45@example.com,dept_5,70
396,Name_96,user_46@example.com,dept_6,30
397,Name_97,user_47@example.com,dept_7,47
398,Name_98,user_48@example.com,dept_8,50
399,Name_99,user_49@example.com,dept_9,69
400,Name_0,user_0@example.com,dept_0,65
401,Name_1,user_1@example.com,dept_1,8
402,Name_2,user_2@example.com,dept_2,14
403,Name_3,user_3@example.com,dept_3,85
404,Name_4,user_4@example.com,dept_4,93
405,Name_5,user_5@example.com,dept_5,72
406,Name_6,user_6@example.com,dept_6,20
407,Name_7,user_7@example.com,dept_7,11
408,Name_8,user_8@example.com,dept_8,39
409,Name_9,user_9@example.com,dept_9,60
410,Name_10,user_10@example.com,dept_0,63
411,Name_11,user_11@example.com,dept_1,20
412,Name_12,user_12@example.com,dept_2,29
413,Name_13,user_13@example.com,dept_3,54
414,Name_14,user_14@example.com,dept_4,77
415,Name_15,user_15@example.com,dept_5,21
416,Name_16,user_16@example.com,dept_6,79
417,Name_17,user_17@example.com,dept_7,88
418,Name_18,user_18@example.com,dept_8,5
419,Name_19,user_19@example.com,dept_9,60
420,Name_20,user_20@example.com,dept_0,90
421,Name_21,user_21@example.com,dept_1,70
422,Name_22,user_22@example.com,dept_2,10
423,Name_23,user_23@example.com,dept_3,76
424,Name_24,user_24@example.com,dept_4,28
425,Name_25,user_25@example.com,dept_5,24
426,Name_26,user_26@example.com,dept_6,16
427,Name_27,user_27@example.com,dept_7,43
428,Name_28,user_28@example.com,dept_8,51
429,Name_29,user_29@example.com,dept_9,89
430,Name_30,user_30@example.com,dept_0,90
431,Name_31,user_31@example.com,dept_1,3
432,Name_32,user_32@example.com,dept_2,5
433,Name_33,user_33@example.com,dept_3,5
434,Name_34,user_34@example.com,dept_4,31
435,Name_35,user_35@example.com,dept_5,62
436,Name_36,user_36@example.com,dept_6,22
437,Name_37,user_37@example.com,dept_7,22
438,Name_38,user_38@example.com,dept_8,26
439,Name_39,user_39@example.com,dept_9,16
440,Name_40,user_40@example.com,dept_0,60
441,Name_41,user_41@example.com,dept_1,20
442,Name_42,user_42@example.com,dept_2,68
443,Name_43,user_43@example.com,dept_3,14
444,Name_44,user_44@example.com,dept_4,62
445,Name_45,user_45@example.com,dept_5,44
446,Name_46,user_46@example.com,dept_6,82
447,Name_47,user_47@example.com,dept_7,7
448,Name_48,user_48@example.com,dept_8,32
449,Name_49,user_49@example.com,dept_9,79
450,Name_50,user_0@example.com,dept_0,97
451,Name_51,user_1@example.com,dept_1,23
452,Name_52,user_2@example.com,dept_2,79
453,Name_53,user_3@example.com,dept_3,83
454,Name_54,user_4@example.com,dept_4,57
455,Name_55,user_5@example.com,dept_5,67
456,Name_56,user_6@example.com,dept_6,43
457,Name_57,user_7@example.com,dept_7,36
458,Name_58,user_8@example.com,dept_8,24
459,Name_59,user_9@example.com,dept_9,44
460,Name_60,user_10@example.com,dept_0,81
461,Name_61,user_11@example.com,dept_1,7
462,Name_62,user_12@example.com,dept_2,26
463,Name_63,user_13@example.com,dept_3,42
464,Name_64,user_14@example.com,dept_4,22
465,Name_65,user_15@example.com,dept_5,22
466,Name_66,user_16@example.com,dept_6,5
467,Name_67,user_17@example.com,dept_7,44
468,Name_68,user_18@example.com,dept_8,95
469,Name_69,user_19@example.com,dept_9,2
470,Name_70,user_20@example.com,dept_0,54
471,Name_71,user_21@example.com,dept_1,18
472,Name_72,user_22@example.com,dept_2,57
473,Name_73,user_23@example.com,dept_3,95
474,Name_74,user_24@example.com,dept_4,45
475,Name_75,user_25@example.com,dept_5,48
476,Name_76,user_26@example.com,dept_6,8
477,Name_77,user_27@example.com,dept_7,97
478,Name_78,user_28@example.com,dept_8,23
479,Name_79,user_29@example.com,dept_9,18
480,Name_80,user_30@example.com,dept_0,56
481,Name_81,user_31@example.com,dept_1,85
482,Name_82,user_32@example.com,dept_2,50
483,Name_83,user_33@example.com,dept_3,61
484,Name_84,user_34@example.com,dept_4,7
485,Name_85,user_35@example.com,dept_5,85
486,Name_86,user_36@example.com,dept_6,18
487,Name_87,user_37@example.com,dept_7,49
488,Name_88,user_38@example.com,dept_8,29
489,Name_89,user_39@example.com,dept_9,64
490,Name_90,user_40@example.com,dept_0,71
491,Name_91,user_41@example.com,dept_1,24
492,Name_92,user_42@example.com,dept_2,44
493,Name_93,user_43@example.com,dept_3,87
494,Name_94,user_44@example.com,dept_4,38
495,Name_95,user_45@example.com,dept_5,94
496,Name_96,user_46@example.com,dept_6,24
497,Name_97,user_47@example.com,dept_7,68
498,Name_98,user_48@example.com,dept_8,27
499,Name_99,user_49@example.com,dept_9,59
500,Name_0,user_0@example.com,dept_0,100
501,Name_1,user_1@example.com,dept_1,50
502,Name_2,user_2@example.com,dept_2,21
503,Name_3,user_3@example.com,dept_3,47
504,Name_4,user_4@example.com,dept_4,87
505,Name_5,user_5@example.com,dept_5,28
506,Name_6,user_6@example.com,dept_6,85
507,Name_7,user_7@example.com,dept_7,76
508,Name_8,user_8@example.com,dept_8,32
509,Name_9,user_9@example.com,dept_9,47
510,Name_10,user_10@example.com,dept_0,9
511,Name_11,user_11@example.com,dept_1,43
512,Name_12,user_12@example.com,dept_2,13
513,Name_13,user_13@example.com,dept_3,23
514,Name_14,user_14@example.com,dept_4,80
515,Name_15,user_15@example.com,dept_5,30
516,Name_16,user_16@example.com,dept_6,47
517,Name_17,user_17@example.com,dept_7,7
518,Name_18,user_18@example.com,dept_8,99
519,Name_19,user_19@example.com,dept_9,23
520,Name_20,user_20@example.com,dept_0,63
521,Name_21,user_21@example.com,dept_1,8
522,Name_22,user_22@example.com,dept_2,10
523,Name_23,user_23@example.com,dept_3,51
524,Name_24,user_24@example.com,dept_4,93
525,Name_25,user_25@example.com,dept_5,35
526,Name_26,user_26@example.com,dept_6,97
527,Name_27,user_27@example.com,dept_7,47
528,Name_28,user_28@example.com,dept_8,9
529,Name_29,user_29@example.com,dept_9,56
530,Name_30,user_30@example.com,dept_0,29
531,Name_31,user_31@example.com,dept_1,69
532,Name_32,user_32@example.com,dept_2,81
533,Name_33,user_33@example.com,dept_3,75
534,Name_34,user_34@example.com,dept_4,71
535,Name_35,user_35@example.com,dept_5,9
536,Name_36,user_36@example.com,dept_6,91
537,Name_37,user_37@example.com,dept_7,36
538,Name_38,user_38@example.com,dept_8,76
539,Name_39,user_39@example.com,dept_9,15
540,Name_40,user_40@example.com,dept_0,37
541,Name_41,user_41@example.com,dept_1,73
542,Name_42,user_42@example.com,dept_2,2
543,Name_43,user_43@example.com,dept_3,56
544,Name_44,user_44@example.com,dept_4,45
545,Name_45,user_45@example.com,dept_5,91
546,Name_46,user_46@example.com,dept_6,41
547,Name_47,user_47@example.com,dept_7,80
548,Name_48,user_48@example.com,dept_8,86
549,Name_49,user_49@example.com,dept_9,18
550,Name_50,user_0@example.com,dept_0,36
551,Name_51,user_1@example.com,dept_1,72
552,Name_52,user_2@example.com,dept_2,88
553,Name_53,user_3@example.com,dept_3,11
554,Name_54,user_4@example.com,dept_4,94
555,Name_55,user_5@example.com,dept_5,48
556,Name_56,user_6@example.com,dept_6,68
557,Name_57,user_7@example.com,dept_7,2
558,Name_58,user_8@example.com,dept_8,18
559,Name_59,user_9@example.com,dept_9,66
560,Name_60,user_10@example.com,dept_0,22
561,Name_61,user_11@example.com,dept_1,96
562,Name_62,user_12@example.com,dept_2,35
563,Name_63,user_13@example.com,dept_3,60
564,Name_64,user_14@example.com,dept_4,93
565,Name_65,user_15@example.com,dept_5,98
566,Name_66,user_16@example.com,dept_6,31
567,Name_67,user_17@example.com,dept_7,46
568,Name_68,user_18@example.com,dept_8,6
569,Name_69,user_19@example.com,dept_9,1
570,Name_70,user_20@example.com,dept_0,96
571,Name_71,user_21@example.com,dept_1,54
572,Name_72,user_22@example.com,dept_2,1
573,Name_73,user_23@example.com,dept_3,70
574,Name_74,user_24@example.com,dept_4,30
575,Name_75,user_25@example.com,dept_5,27
576,Name_76,user_26@example.com,dept_6,17
577,Name_77,user_27@example.com,dept_7,87
578,Name_78,user_28@example.com,dept_8,34
579,Name_79,user_29@example.com,dept_9,98
580,Name_80,user_30@example.com,dept_0,85
581,Name_81,user_31@example.com,dept_1,1
582,Name_82,user_32@example.com,dept_2,40
583,Name_83,user_33@example.com,dept_3,6
584,Name_84,user_34@example.com,dept_4,1
585,Name_85,user_35@example.com,dept_5,63
586,Name_86,user_36@example.com,dept_6,90
587,Name_87,user_37@example.com,dept_7,53
588,Name_88,user_38@example.com,dept_8,5
589,Name_89,user_39@example.com,dept_9,47
590,Name_90,user_40@example.com,dept_0,17
591,Name_91,user_41@example.com,dept_1,47
592,Name_92,user_42@example.com,dept_2,15
593,Name_93,user_43@example.com,dept_3,79
594,Name_94,user_44@example.com,dept_4,3
595,Name_95,user_45@example.com,dept_5,48
596,Name_96,user_46@example.com,dept_6,69
597,Name_97,user_47@example.com,dept_7,9
598,Name_98,user_48@example.com,dept_8,31
599,Name_99,user_49@example.com,dept_9,11
600,Name_0,user_0@example.com,dept_0,90
601,Name_1,user_1@example.com,dept_1,92
602,Name_2,user_2@example.com,dept_2,25
603,Name_3,user_3@example.com,dept_3,9
604,Name_4,user_4@example.com,dept_4,83
605,Name_5,user_5@example.com,dept_5,26
606,Name_6,user_6@example.com,dept_6,21
607,Name_7,user_7@example.com,dept_7,82
608,Name_8,user_8@example.com,dept_8,31
609,Name_9,user_9@example.com,dept_9,78
610,Name_10,user_10@example.com,dept_0,43
611,Name_11,user_11@example.com,dept_1,50
612,Name_12,user_12@example.com,dept_2,85
613,Name_13,user_13@example.com,dept_3,36
614,Name_14,user_14@example.com,dept_4,65
615,Name_15,user_15@example.com,dept_5,77
616,Name_16,user_16@example.com,dept_6,70
617,Name_17,user_17@example.com,dept_7,11
618,Name_18,user_18@example.com,dept_8,66
619,Name_19,user_19@example.com,dept_9,91
620,Name_20,user_20@example.com,dept_0,79
621,Name_21,user_21@example.com,dept_1,74
622,Name_22,user_22@example.com,dept_2,23
623,Name_23,user_23@example.com,dept_3,57
624,Name_24,user_24@example.com,dept_4,27
625,Name_25,user_25@example.com,dept_5,85
626,Name_26,user_26@example.com,dept_6,61
627,Name_27,user_27@example.com,dept_7,15
628,Name_28,user_28@example.com,dept_8,39
629,Name_29,user_29@example.com,dept_9,65
630,Name_30,user_30@example.com,dept_0,96
631,Name_31,user_31@example.com,dept_1,59
632,Name_32,user_32@example.com,dept_2,29
633,Name_33,user_33@example.com,dept_3,68
634,Name_34,user_34@example.com,dept_4,43
635,Name_35,user_35@example.com,dept_5,34
636,Name_36,user_36@example.com,dept_6,52
637,Name_37,user_37@example.com,dept_7,78
638,Name_38,user_38@example.com,dept_8,91
639,Name_39,user_39@example.com,dept_9,10
640,Name_40,user_40@example.com,dept_0,39
641,Name_41,user_41@example.com,dept_1,99
642,Name_42,user_42@example.com,dept_2,12
643,Name_43,user_43@example.com,dept_3,15
644,Name_44,user_44@example.com,dept_4,100
645,Name_45,user_45@example.com,dept_5,8
646,Name_46,user_46@example.com,dept_6,88
647,Name_47,user_47@example.com,dept_7,12
648,Name_48,user_48@example.com,dept_8,39
649,Name_49,user_49@example.com,dept_9,50
650,Name_50,user_0@example.com,dept_0,35
651,Name_51,user_1@example.com,dept_1,35
652,Name_52,user_2@example.com,dept_2,98
653,Name_53,user_3@example.com,dept_3,35
654,Name_54,user_4@example.com,dept_4,16
655,Name_55,user_5@example.com,dept_5,100
656,Name_56,user_6@example.com,dept_6,77
657,Name_57,user_7@example.com,dept_7,56
658,Name_58,user_8@example.com,dept_8,20
659,Name_59,user_9@example.com,dept_9,61
660,Name_60,user_10@example.com,dept_0,79
661,Name_61,user_11@example.com,dept_1,88
662,Name_62,user_12@example.com,dept_2,45
663,Name_63,user_13@example.com,dept_3,69
664,Name_64,user_14@example.com,dept_4,4
665,Name_65,user_15@example.com,dept_5,95
666,Name_66,user_16@example.com,dept_6,100
667,Name_67,user_17@example.com,dept_7,14
668,Name_68,user_18@example.com,dept_8,37
669,Name_69,user_19@example.com,dept_9,18
670,Name_70,user_20@example.com,dept_0,71
671,Name_71,user_21@example.com,dept_1,2
672,Name_72,user_22@example.com,dept_2,37
673,Name_73,user_23@example.com,dept_3,17
674,Name_74,user_24@example.com,dept_4,58
675,Name_75,user_25@example.com,dept_5,6
676,Name_76,user_26@example.com,dept_6,85
677,Name_77,user_27@example.com,dept_7,66
678,Name_78,user_28@example.com,dept_8,54
679,Name_79,user_29@example.com,dept_9,13
680,Name_80,user_30@example.com,dept_0,11
681,Name_81,user_31@example.com,dept_1,76
682,Name_82,user_32@example.com,dept_2,17
683,Name_83,user_33@example.com,dept_3,65
684,Name_84,user_34@example.com,dept_4,47
685,Name_85,user_35@example.com,dept_5,51
686,Name_86,user_36@example.com,dept_6,74
687,Name_87,user_37@example.com,dept_7,6
688,Name_88,user_38@example.com,dept_8,65
689,Name_89,user_39@example.com,dept_9,95
690,Name_90,user_40@example.com,dept_0,76
691,Name_91,user_41@example.com,dept_1,97
692,Name_92,user_42@example.com,dept_2,71
693,Name_93,user_43@example.com,dept_3,77
694,Name_94,user_44@example.com,dept_4,25
695,Name_95,user_45@example.com,dept_5,94
696,Name_96,user_46@example.com,dept_6,11
697,Name_97,user_47@example.com,dept_7,44
698,Name_98,user_48@example.com,dept_8,62
699,Name_99,user_49@example.com,dept_9,4
700,Name_0,user_0@example.com,dept_0,51
701,Name_1,user_1@example.com,dept_1,44
702,Name_2,user_2@example.com,dept_2,13
703,Name_3,user_3@example.com,dept_3,62
704,Name_4,user_4@example.com,dept_4,29
705,Name_5,user_5@example.com,dept_5,14
706,Name_6,user_6@example.com,dept_6,72
707,Name_7,user_7@example.com,dept_7,66
708,Name_8,user_8@example.com,dept_8,7
709,Name_9,user_9@example.com,dept_9,45
710,Name_10,user_10@example.com,dept_0,45
711,Name_11,user_11@example.com,dept_1,28
712,Name_12,user_12@example.com,dept_2,52
713,Name_13,user_13@example.com,dept_3,94
714,Name_14,user_14@example.com,dept_4,22
715,Name_15,user_15@example.com,dept_5,96
716,Name_16,user_16@example.com,dept_6,47
717,Name_17,user_17@example.com,dept_7,47
718,Name_18,user_18@example.com,dept_8,13
719,Name_19,user_19@example.com,dept_9,53
720,Name_20,user_20@example.com,dept_0,97
721,Name_21,user_21@example.com,dept_1,74
722,Name_22,user_22@example.com,dept_2,29
723,Name_23,user_23@example.com,dept_3,49
724,Name_24,user_24@example.com,dept_4,50
725,Name_25,user_25@example.com,dept_5,44
726,Name_26,user_26@example.com,dept_6,57
727,Name_27,user_27@example.com,dept_7,56
728,Name_28,user_28@example.com,dept_8,56
729,Name_29,user_29@example.com,dept_9,6
730,Name_30,user_30@example.com,dept_0,19
731,Name_31,user_31@example.com,dept_1,65
732,Name_32,user_32@example.com,dept_2,43
733,Name_33,user_33@example.com,dept_3,11
734,Name_34,user_34@example.com,dept_4,33
735,Name_35,user_35@example.com,dept_5,18
736,Name_36,user_36@example.com,dept_6,36
737,Name_37,user_37@example.com,dept_7,1
738,Name_38,user_38@example.com,dept_8,37
739,Name_39,user_39@example.com,dept_9,77
740,Name_40,user_40@example.com,dept_0,22
741,Name_41,user_41@example.com,dept_1,49
742,Name_42,user_42@example.com,dept_2,79
743,Name_43,user_43@example.com,dept_3,65
744,Name_44,user_44@example.com,dept_4,57
745,Name_45,user_45@example.com,dept_5,46
746,Name_46,user_46@example.com,dept_6,70
747,Name_47,user_47@example.com,dept_7,56
748,Name_48,user_48@example.com,dept_8,5
749,Name_49,user_49@example.com,dept_9,67
750,Name_50,user_0@example.com,dept_0,79
751,Name_51,user_1@example.com,dept_1,48
752,Name_52,user_2@example.com,dept_2,99
753,Name_53,user_3@example.com,dept_3,38
754,Name_54,user_4@example.com,dept_4,73
755,Name_55,user_5@example.com,dept_5,22
756,Name_56,user_6@example.com,dept_6,18
757,Name_57,user_7@example.com,dept_7,16
758,Name_58,user_8@example.com,dept_8,50
759,Name_59,user_9@example.com,dept_9,20
760,Name_60,user_10@example.com,dept_0,90
761,Name_61,user_11@example.com,dept_1,54
762,Name_62,user_12@example.com,dept_2,45
763,Name_63,user_13@example.com,dept_3,89
764,Name_64,user_14@example.com,dept_4,89
765,Name_65,user_15@example.com,dept_5,96
766,Name_66,user_16@example.com,dept_6,40
767,Name_67,user_17@example.com,dept_7,47
768,Name_68,user_18@example.com,dept_8,12
769,Name_69,user_19@example.com,dept_9,57
770,Name_70,user_20@example.com,dept_0,89
771,Name_71,user_21@example.com,dept_1,65
772,Name_72,user_22@example.com,dept_2,99
773,Name_73,user_23@example.com,dept_3,52
774,Name_74,user_24@example.com,dept_4,58
775,Name_75,user_25@example.com,dept_5,48
776,Name_76,user_26@example.com,dept_6,87
777,Name_77,user_27@example.com,dept_7,39
778,Name_78,user_28@example.com,dept_8,70
779,Name_79,user_29@example.com,dept_9,17
780,Name_80,user_30@example.com,dept_0,42
781,Name_81,user_31@example.com,dept_1,48
782,Name_82,user_32@example.com,dept_2,15
783,Name_83,user_33@example.com,dept_3,26
784,Name_84,user_34@example.com,dept_4,86
785,Name_85,user_35@example.com,dept_5,30
786,Name_86,user_36@example.com,dept_6,7
787,Name_87,user_37@example.com,dept_7,27
788,Name_88,user_38@example.com,dept_8,56
789,Name_89,user_39@example.com,dept_9,95
790,Name_90,user_40@example.com,dept_0,44
791,Name_91,user_41@example.com,dept_1,33
792,Name_92,user_42@example.com,dept_2,45
793,Name_93,user_43@example.com,dept_3,18
794,Name_94,user_44@example.com,dept_4,33
795,Name_95,user_45@example.com,dept_5,80
796,Name_96,user_46@example.com,dept_6,39
797,Name_97,user_47@example.com,dept_7,17
798,Name_98,user_48@example.com,dept_8,34
799,Name_99,user_49@example.com,dept_9,1
800,Name_0,user_0@example.com,dept_0,32
801,Name_1,user_1@example.com,dept_1,53
802,Name_2,user_2@example.com,dept_2,90
803,Name_3,user_3@example.com,dept_3,85
804,Name_4,user_4@example.com,dept_4,8
805,Name_5,user_5@example.com,dept_5,5
806,Name_6,user_6@example.com,dept_6,51
807,Name_7,user_7@example.com,dept_7,82
808,Name_8,user_8@example.com,dept_8,7
809,Name_9,user_9@example.com,dept_9,27
810,Name_10,user_10@example.com,dept_0,87
811,Name_11,user_11@example.com,dept_1,74
812,Name_12,user_12@example.com,dept_2,71
813,Name_13,user_13@example.com,dept_3,82
814,Name_14,user_14@example.com,dept_4,65
815,Name_15,user_15@example.com,dept_5,92
816,Name_16,user_16@example.com,dept_6,8
817,Name_17,user_17@example.com,dept_7,82
818,Name_18,user_18@example.com,dept_8,10
819,Name_19,user_19@example.com,dept_9,67
820,Name_20,user_20@example.com,dept_0,40
821,Name_21,user_21@example.com,dept_1,9
822,Name_22,user_22@example.com,dept_2,34
823,Name_23,user_23@example.com,dept_3,74
824,Name_24,user_24@example.com,dept_4,92
825,Name_25,user_25@example.com,dept_5,5
826,Name_26,user_26@example.com,dept_6,72
827,Name_27,user_27@example.com,dept_7,52
828,Name_28,user_28@example.com,dept_8,78
829,Name_29,user_29@example.com,dept_9,50
830,Name_30,user_30@example.com,dept_0,65
831,Name_31,user_31@example.com,dept_1,17
832,Name_32,user_32@example.com,dept_2,90
833,Name_33,user_33@example.com,dept_3,27
834,Name_34,user_34@example.com,dept_4,63
835,Name_35,user_35@example.com,dept_5,46
836,Name_36,user_36@example.com,dept_6,1
837,Name_37,user_37@example.com,dept_7,34
838,Name_38,user_38@example.com,dept_8,97
839,Name_39,user_39@example.com,dept_9,37
840,Name_40,user_40@example.com,dept_0,91
841,Name_41,user_41@example.com,dept_1,82
842,Name_42,user_42@example.com,dept_2,60
843,Name_43,user_43@example.com,dept_3,40
844,Name_44,user_44@example.com,dept_4,18
845,Name_45,user_45@example.com,dept_5,64
846,Name_46,user_46@example.com,dept_6,3
847,Name_47,user_47@example.com,dept_7,35
848,Name_48,user_48@example.com,dept_8,93
849,Name_49,user_49@example.com,dept_9,46
850,Name_50,user_0@example.com,dept_0,87
851,Name_51,user_1@example.com,dept_1,91
852,Name_52,user_2@example.com,dept_2,68
853,Name_53,user_3@example.com,dept_3,18
854,Name_54,user_4@example.com,dept_4,80
855,Name_55,user_5@example.com,dept_5,98
856,Name_56,user_6@example.com,dept_6,53
857,Name_57,user_7@example.com,dept_7,55
858,Name_58,user_8@example.com,dept_8,84
859,Name_59,user_9@example.com,dept_9,99
860,Name_60,user_10@example.com,dept_0,18
861,Name_61,user_11@example.com,dept_1,14
862,Name_62,user_12@example.com,dept_2,19
863,Name_63,user_13@example.com,dept_3,61
864,Name_64,user_14@example.com,dept_4,59
865,Name_65,user_15@example.com,dept_5,98
866,Name_66,user_16@example.com,dept_6,42
867,Name_67,user_17@example.com,dept_7,43
868,Name_68,user_18@example.com,dept_8,58
869,Name_69,user_19@example.com,dept_9,97
870,Name_70,user_20@example.com,dept_0,30
871,Name_71,user_21@example.com,dept_1,23
872,Name_72,user_22@example.com,dept_2,81
873,Name_73,user_23@example.com,dept_3,73
874,Name_74,user_24@example.com,dept_4,78
875,Name_75,user_25@example.com,dept_5,84
876,Name_76,user_26@example.com,dept_6,84
877,Name_77,user_27@example.com,dept_7,71
878,Name_78,user_28@example.com,dept_8,46
879,Name_79,user_29@example.com,dept_9,98
880,Name_80,user_30@example.com,dept_0,54
881,Name_81,user_31@example.com,dept_1,20
882,Name_82,user_32@example.com,dept_2,88
883,Name_83,user_33@example.com,dept_3,76
884,Name_84,user_34@example.com,dept_4,86
885,Name_85,user_35@example.com,dept_5,8
886,Name_86,user_36@example.com,dept_6,59
887,Name_87,user_37@example.com,dept_7,74
888,Name_88,user_38@example.com,dept_8,16
889,Name_89,user_39@example.com,dept_9,34
890,Name_90,user_40@example.com,dept_0,96
891,Name_91,user_41@example.com,dept_1,89
892,Name_92,user_42@example.com,dept_2,2
893,Name_93,user_43@example.com,dept_3,81
894,Name_94,user_44@example.com,dept_4,1
895,Name_95,user_45@example.com,dept_5,24
896,Name_96,user_46@example.com,dept_6,66
897,Name_97,user_47@example.com,dept_7,47
898,Name_98,user_48@example.com,dept_8,22
899,Name_99,user_49@example.com,dept_9,19
900,Name_0,user_0@example.com,dept_0,11
901,Name_1,user_1@example.com,dept_1,22
902,Name_2,user_2@example.com,dept_2,23
903,Name_3,user_3@example.com,dept_3,98
904,Name_4,user_4@example.com,dept_4,11
905,Name_5,user_5@example.com,dept_5,46
906,Name_6,user_6@example.com,dept_6,91
907,Name_7,user_7@example.com,dept_7,85
908,Name_8,user_8@example.com,dept_8,37
909,Name_9,user_9@example.com,dept_9,66
910,Name_10,user_10@example.com,dept_0,13
911,Name_11,user_11@example.com,dept_1,19
912,Name_12,user_12@example.com,dept_2,26
913,Name_13,user_13@example.com,dept_3,61
914,Name_14,user_14@example.com,dept_4,84
915,Name_15,user_15@example.com,dept_5,70
916,Name_16,user_16@example.com,dept_6,68
917,Name_17,user_17@example.com,dept_7,62
918,Name_18,user_18@example.com,dept_8,32
919,Name_19,user_19@example.com,dept_9,60
920,Name_20,user_20@example.com,dept_0,28
921,Name_21,user_21@example.com,dept_1,95
922,Name_22,user_22@example.com,dept_2,25
923,Name_23,user_23@example.com,dept_3,75
924,Name_24,user_24@example.com,dept_4,3
925,Name_25,user_25@example.com,dept_5,66
926,Name_26,user_26@example.com,dept_6,94
927,Name_27,user_27@example.com,dept_7,89
928,Name_28,user_28@example.com,dept_8,51
929,Name_29,user_29@example.com,dept_9,81
930,Name_30,user_30@example.com,dept_0,96
931,Name_31,user_31@example.com,dept_1,60
932,Name_32,user_32@example.com,dept_2,20
933,Name_33,user_33@example.com,dept_3,13
934,Name_34,user_34@example.com,dept_4,78
935,Name_35,user_35@example.com,dept_5,77
936,Name_36,user_36@example.com,dept_6,47
937,Name_37,user_37@example.com,dept_7,75
938,Name_38,user_38@example.com,dept_8,100
939,Name_39,user_39@example.com,dept_9,38
940,Name_40,user_40@example.com,dept_0,88
941,Name_41,user_41@example.com,dept_1,74
942,Name_42,user_42@example.com,dept_2,29
943,Name_43,user_43@example.com,dept_3,24
944,Name_44,user_44@example.com,dept_4,41
945,Name_45,user_45@example.com,dept_5,51
946,Name_46,user_46@example.com,dept_6,22
947,Name_47,user_47@example.com,dept_7,46
948,Name_48,user_48@example.com,dept_8,26
949,Name_49,user_49@example.com,dept_9,34
950,Name_50,user_0@example.com,dept_0,57
951,Name_51,user_1@example.com,dept_1,44
952,Name_52,user_2@example.com,dept_2,20
953,Name_53,user_3@example.com,dept_3,54
954,Name_54,user_4@example.com,dept_4,88
955,Name_55,user_5@example.com,dept_5,8
956,Name_56,user_6@example.com,dept_6,19
957,Name_57,user_7@example.com,dept_7,57
958,Name_58,user_8@example.com,dept_8,17
959,Name_59,user_9@example.com,dept_9,54
960,Name_60,user_10@example.com,dept_0,26
961,Name_61,user_11@example.com,dept_1,85
962,Name_62,user_12@example.com,dept_2,87
963,Name_63,user_13@example.com,dept_3,93
964,Name_64,user_14@example.com,dept_4,21
965,Name_65,user_15@example.com,dept_5,37
966,Name_66,user_16@example.com,dept_6,35
967,Name_67,user_17@example.com,dept_7,72
968,Name_68,user_18@example.com,dept_8,8
969,Name_69,user_19@example.com,dept_9,14
970,Name_70,user_20@example.com,dept_0,63
971,Name_71,user_21@example.com,dept_1,3
972,Name_72,user_22@example.com,dept_2,57
973,Name_73,user_23@example.com,dept_3,53
974,Name_74,user_24@example.com,dept_4,89
975,Name_75,user_25@example.com,dept_5,31
976,Name_76,user_26@example.com,dept_6,68
977,Name_77,user_27@example.com,dept_7,4
978,Name_78,user_28@example.com,dept_8,57
979,Name_79,user_29@example.com,dept_9,40
980,Name_80,user_30@example.com,dept_0,31
981,Name_81,user_31@example.com,dept_1,53
982,Name_82,user_32@example.com,dept_2,51
983,Name_83,user_33@example.com,dept_3,14
984,Name_84,user_34@example.com,dept_4,19
985,Name_85,user_35@example.com,dept_5,83
986,Name_86,user_36@example.com,dept_6,27
987,Name_87,user_37@example.com,dept_7,58
988,Name_88,user_38@example.com,dept_8,12
989,Name_89,user_39@example.com,dept_9,63
990,Name_90,user_40@example.com,dept_0,31
991,Name_91,user_41@example.com,dept_1,25
992,Name_92,user_42@example.com,dept_2,18
993,Name_93,user_43@example.com,dept_3,51
994,Name_94,user_44@example.com,dept_4,81
995,Name_95,user_45@example.com,dept_5,1
996,Name_96,user_46@example.com,dept_6,17
997,Name_97,user_47@example.com,dept_7,76
998,Name_98,user_48@example.com,dept_8,10
999,Name_99,user_49@example.com,dept_9,40
0,Name_0,user_0@example.com,dept_0,20
1,Name_1,user_1@example.com,dept_1,60
2,Name_2,user_2@example.com,dept_2,89
3,Name_3,user_3@example.com,dept_3,45
4,Name_4,user_4@example.com,dept_4,51
5,Name_5,user_5@example.com,dept_5,45
6,Name_6,user_6@example.com,dept_6,21
7,Name_7,user_7@example.com,dept_7,89
8,Name_8,user_8@example.com,dept_8,49
9,Name_9,user_9@example.com,dept_9,95
10,Name_10,user_10@example.com,dept_0,39
11,Name_11,user_11@example.com,dept_1,39
12,Name_12,user_12@example.com,dept_2,91
13,Name_13,user_13@example.com,dept_3,79
14,Name_14,user_14@example.com,dept_4,31
15,Name_15,user_15@example.com,dept_5,82
16,Name_16,user_16@example.com,dept_6,29
17,Name_17,user_17@example.com,dept_7,24
18,Name_18,user_18@example.com,dept_8,46
19,Name_19,user_19@example.com,dept_9,79
20,Name_20,user_20@example.com,dept_0,35
21,Name_21,user_21@example.com,dept_1,88
22,Name_22,user_22@example.com,dept_2,86
23,Name_23,user_23@example.com,dept_3,54
24,Name_24,user_24@example.com,dept_4,4
25,Name_25,user_25@example.com,dept_5,20
26,Name_26,user_26@example.com,dept_6,68
27,Name_27,user_27@example.com,dept_7,12
28,Name_28,user_28@example.com,dept_8,70
29,Name_29,user_29@example.com,dept_9,84
30,Name_30,user_30@example.com,dept_0,94
31,Name_31,user_31@example.com,dept_1,26
32,Name_32,user_32@example.com,dept_2,81
33,Name_33,user_33@example.com,dept_3,51
34,Name_34,user_34@example.com,dept_4,51
35,Name_35,user_35@example.com,dept_5,13
36,Name_36,user_36@example.com,dept_6,4
37,Name_37,user_37@example.com,dept_7,77
38,Name_38,user_38@example.com,dept_8,56
39,Name_39,user_39@example.com,dept_9,40
40,Name_40,user_40@example.com,dept_0,44
41,Name_41,user_41@example.com,dept_1,38
42,Name_42,user_42@example.com,dept_2,62
43,Name_43,user_43@example.com,dept_3,89
44,Name_44,user_44@example.com,dept_4,99
45,Name_45,user_45@example.com,dept_5,42
46,Name_46,user_46@example.com,dept_6,83
47,Name_47,user_47@example.com,dept_7,14
48,Name_48,user_48@example.com,dept_8,67
49,Name_49,user_49@example.com,dept_9,49
50,Name_50,user_0@example.com,dept_0,11
51,Name_51,user_1@example.com,dept_1,23
52,Name_52,user_2@example.com,dept_2,80
53,Name_53,user_3@example.com,dept_3,19
54,Name_54,user_4@example.com,dept_4,48
55,Name_55,user_5@example.com,dept_5,19
56,Name_56,user_6@example.com,dept_6,37
57,Name_57,user_7@example.com,dept_7,80
58,Name_58,user_8@example.com,dept_8,97
59,Name_59,user_9@example.com,dept_9,41
60,Name_60,user_10@example.com,dept_0,77
61,Name_61,user_11@example.com,dept_1,25
62,Name_62,user_12@example.com,dept_2,39
63,Name_63,user_13@example.com,dept_3,46
64,Name_64,user_14@example.com,dept_4,22
65,Name_65,user_15@example.com,dept_5,27
66,Name_66,user_16@example.com,dept_6,40
67,Name_67,user_17@example.com,dept_7,26
68,Name_68,user_18@example.com,dept_8,89
69,Name_69,user_19@example.com,dept_9,13
70,Name_70,user_20@example.com,dept_0,75
71,Name_71,user_21@example.com,dept_1,27
72,Name_72,user_22@example.com,dept_2,11
73,Name_73,user_23@example.com,dept_3,32
74,Name_74,user_24@example.com,dept_4,84
75,Name_75,user_25@example.com,dept_5,15
76,Name_76,user_26@example.com,dept_6,51
77,Name_77,user_27@example.com,dept_7,96
78,Name_78,user_28@example.com,dept_8,17
79,Name_79,user_29@example.com,dept_9,40
80,Name_80,user_30@example.com,dept_0,44
81,Name_81,user_31@example.com,dept_1,47
82,Name_82,user_32@example.com,dept_2,90
83,Name_83,user_33@example.com,dept_3,25
84,Name_84,user_34@example.com,dept_4,1
85,Name_85,user_35@example.com,dept_5,39
86,Name_86,user_36@example.com,dept_6,73
87,Name_87,user_37@example.com,dept_7,52
88,Name_88,user_38@example.com,dept_8,2
89,Name_89,user_39@example.com,dept_9,99
90,Name_90,user_40@example.com,dept_0,7
91,Name_91,user_41@example.com,dept_1,6
92,Name_92,user_42@example.com,dept_2,39
93,Name_93,user_43@example.com,dept_3,55
94,Name_94,user_44@example.com,dept_4,20
95,Name_95,user_45@example.com,dept_5,23
96,Name_96,user_46@example.com,dept_6,26
97,Name_97,user_47@example.com,dept_7,45
98,Name_98,user_48@example.com,dept_8,76
99,Name_99,user_49@example.com,dept_9,10
100,Name_0,user_0@example.com,dept_0,6
101,Name_1,user_1@example.com,dept_1,61
102,Name_2,user_2@example.com,dept_2,1
103,Name_3,user_3@example.com,dept_3,35
104,Name_4,user_4@example.com,dept_4,84
105,Name_5,user_5@example.com,dept_5,39
106,Name_6,user_6@example.com,dept_6,34
107,Name_7,user_7@example.com,dept_7,22
108,Name_8,user_8@example.com,dept_8,68
109,Name_9,user_9@example.com,dept_9,58
110,Name_10,user_10@example.com,dept_0,22
111,Name_11,user_11@example.com,dept_1,33
112,Name_12,user_12@example.com,dept_2,15
113,Name_13,user_13@example.com,dept_3,7
114,Name_14,user_14@example.com,dept_4,93
115,Name_15,user_15@example.com,dept_5,93
116,Name_16,user_16@example.com,dept_6,34
117,Name_17,user_17@example.com,dept_7,64
118,Name_18,user_18@example.com,dept_8,26
119,Name_19,user_19@example.com,dept_9,38
120,Name_20,user_20@example.com,dept_0,63
121,Name_21,user_21@example.com,dept_1,65
122,Name_22,user_22@example.com,dept_2,50
123,Name_23,user_23@example.com,dept_3,51
124,Name_24,user_24@example.com,dept_4,9
125,Name_25,user_25@example.com,dept_5,46
126,Name_26,user_26@example.com,dept_6,92
127,Name_27,user_27@example.com,dept_7,54
128,Name_28,user_28@example.com,dept_8,100
129,Name_29,user_29@example.com,dept_9,78
130,Name_30,user_30@example.com,dept_0,7
131,Name_31,user_31@example.com,dept_1,91
132,Name_32,user_32@example.com,dept_2,74
133,Name_33,user_33@example.com,dept_3,96
134,Name_34,user_34@example.com,dept_4,2
135,Name_35,user_35@example.com,dept_5,31
136,Name_36,user_36@example.com,dept_6,91
137,Name_37,user_37@example.com,dept_7,26
138,Name_38,user_38@example.com,dept_8,72
139,Name_39,user_39@example.com,dept_9,23
140,Name_40,user_40@example.com,dept_0,13
141,Name_41,user_41@example.com,dept_1,82
142,Name_42,user_42@example.com,dept_2,79
143,Name_43,user_43@example.com,dept_3,20
144,Name_44,user_44@example.com,dept_4,36
145,Name_45,user_45@example.com,dept_5,15
146,Name_46,user_46@example.com,dept_6,18
147,Name_47,user_47@example.com,dept_7,14
148,Name_48,user_48@example.com,dept_8,68
149,Name_49,user_49@example.com,dept_9,85
150,Name_50,user_0@example.com,dept_0,42
151,Name_51,user_1@example.com,dept_1,42
152,Name_52,user_2@example.com,dept_2,63
153,Name_53,user_3@example.com,dept_3,59
154,Name_54,user_4@example.com,dept_4,59
155,Name_55,user_5@example.com,dept_5,94
156,Name_56,user_6@example.com,dept_6,54
157,Name_57,user_7@example.com,dept_7,38
158,Name_58,user_8@example.com,dept_8,29
159,Name_59,user_9@example.com,dept_9,95
160,Name_60,user_10@example.com,dept_0,55
161,Name_61,user_11@example.com,dept_1,17
162,Name_62,user_12@example.com,dept_2,57
163,Name_63,user_13@example.com,dept_3,94
164,Name_64,user_14@example.com,dept_4,9
165,Name_65,user_15@example.com,dept_5,3
166,Name_66,user_16@example.com,dept_6,91
167,Name_67,user_17@example.com,dept_7,71
168,Name_68,user_18@example.com,dept_8,65
169,Name_69,user_19@example.com,dept_9,95
170,Name_70,user_20@example.com,dept_0,3
171,Name_71,user_21@example.com,dept_1,52
172,Name_72,user_22@example.com,dept_2,86
173,Name_73,user_23@example.com,dept_3,86
174,Name_74,user_24@example.com,dept_4,66
175,Name_75,user_25@example.com,dept_5,74
176,Name_76,user_26@example.com,dept_6,25
177,Name_77,user_27@example.com,dept_7,62
178,Name_78,user_28@example.com,dept_8,70
179,Name_79,user_29@example.com,dept_9,86
180,Name_80,user_30@example.com,dept_0,3
181,Name_81,user_31@example.com,dept_1,27
182,Name_82,user_32@example.com,dept_2,87
183,Name_83,user_33@example.com,dept_3,11
184,Name_84,user_34@example.com,dept_4,97
185,Name_85,user_35@example.com,dept_5,41
186,Name_86,user_36@example.com,dept_6,6
187,Name_87,user_37@example.com,dept_7,72
188,Name_88,user_38@example.com,dept_8,42
189,Name_89,user_39@example.com,dept_9,35
190,Name_90,user_40@example.com,dept_0,67
191,Name_91,user_41@example.com,dept_1,67
192,Name_92,user_42@example.com,dept_2,67
193,Name_93,user_43@example.com,dept_3,92
194,Name_94,user_44@example.com,dept_4,86
195,Name_95,user_45@example.com,dept_5,29
196,Name_96,user_46@example.com,dept_6,83
197,Name_97,user_47@example.com,dept_7,62
198,Name_98,user_48@example.com,dept_8,29
199,Name_99,user_49@example.com,dept_9,100
200,Name_0,user_0@example.com,dept_0,55
201,Name_1,user_1@example.com,dept_1,94
202,Name_2,user_2@example.com,dept_2,96
203,Name_3,user_3@example.com,dept_3,48
204,Name_4,user_4@example.com,dept_4,69
205,Name_5,user_5@example.com,dept_5,55
206,Name_6,user_6@example.com,dept_6,100
207,Name_7,user_7@example.com,dept_7,60
208,Name_8,user_8@example.com,dept_8,23
209,Name_9,user_9@example.com,dept_9,34
210,Name_10,user_10@example.com,dept_0,15
211,Name_11,user_11@example.com,dept_1,70
212,Name_12,user_12@example.com,dept_2,19
213,Name_13,user_13@example.com,dept_3,9
214,Name_14,user_14@example.com,dept_4,41
215,Name_15,user_15@example.com,dept_5,91
216,Name_16,user_16@example.com,dept_6,24
217,Name_17,user_17@example.com,dept_7,16
218,Name_18,user_18@example.com,dept_8,93
219,Name_19,user_19@example.com,dept_9,74
220,Name_20,user_20@example.com,dept_0,98
221,Name_21,user_21@example.com,dept_1,79
222,Name_22,user_22@example.com,dept_2,86
223,Name_23,user_23@example.com,dept_3,53
224,Name_24,user_24@example.com,dept_4,17
225,Name_25,user_25@example.com,dept_5,22
226,Name_26,user_26@example.com,dept_6,69
227,Name_27,user_27@example.com,dept_7,73
228,Name_28,user_28@example.com,dept_8,24
229,Name_29,user_29@example.com,dept_9,64
230,Name_30,user_30@example.com,dept_0,60
231,Name_31,user_31@example.com,dept_1,92
232,Name_32,user_32@example.com,dept_2,70
233,Name_33,user_33@example.com,dept_3,4
234,Name_34,user_34@example.com,dept_4,70
235,Name_35,user_35@example.com,dept_5,21
236,Name_36,user_36@example.com,dept_6,93
237,Name_37,user_37@example.com,dept_7,13
238,Name_38,user_38@example.com,dept_8,72
239,Name_39,user_39@example.com,dept_9,93
240,Name_40,user_40@example.com,dept_0,91
241,Name_41,user_41@example.com,dept_1,83
242,Name_42,user_42@example.com,dept_2,77
243,Name_43,user_43@example.com,dept_3,58
244,Name_44,user_44@example.com,dept_4,33
245,Name_45,user_45@example.com,dept_5,50
246,Name_46,user_46@example.com,dept_6,60
247,Name_47,user_47@example.com,dept_7,40
248,Name_48,user_48@example.com,dept_8,65
249,Name_49,user_49@example.com,dept_9,50
250,Name_50,user_0@example.com,dept_0,93
251,Name_51,user_1@example.com,dept_1,61
252,Name_52,user_2@example.com,dept_2,62
253,Name_53,user_3@example.com,dept_3,16
254,Name_54,user_4@example.com,dept_4,64
255,Name_55,user_5@example.com,dept_5,70
256,Name_56,user_6@example.com,dept_6,29
257,Name_57,user_7@example.com,dept_7,86
258,Name_58,user_8@example.com,dept_8,30
259,Name_59,user_9@example.com,dept_9,45
260,Name_60,user_10@example.com,dept_0,90
261,Name_61,user_11@example.com,dept_1,61
262,Name_62,user_12@example.com,dept_2,40
263,Name_63,user_13@example.com,dept_3,60
264,Name_64,user_14@example.com,dept_4,33
265,Name_65,user_15@example.com,dept_5,92
266,Name_66,user_16@example.com,dept_6,18
267,Name_67,user_17@example.com,dept_7,29
268,Name_68,user_18@example.com,dept_8,28
269,Name_69,user_19@example.com,dept_9,80
270,Name_70,user_20@example.com,dept_0,35
271,Name_71,user_21@example.com,dept_1,95
272,Name_72,user_22@example.com,dept_2,67
273,Name_73,user_23@example.com,dept_3,28
274,Name_74,user_24@example.com,dept_4,8
275,Name_75,user_25@example.com,dept_5,14
276,Name_76,user_26@example.com,dept_6,42
277,Name_77,user_27@example.com,dept_7,61
278,Name_78,user_28@example.com,dept_8,90
279,Name_79,user_29@example.com,dept_9,19
280,Name_80,user_30@example.com,dept_0,95
281,Name_81,user_31@example.com,dept_1,25
282,Name_82,user_32@example.com,dept_2,85
283,Name_83,user_33@example.com,dept_3,26
284,Name_84,user_34@example.com,dept_4,64
285,Name_85,user_35@example.com,dept_5,79
286,Name_86,user_36@example.com,dept_6,29
287,Name_87,user_37@example.com,dept_7,79
288,Name_88,user_38@example.com,dept_8,48
289,Name_89,user_39@example.com,dept_9,13
290,Name_90,user_40@example.com,dept_0,37
291,Name_91,user_41@example.com,dept_1,71
292,Name_92,user_42@example.com,dept_2,73
293,Name_93,user_43@example.com,dept_3,80
294,Name_94,user_44@example.com,dept_4,78
295,Name_95,user_45@example.com,dept_5,21
296,Name_96,user_46@example.com,dept_6,45
297,Name_97,user_47@example.com,dept_7,99
298,Name_98,user_48@example.com,dept_8,47
299,Name_99,user_49@example.com,dept_9,6
300,Name_0,user_0@example.com,dept_0,38
301,Name_1,user_1@example.com,dept_1,82
302,Name_2,user_2@example.com,dept_2,13
303,Name_3,user_3@example.com,dept_3,63
304,Name_4,user_4@example.com,dept_4,91
305,Name_5,user_5@example.com,dept_5,86
306,Name_6,user_6@example.com,dept_6,40
307,Name_7,user_7@example.com,dept_7,43
308,Name_8,user_8@example.com,dept_8,81
309,Name_9,user_9@example.com,dept_9,74
310,Name_10,user_10@example.com,dept_0,100
311,Name_11,user_11@example.com,dept_1,8
312,Name_12,user_12@example.com,dept_2,98
313,Name_13,user_13@example.com,dept_3,72
314,Name_14,user_14@example.com,dept_4,94
315,Name_15,user_15@example.com,dept_5,36
316,Name_16,user_16@example.com,dept_6,73
317,Name_17,user_17@example.com,dept_7,45
318,Name_18,user_18@example.com,dept_8,80
319,Name_19,user_19@example.com,dept_9,92
320,Name_20,user_20@example.com,dept_0,10
321,Name_21,user_21@example.com,dept_1,4
322,Name_22,user_22@example.com,dept_2,100
323,Name_23,user_23@example.com,dept_3,37
324,Name_24,user_24@example.com,dept_4,92
325,Name_25,user_25@example.com,dept_5,11
326,Name_26,user_26@example.com,dept_6,71
327,Name_27,user_27@example.com,dept_7,72
328,Name_28,user_28@example.com,dept_8,38
329,Name_29,user_29@example.com,dept_9,54
330,Name_30,user_30@example.com,dept_0,52
331,Name_31,user_31@example.com,dept_1,64
332,Name_32,user_32@example.com,dept_2,10
333,Name_33,user_33@example.com,dept_3,98
334,Name_34,user_34@example.com,dept_4,78
335,Name_35,user_35@example.com,dept_5,80
336,Name_36,user_36@example.com,dept_6,24
337,Name_37,user_37@example.com,dept_7,19
338,Name_38,user_38@example.com,dept_8,79
339,Name_39,user_39@example.com,dept_9,72
340,Name_40,user_40@example.com,dept_0,82
341,Name_41,user_41@example.com,dept_1,9
342,Name_42,user_42@example.com,dept_2,13
343,Name_43,user_43@example.com,dept_3,84
344,Name_44,user_44@example.com,dept_4,74
345,Name_45,user_45@example.com,dept_5,65
346,Name_46,user_46@example.com,dept_6,95
347,Name_47,user_47@example.com,dept_7,50
348,Name_48,user_48@example.com,dept_8,30
349,Name_49,user_49@example.com,dept_9,94
350,Name_50,user_0@example.com,dept_0,25
351,Name_51,user_1@example.com,dept_1,86
352,Name_52,user_2@example.com,dept_2,91
353,Name_53,user_3@example.com,dept_3,53
354,Name_54,user_4@example.com,dept_4,94
355,Name_55,user_5@example.com,dept_5,92
356,Name_56,user_6@example.com,dept_6,86
357,Name_57,user_7@example.com,dept_7,1
358,Name_58,user_8@example.com,dept_8,74
359,Name_59,user_9@example.com,dept_9,79
360,Name_60,user_10@example.com,dept_0,20
361,Name_61,user_11@example.com,dept_1,18
362,Name_62,user_12@example.com,dept_2,52
363,Name_63,user_13@example.com,dept_3,40
364,Name_64,user_14@example.com,dept_4,2
365,Name_65,user_15@example.com,dept_5,94
366,Name_66,user_16@example.com,dept_6,11
367,Name_67,user_17@example.com,dept_7,18
368,Name_68,user_18@example.com,dept_8,85
369,Name_69,user_19@example.com,dept_9,22
370,Name_70,user_20@example.com,dept_0,99
371,Name_71,user_21@example.com,dept_1,71
372,Name_72,user_22@example.com,dept_2,39
373,Name_73,user_23@example.com,dept_3,10
374,Name_74,user_24@example.com,dept_4,84
375,Name_75,user_25@example.com,dept_5,24
376,Name_76,user_26@example.com,dept_6,97
377,Name_77,user_27@example.com,dept_7,13
378,Name_78,user_28@example.com,dept_8,68
379,Name_79,user_29@example.com,dept_9,19
380,Name_80,user_30@example.com,dept_0,11
381,Name_81,user_31@example.com,dept_1,52
382,Name_82,user_32@example.com,dept_2,2
383,Name_83,user_33@example.com,dept_3,22
384,Name_84,user_34@example.com,dept_4,72
385,Name_85,user_35@example.com,dept_5,7
386,Name_86,user_36@example.com,dept_6,61
387,Name_87,user_37@example.com,dept_7,23
388,Name_88,user_38@example.com,dept_8,87
389,Name_89,user_39@example.com,dept_9,24
390,Name_90,user_40@example.com,dept_0,92
391,Name_91,user_41@example.com,dept_1,14
392,Name_92,user_42@example.com,dept_2,9
393,Name_93,user_43@example.com,dept_3,99
394,Name_94,user_44@example.com,dept_4,78
395,Name_95,user_45@example.com,dept_5,70
396,Name_96,user_46@example.com,dept_6,30
397,Name_97,user_47@example.com,dept_7,47
398,Name_98,user_48@example.com,dept_8,50
399,Name_99,user_49@example.com,dept_9,69
400,Name_0,user_0@example.com,dept_0,65
401,Name_1,user_1@example.com,dept_1,8
402,Name_2,user_2@example.com,dept_2,14
403,Name_3,user_3@example.com,dept_3,85
404,Name_4,user_4@example.com,dept_4,93
405,Name_5,user_5@example.com,dept_5,72
406,Name_6,user_6@example.com,dept_6,20
407,Name_7,user_7@example.com,dept_7,11
408,Name_8,user_8@example.com,dept_8,39
409,Name_9,user_9@example.com,dept_9,60
410,Name_10,user_10@example.com,dept_0,63
411,Name_11,user_11@example.com,dept_1,20
412,Name_12,user_12@example.com,dept_2,29
413,Name_13,user_13@example.com,dept_3,54
414,Name_14,user_14@example.com,dept_4,77
415,Name_15,user_15@example.com,dept_5,21
416,Name_16,user_16@example.com,dept_6,79
417,Name_17,user_17@example.com,dept_7,88
418,Name_18,user_18@example.com,dept_8,5
419,Name_19,user_19@example.com,dept_9,60
420,Name_20,user_20@example.com,dept_0,90
421,Name_21,user_21@example.com,dept_1,70
422,Name_22,user_22@example.com,dept_2,10
423,Name_23,user_23@example.com,dept_3,76
424,Name_24,user_24@example.com,dept_4,28
425,Name_25,user_25@example.com,dept_5,24
426,Name_26,user_26@example.com,dept_6,16
427,Name_27,user_27@example.com,dept_7,43
428,Name_28,user_28@example.com,dept_8,51
429,Name_29,user_29@example.com,dept_9,89
430,Name_30,user_30@example.com,dept_0,90
431,Name_31,user_31@example.com,dept_1,3
432,Name_32,user_32@example.com,dept_2,5
433,Name_33,user_33@example.com,dept_3,5
434,Name_34,user_34@example.com,dept_4,31
435,Name_35,user_35@example.com,dept_5,62
436,Name_36,user_36@example.com,dept_6,22
437,Name_37,user_37@example.com,dept_7,22
438,Name_38,user_38@example.com,dept_8,26
439,Name_39,user_39@example.com,dept_9,16
440,Name_40,user_40@example.com,dept_0,60
441,Name_41,user_41@example.com,dept_1,20
442,Name_42,user_42@example.com,dept_2,68
443,Name_43,user_43@example.com,dept_3,14
444,Name_44,user_44@example.com,dept_4,62
445,Name_45,user_45@example.com,dept_5,44
446,Name_46,user_46@example.com,dept_6,82
447,Name_47,user_47@example.com,dept_7,7
448,Name_48,user_48@example.com,dept_8,32
449,Name_49,user_49@example.com,dept_9,79
450,Name_50,user_0@example.com,dept_0,97
451,Name_51,user_1@example.com,dept_1,23
452,Name_52,user_2@example.com,dept_2,79
453,Name_53,user_3@example.com,dept_3,83
454,Name_54,user_4@example.com,dept_4,57
455,Name_55,user_5@example.com,dept_5,67
456,Name_56,user_6@example.com,dept_6,43
457,Name_57,user_7@example.com,dept_7,36
458,Name_58,user_8@example.com,dept_8,24
459,Name_59,user_9@example.com,dept_9,44
460,Name_60,user_10@example.com,dept_0,81
461,Name_61,user_11@example.com,dept_1,7
462,Name_62,user_12@example.com,dept_2,26
463,Name_63,user_13@example.com,dept_3,42
464,Name_64,user_14@example.com,dept_4,22
465,Name_65,user_15@example.com,dept_5,22
466,Name_66,user_16@example.com,dept_6,5
467,Name_67,user_17@example.com,dept_7,44
468,Name_68,user_18@example.com,dept_8,95
469,Name_69,user_19@example.com,dept_9,2
470,Name_70,user_20@example.com,dept_0,54
471,Name_71,user_21@example.com,dept_1,18
472,Name_72,user_22@example.com,dept_2,57
473,Name_73,user_23@example.com,dept_3,95
474,Name_74,user_24@example.com,dept_4,45
475,Name_75,user_25@example.com,dept_5,48
476,Name_76,user_26@example.com,dept_6,8
477,Name_77,user_27@example.com,dept_7,97
478,Name_78,user_28@example.com,dept_8,23
479,Name_79,user_29@example.com,dept_9,18
480,Name_80,user_30@example.com,dept_0,56
481,Name_81,user_31@example.com,dept_1,85
482,Name_82,user_32@example.com,dept_2,50
483,Name_83,user_33@example.com,dept_3,61
484,Name_84,user_34@example.com,dept_4,7
485,Name_85,user_35@example.com,dept_5,85
486,Name_86,user_36@example.com,dept_6,18
487,Name_87,user_37@example.com,dept_7,49
488,Name_88,user_38@example.com,dept_8,29
489,Name_89,user_39@example.com,dept_9,64
490,Name_90,user_40@example.com,dept_0,71
491,Name_91,user_41@example.com,dept_1,24
492,Name_92,user_42@example.com,dept_2,44
493,Name_93,user_43@example.com,dept_3,87
494,Name_94,user_44@example.com,dept_4,38
495,Name_95,user_45@example.com,dept_5,94
496,Name_96,user_46@example.com,dept_6,24
497,Name_97,user_47@example.com,dept_7,68
498,Name_98,user_48@example.com,dept_8,27
499,Name_99,user_49@example.com,dept_9,59
500,Name_0,user_0@example.com,dept_0,100
501,Name_1,user_1@example.com,dept_1,50
502,Name_2,user_2@example.com,dept_2,21
503,Name_3,user_3@example.com,dept_3,47
504,Name_4,user_4@example.com,dept_4,87
505,Name_5,user_5@example.com,dept_5,28
506,Name_6,user_6@example.com,dept_6,85
507,Name_7,user_7@example.com,dept_7,76
508,Name_8,user_8@example.com,dept_8,32
509,Name_9,user_9@example.com,dept_9,47
510,Name_10,user_10@example.com,dept_0,9
511,Name_11,user_11@example.com,dept_1,43
512,Name_12,user_12@example.com,dept_2,13
513,Name_13,user_13@example.com,dept_3,23
514,Name_14,user_14@example.com,dept_4,80
515,Name_15,user_15@example.com,dept_5,30
516,Name_16,user_16@example.com,dept_6,47
517,Name_17,user_17@example.com,dept_7,7
518,Name_18,user_18@example.com,dept_8,99
519,Name_19,user_19@example.com,dept_9,23
520,Name_20,user_20@example.com,dept_0,63
521,Name_21,user_21@example.com,dept_1,8
522,Name_22,user_22@example.com,dept_2,10
523,Name_23,user_23@example.com,dept_3,51
524,Name_24,user_24@example.com,dept_4,93
525,Name_25,user_25@example.com,dept_5,35
526,Name_26,user_26@example.com,dept_6,97
527,Name_27,user_27@example.com,dept_7,47
528,Name_28,user_28@example.com,dept_8,9
529,Name_29,user_29@example.com,dept_9,56
530,Name_30,user_30@example.com,dept_0,29
531,Name_31,user_31@example.com,dept_1,69
532,Name_32,user_32@example.com,dept_2,81
533,Name_33,user_33@example.com,dept_3,75
534,Name_34,user_34@example.com,dept_4,71
535,Name_35,user_35@example.com,dept_5,9
536,Name_36,user_36@example.com,dept_6,91
537,Name_37,user_37@example.com,dept_7,36
538,Name_38,user_38@example.com,dept_8,76
539,Name_39,user_39@example.com,dept_9,15
540,Name_40,user_40@example.com,dept_0,37
541,Name_41,user_41@example.com,dept_1,73
542,Name_42,user_42@example.com,dept_2,2
543,Name_43,user_43@example.com,dept_3,56
544,Name_44,user_44@example.com,dept_4,45
545,Name_45,user_45@example.com,dept_5,91
546,Name_46,user_46@example.com,dept_6,41
547,Name_47,user_47@example.com,dept_7,80
548,Name_48,user_48@example.com,dept_8,86
549,Name_49,user_49@example.com,dept_9,18
550,Name_50,user_0@example.com,dept_0,36
551,Name_51,user_1@example.com,dept_1,72
552,Name_52,user_2@example.com,dept_2,88
553,Name_53,user_3@example.com,dept_3,11
554,Name_54,user_4@example.com,dept_4,94
555,Name_55,user_5@example.com,dept_5,48
556,Name_56,user_6@example.com,dept_6,68
557,Name_57,user_7@example.com,dept_7,2
558,Name_58,user_8@example.com,dept_8,18
559,Name_59,user_9@example.com,dept_9,66
560,Name_60,user_10@example.com,dept_0,22
561,Name_61,user_11@example.com,dept_1,96
562,Name_62,user_12@example.com,dept_2,35
563,Name_63,user_13@example.com,dept_3,60
564,Name_64,user_14@example.com,dept_4,93
565,Name_65,user_15@example.com,dept_5,98
566,Name_66,user_16@example.com,dept_6,31
567,Name_67,user_17@example.com,dept_7,46
568,Name_68,user_18@example.com,dept_8,6
569,Name_69,user_19@example.com,dept_9,1
570,Name_70,user_20@example.com,dept_0,96
571,Name_71,user_21@example.com,dept_1,54
572,Name_72,user_22@example.com,dept_2,1
573,Name_73,user_23@example.com,dept_3,70
574,Name_74,user_24@example.com,dept_4,30
575,Name_75,user_25@example.com,dept_5,27
576,Name_76,user_26@example.com,dept_6,17
577,Name_77,user_27@example.com,dept_7,87
578,Name_78,user_28@example.com,dept_8,34
579,Name_79,user_29@example.com,dept_9,98
580,Name_80,user_30@example.com,dept_0,85
581,Name_81,user_31@example.com,dept_1,1
582,Name_82,user_32@example.com,dept_2,40
583,Name_83,user_33@example.com,dept_3,6
584,Name_84,user_34@example.com,dept_4,1
585,Name_85,user_35@example.com,dept_5,63
586,Name_86,user_36@example.com,dept_6,90
587,Name_87,user_37@example.com,dept_7,53
588,Name_88,user_38@example.com,dept_8,5
589,Name_89,user_39@example.com,dept_9,47
590,Name_90,user_40@example.com,dept_0,17
591,Name_91,user_41@example.com,dept_1,47
592,Name_92,user_42@example.com,dept_2,15
593,Name_93,user_43@example.com,dept_3,79
594,Name_94,user_44@example.com,dept_4,3
595,Name_95,user_45@example.com,dept_5,48
596,Name_96,user_46@example.com,dept_6,69
597,Name_97,user_47@example.com,dept_7,9
598,Name_98,user_48@example.com,dept_8,31
599,Name_99,user_49@example.com,dept_9,11
600,Name_0,user_0@example.com,dept_0,90
601,Name_1,user_1@example.com,dept_1,92
602,Name_2,user_2@example.com,dept_2,25
603,Name_3,user_3@example.com,dept_3,9
604,Name_4,user_4@example.com,dept_4,83
605,Name_5,user_5@example.com,dept_5,26
606,Name_6,user_6@example.com,dept_6,21
607,Name_7,user_7@example.com,dept_7,82
608,Name_8,user_8@example.com,dept_8,31
609,Name_9,user_9@example.com,dept_9,78
610,Name_10,user_10@example.com,dept_0,43
611,Name_11,user_11@example.com,dept_1,50
612,Name_12,user_12@example.com,dept_2,85
613,Name_13,user_13@example.com,dept_3,36
614,Name_14,user_14@example.com,dept_4,65
615,Name_15,user_15@example.com,dept_5,77
616,Name_16,user_16@example.com,dept_6,70
617,Name_17,user_17@example.com,dept_7,11
618,Name_18,user_18@example.com,dept_8,66
619,Name_19,user_19@example.com,dept_9,91
620,Name_20,user_20@example.com,dept_0,79
621,Name_21,user_21@example.com,dept_1,74
622,Name_22,user_22@example.com,dept_2,23
623,Name_23,user_23@example.com,dept_3,57
624,Name_24,user_24@example.com,dept_4,27
625,Name_25,user_25@example.com,dept_5,85
626,Name_26,user_26@example.com,dept_6,61
627,Name_27,user_27@example.com,dept_7,15
628,Name_28,user_28@example.com,dept_8,39
629,Name_29,user_29@example.com,dept_9,65
630,Name_30,user_30@example.com,dept_0,96
631,Name_31,user_31@example.com,dept_1,59
632,Name_32,user_32@example.com,dept_2,29
633,Name_33,user_33@example.com,dept_3,68
634,Name_34,user_34@example.com,dept_4,43
635,Name_35,user_35@example.com,dept_5,34
636,Name_36,user_36@example.com,dept_6,52
637,Name_37,user_37@example.com,dept_7,78
638,Name_38,user_38@example.com,dept_8,91
639,Name_39,user_39@example.com,dept_9,10
640,Name_40,user_40@example.com,dept_0,39
641,Name_41,user_41@example.com,dept_1,99
642,Name_42,user_42@example.com,dept_2,12
643,Name_43,user_43@example.com,dept_3,15
644,Name_44,user_44@example.com,dept_4,100
645,Name_45,user_45@example.com,dept_5,8
646,Name_46,user_46@example.com,dept_6,88
647,Name_47,user_47@example.com,dept_7,12
648,Name_48,user_48@example.com,dept_8,39
649,Name_49,user_49@example.com,dept_9,50
650,Name_50,user_0@example.com,dept_0,35
651,Name_51,user_1@example.com,dept_1,35
652,Name_52,user_2@example.com,dept_2,98
653,Name_53,user_3@example.com,dept_3,35
654,Name_54,user_4@example.com,dept_4,16
655,Name_55,user_5@example.com,dept_5,100
656,Name_56,user_6@example.com,dept_6,77
657,Name_57,user_7@example.com,dept_7,56
658,Name_58,user_8@example.com,dept_8,20
659,Name_59,user_9@example.com,dept_9,61
660,Name_60,user_10@example.com,dept_0,79
661,Name_61,user_11@example.com,dept_1,88
662,Name_62,user_12@example.com,dept_2,45
663,Name_63,user_13@example.com,dept_3,69
664,Name_64,user_14@example.com,dept_4,4
665,Name_65,user_15@example.com,dept_5,95
666,Name_66,user_16@example.com,dept_6,100
667,Name_67,user_17@example.com,dept_7,14
668,Name_68,user_18@example.com,dept_8,37
669,Name_69,user_19@example.com,dept_9,18
670,Name_70,user_20@example.com,dept_0,71
671,Name_71,user_21@example.com,dept_1,2
672,Name_72,user_22@example.com,dept_2,37
673,Name_73,user_23@example.com,dept_3,17
674,Name_74,user_24@example.com,dept_4,58
675,Name_75,user_25@example.com,dept_5,6
676,Name_76,user_26@example.com,dept_6,85
677,Name_77,user_27@example.com,dept_7,66
678,Name_78,user_28@example.com,dept_8,54
679,Name_79,user_29@example.com,dept_9,13
680,Name_80,user_30@example.com,dept_0,11
681,Name_81,user_31@example.com,dept_1,76
682,Name_82,user_32@example.com,dept_2,17
683,Name_83,user_33@example.com,dept_3,65
684,Name_84,user_34@example.com,dept_4,47
685,Name_85,user_35@example.com,dept_5,51
686,Name_86,user_36@example.com,dept_6,74
687,Name_87,user_37@example.com,dept_7,6
688,Name_88,user_38@example.com,dept_8,65
689,Name_89,user_39@example.com,dept_9,95
690,Name_90,user_40@example.com,dept_0,76
691,Name_91,user_41@example.com,dept_1,97
692,Name_92,user_42@example.com,dept_2,71
693,Name_93,user_43@example.com,dept_3,77
694,Name_94,user_44@example.com,dept_4,25
695,Name_95,user_45@example.com,dept_5,94
696,Name_96,user_46@example.com,dept_6,11
697,Name_97,user_47@example.com,dept_7,44
698,Name_98,user_48@example.com,dept_8,62
699,Name_99,user_49@example.com,dept_9,4
700,Name_0,user_0@example.com,dept_0,51
701,Name_1,user_1@example.com,dept_1,44
702,Name_2,user_2@example.com,dept_2,13
703,Name_3,user_3@example.com,dept_3,62
704,Name_4,user_4@example.com,dept_4,29
705,Name_5,user_5@example.com,dept_5,14
706,Name_6,user_6@example.com,dept_6,72
707,Name_7,user_7@example.com,dept_7,66
708,Name_8,user_8@example.com,dept_8,7
709,Name_9,user_9@example.com,dept_9,45
710,Name_10,user_10@example.com,dept_0,45
711,Name_11,user_11@example.com,dept_1,28
712,Name_12,user_12@example.com,dept_2,52
713,Name_13,user_13@example.com,dept_3,94
714,Name_14,user_14@example.com,dept_4,22
715,Name_15,user_15@example.com,dept_5,96
716,Name_16,user_16@example.com,dept_6,47
717,Name_17,user_17@example.com,dept_7,47
718,Name_18,user_18@example.com,dept_8,13
719,Name_19,user_19@example.com,dept_9,53
720,Name_20,user_20@example.com,dept_0,97
721,Name_21,user_21@example.com,dept_1,74
722,Name_22,user_22@example.com,dept_2,29
723,Name_23,user_23@example.com,dept_3,49
724,Name_24,user_24@example.com,dept_4,50
725,Name_25,user_25@example.com,dept_5,44
726,Name_26,user_26@example.com,dept_6,57
727,Name_27,user_27@example.com,dept_7,56
728,Name_28,user_28@example.com,dept_8,56
729,Name_29,user_29@example.com,dept_9,6
730,Name_30,user_30@example.com,dept_0,19
731,Name_31,user_31@example.com,dept_1,65
732,Name_32,user_32@example.com,dept_2,43
733,Name_33,user_33@example.com,dept_3,11
734,Name_34,user_34@example.com,dept_4,33
735,Name_35,user_35@example.com,dept_5,18
736,Name_36,user_36@example.com,dept_6,36
737,Name_37,user_37@example.com,dept_7,1
738,Name_38,user_38@example.com,dept_8,37
739,Name_39,user_39@example.com,dept_9,77
740,Name_40,user_40@example.com,dept_0,22
741,Name_41,user_41@example.com,dept_1,49
742,Name_42,user_42@example.com,dept_2,79
743,Name_43,user_43@example.com,dept_3,65
744,Name_44,user_44@example.com,dept_4,57
745,Name_45,user_45@example.com,dept_5,46
746,Name_46,user_46@example.com,dept_6,70
747,Name_47,user_47@example.com,dept_7,56
748,Name_48,user_48@example.com,dept_8,5
749,Name_49,user_49@example.com,dept_9,67
750,Name_50,user_0@example.com,dept_0,79
751,Name_51,user_1@example.com,dept_1,48
752,Name_52,user_2@example.com,dept_2,99
753,Name_53,user_3@example.com,dept_3,38
754,Name_54,user_4@example.com,dept_4,73
755,Name_55,user_5@example.com,dept_5,22
756,Name_56,user_6@example.com,dept_6,18
757,Name_57,user_7@example.com,dept_7,16
758,Name_58,user_8@example.com,dept_8,50
759,Name_59,user_9@example.com,dept_9,20
760,Name_60,user_10@example.com,dept_0,90
761,Name_61,user_11@example.com,dept_1,54
762,Name_62,user_12@example.com,dept_2,45
763,Name_63,user_13@example.com,dept_3,89
764,Name_64,user_14@example.com,dept_4,89
765,Name_65,user_15@example.com,dept_5,96
766,Name_66,user_16@example.com,dept_6,40
767,Name_67,user_17@example.com,dept_7,47
768,Name_68,user_18@example.com,dept_8,12
769,Name_69,user_19@example.com,dept_9,57
770,Name_70,user_20@example.com,dept_0,89
771,Name_71,user_21@example.com,dept_1,65
772,Name_72,user_22@example.com,dept_2,99
773,Name_73,user_23@example.com,dept_3,52
774,Name_74,user_24@example.com,dept_4,58
775,Name_75,user_25@example.com,dept_5,48
776,Name_76,user_26@example.com,dept_6,87
777,Name_77,user_27@example.com,dept_7,39
778,Name_78,user_28@example.com,dept_8,70
779,Name_79,user_29@example.com,dept_9,17
780,Name_80,user_30@example.com,dept_0,42
781,Name_81,user_31@example.com,dept_1,48
782,Name_82,user_32@example.com,dept_2,15
783,Name_83,user_33@example.com,dept_3,26
784,Name_84,user_34@example.com,dept_4,86
785,Name_85,user_35@example.com,dept_5,30
786,Name_86,user_36@example.com,dept_6,7
787,Name_87,user_37@example.com,dept_7,27
788,Name_88,user_38@example.com,dept_8,56
789,Name_89,user_39@example.com,dept_9,95
790,Name_90,user_40@example.com,dept_0,44
791,Name_91,user_41@example.com,dept_1,33
792,Name_92,user_42@example.com,dept_2,45
793,Name_93,user_43@example.com,dept_3,18
794,Name_94,user_44@example.com,dept_4,33
795,Name_95,user_45@example.com,dept_5,80
796,Name_96,user_46@example.com,dept_6,39
797,Name_97,user_47@example.com,dept_7,17
798,Name_98,user_48@example.com,dept_8,34
799,Name_99,user_49@example.com,dept_9,1
800,Name_0,user_0@example.com,dept_0,32
801,Name_1,user_1@example.com,dept_1,53
802,Name_2,user_2@example.com,dept_2,90
803,Name_3,user_3@example.com,dept_3,85
804,Name_4,user_4@example.com,dept_4,8
805,Name_5,user_5@example.com,dept_5,5
806,Name_6,user_6@example.com,dept_6,51
807,Name_7,user_7@example.com,dept_7,82
808,Name_8,user_8@example.com,dept_8,7
809,Name_9,user_9@example.com,dept_9,27
810,Name_10,user_10@example.com,dept_0,87
811,Name_11,user_11@example.com,dept_1,74
812,Name_12,user_12@example.com,dept_2,71
813,Name_13,user_13@example.com,dept_3,82
814,Name_14,user_14@example.com,dept_4,65
815,Name_15,user_15@example.com,dept_5,92
816,Name_16,user_16@example.com,dept_6,8
817,Name_17,user_17@example.com,dept_7,82
818,Name_18,user_18@example.com,dept_8,10
819,Name_19,user_19@example.com,dept_9,67
820,Name_20,user_20@example.com,dept_0,40
821,Name_21,user_21@example.com,dept_1,9
822,Name_22,user_22@example.com,dept_2,34
823,Name_23,user_23@example.com,dept_3,74
824,Name_24,user_24@example.com,dept_4,92
825,Name_25,user_25@example.com,dept_5,5
826,Name_26,user_26@example.com,dept_6,72
827,Name_27,user_27@example.com,dept_7,52
828,Name_28,user_28@example.com,dept_8,78
829,Name_29,user_29@example.com,dept_9,50
830,Name_30,user_30@example.com,dept_0,65
831,Name_31,user_31@example.com,dept_1,17
832,Name_32,user_32@example.com,dept_2,90
833,Name_33,user_33@example.com,dept_3,27
834,Name_34,user_34@example.com,dept_4,63
835,Name_35,user_35@example.com,dept_5,46
836,Name_36,user_36@example.com,dept_6,1
837,Name_37,user_37@example.com,dept_7,34
838,Name_38,user_38@example.com,dept_8,97
839,Name_39,user_39@example.com,dept_9,37
840,Name_40,user_40@example.com,dept_0,91
841,Name_41,user_41@example.com,dept_1,82
842,Name_42,user_42@example.com,dept_2,60
843,Name_43,user_43@example.com,dept_3,40
844,Name_44,user_44@example.com,dept_4,18
845,Name_45,user_45@example.com,dept_5,64
846,Name_46,user_46@example.com,dept_6,3
847,Name_47,user_47@example.com,dept_7,35
848,Name_48,user_48@example.com,dept_8,93
849,Name_49,user_49@example.com,dept_9,46
850,Name_50,user_0@example.com,dept_0,87
851,Name_51,user_1@example.com,dept_1,91
852,Name_52,user_2@example.com,dept_2,68
853,Name_53,user_3@example.com,dept_3,18
854,Name_54,user_4@example.com,dept_4,80
855,Name_55,user_5@example.com,dept_5,98
856,Name_56,user_6@example.com,dept_6,53
857,Name_57,user_7@example.com,dept_7,55
858,Name_58,user_8@example.com,dept_8,84
859,Name_59,user_9@example.com,dept_9,99
860,Name_60,user_10@example.com,dept_0,18
861,Name_61,user_11@example.com,dept_1,14
862,Name_62,user_12@example.com,dept_2,19
863,Name_63,user_13@example.com,dept_3,61
864,Name_64,user_14@example.com,dept_4,59
865,Name_65,user_15@example.com,dept_5,98
866,Name_66,user_16@example.com,dept_6,42
867,Name_67,user_17@example.com,dept_7,43
868,Name_68,user_18@example.com,dept_8,58
869,Name_69,user_19@example.com,dept_9,97
870,Name_70,user_20@example.com,dept_0,30
871,Name_71,user_21@example.com,dept_1,23
872,Name_72,user_22@example.com,dept_2,81
873,Name_73,user_23@example.com,dept_3,73
874,Name_74,user_24@example.com,dept_4,78
875,Name_75,user_25@example.com,dept_5,84
876,Name_76,user_26@example.com,dept_6,84
877,Name_77,user_27@example.com,dept_7,71
878,Name_78,user_28@example.com,dept_8,46
879,Name_79,user_29@example.com,dept_9,98
880,Name_80,user_30@example.com,dept_0,54
881,Name_81,user_31@example.com,dept_1,20
882,Name_82,user_32@example.com,dept_2,88
883,Name_83,user_33@example.com,dept_3,76
884,Name_84,user_34@example.com,dept_4,86
885,Name_85,user_35@example.com,dept_5,8
886,Name_86,user_36@example.com,dept_6,59
887,Name_87,user_37@example.com,dept_7,74
888,Name_88,user_38@example.com,dept_8,16
889,Name_89,user_39@example.com,dept_9,34
890,Name_90,user_40@example.com,dept_0,96
891,Name_91,user_41@example.com,dept_1,89
892,Name_92,user_42@example.com,dept_2,2
893,Name_93,user_43@example.com,dept_3,81
894,Name_94,user_44@example.com,dept_4,1
895,Name_95,user_45@example.com,dept_5,24
896,Name_96,user_46@example.com,dept_6,66
897,Name_97,user_47@example.com,dept_7,47
898,Name_98,user_48@example.com,dept_8,22
899,Name_99,user_49@example.com,dept_9,19
900,Name_0,user_0@example.com,dept_0,11
901,Name_1,user_1@example.com,dept_1,22
902,Name_2,user_2@example.com,dept_2,23
903,Name_3,user_3@example.com,dept_3,98
904,Name_4,user_4@example.com,dept_4,11
905,Name_5,user_5@example.com,dept_5,46
906,Name_6,user_6@example.com,dept_6,91
907,Name_7,user_7@example.com,dept_7,85
908,Name_8,user_8@example.com,dept_8,37
909,Name_9,user_9@example.com,dept_9,66
910,Name_10,user_10@example.com,dept_0,13
911,Name_11,user_11@example.com,dept_1,19
912,Name_12,user_12@example.com,dept_2,26
913,Name_13,user_13@example.com,dept_3,61
914,Name_14,user_14@example.com,dept_4,84
915,Name_15,user_15@example.com,dept_5,70
916,Name_16,user_16@example.com,dept_6,68
917,Name_17,user_17@example.com,dept_7,62
918,Name_18,user_18@example.com,dept_8,32
919,Name_19,user_19@example.com,dept_9,60
920,Name_20,user_20@example.com,dept_0,28
921,Name_21,user_21@example.com,dept_1,95
922,Name_22,user_22@example.com,dept_2,25
923,Name_23,user_23@example.com,dept_3,75
924,Name_24,user_24@example.com,dept_4,3
925,Name_25,user_25@example.com,dept_5,66
926,Name_26,user_26@example.com,dept_6,94
927,Name_27,user_27@example.com,dept_7,89
928,Name_28,user_28@example.com,dept_8,51
929,Name_29,user_29@example.com,dept_9,81
930,Name_30,user_30@example.com,dept_0,96
931,Name_31,user_31@example.com,dept_1,60
932,Name_32,user_32@example.com,dept_2,20
933,Name_33,user_33@example.com,dept_3,13
934,Name_34,user_34@example.com,dept_4,78
935,Name_35,user_35@example.com,dept_5,77
936,Name_36,user_36@example.com,dept_6,47
937,Name_37,user_37@example.com,dept_7,75
938,Name_38,user_38@example.com,dept_8,100
939,Name_39,user_39@example.com,dept_9,38
940,Name_40,user_40@example.com,dept_0,88
941,Name_41,user_41@example.com,dept_1,74
942,Name_42,user_42@example.com,dept_2,29
943,Name_43,user_43@example.com,dept_3,24
944,Name_44,user_44@example.com,dept_4,41
945,Name_45,user_45@example.com,dept_5,51
946,Name_46,user_46@example.com,dept_6,22
947,Name_47,user_47@example.com,dept_7,46
948,Name_48,user_48@example.com,dept_8,26
949,Name_49,user_49@example.com,dept_9,34
950,Name_50,user_0@example.com,dept_0,57
951,Name_51,user_1@example.com,dept_1,44
952,Name_52,user_2@example.com,dept_2,20
953,Name_53,user_3@example.com,dept_3,54
954,Name_54,user_4@example.com,dept_4,88
955,Name_55,user_5@example.com,dept_5,8
956,Name_56,user_6@example.com,dept_6,19
957,Name_57,user_7@example.com,dept_7,57
958,Name_58,user_8@example.com,dept_8,17
959,Name_59,user_9@example.com,dept_9,54
960,Name_60,user_10@example.com,dept_0,26
961,Name_61,user_11@example.com,dept_1,85
962,Name_62,user_12@example.com,dept_2,87
963,Name_63,user_13@example.com,dept_3,93
964,Name_64,user_14@example.com,dept_4,21
965,Name_65,user_15@example.com,dept_5,37
966,Name_66,user_16@example.com,dept_6,35
967,Name_67,user_17@example.com,dept_7,72
968,Name_68,user_18@example.com,dept_8,8
969,Name_69,user_19@example.com,dept_9,14
970,Name_70,user_20@example.com,dept_0,63
971,Name_71,user_21@example.com,dept_1,3
972,Name_72,user_22@example.com,dept_2,57
973,Name_73,user_23@example.com,dept_3,53
974,Name_74,user_24@example.com,dept_4,89
975,Name_75,user_25@example.com,dept_5,31
976,Name_76,user_26@example.com,dept_6,68
977,Name_77,user_27@example.com,dept_7,4
978,Name_78,user_28@example.com,dept_8,57
979,Name_79,user_29@example.com,dept_9,40
980,Name_80,user_30@example.com,dept_0,31
981,Name_81,user_31@example.com,dept_1,53
982,Name_82,user_32@example.com,dept_2,51
983,Name_83,user_33@example.com,dept_3,14
984,Name_84,user_34@example.com,dept_4,19
985,Name_85,user_35@example.com,dept_5,83
986,Name_86,user_36@example.com,dept_6,27
987,Name_87,user_37@example.com,dept_7,58
988,Name_88,user_38@example.com,dept_8,12
989,Name_89,user_39@example.com,dept_9,63
990,Name_90,user_40@example.com,dept_0,31
991,Name_91,user_41@example.com,dept_1,25
992,Name_92,user_42@example.com,dept_2,18
993,Name_93,user_43@example.com,dept_3,51
994,Name_94,user_44@example.com,dept_4,81
995,Name_95,user_45@example.com,dept_5,1
996,Name_96,user_46@example.com,dept_6,17
997,Name_97,user_47@example.com,dept_7,76
998,Name_98,user_48@example.com,dept_8,10
999,Name_99,user_49@example.com,dept_9,40
0,Name_0,user_0@example.com,dept_0,20
1,Name_1,user_1@example.com,dept_1,60
2,Name_2,user_2@example.com,dept_2,89
3,Name_3,user_3@example.com,dept_3,45
4,Name_4,user_4@example.com,dept_4,51
5,Name_5,user_5@example.com,dept_5,45
6,Name_6,user_6@example.com,dept_6,21
7,Name_7,user_7@example.com,dept_7,89
8,Name_8,user_8@example.com,dept_8,49
9,Name_9,user_9@example.com,dept_9,95
10,Name_10,user_10@example.com,dept_0,39
11,Name_11,user_11@example.com,dept_1,39
12,Name_12,user_12@example.com,dept_2,91
13,Name_13,user_13@example.com,dept_3,79
14,Name_14,user_14@example.com,dept_4,31
15,Name_15,user_15@example.com,dept_5,82
16,Name_16,user_16@example.com,dept_6,29
17,Name_17,user_17@example.com,dept_7,24
18,Name_18,user_18@example.com,dept_8,46
19,Name_19,user_19@example.com,dept_9,79
20,Name_20,user_20@example.com,dept_0,35
21,Name_21,user_21@example.com,dept_1,88
22,Name_22,user_22@example.com,dept_2,86
23,Name_23,user_23@example.com,dept_3,54
24,Name_24,user_24@example.com,dept_4,4
25,Name_25,user_25@example.com,dept_5,20
26,Name_26,user_26@example.com,dept_6,68
27,Name_27,user_27@example.com,dept_7,12
28,Name_28,user_28@example.com,dept_8,70
29,Name_29,user_29@example.com,dept_9,84
30,Name_30,user_30@example.com,dept_0,94
31,Name_31,user_31@example.com,dept_1,26
32,Name_32,user_32@example.com,dept_2,81
33,Name_33,user_33@example.com,dept_3,51
34,Name_34,user_34@example.com,dept_4,51
35,Name_35,user_35@example.com,dept_5,13
36,Name_36,user_36@example.com,dept_6,4
37,Name_37,user_37@example.com,dept_7,77
38,Name_38,user_38@example.com,dept_8,56
39,Name_39,user_39@example.com,dept_9,40
40,Name_40,user_40@example.com,dept_0,44
41,Name_41,user_41@example.com,dept_1,38
42,Name_42,user_42@example.com,dept_2,62
43,Name_43,user_43@example.com,dept_3,89
44,Name_44,user_44@example.com,dept_4,99
45,Name_45,user_45@example.com,dept_5,42
46,Name_46,user_46@example.com,dept_6,83
47,Name_47,user_47@example.com,dept_7,14
48,Name_48,user_48@example.com,dept_8,67
49,Name_49,user_49@example.com,dept_9,49
50,Name_50,user_0@example.com,dept_0,11
51,Name_51,user_1@example.com,dept_1,23
52,Name_52,user_2@example.com,dept_2,80
53,Name_53,user_3@example.com,dept_3,19
54,Name_54,user_4@example.com,dept_4,48
55,Name_55,user_5@example.com,dept_5,19
56,Name_56,user_6@example.com,dept_6,37
57,Name_57,user_7@example.com,dept_7,80
58,Name_58,user_8@example.com,dept_8,97
59,Name_59,user_9@example.com,dept_9,41
60,Name_60,user_10@example.com,dept_0,77
61,Name_61,user_11@example.com,dept_1,25
62,Name_62,user_12@example.com,dept_2,39
63,Name_63,user_13@example.com,dept_3,46
64,Name_64,user_14@example.com,dept_4,22
65,Name_65,user_15@example.com,dept_5,27
66,Name_66,user_16@example.com,dept_6,40
67,Name_67,user_17@example.com,dept_7,26
68,Name_68,user_18@example.com,dept_8,89
69,Name_69,user_19@example.com,dept_9,13
70,Name_70,user_20@example.com,dept_0,75
71,Name_71,user_21@example.com,dept_1,27
72,Name_72,user_22@example.com,dept_2,11
73,Name_73,user_23@example.com,dept_3,32
74,Name_74,user_24@example.com,dept_4,84
75,Name_75,user_25@example.com,dept_5,15
76,Name_76,user_26@example.com,dept_6,51
77,Name_77,user_27@example.com,dept_7,96
78,Name_78,user_28@example.com,dept_8,17
79,Name_79,user_29@example.com,dept_9,40
80,Name_80,user_30@example.com,dept_0,44
81,Name_81,user_31@example.com,dept_1,47
82,Name_82,user_32@example.com,dept_2,90
83,Name_83,user_33@example.com,dept_3,25
84,Name_84,user_34@example.com,dept_4,1
85,Name_85,user_35@example.com,dept_5,39
86,Name_86,user_36@example.com,dept_6,73
87,Name_87,user_37@example.com,dept_7,52
88,Name_88,user_38@example.com,dept_8,2
89,Name_89,user_39@example.com,dept_9,99
90,Name_90,user_40@example.com,dept_0,7
91,Name_91,user_41@example.com,dept_1,6
92,Name_92,user_42@example.com,dept_2,39
93,Name_93,user_43@example.com,dept_3,55
94,Name_94,user_44@example.com,dept_4,20
95,Name_95,user_45@example.com,dept_5,23
96,Name_96,user_46@example.com,dept_6,26
97,Name_97,user_47@example.com,dept_7,45
98,Name_98,user_48@example.com,dept_8,76
99,Name_99,user_49@example.com,dept_9,10
100,Name_0,user_0@example.com,dept_0,6
101,Name_1,user_1@example.com,dept_1,61
102,Name_2,user_2@example.com,dept_2,1
103,Name_3,user_3@example.com,dept_3,35
104,Name_4,user_4@example.com,dept_4,84
105,Name_5,user_5@example.com,dept_5,39
106,Name_6,user_6@example.com,dept_6,34
107,Name_7,user_7@example.com,dept_7,22
108,Name_8,user_8@example.com,dept_8,68
109,Name_9,user_9@example.com,dept_9,58
110,Name_10,user_10@example.com,dept_0,22
111,Name_11,user_11@example.com,dept_1,33
112,Name_12,user_12@example.com,dept_2,15
113,Name_13,user_13@example.com,dept_3,7
114,Name_14,user_14@example.com,dept_4,93
115,Name_15,user_15@example.com,dept_5,93
116,Name_16,user_16@example.com,dept_6,34
117,Name_17,user_17@example.com,dept_7,64
118,Name_18,user_18@example.com,dept_8,26
119,Name_19,user_19@example.com,dept_9,38
120,Name_20,user_20@example.com,dept_0,63
121,Name_21,user_21@example.com,dept_1,65
122,Name_22,user_22@example.com,dept_2,50
123,Name_23,user_23@example.com,dept_3,51
124,Name_24,user_24@example.com,dept_4,9
125,Name_25,user_25@example.com,dept_5,46
126,Name_26,user_26@example.com,dept_6,92
127,Name_27,user_27@example.com,dept_7,54
128,Name_28,user_28@example.com,dept_8,100
129,Name_29,user_29@example.com,dept_9,78
130,Name_30,user_30@example.com,dept_0,7
131,Name_31,user_31@example.com,dept_1,91
132,Name_32,user_32@example.com,dept_2,74
133,Name_33,user_33@example.com,dept_3,96
134,Name_34,user_34@example.com,dept_4,2
135,Name_35,user_35@example.com,dept_5,31
136,Name_36,user_36@example.com,dept_6,91
137,Name_37,user_37@example.com,dept_7,26
138,Name_38,user_38@example.com,dept_8,72
139,Name_39,user_39@example.com,dept_9,23
140,Name_40,user_40@example.com,dept_0,13
141,Name_41,user_41@example.com,dept_1,82
142,Name_42,user_42@example.com,dept_2,79
143,Name_43,user_43@example.com,dept_3,20
144,Name_44,user_44@example.com,dept_4,36
145,Name_45,user_45@example.com,dept_5,15
146,Name_46,user_46@example.com,dept_6,18
147,Name_47,user_47@example.com,dept_7,14
148,Name_48,user_48@example.com,dept_8,68
149,Name_49,user_49@example.com,dept_9,85
150,Name_50,user_0@example.com,dept_0,42
151,Name_51,user_1@example.com,dept_1,42
152,Name_52,user_2@example.com,dept_2,63
153,Name_53,user_3@example.com,dept_3,59
154,Name_54,user_4@example.com,dept_4,59
155,Name_55,user_5@example.com,dept_5,94
156,Name_56,user_6@example.com,dept_6,54
157,Name_57,user_7@example.com,dept_7,38
158,Name_58,user_8@example.com,dept_8,29
159,Name_59,user_9@example.com,dept_9,95
160,Name_60,user_10@example.com,dept_0,55
161,Name_61,user_11@example.com,dept_1,17
162,Name_62,user_12@example.com,dept_2,57
163,Name_63,user_13@example.com,dept_3,94
164,Name_64,user_14@example.com,dept_4,9
165,Name_65,user_15@example.com,dept_5,3
166,Name_66,user_16@example.com,dept_6,91
167,Name_67,user_17@example.com,dept_7,71
168,Name_68,user_18@example.com,dept_8,65
169,Name_69,user_19@example.com,dept_9,95
170,Name_70,user_20@example.com,dept_0,3
171,Name_71,user_21@example.com,dept_1,52
172,Name_72,user_22@example.com,dept_2,86
173,Name_73,user_23@example.com,dept_3,86
174,Name_74,user_24@example.com,dept_4,66
175,Name_75,user_25@example.com,dept_5,74
176,Name_76,user_26@example.com,dept_6,25
177,Name_77,user_27@example.com,dept_7,62
178,Name_78,user_28@example.com,dept_8,70
179,Name_79,user_29@example.com,dept_9,86
180,Name_80,user_30@example.com,dept_0,3
181,Name_81,user_31@example.com,dept_1,27
182,Name_82,user_32@example.com,dept_2,87
183,Name_83,user_33@example.com,dept_3,11
184,Name_84,user_34@example.com,dept_4,97
185,Name_85,user_35@example.com,dept_5,41
186,Name_86,user_36@example.com,dept_6,6
187,Name_87,user_37@example.com,dept_7,72
188,Name_88,user_38@example.com,dept_8,42
189,Name_89,user_39@example.com,dept_9,35
190,Name_90,user_40@example.com,dept_0,67
191,Name_91,user_41@example.com,dept_1,67
192,Name_92,user_42@example.com,dept_2,67
193,Name_93,user_43@example.com,dept_3,92
194,Name_94,user_44@example.com,dept_4,86
195,Name_95,user_45@example.com,dept_5,29
196,Name_96,user_46@example.com,dept_6,83
197,Name_97,user_47@example.com,dept_7,62
198,Name_98,user_48@example.com,dept_8,29
199,Name_99,user_49@example.com,dept_9,100
200,Name_0,user_0@example.com,dept_0,55
201,Name_1,user_1@example.com,dept_1,94
202,Name_2,user_2@example.com,dept_2,96
203,Name_3,user_3@example.com,dept_3,48
204,Name_4,user_4@example.com,dept_4,69
205,Name_5,user_5@example.com,dept_5,55
206,Name_6,user_6@example.com,dept_6,100
207,Name_7,user_7@example.com,dept_7,60
208,Name_8,user_8@example.com,dept_8,23
209,Name_9,user_9@example.com,dept_9,34
210,Name_10,user_10@example.com,dept_0,15
211,Name_11,user_11@example.com,dept_1,70
212,Name_12,user_12@example.com,dept_2,19
213,Name_13,user_13@example.com,dept_3,9
214,Name_14,user_14@example.com,dept_4,41
215,Name_15,user_15@example.com,dept_5,91
216,Name_16,user_16@example.com,dept_6,24
217,Name_17,user_17@example.com,dept_7,16
218,Name_18,user_18@example.com,dept_8,93
219,Name_19,user_19@example.com,dept_9,74
220,Name_20,user_20@example.com,dept_0,98
221,Name_21,user_21@example.com,dept_1,79
222,Name_22,user_22@example.com,dept_2,86
223,Name_23,user_23@example.com,dept_3,53
224,Name_24,user_24@example.com,dept_4,17
225,Name_25,user_25@example.com,dept_5,22
226,Name_26,user_26@example.com,dept_6,69
227,Name_27,user_27@example.com,dept_7,73
228,Name_28,user_28@example.com,dept_8,24
229,Name_29,user_29@example.com,dept_9,64
230,Name_30,user_30@example.com,dept_0,60
231,Name_31,user_31@example.com,dept_1,92
232,Name_32,user_32@example.com,dept_2,70
233,Name_33,user_33@example.com,dept_3,4
234,Name_34,user_34@example.com,dept_4,70
235,Name_35,user_35@example.com,dept_5,21
236,Name_36,user_36@example.com,dept_6,93
237,Name_37,user_37@example.com,dept_7,13
238,Name_38,user_38@example.com,dept_8,72
239,Name_39,user_39@example.com,dept_9,93
240,Name_40,user_40@example.com,dept_0,91
241,Name_41,user_41@example.com,dept_1,83
242,Name_42,user_42@example.com,dept_2,77
243,Name_43,user_43@example.com,dept_3,58
244,Name_44,user_44@example.com,dept_4,33
245,Name_45,user_45@example.com,dept_5,50
246,Name_46,user_46@example.com,dept_6,60
247,Name_47,user_47@example.com,dept_7,40
248,Name_48,user_48@example.com,dept_8,65
249,Name_49,user_49@example.com,dept_9,50
250,Name_50,user_0@example.com,dept_0,93
251,Name_51,user_1@example.com,dept_1,61
252,Name_52,user_2@example.com,dept_2,62
253,Name_53,user_3@example.com,dept_3,16
254,Name_54,user_4@example.com,dept_4,64
255,Name_55,user_5@example.com,dept_5,70
256,Name_56,user_6@example.com,dept_6,29
257,Name_57,user_7@example.com,dept_7,86
258,Name_58,user_8@example.com,dept_8,30
259,Name_59,user_9@example.com,dept_9,45
260,Name_60,user_10@example.com,dept_0,90
261,Name_61,user_11@example.com,dept_1,61
262,Name_62,user_12@example.com,dept_2,40
263,Name_63,user_13@example.com,dept_3,60
264,Name_64,user_14@example.com,dept_4,33
265,Name_65,user_15@example.com,dept_5,92
266,Name_66,user_16@example.com,dept_6,18
267,Name_67,user_17@example.com,dept_7,29
268,Name_68,user_18@example.com,dept_8,28
269,Name_69,user_19@example.com,dept_9,80
270,Name_70,user_20@example.com,dept_0,35
271,Name_71,user_21@example.com,dept_1,95
272,Name_72,user_22@example.com,dept_2,67
273,Name_73,user_23@example.com,dept_3,28
274,Name_74,user_24@example.com,dept_4,8
275,Name_75,user_25@example.com,dept_5,14
276,Name_76,user_26@example.com,dept_6,42
277,Name_77,user_27@example.com,dept_7,61
278,Name_78,user_28@example.com,dept_8,90
279,Name_79,user_29@example.com,dept_9,19
280,Name_80,user_30@example.com,dept_0,95
281,Name_81,user_31@example.com,dept_1,25
282,Name_82,user_32@example.com,dept_2,85
283,Name_83,user_33@example.com,dept_3,26
284,Name_84,user_34@example.com,dept_4,64
285,Name_85,user_35@example.com,dept_5,79
286,Name_86,user_36@example.com,dept_6,29
287,Name_87,user_37@example.com,dept_7,79
288,Name_88,user_38@example.com,dept_8,48
289,Name_89,user_39@example.com,dept_9,13
290,Name_90,user_40@example.com,dept_0,37
291,Name_91,user_41@example.com,dept_1,71
292,Name_92,user_42@example.com,dept_2,73
293,Name_93,user_43@example.com,dept_3,80
294,Name_94,user_44@example.com,dept_4,78
295,Name_95,user_45@example.com,dept_5,21
296,Name_96,user_46@example.com,dept_6,45
297,Name_97,user_47@example.com,dept_7,99
298,Name_98,user_48@example.com,dept_8,47
299,Name_99,user_49@example.com,dept_9,6
300,Name_0,user_0@example.com,dept_0,38
301,Name_1,user_1@example.com,dept_1,82
302,Name_2,user_2@example.com,dept_2,13
303,Name_3,user_3@example.com,dept_3,63
304,Name_4,user_4@example.com,dept_4,91
305,Name_5,user_5@example.com,dept_5,86
306,Name_6,user_6@example.com,dept_6,40
307,Name_7,user_7@example.com,dept_7,43
308,Name_8,user_8@example.com,dept_8,81
309,Name_9,user_9@example.com,dept_9,74
310,Name_10,user_10@example.com,dept_0,100
311,Name_11,user_11@example.com,dept_1,8
312,Name_12,user_12@example.com,dept_2,98
313,Name_13,user_13@example.com,dept_3,72
314,Name_14,user_14@example.com,dept_4,94
315,Name_15,user_15@example.com,dept_5,36
316,Name_16,user_16@example.com,dept_6,73
317,Name_17,user_17@example.com,dept_7,45
318,Name_18,user_18@example.com,dept_8,80
319,Name_19,user_19@example.com,dept_9,92
320,Name_20,user_20@example.com,dept_0,10
321,Name_21,user_21@example.com,dept_1,4
322,Name_22,user_22@example.com,dept_2,100
323,Name_23,user_23@example.com,dept_3,37
324,Name_24,user_24@example.com,dept_4,92
325,Name_25,user_25@example.com,dept_5,11
326,Name_26,user_26@example.com,dept_6,71
327,Name_27,user_27@example.com,dept_7,72
328,Name_28,user_28@example.com,dept_8,38
329,Name_29,user_29@example.com,dept_9,54
330,Name_30,user_30@example.com,dept_0,52
331,Name_31,user_31@example.com,dept_1,64
332,Name_32,user_32@example.com,dept_2,10
333,Name_33,user_33@example.com,dept_3,98
334,Name_34,user_34@example.com,dept_4,78
335,Name_35,user_35@example.com,dept_5,80
336,Name_36,user_36@example.com,dept_6,24
337,Name_37,user_37@example.com,dept_7,19
338,Name_38,user_38@example.com,dept_8,79
339,Name_39,user_39@example.com,dept_9,72
340,Name_40,user_40@example.com,dept_0,82
341,Name_41,user_41@example.com,dept_1,9
342,Name_42,user_42@example.com,dept_2,13
343,Name_43,user_43@example.com,dept_3,84
344,Name_44,user_44@example.com,dept_4,74
345,Name_45,user_45@example.com,dept_5,65
346,Name_46,user_46@example.com,dept_6,95
347,Name_47,user_47@example.com,dept_7,50
348,Name_48,user_48@example.com,dept_8,30
349,Name_49,user_49@example.com,dept_9,94
350,Name_50,user_0@example.com,dept_0,25
351,Name_51,user_1@example.com,dept_1,86
352,Name_52,user_2@example.com,dept_2,91
353,Name_53,user_3@example.com,dept_3,53
354,Name_54,user_4@example.com,dept_4,94
355,Name_55,user_5@example.com,dept_5,92
356,Name_56,user_6@example.com,dept_6,86
357,Name_57,user_7@example.com,dept_7,1
358,Name_58,user_8@example.com,dept_8,74
359,Name_59,user_9@example.com,dept_9,79
360,Name_60,user_10@example.com,dept_0,20
361,Name_61,user_11@example.com,dept_1,18
362,Name_62,user_12@example.com,dept_2,52
363,Name_63,user_13@example.com,dept_3,40
364,Name_64,user_14@example.com,dept_4,2
365,Name_65,user_15@example.com,dept_5,94
366,Name_66,user_16@example.com,dept_6,11
367,Name_67,user_17@example.com,dept_7,18
368,Name_68,user_18@example.com,dept_8,85
369,Name_69,user_19@example.com,dept_9,22
370,Name_70,user_20@example.com,dept_0,99
371,Name_71,user_21@example.com,dept_1,71
372,Name_72,user_22@example.com,dept_2,39
373,Name_73,user_23@example.com,dept_3,10
374,Name_74,user_24@example.com,dept_4,84
375,Name_75,user_25@example.com,dept_5,24
376,Name_76,user_26@example.com,dept_6,97
377,Name_77,user_27@example.com,dept_7,13
378,Name_78,user_28@example.com,dept_8,68
379,Name_79,user_29@example.com,dept_9,19
380,Name_80,user_30@example.com,dept_0,11
381,Name_81,user_31@example.com,dept_1,52
382,Name_82,user_32@example.com,dept_2,2
383,Name_83,user_33@example.com,dept_3,22
384,Name_84,user_34@example.com,dept_4,72
385,Name_85,user_35@example.com,dept_5,7
386,Name_86,user_36@example.com,dept_6,61
387,Name_87,user_37@example.com,dept_7,23
388,Name_88,user_38@example.com,dept_8,87
389,Name_89,user_39@example.com,dept_9,24
390,Name_90,user_40@example.com,dept_0,92
391,Name_91,user_41@example.com,dept_1,14
392,Name_92,user_42@example.com,dept_2,9
393,Name_93,user_43@example.com,dept_3,99
394,Name_94,user_44@example.com,dept_4,78
395,Name_95,user_45@example.com,dept_5,70
396,Name_96,user_46@example.com,dept_6,30
397,Name_97,user_47@example.com,dept_7,47
398,Name_98,user_48@example.com,dept_8,50
399,Name_99,user_49@example.com,dept_9,69
400,Name_0,user_0@example.com,dept_0,65
401,Name_1,user_1@example.com,dept_1,8
402,Name_2,user_2@example.com,dept_2,14
403,Name_3,user_3@example.com,dept_3,85
404,Name_4,user_4@example.com,dept_4,93
405,Name_5,user_5@example.com,dept_5,72
406,Name_6,user_6@example.com,dept_6,20
407,Name_7,user_7@example.com,dept_7,11
408,Name_8,user_8@example.com,dept_8,39
409,Name_9,user_9@example.com,dept_9,60
410,Name_10,user_10@example.com,dept_0,63
411,Name_11,user_11@example.com,dept_1,20
412,Name_12,user_12@example.com,dept_2,29
413,Name_13,user_13@example.com,dept_3,54
414,Name_14,user_14@example.com,dept_4,77
415,Name_15,user_15@example.com,dept_5,21
416,Name_16,user_16@example.com,dept_6,79
417,Name_17,user_17@example.com,dept_7,88
418,Name_18,user_18@example.com,dept_8,5
419,Name_19,user_19@example.com,dept_9,60
420,Name_20,user_20@example.com,dept_0,90
421,Name_21,user_21@example.com,dept_1,70
422,Name_22,user_22@example.com,dept_2,10
423,Name_23,user_23@example.com,dept_3,76
424,Name_24,user_24@example.com,dept_4,28
425,Name_25,user_25@example.com,dept_5,24
426,Name_26,user_26@example.com,dept_6,16
427,Name_27,user_27@example.com,dept_7,43
428,Name_28,user_28@example.com,dept_8,51
429,Name_29,user_29@example.com,dept_9,89
430,Name_30,user_30@example.com,dept_0,90
431,Name_31,user_31@example.com,dept_1,3
432,Name_32,user_32@example.com,dept_2,5
433,Name_33,user_33@example.com,dept_3,5
434,Name_34,user_34@example.com,dept_4,31
435,Name_35,user_35@example.com,dept_5,62
436,Name_36,user_36@example.com,dept_6,22
437,Name_37,user_37@example.com,dept_7,22
438,Name_38,user_38@example.com,dept_8,26
439,Name_39,user_39@example.com,dept_9,16
440,Name_40,user_40@example.com,dept_0,60
441,Name_41,user_41@example.com,dept_1,20
442,Name_42,user_42@example.com,dept_2,68
443,Name_43,user_43@example.com,dept_3,14
444,Name_44,user_44@example.com,dept_4,62
445,Name_45,user_45@example.com,dept_5,44
446,Name_46,user_46@example.com,dept_6,82
447,Name_47,user_47@example.com,dept_7,7
448,Name_48,user_48@example.com,dept_8,32
449,Name_49,user_49@example.com,dept_9,79
450,Name_50,user_0@example.com,dept_0,97
451,Name_51,user_1@example.com,dept_1,23
452,Name_52,user_2@example.com,dept_2,79
453,Name_53,user_3@example.com,dept_3,83
454,Name_54,user_4@example.com,dept_4,57
455,Name_55,user_5@example.com,dept_5,67
456,Name_56,user_6@example.com,dept_6,43
457,Name_57,user_7@example.com,dept_7,36
458,Name_58,user_8@example.com,dept_8,24
459,Name_59,user_9@example.com,dept_9,44
460,Name_60,user_10@example.com,dept_0,81
461,Name_61,user_11@example.com,dept_1,7
462,Name_62,user_12@example.com,dept_2,26
463,Name_63,user_13@example.com,dept_3,42
464,Name_64,user_14@example.com,dept_4,22
465,Name_65,user_15@example.com,dept_5,22
466,Name_66,user_16@example.com,dept_6,5
467,Name_67,user_17@example.com,dept_7,44
468,Name_68,user_18@example.com,dept_8,95
469,Name_69,user_19@example.com,dept_9,2
470,Name_70,user_20@example.com,dept_0,54
471,Name_71,user_21@example.com,dept_1,18
472,Name_72,user_22@example.com,dept_2,57
473,Name_73,user_23@example.com,dept_3,95
474,Name_74,user_24@example.com,dept_4,45
475,Name_75,user_25@example.com,dept_5,48
476,Name_76,user_26@example.com,dept_6,8
477,Name_77,user_27@example.com,dept_7,97
478,Name_78,user_28@example.com,dept_8,23
479,Name_79,user_29@example.com,dept_9,18
480,Name_80,user_30@example.com,dept_0,56
481,Name_81,user_31@example.com,dept_1,85
482,Name_82,user_32@example.com,dept_2,50
483,Name_83,user_33@example.com,dept_3,61
484,Name_84,user_34@example.com,dept_4,7
485,Name_85,user_35@example.com,dept_5,85
486,Name_86,user_36@example.com,dept_6,18
487,Name_87,user_37@example.com,dept_7,49
488,Name_88,user_38@example.com,dept_8,29
489,Name_89,user_39@example.com,dept_9,64
490,Name_90,user_40@example.com,dept_0,71
491,Name_91,user_41@example.com,dept_1,24
492,Name_92,user_42@example.com,dept_2,44
493,Name_93,user_43@example.com,dept_3,87
494,Name_94,user_44@example.com,dept_4,38
495,Name_95,user_45@example.com,dept_5,94
496,Name_96,user_46@example.com,dept_6,24
497,Name_97,user_47@example.com,dept_7,68
498,Name_98,user_48@example.com,dept_8,27
499,Name_99,user_49@example.com,dept_9,59
500,Name_0,user_0@example.com,dept_0,100
501,Name_1,user_1@example.com,dept_1,50
502,Name_2,user_2@example.com,dept_2,21
503,Name_3,user_3@example.com,dept_3,47
504,Name_4,user_4@example.com,dept_4,87
505,Name_5,user_5@example.com,dept_5,28
506,Name_6,user_6@example.com,dept_6,85
507,Name_7,user_7@example.com,dept_7,76
508,Name_8,user_8@example.com,dept_8,32
509,Name_9,user_9@example.com,dept_9,47
510,Name_10,user_10@example.com,dept_0,9
511,Name_11,user_11@example.com,dept_1,43
512,Name_12,user_12@example.com,dept_2,13
513,Name_13,user_13@example.com,dept_3,23
514,Name_14,user_14@example.com,dept_4,80
515,Name_15,user_15@example.com,dept_5,30
516,Name_16,user_16@example.com,dept_6,47
517,Name_17,user_17@example.com,dept_7,7
518,Name_18,user_18@example.com,dept_8,99
519,Name_19,user_19@example.com,dept_9,23
520,Name_20,user_20@example.com,dept_0,63
521,Name_21,user_21@example.com,dept_1,8
522,Name_22,user_22@example.com,dept_2,10
523,Name_23,user_23@example.com,dept_3,51
524,Name_24,user_24@example.com,dept_4,93
525,Name_25,user_25@example.com,dept_5,35
526,Name_26,user_26@example.com,dept_6,97
527,Name_27,user_27@example.com,dept_7,47
528,Name_28,user_28@example.com,dept_8,9
529,Name_29,user_29@example.com,dept_9,56
530,Name_30,user_30@example.com,dept_0,29
531,Name_31,user_31@example.com,dept_1,69
532,Name_32,user_32@example.com,dept_2,81
533,Name_33,user_33@example.com,dept_3,75
534,Name_34,user_34@example.com,dept_4,71
535,Name_35,user_35@example.com,dept_5,9
536,Name_36,user_36@example.com,dept_6,91
537,Name_37,user_37@example.com,dept_7,36
538,Name_38,user_38@example.com,dept_8,76
539,Name_39,user_39@example.com,dept_9,15
540,Name_40,user_40@example.com,dept_0,37
541,Name_41,user_41@example.com,dept_1,73
542,Name_42,user_42@example.com,dept_2,2
543,Name_43,user_43@example.com,dept_3,56
544,Name_44,user_44@example.com,dept_4,45
545,Name_45,user_45@example.com,dept_5,91
546,Name_46,user_46@example.com,dept_6,41
547,Name_47,user_47@example.com,dept_7,80
548,Name_48,user_48@example.com,dept_8,86
549,Name_49,user_49@example.com,dept_9,18
550,Name_50,user_0@example.com,dept_0,36
551,Name_51,user_1@example.com,dept_1,72
552,Name_52,user_2@example.com,dept_2,88
553,Name_53,user_3@example.com,dept_3,11
554,Name_54,user_4@example.com,dept_4,94
555,Name_55,user_5@example.com,dept_5,48
556,Name_56,user_6@example.com,dept_6,68
557,Name_57,user_7@example.com,dept_7,2
558,Name_58,user_8@example.com,dept_8,18
559,Name_59,user_9@example.com,dept_9,66
560,Name_60,user_10@example.com,dept_0,22
561,Name_61,user_11@example.com,dept_1,96
562,Name_62,user_12@example.com,dept_2,35
563,Name_63,user_13@example.com,dept_3,60
564,Name_64,user_14@example.com,dept_4,93
565,Name_65,user_15@example.com,dept_5,98
566,Name_66,user_16@example.com,dept_6,31
567,Name_67,user_17@example.com,dept_7,46
568,Name_68,user_18@example.com,dept_8,6
569,Name_69,user_19@example.com,dept_9,1
570,Name_70,user_20@example.com,dept_0,96
571,Name_71,user_21@example.com,dept_1,54
572,Name_72,user_22@example.com,dept_2,1
573,Name_73,user_23@example.com,dept_3,70
574,Name_74,user_24@example.com,dept_4,30
575,Name_75,user_25@example.com,dept_5,27
576,Name_76,user_26@example.com,dept_6,17
577,Name_77,user_27@example.com,dept_7,87
578,Name_78,user_28@example.com,dept_8,34
579,Name_79,user_29@example.com,dept_9,98
580,Name_80,user_30@example.com,dept_0,85
581,Name_81,user_31@example.com,dept_1,1
582,Name_82,user_32@example.com,dept_2,40
583,Name_83,user_33@example.com,dept_3,6
584,Name_84,user_34@example.com,dept_4,1
585,Name_85,user_35@example.com,dept_5,63
586,Name_86,user_36@example.com,dept_6,90
587,Name_87,user_37@example.com,dept_7,53
588,Name_88,user_38@example.com,dept_8,5
589,Name_89,user_39@example.com,dept_9,47
590,Name_90,user_40@example.com,dept_0,17
591,Name_91,user_41@example.com,dept_1,47
592,Name_92,user_42@example.com,dept_2,15
593,Name_93,user_43@example.com,dept_3,79
594,Name_94,user_44@example.com,dept_4,3
595,Name_95,user_45@example.com,dept_5,48
596,Name_96,user_46@example.com,dept_6,69
597,Name_97,user_47@example.com,dept_7,9
598,Name_98,user_48@example.com,dept_8,31
599,Name_99,user_49@example.com,dept_9,11
600,Name_0,user_0@example.com,dept_0,90
601,Name_1,user_1@example.com,dept_1,92
602,Name_2,user_2@example.com,dept_2,25
603,Name_3,user_3@example.com,dept_3,9
604,Name_4,user_4@example.com,dept_4,83
605,Name_5,user_5@example.com,dept_5,26
606,Name_6,user_6@example.com,dept_6,21
607,Name_7,user_7@example.com,dept_7,82
608,Name_8,user_8@example.com,dept_8,31
609,Name_9,user_9@example.com,dept_9,78
610,Name_10,user_10@example.com,dept_0,43
611,Name_11,user_11@example.com,dept_1,50
612,Name_12,user_12@example.com,dept_2,85
613,Name_13,user_13@example.com,dept_3,36
614,Name_14,user_14@example.com,dept_4,65
615,Name_15,user_15@example.com,dept_5,77
616,Name_16,user_16@example.com,dept_6,70
617,Name_17,user_17@example.com,dept_7,11
618,Name_18,user_18@example.com,dept_8,66
619,Name_19,user_19@example.com,dept_9,91
620,Name_20,user_20@example.com,dept_0,79
621,Name_21,user_21@example.com,dept_1,74
622,Name_22,user_22@example.com,dept_2,23
623,Name_23,user_23@example.com,dept_3,57
624,Name_24,user_24@example.com,dept_4,27
625,Name_25,user_25@example.com,dept_5,85
626,Name_26,user_26@example.com,dept_6,61
627,Name_27,user_27@example.com,dept_7,15
628,Name_28,user_28@example.com,dept_8,39
629,Name_29,user_29@example.com,dept_9,65
630,Name_30,user_30@example.com,dept_0,96
631,Name_31,user_31@example.com,dept_1,59
632,Name_32,user_32@example.com,dept_2,29
633,Name_33,user_33@example.com,dept_3,68
634,Name_34,user_34@example.com,dept_4,43
635,Name_35,user_35@example.com,dept_5,34
636,Name_36,user_36@example.com,dept_6,52
637,Name_37,user_37@example.com,dept_7,78
638,Name_38,user_38@example.com,dept_8,91
639,Name_39,user_39@example.com,dept_9,10
640,Name_40,user_40@example.com,dept_0,39
641,Name_41,user_41@example.com,dept_1,99
642,Name_42,user_42@example.com,dept_2,12
643,Name_43,user_43@example.com,dept_3,15
644,Name_44,user_44@example.com,dept_4,100
645,Name_45,user_45@example.com,dept_5,8
646,Name_46,user_46@example.com,dept_6,88
647,Name_47,user_47@example.com,dept_7,12
648,Name_48,user_48@example.com,dept_8,39
649,Name_49,user_49@example.com,dept_9,50
650,Name_50,user_0@example.com,dept_0,35
651,Name_51,user_1@example.com,dept_1,35
652,Name_52,user_2@example.com,dept_2,98
653,Name_53,user_3@example.com,dept_3,35
654,Name_54,user_4@example.com,dept_4,16
655,Name_55,user_5@example.com,dept_5,100
656,Name_56,user_6@example.com,dept_6,77
657,Name_57,user_7@example.com,dept_7,56
658,Name_58,user_8@example.com,dept_8,20
659,Name_59,user_9@example.com,dept_9,61
660,Name_60,user_10@example.com,dept_0,79
661,Name_61,user_11@example.com,dept_1,88
662,Name_62,user_12@example.com,dept_2,45
663,Name_63,user_13@example.com,dept_3,69
664,Name_64,user_14@example.com,dept_4,4
665,Name_65,user_15@example.com,dept_5,95
666,Name_66,user_16@example.com,dept_6,100
667,Name_67,user_17@example.com,dept_7,14
668,Name_68,user_18@example.com,dept_8,37
669,Name_69,user_19@example.com,dept_9,18
670,Name_70,user_20@example.com,dept_0,71
671,Name_71,user_21@example.com,dept_1,2
672,Name_72,user_22@example.com,dept_2,37
673,Name_73,user_23@example.com,dept_3,17
674,Name_74,user_24@example.com,dept_4,58
675,Name_75,user_25@example.com,dept_5,6
676,Name_76,user_26@example.com,dept_6,85
677,Name_77,user_27@example.com,dept_7,66
678,Name_78,user_28@example.com,dept_8,54
679,Name_79,user_29@example.com,dept_9,13
680,Name_80,user_30@example.com,dept_0,11
681,Name_81,user_31@example.com,dept_1,76
682,Name_82,user_32@example.com,dept_2,17
683,Name_83,user_33@example.com,dept_3,65
684,Name_84,user_34@example.com,dept_4,47
685,Name_85,user_35@example.com,dept_5,51
686,Name_86,user_36@example.com,dept_6,74
687,Name_87,user_37@example.com,dept_7,6
688,Name_88,user_38@example.com,dept_8,65
689,Name_89,user_39@example.com,dept_9,95
690,Name_90,user_40@example.com,dept_0,76
691,Name_91,user_41@example.com,dept_1,97
692,Name_92,user_42@example.com,dept_2,71
693,Name_93,user_43@example.com,dept_3,77
694,Name_94,user_44@example.com,dept_4,25
695,Name_95,user_45@example.com,dept_5,94
696,Name_96,user_46@example.com,dept_6,11
697,Name_97,user_47@example.com,dept_7,44
698,Name_98,user_48@example.com,dept_8,62
699,Name_99,user_49@example.com,dept_9,4
700,Name_0,user_0@example.com,dept_0,51
701,Name_1,user_1@example.com,dept_1,44
702,Name_2,user_2@example.com,dept_2,13
703,Name_3,user_3@example.com,dept_3,62
704,Name_4,user_4@example.com,dept_4,29
705,Name_5,user_5@example.com,dept_5,14
706,Name_6,user_6@example.com,dept_6,72
707,Name_7,user_7@example.com,dept_7,66
708,Name_8,user_8@example.com,dept_8,7
709,Name_9,user_9@example.com,dept_9,45
710,Name_10,user_10@example.com,dept_0,45
711,Name_11,user_11@example.com,dept_1,28
712,Name_12,user_12@example.com,dept_2,52
713,Name_13,user_13@example.com,dept_3,94
714,Name_14,user_14@example.com,dept_4,22
715,Name_15,user_15@example.com,dept_5,96
716,Name_16,user_16@example.com,dept_6,47
717,Name_17,user_17@example.com,dept_7,47
718,Name_18,user_18@example.com,dept_8,13
719,Name_19,user_19@example.com,dept_9,53
720,Name_20,user_20@example.com,dept_0,97
721,Name_21,user_21@example.com,dept_1,74
722,Name_22,user_22@example.com,dept_2,29
723,Name_23,user_23@example.com,dept_3,49
724,Name_24,user_24@example.com,dept_4,50
725,Name_25,user_25@example.com,dept_5,44
726,Name_26,user_26@example.com,dept_6,57
727,Name_27,user_27@example.com,dept_7,56
728,Name_28,user_28@example.com,dept_8,56
729,Name_29,user_29@example.com,dept_9,6
730,Name_30,user_30@example.com,dept_0,19
731,Name_31,user_31@example.com,dept_1,65
732,Name_32,user_32@example.com,dept_2,43
733,Name_33,user_33@example.com,dept_3,11
734,Name_34,user_34@example.com,dept_4,33
735,Name_35,user_35@example.com,dept_5,18
736,Name_36,user_36@example.com,dept_6,36
737,Name_37,user_37@example.com,dept_7,1
738,Name_38,user_38@example.com,dept_8,37
739,Name_39,user_39@example.com,dept_9,77
740,Name_40,user_40@example.com,dept_0,22
741,Name_41,user_41@example.com,dept_1,49
742,Name_42,user_42@example.com,dept_2,79
743,Name_43,user_43@example.com,dept_3,65
744,Name_44,user_44@example.com,dept_4,57
745,Name_45,user_45@example.com,dept_5,46
746,Name_46,user_46@example.com,dept_6,70
747,Name_47,user_47@example.com,dept_7,56
748,Name_48,user_48@example.com,dept_8,5
749,Name_49,user_49@example.com,dept_9,67
750,Name_50,user_0@example.com,dept_0,79
751,Name_51,user_1@example.com,dept_1,48
752,Name_52,user_2@example.com,dept_2,99
753,Name_53,user_3@example.com,dept_3,38
754,Name_54,user_4@example.com,dept_4,73
755,Name_55,user_5@example.com,dept_5,22
756,Name_56,user_6@example.com,dept_6,18
757,Name_57,user_7@example.com,dept_7,16
758,Name_58,user_8@example.com,dept_8,50
759,Name_59,user_9@example.com,dept_9,20
760,Name_60,user_10@example.com,dept_0,90
761,Name_61,user_11@example.com,dept_1,54
762,Name_62,user_12@example.com,dept_2,45
763,Name_63,user_13@example.com,dept_3,89
764,Name_64,user_14@example.com,dept_4,89
765,Name_65,user_15@example.com,dept_5,96
766,Name_66,user_16@example.com,dept_6,40
767,Name_67,user_17@example.com,dept_7,47
768,Name_68,user_18@example.com,dept_8,12
769,Name_69,user_19@example.com,dept_9,57
770,Name_70,user_20@example.com,dept_0,89
771,Name_71,user_21@example.com,dept_1,65
772,Name_72,user_22@example.com,dept_2,99
773,Name_73,user_23@example.com,dept_3,52
774,Name_74,user_24@example.com,dept_4,58
775,Name_75,user_25@example.com,dept_5,48
776,Name_76,user_26@example.com,dept_6,87
777,Name_77,user_27@example.com,dept_7,39
778,Name_78,user_28@example.com,dept_8,70
779,Name_79,user_29@example.com,dept_9,17
780,Name_80,user_30@example.com,dept_0,42
781,Name_81,user_31@example.com,dept_1,48
782,Name_82,user_32@example.com,dept_2,15
783,Name_83,user_33@example.com,dept_3,26
784,Name_84,user_34@example.com,dept_4,86
785,Name_85,user_35@example.com,dept_5,30
786,Name_86,user_36@example.com,dept_6,7
787,Name_87,user_37@example.com,dept_7,27
788,Name_88,user_38@example.com,dept_8,56
789,Name_89,user_39@example.com,dept_9,95
790,Name_90,user_40@example.com,dept_0,44
791,Name_91,user_41@example.com,dept_1,33
792,Name_92,user_42@example.com,dept_2,45
793,Name_93,user_43@example.com,dept_3,18
794,Name_94,user_44@example.com,dept_4,33
795,Name_95,user_45@example.com,dept_5,80
796,Name_96,user_46@example.com,dept_6,39
797,Name_97,user_47@example.com,dept_7,17
798,Name_98,user_48@example.com,dept_8,34
799,Name_99,user_49@example.com,dept_9,1
800,Name_0,user_0@example.com,dept_0,32
801,Name_1,user_1@example.com,dept_1,53
802,Name_2,user_2@example.com,dept_2,90
803,Name_3,user_3@example.com,dept_3,85
804,Name_4,user_4@example.com,dept_4,8
805,Name_5,user_5@example.com,dept_5,5
806,Name_6,user_6@example.com,dept_6,51
807,Name_7,user_7@example.com,dept_7,82
808,Name_8,user_8@example.com,dept_8,7
809,Name_9,user_9@example.com,dept_9,27
810,Name_10,user_10@example.com,dept_0,87
811,Name_11,user_11@example.com,dept_1,74
812,Name_12,user_12@example.com,dept_2,71
813,Name_13,user_13@example.com,dept_3,82
814,Name_14,user_14@example.com,dept_4,65
815,Name_15,user_15@example.com,dept_5,92
816,Name_16,user_16@example.com,dept_6,8
817,Name_17,user_17@example.com,dept_7,82
818,Name_18,user_18@example.com,dept_8,10
819,Name_19,user_19@example.com,dept_9,67
820,Name_20,user_20@example.com,dept_0,40
821,Name_21,user_21@example.com,dept_1,9
822,Name_22,user_22@example.com,dept_2,34
823,Name_23,user_23@example.com,dept_3,74
824,Name_24,user_24@example.com,dept_4,92
825,Name_25,user_25@example.com,dept_5,5
826,Name_26,user_26@example.com,dept_6,72
827,Name_27,user_27@example.com,dept_7,52
828,Name_28,user_28@example.com,dept_8,78
829,Name_29,user_29@example.com,dept_9,50
830,Name_30,user_30@example.com,dept_0,65
831,Name_31,user_31@example.com,dept_1,17
832,Name_32,user_32@example.com,dept_2,90
833,Name_33,user_33@example.com,dept_3,27
834,Name_34,user_34@example.com,dept_4,63
835,Name_35,user_35@example.com,dept_5,46
836,Name_36,user_36@example.com,dept_6,1
837,Name_37,user_37@example.com,dept_7,34
838,Name_38,user_38@example.com,dept_8,97
839,Name_39,user_39@example.com,dept_9,37
840,Name_40,user_40@example.com,dept_0,91
841,Name_41,user_41@example.com,dept_1,82
842,Name_42,user_42@example.com,dept_2,60
843,Name_43,user_43@example.com,dept_3,40
844,Name_44,user_44@example.com,dept_4,18
845,Name_45,user_45@example.com,dept_5,64
846,Name_46,user_46@example.com,dept_6,3
847,Name_47,user_47@example.com,dept_7,35
848,Name_48,user_48@example.com,dept_8,93
849,Name_49,user_49@example.com,dept_9,46
850,Name_50,user_0@example.com,dept_0,87
851,Name_51,user_1@example.com,dept_1,91
852,Name_52,user_2@example.com,dept_2,68
853,Name_53,user_3@example.com,dept_3,18
854,Name_54,user_4@example.com,dept_4,80
855,Name_55,user_5@example.com,dept_5,98
856,Name_56,user_6@example.com,dept_6,53
857,Name_57,user_7@example.com,dept_7,55
858,Name_58,user_8@example.com,dept_8,84
859,Name_59,user_9@example.com,dept_9,99
860,Name_60,user_10@example.com,dept_0,18
861,Name_61,user_11@example.com,dept_1,14
862,Name_62,user_12@example.com,dept_2,19
863,Name_63,user_13@example.com,dept_3,61
864,Name_64,user_14@example.com,dept_4,59
865,Name_65,user_15@example.com,dept_5,98
866,Name_66,user_16@example.com,dept_6,42
867,Name_67,user_17@example.com,dept_7,43
868,Name_68,user_18@example.com,dept_8,58
869,Name_69,user_19@example.com,dept_9,97
870,Name_70,user_20@example.com,dept_0,30
871,Name_71,user_21@example.com,dept_1,23
872,Name_72,user_22@example.com,dept_2,81
873,Name_73,user_23@example.com,dept_3,73
874,Name_74,user_24@example.com,dept_4,78
875,Name_75,user_25@example.com,dept_5,84
876,Name_76,user_26@example.com,dept_6,84
877,Name_77,user_27@example.com,dept_7,71
878,Name_78,user_28@example.com,dept_8,46
879,Name_79,user_29@example.com,dept_9,98
880,Name_80,user_30@example.com,dept_0,54
881,Name_81,user_31@example.com,dept_1,20
882,Name_82,user_32@example.com,dept_2,88
883,Name_83,user_33@example.com,dept_3,76
884,Name_84,user_34@example.com,dept_4,86
885,Name_85,user_35@example.com,dept_5,8
886,Name_86,user_36@example.com,dept_6,59
887,Name_87,user_37@example.com,dept_7,74
888,Name_88,user_38@example.com,dept_8,16
889,Name_89,user_39@example.com,dept_9,34
890,Name_90,user_40@example.com,dept_0,96
891,Name_91,user_41@example.com,dept_1,89
892,Name_92,user_42@example.com,dept_2,2
893,Name_93,user_43@example.com,dept_3,81
894,Name_94,user_44@example.com,dept_4,1
895,Name_95,user_45@example.com,dept_5,24
896,Name_96,user_46@example.com,dept_6,66
897,Name_97,user_47@example.com,dept_7,47
898,Name_98,user_48@example.com,dept_8,22
899,Name_99,user_49@example.com,dept_9,19
900,Name_0,user_0@example.com,dept_0,11
901,Name_1,user_1@example.com,dept_1,22
902,Name_2,user_2@example.com,dept_2,23
903,Name_3,user_3@example.com,dept_3,98
904,Name_4,user_4@example.com,dept_4,11
905,Name_5,user_5@example.com,dept_5,46
906,Name_6,user_6@example.com,dept_6,91
907,Name_7,user_7@example.com,dept_7,85
908,Name_8,user_8@example.com,dept_8,37
909,Name_9,user_9@example.com,dept_9,66
910,Name_10,user_10@example.com,dept_0,13
911,Name_11,user_11@example.com,dept_1,19
912,Name_12,user_12@example.com,dept_2,26
913,Name_13,user_13@example.com,dept_3,61
914,Name_14,user_14@example.com,dept_4,84
915,Name_15,user_15@example.com,dept_5,70
916,Name_16,user_16@example.com,dept_6,68
917,Name_17,user_17@example.com,dept_7,62
918,Name_18,user_18@example.com,dept_8,32
919,Name_19,user_19@example.com,dept_9,60
920,Name_20,user_20@example.com,dept_0,28
921,Name_21,user_21@example.com,dept_1,95
922,Name_22,user_22@example.com,dept_2,25
923,Name_23,user_23@example.com,dept_3,75
924,Name_24,user_24@example.com,dept_4,3
925,Name_25,user_25@example.com,dept_5,66
926,Name_26,user_26@example.com,dept_6,94
927,Name_27,user_27@example.com,dept_7,89
928,Name_28,user_28@example.com,dept_8,51
929,Name_29,user_29@example.com,dept_9,81
930,Name_30,user_30@example.com,dept_0,96
931,Name_31,user_31@example.com,dept_1,60
932,Name_32,user_32@example.com,dept_2,20
933,Name_33,user_33@example.com,dept_3,13
934,Name_34,user_34@example.com,dept_4,78
935,Name_35,user_35@example.com,dept_5,77
936,Name_36,user_36@example.com,dept_6,47
937,Name_37,user_37@example.com,dept_7,75
938,Name_38,user_38@example.com,dept_8,100
939,Name_39,user_39@example.com,dept_9,38
940,Name_40,user_40@example.com,dept_0,88
941,Name_41,user_41@example.com,dept_1,74
942,Name_42,user_42@example.com,dept_2,29
943,Name_43,user_43@example.com,dept_3,24
944,Name_44,user_44@example.com,dept_4,41
945,Name_45,user_45@example.com,dept_5,51
946,Name_46,user_46@example.com,dept_6,22
947,Name_47,user_47@example.com,dept_7,46
948,Name_48,user_48@example.com,dept_8,26
949,Name_49,user_49@example.com,dept_9,34
950,Name_50,user_0@example.com,dept_0,57
951,Name_51,user_1@example.com,dept_1,44
952,Name_52,user_2@example.com,dept_2,20
953,Name_53,user_3@example.com,dept_3,54
954,Name_54,user_4@example.com,dept_4,88
955,Name_55,user_5@example.com,dept_5,8
956,Name_56,user_6@example.com,dept_6,19
957,Name_57,user_7@example.com,dept_7,57
958,Name_58,user_8@example.com,dept_8,17
959,Name_59,user_9@example.com,dept_9,54
960,Name_60,user_10@example.com,dept_0,26
961,Name_61,user_11@example.com,dept_1,85
962,Name_62,user_12@example.com,dept_2,87
963,Name_63,user_13@example.com,dept_3,93
964,Name_64,user_14@example.com,dept_4,21
965,Name_65,user_15@example.com,dept_5,37
966,Name_66,user_16@example.com,dept_6,35
967,Name_67,user_17@example.com,dept_7,72
968,Name_68,user_18@example.com,dept_8,8
969,Name_69,user_19@example.com,dept_9,14
970,Name_70,user_20@example.com,dept_0,63
971,Name_71,user_21@example.com,dept_1,3
972,Name_72,user_22@example.com,dept_2,57
973,Name_73,user_23@example.com,dept_3,53
974,Name_74,user_24@example.com,dept_4,89
975,Name_75,user_25@example.com,dept_5,31
976,Name_76,user_26@example.com,dept_6,68
977,Name_77,user_27@example.com,dept_7,4
978,Name_78,user_28@example.com,dept_8,57
979,Name_79,user_29@example.com,dept_9,40
980,Name_80,user_30@example.com,dept_0,31
981,Name_81,user_31@example.com,dept_1,53
982,Name_82,user_32@example.com,dept_2,51
983,Name_83,user_33@example.com,dept_3,14
984,Name_84,user_34@example.com,dept_4,19
985,Name_85,user_35@example.com,dept_5,83
986,Name_86,user_36@example.com,dept_6,27
987,Name_87,user_37@example.com,dept_7,58
988,Name_88,user_38@example.com,dept_8,12
989,Name_89,user_39@example.com,dept_9,63
990,Name_90,user_40@example.com,dept_0,31
991,Name_91,user_41@example.com,dept_1,25
992,Name_92,user_42@example.com,dept_2,18
993,Name_93,user_43@example.com,dept_3,51
994,Name_94,user_44@example.com,dept_4,81
995,Name_95,user_45@example.com,dept_5,1
996,Name_96,user_46@example.com,dept_6,17
997,Name_97,user_47@example.com,dept_7,76
998,Name_98,user_48@example.com,dept_8,10
999,Name_99,user_49@example.com,dept_9,40
0,Name_0,user_0@example.com,dept_0,20
1,Name_1,user_1@example.com,dept_1,60
2,Name_2,user_2@example.com,dept_2,89
3,Name_3,user_3@example.com,dept_3,45
4,Name_4,user_4@example.com,dept_4,51
5,Name_5,user_5@example.com,dept_5,45
6,Name_6,user_6@example.com,dept_6,21
7,Name_7,user_7@example.com,dept_7,89
8,Name_8,user_8@example.com,dept_8,49
9,Name_9,user_9@example.com,dept_9,95
10,Name_10,user_10@example.com,dept_0,39
11,Name_11,user_11@example.com,dept_1,39
12,Name_12,user_12@example.com,dept_2,91
13,Name_13,user_13@example.com,dept_3,79
14,Name_14,user_14@example.com,dept_4,31
15,Name_15,user_15@example.com,dept_5,82
16,Name_16,user_16@example.com,dept_6,29
17,Name_17,user_17@example.com,dept_7,24
18,Name_18,user_18@example.com,dept_8,46
19,Name_19,user_19@example.com,dept_9,79
20,Name_20,user_20@example.com,dept_0,35
21,Name_21,user_21@example.com,dept_1,88
22,Name_22,user_22@example.com,dept_2,86
23,Name_23,user_23@example.com,dept_3,54
24,Name_24,user_24@example.com,dept_4,4
25,Name_25,user_25@example.com,dept_5,20
26,Name_26,user_26@example.com,dept_6,68
27,Name_27,user_27@example.com,dept_7,12
28,Name_28,user_28@example.com,dept_8,70
29,Name_29,user_29@example.com,dept_9,84
30,Name_30,user_30@example.com,dept_0,94
31,Name_31,user_31@example.com,dept_1,26
32,Name_32,user_32@example.com,dept_2,81
33,Name_33,user_33@example.com,dept_3,51
34,Name_34,user_34@example.com,dept_4,51
35,Name_35,user_35@example.com,dept_5,13
36,Name_36,user_36@example.com,dept_6,4
37,Name_37,user_37@example.com,dept_7,77
38,Name_38,user_38@example.com,dept_8,56
39,Name_39,user_39@example.com,dept_9,40
40,Name_40,user_40@example.com,dept_0,44
41,Name_41,user_41@example.com,dept_1,38
42,Name_42,user_42@example.com,dept_2,62
43,Name_43,user_43@example.com,dept_3,89
44,Name_44,user_44@example.com,dept_4,99
45,Name_45,user_45@example.com,dept_5,42
46,Name_46,user_46@example.com,dept_6,83
47,Name_47,user_47@example.com,dept_7,14
48,Name_48,user_48@example.com,dept_8,67
49,Name_49,user_49@example.com,dept_9,49
50,Name_50,user_0@example.com,dept_0,11
51,Name_51,user_1@example.com,dept_1,23
52,Name_52,user_2@example.com,dept_2,80
53,Name_53,user_3@example.com,dept_3,19
54,Name_54,user_4@example.com,dept_4,48
55,Name_55,user_5@example.com,dept_5,19
56,Name_56,user_6@example.com,dept_6,37
57,Name_57,user_7@example.com,dept_7,80
58,Name_58,user_8@example.com,dept_8,97
59,Name_59,user_9@example.com,dept_9,41
60,Name_60,user_10@example.com,dept_0,77
61,Name_61,user_11@example.com,dept_1,25
62,Name_62,user_12@example.com,dept_2,39
63,Name_63,user_13@example.com,dept_3,46
64,Name_64,user_14@example.com,dept_4,22
65,Name_65,user_15@example.com,dept_5,27
66,Name_66,user_16@example.com,dept_6,40
67,Name_67,user_17@example.com,dept_7,26
68,Name_68,user_18@example.com,dept_8,89
69,Name_69,user_19@example.com,dept_9,13
70,Name_70,user_20@example.com,dept_0,75
71,Name_71,user_21@example.com,dept_1,27
72,Name_72,user_22@example.com,dept_2,11
73,Name_73,user_23@example.com,dept_3,32
74,Name_74,user_24@example.com,dept_4,84
75,Name_75,user_25@example.com,dept_5,15
76,Name_76,user_26@example.com,dept_6,51
77,Name_77,user_27@example.com,dept_7,96
78,Name_78,user_28@example.com,dept_8,17
79,Name_79,user_29@example.com,dept_9,40
80,Name_80,user_30@example.com,dept_0,44
81,Name_81,user_31@example.com,dept_1,47
82,Name_82,user_32@example.com,dept_2,90
83,Name_83,user_33@example.com,dept_3,25
84,Name_84,user_34@example.com,dept_4,1
85,Name_85,user_35@example.com,dept_5,39
86,Name_86,user_36@example.com,dept_6,73
87,Name_87,user_37@example.com,dept_7,52
88,Name_88,user_38@example.com,dept_8,2
89,Name_89,user_39@example.com,dept_9,99
90,Name_90,user_40@example.com,dept_0,7
91,Name_91,user_41@example.com,dept_1,6
92,Name_92,user_42@example.com,dept_2,39
93,Name_93,user_43@example.com,dept_3,55
94,Name_94,user_44@example.com,dept_4,20
95,Name_95,user_45@example.com,dept_5,23
96,Name_96,user_46@example.com,dept_6,26
97,Name_97,user_47@example.com,dept_7,45
98,Name_98,user_48@example.com,dept_8,76
99,Name_99,user_49@example.com,dept_9,10
100,Name_0,user_0@example.com,dept_0,6
101,Name_1,user_1@example.com,dept_1,61
102,Name_2,user_2@example.com,dept_2,1
103,Name_3,user_3@example.com,dept_3,35
104,Name_4,user_4@example.com,dept_4,84
105,Name_5,user_5@example.com,dept_5,39
106,Name_6,user_6@example.com,dept_6,34
107,Name_7,user_7@example.com,dept_7,22
108,Name_8,user_8@example.com,dept_8,68
109,Name_9,user_9@example.com,dept_9,58
110,Name_10,user_10@example.com,dept_0,22
111,Name_11,user_11@example.com,dept_1,33
112,Name_12,user_12@example.com,dept_2,15
113,Name_13,user_13@example.com,dept_3,7
114,Name_14,user_14@example.com,dept_4,93
115,Name_15,user_15@example.com,dept_5,93
116,Name_16,user_16@example.com,dept_6,34
117,Name_17,user_17@example.com,dept_7,64
118,Name_18,user_18@example.com,dept_8,26
119,Name_19,user_19@example.com,dept_9,38
120,Name_20,user_20@example.com,dept_0,63
121,Name_21,user_21@example.com,dept_1,65
122,Name_22,user_22@example.com,dept_2,50
123,Name_23,user_23@example.com,dept_3,51
124,Name_24,user_24@example.com,dept_4,9
125,Name_25,user_25@example.com,dept_5,46
126,Name_26,user_26@example.com,dept_6,92
127,Name_27,user_27@example.com,dept_7,54
128,Name_28,user_28@example.com,dept_8,100
129,Name_29,user_29@example.com,dept_9,78
130,Name_30,user_30@example.com,dept_0,7
131,Name_31,user_31@example.com,dept_1,91
132,Name_32,user_32@example.com,dept_2,74
133,Name_33,user_33@example.com,dept_3,96
134,Name_34,user_34@example.com,dept_4,2
135,Name_35,user_35@example.com,dept_5,31
136,Name_36,user_36@example.com,dept_6,91
137,Name_37,user_37@example.com,dept_7,26
138,Name_38,user_38@example.com,dept_8,72
139,Name_39,user_39@example.com,dept_9,23
140,Name_40,user_40@example.com,dept_0,13
141,Name_41,user_41@example.com,dept_1,82
142,Name_42,user_42@example.com,dept_2,79
143,Name_43,user_43@example.com,dept_3,20
144,Name_44,user_44@example.com,dept_4,36
145,Name_45,user_45@example.com,dept_5,15
146,Name_46,user_46@example.com,dept_6,18
147,Name_47,user_47@example.com,dept_7,14
148,Name_48,user_48@example.com,dept_8,68
149,Name_49,user_49@example.com,dept_9,85
150,Name_50,user_0@example.com,dept_0,42
151,Name_51,user_1@example.com,dept_1,42
152,Name_52,user_2@example.com,dept_2,63
153,Name_53,user_3@example.com,dept_3,59
154,Name_54,user_4@example.com,dept_4,59
155,Name_55,user_5@example.com,dept_5,94
156,Name_56,user_6@example.com,dept_6,54
157,Name_57,user_7@example.com,dept_7,38
158,Name_58,user_8@example.com,dept_8,29
159,Name_59,user_9@example.com,dept_9,95
160,Name_60,user_10@example.com,dept_0,55
161,Name_61,user_11@example.com,dept_1,17
162,Name_62,user_12@example.com,dept_2,57
163,Name_63,user_13@example.com,dept_3,94
164,Name_64,user_14@example.com,dept_4,9
165,Name_65,user_15@example.com,dept_5,3
166,Name_66,user_16@example.com,dept_6,91
167,Name_67,user_17@example.com,dept_7,71
168,Name_68,user_18@example.com,dept_8,65
169,Name_69,user_19@example.com,dept_9,95
170,Name_70,user_20@example.com,dept_0,3
171,Name_71,user_21@example.com,dept_1,52
172,Name_72,user_22@example.com,dept_2,86
173,Name_73,user_23@example.com,dept_3,86
174,Name_74,user_24@example.com,dept_4,66
175,Name_75,user_25@example.com,dept_5,74
176,Name_76,user_26@example.com,dept_6,25
177,Name_77,user_27@example.com,dept_7,62
178,Name_78,user_28@example.com,dept_8,70
179,Name_79,user_29@example.com,dept_9,86
180,Name_80,user_30@example.com,dept_0,3
181,Name_81,user_31@example.com,dept_1,27
182,Name_82,user_32@example.com,dept_2,87
183,Name_83,user_33@example.com,dept_3,11
184,Name_84,user_34@example.com,dept_4,97
185,Name_85,user_35@example.com,dept_5,41
186,Name_86,user_36@example.com,dept_6,6
187,Name_87,user_37@example.com,dept_7,72
188,Name_88,user_38@example.com,dept_8,42
189,Name_89,user_39@example.com,dept_9,35
190,Name_90,user_40@example.com,dept_0,67
191,Name_91,user_41@example.com,dept_1,67
192,Name_92,user_42@example.com,dept_2,67
193,Name_93,user_43@example.com,dept_3,92
194,Name_94,user_44@example.com,dept_4,86
195,Name_95,user_45@example.com,dept_5,29
196,Name_96,user_46@example.com,dept_6,83
197,Name_97,user_47@example.com,dept_7,62
198,Name_98,user_48@example.com,dept_8,29
199,Name_99,user_49@example.com,dept_9,100
200,Name_0,user_0@example.com,dept_0,55
201,Name_1,user_1@example.com,dept_1,94
202,Name_2,user_2@example.com,dept_2,96
203,Name_3,user_3@example.com,dept_3,48
204,Name_4,user_4@example.com,dept_4,69
205,Name_5,user_5@example.com,dept_5,55
206,Name_6,user_6@example.com,dept_6,100
207,Name_7,user_7@example.com,dept_7,60
208,Name_8,user_8@example.com,dept_8,23
209,Name_9,user_9@example.com,dept_9,34
210,Name_10,user_10@example.com,dept_0,15
211,Name_11,user_11@example.com,dept_1,70
212,Name_12,user_12@example.com,dept_2,19
213,Name_13,user_13@example.com,dept_3,9
214,Name_14,user_14@example.com,dept_4,41
215,Name_15,user_15@example.com,dept_5,91
216,Name_16,user_16@example.com,dept_6,24
217,Name_17,user_17@example.com,dept_7,16
218,Name_18,user_18@example.com,dept_8,93
219,Name_19,user_19@example.com,dept_9,74
220,Name_20,user_20@example.com,dept_0,98
221,Name_21,user_21@example.com,dept_1,79
222,Name_22,user_22@example.com,dept_2,86
223,Name_23,user_23@example.com,dept_3,53
224,Name_24,user_24@example.com,dept_4,17
225,Name_25,user_25@example.com,dept_5,22
226,Name_26,user_26@example.com,dept_6,69
227,Name_27,user_27@example.com,dept_7,73
228,Name_28,user_28@example.com,dept_8,24
229,Name_29,user_29@example.com,dept_9,64
230,Name_30,user_30@example.com,dept_0,60
231,Name_31,user_31@example.com,dept_1,92
232,Name_32,user_32@example.com,dept_2,70
233,Name_33,user_33@example.com,dept_3,4
234,Name_34,user_34@example.com,dept_4,70
235,Name_35,user_35@example.com,dept_5,21
236,Name_36,user_36@example.com,dept_6,93
237,Name_37,user_37@example.com,dept_7,13
238,Name_38,user_38@example.com,dept_8,72
239,Name_39,user_39@example.com,dept_9,93
240,Name_40,user_40@example.com,dept_0,91
241,Name_41,user_41@example.com,dept_1,83
242,Name_42,user_42@example.com,dept_2,77
243,Name_43,user_43@example.com,dept_3,58
244,Name_44,user_44@example.com,dept_4,33
245,Name_45,user_45@example.com,dept_5,50
246,Name_46,user_46@example.com,dept_6,60
247,Name_47,user_47@example.com,dept_7,40
248,Name_48,user_48@example.com,dept_8,65
249,Name_49,user_49@example.com,dept_9,50
250,Name_50,user_0@example.com,dept_0,93
251,Name_51,user_1@example.com,dept_1,61
252,Name_52,user_2@example.com,dept_2,62
253,Name_53,user_3@example.com,dept_3,16
254,Name_54,user_4@example.com,dept_4,64
255,Name_55,user_5@example.com,dept_5,70
256,Name_56,user_6@example.com,dept_6,29
257,Name_57,user_7@example.com,dept_7,86
258,Name_58,user_8@example.com,dept_8,30
259,Name_59,user_9@example.com,dept_9,45
260,Name_60,user_10@example.com,dept_0,90
261,Name_61,user_11@example.com,dept_1,61
262,Name_62,user_12@example.com,dept_2,40
263,Name_63,user_13@example.com,dept_3,60
264,Name_64,user_14@example.com,dept_4,33
265,Name_65,user_15@example.com,dept_5,92
266,Name_66,user_16@example.com,dept_6,18
267,Name_67,user_17@example.com,dept_7,29
268,Name_68,user_18@example.com,dept_8,28
269,Name_69,user_19@example.com,dept_9,80
270,Name_70,user_20@example.com,dept_0,35
271,Name_71,user_21@example.com,dept_1,95
272,Name_72,user_22@example.com,dept_2,67
273,Name_73,user_23@example.com,dept_3,28
274,Name_74,user_24@example.com,dept_4,8
275,Name_75,user_25@example.com,dept_5,14
276,Name_76,user_26@example.com,dept_6,42
277,Name_77,user_27@example.com,dept_7,61
278,Name_78,user_28@example.com,dept_8,90
279,Name_79,user_29@example.com,dept_9,19
280,Name_80,user_30@example.com,dept_0,95
281,Name_81,user_31@example.com,dept_1,25
282,Name_82,user_32@example.com,dept_2,85
283,Name_83,user_33@example.com,dept_3,26
284,Name_84,user_34@example.com,dept_4,64
285,Name_85,user_35@example.com,dept_5,79
286,Name_86,user_36@example.com,dept_6,29
287,Name_87,user_37@example.com,dept_7,79
288,Name_88,user_38@example.com,dept_8,48
289,Name_89,user_39@example.com,dept_9,13
290,Name_90,user_40@example.com,dept_0,37
291,Name_91,user_41@example.com,dept_1,71
292,Name_92,user_42@example.com,dept_2,73
293,Name_93,user_43@example.com,dept_3,80
294,Name_94,user_44@example.com,dept_4,78
295,Name_95,user_45@example.com,dept_5,21
296,Name_96,user_46@example.com,dept_6,45
297,Name_97,user_47@example.com,dept_7,99
298,Name_98,user_48@example.com,dept_8,47
299,Name_99,user_49@example.com,dept_9,6
300,Name_0,user_0@example.com,dept_0,38
301,Name_1,user_1@example.com,dept_1,82
302,Name_2,user_2@example.com,dept_2,13
303,Name_3,user_3@example.com,dept_3,63
304,Name_4,user_4@example.com,dept_4,91
305,Name_5,user_5@example.com,dept_5,86
306,Name_6,user_6@example.com,dept_6,40
307,Name_7,user_7@example.com,dept_7,43
308,Name_8,user_8@example.com,dept_8,81
309,Name_9,user_9@example.com,dept_9,74
310,Name_10,user_10@example.com,dept_0,100
311,Name_11,user_11@example.com,dept_1,8
312,Name_12,user_12@example.com,dept_2,98
313,Name_13,user_13@example.com,dept_3,72
314,Name_14,user_14@example.com,dept_4,94
315,Name_15,user_15@example.com,dept_5,36
316,Name_16,user_16@example.com,dept_6,73
317,Name_17,user_17@example.com,dept_7,45
318,Name_18,user_18@example.com,dept_8,80
319,Name_19,user_19@example.com,dept_9,92
320,Name_20,user_20@example.com,dept_0,10
321,Name_21,user_21@example.com,dept_1,4
322,Name_22,user_22@example.com,dept_2,100
323,Name_23,user_23@example.com,dept_3,37
324,Name_24,user_24@example.com,dept_4,92
325,Name_25,user_25@example.com,dept_5,11
326,Name_26,user_26@example.com,dept_6,71
327,Name_27,user_27@example.com,dept_7,72
328,Name_28,user_28@example.com,dept_8,38
329,Name_29,user_29@example.com,dept_9,54
330,Name_30,user_30@example.com,dept_0,52
331,Name_31,user_31@example.com,dept_1,64
332,Name_32,user_32@example.com,dept_2,10
333,Name_33,user_33@example.com,dept_3,98
334,Name_34,user_34@example.com,dept_4,78
335,Name_35,user_35@example.com,dept_5,80
336,Name_36,user_36@example.com,dept_6,24
337,Name_37,user_37@example.com,dept_7,19
338,Name_38,user_38@example.com,dept_8,79
339,Name_39,user_39@example.com,dept_9,72
340,Name_40,user_40@example.com,dept_0,82
341,Name_41,user_41@example.com,dept_1,9
342,Name_42,user_42@example.com,dept_2,13
343,Name_43,user_43@example.com,dept_3,84
344,Name_44,user_44@example.com,dept_4,74
345,Name_45,user_45@example.com,dept_5,65
346,Name_46,user_46@example.com,dept_6,95
347,Name_47,user_47@example.com,dept_7,50
348,Name_48,user_48@example.com,dept_8,30
349,Name_49,user_49@example.com,dept_9,94
350,Name_50,user_0@example.com,dept_0,25
351,Name_51,user_1@example.com,dept_1,86
352,Name_52,user_2@example.com,dept_2,91
353,Name_53,user_3@example.com,dept_3,53
354,Name_54,user_4@example.com,dept_4,94
355,Name_55,user_5@example.com,dept_5,92
356,Name_56,user_6@example.com,dept_6,86
357,Name_57,user_7@example.com,dept_7,1
358,Name_58,user_8@example.com,dept_8,74
359,Name_59,user_9@example.com,dept_9,79
360,Name_60,user_10@example.com,dept_0,20
361,Name_61,user_11@example.com,dept_1,18
362,Name_62,user_12@example.com,dept_2,52
363,Name_63,user_13@example.com,dept_3,40
364,Name_64,user_14@example.com,dept_4,2
365,Name_65,user_15@example.com,dept_5,94
366,Name_66,user_16@example.com,dept_6,11
367,Name_67,user_17@example.com,dept_7,18
368,Name_68,user_18@example.com,dept_8,85
369,Name_69,user_19@example.com,dept_9,22
370,Name_70,user_20@example.com,dept_0,99
371,Name_71,user_21@example.com,dept_1,71
372,Name_72,user_22@example.com,dept_2,39
373,Name_73,user_23@example.com,dept_3,10
374,Name_74,user_24@example.com,dept_4,84
375,Name_75,user_25@example.com,dept_5,24
376,Name_76,user_26@example.com,dept_6,97
377,Name_77,user_27@example.com,dept_7,13
378,Name_78,user_28@example.com,dept_8,68
379,Name_79,user_29@example.com,dept_9,19
380,Name_80,user_30@example.com,dept_0,11
381,Name_81,user_31@example.com,dept_1,52
382,Name_82,user_32@example.com,dept_2,2
383,Name_83,user_33@example.com,dept_3,22
384,Name_84,user_34@example.com,dept_4,72
385,Name_85,user_35@example.com,dept_5,7
386,Name_86,user_36@example.com,dept_6,61
387,Name_87,user_37@example.com,dept_7,23
388,Name_88,user_38@example.com,dept_8,87
389,Name_89,user_39@example.com,dept_9,24
390,Name_90,user_40@example.com,dept_0,92
391,Name_91,user_41@example.com,dept_1,14
392,Name_92,user_42@example.com,dept_2,9
393,Name_93,user_43@example.com,dept_3,99
394,Name_94,user_44@example.com,dept_4,78
395,Name_95,user_45@example.com,dept_5,70
396,Name_96,user_46@example.com,dept_6,30
397,Name_97,user_47@example.com,dept_7,47
398,Name_98,user_48@example.com,dept_8,50
399,Name_99,user_49@example.com,dept_9,69
400,Name_0,user_0@example.com,dept_0,65
401,Name_1,user_1@example.com,dept_1,8
402,Name_2,user_2@example.com,dept_2,14
403,Name_3,user_3@example.com,dept_3,85
404,Name_4,user_4@example.com,dept_4,93
405,Name_5,user_5@example.com,dept_5,72
406,Name_6,user_6@example.com,dept_6,20
407,Name_7,user_7@example.com,dept_7,11
408,Name_8,user_8@example.com,dept_8,39
409,Name_9,user_9@example.com,dept_9,60
410,Name_10,user_10@example.com,dept_0,63
411,Name_11,user_11@example.com,dept_1,20
412,Name_12,user_12@example.com,dept_2,29
413,Name_13,user_13@example.com,dept_3,54
414,Name_14,user_14@example.com,dept_4,77
415,Name_15,user_15@example.com,dept_5,21
416,Name_16,user_16@example.com,dept_6,79
417,Name_17,user_17@example.com,dept_7,88
418,Name_18,user_18@example.com,dept_8,5
419,Name_19,user_19@example.com,dept_9,60
420,Name_20,user_20@example.com,dept_0,90
421,Name_21,user_21@example.com,dept_1,70
422,Name_22,user_22@example.com,dept_2,10
423,Name_23,user_23@example.com,dept_3,76
424,Name_24,user_24@example.com,dept_4,28
425,Name_25,user_25@example.com,dept_5,24
426,Name_26,user_26@example.com,dept_6,16
427,Name_27,user_27@example.com,dept_7,43
428,Name_28,user_28@example.com,dept_8,51
429,Name_29,user_29@example.com,dept_9,89
430,Name_30,user_30@example.com,dept_0,90
431,Name_31,user_31@example.com,dept_1,3
432,Name_32,user_32@example.com,dept_2,5
433,Name_33,user_33@example.com,dept_3,5
434,Name_34,user_34@example.com,dept_4,31
435,Name_35,user_35@example.com,dept_5,62
436,Name_36,user_36@example.com,dept_6,22
437,Name_37,user_37@example.com,dept_7,22
438,Name_38,user_38@example.com,dept_8,26
439,Name_39,user_39@example.com,dept_9,16
440,Name_40,user_40@example.com,dept_0,60
441,Name_41,user_41@example.com,dept_1,20
442,Name_42,user_42@example.com,dept_2,68
443,Name_43,user_43@example.com,dept_3,14
444,Name_44,user_44@example.com,dept_4,62
445,Name_45,user_45@example.com,dept_5,44
446,Name_46,user_46@example.com,dept_6,82
447,Name_47,user_47@example.com,dept_7,7
448,Name_48,user_48@example.com,dept_8,32
449,Name_49,user_49@example.com,dept_9,79
450,Name_50,user_0@example.com,dept_0,97
451,Name_51,user_1@example.com,dept_1,23
452,Name_52,user_2@example.com,dept_2,79
453,Name_53,user_3@example.com,dept_3,83
454,Name_54,user_4@example.com,dept_4,57
455,Name_55,user_5@example.com,dept_5,67
456,Name_56,user_6@example.com,dept_6,43
457,Name_57,user_7@example.com,dept_7,36
458,Name_58,user_8@example.com,dept_8,24
459,Name_59,user_9@example.com,dept_9,44
460,Name_60,user_10@example.com,dept_0,81
461,Name_61,user_11@example.com,dept_1,7
462,Name_62,user_12@example.com,dept_2,26
463,Name_63,user_13@example.com,dept_3,42
464,Name_64,user_14@example.com,dept_4,22
465,Name_65,user_15@example.com,dept_5,22
466,Name_66,user_16@example.com,dept_6,5
467,Name_67,user_17@example.com,dept_7,44
468,Name_68,user_18@example.com,dept_8,95
469,Name_69,user_19@example.com,dept_9,2
470,Name_70,user_20@example.com,dept_0,54
471,Name_71,user_21@example.com,dept_1,18
472,Name_72,user_22@example.com,dept_2,57
473,Name_73,user_23@example.com,dept_3,95
474,Name_74,user_24@example.com,dept_4,45
475,Name_75,user_25@example.com,dept_5,48
476,Name_76,user_26@example.com,dept_6,8
477,Name_77,user_27@example.com,dept_7,97
478,Name_78,user_28@example.com,dept_8,23
479,Name_79,user_29@example.com,dept_9,18
480,Name_80,user_30@example.com,dept_0,56
481,Name_81,user_31@example.com,dept_1,85
482,Name_82,user_32@example.com,dept_2,50
483,Name_83,user_33@example.com,dept_3,61
484,Name_84,user_34@example.com,dept_4,7
485,Name_85,user_35@example.com,dept_5,85
486,Name_86,user_36@example.com,dept_6,18
487,Name_87,user_37@example.com,dept_7,49
488,Name_88,user_38@example.com,dept_8,29
489,Name_89,user_39@example.com,dept_9,64
490,Name_90,user_40@example.com,dept_0,71
491,Name_91,user_41@example.com,dept_1,24
492,Name_92,user_42@example.com,dept_2,44
493,Name_93,user_43@example.com,dept_3,87
494,Name_94,user_44@example.com,dept_4,38
495,Name_95,user_45@example.com,dept_5,94
496,Name_96,user_46@example.com,dept_6,24
497,Name_97,user_47@example.com,dept_7,68
498,Name_98,user_48@example.com,dept_8,27
499,Name_99,user_49@example.com,dept_9,59
500,Name_0,user_0@example.com,dept_0,100
501,Name_1,user_1@example.com,dept_1,50
502,Name_2,user_2@example.com,dept_2,21
503,Name_3,user_3@example.com,dept_3,47
504,Name_4,user_4@example.com,dept_4,87
505,Name_5,user_5@example.com,dept_5,28
506,Name_6,user_6@example.com,dept_6,85
507,Name_7,user_7@example.com,dept_7,76
508,Name_8,user_8@example.com,dept_8,32
509,Name_9,user_9@example.com,dept_9,47
510,Name_10,user_10@example.com,dept_0,9
511,Name_11,user_11@example.com,dept_1,43
512,Name_12,user_12@example.com,dept_2,13
513,Name_13,user_13@example.com,dept_3,23
514,Name_14,user_14@example.com,dept_4,80
515,Name_15,user_15@example.com,dept_5,30
516,Name_16,user_16@example.com,dept_6,47
517,Name_17,user_17@example.com,dept_7,7
518,Name_18,user_18@example.com,dept_8,99
519,Name_19,user_19@example.com,dept_9,23
520,Name_20,user_20@example.com,dept_0,63
521,Name_21,user_21@example.com,dept_1,8
522,Name_22,user_22@example.com,dept_2,10
523,Name_23,user_23@example.com,dept_3,51
524,Name_24,user_24@example.com,dept_4,93
525,Name_25,user_25@example.com,dept_5,35
526,Name_26,user_26@example.com,dept_6,97
527,Name_27,user_27@example.com,dept_7,47
528,Name_28,user_28@example.com,dept_8,9
529,Name_29,user_29@example.com,dept_9,56
530,Name_30,user_30@example.com,dept_0,29
531,Name_31,user_31@example.com,dept_1,69
532,Name_32,user_32@example.com,dept_2,81
533,Name_33,user_33@example.com,dept_3,75
534,Name_34,user_34@example.com,dept_4,71
535,Name_35,user_35@example.com,dept_5,9
536,Name_36,user_36@example.com,dept_6,91
537,Name_37,user_37@example.com,dept_7,36
538,Name_38,user_38@example.com,dept_8,76
539,Name_39,user_39@example.com,dept_9,15
540,Name_40,user_40@example.com,dept_0,37
541,Name_41,user_41@example.com,dept_1,73
542,Name_42,user_42@example.com,dept_2,2
543,Name_43,user_43@example.com,dept_3,56
544,Name_44,user_44@example.com,dept_4,45
545,Name_45,user_45@example.com,dept_5,91
546,Name_46,user_46@example.com,dept_6,41
547,Name_47,user_47@example.com,dept_7,80
548,Name_48,user_48@example.com,dept_8,86
549,Name_49,user_49@example.com,dept_9,18
550,Name_50,user_0@example.com,dept_0,36
551,Name_51,user_1@example.com,dept_1,72
552,Name_52,user_2@example.com,dept_2,88
553,Name_53,user_3@example.com,dept_3,11
554,Name_54,user_4@example.com,dept_4,94
555,Name_55,user_5@example.com,dept_5,48
556,Name_56,user_6@example.com,dept_6,68
557,Name_57,user_7@example.com,dept_7,2
558,Name_58,user_8@example.com,dept_8,18
559,Name_59,user_9@example.com,dept_9,66
560,Name_60,user_10@example.com,dept_0,22
561,Name_61,user_11@example.com,dept_1,96
562,Name_62,user_12@example.com,dept_2,35
563,Name_63,user_13@example.com,dept_3,60
564,Name_64,user_14@example.com,dept_4,93
565,Name_65,user_15@example.com,dept_5,98
566,Name_66,user_16@example.com,dept_6,31
567,Name_67,user_17@example.com,dept_7,46
568,Name_68,user_18@example.com,dept_8,6
569,Name_69,user_19@example.com,dept_9,1
570,Name_70,user_20@example.com,dept_0,96
571,Name_71,user_21@example.com,dept_1,54
572,Name_72,user_22@example.com,dept_2,1
573,Name_73,user_23@example.com,dept_3,70
574,Name_74,user_24@example.com,dept_4,30
575,Name_75,user_25@example.com,dept_5,27
576,Name_76,user_26@example.com,dept_6,17
577,Name_77,user_27@example.com,dept_7,87
578,Name_78,user_28@example.com,dept_8,34
579,Name_79,user_29@example.com,dept_9,98
580,Name_80,user_30@example.com,dept_0,85
581,Name_81,user_31@example.com,dept_1,1
582,Name_82,user_32@example.com,dept_2,40
583,Name_83,user_33@example.com,dept_3,6
584,Name_84,user_34@example.com,dept_4,1
585,Name_85,user_35@example.com,dept_5,63
586,Name_86,user_36@example.com,dept_6,90
587,Name_87,user_37@example.com,dept_7,53
588,Name_88,user_38@example.com,dept_8,5
589,Name_89,user_39@example.com,dept_9,47
590,Name_90,user_40@example.com,dept_0,17
591,Name_91,user_41@example.com,dept_1,47
592,Name_92,user_42@example.com,dept_2,15
593,Name_93,user_43@example.com,dept_3,79
594,Name_94,user_44@example.com,dept_4,3
595,Name_95,user_45@example.com,dept_5,48
596,Name_96,user_46@example.com,dept_6,69
597,Name_97,user_47@example.com,dept_7,9
598,Name_98,user_48@example.com,dept_8,31
599,Name_99,user_49@example.com,dept_9,11
600,Name_0,user_0@example.com,dept_0,90
601,Name_1,user_1@example.com,dept_1,92
602,Name_2,user_2@example.com,dept_2,25
603,Name_3,user_3@example.com,dept_3,9
604,Name_4,user_4@example.com,dept_4,83
605,Name_5,user_5@example.com,dept_5,26
606,Name_6,user_6@example.com,dept_6,21
607,Name_7,user_7@example.com,dept_7,82
608,Name_8,user_8@example.com,dept_8,31
609,Name_9,user_9@example.com,dept_9,78
610,Name_10,user_10@example.com,dept_0,43
611,Name_11,user_11@example.com,dept_1,50
612,Name_12,user_12@example.com,dept_2,85
613,Name_13,user_13@example.com,dept_3,36
614,Name_14,user_14@example.com,dept_4,65
615,Name_15,user_15@example.com,dept_5,77
616,Name_16,user_16@example.com,dept_6,70
617,Name_17,user_17@example.com,dept_7,11
618,Name_18,user_18@example.com,dept_8,66
619,Name_19,user_19@example.com,dept_9,91
620,Name_20,user_20@example.com,dept_0,79
621,Name_21,user_21@example.com,dept_1,74
622,Name_22,user_22@example.com,dept_2,23
623,Name_23,user_23@example.com,dept_3,57
624,Name_24,user_24@example.com,dept_4,27
625,Name_25,user_25@example.com,dept_5,85
626,Name_26,user_26@example.com,dept_6,61
627,Name_27,user_27@example.com,dept_7,15
628,Name_28,user_28@example.com,dept_8,39
629,Name_29,user_29@example.com,dept_9,65
630,Name_30,user_30@example.com,dept_0,96
631,Name_31,user_31@example.com,dept_1,59
632,Name_32,user_32@example.com,dept_2,29
633,Name_33,user_33@example.com,dept_3,68
634,Name_34,user_34@example.com,dept_4,43
635,Name_35,user_35@example.com,dept_5,34
636,Name_36,user_36@example.com,dept_6,52
637,Name_37,user_37@example.com,dept_7,78
638,Name_38,user_38@example.com,dept_8,91
639,Name_39,user_39@example.com,dept_9,10
640,Name_40,user_40@example.com,dept_0,39
641,Name_41,user_41@example.com,dept_1,99
642,Name_42,user_42@example.com,dept_2,12
643,Name_43,user_43@example.com,dept_3,15
644,Name_44,user_44@example.com,dept_4,100
645,Name_45,user_45@example.com,dept_5,8
646,Name_46,user_46@example.com,dept_6,88
647,Name_47,user_47@example.com,dept_7,12
648,Name_48,user_48@example.com,dept_8,39
649,Name_49,user_49@example.com,dept_9,50
650,Name_50,user_0@example.com,dept_0,35
651,Name_51,user_1@example.com,dept_1,35
652,Name_52,user_2@example.com,dept_2,98
653,Name_53,user_3@example.com,dept_3,35
654,Name_54,user_4@example.com,dept_4,16
655,Name_55,user_5@example.com,dept_5,100
656,Name_56,user_6@example.com,dept_6,77
657,Name_57,user_7@example.com,dept_7,56
658,Name_58,user_8@example.com,dept_8,20
659,Name_59,user_9@example.com,dept_9,61
660,Name_60,user_10@example.com,dept_0,79
661,Name_61,user_11@example.com,dept_1,88
662,Name_62,user_12@example.com,dept_2,45
663,Name_63,user_13@example.com,dept_3,69
664,Name_64,user_14@example.com,dept_4,4
665,Name_65,user_15@example.com,dept_5,95
666,Name_66,user_16@example.com,dept_6,100
667,Name_67,user_17@example.com,dept_7,14
668,Name_68,user_18@example.com,dept_8,37
669,Name_69,user_19@example.com,dept_9,18
670,Name_70,user_20@example.com,dept_0,71
671,Name_71,user_21@example.com,dept_1,2
672,Name_72,user_22@example.com,dept_2,37
673,Name_73,user_23@example.com,dept_3,17
674,Name_74,user_24@example.com,dept_4,58
675,Name_75,user_25@example.com,dept_5,6
676,Name_76,user_26@example.com,dept_6,85
677,Name_77,user_27@example.com,dept_7,66
678,Name_78,user_28@example.com,dept_8,54
679,Name_79,user_29@example.com,dept_9,13
680,Name_80,user_30@example.com,dept_0,11
681,Name_81,user_31@example.com,dept_1,76
682,Name_82,user_32@example.com,dept_2,17
683,Name_83,user_33@example.com,dept_3,65
684,Name_84,user_34@example.com,dept_4,47
685,Name_85,user_35@example.com,dept_5,51
686,Name_86,user_36@example.com,dept_6,74
687,Name_87,user_37@example.com,dept_7,6
688,Name_88,user_38@example.com,dept_8,65
689,Name_89,user_39@example.com,dept_9,95
690,Name_90,user_40@example.com,dept_0,76
691,Name_91,user_41@example.com,dept_1,97
692,Name_92,user_42@example.com,dept_2,71
693,Name_93,user_43@example.com,dept_3,77
694,Name_94,user_44@example.com,dept_4,25
695,Name_95,user_45@example.com,dept_5,94
696,Name_96,user_46@example.com,dept_6,11
697,Name_97,user_47@example.com,dept_7,44
698,Name_98,user_48@example.com,dept_8,62
699,Name_99,user_49@example.com,dept_9,4
700,Name_0,user_0@example.com,dept_0,51
701,Name_1,user_1@example.com,dept_1,44
702,Name_2,user_2@example.com,dept_2,13
703,Name_3,user_3@example.com,dept_3,62
704,Name_4,user_4@example.com,dept_4,29
705,Name_5,user_5@example.com,dept_5,14
706,Name_6,user_6@example.com,dept_6,72
707,Name_7,user_7@example.com,dept_7,66
708,Name_8,user_8@example.com,dept_8,7
709,Name_9,user_9@example.com,dept_9,45
710,Name_10,user_10@example.com,dept_0,45
711,Name_11,user_11@example.com,dept_1,28
712,Name_12,user_12@example.com,dept_2,52
713,Name_13,user_13@example.com,dept_3,94
714,Name_14,user_14@example.com,dept_4,22
715,Name_15,user_15@example.com,dept_5,96
716,Name_16,user_16@example.com,dept_6,47
717,Name_17,user_17@example.com,dept_7,47
718,Name_18,user_18@example.com,dept_8,13
719,Name_19,user_19@example.com,dept_9,53
720,Name_20,user_20@example.com,dept_0,97
721,Name_21,user_21@example.com,dept_1,74
722,Name_22,user_22@example.com,dept_2,29
723,Name_23,user_23@example.com,dept_3,49
724,Name_24,user_24@example.com,dept_4,50
725,Name_25,user_25@example.com,dept_5,44
726,Name_26,user_26@example.com,dept_6,57
727,Name_27,user_27@example.com,dept_7,56
728,Name_28,user_28@example.com,dept_8,56
729,Name_29,user_29@example.com,dept_9,6
730,Name_30,user_30@example.com,dept_0,19
731,Name_31,user_31@example.com,dept_1,65
732,Name_32,user_32@example.com,dept_2,43
733,Name_33,user_33@example.com,dept_3,11
734,Name_34,user_34@example.com,dept_4,33
735,Name_35,user_35@example.com,dept_5,18
736,Name_36,user_36@example.com,dept_6,36
737,Name_37,user_37@example.com,dept_7,1
738,Name_38,user_38@example.com,dept_8,37
739,Name_39,user_39@example.com,dept_9,77
740,Name_40,user_40@example.com,dept_0,22
741,Name_41,user_41@example.com,dept_1,49
742,Name_42,user_42@example.com,dept_2,79
743,Name_43,user_43@example.com,dept_3,65
744,Name_44,user_44@example.com,dept_4,57
745,Name_45,user_45@example.com,dept_5,46
746,Name_46,user_46@example.com,dept_6,70
747,Name_47,user_47@example.com,dept_7,56
748,Name_48,user_48@example.com,dept_8,5
749,Name_49,user_49@example.com,dept_9,67
750,Name_50,user_0@example.com,dept_0,79
751,Name_51,user_1@example.com,dept_1,48
752,Name_52,user_2@example.com,dept_2,99
753,Name_53,user_3@example.com,dept_3,38
754,Name_54,user_4@example.com,dept_4,73
755,Name_55,user_5@example.com,dept_5,22
756,Name_56,user_6@example.com,dept_6,18
757,Name_57,user_7@example.com,dept_7,16
758,Name_58,user_8@example.com,dept_8,50
759,Name_59,user_9@example.com,dept_9,20
760,Name_60,user_10@example.com,dept_0,90
761,Name_61,user_11@example.com,dept_1,54
762,Name_62,user_12@example.com,dept_2,45
763,Name_63,user_13@example.com,dept_3,89
764,Name_64,user_14@example.com,dept_4,89
765,Name_65,user_15@example.com,dept_5,96
766,Name_66,user_16@example.com,dept_6,40
767,Name_67,user_17@example.com,dept_7,47
768,Name_68,user_18@example.com,dept_8,12
769,Name_69,user_19@example.com,dept_9,57
770,Name_70,user_20@example.com,dept_0,89
771,Name_71,user_21@example.com,dept_1,65
772,Name_72,user_22@example.com,dept_2,99
773,Name_73,user_23@example.com,dept_3,52
774,Name_74,user_24@example.com,dept_4,58
775,Name_75,user_25@example.com,dept_5,48
776,Name_76,user_26@example.com,dept_6,87
777,Name_77,user_27@example.com,dept_7,39
778,Name_78,user_28@example.com,dept_8,70
779,Name_79,user_29@example.com,dept_9,17
780,Name_80,user_30@example.com,dept_0,42
781,Name_81,user_31@example.com,dept_1,48
782,Name_82,user_32@example.com,dept_2,15
783,Name_83,user_33@example.com,dept_3,26
784,Name_84,user_34@example.com,dept_4,86
785,Name_85,user_35@example.com,dept_5,30
786,Name_86,user_36@example.com,dept_6,7
787,Name_87,user_37@example.com,dept_7,27
788,Name_88,user_38@example.com,dept_8,56
789,Name_89,user_39@example.com,dept_9,95
790,Name_90,user_40@example.com,dept_0,44
791,Name_91,user_41@example.com,dept_1,33
792,Name_92,user_42@example.com,dept_2,45
793,Name_93,user_43@example.com,dept_3,18
794,Name_94,user_44@example.com,dept_4,33
795,Name_95,user_45@example.com,dept_5,80
796,Name_96,user_46@example.com,dept_6,39
797,Name_97,user_47@example.com,dept_7,17
798,Name_98,user_48@example.com,dept_8,34
799,Name_99,user_49@example.com,dept_9,1
800,Name_0,user_0@example.com,dept_0,32
801,Name_1,user_1@example.com,dept_1,53
802,Name_2,user_2@example.com,dept_2,90
803,Name_3,user_3@example.com,dept_3,85
804,Name_4,user_4@example.com,dept_4,8
805,Name_5,user_5@example.com,dept_5,5
806,Name_6,user_6@example.com,dept_6,51
807,Name_7,user_7@example.com,dept_7,82
808,Name_8,user_8@example.com,dept_8,7
809,Name_9,user_9@example.com,dept_9,27
810,Name_10,user_10@example.com,dept_0,87
811,Name_11,user_11@example.com,dept_1,74
812,Name_12,user_12@example.com,dept_2,71
813,Name_13,user_13@example.com,dept_3,82
814,Name_14,user_14@example.com,dept_4,65
815,Name_15,user_15@example.com,dept_5,92
816,Name_16,user_16@example.com,dept_6,8
817,Name_17,user_17@example.com,dept_7,82
818,Name_18,user_18@example.com,dept_8,10
819,Name_19,user_19@example.com,dept_9,67
820,Name_20,user_20@example.com,dept_0,40
821,Name_21,user_21@example.com,dept_1,9
822,Name_22,user_22@example.com,dept_2,34
823,Name_23,user_23@example.com,dept_3,74
824,Name_24,user_24@example.com,dept_4,92
825,Name_25,user_25@example.com,dept_5,5
826,Name_26,user_26@example.com,dept_6,72
827,Name_27,user_27@example.com,dept_7,52
828,Name_28,user_28@example.com,dept_8,78
829,Name_29,user_29@example.com,dept_9,50
830,Name_30,user_30@example.com,dept_0,65
831,Name_31,user_31@example.com,dept_1,17
832,Name_32,user_32@example.com,dept_2,90
833,Name_33,user_33@example.com,dept_3,27
834,Name_34,user_34@example.com,dept_4,63
835,Name_35,user_35@example.com,dept_5,46
836,Name_36,user_36@example.com,dept_6,1
837,Name_37,user_37@example.com,dept_7,34
838,Name_38,user_38@example.com,dept_8,97
839,Name_39,user_39@example.com,dept_9,37
840,Name_40,user_40@example.com,dept_0,91
841,Name_41,user_41@example.com,dept_1,82
842,Name_42,user_42@example.com,dept_2,60
843,Name_43,user_43@example.com,dept_3,40
844,Name_44,user_44@example.com,dept_4,18
845,Name_45,user_45@example.com,dept_5,64
846,Name_46,user_46@example.com,dept_6,3
847,Name_47,user_47@example.com,dept_7,35
848,Name_48,user_48@example.com,dept_8,93
849,Name_49,user_49@example.com,dept_9,46
850,Name_50,user_0@example.com,dept_0,87
851,Name_51,user_1@example.com,dept_1,91
852,Name_52,user_2@example.com,dept_2,68
853,Name_53,user_3@example.com,dept_3,18
854,Name_54,user_4@example.com,dept_4,80
855,Name_55,user_5@example.com,dept_5,98
856,Name_56,user_6@example.com,dept_6,53
857,Name_57,user_7@example.com,dept_7,55
858,Name_58,user_8@example.com,dept_8,84
859,Name_59,user_9@example.com,dept_9,99
860,Name_60,user_10@example.com,dept_0,18
861,Name_61,user_11@example.com,dept_1,14
862,Name_62,user_12@example.com,dept_2,19
863,Name_63,user_13@example.com,dept_3,61
864,Name_64,user_14@example.com,dept_4,59
865,Name_65,user_15@example.com,dept_5,98
866,Name_66,user_16@example.com,dept_6,42
867,Name_67,user_17@example.com,dept_7,43
868,Name_68,user_18@example.com,dept_8,58
869,Name_69,user_19@example.com,dept_9,97
870,Name_70,user_20@example.com,dept_0,30
871,Name_71,user_21@example.com,dept_1,23
872,Name_72,user_22@example.com,dept_2,81
873,Name_73,user_23@example.com,dept_3,73
874,Name_74,user_24@example.com,dept_4,78
875,Name_75,user_25@example.com,dept_5,84
876,Name_76,user_26@example.com,dept_6,84
877,Name_77,user_27@example.com,dept_7,71
878,Name_78,user_28@example.com,dept_8,46
879,Name_79,user_29@example.com,dept_9,98
880,Name_80,user_30@example.com,dept_0,54
881,Name_81,user_31@example.com,dept_1,20
882,Name_82,user_32@example.com,dept_2,88
883,Name_83,user_33@example.com,dept_3,76
884,Name_84,user_34@example.com,dept_4,86
885,Name_85,user_35@example.com,dept_5,8
886,Name_86,user_36@example.com,dept_6,59
887,Name_87,user_37@example.com,dept_7,74
888,Name_88,user_38@example.com,dept_8,16
889,Name_89,user_39@example.com,dept_9,34
890,Name_90,user_40@example.com,dept_0,96
891,Name_91,user_41@example.com,dept_1,89
892,Name_92,user_42@example.com,dept_2,2
893,Name_93,user_43@example.com,dept_3,81
894,Name_94,user_44@example.com,dept_4,1
895,Name_95,user_45@example.com,dept_5,24
896,Name_96,user_46@example.com,dept_6,66
897,Name_97,user_47@example.com,dept_7,47
898,Name_98,user_48@example.com,dept_8,22
899,Name_99,user_49@example.com,dept_9,19
900,Name_0,user_0@example.com,dept_0,11
901,Name_1,user_1@example.com,dept_1,22
902,Name_2,user_2@example.com,dept_2,23
903,Name_3,user_3@example.com,dept_3,98
904,Name_4,user_4@example.com,dept_4,11
905,Name_5,user_5@example.com,dept_5,46
906,Name_6,user_6@example.com,dept_6,91
907,Name_7,user_7@example.com,dept_7,85
908,Name_8,user_8@example.com,dept_8,37
909,Name_9,user_9@example.com,dept_9,66
910,Name_10,user_10@example.com,dept_0,13
911,Name_11,user_11@example.com,dept_1,19
912,Name_12,user_12@example.com,dept_2,26
913,Name_13,user_13@example.com,dept_3,61
914,Name_14,user_14@example.com,dept_4,84
915,Name_15,user_15@example.com,dept_5,70
916,Name_16,user_16@example.com,dept_6,68
917,Name_17,user_17@example.com,dept_7,62
918,Name_18,user_18@example.com,dept_8,32
919,Name_19,user_19@example.com,dept_9,60
920,Name_20,user_20@example.com,dept_0,28
921,Name_21,user_21@example.com,dept_1,95
922,Name_22,user_22@example.com,dept_2,25
923,Name_23,user_23@example.com,dept_3,75
924,Name_24,user_24@example.com,dept_4,3
925,Name_25,user_25@example.com,dept_5,66
926,Name_26,user_26@example.com,dept_6,94
927,Name_27,user_27@example.com,dept_7,89
928,Name_28,user_28@example.com,dept_8,51
929,Name_29,user_29@example.com,dept_9,81
930,Name_30,user_30@example.com,dept_0,96
931,Name_31,user_31@example.com,dept_1,60
932,Name_32,user_32@example.com,dept_2,20
933,Name_33,user_33@example.com,dept_3,13
934,Name_34,user_34@example.com,dept_4,78
935,Name_35,user_35@example.com,dept_5,77
936,Name_36,user_36@example.com,dept_6,47
937,Name_37,user_37@example.com,dept_7,75
938,Name_38,user_38@example.com,dept_8,100
939,Name_39,user_39@example.com,dept_9,38
940,Name_40,user_40@example.com,dept_0,88
941,Name_41,user_41@example.com,dept_1,74
942,Name_42,user_42@example.com,dept_2,29
943,Name_43,user_43@example.com,dept_3,24
944,Name_44,user_44@example.com,dept_4,41
945,Name_45,user_45@example.com,dept_5,51
946,Name_46,user_46@example.com,dept_6,22
947,Name_47,user_47@example.com,dept_7,46
948,Name_48,user_48@example.com,dept_8,26
949,Name_49,user_49@example.com,dept_9,34
950,Name_50,user_0@example.com,dept_0,57
951,Name_51,user_1@example.com,dept_1,44
952,Name_52,user_2@example.com,dept_2,20
953,Name_53,user_3@example.com,dept_3,54
954,Name_54,user_4@example.com,dept_4,88
955,Name_55,user_5@example.com,dept_5,8
956,Name_56,user_6@example.com,dept_6,19
957,Name_57,user_7@example.com,dept_7,57
958,Name_58,user_8@example.com,dept_8,17
959,Name_59,user_9@example.com,dept_9,54
960,Name_60,user_10@example.com,dept_0,26
961,Name_61,user_11@example.com,dept_1,85
962,Name_62,user_12@example.com,dept_2,87
963,Name_63,user_13@example.com,dept_3,93
964,Name_64,user_14@example.com,dept_4,21
965,Name_65,user_15@example.com,dept_5,37
966,Name_66,user_16@example.com,dept_6,35
967,Name_67,user_17@example.com,dept_7,72
968,Name_68,user_18@example.com,dept_8,8
969,Name_69,user_19@example.com,dept_9,14
970,Name_70,user_20@example.com,dept_0,63
971,Name_71,user_21@example.com,dept_1,3
972,Name_72,user_22@example.com,dept_2,57
973,Name_73,user_23@example.com,dept_3,53
974,Name_74,user_24@example.com,dept_4,89
975,Name_75,user_25@example.com,dept_5,31
976,Name_76,user_26@example.com,dept_6,68
977,Name_77,user_27@example.com,dept_7,4
978,Name_78,user_28@example.com,dept_8,57
979,Name_79,user_29@example.com,dept_9,40
980,Name_80,user_30@example.com,dept_0,31
981,Name_81,user_31@example.com,dept_1,53
982,Name_82,user_32@example.com,dept_2,51
983,Name_83,user_33@example.com,dept_3,14
984,Name_84,user_34@example.com,dept_4,19
985,Name_85,user_35@example.com,dept_5,83
986,Name_86,user_36@example.com,dept_6,27
987,Name_87,user_37@example.com,dept_7,58
988,Name_88,user_38@example.com,dept_8,12
989,Name_89,user_39@example.com,dept_9,63
990,Name_90,user_40@example.com,dept_0,31
991,Name_91,user_41@example.com,dept_1,25
992,Name_92,user_42@example.com,dept_2,18
993,Name_93,user_43@example.com,dept_3,51
994,Name_94,user_44@example.com,dept_4,81
995,Name_95,user_45@example.com,dept_5,1
996,Name_96,user_46@example.com,dept_6,17
997,Name_97,user_47@example.com,dept_7,76
998,Name_98,user_48@example.com,dept_8,10
999,Name_99,user_49@example.com,dept_9,40
0,Name_0,user_0@example.com,dept_0,20
1,Name_1,user_1@example.com,dept_1,60
2,Name_2,user_2@example.com,dept_2,89
3,Name_3,user_3@example.com,dept_3,45
4,Name_4,user_4@example.com,dept_4,51
5,Name_5,user_5@example.com,dept_5,45
6,Name_6,user_6@example.com,dept_6,21
7,Name_7,user_7@example.com,dept_7,89
8,Name_8,user_8@example.com,dept_8,49
9,Name_9,user_9@example.com,dept_9,95
10,Name_10,user_10@example.com,dept_0,39
11,Name_11,user_11@example.com,dept_1,39
12,Name_12,user_12@example.com,dept_2,91
13,Name_13,user_13@example.com,dept_3,79
14,Name_14,user_14@example.com,dept_4,31
15,Name_15,user_15@example.com,dept_5,82
16,Name_16,user_16@example.com,dept_6,29
17,Name_17,user_17@example.com,dept_7,24
18,Name_18,user_18@example.com,dept_8,46
19,Name_19,user_19@example.com,dept_9,79
20,Name_20,user_20@example.com,dept_0,35
21,Name_21,user_21@example.com,dept_1,88
22,Name_22,user_22@example.com,dept_2,86
23,Name_23,user_23@example.com,dept_3,54
24,Name_24,user_24@example.com,dept_4,4
25,Name_25,user_25@example.com,dept_5,20
26,Name_26,user_26@example.com,dept_6,68
27,Name_27,user_27@example.com,dept_7,12
28,Name_28,user_28@example.com,dept_8,70
29,Name_29,user_29@example.com,dept_9,84
30,Name_30,user_30@example.com,dept_0,94
31,Name_31,user_31@example.com,dept_1,26
32,Name_32,user_32@example.com,dept_2,81
33,Name_33,user_33@example.com,dept_3,51
34,Name_34,user_34@example.com,dept_4,51
35,Name_35,user_35@example.com,dept_5,13
36,Name_36,user_36@example.com,dept_6,4
37,Name_37,user_37@example.com,dept_7,77
38,Name_38,user_38@example.com,dept_8,56
39,Name_39,user_39@example.com,dept_9,40
40,Name_40,user_40@example.com,dept_0,44
41,Name_41,user_41@example.com,dept_1,38
42,Name_42,user_42@example.com,dept_2,62
43,Name_43,user_43@example.com,dept_3,89
44,Name_44,user_44@example.com,dept_4,99
45,Name_45,user_45@example.com,dept_5,42
46,Name_46,user_46@example.com,dept_6,83
47,Name_47,user_47@example.com,dept_7,14
48,Name_48,user_48@example.com,dept_8,67
49,Name_49,user_49@example.com,dept_9,49
50,Name_50,user_0@example.com,dept_0,11
51,Name_51,user_1@example.com,dept_1,23
52,Name_52,user_2@example.com,dept_2,80
53,Name_53,user_3@example.com,dept_3,19
54,Name_54,user_4@example.com,dept_4,48
55,Name_55,user_5@example.com,dept_5,19
56,Name_56,user_6@example.com,dept_6,37
57,Name_57,user_7@example.com,dept_7,80
58,Name_58,user_8@example.com,dept_8,97
59,Name_59,user_9@example.com,dept_9,41
60,Name_60,user_10@example.com,dept_0,77
61,Name_61,user_11@example.com,dept_1,25
62,Name_62,user_12@example.com,dept_2,39
63,Name_63,user_13@example.com,dept_3,46
64,Name_64,user_14@example.com,dept_4,22
65,Name_65,user_15@example.com,dept_5,27
66,Name_66,user_16@example.com,dept_6,40
67,Name_67,user_17@example.com,dept_7,26
68,Name_68,user_18@example.com,dept_8,89
69,Name_69,user_19@example.com,dept_9,13
70,Name_70,user_20@example.com,dept_0,75
71,Name_71,user_21@example.com,dept_1,27
72,Name_72,user_22@example.com,dept_2,11
73,Name_73,user_23@example.com,dept_3,32
74,Name_74,user_24@example.com,dept_4,84
75,Name_75,user_25@example.com,dept_5,15
76,Name_76,user_26@example.com,dept_6,51
77,Name_77,user_27@example.com,dept_7,96
78,Name_78,user_28@example.com,dept_8,17
79,Name_79,user_29@example.com,dept_9,40
80,Name_80,user_30@example.com,dept_0,44
81,Name_81,user_31@example.com,dept_1,47
82,Name_82,user_32@example.com,dept_2,90
83,Name_83,user_33@example.com,dept_3,25
84,Name_84,user_34@example.com,dept_4,1
85,Name_85,user_35@example.com,dept_5,39
86,Name_86,user_36@example.com,dept_6,73
87,Name_87,user_37@example.com,dept_7,52
88,Name_88,user_38@example.com,dept_8,2
89,Name_89,user_39@example.com,dept_9,99
90,Name_90,user_40@example.com,dept_0,7
91,Name_91,user_41@example.com,dept_1,6
92,Name_92,user_42@example.com,dept_2,39
93,Name_93,user_43@example.com,dept_3,55
94,Name_94,user_44@example.com,dept_4,20
95,Name_95,user_45@example.com,dept_5,23
96,Name_96,user_46@example.com,dept_6,26
97,Name_97,user_47@example.com,dept_7,45
98,Name_98,user_48@example.com,dept_8,76
99,Name_99,user_49@example.com,dept_9,10
100,Name_0,user_0@example.com,dept_0,6
101,Name_1,user_1@example.com,dept_1,61
102,Name_2,user_2@example.com,dept_2,1
103,Name_3,user_3@example.com,dept_3,35
104,Name_4,user_4@example.com,dept_4,84
105,Name_5,user_5@example.com,dept_5,39
106,Name_6,user_6@example.com,dept_6,34
107,Name_7,user_7@example.com,dept_7,22
108,Name_8,user_8@example.com,dept_8,68
109,Name_9,user_9@example.com,dept_9,58
110,Name_10,user_10@example.com,dept_0,22
111,Name_11,user_11@example.com,dept_1,33
112,Name_12,user_12@example.com,dept_2,15
113,Name_13,user_13@example.com,dept_3,7
114,Name_14,user_14@example.com,dept_4,93
115,Name_15,user_15@example.com,dept_5,93
116,Name_16,user_16@example.com,dept_6,34
117,Name_17,user_17@example.com,dept_7,64
118,Name_18,user_18@example.com,dept_8,26
119,Name_19,user_19@example.com,dept_9,38
120,Name_20,user_20@example.com,dept_0,63
121,Name_21,user_21@example.com,dept_1,65
122,Name_22,user_22@example.com,dept_2,50
123,Name_23,user_23@example.com,dept_3,51
124,Name_24,user_24@example.com,dept_4,9
125,Name_25,user_25@example.com,dept_5,46
126,Name_26,user_26@example.com,dept_6,92
127,Name_27,user_27@example.com,dept_7,54
128,Name_28,user_28@example.com,dept_8,100
129,Name_29,user_29@example.com,dept_9,78
130,Name_30,user_30@example.com,dept_0,7
131,Name_31,user_31@example.com,dept_1,91
132,Name_32,user_32@example.com,dept_2,74
133,Name_33,user_33@example.com,dept_3,96
134,Name_34,user_34@example.com,dept_4,2
135,Name_35,user_35@example.com,dept_5,31
136,Name_36,user_36@example.com,dept_6,91
137,Name_37,user_37@example.com,dept_7,26
138,Name_38,user_38@example.com,dept_8,72
139,Name_39,user_39@example.com,dept_9,23
140,Name_40,user_40@example.com,dept_0,13
141,Name_41,user_41@example.com,dept_1,82
142,Name_42,user_42@example.com,dept_2,79
143,Name_43,user_43@example.com,dept_3,20
144,Name_44,user_44@example.com,dept_4,36
145,Name_45,user_45@example.com,dept_5,15
146,Name_46,user_46@example.com,dept_6,18
147,Name_47,user_47@example.com,dept_7,14
148,Name_48,user_48@example.com,dept_8,68
149,Name_49,user_49@example.com,dept_9,85
150,Name_50,user_0@example.com,dept_0,42
151,Name_51,user_1@example.com,dept_1,42
152,Name_52,user_2@example.com,dept_2,63
153,Name_53,user_3@example.com,dept_3,59
154,Name_54,user_4@example.com,dept_4,59
155,Name_55,user_5@example.com,dept_5,94
156,Name_56,user_6@example.com,dept_6,54
157,Name_57,user_7@example.com,dept_7,38
158,Name_58,user_8@example.com,dept_8,29
159,Name_59,user_9@example.com,dept_9,95
160,Name_60,user_10@example.com,dept_0,55
161,Name_61,user_11@example.com,dept_1,17
162,Name_62,user_12@example.com,dept_2,57
163,Name_63,user_13@example.com,dept_3,94
164,Name_64,user_14@example.com,dept_4,9
165,Name_65,user_15@example.com,dept_5,3
166,Name_66,user_16@example.com,dept_6,91
167,Name_67,user_17@example.com,dept_7,71
168,Name_68,user_18@example.com,dept_8,65
169,Name_69,user_19@example.com,dept_9,95
170,Name_70,user_20@example.com,dept_0,3
171,Name_71,user_21@example.com,dept_1,52
172,Name_72,user_22@example.com,dept_2,86
173,Name_73,user_23@example.com,dept_3,86
174,Name_74,user_24@example.com,dept_4,66
175,Name_75,user_25@example.com,dept_5,74
176,Name_76,user_26@example.com,dept_6,25
177,Name_77,user_27@example.com,dept_7,62
178,Name_78,user_28@example.com,dept_8,70
179,Name_79,user_29@example.com,dept_9,86
180,Name_80,user_30@example.com,dept_0,3
181,Name_81,user_31@example.com,dept_1,27
182,Name_82,user_32@example.com,dept_2,87
183,Name_83,user_33@example.com,dept_3,11
184,Name_84,user_34@example.com,dept_4,97
185,Name_85,user_35@example.com,dept_5,41
186,Name_86,user_36@example.com,dept_6,6
187,Name_87,user_37@example.com,dept_7,72
188,Name_88,user_38@example.com,dept_8,42
189,Name_89,user_39@example.com,dept_9,35
190,Name_90,user_40@example.com,dept_0,67
191,Name_91,user_41@example.com,dept_1,67
192,Name_92,user_42@example.com,dept_2,67
193,Name_93,user_43@example.com,dept_3,92
194,Name_94,user_44@example.com,dept_4,86
195,Name_95,user_45@example.com,dept_5,29
196,Name_96,user_46@example.com,dept_6,83
197,Name_97,user_47@example.com,dept_7,62
198,Name_98,user_48@example.com,dept_8,29
199,Name_99,user_49@example.com,dept_9,100
200,Name_0,user_0@example.com,dept_0,55
201,Name_1,user_1@example.com,dept_1,94
202,Name_2,user_2@example.com,dept_2,96
203,Name_3,user_3@example.com,dept_3,48
204,Name_4,user_4@example.com,dept_4,69
205,Name_5,user_5@example.com,dept_5,55
206,Name_6,user_6@example.com,dept_6,100
207,Name_7,user_7@example.com,dept_7,60
208,Name_8,user_8@example.com,dept_8,23
209,Name_9,user_9@example.com,dept_9,34
210,Name_10,user_10@example.com,dept_0,15
211,Name_11,user_11@example.com,dept_1,70
212,Name_12,user_12@example.com,dept_2,19
213,Name_13,user_13@example.com,dept_3,9
214,Name_14,user_14@example.com,dept_4,41
215,Name_15,user_15@example.com,dept_5,91
216,Name_16,user_16@example.com,dept_6,24
217,Name_17,user_17@example.com,dept_7,16
218,Name_18,user_18@example.com,dept_8,93
219,Name_19,user_19@example.com,dept_9,74
220,Name_20,user_20@example.com,dept_0,98
221,Name_21,user_21@example.com,dept_1,79
222,Name_22,user_22@example.com,dept_2,86
223,Name_23,user_23@example.com,dept_3,53
224,Name_24,user_24@example.com,dept_4,17
225,Name_25,user_25@example.com,dept_5,22
226,Name_26,user_26@example.com,dept_6,69
227,Name_27,user_27@example.com,dept_7,73
228,Name_28,user_28@example.com,dept_8,24
229,Name_29,user_29@example.com,dept_9,64
230,Name_30,user_30@example.com,dept_0,60
231,Name_31,user_31@example.com,dept_1,92
232,Name_32,user_32@example.com,dept_2,70
233,Name_33,user_33@example.com,dept_3,4
234,Name_34,user_34@example.com,dept_4,70
235,Name_35,user_35@example.com,dept_5,21
236,Name_36,user_36@example.com,dept_6,93
237,Name_37,user_37@example.com,dept_7,13
238,Name_38,user_38@example.com,dept_8,72
239,Name_39,user_39@example.com,dept_9,93
240,Name_40,user_40@example.com,dept_0,91
241,Name_41,user_41@example.com,dept_1,83
242,Name_42,user_42@example.com,dept_2,77
243,Name_43,user_43@example.com,dept_3,58
244,Name_44,user_44@example.com,dept_4,33
245,Name_45,user_45@example.com,dept_5,50
246,Name_46,user_46@example.com,dept_6,60
247,Name_47,user_47@example.com,dept_7,40
248,Name_48,user_48@example.com,dept_8,65
249,Name_49,user_49@example.com,dept_9,50
250,Name_50,user_0@example.com,dept_0,93
251,Name_51,user_1@example.com,dept_1,61
252,Name_52,user_2@example.com,dept_2,62
253,Name_53,user_3@example.com,dept_3,16
254,Name_54,user_4@example.com,dept_4,64
255,Name_55,user_5@example.com,dept_5,70
256,Name_56,user_6@example.com,dept_6,29
257,Name_57,user_7@example.com,dept_7,86
258,Name_58,user_8@example.com,dept_8,30
259,Name_59,user_9@example.com,dept_9,45
260,Name_60,user_10@example.com,dept_0,90
261,Name_61,user_11@example.com,dept_1,61
262,Name_62,user_12@example.com,dept_2,40
263,Name_63,user_13@example.com,dept_3,60
264,Name_64,user_14@example.com,dept_4,33
265,Name_65,user_15@example.com,dept_5,92
266,Name_66,user_16@example.com,dept_6,18
267,Name_67,user_17@example.com,dept_7,29
268,Name_68,user_18@example.com,dept_8,28
269,Name_69,user_19@example.com,dept_9,80
270,Name_70,user_20@example.com,dept_0,35
271,Name_71,user_21@example.com,dept_1,95
272,Name_72,user_22@example.com,dept_2,67
273,Name_73,user_23@example.com,dept_3,28
274,Name_74,user_24@example.com,dept_4,8
275,Name_75,user_25@example.com,dept_5,14
276,Name_76,user_26@example.com,dept_6,42
277,Name_77,user_27@example.com,dept_7,61
278,Name_78,user_28@example.com,dept_8,90
279,Name_79,user_29@example.com,dept_9,19
280,Name_80,user_30@example.com,dept_0,95
281,Name_81,user_31@example.com,dept_1,25
282,Name_82,user_32@example.com,dept_2,85
283,Name_83,user_33@example.com,dept_3,26
284,Name_84,user_34@example.com,dept_4,64
285,Name_85,user_35@example.com,dept_5,79
286,Name_86,user_36@example.com,dept_6,29
287,Name_87,user_37@example.com,dept_7,79
288,Name_88,user_38@example.com,dept_8,48
289,Name_89,user_39@example.com,dept_9,13
290,Name_90,user_40@example.com,dept_0,37
291,Name_91,user_41@example.com,dept_1,71
292,Name_92,user_42@example.com,dept_2,73
293,Name_93,user_43@example.com,dept_3,80
294,Name_94,user_44@example.com,dept_4,78
295,Name_95,user_45@example.com,dept_5,21
296,Name_96,user_46@example.com,dept_6,45
297,Name_97,user_47@example.com,dept_7,99
298,Name_98,user_48@example.com,dept_8,47
299,Name_99,user_49@example.com,dept_9,6
300,Name_0,user_0@example.com,dept_0,38
301,Name_1,user_1@example.com,dept_1,82
302,Name_2,user_2@example.com,dept_2,13
303,Name_3,user_3@example.com,dept_3,63
304,Name_4,user_4@example.com,dept_4,91
305,Name_5,user_5@example.com,dept_5,86
306,Name_6,user_6@example.com,dept_6,40
307,Name_7,user_7@example.com,dept_7,43
308,Name_8,user_8@example.com,dept_8,81
309,Name_9,user_9@example.com,dept_9,74
310,Name_10,user_10@example.com,dept_0,100
311,Name_11,user_11@example.com,dept_1,8
312,Name_12,user_12@example.com,dept_2,98
313,Name_13,user_13@example.com,dept_3,72
314,Name_14,user_14@example.com,dept_4,94
315,Name_15,user_15@example.com,dept_5,36
316,Name_16,user_16@example.com,dept_6,73
317,Name_17,user_17@example.com,dept_7,45
318,Name_18,user_18@example.com,dept_8,80
319,Name_19,user_19@example.com,dept_9,92
320,Name_20,user_20@example.com,dept_0,10
321,Name_21,user_21@example.com,dept_1,4
322,Name_22,user_22@example.com,dept_2,100
323,Name_23,user_23@example.com,dept_3,37
324,Name_24,user_24@example.com,dept_4,92
325,Name_25,user_25@example.com,dept_5,11
326,Name_26,user_26@example.com,dept_6,71
327,Name_27,user_27@example.com,dept_7,72
328,Name_28,user_28@example.com,dept_8,38
329,Name_29,user_29@example.com,dept_9,54
330,Name_30,user_30@example.com,dept_0,52
331,Name_31,user_31@example.com,dept_1,64
332,Name_32,user_32@example.com,dept_2,10
333,Name_33,user_33@example.com,dept_3,98
334,Name_34,user_34@example.com,dept_4,78
335,Name_35,user_35@example.com,dept_5,80
336,Name_36,user_36@example.com,dept_6,24
337,Name_37,user_37@example.com,dept_7,19
338,Name_38,user_38@example.com,dept_8,79
339,Name_39,user_39@example.com,dept_9,72
340,Name_40,user_40@example.com,dept_0,82
341,Name_41,user_41@example.com,dept_1,9
342,Name_42,user_42@example.com,dept_2,13
343,Name_43,user_43@example.com,dept_3,84
344,Name_44,user_44@example.com,dept_4,74
345,Name_45,user_45@example.com,dept_5,65
346,Name_46,user_46@example.com,dept_6,95
347,Name_47,user_47@example.com,dept_7,50
348,Name_48,user_48@example.com,dept_8,30
349,Name_49,user_49@example.com,dept_9,94
350,Name_50,user_0@example.com,dept_0,25
351,Name_51,user_1@example.com,dept_1,86
352,Name_52,user_2@example.com,dept_2,91
353,Name_53,user_3@example.com,dept_3,53
354,Name_54,user_4@example.com,dept_4,94
355,Name_55,user_5@example.com,dept_5,92
356,Name_56,user_6@example.com,dept_6,86
357,Name_57,user_7@example.com,dept_7,1
358,Name_58,user_8@example.com,dept_8,74
359,Name_59,user_9@example.com,dept_9,79
360,Name_60,user_10@example.com,dept_0,20
361,Name_61,user_11@example.com,dept_1,18
362,Name_62,user_12@example.com,dept_2,52
363,Name_63,user_13@example.com,dept_3,40
364,Name_64,user_14@example.com,dept_4,2
365,Name_65,user_15@example.com,dept_5,94
366,Name_66,user_16@example.com,dept_6,11
367,Name_67,user_17@example.com,dept_7,18
368,Name_68,user_18@example.com,dept_8,85
369,Name_69,user_19@example.com,dept_9,22
370,Name_70,user_20@example.com,dept_0,99
371,Name_71,user_21@example.com,dept_1,71
372,Name_72,user_22@example.com,dept_2,39
373,Name_73,user_23@example.com,dept_3,10
374,Name_74,user_24@example.com,dept_4,84
375,Name_75,user_25@example.com,dept_5,24
376,Name_76,user_26@example.com,dept_6,97
377,Name_77,user_27@example.com,dept_7,13
378,Name_78,user_28@example.com,dept_8,68
379,Name_79,user_29@example.com,dept_9,19
380,Name_80,user_30@example.com,dept_0,11
381,Name_81,user_31@example.com,dept_1,52
382,Name_82,user_32@example.com,dept_2,2
383,Name_83,user_33@example.com,dept_3,22
384,Name_84,user_34@example.com,dept_4,72
385,Name_85,user_35@example.com,dept_5,7
386,Name_86,user_36@example.com,dept_6,61
387,Name_87,user_37@example.com,dept_7,23
388,Name_88,user_38@example.com,dept_8,87
389,Name_89,user_39@example.com,dept_9,24
390,Name_90,user_40@example.com,dept_0,92
391,Name_91,user_41@example.com,dept_1,14
392,Name_92,user_42@example.com,dept_2,9
393,Name_93,user_43@example.com,dept_3,99
394,Name_94,user_44@example.com,dept_4,78
395,Name_95,user_45@example.com,dept_5,70
396,Name_96,user_46@example.com,dept_6,30
397,Name_97,user_47@example.com,dept_7,47
398,Name_98,user_48@example.com,dept_8,50
399,Name_99,user_49@example.com,dept_9,69
400,Name_0,user_0@example.com,dept_0,65
401,Name_1,user_1@example.com,dept_1,8
402,Name_2,user_2@example.com,dept_2,14
403,Name_3,user_3@example.com,dept_3,85
404,Name_4,user_4@example.com,dept_4,93
405,Name_5,user_5@example.com,dept_5,72
406,Name_6,user_6@example.com,dept_6,20
407,Name_7,user_7@example.com,dept_7,11
408,Name_8,user_8@example.com,dept_8,39
409,Name_9,user_9@example.com,dept_9,60
410,Name_10,user_10@example.com,dept_0,63
411,Name_11,user_11@example.com,dept_1,20
412,Name_12,user_12@example.com,dept_2,29
413,Name_13,user_13@example.com,dept_3,54
414,Name_14,user_14@example.com,dept_4,77
415,Name_15,user_15@example.com,dept_5,21
416,Name_16,user_16@example.com,dept_6,79
417,Name_17,user_17@example.com,dept_7,88
418,Name_18,user_18@example.com,dept_8,5
419,Name_19,user_19@example.com,dept_9,60
420,Name_20,user_20@example.com,dept_0,90
421,Name_21,user_21@example.com,dept_1,70
422,Name_22,user_22@example.com,dept_2,10
423,Name_23,user_23@example.com,dept_3,76
424,Name_24,user_24@example.com,dept_4,28
425,Name_25,user_25@example.com,dept_5,24
426,Name_26,user_26@example.com,dept_6,16
427,Name_27,user_27@example.com,dept_7,43
428,Name_28,user_28@example.com,dept_8,51
429,Name_29,user_29@example.com,dept_9,89
430,Name_30,user_30@example.com,dept_0,90
431,Name_31,user_31@example.com,dept_1,3
432,Name_32,user_32@example.com,dept_2,5
433,Name_33,user_33@example.com,dept_3,5
434,Name_34,user_34@example.com,dept_4,31
435,Name_35,user_35@example.com,dept_5,62
436,Name_36,user_36@example.com,dept_6,22
437,Name_37,user_37@example.com,dept_7,22
438,Name_38,user_38@example.com,dept_8,26
439,Name_39,user_39@example.com,dept_9,16
440,Name_40,user_40@example.com,dept_0,60
441,Name_41,user_41@example.com,dept_1,20
442,Name_42,user_42@example.com,dept_2,68
443,Name_43,user_43@example.com,dept_3,14
444,Name_44,user_44@example.com,dept_4,62
445,Name_45,user_45@example.com,dept_5,44
446,Name_46,user_46@example.com,dept_6,82
447,Name_47,user_47@example.com,dept_7,7
448,Name_48,user_48@example.com,dept_8,32
449,Name_49,user_49@example.com,dept_9,79
450,Name_50,user_0@example.com,dept_0,97
451,Name_51,user_1@example.com,dept_1,23
452,Name_52,user_2@example.com,dept_2,79
453,Name_53,user_3@example.com,dept_3,83
454,Name_54,user_4@example.com,dept_4,57
455,Name_55,user_5@example.com,dept_5,67
456,Name_56,user_6@example.com,dept_6,43
457,Name_57,user_7@example.com,dept_7,36
458,Name_58,user_8@example.com,dept_8,24
459,Name_59,user_9@example.com,dept_9,44
460,Name_60,user_10@example.com,dept_0,81
461,Name_61,user_11@example.com,dept_1,7
462,Name_62,user_12@example.com,dept_2,26
463,Name_63,user_13@example.com,dept_3,42
464,Name_64,user_14@example.com,dept_4,22
465,Name_65,user_15@example.com,dept_5,22
466,Name_66,user_16@example.com,dept_6,5
467,Name_67,user_17@example.com,dept_7,44
468,Name_68,user_18@example.com,dept_8,95
469,Name_69,user_19@example.com,dept_9,2
470,Name_70,user_20@example.com,dept_0,54
471,Name_71,user_21@example.com,dept_1,18
472,Name_72,user_22@example.com,dept_2,57
473,Name_73,user_23@example.com,dept_3,95
474,Name_74,user_24@example.com,dept_4,45
475,Name_75,user_25@example.com,dept_5,48
476,Name_76,user_26@example.com,dept_6,8
477,Name_77,user_27@example.com,dept_7,97
478,Name_78,user_28@example.com,dept_8,23
479,Name_79,user_29@example.com,dept_9,18
480,Name_80,user_30@example.com,dept_0,56
481,Name_81,user_31@example.com,dept_1,85
482,Name_82,user_32@example.com,dept_2,50
483,Name_83,user_33@example.com,dept_3,61
484,Name_84,user_34@example.com,dept_4,7
485,Name_85,user_35@example.com,dept_5,85
486,Name_86,user_36@example.com,dept_6,18
487,Name_87,user_37@example.com,dept_7,49
488,Name_88,user_38@example.com,dept_8,29
489,Name_89,user_39@example.com,dept_9,64
490,Name_90,user_40@example.com,dept_0,71
491,Name_91,user_41@example.com,dept_1,24
492,Name_92,user_42@example.com,dept_2,44
493,Name_93,user_43@example.com,dept_3,87
494,Name_94,user_44@example.com,dept_4,38
495,Name_95,user_45@example.com,dept_5,94
496,Name_96,user_46@example.com,dept_6,24
497,Name_97,user_47@example.com,dept_7,68
498,Name_98,user_48@example.com,dept_8,27
499,Name_99,user_49@example.com,dept_9,59
500,Name_0,user_0@example.com,dept_0,100
501,Name_1,user_1@example.com,dept_1,50
502,Name_2,user_2@example.com,dept_2,21
503,Name_3,user_3@example.com,dept_3,47
504,Name_4,user_4@example.com,dept_4,87
505,Name_5,user_5@example.com,dept_5,28
506,Name_6,user_6@example.com,dept_6,85
507,Name_7,user_7@example.com,dept_7,76
508,Name_8,user_8@example.com,dept_8,32
509,Name_9,user_9@example.com,dept_9,47
510,Name_10,user_10@example.com,dept_0,9
511,Name_11,user_11@example.com,dept_1,43
512,Name_12,user_12@example.com,dept_2,13
513,Name_13,user_13@example.com,dept_3,23
514,Name_14,user_14@example.com,dept_4,80
515,Name_15,user_15@example.com,dept_5,30
516,Name_16,user_16@example.com,dept_6,47
517,Name_17,user_17@example.com,dept_7,7
518,Name_18,user_18@example.com,dept_8,99
519,Name_19,user_19@example.com,dept_9,23
520,Name_20,user_20@example.com,dept_0,63
521,Name_21,user_21@example.com,dept_1,8
522,Name_22,user_22@example.com,dept_2,10
523,Name_23,user_23@example.com,dept_3,51
524,Name_24,user_24@example.com,dept_4,93
525,Name_25,user_25@example.com,dept_5,35
526,Name_26,user_26@example.com,dept_6,97
527,Name_27,user_27@example.com,dept_7,47
528,Name_28,user_28@example.com,dept_8,9
529,Name_29,user_29@example.com,dept_9,56
530,Name_30,user_30@example.com,dept_0,29
531,Name_31,user_31@example.com,dept_1,69
532,Name_32,user_32@example.com,dept_2,81
533,Name_33,user_33@example.com,dept_3,75
534,Name_34,user_34@example.com,dept_4,71
535,Name_35,user_35@example.com,dept_5,9
536,Name_36,user_36@example.com,dept_6,91
537,Name_37,user_37@example.com,dept_7,36
538,Name_38,user_38@example.com,dept_8,76
539,Name_39,user_39@example.com,dept_9,15
540,Name_40,user_40@example.com,dept_0,37
541,Name_41,user_41@example.com,dept_1,73
542,Name_42,user_42@example.com,dept_2,2
543,Name_43,user_43@example.com,dept_3,56
544,Name_44,user_44@example.com,dept_4,45
545,Name_45,user_45@example.com,dept_5,91
546,Name_46,user_46@example.com,dept_6,41
547,Name_47,user_47@example.com,dept_7,80
548,Name_48,user_48@example.com,dept_8,86
549,Name_49,user_49@example.com,dept_9,18
550,Name_50,user_0@example.com,dept_0,36
551,Name_51,user_1@example.com,dept_1,72
552,Name_52,user_2@example.com,dept_2,88
553,Name_53,user_3@example.com,dept_3,11
554,Name_54,user_4@example.com,dept_4,94
555,Name_55,user_5@example.com,dept_5,48
556,Name_56,user_6@example.com,dept_6,68
557,Name_57,user_7@example.com,dept_7,2
558,Name_58,user_8@example.com,dept_8,18
559,Name_59,user_9@example.com,dept_9,66
560,Name_60,user_10@example.com,dept_0,22
561,Name_61,user_11@example.com,dept_1,96
562,Name_62,user_12@example.com,dept_2,35
563,Name_63,user_13@example.com,dept_3,60
564,Name_64,user_14@example.com,dept_4,93
565,Name_65,user_15@example.com,dept_5,98
566,Name_66,user_16@example.com,dept_6,31
567,Name_67,user_17@example.com,dept_7,46
568,Name_68,user_18@example.com,dept_8,6
569,Name_69,user_19@example.com,dept_9,1
570,Name_70,user_20@example.com,dept_0,96
571,Name_71,user_21@example.com,dept_1,54
572,Name_72,user_22@example.com,dept_2,1
573,Name_73,user_23@example.com,dept_3,70
574,Name_74,user_24@example.com,dept_4,30
575,Name_75,user_25@example.com,dept_5,27
576,Name_76,user_26@example.com,dept_6,17
577,Name_77,user_27@example.com,dept_7,87
578,Name_78,user_28@example.com,dept_8,34
579,Name_79,user_29@example.com,dept_9,98
580,Name_80,user_30@example.com,dept_0,85
581,Name_81,user_31@example.com,dept_1,1
582,Name_82,user_32@example.com,dept_2,40
583,Name_83,user_33@example.com,dept_3,6
584,Name_84,user_34@example.com,dept_4,1
585,Name_85,user_35@example.com,dept_5,63
586,Name_86,user_36@example.com,dept_6,90
587,Name_87,user_37@example.com,dept_7,53
588,Name_88,user_38@example.com,dept_8,5
589,Name_89,user_39@example.com,dept_9,47
590,Name_90,user_40@example.com,dept_0,17
591,Name_91,user_41@example.com,dept_1,47
592,Name_92,user_42@example.com,dept_2,15
593,Name_93,user_43@example.com,dept_3,79
594,Name_94,user_44@example.com,dept_4,3
595,Name_95,user_45@example.com,dept_5,48
596,Name_96,user_46@example.com,dept_6,69
597,Name_97,user_47@example.com,dept_7,9
598,Name_98,user_48@example.com,dept_8,31
599,Name_99,user_49@example.com,dept_9,11
600,Name_0,user_0@example.com,dept_0,90
601,Name_1,user_1@example.com,dept_1,92
602,Name_2,user_2@example.com,dept_2,25
603,Name_3,user_3@example.com,dept_3,9
604,Name_4,user_4@example.com,dept_4,83
605,Name_5,user_5@example.com,dept_5,26
606,Name_6,user_6@example.com,dept_6,21
607,Name_7,user_7@example.com,dept_7,82
608,Name_8,user_8@example.com,dept_8,31
609,Name_9,user_9@example.com,dept_9,78
610,Name_10,user_10@example.com,dept_0,43
611,Name_11,user_11@example.com,dept_1,50
612,Name_12,user_12@example.com,dept_2,85
613,Name_13,user_13@example.com,dept_3,36
614,Name_14,user_14@example.com,dept_4,65
615,Name_15,user_15@example.com,dept_5,77
616,Name_16,user_16@example.com,dept_6,70
617,Name_17,user_17@example.com,dept_7,11
618,Name_18,user_18@example.com,dept_8,66
619,Name_19,user_19@example.com,dept_9,91
620,Name_20,user_20@example.com,dept_0,79
621,Name_21,user_21@example.com,dept_1,74
622,Name_22,user_22@example.com,dept_2,23
623,Name_23,user_23@example.com,dept_3,57
624,Name_24,user_24@example.com,dept_4,27
625,Name_25,user_25@example.com,dept_5,85
626,Name_26,user_26@example.com,dept_6,61
627,Name_27,user_27@example.com,dept_7,15
628,Name_28,user_28@example.com,dept_8,39
629,Name_29,user_29@example.com,dept_9,65
630,Name_30,user_30@example.com,dept_0,96
631,Name_31,user_31@example.com,dept_1,59
632,Name_32,user_32@example.com,dept_2,29
633,Name_33,user_33@example.com,dept_3,68
634,Name_34,user_34@example.com,dept_4,43
635,Name_35,user_35@example.com,dept_5,34
636,Name_36,user_36@example.com,dept_6,52
637,Name_37,user_37@example.com,dept_7,78
638,Name_38,user_38@example.com,dept_8,91
639,Name_39,user_39@example.com,dept_9,10
640,Name_40,user_40@example.com,dept_0,39
641,Name_41,user_41@example.com,dept_1,99
642,Name_42,user_42@example.com,dept_2,12
643,Name_43,user_43@example.com,dept_3,15
644,Name_44,user_44@example.com,dept_4,100
645,Name_45,user_45@example.com,dept_5,8
646,Name_46,user_46@example.com,dept_6,88
647,Name_47,user_47@example.com,dept_7,12
648,Name_48,user_48@example.com,dept_8,39
649,Name_49,user_49@example.com,dept_9,50
650,Name_50,user_0@example.com,dept_0,35
651,Name_51,user_1@example.com,dept_1,35
652,Name_52,user_2@example.com,dept_2,98
653,Name_53,user_3@example.com,dept_3,35
654,Name_54,user_4@example.com,dept_4,16
655,Name_55,user_5@example.com,dept_5,100
656,Name_56,user_6@example.com,dept_6,77
657,Name_57,user_7@example.com,dept_7,56
658,Name_58,user_8@example.com,dept_8,20
659,Name_59,user_9@example.com,dept_9,61
660,Name_60,user_10@example.com,dept_0,79
661,Name_61,user_11@example.com,dept_1,88
662,Name_62,user_12@example.com,dept_2,45
663,Name_63,user_13@example.com,dept_3,69
664,Name_64,user_14@example.com,dept_4,4
665,Name_65,user_15@example.com,dept_5,95
666,Name_66,user_16@example.com,dept_6,100
667,Name_67,user_17@example.com,dept_7,14
668,Name_68,user_18@example.com,dept_8,37
669,Name_69,user_19@example.com,dept_9,18
670,Name_70,user_20@example.com,dept_0,71
671,Name_71,user_21@example.com,dept_1,2
672,Name_72,user_22@example.com,dept_2,37
673,Name_73,user_23@example.com,dept_3,17
674,Name_74,user_24@example.com,dept_4,58
675,Name_75,user_25@example.com,dept_5,6
676,Name_76,user_26@example.com,dept_6,85
677,Name_77,user_27@example.com,dept_7,66
678,Name_78,user_28@example.com,dept_8,54
679,Name_79,user_29@example.com,dept_9,13
680,Name_80,user_30@example.com,dept_0,11
681,Name_81,user_31@example.com,dept_1,76
682,Name_82,user_32@example.com,dept_2,17
683,Name_83,user_33@example.com,dept_3,65
684,Name_84,user_34@example.com,dept_4,47
685,Name_85,user_35@example.com,dept_5,51
686,Name_86,user_36@example.com,dept_6,74
687,Name_87,user_37@example.com,dept_7,6
688,Name_88,user_38@example.com,dept_8,65
689,Name_89,user_39@example.com,dept_9,95
690,Name_90,user_40@example.com,dept_0,76
691,Name_91,user_41@example.com,dept_1,97
692,Name_92,user_42@example.com,dept_2,71
693,Name_93,user_43@example.com,dept_3,77
694,Name_94,user_44@example.com,dept_4,25
695,Name_95,user_45@example.com,dept_5,94
696,Name_96,user_46@example.com,dept_6,11
697,Name_97,user_47@example.com,dept_7,44
698,Name_98,user_48@example.com,dept_8,62
699,Name_99,user_49@example.com,dept_9,4
700,Name_0,user_0@example.com,dept_0,51
701,Name_1,user_1@example.com,dept_1,44
702,Name_2,user_2@example.com,dept_2,13
703,Name_3,user_3@example.com,dept_3,62
704,Name_4,user_4@example.com,dept_4,29
705,Name_5,user_5@example.com,dept_5,14
706,Name_6,user_6@example.com,dept_6,72
707,Name_7,user_7@example.com,dept_7,66
708,Name_8,user_8@example.com,dept_8,7
709,Name_9,user_9@example.com,dept_9,45
710,Name_10,user_10@example.com,dept_0,45
711,Name_11,user_11@example.com,dept_1,28
712,Name_12,user_12@example.com,dept_2,52
713,Name_13,user_13@example.com,dept_3,94
714,Name_14,user_14@example.com,dept_4,22
715,Name_15,user_15@example.com,dept_5,96
716,Name_16,user_16@example.com,dept_6,47
717,Name_17,user_17@example.com,dept_7,47
718,Name_18,user_18@example.com,dept_8,13
719,Name_19,user_19@example.com,dept_9,53
720,Name_20,user_20@example.com,dept_0,97
721,Name_21,user_21@example.com,dept_1,74
722,Name_22,user_22@example.com,dept_2,29
723,Name_23,user_23@example.com,dept_3,49
724,Name_24,user_24@example.com,dept_4,50
725,Name_25,user_25@example.com,dept_5,44
726,Name_26,user_26@example.com,dept_6,57
727,Name_27,user_27@example.com,dept_7,56
728,Name_28,user_28@example.com,dept_8,56
729,Name_29,user_29@example.com,dept_9,6
730,Name_30,user_30@example.com,dept_0,19
731,Name_31,user_31@example.com,dept_1,65
732,Name_32,user_32@example.com,dept_2,43
733,Name_33,user_33@example.com,dept_3,11
734,Name_34,user_34@example.com,dept_4,33
735,Name_35,user_35@example.com,dept_5,18
736,Name_36,user_36@example.com,dept_6,36
737,Name_37,user_37@example.com,dept_7,1
738,Name_38,user_38@example.com,dept_8,37
739,Name_39,user_39@example.com,dept_9,77
740,Name_40,user_40@example.com,dept_0,22
741,Name_41,user_41@example.com,dept_1,49
742,Name_42,user_42@example.com,dept_2,79
743,Name_43,user_43@example.com,dept_3,65
744,Name_44,user_44@example.com,dept_4,57
745,Name_45,user_45@example.com,dept_5,46
746,Name_46,user_46@example.com,dept_6,70
747,Name_47,user_47@example.com,dept_7,56
748,Name_48,user_48@example.com,dept_8,5
749,Name_49,user_49@example.com,dept_9,67
750,Name_50,user_0@example.com,dept_0,79
751,Name_51,user_1@example.com,dept_1,48
752,Name_52,user_2@example.com,dept_2,99
753,Name_53,user_3@example.com,dept_3,38
754,Name_54,user_4@example.com,dept_4,73
755,Name_55,user_5@example.com,dept_5,22
756,Name_56,user_6@example.com,dept_6,18
757,Name_57,user_7@example.com,dept_7,16
758,Name_58,user_8@example.com,dept_8,50
759,Name_59,user_9@example.com,dept_9,20
760,Name_60,user_10@example.com,dept_0,90
761,Name_61,user_11@example.com,dept_1,54
762,Name_62,user_12@example.com,dept_2,45
763,Name_63,user_13@example.com,dept_3,89
764,Name_64,user_14@example.com,dept_4,89
765,Name_65,user_15@example.com,dept_5,96
766,Name_66,user_16@example.com,dept_6,40
767,Name_67,user_17@example.com,dept_7,47
768,Name_68,user_18@example.com,dept_8,12
769,Name_69,user_19@example.com,dept_9,57
770,Name_70,user_20@example.com,dept_0,89
771,Name_71,user_21@example.com,dept_1,65
772,Name_72,user_22@example.com,dept_2,99
773,Name_73,user_23@example.com,dept_3,52
774,Name_74,user_24@example.com,dept_4,58
775,Name_75,user_25@example.com,dept_5,48
776,Name_76,user_26@example.com,dept_6,87
777,Name_77,user_27@example.com,dept_7,39
778,Name_78,user_28@example.com,dept_8,70
779,Name_79,user_29@example.com,dept_9,17
780,Name_80,user_30@example.com,dept_0,42
781,Name_81,user_31@example.com,dept_1,48
782,Name_82,user_32@example.com,dept_2,15
783,Name_83,user_33@example.com,dept_3,26
784,Name_84,user_34@example.com,dept_4,86
785,Name_85,user_35@example.com,dept_5,30
786,Name_86,user_36@example.com,dept_6,7
787,Name_87,user_37@example.com,dept_7,27
788,Name_88,user_38@example.com,dept_8,56
789,Name_89,user_39@example.com,dept_9,95
790,Name_90,user_40@example.com,dept_0,44
791,Name_91,user_41@example.com,dept_1,33
792,Name_92,user_42@example.com,dept_2,45
793,Name_93,user_43@example.com,dept_3,18
794,Name_94,user_44@example.com,dept_4,33
795,Name_95,user_45@example.com,dept_5,80
796,Name_96,user_46@example.com,dept_6,39
797,Name_97,user_47@example.com,dept_7,17
798,Name_98,user_48@example.com,dept_8,34
799,Name_99,user_49@example.com,dept_9,1
800,Name_0,user_0@example.com,dept_0,32
801,Name_1,user_1@example.com,dept_1,53
802,Name_2,user_2@example.com,dept_2,90
803,Name_3,user_3@example.com,dept_3,85
804,Name_4,user_4@example.com,dept_4,8
805,Name_5,user_5@example.com,dept_5,5
806,Name_6,user_6@example.com,dept_6,51
807,Name_7,user_7@example.com,dept_7,82
808,Name_8,user_8@example.com,dept_8,7
809,Name_9,user_9@example.com,dept_9,27
810,Name_10,user_10@example.com,dept_0,87
811,Name_11,user_11@example.com,dept_1,74
812,Name_12,user_12@example.com,dept_2,71
813,Name_13,user_13@example.com,dept_3,82
814,Name_14,user_14@example.com,dept_4,65
815,Name_15,user_15@example.com,dept_5,92
816,Name_16,user_16@example.com,dept_6,8
817,Name_17,user_17@example.com,dept_7,82
818,Name_18,user_18@example.com,dept_8,10
819,Name_19,user_19@example.com,dept_9,67
820,Name_20,user_20@example.com,dept_0,40
821,Name_21,user_21@example.com,dept_1,9
822,Name_22,user_22@example.com,dept_2,34
823,Name_23,user_23@example.com,dept_3,74
824,Name_24,user_24@example.com,dept_4,92
825,Name_25,user_25@example.com,dept_5,5
826,Name_26,user_26@example.com,dept_6,72
827,Name_27,user_27@example.com,dept_7,52
828,Name_28,user_28@example.com,dept_8,78
829,Name_29,user_29@example.com,dept_9,50
830,Name_30,user_30@example.com,dept_0,65
831,Name_31,user_31@example.com,dept_1,17
832,Name_32,user_32@example.com,dept_2,90
833,Name_33,user_33@example.com,dept_3,27
834,Name_34,user_34@example.com,dept_4,63
835,Name_35,user_35@example.com,dept_5,46
836,Name_36,user_36@example.com,dept_6,1
837,Name_37,user_37@example.com,dept_7,34
838,Name_38,user_38@example.com,dept_8,97
839,Name_39,user_39@example.com,dept_9,37
840,Name_40,user_40@example.com,dept_0,91
841,Name_41,user_41@example.com,dept_1,82
842,Name_42,user_42@example.com,dept_2,60
843,Name_43,user_43@example.com,dept_3,40
844,Name_44,user_44@example.com,dept_4,18
845,Name_45,user_45@example.com,dept_5,64
846,Name_46,user_46@example.com,dept_6,3
847,Name_47,user_47@example.com,dept_7,35
848,Name_48,user_48@example.com,dept_8,93
849,Name_49,user_49@example.com,dept_9,46
850,Name_50,user_0@example.com,dept_0,87
851,Name_51,user_1@example.com,dept_1,91
852,Name_52,user_2@example.com,dept_2,68
853,Name_53,user_3@example.com,dept_3,18
854,Name_54,user_4@example.com,dept_4,80
855,Name_55,user_5@example.com,dept_5,98
856,Name_56,user_6@example.com,dept_6,53
857,Name_57,user_7@example.com,dept_7,55
858,Name_58,user_8@example.com,dept_8,84
859,Name_59,user_9@example.com,dept_9,99
860,Name_60,user_10@example.com,dept_0,18
861,Name_61,user_11@example.com,dept_1,14
862,Name_62,user_12@example.com,dept_2,19
863,Name_63,user_13@example.com,dept_3,61
864,Name_64,user_14@example.com,dept_4,59
865,Name_65,user_15@example.com,dept_5,98
866,Name_66,user_16@example.com,dept_6,42
867,Name_67,user_17@example.com,dept_7,43
868,Name_68,user_18@example.com,dept_8,58
869,Name_69,user_19@example.com,dept_9,97
870,Name_70,user_20@example.com,dept_0,30
871,Name_71,user_21@example.com,dept_1,23
872,Name_72,user_22@example.com,dept_2,81
873,Name_73,user_23@example.com,dept_3,73
874,Name_74,user_24@example.com,dept_4,78
875,Name_75,user_25@example.com,dept_5,84
876,Name_76,user_26@example.com,dept_6,84
877,Name_77,user_27@example.com,dept_7,71
878,Name_78,user_28@example.com,dept_8,46
879,Name_79,user_29@example.com,dept_9,98
880,Name_80,user_30@example.com,dept_0,54
881,Name_81,user_31@example.com,dept_1,20
882,Name_82,user_32@example.com,dept_2,88
883,Name_83,user_33@example.com,dept_3,76
884,Name_84,user_34@example.com,dept_4,86
885,Name_85,user_35@example.com,dept_5,8
886,Name_86,user_36@example.com,dept_6,59
887,Name_87,user_37@example.com,dept_7,74
888,Name_88,user_38@example.com,dept_8,16
889,Name_89,user_39@example.com,dept_9,34
890,Name_90,user_40@example.com,dept_0,96
891,Name_91,user_41@example.com,dept_1,89
892,Name_92,user_42@example.com,dept_2,2
893,Name_93,user_43@example.com,dept_3,81
894,Name_94,user_44@example.com,dept_4,1
895,Name_95,user_45@example.com,dept_5,24
896,Name_96,user_46@example.com,dept_6,66
897,Name_97,user_47@example.com,dept_7,47
898,Name_98,user_48@example.com,dept_8,22
899,Name_99,user_49@example.com,dept_9,19
900,Name_0,user_0@example.com,dept_0,11
901,Name_1,user_1@example.com,dept_1,22
902,Name_2,user_2@example.com,dept_2,23
903,Name_3,user_3@example.com,dept_3,98
904,Name_4,user_4@example.com,dept_4,11
905,Name_5,user_5@example.com,dept_5,46
906,Name_6,user_6@example.com,dept_6,91
907,Name_7,user_7@example.com,dept_7,85
908,Name_8,user_8@example.com,dept_8,37
909,Name_9,user_9@example.com,dept_9,66
910,Name_10,user_10@example.com,dept_0,13
911,Name_11,user_11@example.com,dept_1,19
912,Name_12,user_12@example.com,dept_2,26
913,Name_13,user_13@example.com,dept_3,61
914,Name_14,user_14@example.com,dept_4,84
915,Name_15,user_15@example.com,dept_5,70
916,Name_16,user_16@example.com,dept_6,68
917,Name_17,user_17@example.com,dept_7,62
918,Name_18,user_18@example.com,dept_8,32
919,Name_19,user_19@example.com,dept_9,60
920,Name_20,user_20@example.com,dept_0,28
921,Name_21,user_21@example.com,dept_1,95
922,Name_22,user_22@example.com,dept_2,25
923,Name_23,user_23@example.com,dept_3,75
924,Name_24,user_24@example.com,dept_4,3
925,Name_25,user_25@example.com,dept_5,66
926,Name_26,user_26@example.com,dept_6,94
927,Name_27,user_27@example.com,dept_7,89
928,Name_28,user_28@example.com,dept_8,51
929,Name_29,user_29@example.com,dept_9,81
930,Name_30,user_30@example.com,dept_0,96
931,Name_31,user_31@example.com,dept_1,60
932,Name_32,user_32@example.com,dept_2,20
933,Name_33,user_33@example.com,dept_3,13
934,Name_34,user_34@example.com,dept_4,78
935,Name_35,user_35@example.com,dept_5,77
936,Name_36,user_36@example.com,dept_6,47
937,Name_37,user_37@example.com,dept_7,75
938,Name_38,user_38@example.com,dept_8,100
939,Name_39,user_39@example.com,dept_9,38
940,Name_40,user_40@example.com,dept_0,88
941,Name_41,user_41@example.com,dept_1,74
942,Name_42,user_42@example.com,dept_2,29
943,Name_43,user_43@example.com,dept_3,24
944,Name_44,user_44@example.com,dept_4,41
945,Name_45,user_45@example.com,dept_5,51
946,Name_46,user_46@example.com,dept_6,22
947,Name_47,user_47@example.com,dept_7,46
948,Name_48,user_48@example.com,dept_8,26
949,Name_49,user_49@example.com,dept_9,34
950,Name_50,user_0@example.com,dept_0,57
951,Name_51,user_1@example.com,dept_1,44
952,Name_52,user_2@example.com,dept_2,20
953,Name_53,user_3@example.com,dept_3,54
954,Name_54,user_4@example.com,dept_4,88
955,Name_55,user_5@example.com,dept_5,8
956,Name_56,user_6@example.com,dept_6,19
957,Name_57,user_7@example.com,dept_7,57
958,Name_58,user_8@example.com,dept_8,17
959,Name_59,user_9@example.com,dept_9,54
960,Name_60,user_10@example.com,dept_0,26
961,Name_61,user_11@example.com,dept_1,85
962,Name_62,user_12@example.com,dept_2,87
963,Name_63,user_13@example.com,dept_3,93
964,Name_64,user_14@example.com,dept_4,21
965,Name_65,user_15@example.com,dept_5,37
966,Name_66,user_16@example.com,dept_6,35
967,Name_67,user_17@example.com,dept_7,72
968,Name_68,user_18@example.com,dept_8,8
969,Name_69,user_19@example.com,dept_9,14
970,Name_70,user_20@example.com,dept_0,63
971,Name_71,user_21@example.com,dept_1,3
972,Name_72,user_22@example.com,dept_2,57
973,Name_73,user_23@example.com,dept_3,53
974,Name_74,user_24@example.com,dept_4,89
975,Name_75,user_25@example.com,dept_5,31
976,Name_76,user_26@example.com,dept_6,68
977,Name_77,user_27@example.com,dept_7,4
978,Name_78,user_28@example.com,dept_8,57
979,Name_79,user_29@example.com,dept_9,40
980,Name_80,user_30@example.com,dept_0,31
981,Name_81,user_31@example.com,dept_1,53
982,Name_82,user_32@example.com,dept_2,51
983,Name_83,user_33@example.com,dept_3,14
984,Name_84,user_34@example.com,dept_4,19
985,Name_85,user_35@example.com,dept_5,83
986,Name_86,user_36@example.com,dept_6,27
987,Name_87,user_37@example.com,dept_7,58
988,Name_88,user_38@example.com,dept_8,12
989,Name_89,user_39@example.com,dept_9,63
990,Name_90,user_40@example.com,dept_0,31
991,Name_91,user_41@example.com,dept_1,25
992,Name_92,user_42@example.com,dept_2,18
993,Name_93,user_43@example.com,dept_3,51
994,Name_94,user_44@example.com,dept_4,81
995,Name_95,user_45@example.com,dept_5,1
996,Name_96,user_46@example.com,dept_6,17
997,Name_97,user_47@example.com,dept_7,76
998,Name_98,user_48@example.com,dept_8,10
999,Name_99,user_49@example.com,dept_9,40
0,Name_0,user_0@example.com,dept_0,20
1,Name_1,user_1@example.com,dept_1,60
2,Name_2,user_2@example.com,dept_2,89
3,Name_3,user_3@example.com,dept_3,45
4,Name_4,user_4@example.com,dept_4,51
5,Name_5,user_5@example.com,dept_5,45
6,Name_6,user_6@example.com,dept_6,21
7,Name_7,user_7@example.com,dept_7,89
8,Name_8,user_8@example.com,dept_8,49
9,Name_9,user_9@example.com,dept_9,95
10,Name_10,user_10@example.com,dept_0,39
11,Name_11,user_11@example.com,dept_1,39
12,Name_12,user_12@example.com,dept_2,91
13,Name_13,user_13@example.com,dept_3,79
14,Name_14,user_14@example.com,dept_4,31
15,Name_15,user_15@example.com,dept_5,82
16,Name_16,user_16@example.com,dept_6,29
17,Name_17,user_17@example.com,dept_7,24
18,Name_18,user_18@example.com,dept_8,46
19,Name_19,user_19@example.com,dept_9,79
20,Name_20,user_20@example.com,dept_0,35
21,Name_21,user_21@example.com,dept_1,88
22,Name_22,user_22@example.com,dept_2,86
23,Name_23,user_23@example.com,dept_3,54
24,Name_24,user_24@example.com,dept_4,4
25,Name_25,user_25@example.com,dept_5,20
26,Name_26,user_26@example.com,dept_6,68
27,Name_27,user_27@example.com,dept_7,12
28,Name_28,user_28@example.com,dept_8,70
29,Name_29,user_29@example.com,dept_9,84
30,Name_30,user_30@example.com,dept_0,94
31,Name_31,user_31@example.com,dept_1,26
32,Name_32,user_32@example.com,dept_2,81
33,Name_33,user_33@example.com,dept_3,51
34,Name_34,user_34@example.com,dept_4,51
35,Name_35,user_35@example.com,dept_5,13
36,Name_36,user_36@example.com,dept_6,4
37,Name_37,user_37@example.com,dept_7,77
38,Name_38,user_38@example.com,dept_8,56
39,Name_39,user_39@example.com,dept_9,40
40,Name_40,user_40@example.com,dept_0,44
41,Name_41,user_41@example.com,dept_1,38
42,Name_42,user_42@example.com,dept_2,62
43,Name_43,user_43@example.com,dept_3,89
44,Name_44,user_44@example.com,dept_4,99
45,Name_45,user_45@example.com,dept_5,42
46,Name_46,user_46@example.com,dept_6,83
47,Name_47,user_47@example.com,dept_7,14
48,Name_48,user_48@example.com,dept_8,67
49,Name_49,user_49@example.com,dept_9,49
50,Name_50,user_0@example.com,dept_0,11
51,Name_51,user_1@example.com,dept_1,23
52,Name_52,user_2@example.com,dept_2,80
53,Name_53,user_3@example.com,dept_3,19
54,Name_54,user_4@example.com,dept_4,48
55,Name_55,user_5@example.com,dept_5,19
56,Name_56,user_6@example.com,dept_6,37
57,Name_57,user_7@example.com,dept_7,80
58,Name_58,user_8@example.com,dept_8,97
59,Name_59,user_9@example.com,dept_9,41
60,Name_60,user_10@example.com,dept_0,77
61,Name_61,user_11@example.com,dept_1,25
62,Name_62,user_12@example.com,dept_2,39
63,Name_63,user_13@example.com,dept_3,46
64,Name_64,user_14@example.com,dept_4,22
65,Name_65,user_15@example.com,dept_5,27
66,Name_66,user_16@example.com,dept_6,40
67,Name_67,user_17@example.com,dept_7,26
68,Name_68,user_18@example.com,dept_8,89
69,Name_69,user_19@example.com,dept_9,13
70,Name_70,user_20@example.com,dept_0,75
71,Name_71,user_21@example.com,dept_1,27
72,Name_72,user_22@example.com,dept_2,11
73,Name_73,user_23@example.com,dept_3,32
74,Name_74,user_24@example.com,dept_4,84
75,Name_75,user_25@example.com,dept_5,15
76,Name_76,user_26@example.com,dept_6,51
77,Name_77,user_27@example.com,dept_7,96
78,Name_78,user_28@example.com,dept_8,17
79,Name_79,user_29@example.com,dept_9,40
80,Name_80,user_30@example.com,dept_0,44
81,Name_81,user_31@example.com,dept_1,47
82,Name_82,user_32@example.com,dept_2,90
83,Name_83,user_33@example.com,dept_3,25
84,Name_84,user_34@example.com,dept_4,1
85,Name_85,user_35@example.com,dept_5,39
86,Name_86,user_36@example.com,dept_6,73
87,Name_87,user_37@example.com,dept_7,52
88,Name_88,user_38@example.com,dept_8,2
89,Name_89,user_39@example.com,dept_9,99
90,Name_90,user_40@example.com,dept_0,7
91,Name_91,user_41@example.com,dept_1,6
92,Name_92,user_42@example.com,dept_2,39
93,Name_93,user_43@example.com,dept_3,55
94,Name_94,user_44@example.com,dept_4,20
95,Name_95,user_45@example.com,dept_5,23
96,Name_96,user_46@example.com,dept_6,26
97,Name_97,user_47@example.com,dept_7,45
98,Name_98,user_48@example.com,dept_8,76
99,Name_99,user_49@example.com,dept_9,10
100,Name_0,user_0@example.com,dept_0,6
101,Name_1,user_1@example.com,dept_1,61
102,Name_2,user_2@example.com,dept_2,1
103,Name_3,user_3@example.com,dept_3,35
104,Name_4,user_4@example.com,dept_4,84
105,Name_5,user_5@example.com,dept_5,39
106,Name_6,user_6@example.com,dept_6,34
107,Name_7,user_7@example.com,dept_7,22
108,Name_8,user_8@example.com,dept_8,68
109,Name_9,user_9@example.com,dept_9,58
110,Name_10,user_10@example.com,dept_0,22
111,Name_11,user_11@example.com,dept_1,33
112,Name_12,user_12@example.com,dept_2,15
113,Name_13,user_13@example.com,dept_3,7
114,Name_14,user_14@example.com,dept_4,93
115,Name_15,user_15@example.com,dept_5,93
116,Name_16,user_16@example.com,dept_6,34
117,Name_17,user_17@example.com,dept_7,64
118,Name_18,user_18@example.com,dept_8,26
119,Name_19,user_19@example.com,dept_9,38
120,Name_20,user_20@example.com,dept_0,63
121,Name_21,user_21@example.com,dept_1,65
122,Name_22,user_22@example.com,dept_2,50
123,Name_23,user_23@example.com,dept_3,51
124,Name_24,user_24@example.com,dept_4,9
125,Name_25,user_25@example.com,dept_5,46
126,Name_26,user_26@example.com,dept_6,92
127,Name_27,user_27@example.com,dept_7,54
128,Name_28,user_28@example.com,dept_8,100
129,Name_29,user_29@example.com,dept_9,78
130,Name_30,user_30@example.com,dept_0,7
131,Name_31,user_31@example.com,dept_1,91
132,Name_32,user_32@example.com,dept_2,74
133,Name_33,user_33@example.com,dept_3,96
134,Name_34,user_34@example.com,dept_4,2
135,Name_35,user_35@example.com,dept_5,31
136,Name_36,user_36@example.com,dept_6,91
137,Name_37,user_37@example.com,dept_7,26
138,Name_38,user_38@example.com,dept_8,72
139,Name_39,user_39@example.com,dept_9,23
140,Name_40,user_40@example.com,dept_0,13
141,Name_41,user_41@example.com,dept_1,82
142,Name_42,user_42@example.com,dept_2,79
143,Name_43,user_43@example.com,dept_3,20
144,Name_44,user_44@example.com,dept_4,36
145,Name_45,user_45@example.com,dept_5,15
146,Name_46,user_46@example.com,dept_6,18
147,Name_47,user_47@example.com,dept_7,14
148,Name_48,user_48@example.com,dept_8,68
149,Name_49,user_49@example.com,dept_9,85
150,Name_50,user_0@example.com,dept_0,42
151,Name_51,user_1@example.com,dept_1,42
152,Name_52,user_2@example.com,dept_2,63
153,Name_53,user_3@example.com,dept_3,59
154,Name_54,user_4@example.com,dept_4,59
155,Name_55,user_5@example.com,dept_5,94
156,Name_56,user_6@example.com,dept_6,54
157,Name_57,user_7@example.com,dept_7,38
158,Name_58,user_8@example.com,dept_8,29
159,Name_59,user_9@example.com,dept_9,95
160,Name_60,user_10@example.com,dept_0,55
161,Name_61,user_11@example.com,dept_1,17
162,Name_62,user_12@example.com,dept_2,57
163,Name_63,user_13@example.com,dept_3,94
164,Name_64,user_14@example.com,dept_4,9
165,Name_65,user_15@example.com,dept_5,3
166,Name_66,user_16@example.com,dept_6,91
167,Name_67,user_17@example.com,dept_7,71
168,Name_68,user_18@example.com,dept_8,65
169,Name_69,user_19@example.com,dept_9,95
170,Name_70,user_20@example.com,dept_0,3
171,Name_71,user_21@example.com,dept_1,52
172,Name_72,user_22@example.com,dept_2,86
173,Name_73,user_23@example.com,dept_3,86
174,Name_74,user_24@example.com,dept_4,66
175,Name_75,user_25@example.com,dept_5,74
176,Name_76,user_26@example.com,dept_6,25
177,Name_77,user_27@example.com,dept_7,62
178,Name_78,user_28@example.com,dept_8,70
179,Name_79,user_29@example.com,dept_9,86
180,Name_80,user_30@example.com,dept_0,3
181,Name_81,user_31@example.com,dept_1,27
182,Name_82,user_32@example.com,dept_2,87
183,Name_83,user_33@example.com,dept_3,11
184,Name_84,user_34@example.com,dept_4,97
185,Name_85,user_35@example.com,dept_5,41
186,Name_86,user_36@example.com,dept_6,6
187,Name_87,user_37@example.com,dept_7,72
188,Name_88,user_38@example.com,dept_8,42
189,Name_89,user_39@example.com,dept_9,35
190,Name_90,user_40@example.com,dept_0,67
191,Name_91,user_41@example.com,dept_1,67
192,Name_92,user_42@example.com,dept_2,67
193,Name_93,user_43@example.com,dept_3,92
194,Name_94,user_44@example.com,dept_4,86
195,Name_95,user_45@example.com,dept_5,29
196,Name_96,user_46@example.com,dept_6,83
197,Name_97,user_47@example.com,dept_7,62
198,Name_98,user_48@example.com,dept_8,29
199,Name_99,user_49@example.com,dept_9,100
200,Name_0,user_0@example.com,dept_0,55
201,Name_1,user_1@example.com,dept_1,94
202,Name_2,user_2@example.com,dept_2,96
203,Name_3,user_3@example.com,dept_3,48
204,Name_4,user_4@example.com,dept_4,69
205,Name_5,user_5@example.com,dept_5,55
206,Name_6,user_6@example.com,dept_6,100
207,Name_7,user_7@example.com,dept_7,60
208,Name_8,user_8@example.com,dept_8,23
209,Name_9,user_9@example.com,dept_9,34
210,Name_10,user_10@example.com,dept_0,15
211,Name_11,user_11@example.com,dept_1,70
212,Name_12,user_12@example.com,dept_2,19
213,Name_13,user_13@example.com,dept_3,9
214,Name_14,user_14@example.com,dept_4,41
215,Name_15,user_15@example.com,dept_5,91
216,Name_16,user_16@example.com,dept_6,24
217,Name_17,user_17@example.com,dept_7,16
218,Name_18,user_18@example.com,dept_8,93
219,Name_19,user_19@example.com,dept_9,74
220,Name_20,user_20@example.com,dept_0,98
221,Name_21,user_21@example.com,dept_1,79
222,Name_22,user_22@example.com,dept_2,86
223,Name_23,user_23@example.com,dept_3,53
224,Name_24,user_24@example.com,dept_4,17
225,Name_25,user_25@example.com,dept_5,22
226,Name_26,user_26@example.com,dept_6,69
227,Name_27,user_27@example.com,dept_7,73
228,Name_28,user_28@example.com,dept_8,24
229,Name_29,user_29@example.com,dept_9,64
230,Name_30,user_30@example.com,dept_0,60
231,Name_31,user_31@example.com,dept_1,92
232,Name_32,user_32@example.com,dept_2,70
233,Name_33,user_33@example.com,dept_3,4
234,Name_34,user_34@example.com,dept_4,70
235,Name_35,user_35@example.com,dept_5,21
236,Name_36,user_36@example.com,dept_6,93
237,Name_37,user_37@example.com,dept_7,13
238,Name_38,user_38@example.com,dept_8,72
239,Name_39,user_39@example.com,dept_9,93
240,Name_40,user_40@example.com,dept_0,91
241,Name_41,user_41@example.com,dept_1,83
242,Name_42,user_42@example.com,dept_2,77
243,Name_43,user_43@example.com,dept_3,58
244,Name_44,user_44@example.com,dept_4,33
245,Name_45,user_45@example.com,dept_5,50
246,Name_46,user_46@example.com,dept_6,60
247,Name_47,user_47@example.com,dept_7,40
248,Name_48,user_48@example.com,dept_8,65
249,Name_49,user_49@example.com,dept_9,50
250,Name_50,user_0@example.com,dept_0,93
251,Name_51,user_1@example.com,dept_1,61
252,Name_52,user_2@example.com,dept_2,62
253,Name_53,user_3@example.com,dept_3,16
254,Name_54,user_4@example.com,dept_4,64
255,Name_55,user_5@example.com,dept_5,70
256,Name_56,user_6@example.com,dept_6,29
257,Name_57,user_7@example.com,dept_7,86
258,Name_58,user_8@example.com,dept_8,30
259,Name_59,user_9@example.com,dept_9,45
260,Name_60,user_10@example.com,dept_0,90
261,Name_61,user_11@example.com,dept_1,61
262,Name_62,user_12@example.com,dept_2,40
263,Name_63,user_13@example.com,dept_3,60
264,Name_64,user_14@example.com,dept_4,33
265,Name_65,user_15@example.com,dept_5,92
266,Name_66,user_16@example.com,dept_6,18
267,Name_67,user_17@example.com,dept_7,29
268,Name_68,user_18@example.com,dept_8,28
269,Name_69,user_19@example.com,dept_9,80
270,Name_70,user_20@example.com,dept_0,35
271,Name_71,user_21@example.com,dept_1,95
272,Name_72,user_22@example.com,dept_2,67
273,Name_73,user_23@example.com,dept_3,28
274,Name_74,user_24@example.com,dept_4,8
275,Name_75,user_25@example.com,dept_5,14
276,Name_76,user_26@example.com,dept_6,42
277,Name_77,user_27@example.com,dept_7,61
278,Name_78,user_28@example.com,dept_8,90
279,Name_79,user_29@example.com,dept_9,19
280,Name_80,user_30@example.com,dept_0,95
281,Name_81,user_31@example.com,dept_1,25
282,Name_82,user_32@example.com,dept_2,85
283,Name_83,user_33@example.com,dept_3,26
284,Name_84,user_34@example.com,dept_4,64
285,Name_85,user_35@example.com,dept_5,79
286,Name_86,user_36@example.com,dept_6,29
287,Name_87,user_37@example.com,dept_7,79
288,Name_88,user_38@example.com,dept_8,48
289,Name_89,user_39@example.com,dept_9,13
290,Name_90,user_40@example.com,dept_0,37
291,Name_91,user_41@example.com,dept_1,71
292,Name_92,user_42@example.com,dept_2,73
293,Name_93,user_43@example.com,dept_3,80
294,Name_94,user_44@example.com,dept_4,78
295,Name_95,user_45@example.com,dept_5,21
296,Name_96,user_46@example.com,dept_6,45
297,Name_97,user_47@example.com,dept_7,99
298,Name_98,user_48@example.com,dept_8,47
299,Name_99,user_49@example.com,dept_9,6
300,Name_0,user_0@example.com,dept_0,38
301,Name_1,user_1@example.com,dept_1,82
302,Name_2,user_2@example.com,dept_2,13
303,Name_3,user_3@example.com,dept_3,63
304,Name_4,user_4@example.com,dept_4,91
305,Name_5,user_5@example.com,dept_5,86
306,Name_6,user_6@example.com,dept_6,40
307,Name_7,user_7@example.com,dept_7,43
308,Name_8,user_8@example.com,dept_8,81
309,Name_9,user_9@example.com,dept_9,74
310,Name_10,user_10@example.com,dept_0,100
311,Name_11,user_11@example.com,dept_1,8
312,Name_12,user_12@example.com,dept_2,98
313,Name_13,user_13@example.com,dept_3,72
314,Name_14,user_14@example.com,dept_4,94
315,Name_15,user_15@example.com,dept_5,36
316,Name_16,user_16@example.com,dept_6,73
317,Name_17,user_17@example.com,dept_7,45
318,Name_18,user_18@example.com,dept_8,80
319,Name_19,user_19@example.com,dept_9,92
320,Name_20,user_20@example.com,dept_0,10
321,Name_21,user_21@example.com,dept_1,4
322,Name_22,user_22@example.com,dept_2,100
323,Name_23,user_23@example.com,dept_3,37
324,Name_24,user_24@example.com,dept_4,92
325,Name_25,user_25@example.com,dept_5,11
326,Name_26,user_26@example.com,dept_6,71
327,Name_27,user_27@example.com,dept_7,72
328,Name_28,user_28@example.com,dept_8,38
329,Name_29,user_29@example.com,dept_9,54
330,Name_30,user_30@example.com,dept_0,52
331,Name_31,user_31@example.com,dept_1,64
332,Name_32,user_32@example.com,dept_2,10
333,Name_33,user_33@example.com,dept_3,98
334,Name_34,user_34@example.com,dept_4,78
335,Name_35,user_35@example.com,dept_5,80
336,Name_36,user_36@example.com,dept_6,24
337,Name_37,user_37@example.com,dept_7,19
338,Name_38,user_38@example.com,dept_8,79
339,Name_39,user_39@example.com,dept_9,72
340,Name_40,user_40@example.com,dept_0,82
341,Name_41,user_41@example.com,dept_1,9
342,Name_42,user_42@example.com,dept_2,13
343,Name_43,user_43@example.com,dept_3,84
344,Name_44,user_44@example.com,dept_4,74
345,Name_45,user_45@example.com,dept_5,65
346,Name_46,user_46@example.com,dept_6,95
347,Name_47,user_47@example.com,dept_7,50
348,Name_48,user_48@example.com,dept_8,30
349,Name_49,user_49@example.com,dept_9,94
350,Name_50,user_0@example.com,dept_0,25
351,Name_51,user_1@example.com,dept_1,86
352,Name_52,user_2@example.com,dept_2,91
353,Name_53,user_3@example.com,dept_3,53
354,Name_54,user_4@example.com,dept_4,94
355,Name_55,user_5@example.com,dept_5,92
356,Name_56,user_6@example.com,dept_6,86
357,Name_57,user_7@example.com,dept_7,1
358,Name_58,user_8@example.com,dept_8,74
359,Name_59,user_9@example.com,dept_9,79
360,Name_60,user_10@example.com,dept_0,20
361,Name_61,user_11@example.com,dept_1,18
362,Name_62,user_12@example.com,dept_2,52
363,Name_63,user_13@example.com,dept_3,40
364,Name_64,user_14@example.com,dept_4,2
365,Name_65,user_15@example.com,dept_5,94
366,Name_66,user_16@example.com,dept_6,11
367,Name_67,user_17@example.com,dept_7,18
368,Name_68,user_18@example.com,dept_8,85
369,Name_69,user_19@example.com,dept_9,22
370,Name_70,user_20@example.com,dept_0,99
371,Name_71,user_21@example.com,dept_1,71
372,Name_72,user_22@example.com,dept_2,39
373,Name_73,user_23@example.com,dept_3,10
374,Name_74,user_24@example.com,dept_4,84
375,Name_75,user_25@example.com,dept_5,24
376,Name_76,user_26@example.com,dept_6,97
377,Name_77,user_27@example.com,dept_7,13
378,Name_78,user_28@example.com,dept_8,68
379,Name_79,user_29@example.com,dept_9,19
380,Name_80,user_30@example.com,dept_0,11
381,Name_81,user_31@example.com,dept_1,52
382,Name_82,user_32@example.com,dept_2,2
383,Name_83,user_33@example.com,dept_3,22
384,Name_84,user_34@example.com,dept_4,72
385,Name_85,user_35@example.com,dept_5,7
386,Name_86,user_36@example.com,dept_6,61
387,Name_87,user_37@example.com,dept_7,23
388,Name_88,user_38@example.com,dept_8,87
389,Name_89,user_39@example.com,dept_9,24
390,Name_90,user_40@example.com,dept_0,92
391,Name_91,user_41@example.com,dept_1,14
392,Name_92,user_42@example.com,dept_2,9
393,Name_93,user_43@example.com,dept_3,99
394,Name_94,user_44@example.com,dept_4,78
395,Name_95,user_45@example.com,dept_5,70
396,Name_96,user_46@example.com,dept_6,30
397,Name_97,user_47@example.com,dept_7,47
398,Name_98,user_48@example.com,dept_8,50
399,Name_99,user_49@example.com,dept_9,69
400,Name_0,user_0@example.com,dept_0,65
401,Name_1,user_1@example.com,dept_1,8
402,Name_2,user_2@example.com,dept_2,14
403,Name_3,user_3@example.com,dept_3,85
404,Name_4,user_4@example.com,dept_4,93
405,Name_5,user_5@example.com,dept_5,72
406,Name_6,user_6@example.com,dept_6,20
407,Name_7,user_7@example.com,dept_7,11
408,Name_8,user_8@example.com,dept_8,39
409,Name_9,user_9@example.com,dept_9,60
410,Name_10,user_10@example.com,dept_0,63
411,Name_11,user_11@example.com,dept_1,20
412,Name_12,user_12@example.com,dept_2,29
413,Name_13,user_13@example.com,dept_3,54
414,Name_14,user_14@example.com,dept_4,77
415,Name_15,user_15@example.com,dept_5,21
416,Name_16,user_16@example.com,dept_6,79
417,Name_17,user_17@example.com,dept_7,88
418,Name_18,user_18@example.com,dept_8,5
419,Name_19,user_19@example.com,dept_9,60
420,Name_20,user_20@example.com,dept_0,90
421,Name_21,user_21@example.com,dept_1,70
422,Name_22,user_22@example.com,dept_2,10
423,Name_23,user_23@example.com,dept_3,76
424,Name_24,user_24@example.com,dept_4,28
425,Name_25,user_25@example.com,dept_5,24
426,Name_26,user_26@example.com,dept_6,16
427,Name_27,user_27@example.com,dept_7,43
428,Name_28,user_28@example.com,dept_8,51
429,Name_29,user_29@example.com,dept_9,89
430,Name_30,user_30@example.com,dept_0,90
431,Name_31,user_31@example.com,dept_1,3
432,Name_32,user_32@example.com,dept_2,5
433,Name_33,user_33@example.com,dept_3,5
434,Name_34,user_34@example.com,dept_4,31
435,Name_35,user_35@example.com,dept_5,62
436,Name_36,user_36@example.com,dept_6,22
437,Name_37,user_37@example.com,dept_7,22
438,Name_38,user_38@example.com,dept_8,26
439,Name_39,user_39@example.com,dept_9,16
440,Name_40,user_40@example.com,dept_0,60
441,Name_41,user_41@example.com,dept_1,20
442,Name_42,user_42@example.com,dept_2,68
443,Name_43,user_43@example.com,dept_3,14
444,Name_44,user_44@example.com,dept_4,62
445,Name_45,user_45@example.com,dept_5,44
446,Name_46,user_46@example.com,dept_6,82
447,Name_47,user_47@example.com,dept_7,7
448,Name_48,user_48@example.com,dept_8,32
449,Name_49,user_49@example.com,dept_9,79
450,Name_50,user_0@example.com,dept_0,97
451,Name_51,user_1@example.com,dept_1,23
452,Name_52,user_2@example.com,dept_2,79
453,Name_53,user_3@example.com,dept_3,83
454,Name_54,user_4@example.com,dept_4,57
455,Name_55,user_5@example.com,dept_5,67
456,Name_56,user_6@example.com,dept_6,43
457,Name_57,user_7@example.com,dept_7,36
458,Name_58,user_8@example.com,dept_8,24
459,Name_59,user_9@example.com,dept_9,44
460,Name_60,user_10@example.com,dept_0,81
461,Name_61,user_11@example.com,dept_1,7
462,Name_62,user_12@example.com,dept_2,26
463,Name_63,user_13@example.com,dept_3,42
464,Name_64,user_14@example.com,dept_4,22
465,Name_65,user_15@example.com,dept_5,22
466,Name_66,user_16@example.com,dept_6,5
467,Name_67,user_17@example.com,dept_7,44
468,Name_68,user_18@example.com,dept_8,95
469,Name_69,user_19@example.com,dept_9,2
470,Name_70,user_20@example.com,dept_0,54
471,Name_71,user_21@example.com,dept_1,18
472,Name_72,user_22@example.com,dept_2,57
473,Name_73,user_23@example.com,dept_3,95
474,Name_74,user_24@example.com,dept_4,45
475,Name_75,user_25@example.com,dept_5,48
476,Name_76,user_26@example.com,dept_6,8
477,Name_77,user_27@example.com,dept_7,97
478,Name_78,user_28@example.com,dept_8,23
479,Name_79,user_29@example.com,dept_9,18
480,Name_80,user_30@example.com,dept_0,56
481,Name_81,user_31@example.com,dept_1,85
482,Name_82,user_32@example.com,dept_2,50
483,Name_83,user_33@example.com,dept_3,61
484,Name_84,user_34@example.com,dept_4,7
485,Name_85,user_35@example.com,dept_5,85
486,Name_86,user_36@example.com,dept_6,18
487,Name_87,user_37@example.com,dept_7,49
488,Name_88,user_38@example.com,dept_8,29
489,Name_89,user_39@example.com,dept_9,64
490,Name_90,user_40@example.com,dept_0,71
491,Name_91,user_41@example.com,dept_1,24
492,Name_92,user_42@example.com,dept_2,44
493,Name_93,user_43@example.com,dept_3,87
494,Name_94,user_44@example.com,dept_4,38
495,Name_95,user_45@example.com,dept_5,94
496,Name_96,user_46@example.com,dept_6,24
497,Name_97,user_47@example.com,dept_7,68
498,Name_98,user_48@example.com,dept_8,27
499,Name_99,user_49@example.com,dept_9,59
500,Name_0,user_0@example.com,dept_0,100
501,Name_1,user_1@example.com,dept_1,50
502,Name_2,user_2@example.com,dept_2,21
503,Name_3,user_3@example.com,dept_3,47
504,Name_4,user_4@example.com,dept_4,87
505,Name_5,user_5@example.com,dept_5,28
506,Name_6,user_6@example.com,dept_6,85
507,Name_7,user_7@example.com,dept_7,76
508,Name_8,user_8@example.com,dept_8,32
509,Name_9,user_9@example.com,dept_9,47
510,Name_10,user_10@example.com,dept_0,9
511,Name_11,user_11@example.com,dept_1,43
512,Name_12,user_12@example.com,dept_2,13
513,Name_13,user_13@example.com,dept_3,23
514,Name_14,user_14@example.com,dept_4,80
515,Name_15,user_15@example.com,dept_5,30
516,Name_16,user_16@example.com,dept_6,47
517,Name_17,user_17@example.com,dept_7,7
518,Name_18,user_18@example.com,dept_8,99
519,Name_19,user_19@example.com,dept_9,23
520,Name_20,user_20@example.com,dept_0,63
521,Name_21,user_21@example.com,dept_1,8
522,Name_22,user_22@example.com,dept_2,10
523,Name_23,user_23@example.com,dept_3,51
524,Name_24,user_24@example.com,dept_4,93
525,Name_25,user_25@example.com,dept_5,35
526,Name_26,user_26@example.com,dept_6,97
527,Name_27,user_27@example.com,dept_7,47
528,Name_28,user_28@example.com,dept_8,9
529,Name_29,user_29@example.com,dept_9,56
530,Name_30,user_30@example.com,dept_0,29
531,Name_31,user_31@example.com,dept_1,69
532,Name_32,user_32@example.com,dept_2,81
533,Name_33,user_33@example.com,dept_3,75
534,Name_34,user_34@example.com,dept_4,71
535,Name_35,user_35@example.com,dept_5,9
536,Name_36,user_36@example.com,dept_6,91
537,Name_37,user_37@example.com,dept_7,36
538,Name_38,user_38@example.com,dept_8,76
539,Name_39,user_39@example.com,dept_9,15
540,Name_40,user_40@example.com,dept_0,37
541,Name_41,user_41@example.com,dept_1,73
542,Name_42,user_42@example.com,dept_2,2
543,Name_43,user_43@example.com,dept_3,56
544,Name_44,user_44@example.com,dept_4,45
545,Name_45,user_45@example.com,dept_5,91
546,Name_46,user_46@example.com,dept_6,41
547,Name_47,user_47@example.com,dept_7,80
548,Name_48,user_48@example.com,dept_8,86
549,Name_49,user_49@example.com,dept_9,18
550,Name_50,user_0@example.com,dept_0,36
551,Name_51,user_1@example.com,dept_1,72
552,Name_52,user_2@example.com,dept_2,88
553,Name_53,user_3@example.com,dept_3,11
554,Name_54,user_4@example.com,dept_4,94
555,Name_55,user_5@example.com,dept_5,48
556,Name_56,user_6@example.com,dept_6,68
557,Name_57,user_7@example.com,dept_7,2
558,Name_58,user_8@example.com,dept_8,18
559,Name_59,user_9@example.com,dept_9,66
560,Name_60,user_10@example.com,dept_0,22
561,Name_61,user_11@example.com,dept_1,96
562,Name_62,user_12@example.com,dept_2,35
563,Name_63,user_13@example.com,dept_3,60
564,Name_64,user_14@example.com,dept_4,93
565,Name_65,user_15@example.com,dept_5,98
566,Name_66,user_16@example.com,dept_6,31
567,Name_67,user_17@example.com,dept_7,46
568,Name_68,user_18@example.com,dept_8,6
569,Name_69,user_19@example.com,dept_9,1
570,Name_70,user_20@example.com,dept_0,96
571,Name_71,user_21@example.com,dept_1,54
572,Name_72,user_22@example.com,dept_2,1
573,Name_73,user_23@example.com,dept_3,70
574,Name_74,user_24@example.com,dept_4,30
575,Name_75,user_25@example.com,dept_5,27
576,Name_76,user_26@example.com,dept_6,17
577,Name_77,user_27@example.com,dept_7,87
578,Name_78,user_28@example.com,dept_8,34
579,Name_79,user_29@example.com,dept_9,98
580,Name_80,user_30@example.com,dept_0,85
581,Name_81,user_31@example.com,dept_1,1
582,Name_82,user_32@example.com,dept_2,40
583,Name_83,user_33@example.com,dept_3,6
584,Name_84,user_34@example.com,dept_4,1
585,Name_85,user_35@example.com,dept_5,63
586,Name_86,user_36@example.com,dept_6,90
587,Name_87,user_37@example.com,dept_7,53
588,Name_88,user_38@example.com,dept_8,5
589,Name_89,user_39@example.com,dept_9,47
590,Name_90,user_40@example.com,dept_0,17
591,Name_91,user_41@example.com,dept_1,47
592,Name_92,user_42@example.com,dept_2,15
593,Name_93,user_43@example.com,dept_3,79
594,Name_94,user_44@example.com,dept_4,3
595,Name_95,user_45@example.com,dept_5,48
596,Name_96,user_46@example.com,dept_6,69
597,Name_97,user_47@example.com,dept_7,9
598,Name_98,user_48@example.com,dept_8,31
599,Name_99,user_49@example.com,dept_9,11
600,Name_0,user_0@example.com,dept_0,90
601,Name_1,user_1@example.com,dept_1,92
602,Name_2,user_2@example.com,dept_2,25
603,Name_3,user_3@example.com,dept_3,9
604,Name_4,user_4@example.com,dept_4,83
605,Name_5,user_5@example.com,dept_5,26
606,Name_6,user_6@example.com,dept_6,21
607,Name_7,user_7@example.com,dept_7,82
608,Name_8,user_8@example.com,dept_8,31
609,Name_9,user_9@example.com,dept_9,78
610,Name_10,user_10@example.com,dept_0,43
611,Name_11,user_11@example.com,dept_1,50
612,Name_12,user_12@example.com,dept_2,85
613,Name_13,user_13@example.com,dept_3,36
614,Name_14,user_14@example.com,dept_4,65
615,Name_15,user_15@example.com,dept_5,77
616,Name_16,user_16@example.com,dept_6,70
617,Name_17,user_17@example.com,dept_7,11
618,Name_18,user_18@example.com,dept_8,66
619,Name_19,user_19@example.com,dept_9,91
620,Name_20,user_20@example.com,dept_0,79
621,Name_21,user_21@example.com,dept_1,74
622,Name_22,user_22@example.com,dept_2,23
623,Name_23,user_23@example.com,dept_3,57
624,Name_24,user_24@example.com,dept_4,27
625,Name_25,user_25@example.com,dept_5,85
626,Name_26,user_26@example.com,dept_6,61
627,Name_27,user_27@example.com,dept_7,15
628,Name_28,user_28@example.com,dept_8,39
629,Name_29,user_29@example.com,dept_9,65
630,Name_30,user_30@example.com,dept_0,96
631,Name_31,user_31@example.com,dept_1,59
632,Name_32,user_32@example.com,dept_2,29
633,Name_33,user_33@example.com,dept_3,68
634,Name_34,user_34@example.com,dept_4,43
635,Name_35,user_35@example.com,dept_5,34
636,Name_36,user_36@example.com,dept_6,52
637,Name_37,user_37@example.com,dept_7,78
638,Name_38,user_38@example.com,dept_8,91
639,Name_39,user_39@example.com,dept_9,10
640,Name_40,user_40@example.com,dept_0,39
641,Name_41,user_41@example.com,dept_1,99
642,Name_42,user_42@example.com,dept_2,12
643,Name_43,user_43@example.com,dept_3,15
644,Name_44,user_44@example.com,dept_4,100
645,Name_45,user_45@example.com,dept_5,8
646,Name_46,user_46@example.com,dept_6,88
647,Name_47,user_47@example.com,dept_7,12
648,Name_48,user_48@example.com,dept_8,39
649,Name_49,user_49@example.com,dept_9,50
650,Name_50,user_0@example.com,dept_0,35
651,Name_51,user_1@example.com,dept_1,35
652,Name_52,user_2@example.com,dept_2,98
653,Name_53,user_3@example.com,dept_3,35
654,Name_54,user_4@example.com,dept_4,16
655,Name_55,user_5@example.com,dept_5,100
656,Name_56,user_6@example.com,dept_6,77
657,Name_57,user_7@example.com,dept_7,56
658,Name_58,user_8@example.com,dept_8,20
659,Name_59,user_9@example.com,dept_9,61
660,Name_60,user_10@example.com,dept_0,79
661,Name_61,user_11@example.com,dept_1,88
662,Name_62,user_12@example.com,dept_2,45
663,Name_63,user_13@example.com,dept_3,69
664,Name_64,user_14@example.com,dept_4,4
665,Name_65,user_15@example.com,dept_5,95
666,Name_66,user_16@example.com,dept_6,100
667,Name_67,user_17@example.com,dept_7,14
668,Name_68,user_18@example.com,dept_8,37
669,Name_69,user_19@example.com,dept_9,18
670,Name_70,user_20@example.com,dept_0,71
671,Name_71,user_21@example.com,dept_1,2
672,Name_72,user_22@example.com,dept_2,37
673,Name_73,user_23@example.com,dept_3,17
674,Name_74,user_24@example.com,dept_4,58
675,Name_75,user_25@example.com,dept_5,6
676,Name_76,user_26@example.com,dept_6,85
677,Name_77,user_27@example.com,dept_7,66
678,Name_78,user_28@example.com,dept_8,54
679,Name_79,user_29@example.com,dept_9,13
680,Name_80,user_30@example.com,dept_0,11
681,Name_81,user_31@example.com,dept_1,76
682,Name_82,user_32@example.com,dept_2,17
683,Name_83,user_33@example.com,dept_3,65
684,Name_84,user_34@example.com,dept_4,47
685,Name_85,user_35@example.com,dept_5,51
686,Name_86,user_36@example.com,dept_6,74
687,Name_87,user_37@example.com,dept_7,6
688,Name_88,user_38@example.com,dept_8,65
689,Name_89,user_39@example.com,dept_9,95
690,Name_90,user_40@example.com,dept_0,76
691,Name_91,user_41@example.com,dept_1,97
692,Name_92,user_42@example.com,dept_2,71
693,Name_93,user_43@example.com,dept_3,77
694,Name_94,user_44@example.com,dept_4,25
695,Name_95,user_45@example.com,dept_5,94
696,Name_96,user_46@example.com,dept_6,11
697,Name_97,user_47@example.com,dept_7,44
698,Name_98,user_48@example.com,dept_8,62
699,Name_99,user_49@example.com,dept_9,4
700,Name_0,user_0@example.com,dept_0,51
701,Name_1,user_1@example.com,dept_1,44
702,Name_2,user_2@example.com,dept_2,13
703,Name_3,user_3@example.com,dept_3,62
704,Name_4,user_4@example.com,dept_4,29
705,Name_5,user_5@example.com,dept_5,14
706,Name_6,user_6@example.com,dept_6,72
707,Name_7,user_7@example.com,dept_7,66
708,Name_8,user_8@example.com,dept_8,7
709,Name_9,user_9@example.com,dept_9,45
710,Name_10,user_10@example.com,dept_0,45
711,Name_11,user_11@example.com,dept_1,28
712,Name_12,user_12@example.com,dept_2,52
713,Name_13,user_13@example.com,dept_3,94
714,Name_14,user_14@example.com,dept_4,22
715,Name_15,user_15@example.com,dept_5,96
716,Name_16,user_16@example.com,dept_6,47
717,Name_17,user_17@example.com,dept_7,47
718,Name_18,user_18@example.com,dept_8,13
719,Name_19,user_19@example.com,dept_9,53
720,Name_20,user_20@example.com,dept_0,97
721,Name_21,user_21@example.com,dept_1,74
722,Name_22,user_22@example.com,dept_2,29
723,Name_23,user_23@example.com,dept_3,49
724,Name_24,user_24@example.com,dept_4,50
725,Name_25,user_25@example.com,dept_5,44
726,Name_26,user_26@example.com,dept_6,57
727,Name_27,user_27@example.com,dept_7,56
728,Name_28,user_28@example.com,dept_8,56
729,Name_29,user_29@example.com,dept_9,6
730,Name_30,user_30@example.com,dept_0,19
731,Name_31,user_31@example.com,dept_1,65
732,Name_32,user_32@example.com,dept_2,43
733,Name_33,user_33@example.com,dept_3,11
734,Name_34,user_34@example.com,dept_4,33
735,Name_35,user_35@example.com,dept_5,18
736,Name_36,user_36@example.com,dept_6,36
737,Name_37,user_37@example.com,dept_7,1
738,Name_38,user_38@example.com,dept_8,37
739,Name_39,user_39@example.com,dept_9,77
740,Name_40,user_40@example.com,dept_0,22
741,Name_41,user_41@example.com,dept_1,49
742,Name_42,user_42@example.com,dept_2,79
743,Name_43,user_43@example.com,dept_3,65
744,Name_44,user_44@example.com,dept_4,57
745,Name_45,user_45@example.com,dept_5,46
746,Name_46,user_46@example.com,dept_6,70
747,Name_47,user_47@example.com,dept_7,56
748,Name_48,user_48@example.com,dept_8,5
749,Name_49,user_49@example.com,dept_9,67
750,Name_50,user_0@example.com,dept_0,79
751,Name_51,user_1@example.com,dept_1,48
752,Name_52,user_2@example.com,dept_2,99
753,Name_53,user_3@example.com,dept_3,38
754,Name_54,user_4@example.com,dept_4,73
755,Name_55,user_5@example.com,dept_5,22
756,Name_56,user_6@example.com,dept_6,18
757,Name_57,user_7@example.com,dept_7,16
758,Name_58,user_8@example.com,dept_8,50
759,Name_59,user_9@example.com,dept_9,20
760,Name_60,user_10@example.com,dept_0,90
761,Name_61,user_11@example.com,dept_1,54
762,Name_62,user_12@example.com,dept_2,45
763,Name_63,user_13@example.com,dept_3,89
764,Name_64,user_14@example.com,dept_4,89
765,Name_65,user_15@example.com,dept_5,96
766,Name_66,user_16@example.com,dept_6,40
767,Name_67,user_17@example.com,dept_7,47
768,Name_68,user_18@example.com,dept_8,12
769,Name_69,user_19@example.com,dept_9,57
770,Name_70,user_20@example.com,dept_0,89
771,Name_71,user_21@example.com,dept_1,65
772,Name_72,user_22@example.com,dept_2,99
773,Name_73,user_23@example.com,dept_3,52
774,Name_74,user_24@example.com,dept_4,58
775,Name_75,user_25@example.com,dept_5,48
776,Name_76,user_26@example.com,dept_6,87
777,Name_77,user_27@example.com,dept_7,39
778,Name_78,user_28@example.com,dept_8,70
779,Name_79,user_29@example.com,dept_9,17
780,Name_80,user_30@example.com,dept_0,42
781,Name_81,user_31@example.com,dept_1,48
782,Name_82,user_32@example.com,dept_2,15
783,Name_83,user_33@example.com,dept_3,26
784,Name_84,user_34@example.com,dept_4,86
785,Name_85,user_35@example.com,dept_5,30
786,Name_86,user_36@example.com,dept_6,7
787,Name_87,user_37@example.com,dept_7,27
788,Name_88,user_38@example.com,dept_8,56
789,Name_89,user_39@example.com,dept_9,95
790,Name_90,user_40@example.com,dept_0,44
791,Name_91,user_41@example.com,dept_1,33
792,Name_92,user_42@example.com,dept_2,45
793,Name_93,user_43@example.com,dept_3,18
794,Name_94,user_44@example.com,dept_4,33
795,Name_95,user_45@example.com,dept_5,80
796,Name_96,user_46@example.com,dept_6,39
797,Name_97,user_47@example.com,dept_7,17
798,Name_98,user_48@example.com,dept_8,34
799,Name_99,user_49@example.com,dept_9,1
800,Name_0,user_0@example.com,dept_0,32
801,Name_1,user_1@example.com,dept_1,53
802,Name_2,user_2@example.com,dept_2,90
803,Name_3,user_3@example.com,dept_3,85
804,Name_4,user_4@example.com,dept_4,8
805,Name_5,user_5@example.com,dept_5,5
806,Name_6,user_6@example.com,dept_6,51
807,Name_7,user_7@example.com,dept_7,82
808,Name_8,user_8@example.com,dept_8,7
809,Name_9,user_9@example.com,dept_9,27
810,Name_10,user_10@example.com,dept_0,87
811,Name_11,user_11@example.com,dept_1,74
812,Name_12,user_12@example.com,dept_2,71
813,Name_13,user_13@example.com,dept_3,82
814,Name_14,user_14@example.com,dept_4,65
815,Name_15,user_15@example.com,dept_5,92
816,Name_16,user_16@example.com,dept_6,8
817,Name_17,user_17@example.com,dept_7,82
818,Name_18,user_18@example.com,dept_8,10
819,Name_19,user_19@example.com,dept_9,67
820,Name_20,user_20@example.com,dept_0,40
821,Name_21,user_21@example.com,dept_1,9
822,Name_22,user_22@example.com,dept_2,34
823,Name_23,user_23@example.com,dept_3,74
824,Name_24,user_24@example.com,dept_4,92
825,Name_25,user_25@example.com,dept_5,5
826,Name_26,user_26@example.com,dept_6,72
827,Name_27,user_27@example.com,dept_7,52
828,Name_28,user_28@example.com,dept_8,78
829,Name_29,user_29@example.com,dept_9,50
830,Name_30,user_30@example.com,dept_0,65
831,Name_31,user_31@example.com,dept_1,17
832,Name_32,user_32@example.com,dept_2,90
833,Name_33,user_33@example.com,dept_3,27
834,Name_34,user_34@example.com,dept_4,63
835,Name_35,user_35@example.com,dept_5,46
836,Name_36,user_36@example.com,dept_6,1
837,Name_37,user_37@example.com,dept_7,34
838,Name_38,user_38@example.com,dept_8,97
839,Name_39,user_39@example.com,dept_9,37
840,Name_40,user_40@example.com,dept_0,91
841,Name_41,user_41@example.com,dept_1,82
842,Name_42,user_42@example.com,dept_2,60
843,Name_43,user_43@example.com,dept_3,40
844,Name_44,user_44@example.com,dept_4,18
845,Name_45,user_45@example.com,dept_5,64
846,Name_46,user_46@example.com,dept_6,3
847,Name_47,user_47@example.com,dept_7,35
848,Name_48,user_48@example.com,dept_8,93
849,Name_49,user_49@example.com,dept_9,46
850,Name_50,user_0@example.com,dept_0,87
851,Name_51,user_1@example.com,dept_1,91
852,Name_52,user_2@example.com,dept_2,68
853,Name_53,user_3@example.com,dept_3,18
854,Name_54,user_4@example.com,dept_4,80
855,Name_55,user_5@example.com,dept_5,98
856,Name_56,user_6@example.com,dept_6,53
857,Name_57,user_7@example.com,dept_7,55
858,Name_58,user_8@example.com,dept_8,84
859,Name_59,user_9@example.com,dept_9,99
860,Name_60,user_10@example.com,dept_0,18
861,Name_61,user_11@example.com,dept_1,14
862,Name_62,user_12@example.com,dept_2,19
863,Name_63,user_13@example.com,dept_3,61
864,Name_64,user_14@example.com,dept_4,59
865,Name_65,user_15@example.com,dept_5,98
866,Name_66,user_16@example.com,dept_6,42
867,Name_67,user_17@example.com,dept_7,43
868,Name_68,user_18@example.com,dept_8,58
869,Name_69,user_19@example.com,dept_9,97
870,Name_70,user_20@example.com,dept_0,30
871,Name_71,user_21@example.com,dept_1,23
872,Name_72,user_22@example.com,dept_2,81
873,Name_73,user_23@example.com,dept_3,73
874,Name_74,user_24@example.com,dept_4,78
875,Name_75,user_25@example.com,dept_5,84
876,Name_76,user_26@example.com,dept_6,84
877,Name_77,user_27@example.com,dept_7,71
878,Name_78,user_28@example.com,dept_8,46
879,Name_79,user_29@example.com,dept_9,98
880,Name_80,user_30@example.com,dept_0,54
881,Name_81,user_31@example.com,dept_1,20
882,Name_82,user_32@example.com,dept_2,88
883,Name_83,user_33@example.com,dept_3,76
884,Name_84,user_34@example.com,dept_4,86
885,Name_85,user_35@example.com,dept_5,8
886,Name_86,user_36@example.com,dept_6,59
887,Name_87,user_37@example.com,dept_7,74
888,Name_88,user_38@example.com,dept_8,16
889,Name_89,user_39@example.com,dept_9,34
890,Name_90,user_40@example.com,dept_0,96
891,Name_91,user_41@example.com,dept_1,89
892,Name_92,user_42@example.com,dept_2,2
893,Name_93,user_43@example.com,dept_3,81
894,Name_94,user_44@example.com,dept_4,1
895,Name_95,user_45@example.com,dept_5,24
896,Name_96,user_46@example.com,dept_6,66
897,Name_97,user_47@example.com,dept_7,47
898,Name_98,user_48@example.com,dept_8,22
899,Name_99,user_49@example.com,dept_9,19
900,Name_0,user_0@example.com,dept_0,11
901,Name_1,user_1@example.com,dept_1,22
902,Name_2,user_2@example.com,dept_2,23
903,Name_3,user_3@example.com,dept_3,98
904,Name_4,user_4@example.com,dept_4,11
905,Name_5,user_5@example.com,dept_5,46
906,Name_6,user_6@example.com,dept_6,91
907,Name_7,user_7@example.com,dept_7,85
908,Name_8,user_8@example.com,dept_8,37
909,Name_9,user_9@example.com,dept_9,66
910,Name_10,user_10@example.com,dept_0,13
911,Name_11,user_11@example.com,dept_1,19
912,Name_12,user_12@example.com,dept_2,26
913,Name_13,user_13@example.com,dept_3,61
914,Name_14,user_14@example.com,dept_4,84
915,Name_15,user_15@example.com,dept_5,70
916,Name_16,user_16@example.com,dept_6,68
917,Name_17,user_17@example.com,dept_7,62
918,Name_18,user_18@example.com,dept_8,32
919,Name_19,user_19@example.com,dept_9,60
920,Name_20,user_20@example.com,dept_0,28
921,Name_21,user_21@example.com,dept_1,95
922,Name_22,user_22@example.com,dept_2,25
923,Name_23,user_23@example.com,dept_3,75
924,Name_24,user_24@example.com,dept_4,3
925,Name_25,user_25@example.com,dept_5,66
926,Name_26,user_26@example.com,dept_6,94
927,Name_27,user_27@example.com,dept_7,89
928,Name_28,user_28@example.com,dept_8,51
929,Name_29,user_29@example.com,dept_9,81
930,Name_30,user_30@example.com,dept_0,96
931,Name_31,user_31@example.com,dept_1,60
932,Name_32,user_32@example.com,dept_2,20
933,Name_33,user_33@example.com,dept_3,13
934,Name_34,user_34@example.com,dept_4,78
935,Name_35,user_35@example.com,dept_5,77
936,Name_36,user_36@example.com,dept_6,47
937,Name_37,user_37@example.com,dept_7,75
938,Name_38,user_38@example.com,dept_8,100
939,Name_39,user_39@example.com,dept_9,38
940,Name_40,user_40@example.com,dept_0,88
941,Name_41,user_41@example.com,dept_1,74
942,Name_42,user_42@example.com,dept_2,29
943,Name_43,user_43@example.com,dept_3,24
944,Name_44,user_44@example.com,dept_4,41
945,Name_45,user_45@example.com,dept_5,51
946,Name_46,user_46@example.com,dept_6,22
947,Name_47,user_47@example.com,dept_7,46
948,Name_48,user_48@example.com,dept_8,26
949,Name_49,user_49@example.com,dept_9,34
950,Name_50,user_0@example.com,dept_0,57
951,Name_51,user_1@example.com,dept_1,44
952,Name_52,user_2@example.com,dept_2,20
953,Name_53,user_3@example.com,dept_3,54
954,Name_54,user_4@example.com,dept_4,88
955,Name_55,user_5@example.com,dept_5,8
956,Name_56,user_6@example.com,dept_6,19
957,Name_57,user_7@example.com,dept_7,57
958,Name_58,user_8@example.com,dept_8,17
959,Name_59,user_9@example.com,dept_9,54
960,Name_60,user_10@example.com,dept_0,26
961,Name_61,user_11@example.com,dept_1,85
962,Name_62,user_12@example.com,dept_2,87
963,Name_63,user_13@example.com,dept_3,93
964,Name_64,user_14@example.com,dept_4,21
965,Name_65,user_15@example.com,dept_5,37
966,Name_66,user_16@example.com,dept_6,35
967,Name_67,user_17@example.com,dept_7,72
968,Name_68,user_18@example.com,dept_8,8
969,Name_69,user_19@example.com,dept_9,14
970,Name_70,user_20@example.com,dept_0,63
971,Name_71,user_21@example.com,dept_1,3
972,Name_72,user_22@example.com,dept_2,57
973,Name_73,user_23@example.com,dept_3,53
974,Name_74,user_24@example.com,dept_4,89
975,Name_75,user_25@example.com,dept_5,31
976,Name_76,user_26@example.com,dept_6,68
977,Name_77,user_27@example.com,dept_7,4
978,Name_78,user_28@example.com,dept_8,57
979,Name_79,user_29@example.com,dept_9,40
980,Name_80,user_30@example.com,dept_0,31
981,Name_81,user_31@example.com,dept_1,53
982,Name_82,user_32@example.com,dept_2,51
983,Name_83,user_33@example.com,dept_3,14
984,Name_84,user_34@example.com,dept_4,19
985,Name_85,user_35@example.com,dept_5,83
986,Name_86,user_36@example.com,dept_6,27
987,Name_87,user_37@example.com,dept_7,58
988,Name_88,user_38@example.com,dept_8,12
989,Name_89,user_39@example.com,dept_9,63
990,Name_90,user_40@example.com,dept_0,31
991,Name_91,user_41@example.com,dept_1,25
992,Name_92,user_42@example.com,dept_2,18
993,Name_93,user_43@example.com,dept_3,51
994,Name_94,user_44@example.com,dept_4,81
995,Name_95,user_45@example.com,dept_5,1
996,Name_96,user_46@example.com,dept_6,17
997,Name_97,user_47@example.com,dept_7,76
998,Name_98,user_48@example.com,dept_8,10
999,Name_99,user_49@example.com,dept_9,40
